,index,Year,SegDir,Segment,Direction,Period,Hours/Day,Peak,4Periods,Length,Speed GP,Capacity GP,Alpha GP,Beta GP,Speed ML,Capacity ML,Alpha ML,Beta ML,MinToll,MinCapture,AADT Lights,AADT MediumA,AADT MediumB,AADT HeavyA,AADT HeavyB,GrowthFactor,GrowthFactor_medium,GrowthFactor_heavy,MaxToll,Soft Cap,MaxCapture,MaxCap_aux,Min Speed,B1,B2,TotalLights,TotalMediumA,TotalMediumB,TotalHeavyA,TotalHeavyB,TotalVeh,Corridor PCE pre-fix,Suppressed ratio ref,Max VC,Suppressed ratio,Corridor PCE,Suppressed Demand,PCE ratio,HOV3,InScopeLights,InScopeMediumA,InScopeMediumB,InScopeHeavyA,InScopeHeavyB,InScopeVeh,TollLights,TollMediumA,TollMediumB,CaptureRateLights,CaptureRateMediumA,VOT Lights,VOT MediumA,Speed GP Real,Speed ML Real,Bounus Seg,Time ML,Time GP,Time Savings,BonusRel,MLVeh_Lights,GPVeh_Lights,MLVeh_MediumA,GPVeh_MediumA,MLVeh,GPVeh,GPVehDay,ML PCE,ML V/C,ML Volume,ML PCE Total,GP PCE,GP Volume,GP PCE Total,Highway PCE,Highway Volume,Highway PCE Total,Highway V/C,TollLightsPerSeg,TollMediumAPerSeg,TollBlend,RevenuePerHour,RevenuePerHourLights,RevenuePerHourMediumA,RevenuePerDay,RevenuePerDayLights,RevenuePerDayMediumA,TransactionsDay_Lights,TransactionsDay_MediumA,TransactionsDay,TransactionsLightsLength,TransactionsMediumALength,TotalVeh_hours,Difference in Travel Time,Implied Min VOT
0,0,2025,1NB,1,NB,Night,8,OP,NT,3.0,70,12000,1.6,6.5,75,1800,1,4,0.05,0.01,2238.0,0.0,277.0,0.0,0.0,1.0,1.0,1.0,3.66,1.83,0.13729977116704806,0.13729977116704806,30,4.103,0.708,2258.704789728038,0.0,279.5626571736669,0.0,0.0,2538.267446901705,3097.392761249039,1.0,1.2,0.19855081802878455,3097.392761249039,0.0,1.0,45.17409579456076,2102.8541592368033,0.0,265.5845243149835,0.0,0.0,2411.3540745566197,0.14481025748096696,0.7240512874048348,,0.1372997625558191,0.13729976325806145,131.16699273196892,655.8349636598446,69.9910928103357,74.91130493360887,0.0,2.4028416026062738,2.5717558159546137,-0.1689142133483399,0.0004483250006781851,288.7213767527297,1924.8093171807477,0.0,0.0,288.7213767527297,2204.3719743544148,17634.975794835318,288.7213767527297,0.16040076486262764,2309.771014021838,6929.313042065513,2763.4972887017484,22107.978309613987,66323.93492884196,3052.218665454478,24417.749323635824,73253.24797090747,0.25435155545453986,0.43443077244290085,2.1721538622145045,0.14481025748096696,125.42945072346618,125.42945072346618,0.0,1003.4356057877294,1003.4356057877294,0.0,2309.771014021838,0.0,2309.771014021838,6929.313042065513,0.0,20306.13957521364,-0.06568050213026946,154.314109096434
1,1,2025,1NB,1,NB,AM-Early,1,OP,AM,3.0,70,12000,1.6,6.5,75,1800,1,4,0.05,0.01,1841.0,0.0,228.0,0.0,0.0,1.0,1.0,1.0,3.66,1.83,0.13729977116704806,0.13729977116704806,30,4.155,0.715,2209.2,0.0,273.59999999999997,0.0,0.0,2482.7999999999997,3030.0,1.0,1.2,0.19423076923076923,3030.0,0.0,1.0,44.184,2056.7651999999994,0.0,259.91999999999996,0.0,0.0,2358.66,0.1538905485453051,0.7694527427265254,,0.13729894122709313,0.13729902910013247,139.22896584244367,696.1448292122184,69.99227855897031,74.91882238192268,0.0,2.4026004984754348,2.5717122474923477,-0.16911174901691295,0.000388636207373674,282.3916843127304,1882.6243156872695,0.0,0.0,282.3916843127304,2156.2243156872696,2156.2243156872696,282.3916843127304,0.15688426906262798,282.3916843127304,847.1750529381911,2703.4243156872694,2703.4243156872694,8110.272947061809,2985.816,2985.816,8957.448,0.24881799999999998,0.4616716456359153,2.3083582281795763,0.1538905485453051,130.37223361055612,130.37223361055612,0.0,130.37223361055612,130.37223361055612,0.0,282.3916843127304,0.0,282.3916843127304,847.1750529381911,0.0,2482.7999999999997,-0.06575842580436914,163.79878334405137
2,2,2025,1NB,1,NB,AM-Peak,2,Peak,AM,3.0,70,12000,1.6,6.5,75,1800,1,4,0.05,0.01,4183.0,0.0,517.0,0.0,0.0,1.0,1.0,1.0,3.66,1.83,0.13729977116704806,0.13729977116704806,30,4.155,0.715,2509.7999999999997,0.0,310.2,0.0,0.0,2819.9999999999995,3440.3999999999996,1.0,1.2,0.22053846153846152,3440.3999999999996,0.0,1.0,50.196,2336.6238,0.0,294.69,0.0,0.0,2678.9999999999995,0.15264542837883205,0.7632271418941603,,0.1372989558861249,0.1372984622488083,139.22833735525725,696.1416867762864,69.98237784494184,74.864873682948,0.0,2.404331846765657,2.5720760789069126,-0.16774423214125544,0.0008870852453277748,320.8160080386695,2138.78799196133,0.0,0.0,320.8160080386695,2448.98799196133,4897.97598392266,320.8160080386695,0.1782311155770386,641.632016077339,1924.8960482320172,3069.38799196133,6138.77598392266,18416.32795176798,3390.2039999999997,6780.407999999999,20341.224,0.28251699999999996,0.45793628513649615,2.289681425682481,0.15264542837883205,146.9132909335486,146.9132909335486,0.0,293.8265818670972,293.8265818670972,0.0,641.632016077339,0.0,641.632016077339,1924.8960482320172,0.0,5639.999999999999,-0.06521744575010542,163.7980439473615
3,3,2025,1NB,1,NB,AM-Shoulder,1,OP,AM,3.0,70,12000,1.6,6.5,75,1800,1,4,0.05,0.01,4812.0,0.0,595.0,0.0,0.0,1.0,1.0,1.0,3.66,1.83,0.13729977116704806,0.13729977116704806,30,4.155,0.715,2887.2,0.0,357.0,0.0,0.0,3244.2,3958.2,1.0,1.2,0.2537307692307692,3958.2,0.0,1.0,57.744,2687.9831999999997,0.0,339.15,0.0,0.0,3081.99,0.15056572325428091,0.7528286162714046,,0.1372883725484431,0.13729213003348995,139.23126650725823,696.1563325362912,69.95617418150435,74.76374114637628,0.0,2.4075841743604935,2.573039508035161,-0.16545533367466758,0.0022069831510281683,369.0288389655562,2460.4271610344435,0.0,0.0,369.0288389655562,2817.4271610344435,2817.4271610344435,369.0288389655562,0.20501602164753122,369.0288389655562,1107.0865168966686,3531.4271610344435,3531.4271610344435,10594.28148310333,3900.4559999999997,3900.4559999999997,11701.367999999999,0.325038,0.45169716976284274,2.258485848814214,0.15056572325428091,166.68928212160958,166.68928212160958,0.0,166.68928212160958,166.68928212160958,0.0,369.0288389655562,0.0,369.0288389655562,1107.0865168966686,0.0,3244.2,-0.06430345634335538,163.80149000853908
4,4,2025,1NB,1,NB,MD,5,OP,MD,3.0,70,12000,1.6,6.5,75,1800,1,4,0.05,0.01,5111.0,0.0,632.0,0.0,0.0,1.0,1.0,1.0,3.66,1.83,0.13729977116704806,0.13729977116704806,30,4.136,0.708,3066.6,0.0,379.2,0.0,0.0,3445.7999999999997,4204.2,1.0,1.2,0.26949999999999996,4204.2,0.0,1.0,61.332,2855.0045999999998,0.0,360.23999999999995,0.0,0.0,3273.5099999999998,0.14545457622642036,0.7272728811321018,,0.13729361208010957,0.1372992560292915,135.5671482670409,677.8357413352045,69.93516661021569,74.69953537781068,0.3160747249460598,2.409653541880912,2.573812414049597,-0.16415887216868486,0.0032658643908047343,391.97389403932834,2613.2941059606715,0.0,0.0,391.97389403932834,2992.4941059606713,14962.470529803357,391.97389403932834,0.2177632744662935,1959.8694701966417,5879.608410589925,3750.8941059606714,18754.47052980336,56263.411589410076,4142.8679999999995,20714.34,62143.020000000004,0.34523899999999996,0.4363637286792611,2.1818186433963054,0.14545457622642036,171.0431899479309,171.0431899479309,0.0,855.2159497396544,855.2159497396544,0.0,1959.8694701966417,0.0,1959.8694701966417,5879.608410589925,0.0,17229.0,-0.06378043375367819,159.49076266710694
5,5,2025,1NB,1,NB,PM-Shoulder,1,OP,PM,3.0,70,12000,1.6,6.5,75,1800,1,4,0.05,0.01,6757.0,0.0,835.0,0.0,0.0,1.0,1.0,1.0,3.66,1.83,0.13729977116704806,0.13729977116704806,30,4.135,0.592,8108.4,0.0,1002.0,0.0,0.0,9110.4,11114.4,1.0,1.2,0.7124615384615385,11114.4,0.0,1.0,162.168,7548.9204,0.0,951.9,0.0,0.0,8654.88,1.5072444610556877,7.5362223052784385,,0.0922241908136805,0.09336560950073802,136.54089269794738,682.704463489737,42.724480236163515,71.31230887421286,1.8783199020855519,2.524108430109876,4.21304130571123,-1.688932875601354,2.249009445967243,696.1930754068853,7250.038924593115,0.0,0.0,696.1930754068853,8252.038924593115,8252.038924593115,696.1930754068853,0.38677393078160294,696.1930754068853,2088.579226220656,10256.038924593115,10256.038924593115,30768.116773779344,10952.232,10952.232,32856.695999999996,0.912686,4.521733383167063,22.608666915835315,1.5072444610556877,3147.9994701970577,3147.9994701970577,0.0,3147.9994701970577,3147.9994701970577,0.0,696.1930754068853,0.0,696.1930754068853,2088.579226220656,0.0,9110.4,-0.40088210702131594,160.63634435052634
6,6,2025,1NB,1,NB,PM-Peak,3,Peak,PM,3.0,70,12000,1.6,6.5,75,1800,1,4,0.05,0.01,6670.0,0.0,824.0,0.0,0.0,1.0,1.0,1.0,3.66,1.83,0.13729977116704806,0.13729977116704806,30,4.135,0.592,8004.0,0.0,988.8,0.0,0.0,8992.8,10970.4,1.0,1.2,0.7032307692307692,10970.4,0.0,1.0,160.08,7451.724,0.0,939.3599999999999,0.0,0.0,8543.159999999998,1.396733313844679,6.983666569223395,,0.09205569153086113,0.09310015403236058,136.6696652354141,683.3483261770706,44.109347358618976,71.50967163591629,2.9025431383138263,2.5171420296327245,4.080767700699792,-1.5636256710670677,2.0677946071015723,685.9736059171146,7157.9463940828855,0.0,0.0,685.9736059171146,8146.746394082886,24440.239182248657,685.9736059171146,0.38109644773173035,2057.9208177513437,6173.762453254031,10124.346394082884,30373.039182248653,91119.11754674595,10810.32,32430.959999999995,97292.87999999999,0.90086,4.190199941534036,20.950999707670185,1.396733313844679,2874.3665634077856,2874.3665634077856,0.0,8623.099690223356,8623.099690223356,0.0,2057.9208177513437,0.0,2057.9208177513437,6173.762453254031,0.0,26978.399999999998,-0.383169488133061,160.78784145342834
7,7,2025,1NB,1,NB,PM-Late,3,OP,PM,3.0,70,12000,1.6,6.5,75,1800,1,4,0.05,0.01,6393.0,0.0,790.0,0.0,0.0,1.0,1.0,1.0,3.66,1.83,0.13729977116704806,0.13729977116704806,30,4.135,0.592,6191.704565799619,0.0,765.1253882342717,0.0,0.0,6956.82995403389,8487.080730502434,1.0,1.2,0.5440436365706688,8487.080730502434,0.0,1.0,123.83409131599238,5764.476950759445,0.0,726.8691188225581,0.0,0.0,6608.988456332196,0.3630706150727934,1.815353075363967,,0.09411902971608868,0.09432869687547808,136.07691063136545,680.3845531568271,63.08470582061346,73.61713590894375,1.4007973179178688,2.4450828978546526,2.8533064814765847,-0.4082235836219321,0.3861727367657785,542.5469774262365,5525.323497057389,0.0,0.0,542.5469774262365,6290.448885291661,18871.346655874982,542.5469774262365,0.3014149874590203,1627.6409322787094,4882.922796836128,7820.699661760204,23462.098985280612,70386.29695584184,8363.24663918644,25089.739917559324,75269.21975267796,0.6969372199322034,1.0892118452183803,5.446059226091901,0.3630706150727934,590.948594400086,590.948594400086,0.0,1772.845783200258,1772.845783200258,0.0,1627.6409322787094,0.0,1627.6409322787094,4882.922796836128,0.0,20870.48986210167,-0.1430703593434788,160.09048309572407
8,8,2025,1SB,1,SB,Night,8,OP,NT,3.0,70,12000,1.6,5.0,75,1800,1,4,0.05,0.01,1637.0,0.0,202.0,0.0,0.0,1.0,1.0,1.0,3.66,1.83,0.13729977116704806,0.13729977116704806,30,4.103,0.708,1470.0481602450802,0.0,181.39873449572767,0.0,0.0,1651.446894740808,2014.244363732263,1.0,1.2,0.12911822844437584,2014.244363732263,0.0,1.0,29.400963204901604,1368.6148371881695,0.0,172.32879777094126,0.0,0.0,1568.8745500037674,0.14681878230120404,0.7340939115060202,,0.13729976549040004,0.1372997604322298,131.16882286347962,655.8441143173982,69.99085558518432,74.9840702300504,0.0,2.400509860931285,2.571764532595633,-0.17125467166434793,0.00046026679887461525,187.91049619261773,1252.7367008475608,0.0,0.0,187.91049619261773,1434.1354353432885,11473.083482746308,187.91049619261773,0.10439472010700986,1503.2839695409418,4509.851908622825,1796.9329043347439,14375.46323467795,43126.38970403385,1984.8434005273616,15878.747204218893,47636.241612656675,0.16540361671061346,0.44045634690361213,2.2022817345180608,0.14681878230120404,82.76637069784552,82.76637069784552,0.0,662.1309655827641,662.1309655827641,0.0,1503.2839695409418,0.0,1503.2839695409418,4509.851908622825,0.0,13211.575157926463,-0.06659033884859741,154.316262192329
9,9,2025,1SB,1,SB,AM-Early,1,OP,AM,3.0,70,12000,1.6,5.0,75,1800,1,4,0.05,0.01,4573.0,0.0,565.0,0.0,0.0,1.0,1.0,1.0,3.66,1.83,0.13729977116704806,0.13729977116704806,30,4.155,0.715,2743.7999999999997,0.0,339.0,0.0,0.0,3082.7999999999997,3760.7999999999997,1.0,1.2,0.24107692307692305,3760.7999999999997,0.0,1.0,54.876,2554.477799999999,0.0,322.05,0.0,0.0,2928.6599999999994,0.15730453409251863,0.7865226704625932,,0.1372988997370944,0.13729884847027984,139.22741355649075,696.1370677824539,69.79306003153721,74.80713314964903,0.0,2.406187651114986,2.5790529877707593,-0.1728653366557733,0.01044545038879744,350.72699134283334,2338.1970086571664,0.0,0.0,350.72699134283334,2677.1970086571664,2677.1970086571664,350.72699134283334,0.1948483285237963,350.72699134283334,1052.1809740285,3355.1970086571664,3355.1970086571664,10065.591025971498,3705.924,3705.924,11117.771999999999,0.308827,0.47191360227755585,2.3595680113877795,0.15730453409251863,165.51283790056564,165.51283790056564,0.0,165.51283790056564,165.51283790056564,0.0,350.72699134283334,0.0,350.72699134283334,1052.1809740285,0.0,3082.7999999999997,-0.06702667121437932,163.79695712528323
10,10,2025,1SB,1,SB,AM-Peak,2,Peak,AM,3.0,70,12000,1.6,5.0,75,1800,1,4,0.05,0.01,7757.0,0.0,959.0,0.0,0.0,1.0,1.0,1.0,3.66,1.83,0.13729977116704806,0.13729977116704806,30,4.155,0.715,4654.2,0.0,575.4,0.0,0.0,5229.599999999999,6380.4,1.0,1.2,0.409,6380.4,0.0,1.0,93.084,4333.0602,0.0,546.63,0.0,0.0,4968.119999999999,0.2522728865598481,1.2613644327992404,,0.1164320766025081,0.11652631975204836,149.55444141641067,747.7722070820533,66.98318374829526,74.09979022622211,1.1824696804202874,2.4291566744044895,2.687241631816001,-0.2580849574115116,0.15866389273077888,504.507197129679,4056.6088028703207,0.0,0.0,504.507197129679,4632.00880287032,9264.01760574064,504.507197129679,0.28028177618315503,1009.014394259358,3027.043182778074,5782.8088028703205,11565.617605740641,34696.85281722192,6287.316,12574.632,37723.89599999999,0.5239429999999999,0.7568186596795443,3.784093298397721,0.2522728865598481,381.8204607303673,381.8204607303673,0.0,763.6409214607346,763.6409214607346,0.0,1009.014394259358,0.0,1009.014394259358,3027.043182778074,0.0,10459.199999999999,-0.09604084513870133,175.9464016663655
11,11,2025,1SB,1,SB,AM-Shoulder,1,OP,AM,3.0,70,12000,1.6,5.0,75,1800,1,4,0.05,0.01,7826.0,0.0,967.0,0.0,0.0,1.0,1.0,1.0,3.66,1.83,0.13729977116704806,0.13729977116704806,30,4.155,0.715,4695.599999999999,0.0,580.1999999999999,0.0,0.0,5275.799999999999,6436.199999999999,1.0,1.2,0.412576923076923,6436.199999999999,0.0,1.0,93.91199999999999,4371.6035999999995,0.0,551.1899999999999,0.0,0.0,5012.009999999999,0.2580078490632991,1.2900392453164955,,0.11565313911791644,0.11575052057774944,149.97945429115964,749.8972714557983,66.8465240245593,74.08836372313885,0.7735729834211678,2.4295313184759055,2.6927353759466732,-0.2632040574707677,0.16619032218979946,505.58967931918426,4096.098320680815,0.0,0.0,505.58967931918426,4676.298320680815,4676.298320680815,505.58967931918426,0.2808831551773246,505.58967931918426,1516.7690379575529,5836.6983206808145,5836.6983206808145,17510.094962042444,6342.287999999999,6342.287999999999,19026.863999999998,0.5285239999999999,0.7740235471898973,3.8701177359494867,0.2580078490632991,391.33831700923764,391.33831700923764,0.0,391.33831700923764,391.33831700923764,0.0,505.58967931918426,0.0,505.58967931918426,1516.7690379575529,0.0,5275.799999999999,-0.09774597972822865,176.44641681312902
12,12,2025,1SB,1,SB,MD,5,OP,MD,3.0,70,12000,1.6,5.0,75,1800,1,4,0.05,0.01,5968.0,0.0,738.0,0.0,0.0,1.0,1.0,1.0,3.66,1.83,0.13729977116704806,0.13729977116704806,30,4.136,0.708,3580.7999999999997,0.0,442.8,0.0,0.0,4023.6,4909.2,1.0,1.2,0.31469230769230766,4909.2,0.0,1.0,71.616,3333.7247999999995,0.0,420.65999999999997,0.0,0.0,3822.4199999999996,0.16161808886781576,0.8080904443390788,,0.13726973155742073,0.13729965536852695,135.57002267594356,677.850113379718,69.22191239260489,74.44366850630888,0.36933750762756407,2.417935650024361,2.6003326660363943,-0.1823970160120334,0.03959860961271739,457.61950838231604,3051.564491617684,0.0,0.0,457.61950838231604,3494.364491617684,17471.82245808842,457.61950838231604,0.2542330602123978,2288.0975419115803,6864.292625734741,4379.964491617684,21899.82245808842,65699.46737426525,4837.584,24187.92,72563.76,0.403132,0.48485426660344727,2.4242713330172365,0.16161808886781576,221.87877112013794,221.87877112013794,0.0,1109.3938556006897,1109.3938556006897,0.0,2288.0975419115803,0.0,2288.0975419115803,6864.292625734741,0.0,20118.0,-0.07014372368365293,159.4941443246395
13,13,2025,1SB,1,SB,PM-Shoulder,1,OP,PM,3.0,70,12000,1.6,5.0,75,1800,1,4,0.05,0.01,4858.0,0.0,600.0,0.0,0.0,1.0,1.0,1.0,3.66,1.83,0.13729977116704806,0.13729977116704806,30,4.135,0.592,2914.7999999999997,0.0,360.0,0.0,0.0,3274.7999999999997,3994.7999999999997,1.0,1.2,0.25607692307692304,3994.7999999999997,0.0,1.0,58.29599999999999,2713.6787999999997,0.0,342.0,0.0,0.0,3111.0599999999995,0.13557599168621753,0.6778799584310877,,0.13729976954924888,0.1372997706527823,119.31078931856791,596.5539465928396,69.72046020779644,74.75453652250171,0.2998624134632413,2.4078806233494414,2.581738552263194,-0.1738579289137525,0.014124673743433338,372.58747387068223,2483.916526129318,0.0,0.0,372.58747387068223,2843.916526129318,2843.916526129318,372.58747387068223,0.2069930410392679,372.58747387068223,1117.7624216120466,3563.916526129318,3563.916526129318,10691.749578387953,3936.504,3936.504,11809.511999999999,0.328042,0.4067279750586526,2.033639875293263,0.13557599168621753,151.5417487796412,151.5417487796412,0.0,151.5417487796412,151.5417487796412,0.0,372.58747387068223,0.0,372.58747387068223,1117.7624216120466,0.0,3274.7999999999997,-0.06734141563689547,140.36563449243283
14,14,2025,1SB,1,SB,PM-Peak,3,Peak,PM,3.0,70,12000,1.6,5.0,75,1800,1,4,0.05,0.01,6246.0,0.0,772.0,0.0,0.0,1.0,1.0,1.0,3.66,1.83,0.13729977116704806,0.13729977116704806,30,4.135,0.592,3747.6,0.0,463.2,0.0,0.0,4210.8,5137.2,1.0,1.2,0.3293076923076923,5137.2,0.0,1.0,74.952,3489.0156,0.0,440.03999999999996,0.0,0.0,4000.2599999999998,0.14518822708444531,0.7259411354222266,,0.137266417554675,0.13729950493790855,119.3140898297341,596.5704491486705,69.02645707456477,74.33358105899404,0.6036026123540363,2.4215165936529406,2.60769576809596,-0.18617917444301924,0.04968605943432251,478.924672204375,3193.7233277956248,0.0,0.0,478.924672204375,3656.9233277956246,10970.769983386874,478.924672204375,0.2660692623357639,1436.774016613125,4310.322049839375,4583.323327795624,13749.969983386873,41249.90995016062,5062.248,15186.743999999997,45560.23199999999,0.42185399999999995,0.4355646812533359,2.17782340626668,0.14518822708444531,208.60267219305697,208.60267219305697,0.0,625.808016579171,625.808016579171,0.0,1436.774016613125,0.0,1436.774016613125,4310.322049839375,0.0,12632.400000000001,-0.07139604884927209,140.369517446746
15,15,2025,1SB,1,SB,PM-Late,3,OP,PM,3.0,70,12000,1.6,5.0,75,1800,1,4,0.05,0.01,4575.0,0.0,566.0,0.0,0.0,1.0,1.0,1.0,3.66,1.83,0.13729977116704806,0.13729977116704806,30,4.135,0.592,2745.0,0.0,339.59999999999997,0.0,0.0,3084.6,3763.8,1.0,1.2,0.2412692307692308,3763.8,0.0,1.0,54.9,2555.595,0.0,322.61999999999995,0.0,0.0,2930.37,0.13482045726680036,0.6741022863340018,,0.13729570454757495,0.13729708970287824,119.31222912356363,596.5611456178182,69.79219494690403,74.80681190795889,0.0,2.406197983967946,2.579084955516,-0.1728869715480541,0.010489246199777537,350.87221606325977,2339.2277839367403,0.0,0.0,350.87221606325977,2678.82778393674,8036.4833518102205,350.87221606325977,0.1949290089240332,1052.6166481897794,3157.8499445693383,3358.02778393674,10074.083351810219,30222.250055430657,3708.8999999999996,11126.699999999999,33380.1,0.309075,0.4044613718004011,2.0223068590020055,0.13482045726680036,141.91425783559276,141.91425783559276,0.0,425.7427735067783,425.7427735067783,0.0,1052.6166481897794,0.0,1052.6166481897794,3157.8499445693383,0.0,9253.8,-0.06703422901145357,140.36732838066308
16,16,2025,2NB,2,NB,Night,8,OP,NT,2.2,70,12000,1.6,6.5,75,1800,1,4,0.05,0.01,3220.0,0.0,398.0,0.0,0.0,1.0,1.0,1.0,3.66,1.83,0.13729977116704806,0.13729977116704806,30,4.103,0.708,2259.5388969691676,0.0,279.2846214266238,0.0,0.0,2538.8235183957913,3097.392761249039,1.0,1.2,0.19855081802878455,3097.392761249039,0.0,1.0,45.19077793938335,2103.6307130782952,0.0,265.3203903552926,0.0,0.0,2411.8823424760017,0.1448081695161558,0.724040847580779,,0.1372997655121498,0.13729976124067386,131.16842563914807,655.8421281957404,69.99109500778684,74.91117399440688,0.0,1.7620869219037412,1.8859542058216745,-0.12386728391793334,0.000328690547122937,288.82800362980646,1925.5201153999776,0.0,0.0,288.82800362980646,2204.8047368266016,17638.437894612813,288.82800362980646,0.16046000201655913,2310.6240290384517,5083.372863884594,2763.373979679849,22106.991837438793,48635.382042365345,3052.2019833096556,24417.615866477245,53718.75490624994,0.2543501652758046,0.3185779729355428,1.5928898646777139,0.1448081695161558,92.01423992340334,92.01423992340334,0.0,736.1139193872267,736.1139193872267,0.0,2310.6240290384517,0.0,2310.6240290384517,5083.372863884594,0.0,20310.58814716633,-0.06567883967467106,154.31579486958597
17,17,2025,2NB,2,NB,AM-Early,1,OP,AM,2.2,70,12000,1.6,6.5,75,1800,1,4,0.05,0.01,3086.0,0.0,381.0,0.0,0.0,1.0,1.0,1.0,3.66,1.83,0.13729977116704806,0.13729977116704806,30,4.155,0.715,2260.239787470923,0.0,279.0509912593719,0.0,0.0,2539.290778730295,3097.392761249039,1.0,1.2,0.19855081802878455,3097.392761249039,0.0,1.0,45.204795749418466,2104.2832421354296,0.0,265.0984416964033,0.0,0.0,2412.32623979378,0.15370756871233965,0.7685378435616983,,0.1372931628174874,0.1372973747544077,139.23214283213923,696.1607141606962,69.9910965675558,74.91107863606574,0.0,1.7620891649589592,1.8859541637927169,-0.12386499883375768,0.0003286329674509599,288.9037017766098,1926.131289944895,0.0,0.0,288.9037017766098,2205.182281204267,2205.182281204267,288.9037017766098,0.160502056542561,288.9037017766098,635.5881439085416,2763.2842637230106,2763.2842637230106,6079.225380190624,3052.1879654996205,3052.1879654996205,6714.813524099165,0.2543489971249684,0.33815665116714727,1.6907832558357363,0.15370756871233965,97.69470830257059,97.69470830257059,0.0,97.69470830257059,97.69470830257059,0.0,288.9037017766098,0.0,288.9037017766098,635.5881439085416,0.0,2539.290778730295,-0.06567762950540697,163.80252097898733
18,18,2025,2NB,2,NB,AM-Peak,2,Peak,AM,2.2,70,12000,1.6,6.5,75,1800,1,4,0.05,0.01,6362.0,0.0,786.0,0.0,0.0,1.0,1.0,1.0,3.66,1.83,0.13729977116704806,0.13729977116704806,30,4.155,0.715,4342.662561925368,0.0,536.5188264183181,0.0,0.0,4879.181388343686,5952.219041180322,1.0,1.2,0.38155250263976426,5952.219041180322,0.0,1.0,86.85325123850737,4043.0188451525178,0.0,509.69288509740215,0.0,0.0,4635.222318926501,0.1655010282901737,0.8275051414508685,,0.12021530936207261,0.12025732607195556,147.55433402073763,737.7716701036882,69.33116474057952,74.23825326880505,0.7548503402239449,1.7780590758520238,1.903905703790094,-0.1258466279380701,0.024922242763857336,486.0327612266995,3769.7765494601613,0.0,0.0,486.0327612266995,4306.29537587848,8612.59075175696,486.0327612266995,0.27001820068149973,972.065522453399,2138.544149397478,5379.333028715116,10758.666057430231,23669.06532634651,5865.365789941815,11730.73157988363,25807.60947574399,0.48878048249515127,0.3641022622383822,1.820511311191911,0.1655010282901737,176.96562788460875,176.96562788460875,0.0,353.9312557692175,353.9312557692175,0.0,972.065522453399,0.0,972.065522453399,2138.544149397478,0.0,9758.362776687372,-0.06609919161833906,173.59333414204428
19,19,2025,2NB,2,NB,AM-Shoulder,1,OP,AM,2.2,70,12000,1.6,6.5,75,1800,1,4,0.05,0.01,7274.0,0.0,899.0,0.0,0.0,1.0,1.0,1.0,3.66,1.83,0.13729977116704806,0.13729977116704806,30,4.155,0.715,5076.077344570906,0.0,627.3568233116915,0.0,0.0,5703.434167882597,6958.14781450598,1.0,1.2,0.4460351163144859,6958.14781450598,0.0,1.0,101.52154689141811,4725.828007795512,0.0,595.9889821461069,0.0,0.0,5418.262459488466,0.2238799788880112,1.119399894440056,,0.10336983816052778,0.10343836869086255,157.19281169328224,785.9640584664112,68.03705546694952,74.14398539937665,0.7439252822087695,1.7803197290917379,1.940119234938406,-0.15979950584666813,0.07453478043704484,488.5080763403115,4486.047721339176,0.0,0.0,488.5080763403115,5113.404544650867,5113.404544650867,488.5080763403115,0.2713933757446175,488.5080763403115,1074.7177679486854,6368.11819127425,6368.11819127425,14009.860020803351,6856.626267614562,6856.626267614562,15084.577788752036,0.5713855223012134,0.4925359535536247,2.4626797677681234,0.2238799788880112,240.6077911989222,240.6077911989222,0.0,240.6077911989222,240.6077911989222,0.0,488.5080763403115,0.0,488.5080763403115,1074.7177679486854,0.0,5703.434167882597,-0.08236581699152185,184.93271963915555
20,20,2025,2NB,2,NB,MD,5,OP,MD,2.2,70,12000,1.6,6.5,75,1800,1,4,0.05,0.01,7621.0,0.0,942.0,0.0,0.0,1.0,1.0,1.0,3.66,1.83,0.13729977116704806,0.13729977116704806,30,4.136,0.708,6776.985175788123,0.0,837.6748504910657,0.0,0.0,7614.660026279189,9290.00972726132,1.0,1.2,0.5955134440552128,9290.00972726132,0.0,1.0,135.53970351576248,6309.373198658743,0.0,795.7911079665124,0.0,0.0,7233.927024965229,0.6783632677320378,3.391816338660189,,0.0885728073180984,0.08885946647361402,162.43057867585296,812.1528933792648,58.21232880659861,73.3750364579375,1.2032475144941668,1.7989769596321696,2.2675608879787204,-0.4685839283465507,0.5231298451022757,558.838896622775,6082.606575649586,0.0,0.0,558.838896622775,6920.281426140652,34601.40713070326,558.838896622775,0.31046605367931945,2794.194483113875,6147.2278628505255,8595.631127122784,42978.15563561392,94551.94239835063,9154.47002374556,45772.350118727794,100699.17026120116,0.7628725019787966,1.4923991890104833,7.461995945052417,0.6783632677320378,834.0107161073428,834.0107161073428,0.0,4170.0535805367135,4170.0535805367135,0.0,2794.194483113875,0.0,2794.194483113875,6147.2278628505255,0.0,38073.30013139595,-0.20664667962422012,191.09479844217992
21,21,2025,2NB,2,NB,PM-Shoulder,1,OP,PM,2.2,70,12000,1.6,6.5,75,1800,1,4,0.05,0.01,8273.0,0.0,1022.0,0.0,0.0,1.0,1.0,1.0,3.66,1.83,0.13729977116704806,0.13729977116704806,30,4.135,0.592,8984.71641866198,0.0,1109.921452903728,0.0,0.0,10094.637871565708,12314.480777373163,1.0,1.2,0.7893897934213566,12314.480777373163,0.0,1.0,179.69432837323959,8364.770985774303,0.0,1054.4253802585417,0.0,0.0,9589.905977987422,1.8299993112613664,9.149996556306832,,0.12833448301561035,0.12970406592590442,121.83313056697783,609.1656528348891,34.207443949504984,60.73140708526037,0.8466889576032097,2.173504720789462,3.858809216930988,-1.685304496141526,2.7031400557668834,1073.4885600033224,7731.533530285417,0.0,0.0,1073.4885600033224,8841.454983189145,8841.454983189145,1073.4885600033224,0.5963825333351791,1073.4885600033224,2361.6748320073093,11061.297888996602,11061.297888996602,24334.855355792526,12134.786448999925,12134.786448999925,26696.530187799835,1.011232204083327,4.025998484775006,20.12999242387503,1.8299993112613664,4321.863315996679,4321.863315996679,0.0,4321.863315996679,4321.863315996679,0.0,1073.4885600033224,0.0,1073.4885600033224,2361.6748320073093,0.0,10094.637871565708,-0.4367421143152272,143.3330947846798
22,22,2025,2NB,2,NB,PM-Peak,3,Peak,PM,2.2,70,12000,1.6,6.5,75,1800,1,4,0.05,0.01,7207.0,0.0,891.0,0.0,0.0,1.0,1.0,1.0,3.66,1.83,0.13729977116704806,0.13729977116704806,30,4.135,0.592,8648.4,0.0,1069.2,0.0,0.0,9717.6,11856.0,1.0,1.2,0.76,11856.0,0.0,1.0,172.968,8051.660399999999,0.0,1015.74,0.0,0.0,9231.72,1.8299984572211265,9.149992286105633,,0.1101795505967576,0.11138509616389745,128.6072785063604,643.0363925318019,36.99267487553235,66.94592877988612,1.7882163044344928,1.9717405136615171,3.5682740013836436,-1.5965334877221264,2.3051068104670205,887.1283244297094,7588.303675570291,0.0,0.0,887.1283244297094,8657.503675570291,25972.511026710876,887.1283244297094,0.49284906912761633,2661.3849732891285,5855.0469412360835,10795.903675570291,32387.711026710873,71252.96425876392,11683.032000000001,35049.096000000005,77108.01120000001,0.9735860000000001,4.025996605886479,20.129983029432392,1.8299984572211265,3571.5756231397695,3571.5756231397695,0.0,10714.726869419308,10714.726869419308,0.0,2661.3849732891285,0.0,2661.3849732891285,5855.0469412360835,0.0,29152.800000000003,-0.44742457756972986,151.30268059571807
23,23,2025,2NB,2,NB,PM-Late,3,OP,PM,2.2,70,12000,1.6,6.5,75,1800,1,4,0.05,0.01,7436.0,0.0,919.0,0.0,0.0,1.0,1.0,1.0,3.66,1.83,0.13729977116704806,0.13729977116704806,30,4.135,0.592,7463.4774716943,0.0,922.3958844119232,0.0,0.0,8385.873356106224,10230.66512493007,1.0,1.2,0.6558118669826968,10230.66512493007,0.0,1.0,149.269549433886,6948.497526147393,0.0,876.2760901913271,0.0,0.0,7966.579688300912,0.9371598848563751,4.685799424281876,,0.09158525200960518,0.0920651466979608,137.17557347508676,685.8778673754337,50.95724153259286,72.37334017456088,1.277942527120841,1.8238760250891086,2.5904070948497324,-0.7665310697606238,0.9654291485155623,636.3798970203271,6677.828025240087,0.0,0.0,636.3798970203271,7600.223909652011,22800.671728956033,636.3798970203271,0.35354438723351506,1909.1396910609815,4200.107320334159,9445.015678475856,28335.047035427568,62337.103477940655,10081.395575496184,30244.186726488548,66537.21079827481,0.8401162979580153,2.0617517466840254,10.308758733420127,0.9371598848563752,1312.0573642362597,1312.0573642362597,0.0,3936.172092708779,3936.172092708779,0.0,1909.1396910609815,0.0,1909.1396910609815,4200.107320334159,0.0,25157.62006831867,-0.2959114307880977,161.3830276177491
24,24,2025,2SB,2,SB,Night,8,OP,NT,2.2,70,12000,1.6,5.0,75,1800,1,4,0.05,0.01,2585.0,0.0,319.0,0.0,0.0,1.0,1.0,1.0,3.66,1.83,0.13729977116704806,0.13729977116704806,30,4.103,0.708,1551.0,0.0,191.4,0.0,0.0,1742.4,2125.2,1.0,1.2,0.1362307692307692,2125.2,0.0,1.0,31.02,1443.981,0.0,181.82999999999998,0.0,0.0,1655.28,0.14680372149353074,0.7340186074676537,,0.13729974928712904,0.13729976614088402,131.1696293074448,655.848146537224,69.98804414704102,74.98026176988364,0.0,1.7604633123996207,1.8860364167724886,-0.12557310437286784,0.00044131954973819737,198.2582292753779,1321.721770724622,0.0,0.0,198.2582292753779,1513.1217707246221,12104.974165796977,198.2582292753779,0.11014346070854326,1586.065834203023,3489.344835246651,1895.921770724622,15167.374165796977,33368.22316475335,2094.18,16753.44,36857.568,0.17451499999999998,0.32296818728576765,1.6148409364288383,0.14680372149353074,64.0311009235549,64.0311009235549,0.0,512.2488073884392,512.2488073884392,0.0,1586.065834203023,0.0,1586.065834203023,3489.344835246651,0.0,13939.2,-0.06658042403431261,154.31721094993506
25,25,2025,2SB,2,SB,AM-Early,1,OP,AM,2.2,70,12000,1.6,5.0,75,1800,1,4,0.05,0.01,6971.0,0.0,862.0,0.0,0.0,1.0,1.0,1.0,3.66,1.83,0.13729977116704806,0.13729977116704806,30,4.155,0.715,6013.797878374802,0.0,743.637035024972,0.0,0.0,6757.434913399774,8244.708983449718,1.0,1.2,0.5285069861185717,8244.708983449718,0.0,1.0,120.27595756749605,5598.8458247669405,0.0,706.4551832737234,0.0,0.0,6419.563167729785,0.5815403384170746,2.9077016920853733,,0.10125538841843107,0.10146699572034855,158.43814522510797,792.1907261255399,59.74978750191561,73.43991727552182,0.9083166106002186,1.7973876455331572,2.2092128778829214,-0.4118252323497642,0.4431930712710311,566.9133086816876,5326.6086121256185,0.0,0.0,566.9133086816876,6070.24564715059,6070.24564715059,566.9133086816876,0.3149518381564931,566.9133086816876,1247.2092790997128,7557.519717200535,7557.519717200535,16626.54337784118,8124.433025882222,8124.433025882222,17873.75265694089,0.6770360854901851,1.2793887445175642,6.396943722587822,0.5815403384170746,725.3025062445626,725.3025062445626,0.0,725.3025062445626,725.3025062445626,0.0,566.9133086816876,0.0,566.9133086816876,1247.2092790997128,0.0,6757.434913399774,-0.1864126524304957,186.39781791189174
26,26,2025,2SB,2,SB,AM-Peak,2,Peak,AM,2.2,70,12000,1.6,5.0,75,1800,1,4,0.05,0.01,9309.0,0.0,1150.0,0.0,0.0,1.0,1.0,1.0,3.66,1.83,0.13729977116704806,0.13729977116704806,30,4.155,0.715,7630.987335410945,0.0,942.7044189196032,0.0,0.0,8573.691754330548,10459.100592169754,1.0,1.2,0.6704551661647279,10459.100592169754,0.0,1.0,152.6197467082189,7104.449209267589,0.0,895.569197973623,0.0,0.0,8145.00716661402,1.6019205872876987,8.009602936438494,,0.09731415679369035,0.0980586826274606,160.6575750308761,803.2878751543805,44.537188238393995,71.5421417343457,1.8980418575288112,1.845066373469078,2.9638153017977746,-1.1187489283286967,1.4769983920343803,691.3634842834756,6787.00410441925,0.0,0.0,691.3634842834756,7729.708523338853,15459.417046677707,691.3634842834756,0.3840908246019309,1382.7269685669512,3041.999330847293,9615.11736117806,19230.23472235612,42306.51638918347,10306.480845461536,20612.96169092307,45348.51572003076,0.8588734037884613,3.5242252920329373,17.62112646016469,1.6019205872876985,2436.520677299841,2436.520677299841,0.0,4873.041354599682,4873.041354599682,0.0,1382.7269685669512,0.0,1382.7269685669512,3041.999330847293,0.0,17147.383508661096,-0.3774691788823994,189.0089118010307
27,27,2025,2SB,2,SB,AM-Shoulder,1,OP,AM,2.2,70,12000,1.6,5.0,75,1800,1,4,0.05,0.01,8274.0,0.0,1023.0,0.0,0.0,1.0,1.0,1.0,3.66,1.83,0.13729977116704806,0.13729977116704806,30,4.155,0.715,7277.959165559638,0.0,899.8491934212605,0.0,0.0,8177.808358980898,9977.506745823419,1.0,1.2,0.6395837657579114,9977.506745823419,0.0,1.0,145.55918331119275,6775.779983136023,0.0,854.8567337501973,0.0,0.0,7768.917941031853,1.2957656166877958,6.478828083438978,,0.09762035588159335,0.09819460013101691,160.5674029381016,802.8370146905079,48.235792698356,72.08732826278379,1.154549571479505,1.8311123907771052,2.736557079624793,-0.9054446888476877,1.165654627657395,661.454053329115,6470.94592891933,0.0,0.0,661.454053329115,7370.795122340591,7370.795122340591,661.454053329115,0.36747447407173056,661.454053329115,1455.1989173240531,9170.49350918311,9170.49350918311,20175.085720202846,9831.947562512225,9831.947562512225,21630.2846375269,0.8193289635426854,2.850684356713151,14.253421783565754,1.2957656166877958,1885.5967225098143,1885.5967225098143,0.0,1885.5967225098143,1885.5967225098143,0.0,661.454053329115,0.0,661.454053329115,1455.1989173240531,0.0,8177.808358980898,-0.330870017508216,188.90282698600186
28,28,2025,2SB,2,SB,MD,5,OP,MD,2.2,70,12000,1.6,5.0,75,1800,1,4,0.05,0.01,7694.0,0.0,951.0,0.0,0.0,1.0,1.0,1.0,3.66,1.83,0.13729977116704806,0.13729977116704806,30,4.136,0.708,6407.0337610024735,0.0,791.9273598535681,0.0,0.0,7198.961120856042,8782.815840563177,1.0,1.2,0.5630010154207165,8782.815840563177,0.0,1.0,128.14067522004947,5964.948431493302,0.0,752.3309918608896,0.0,0.0,6839.013064813239,0.7267046644324625,3.6335233221623127,,0.09973220888923875,0.10001665227010337,154.97616072356857,774.8808036178428,56.60516592392394,73.09693331102994,0.9878480977370447,1.805821311796153,2.3319426388998665,-0.5261213271037135,0.6113328438642459,594.8974829832271,5683.9956027991975,0.0,0.0,594.8974829832271,6475.922962652766,32379.61481326383,594.8974829832271,0.33049860165734835,2974.487414916135,6543.872312815498,8059.7776823599015,40298.888411799504,88657.55450595892,8654.67516534313,43273.37582671564,95201.42681877442,0.7212229304452608,1.5987502617514175,7.993751308757089,0.7267046644324625,951.0925066346937,951.0925066346937,0.0,4755.462533173469,4755.462533173469,0.0,2974.487414916135,0.0,2974.487414916135,6543.872312815498,0.0,35994.805604280205,-0.22561503800621793,182.32489496890418
29,29,2025,2SB,2,SB,PM-Shoulder,1,OP,PM,2.2,70,12000,1.6,5.0,75,1800,1,4,0.05,0.01,5126.0,0.0,634.0,0.0,0.0,1.0,1.0,1.0,3.66,1.83,0.13729977116704806,0.13729977116704806,30,4.135,0.592,5242.508701253914,0.0,648.4101671078778,0.0,0.0,5890.918868361792,7187.739202577548,1.0,1.2,0.46075251298574027,7187.739202577548,0.0,1.0,104.85017402507829,4880.775600867394,0.0,615.9896587524838,0.0,0.0,5596.372924943702,0.28930758896359865,1.4465379448179934,,0.11163864761106096,0.11173994245952631,128.46512516987178,642.3256258493591,64.62488533039274,73.74800973798709,0.677981413279514,1.789878811224484,2.0425568157707987,-0.25267800454631484,0.21487426617742295,544.8831873738993,4592.775339854937,0.0,0.0,544.8831873738993,5241.1855069628145,5241.1855069628145,544.8831873738993,0.3027128818743885,544.8831873738993,1198.7430122225785,6538.00584117857,6538.00584117857,14383.612850592855,7082.889028552469,7082.889028552469,15582.355862815433,0.5902407523793725,0.636476695719917,3.1823834785995855,0.28930758896359865,346.80545065307587,346.80545065307587,0.0,346.80545065307587,346.80545065307587,0.0,544.8831873738993,0.0,544.8831873738993,1198.7430122225785,0.0,5890.918868361792,-0.12370672022210645,151.13544137631976
30,30,2025,2SB,2,SB,PM-Peak,3,Peak,PM,2.2,70,12000,1.6,5.0,75,1800,1,4,0.05,0.01,7001.0,0.0,865.0,0.0,0.0,1.0,1.0,1.0,3.66,1.83,0.13729977116704806,0.13729977116704806,30,4.135,0.592,4200.599999999999,0.0,519.0,0.0,0.0,4719.599999999999,5757.599999999999,1.0,1.2,0.369076923076923,5757.599999999999,0.0,1.0,84.01199999999999,3910.7585999999997,0.0,493.04999999999995,0.0,0.0,4483.619999999999,0.1648721393157667,0.8243606965788335,,0.1312167792647931,0.13126183997375446,121.30452357813596,606.5226178906797,68.25871973699844,74.1023002213418,0.579019466146596,1.7813212222254795,1.9338188660525333,-0.15249764382705377,0.0659032750633993,513.1571479740912,3603.430852025908,0.0,0.0,513.1571479740912,4122.430852025907,12367.292556077722,513.1571479740912,0.2850873044300507,1539.4714439222737,3386.8371766290024,5160.430852025907,15481.292556077722,34058.843623370994,5673.587999999999,17020.763999999996,37445.680799999995,0.4727989999999999,0.36271870649468674,1.8135935324734338,0.1648721393157667,186.13169694166493,186.13169694166493,0.0,558.3950908249948,558.3950908249948,0.0,1539.4714439222737,0.0,1539.4714439222737,3386.8371766290024,0.0,14158.8,-0.07885828735260207,142.71120420957172
31,31,2025,2SB,2,SB,PM-Late,3,OP,PM,2.2,70,12000,1.6,5.0,75,1800,1,4,0.05,0.01,6368.0,0.0,787.0,0.0,0.0,1.0,1.0,1.0,3.66,1.83,0.13729977116704806,0.13729977116704806,30,4.135,0.592,3820.7999999999997,0.0,472.2,0.0,0.0,4293.0,5237.4,1.0,1.2,0.3357307692307692,5237.4,0.0,1.0,76.416,3557.1647999999996,0.0,448.59,0.0,0.0,4078.35,0.14670392916693079,0.7335196458346539,,0.13727220157468406,0.13729824398930054,119.31524422472451,596.5762211236225,68.92928431303895,74.28037875160392,0.2887361742633549,1.7770507126977964,1.9150061010430415,-0.13795538834524512,0.04012978700039544,488.29984345997065,3256.0841565400287,0.0,0.0,488.29984345997065,3728.2841565400286,11184.852469620086,488.29984345997065,0.2712776908110948,1464.899530379912,3222.778966835807,4672.684156540028,14018.052469620085,30839.715433164187,5160.983999999999,15482.951999999997,34062.494399999996,0.43008199999999985,0.32274864416724774,1.6137432208362388,0.14670392916693079,157.59811242378484,157.59811242378484,0.0,472.7943372713545,472.7943372713545,0.0,1464.899530379912,0.0,1464.899530379912,3222.778966835807,0.0,12879.0,-0.07203913777094774,140.37087555849942
32,32,2025,3NB,3,NB,Night,8,OP,NT,3.4,70,12000,1.6,6.5,75,1800,1,4,0.05,0.01,3349.0,0.0,414.0,0.0,0.0,1.0,1.0,1.0,3.66,1.83,0.13729977116704806,0.13729977116704806,30,4.103,0.708,2259.457276720329,0.0,279.3118281762366,0.0,0.0,2538.7691048965658,3097.392761249039,1.0,1.2,0.19855081802878455,3097.392761249039,0.0,1.0,45.18914553440658,2103.554724626626,0.0,265.3462367674247,0.0,0.0,2411.8306496517375,0.1448065901450193,0.7240329507250964,,0.13729854205433625,0.13729943530498234,131.16659999160544,655.8329999580272,69.99109473975682,74.91118954703605,0.0,2.723224677561825,2.914656511067865,-0.19143183350603987,0.0005079915915466654,288.81499682274654,1925.4531343631759,0.0,0.0,288.81499682274654,2204.7649625394124,17638.1197003153,288.81499682274654,0.16045277601263697,2310.5199745819723,7855.767913578706,2763.388618891886,22107.108951135087,75164.1704338593,3052.2036157146326,24417.62892571706,83019.938347438,0.2543503013095527,0.49234240649306554,2.4617120324653277,0.1448065901450193,142.1958705669981,142.1958705669981,0.0,1137.5669645359849,1137.5669645359849,0.0,2310.5199745819723,0.0,2310.5199745819723,7855.767913578706,0.0,20310.152839172526,-0.0656790372310127,154.3136470489476
33,33,2025,3NB,3,NB,AM-Early,1,OP,AM,3.4,70,12000,1.6,6.5,75,1800,1,4,0.05,0.01,3209.0,0.0,397.0,0.0,0.0,1.0,1.0,1.0,3.66,1.83,0.13729977116704806,0.13729977116704806,30,4.155,0.715,2258.9848570109466,0.0,279.46930141269735,0.0,0.0,2538.454158423644,3097.392761249039,1.0,1.2,0.19855081802878455,3097.392761249039,0.0,1.0,45.179697140218934,2103.114901877191,0.0,265.4958363420625,0.0,0.0,2411.5314505024617,0.15370849272850284,0.7685424636425142,,0.13729850906449148,0.13729962666045606,139.22799141442226,696.1399570721114,69.99109349384796,74.9112637854566,0.0,2.7232219787967975,2.9146565629515573,-0.19143458415475978,0.0005080626722055168,288.75454041905266,1925.050619451675,0.0,0.0,288.75454041905266,2204.519920864372,2204.519920864372,288.75454041905266,0.16041918912169592,288.75454041905266,981.7654374247791,2763.458523689767,2763.458523689767,9395.758980545208,3052.2130641088197,3052.2130641088197,10377.524417969988,0.25435108867573497,0.5226088752769097,2.6130443763845483,0.15370849272850284,150.90568559950208,150.90568559950208,0.0,150.90568559950208,150.90568559950208,0.0,288.75454041905266,0.0,288.75454041905266,981.7654374247791,0.0,2538.454158423644,-0.06567997979182204,163.79763695814384
34,34,2025,3NB,3,NB,AM-Peak,2,Peak,AM,3.4,70,12000,1.6,6.5,75,1800,1,4,0.05,0.01,6617.0,0.0,818.0,0.0,0.0,1.0,1.0,1.0,3.66,1.83,0.13729977116704806,0.13729977116704806,30,4.155,0.715,3970.2,0.0,490.79999999999995,0.0,0.0,4461.0,5442.599999999999,1.0,1.2,0.34888461538461535,5442.599999999999,0.0,1.0,79.404,3696.2562,0.0,466.25999999999993,0.0,0.0,4237.95,0.14895494908613252,0.7447747454306626,,0.13197843800805964,0.13203072019124212,141.6760006845635,708.3800034228174,69.64519640835947,74.26760305864103,0.8310448218936115,2.7468235354105,2.9291323812752434,-0.1823088458647435,0.020339933775654895,487.82611975360606,3402.9698802463936,0.0,0.0,487.82611975360606,3893.7698802463938,7787.5397604927875,487.82611975360606,0.2710145109742256,975.6522395072121,3317.217614324521,4875.369880246393,9750.739760492786,33152.515185675475,5363.195999999999,10726.391999999998,36469.7328,0.4469329999999999,0.5064468268928506,2.5322341344642525,0.14895494908613252,247.05799042466552,247.05799042466552,0.0,494.11598084933104,494.11598084933104,0.0,975.6522395072121,0.0,975.6522395072121,3317.217614324521,0.0,8922.0,-0.06223987930015389,166.67764786419235
35,35,2025,3NB,3,NB,AM-Shoulder,1,OP,AM,3.4,70,12000,1.6,6.5,75,1800,1,4,0.05,0.01,7565.0,0.0,935.0,0.0,0.0,1.0,1.0,1.0,3.66,1.83,0.13729977116704806,0.13729977116704806,30,4.155,0.715,4539.0,0.0,561.0,0.0,0.0,5100.0,6222.0,1.0,1.2,0.39884615384615385,6222.0,0.0,1.0,90.78,4225.809,0.0,532.9499999999999,0.0,0.0,4845.0,0.1770617452272487,0.8853087261362436,,0.11492565653531389,0.11499897987390122,150.39427018439363,751.9713509219681,69.08804263162526,74.21940560759117,0.8583656477895577,2.7486072992631843,2.9527540834775134,-0.2041467842143292,0.052701665792764626,485.6538737178383,3962.5661262821613,0.0,0.0,485.6538737178383,4523.566126282161,4523.566126282161,485.6538737178383,0.26980770762102124,485.6538737178383,1651.22317064065,5645.566126282161,5645.566126282161,19194.92482935935,6131.219999999999,6131.219999999999,20846.147999999997,0.5109349999999999,0.6020099337726456,3.010049668863228,0.1770617452272487,292.36845635330457,292.36845635330457,0.0,292.36845635330457,292.36845635330457,0.0,485.6538737178383,0.0,485.6538737178383,1651.22317064065,0.0,5100.0,-0.06913775358288615,176.93443551105133
36,36,2025,3NB,3,NB,MD,5,OP,MD,3.4,70,12000,1.6,6.5,75,1800,1,4,0.05,0.01,7925.0,0.0,980.0,0.0,0.0,1.0,1.0,1.0,3.66,1.83,0.13729977116704806,0.13729977116704806,30,4.136,0.708,6421.98024983041,0.0,794.1376207992179,0.0,0.0,7216.117870629628,8804.393112228063,1.0,1.2,0.5643841738607732,8804.393112228063,0.0,1.0,128.4396049966082,5978.863612592111,0.0,754.430739759257,0.0,0.0,6855.311977098146,0.5199809033145187,2.5999045165725936,,0.08967834615560215,0.08999946889469025,161.62144587617422,808.107229380871,61.290158108515094,73.63147740156268,1.7396472370126335,2.770554214027906,3.3284299844489733,-0.5578757704210675,0.5673776501236648,536.1746006671693,5757.3660441666325,0.0,0.0,536.1746006671693,6551.5036649658505,32757.518324829252,536.1746006671693,0.2978747781484274,2680.8730033358465,9114.968211341878,8139.778906564286,40698.89453282143,138376.24141159287,8675.953507231456,43379.76753615728,147491.20962293475,0.7229961256026213,1.7679350712693636,8.839675356346818,0.5199809033145187,947.9218808433345,947.9218808433345,0.0,4739.609404216672,4739.609404216672,0.0,2680.8730033358465,0.0,2680.8730033358465,9114.968211341878,0.0,36080.58935314814,-0.16760928516674947,190.14287750138143
37,37,2025,3NB,3,NB,PM-Shoulder,1,OP,PM,3.4,70,12000,1.6,6.5,75,1800,1,4,0.05,0.01,8604.0,0.0,1063.0,0.0,0.0,1.0,1.0,1.0,3.66,1.83,0.13729977116704806,0.13729977116704806,30,4.135,0.592,8341.204328434646,0.0,1030.532333929106,0.0,0.0,9371.736662363752,11432.801330221962,1.0,1.2,0.7328718801424335,11432.801330221962,0.0,1.0,166.8240865686929,7765.661229772654,0.0,979.0057172326507,0.0,0.0,8903.149829245564,1.7809146942354641,8.90457347117732,,0.0925158258104077,0.09408660402420957,136.19306388751244,680.9653194375621,39.637905523523834,70.8544570912396,2.181689536072691,2.879141388908087,5.146588784287114,-2.267447395379027,3.0582552059019172,718.4465616362833,7455.933680229669,0.0,0.0,718.4465616362833,8486.466014158776,8486.466014158776,718.4465616362833,0.399136978686824,718.4465616362833,2442.718309563363,10547.530682016986,10547.530682016986,35861.60431885775,11265.97724365327,11265.97724365327,38304.32262842112,0.9388314369711058,6.055109960400578,30.27554980200289,1.7809146942354641,4350.272931379406,4350.272931379406,0.0,4350.272931379406,4350.272931379406,0.0,718.4465616362833,0.0,718.4465616362833,2442.718309563363,0.0,9371.736662363752,-0.44057287077251994,160.22713398530874
38,38,2025,3NB,3,NB,PM-Peak,3,Peak,PM,3.4,70,12000,1.6,6.5,75,1800,1,4,0.05,0.01,7495.0,0.0,926.0,0.0,0.0,1.0,1.0,1.0,3.66,1.83,0.13729977116704806,0.13729977116704806,30,4.135,0.592,8650.057730999113,0.0,1068.7062653642665,0.0,0.0,9718.76399636338,11856.176527091913,1.0,1.2,0.7600113158392252,11856.176527091913,0.0,1.0,173.00115461998226,8053.203747560174,0.0,1015.2709520960532,0.0,0.0,9232.82579654521,1.829999010883993,9.149995054419964,,0.11000292169940173,0.11186668509635393,128.41446706681063,642.072335334053,36.977905350317535,66.97896140518715,2.770376628798155,3.0457325064494256,5.5168078902080975,-2.471075383758672,3.565455381013665,885.8759412721904,7591.180635106941,0.0,0.0,885.8759412721904,8659.886900471207,25979.66070141362,885.8759412721904,0.49215330070677243,2657.6278238165714,9035.934600976343,10797.29943119974,32391.898293599224,110132.45419823736,11683.175372471931,35049.52611741579,119168.3887992137,0.9735979477059943,6.221996637005576,31.10998318502788,1.829999010883993,5511.917127399718,5511.917127399718,0.0,16535.751382199152,16535.751382199152,0.0,2657.6278238165714,0.0,2657.6278238165714,9035.934600976343,0.0,29156.29198909014,-0.44791760614768505,151.0758436080125
39,39,2025,3NB,3,NB,PM-Late,3,OP,PM,3.4,70,12000,1.6,6.5,75,1800,1,4,0.05,0.01,7734.0,0.0,956.0,0.0,0.0,1.0,1.0,1.0,3.66,1.83,0.13729977116704806,0.13729977116704806,30,4.135,0.592,6774.237453435951,0.0,837.3637193541206,0.0,0.0,7611.601172790071,9286.328611498313,1.0,1.2,0.5952774750960457,9286.328611498313,0.0,1.0,135.48474906871903,6306.81506914887,0.0,795.4955333864145,0.0,0.0,7231.021114150568,0.5579109351419402,2.7895546757097014,,0.09192279161103355,0.0923233987046205,137.04877289509645,685.2438644754823,58.390885645108234,73.17590139372165,1.7854185421933038,2.787803035078196,3.4936959380935564,-0.7058929030153602,0.7937920066167442,579.7400473306977,6059.012657036534,0.0,0.0,579.7400473306977,6896.3763763906545,20689.129129171964,579.7400473306977,0.32207780407260983,1739.2201419920932,5913.348482773116,8571.103815098895,25713.311445296684,87425.25891400872,9150.843862429592,27452.531587288777,93338.60739678184,0.7625703218691327,1.8968971794825968,9.484485897412984,0.5579109351419402,1099.7072606147078,1099.7072606147078,0.0,3299.1217818441237,3299.1217818441237,0.0,1739.2201419920932,0.0,1739.2201419920932,5913.348482773116,0.0,22834.803518370216,-0.20204760675325187,161.23385046481934
40,40,2025,3SB,3,SB,Night,8,OP,NT,3.4,70,12000,1.6,5.0,75,1800,1,4,0.05,0.01,2688.0,0.0,332.0,0.0,0.0,1.0,1.0,1.0,3.66,1.83,0.13729977116704806,0.13729977116704806,30,4.103,0.708,1612.8,0.0,199.2,0.0,0.0,1812.0,2210.3999999999996,1.0,1.2,0.14169230769230767,2210.3999999999996,0.0,1.0,32.256,1501.5167999999999,0.0,189.23999999999998,0.0,0.0,1721.3999999999999,0.1468413463353609,0.7342067316768044,,0.13719955269251782,0.13719924256935742,131.21040835782915,656.0520417891457,69.98544087171948,74.97698200364431,0.0,2.720835042281169,2.9148919755170777,-0.19405693323590878,0.000830577886967541,206.00743332030072,1374.536566679699,0.0,0.0,206.00743332030072,1573.736566679699,12589.892533437593,206.00743332030072,0.11444857406683373,1648.0594665624058,5603.40218631218,1972.136566679699,15777.092533437592,53642.11461368781,2178.144,17425.152,59245.51679999999,0.18151199999999998,0.499260577540227,2.496302887701135,0.1468413463353609,102.85139013707314,102.85139013707314,0.0,822.8111210965851,822.8111210965851,0.0,1648.0594665624058,0.0,1648.0594665624058,5603.40218631218,0.0,14496.0,-0.06657431385651424,154.36518630332841
41,41,2025,3SB,3,SB,AM-Early,1,OP,AM,3.4,70,12000,1.6,5.0,75,1800,1,4,0.05,0.01,7250.0,0.0,896.0,0.0,0.0,1.0,1.0,1.0,3.66,1.83,0.13729977116704806,0.13729977116704806,30,4.155,0.715,6732.042089488811,0.0,831.9875465078586,0.0,0.0,7564.02963599667,9228.004729012388,1.0,1.2,0.5915387646802812,9228.004729012388,0.0,1.0,134.64084178977623,6267.531185314083,0.0,790.3881691824656,0.0,0.0,7185.828154196835,0.9217034806104627,4.608517403052313,,0.09844264261282847,0.09902564047679535,160.01910265086926,800.0955132543463,53.663361521738345,72.78696960853178,1.6320564706464091,2.8026994542727603,3.8014763558440556,-0.9987769015712953,1.2154511789349276,616.9923325406314,5980.408915158403,0.0,0.0,616.9923325406314,6812.3964616662615,6812.3964616662615,616.9923325406314,0.34277351807812856,616.9923325406314,2097.773930638147,8476.371554681979,8476.371554681979,28819.663285918727,9093.36388722261,9093.36388722261,30917.437216556875,0.7577803239352174,3.133791834075573,15.668959170377864,0.9217034806104627,1933.5255334030712,1933.5255334030712,0.0,1933.5255334030712,1933.5255334030712,0.0,616.9923325406314,0.0,616.9923325406314,2097.773930638147,0.0,7564.02963599667,-0.2627339507283436,188.25776782455205
42,42,2025,3SB,3,SB,AM-Peak,2,Peak,AM,3.4,70,12000,1.6,5.0,75,1800,1,4,0.05,0.01,9681.0,0.0,1197.0,0.0,0.0,1.0,1.0,1.0,3.66,1.83,0.13729977116704806,0.13729977116704806,30,4.155,0.715,8190.1868182379985,0.0,1012.6695198255226,0.0,0.0,9202.85633806352,11228.195377714566,1.0,1.2,0.719756113956062,11228.195377714566,0.0,1.0,163.80373636475997,7625.063927779576,0.0,962.0360438342464,0.0,0.0,8742.713521160344,1.8299998006972622,9.149999003486311,,0.1147898739049405,0.11642178994411607,149.6115192840979,748.0575964204896,39.6653757585665,67.50380874425156,2.4265300600796627,3.0220517004141945,5.143024516941385,-2.120972816527191,3.0533721596382697,875.2801267869279,7151.10295508631,0.0,0.0,875.2801267869279,8163.772474911833,16327.544949823667,875.2801267869279,0.4862667371038488,1750.5602535738558,5951.904862151109,10189.11151456288,20378.22302912576,69285.95829902758,11064.391641349806,22128.783282699613,75237.86316117868,0.9220326367791505,6.221999322370691,31.109996611853457,1.8299998006972624,5445.992355752798,5445.992355752798,0.0,10891.984711505596,10891.984711505596,0.0,1750.5602535738558,0.0,1750.5602535738558,5951.904862151109,0.0,18405.71267612704,-0.4123979595159615,176.0135520989387
43,43,2025,3SB,3,SB,AM-Shoulder,1,OP,AM,3.4,70,12000,1.6,5.0,75,1800,1,4,0.05,0.01,8605.0,0.0,1064.0,0.0,0.0,1.0,1.0,1.0,3.66,1.83,0.13729977116704806,0.13729977116704806,30,4.155,0.715,7785.225297680508,0.0,962.6356440130228,0.0,0.0,8747.86094169353,10673.132229719577,1.0,1.2,0.6841751429307421,10673.132229719577,0.0,1.0,155.70450595361018,7248.044752140553,0.0,914.5038618123716,0.0,0.0,8310.467894608853,1.7569719803466262,8.784859901733132,,0.09706613921797193,0.09835296195797553,160.46252112340719,802.312605617036,42.85835032012518,71.29785896372694,1.922721607043991,2.86123598892059,4.7598658948897254,-1.8986299059691354,2.5284448474274956,703.5397209693658,6925.9810707575325,0.0,0.0,703.5397209693658,7888.6167147705555,7888.6167147705555,703.5397209693658,0.39085540053853657,703.5397209693658,2392.035051295844,9813.8880027966,9813.8880027966,33367.21920950844,10517.427723765966,10517.427723765966,35759.254260804286,0.8764523103138305,5.973704733178529,29.868523665892646,1.7569719803466264,4202.738561133802,4202.738561133802,0.0,4202.738561133802,4202.738561133802,0.0,703.5397209693658,0.0,703.5397209693658,2392.035051295844,0.0,8747.86094169353,-0.3988830668543703,188.77943661577314
44,44,2025,3SB,3,SB,MD,5,OP,MD,3.4,70,12000,1.6,5.0,75,1800,1,4,0.05,0.01,8002.0,0.0,989.0,0.0,0.0,1.0,1.0,1.0,3.66,1.83,0.13729977116704806,0.13729977116704806,30,4.136,0.708,6014.866928953372,0.0,743.4020735734672,0.0,0.0,6758.269002526839,8245.073149673774,1.0,1.2,0.5285303301072932,8245.073149673774,0.0,1.0,120.29733857906744,5599.841110855589,0.0,706.2319698947938,0.0,0.0,6420.355552400497,0.5643259412143855,2.8216297060719278,,0.10143619889564934,0.10175566163663496,153.89963120404397,769.4981560202199,59.754055294990856,73.42980411137252,1.3999932107103112,2.7781634782872215,3.4139942300635986,-0.635830751776377,0.6846006666157013,568.0265967047815,5326.542993669523,0.0,0.0,568.0265967047815,6069.94506724299,30349.72533621495,568.0265967047815,0.3155703315026564,2840.1329835239076,9656.452143981285,7556.749214389924,37783.74607194962,128464.73664462872,8124.775811094706,40623.87905547353,138121.18878861002,0.6770646509245588,1.9187082001289106,9.593541000644555,0.5643259412143855,1089.8772889887819,1089.8772889887819,0.0,5449.38644494391,5449.38644494391,0.0,2840.1329835239076,0.0,2840.1329835239076,9656.452143981285,0.0,33791.3450126342,-0.18624247990147666,181.05838965181644
45,45,2025,3SB,3,SB,PM-Shoulder,1,OP,PM,3.4,70,12000,1.6,5.0,75,1800,1,4,0.05,0.01,5331.0,0.0,659.0,0.0,0.0,1.0,1.0,1.0,3.66,1.83,0.13729977116704806,0.13729977116704806,30,4.135,0.592,5610.539192624803,0.0,693.5556795985266,0.0,0.0,6304.09487222333,7691.206231420383,1.0,1.2,0.49302604047566556,7691.206231420383,0.0,1.0,112.21078385249606,5223.411988333692,0.0,658.8778956186002,0.0,0.0,5988.890128612163,0.3632206563652374,1.816103281826187,,0.10795706907165015,0.10816842733412184,129.91830807993216,649.5915403996607,62.59722371110255,73.53616103988804,1.187673688944254,2.774145360802079,3.2589304749599872,-0.48478511415790804,0.4721633221237541,563.9042488142258,4934.424159958081,0.0,0.0,563.9042488142258,5627.979839556608,5627.979839556608,563.9042488142258,0.3132801382301254,563.9042488142258,1917.2744459683674,7015.09119875366,7015.09119875366,23851.310075762445,7578.995447567886,7578.995447567886,25768.584521730812,0.6315829539639904,1.2349502316418073,6.174751158209036,0.3632206563652374,696.3936826969274,696.3936826969274,0.0,696.3936826969274,696.3936826969274,0.0,563.9042488142258,0.0,563.9042488142258,1917.2744459683674,0.0,6304.09487222333,-0.14875589334683803,152.84506832933192
46,46,2025,3SB,3,SB,PM-Peak,3,Peak,PM,3.4,70,12000,1.6,5.0,75,1800,1,4,0.05,0.01,7281.0,0.0,900.0,0.0,0.0,1.0,1.0,1.0,3.66,1.83,0.13729977116704806,0.13729977116704806,30,4.135,0.592,5314.091922287379,0.0,656.8716838426922,0.0,0.0,5970.963606130072,7284.706973815455,1.0,1.2,0.46696839575740096,7284.706973815455,0.0,1.0,106.28183844574758,4947.41957964955,0.0,624.0280996505576,0.0,0.0,5672.415425823568,0.3020510306946287,1.5102551534731434,,0.11080151188092587,0.11096735816163346,128.7752460304616,643.8762301523079,64.26700487673006,73.71178490229013,1.6811838469896987,2.7675357511748704,3.174257154060478,-0.40672140288560765,0.3561608724914264,548.1815693344648,4659.628514507166,0.0,0.0,548.1815693344648,5316.500198349859,15949.500595049576,548.1815693344648,0.3045453162969249,1644.5447080033946,5591.452007211541,6630.243566035242,19890.730698105726,67628.48437355946,7178.425135369707,21535.275406109122,73219.936380771,0.5982020946141423,1.0269735043617374,5.134867521808688,0.3020510306946287,562.967947285932,562.967947285932,0.0,1688.9038418577961,1688.9038418577961,0.0,1644.5447080033946,0.0,1644.5447080033946,5591.452007211541,0.0,17912.890818390217,-0.12813120775843057,151.5002894476019
47,47,2025,3SB,3,SB,PM-Late,3,OP,PM,3.4,70,12000,1.6,5.0,75,1800,1,4,0.05,0.01,6623.0,0.0,819.0,0.0,0.0,1.0,1.0,1.0,3.66,1.83,0.13729977116704806,0.13729977116704806,30,4.135,0.592,3973.7999999999997,0.0,491.4,0.0,0.0,4465.2,5448.0,1.0,1.2,0.34923076923076923,5448.0,0.0,1.0,79.476,3699.6077999999993,0.0,466.83,0.0,0.0,4241.94,0.15043501301457624,0.7521750650728811,,0.13723932466631836,0.13729706634791514,119.3169522318889,596.5847611594445,68.7000592664697,74.1600625158876,0.464916219405535,2.7508067425954,2.9694297527275335,-0.21862301013213337,0.07554733266529232,507.7316760022437,3386.592323997756,0.0,0.0,507.7316760022437,3877.992323997756,11633.976971993268,507.7316760022437,0.28207315333457983,1523.1950280067313,5178.863095222886,4860.792323997755,14582.376971993266,49580.081704777105,5368.523999999999,16105.571999999996,54758.94479999999,0.44737699999999997,0.5114790442495591,2.5573952212477957,0.15043501301457624,259.69411237685443,259.69411237685443,0.0,779.0823371305632,779.0823371305632,0.0,1523.1950280067313,0.0,1523.1950280067313,5178.863095222886,0.0,13395.599999999999,-0.07362457722103709,140.3728849786928
48,48,2025,4NB,4,NB,Night,8,OP,NT,4.4,70,12000,1.6,6.5,75,1800,1,4,0.05,0.01,3091.0,0.0,382.0,0.0,0.0,1.0,1.0,1.0,3.66,1.83,0.13729977116704806,0.13729977116704806,30,4.103,0.708,2259.6273365637903,0.0,279.25514156174955,0.0,0.0,2538.88247812554,3097.392761249039,1.0,1.2,0.19855081802878455,3097.392761249039,0.0,1.0,45.192546731275804,2103.713050340889,0.0,265.2923844836621,0.0,0.0,2411.9383542192627,0.1448037897819926,0.724018948909963,,0.1372993099542114,0.13729876069356978,131.1647851609681,655.8239258048405,69.99109522099178,74.91116112161166,0.0,3.5241744494043994,3.7719084001534657,-0.24773395074906635,0.0006573653531053037,288.83835015347324,1925.5964396790414,0.0,0.0,288.83835015347324,2204.851581240791,17638.812649926327,288.83835015347324,0.16046575008526293,2310.706801227786,10167.10992540226,2763.3618643642903,22106.894914914323,97270.33762562303,3052.2002145177635,24417.601716142108,107437.44755102528,0.2543500178764803,0.6371366750407674,3.1856833752038374,0.1448037897819926,184.02950604104487,184.02950604104487,0.0,1472.236048328359,1472.236048328359,0.0,2310.706801227786,0.0,2310.706801227786,10167.10992540226,0.0,20311.05982500432,-0.0656786762740545,154.31151195408012
49,49,2025,4NB,4,NB,AM-Early,1,OP,AM,4.4,70,12000,1.6,6.5,75,1800,1,4,0.05,0.01,2962.0,0.0,366.0,0.0,0.0,1.0,1.0,1.0,3.66,1.83,0.13729977116704806,0.13729977116704806,30,4.155,0.715,2259.7234873940033,0.0,279.22309128501183,0.0,0.0,2538.946578679015,3097.392761249039,1.0,1.2,0.19855081802878455,3097.392761249039,0.0,1.0,45.19446974788007,2103.8025667638167,0.0,265.26193672076124,0.0,0.0,2411.9992497450644,0.1537040182228273,0.7685200911141365,,0.13729766350265,0.1372958453186527,139.22701256414663,696.1350628207332,69.99109540287587,74.91114969859069,0.0,3.524174986797281,3.771908390351503,-0.2477334035542218,0.0006573519244161197,288.84717688754984,1925.6818407585736,0.0,0.0,288.84717688754984,2204.904932043585,2204.904932043585,288.84717688754984,0.16047065382641656,288.84717688754984,1270.9275783052194,2763.351114613609,2763.351114613609,12158.74490429988,3052.1982915011586,3052.1982915011586,13429.6724826051,0.25434985762509654,0.6762976801804402,3.3814884009022013,0.1537040182228273,195.34667565571922,195.34667565571922,0.0,195.34667565571922,195.34667565571922,0.0,288.84717688754984,0.0,288.84717688754984,1270.9275783052194,0.0,2538.946578679015,-0.06567853137364654,163.79648536958427
50,50,2025,4NB,4,NB,AM-Peak,2,Peak,AM,4.4,70,12000,1.6,6.5,75,1800,1,4,0.05,0.01,6108.0,0.0,755.0,0.0,0.0,1.0,1.0,1.0,3.66,1.83,0.13729977116704806,0.13729977116704806,30,4.155,0.715,3664.7999999999997,0.0,453.0,0.0,0.0,4117.799999999999,5023.799999999999,1.0,1.2,0.3220384615384615,5023.799999999999,0.0,1.0,73.29599999999999,3411.9287999999997,0.0,430.34999999999997,0.0,0.0,3911.909999999999,0.1450260637626051,0.7251303188130255,,0.1372312030755083,0.13728187988806861,139.24051632862881,696.2025816431442,69.7940355903975,74.39062687595569,0.8666621447197287,3.5488341890197095,3.7825581765947063,-0.2337239875749968,0.015247559077604776,468.2230940319753,3123.2809059680244,0.0,0.0,468.2230940319753,3576.2809059680244,7152.561811936049,468.2230940319753,0.26012394112887516,936.4461880639506,4120.363227481383,4482.280905968024,8964.561811936048,39444.07197251861,4950.503999999999,9901.007999999998,43564.43519999999,0.4125419999999999,0.6381146805554625,3.1905734027773125,0.1450260637626051,298.7800300769042,298.7800300769042,0.0,597.5600601538084,597.5600601538084,0.0,936.4461880639506,0.0,936.4461880639506,4120.363227481383,0.0,8235.599999999999,-0.06178992540582935,163.81237215132805
51,51,2025,4NB,4,NB,AM-Shoulder,1,OP,AM,4.4,70,12000,1.6,6.5,75,1800,1,4,0.05,0.01,6983.0,0.0,863.0,0.0,0.0,1.0,1.0,1.0,3.66,1.83,0.13729977116704806,0.13729977116704806,30,4.155,0.715,4189.8,0.0,517.8,0.0,0.0,4707.6,5743.2,1.0,1.2,0.36815384615384616,5743.2,0.0,1.0,83.796,3900.7038,0.0,491.9099999999999,0.0,0.0,4472.22,0.15799267614212992,0.7899633807106496,,0.12473767153754899,0.12481439620932237,145.20474132462516,726.0237066231258,69.4801196026635,74.25146278779927,0.8531485960795326,3.555485509483855,3.799648036153922,-0.24416252667006688,0.03866066667372991,486.5647093696691,3619.4392906303315,0.0,0.0,486.5647093696691,4137.239290630331,4137.239290630331,486.5647093696691,0.27031372742759396,486.5647093696691,2140.884721226544,5172.839290630332,5172.839290630332,22760.49287877346,5659.404,5659.404,24901.377600000003,0.47161700000000006,0.6951677750253717,3.4758388751268585,0.15799267614212992,338.24410641837954,338.24410641837954,0.0,338.24410641837954,338.24410641837954,0.0,486.5647093696691,0.0,486.5647093696691,2140.884721226544,0.0,4707.6,-0.06425924831638169,170.8291074407355
52,52,2025,4NB,4,NB,MD,5,OP,MD,4.4,70,12000,1.6,6.5,75,1800,1,4,0.05,0.01,7316.0,0.0,904.0,0.0,0.0,1.0,1.0,1.0,3.66,1.83,0.13729977116704806,0.13729977116704806,30,4.136,0.708,4811.04790260831,0.0,594.4761213720493,0.0,0.0,5405.52402398036,6594.476266724458,1.0,1.2,0.42272283761054213,6594.476266724458,0.0,1.0,96.22095805216621,4479.085597328337,0.0,564.7523153034468,0.0,0.0,5135.247822781342,0.19176134417337182,0.9588067208668591,,0.10874581784874483,0.10885671119029432,149.71040088807246,748.5520044403623,68.63832839049631,74.18194147720064,1.301642736478962,3.558817614407393,3.8462475149169504,-0.2874299005095575,0.1025019525790794,487.08182649600377,4227.745118060141,0.0,0.0,487.08182649600377,4822.2212394321905,24111.106197160952,487.08182649600377,0.2706010147200021,2435.409132480019,10715.800182912084,6011.173482176289,30055.867410881445,132245.81660787837,6498.255308672293,32491.276543361462,142961.61679079046,0.541521275722691,0.8437499143628361,4.218749571814181,0.19176134417337184,410.97524939369697,410.97524939369697,0.0,2054.876246968485,2054.876246968485,0.0,2435.409132480019,0.0,2435.409132480019,10715.800182912084,0.0,27027.6201199018,-0.07472995416826778,176.1298833977323
53,53,2025,4NB,4,NB,PM-Shoulder,1,OP,PM,4.4,70,12000,1.6,6.5,75,1800,1,4,0.05,0.01,7941.0,0.0,982.0,0.0,0.0,1.0,1.0,1.0,3.66,1.83,0.13729977116704806,0.13729977116704806,30,4.135,0.592,6887.834743723296,0.0,851.7634703861323,0.0,0.0,7739.598214109428,9443.125154881693,1.0,1.2,0.6053285355693393,9443.125154881693,0.0,1.0,137.75669487446592,6412.5741464063885,0.0,809.1752968668256,0.0,0.0,7352.618303403957,0.6081287125523256,3.0406435627616277,,0.09167954822705679,0.09225417864436174,137.08272267448368,685.4136133724185,57.2858796866603,73.06990841017408,2.356932913027693,3.6129783893808916,4.60846549697788,-0.9954871075969884,1.1467405880025527,587.9019007150421,6162.176148133788,0.0,0.0,587.9019007150421,7013.93961851992,7013.93961851992,587.9019007150421,0.3266121670639123,587.9019007150421,2586.7683631461855,8717.466559292185,8717.466559292185,38356.852860885614,9305.368460007227,9305.368460007227,40943.6212240318,0.7754473716672688,2.6757663352302328,13.378831676151163,0.6081287125523256,1573.0881143511763,1573.0881143511763,0.0,1573.0881143511763,1573.0881143511763,0.0,587.9019007150421,0.0,587.9019007150421,2586.7683631461855,0.0,7739.598214109428,-0.21601270710387324,161.2737913817455
54,54,2025,4NB,4,NB,PM-Peak,3,Peak,PM,4.4,70,12000,1.6,6.5,75,1800,1,4,0.05,0.01,6919.0,0.0,855.0,0.0,0.0,1.0,1.0,1.0,3.66,1.83,0.13729977116704806,0.13729977116704806,30,4.135,0.592,7075.625486013744,0.0,874.3546452582383,0.0,0.0,7949.980131271983,9698.689421788458,1.0,1.2,0.621710860371055,9698.689421788458,0.0,1.0,141.5125097202749,6587.407327478796,0.0,830.6369129953264,0.0,0.0,7552.4811247083835,0.7000802451851214,3.5004012259256068,,0.09144332088289996,0.09212299764822597,137.14713578368503,685.7356789184252,55.36739434808054,72.87425209029496,3.792313196283531,3.6226786886662024,4.768149252975498,-1.1454705643092953,1.3655073337192896,602.37440203301,6331.73857426046,0.0,0.0,602.37440203301,7206.093219518699,21618.279658556097,602.37440203301,0.33465244557389445,1807.12320609903,7951.342106835733,8954.802510035175,26864.407530105527,118203.39313246433,9557.176912068186,28671.530736204557,126154.73523930006,0.7964314093390155,3.080353078814534,15.40176539407267,0.7000802451851214,1855.5258439014465,1855.5258439014465,0.0,5566.577531704339,5566.577531704339,0.0,1807.12320609903,0.0,1807.12320609903,7951.342106835733,0.0,23849.94039381595,-0.24023378957663294,161.34957151021766
55,55,2025,4NB,4,NB,PM-Late,3,OP,PM,4.4,70,12000,1.6,6.5,75,1800,1,4,0.05,0.01,7138.0,0.0,882.0,0.0,0.0,1.0,1.0,1.0,3.66,1.83,0.13729977116704806,0.13729977116704806,30,4.135,0.592,4762.437002652254,0.0,588.4658778844617,0.0,0.0,5350.902880536715,6527.834636305639,1.0,1.2,0.41845093822472046,6527.834636305639,0.0,1.0,95.24874005304508,4433.828849469248,0.0,559.0425839902387,0.0,0.0,5083.357736509879,0.1580528119542932,0.790264059771466,,0.11317278777969957,0.11327313255432045,127.85638590381048,639.2819295190524,68.74995650526266,74.10308203173771,1.2002001958043642,3.562604857473149,3.8400024293803208,-0.27739757190717196,0.09394618539389651,501.7887714324927,4165.399491166716,0.0,0.0,501.7887714324927,4753.865369051177,14261.596107153531,501.7887714324927,0.2787715396847182,1505.366314297478,6623.611782908904,5930.797124820101,17792.391374460305,78286.52204762535,6432.585896252594,19297.75768875778,84910.13383053425,0.5360488246877161,0.6954323725988901,3.4771618629944507,0.1580528119542932,348.96015586078056,348.96015586078056,0.0,1046.8804675823417,1046.8804675823417,0.0,1505.366314297478,0.0,1505.366314297478,6623.611782908904,0.0,16052.708641610145,-0.07223890531546796,150.41927753389464
56,56,2025,4SB,4,SB,Night,8,OP,NT,4.4,70,12000,1.6,5.0,75,1800,1,4,0.05,0.01,2482.0,0.0,307.0,0.0,0.0,1.0,1.0,1.0,3.66,1.83,0.13729977116704806,0.13729977116704806,30,4.103,0.708,1489.2,0.0,184.2,0.0,0.0,1673.4,2041.8,1.0,1.2,0.13088461538461538,2041.8,0.0,1.0,29.784000000000002,1386.4451999999999,0.0,174.98999999999998,0.0,0.0,1589.73,0.14681403698085044,0.7340701849042521,,0.1372995840005308,0.13729968369245846,131.1671523550456,655.835761775228,69.99020958290276,74.98322399775134,0.0,3.52078752986024,3.7719561289110644,-0.25116859905082434,0.0007227537510153746,190.3583491995327,1269.0576508004672,0.0,0.0,190.3583491995327,1453.2576508004672,11626.061206403738,190.3583491995327,0.10575463844418484,1522.8667935962617,6700.613891823552,1821.657650800467,14573.261206403737,64122.349308176446,2012.0159999999998,16096.127999999999,70822.9632,0.16766799999999998,0.6459817627157419,3.2299088135787097,0.14681403698085044,122.96802196357288,122.96802196357288,0.0,983.744175708583,983.744175708583,0.0,1522.8667935962617,0.0,1522.8667935962617,6700.613891823552,0.0,13387.2,-0.06658842003110328,154.31429688828894
57,57,2025,4SB,4,SB,AM-Early,1,OP,AM,4.4,70,12000,1.6,5.0,75,1800,1,4,0.05,0.01,6693.0,0.0,827.0,0.0,0.0,1.0,1.0,1.0,3.66,1.83,0.13729977116704806,0.13729977116704806,30,4.155,0.715,8031.599999999999,0.0,992.4,0.0,0.0,9024.0,11008.8,1.0,1.2,0.7056923076923076,11008.8,0.0,1.0,160.632,7477.419599999999,0.0,942.78,0.0,0.0,8572.8,1.8299997001874027,9.149998500937013,,0.10650089151799326,0.10844474960466567,154.147763022444,770.73881511222,40.83368159943714,69.45109229112578,2.2484327293423734,3.8012361114978894,6.465250980544429,-2.6640148690465395,3.6905367004887264,796.3518536541164,7074.616146345883,0.0,0.0,796.3518536541164,8067.016146345883,8067.016146345883,796.3518536541164,0.4424176964745091,796.3518536541164,3503.948156078113,10051.816146345882,10051.816146345882,44227.99104392188,10848.167999999998,10848.167999999998,47731.93919999999,0.9040139999999999,8.051998680824573,40.25999340412286,1.8299997001874027,6412.224075095149,6412.224075095149,0.0,6412.224075095149,6412.224075095149,0.0,796.3518536541164,0.0,796.3518536541164,3503.948156078113,0.0,9024.0,-0.4120512687076236,181.3503094381694
58,58,2025,4SB,4,SB,AM-Peak,2,Peak,AM,4.4,70,12000,1.6,5.0,75,1800,1,4,0.05,0.01,8936.0,0.0,1104.0,0.0,0.0,1.0,1.0,1.0,3.66,1.83,0.13729977116704806,0.13729977116704806,30,4.155,0.715,10157.470189192063,0.0,1254.90679150269,0.0,0.0,11412.376980694753,13922.190563700133,1.0,1.2,0.8924481130577008,13922.190563700133,0.0,1.0,203.14940378384128,9456.60474613781,0.0,1192.1614519275556,0.0,0.0,10841.758131660015,3.6599985735974054,18.299992867987026,,0.13729976397490204,0.1372993145740406,129.92470196659536,649.6235098329768,22.865278672543692,50.531071266311415,2.3957458627374546,5.224508275485667,11.545890333582836,-6.321382058097169,10.651012614151346,1298.3895996486597,8655.931185759562,0.0,0.0,1298.3895996486597,9910.837977262252,19821.675954524504,1298.3895996486597,0.7213275553603665,2596.7791992973193,11425.828476908206,12420.651560267634,24841.303120535267,109301.73373035519,13719.041159916293,27438.082319832585,120727.5622072634,1.1432534299930244,16.103993723828584,80.51996861914292,3.6599985735974054,20909.257963826323,20909.257963826323,0.0,41818.51592765265,41818.51592765265,0.0,2596.7791992973193,0.0,2596.7791992973193,11425.828476908206,0.0,22824.753961389506,-0.5475006149773088,152.8525905489357
59,59,2025,4SB,4,SB,AM-Shoulder,1,OP,AM,4.4,70,12000,1.6,5.0,75,1800,1,4,0.05,0.01,7943.0,0.0,982.0,0.0,0.0,1.0,1.0,1.0,3.66,1.83,0.13729977116704806,0.13729977116704806,30,4.155,0.715,9531.6,0.0,1178.3999999999999,0.0,0.0,10710.0,13066.8,1.0,1.2,0.8376153846153845,13066.8,0.0,1.0,190.632,8873.919600000001,0.0,1119.4799999999998,0.0,0.0,10174.5,3.659997062545353,18.299985312726765,,0.11689927126424733,0.12184722639244903,146.72329449374996,733.6164724687499,26.72034402427792,61.64655068599505,2.254481994171148,4.282478047226345,9.880112312930232,-5.597634265703887,8.368896725857276,1037.3547344975213,8303.61326550248,0.0,0.0,1037.3547344975213,9482.013265502479,9482.013265502479,1037.3547344975213,0.5763081858319563,1037.3547344975213,4564.360831789094,11838.813265502478,11838.813265502478,52090.77836821091,12876.168,12876.168,56655.139200000005,1.073014,16.103987075199555,80.51993537599778,3.659997062545353,16705.54723674515,16705.54723674515,0.0,16705.54723674515,16705.54723674515,0.0,1037.3547344975213,0.0,1037.3547344975213,4564.360831789094,0.0,10710.0,-0.566555732203387,172.6156405808823
60,60,2025,4SB,4,SB,MD,5,OP,MD,4.4,70,12000,1.6,5.0,75,1800,1,4,0.05,0.01,7386.0,0.0,913.0,0.0,0.0,1.0,1.0,1.0,3.66,1.83,0.13729977116704806,0.13729977116704806,30,4.136,0.708,6453.970024246335,0.0,797.7896875354595,0.0,0.0,7251.759711781795,8847.339086852713,1.0,1.2,0.567137120952097,8847.339086852713,0.0,1.0,129.0794004849267,6008.646092573337,0.0,757.9002031586865,0.0,0.0,6889.171726192705,0.7489924596525099,3.74496229826255,,0.09945095112167861,0.1000415644678709,154.9605895044089,774.8029475220444,56.19282706758705,73.05966489822478,1.997877917117897,3.6134849559981315,4.698108526956096,-1.0846235709579646,1.2695515390727081,597.5655688599761,5727.325054901432,0.0,0.0,597.5655688599761,6525.114742436892,32625.573712184458,597.5655688599761,0.3319808715888756,2987.827844299881,13146.442514919476,8120.69411750781,40603.47058753905,178655.27058517182,8718.259686367786,43591.29843183893,191801.7131000913,0.7265216405306488,3.295566822471044,16.47783411235522,0.7489924596525099,1969.3172629859735,1969.3172629859735,0.0,9846.586314929868,9846.586314929868,0.0,2987.827844299881,0.0,2987.827844299881,13146.442514919476,0.0,36258.79855890897,-0.23086388165253646,182.30657588753982
61,61,2025,4SB,4,SB,PM-Shoulder,1,OP,PM,4.4,70,12000,1.6,5.0,75,1800,1,4,0.05,0.01,4922.0,0.0,608.0,0.0,0.0,1.0,1.0,1.0,3.66,1.83,0.13729977116704806,0.13729977116704806,30,4.135,0.592,5305.814603962553,0.0,655.4114748494985,0.0,0.0,5961.226078812051,7272.049028511048,1.0,1.2,0.4661569890071185,7272.049028511048,0.0,1.0,106.11629207925105,4939.713396289136,0.0,622.6409011070235,0.0,0.0,5663.164774871449,0.30036330654398286,1.5018165327199142,,0.11086704589138785,0.11108010592921039,128.72984542869506,643.6492271434752,64.31424851804354,73.71716004205305,1.3880217144687383,3.5812557055833034,4.104844666356229,-0.5235889607729254,0.45678005005089045,547.651431796691,4652.04688008661,0.0,0.0,547.651431796691,5307.458354936109,5307.458354936109,547.651431796691,0.3042507954426061,547.651431796691,2409.6662999054406,6618.281304635106,6618.281304635106,29120.437740394467,7165.932736431797,7165.932736431797,31530.104040299906,0.5971610613693165,1.3215985487935247,6.607992743967623,0.30036330654398286,723.7753375072027,723.7753375072027,0.0,723.7753375072027,723.7753375072027,0.0,547.651431796691,0.0,547.651431796691,2409.6662999054406,0.0,5961.226078812051,-0.12755390357747753,151.44687697493532
62,62,2025,4SB,4,SB,PM-Peak,3,Peak,PM,4.4,70,12000,1.6,5.0,75,1800,1,4,0.05,0.01,6721.0,0.0,831.0,0.0,0.0,1.0,1.0,1.0,3.66,1.83,0.13729977116704806,0.13729977116704806,30,4.135,0.592,5887.543226323275,0.0,727.9494749404317,0.0,0.0,6615.492701263707,8071.3916511445705,1.0,1.2,0.5173969007143956,8071.3916511445705,0.0,1.0,117.7508645264655,5481.3027437069695,0.0,691.5520011934101,0.0,0.0,6284.718066200521,0.4331551720264728,2.165775860132364,,0.10592538316220823,0.10626856100260401,130.71228377959847,653.5614188979923,60.7822213869198,73.33827935146347,2.5987953798076875,3.5997572118486287,4.343375315611815,-0.7436181037631862,0.7835670395310438,580.609093355224,5189.183268441586,0.0,0.0,580.609093355224,5917.132743382018,17751.398230146053,580.609093355224,0.3225606074195689,1741.8272800656719,7664.040032288956,7373.031693262881,22119.095079788643,97324.01835107004,7953.640786618105,23860.922359854314,104988.058383359,0.6628033988848421,1.9058827569164805,9.529413784582403,0.4331551720264728,1106.5728595346325,1106.5728595346325,0.0,3319.718578603897,3319.718578603897,0.0,1741.8272800656719,0.0,1741.8272800656719,7664.040032288956,0.0,19846.478103791123,-0.17120742503884653,153.77915738776292
63,63,2025,4SB,4,SB,PM-Late,3,OP,PM,4.4,70,12000,1.6,5.0,75,1800,1,4,0.05,0.01,6114.0,0.0,756.0,0.0,0.0,1.0,1.0,1.0,3.66,1.83,0.13729977116704806,0.13729977116704806,30,4.135,0.592,3668.4,0.0,453.59999999999997,0.0,0.0,4122.0,5029.2,1.0,1.2,0.3223846153846154,5029.2,0.0,1.0,73.36800000000001,3415.2804,0.0,430.91999999999996,0.0,0.0,3915.8999999999996,0.14379787837243063,0.7189893918621532,,0.13716197244574432,0.13720756723905098,119.3424297201364,596.7121486006819,69.12296073119336,74.38930650858873,0.5565449098990124,3.548897178783613,3.8192808468758748,-0.2703836680922618,0.06555761736280531,468.4465961192907,3126.5854038807097,0.0,0.0,468.4465961192907,3580.1854038807096,10740.556211642128,468.4465961192907,0.2602481089551615,1405.339788357872,6183.495068774638,4487.385403880709,13462.156211642128,59233.48733122537,4955.832,14867.496000000001,65416.98240000001,0.412986,0.6327106648386949,3.163553324193474,0.14379787837243063,296.39115727206,296.39115727206,0.0,889.17347181618,889.17347181618,0.0,1405.339788357872,0.0,1405.339788357872,6183.495068774638,0.0,12366.0,-0.07079439269658117,140.40285849427812
64,64,2025,5NB,5,NB,Night,8,OP,NT,3.0,70,8000,1.6,6.5,75,1800,1,4,0.05,0.01,1592.0,0.0,197.0,0.0,0.0,1.0,1.0,1.0,3.66,1.83,0.1933404940923738,0.1933404940923738,30,4.103,0.708,1563.8128011267568,0.0,193.51201119470545,0.0,0.0,1757.324812321462,2144.3488347108732,1.0,1.2,0.18485765816473046,2144.3488347108732,0.0,1.0,31.276256022535136,1455.9097178490106,0.0,183.83641063497018,0.0,0.0,1669.458571705389,0.12379615512276396,0.6189807756138198,,0.19333395897027447,0.19333397672730276,111.7071793435491,558.5358967177455,69.99138472153913,74.93170611932368,0.0,2.402187395991787,2.571745090001153,-0.16955769400936616,0.0004336304444369943,281.4767896550445,1251.0597554491771,0.0,0.0,281.4767896550445,1444.5717666438827,11556.574133151062,281.4767896550445,0.15637599425280252,2251.814317240356,6755.442951721068,1831.5957890332934,14652.766312266347,43958.29893679904,2113.0725786883377,16904.5806295067,50713.741888520104,0.2641340723360422,0.37138846536829184,1.8569423268414593,0.12379615512276396,104.53723294678046,104.53723294678046,0.0,836.2978635742437,836.2978635742437,0.0,2251.814317240356,0.0,2251.814317240356,6755.442951721068,0.0,14058.598498571697,-0.06593098774392532,131.42021099241072
65,65,2025,5NB,5,NB,AM-Early,1,OP,AM,3.0,70,8000,1.6,6.5,75,1800,1,4,0.05,0.01,2313.0,0.0,286.0,0.0,0.0,1.0,1.0,1.0,3.66,1.83,0.1933404940923738,0.1933404940923738,30,4.155,0.715,1564.137134874251,0.0,193.40389994554076,0.0,0.0,1757.5410348197918,2144.3488347108732,1.0,1.2,0.18485765816473046,2144.3488347108732,0.0,1.0,31.28274269748502,1456.2116725679275,0.0,183.73370494826372,0.0,0.0,1669.6639830788022,0.13119290643304576,0.6559645321652288,,0.19333955068467132,0.19333889472676916,118.383098892123,591.9154944606149,69.99138672076177,74.93164238641451,0.0,2.4021894391658885,2.571745016542243,-0.16955557737635463,0.00043352980573001384,281.54331047605683,1251.311081700709,0.0,0.0,281.54331047605683,1444.71498164625,1444.71498164625,281.54331047605683,0.15641295026447602,281.54331047605683,844.6299314281705,1831.5227815373314,1831.5227815373314,5494.568344611995,2113.0660920133882,2113.0660920133882,6339.198276040165,0.26413326150167354,0.3935787192991373,1.9678935964956863,0.13119290643304576,110.80945556440584,110.80945556440584,0.0,110.80945556440584,110.80945556440584,0.0,281.54331047605683,0.0,281.54331047605683,844.6299314281705,0.0,1757.5410348197918,-0.06593016659339156,139.27423399073294
66,66,2025,5NB,5,NB,AM-Peak,2,Peak,AM,3.0,70,8000,1.6,6.5,75,1800,1,4,0.05,0.01,4412.0,0.0,545.0,0.0,0.0,1.0,1.0,1.0,3.66,1.83,0.1933404940923738,0.1933404940923738,30,4.155,0.715,2647.2,0.0,327.0,0.0,0.0,2974.2,3628.2,1.0,1.2,0.3127758620689655,3628.2,0.0,1.0,52.943999999999996,2464.5431999999996,0.0,310.65,0.0,0.0,2825.49,0.1263550396525932,0.631775198262966,,0.1931059506250318,0.19312679073740713,118.45053533956775,592.2526766978388,69.7378399564756,74.44522594224613,0.7516729252989132,2.4178850654525816,2.5810951430721203,-0.16321007761953865,0.013243203151661852,475.9179574924578,2118.338042507542,0.0,0.0,475.9179574924578,2445.338042507542,4890.676085015084,475.9179574924578,0.26439886527358764,951.8359149849156,2855.5077449547466,3099.338042507542,6198.676085015084,18596.028255045254,3575.256,7150.512,21451.536,0.446907,0.3790651189577796,1.895325594788898,0.1263550396525932,180.403897171022,180.403897171022,0.0,360.807794342044,360.807794342044,0.0,951.8359149849156,0.0,951.8359149849156,2855.5077449547466,0.0,5948.4,-0.06323287929064081,139.35357098772678
67,67,2025,5NB,5,NB,AM-Shoulder,1,OP,AM,3.0,70,8000,1.6,6.5,75,1800,1,4,0.05,0.01,4147.0,0.0,512.0,0.0,0.0,1.0,1.0,1.0,3.66,1.83,0.1933404940923738,0.1933404940923738,30,4.155,0.715,2488.2,0.0,307.2,0.0,0.0,2795.3999999999996,3409.7999999999997,1.0,1.2,0.29394827586206895,3409.7999999999997,0.0,1.0,49.763999999999996,2316.5141999999996,0.0,291.84,0.0,0.0,2655.6299999999997,0.1267855949225418,0.633927974612709,,0.19332875383924342,0.19334031532797608,118.38336696353844,591.9168348176922,69.82489373262365,74.5644799458374,0.45020324177942117,2.4140180435879053,2.577877177862431,-0.1638591342745257,0.008834590814387505,447.8488035369118,1990.587196463088,0.0,0.0,447.8488035369118,2297.787196463088,2297.787196463088,447.8488035369118,0.2488048908538399,447.8488035369118,1343.5464106107354,2912.187196463088,2912.187196463088,8736.561589389265,3360.036,3360.036,10080.108,0.4200045,0.38035678476762536,1.9017839238381269,0.1267855949225418,170.3423309753277,170.3423309753277,0.0,170.3423309753277,170.3423309753277,0.0,447.8488035369118,0.0,447.8488035369118,1343.5464106107354,0.0,2795.3999999999996,-0.06356359243243592,139.27454936886875
68,68,2025,5NB,5,NB,MD,5,OP,MD,3.0,70,8000,1.6,6.5,75,1800,1,4,0.05,0.01,4546.0,0.0,562.0,0.0,0.0,1.0,1.0,1.0,3.66,1.83,0.1933404940923738,0.1933404940923738,30,4.136,0.708,2727.6,0.0,337.2,0.0,0.0,3064.7999999999997,3739.2,1.0,1.2,0.32234482758620686,3739.2,0.0,1.0,54.552,2539.3956,0.0,320.34,0.0,0.0,2911.5599999999995,0.12401251550857673,0.6200625775428836,,0.1916809634908809,0.19170465582885907,115.94490821914184,579.7245410957092,69.67900166452768,74.39157862775959,0.5079856020444882,2.4196287176628366,2.5832746695570807,-0.16364595189424413,0.016229154436057724,486.7537952925036,2186.294204707496,0.0,0.0,486.7537952925036,2523.494204707496,12617.47102353748,486.7537952925036,0.270418775162502,2433.768976462518,7301.306929387554,3197.894204707496,15989.47102353748,47968.41307061244,3684.6479999999997,18423.239999999998,55269.719999999994,0.46058099999999996,0.3720375465257302,1.860187732628651,0.12401251550857673,181.09068776271056,181.09068776271056,0.0,905.4534388135528,905.4534388135528,0.0,2433.768976462518,0.0,2433.768976462518,7301.306929387554,0.0,15323.999999999998,-0.06334825863573473,136.405774375461
69,69,2025,5NB,5,NB,PM-Shoulder,1,OP,PM,3.0,70,8000,1.6,6.5,75,1800,1,4,0.05,0.01,5076.0,0.0,627.0,0.0,0.0,1.0,1.0,1.0,3.66,1.83,0.1933404940923738,0.1933404940923738,30,4.135,0.592,3045.6,0.0,376.2,0.0,0.0,3421.7999999999997,4174.2,1.0,1.2,0.3598448275862069,4174.2,0.0,1.0,60.912,2835.4536,0.0,357.39,0.0,0.0,3250.7099999999996,0.12371450300151733,0.6185725150075867,,0.17657080993024724,0.17660222830270675,108.26780623636516,541.3390311818258,69.2956422567524,74.29612942133731,0.7066040936726582,2.422737246232713,2.597565938317863,-0.17482869208514984,0.03580819263832924,500.65833867163525,2484.029661328365,0.0,0.0,500.65833867163525,2860.2296613283647,2860.2296613283647,500.65833867163525,0.2781435214842418,500.65833867163525,1501.9750160149058,3612.629661328365,3612.629661328365,10837.888983985094,4113.2880000000005,4113.2880000000005,12339.864,0.5141610000000001,0.371143509004552,1.85571754502276,0.12371450300151733,185.8160926269801,185.8160926269801,0.0,185.8160926269801,185.8160926269801,0.0,500.65833867163525,0.0,500.65833867163525,1501.9750160149058,0.0,3421.7999999999997,-0.06730481390526924,127.37388968984138
70,70,2025,5NB,5,NB,PM-Peak,3,Peak,PM,3.0,70,8000,1.6,6.5,75,1800,1,4,0.05,0.01,5606.0,0.0,693.0,0.0,0.0,1.0,1.0,1.0,3.66,1.83,0.1933404940923738,0.1933404940923738,30,4.135,0.592,4721.811271969173,0.0,583.6987533847015,0.0,0.0,5305.510025353874,6472.907532123278,1.0,1.2,0.5580092700106274,6472.907532123278,0.0,1.0,94.43622543938345,4396.006294203299,0.0,554.5138157154664,0.0,0.0,5040.23452408618,0.5940051530542604,2.970025765271302,,0.12147462502199757,0.12172661447304102,124.64978603817774,623.2489301908887,56.876269481823826,73.90195623437401,2.949225122769011,2.4356594760380186,3.1647645255201433,-0.7291050494821247,0.8128702571054542,534.0032161826869,4093.3718303471023,0.0,0.0,534.0032161826869,4677.070583731804,14031.211751195411,534.0032161826869,0.296668453434826,1602.0096485480606,4806.0289456441815,5844.4680905012065,17533.40427150362,52600.21281451086,6378.471306683893,19135.41392005168,57406.24176015504,0.7973089133354866,1.782015459162781,8.910077295813906,0.5940051530542604,951.6019864801925,951.6019864801925,0.0,2854.8059594405777,2854.8059594405777,0.0,1602.0096485480606,0.0,1602.0096485480606,4806.0289456441815,0.0,15916.530076061623,-0.2303820848605768,146.64680710373852
71,71,2025,5NB,5,NB,PM-Late,3,OP,PM,3.0,70,8000,1.6,6.5,75,1800,1,4,0.05,0.01,4570.0,0.0,565.0,0.0,0.0,1.0,1.0,1.0,3.66,1.83,0.1933404940923738,0.1933404940923738,30,4.135,0.592,2742.0,0.0,339.0,0.0,0.0,3081.0,3759.0,1.0,1.2,0.32405172413793104,3759.0,0.0,1.0,54.84,2552.8019999999997,0.0,322.05,0.0,0.0,2926.95,0.11109119960396552,0.5554559980198276,,0.19330088714308516,0.19332585196867558,104.32362116050639,521.6181058025319,69.67054750556296,74.35979708623834,0.49719428841790303,2.420662872321263,2.5835881365167626,-0.16292526419549969,0.016658604170821892,493.458891300642,2193.701108699358,0.0,0.0,493.458891300642,2532.701108699358,7598.103326098074,493.458891300642,0.2741438285003567,1480.376673901926,4441.130021705778,3210.701108699358,9632.103326098073,28896.30997829422,3704.16,11112.48,33337.439999999995,0.46302,0.33327359881189655,1.6663679940594829,0.11109119960396552,164.45682056949343,164.45682056949343,0.0,493.3704617084803,493.3704617084803,0.0,1480.376673901926,0.0,1480.376673901926,4441.130021705778,0.0,9243.0,-0.06306162421660531,122.73367195353693
72,72,2025,5SB,5,SB,Night,8,OP,NT,3.0,70,8000,1.6,5.0,75,1800,1,4,0.05,0.01,1472.0,0.0,182.0,0.0,0.0,1.0,1.0,1.0,3.66,1.83,0.1933404940923738,0.1933404940923738,30,4.103,0.708,1017.1803510987656,0.0,125.76550536683108,0.0,0.0,1142.9458564655968,1394.4768671992588,1.0,1.2,0.12021352303441886,1394.4768671992588,0.0,1.0,20.343607021975313,946.9949068729508,0.0,119.47723009848951,0.0,0.0,1085.7985636423168,0.12512940329788136,0.6256470164894068,,0.1932936115366839,0.19329367418658444,111.71947755573942,558.5973877786971,69.99108333938123,74.98777544323528,0.0,2.400391249587842,2.5717561639558317,-0.17136491436798984,0.0004488017623466293,183.0480656563183,813.788678420472,0.0,0.0,183.0480656563183,939.5541837873031,7516.433470298425,183.0480656563183,0.10169336980906572,1464.3845252505464,4393.153575751639,1191.0851945209652,9528.681556167721,28586.044668503164,1374.1332601772835,10993.066081418268,32979.1982442548,0.17176665752216044,0.3753882098936441,1.8769410494682204,0.12512940329788136,68.71408569121955,68.71408569121955,0.0,549.7126855297564,549.7126855297564,0.0,1464.3845252505464,0.0,1464.3845252505464,4393.153575751639,0.0,9143.566851724774,-0.06663342223875503,131.4346794773405
73,73,2025,5SB,5,SB,AM-Early,1,OP,AM,3.0,70,8000,1.6,5.0,75,1800,1,4,0.05,0.01,3483.0,0.0,430.0,0.0,0.0,1.0,1.0,1.0,3.66,1.83,0.1933404940923738,0.1933404940923738,30,4.155,0.715,4179.599999999999,0.0,516.0,0.0,0.0,4695.599999999999,5727.599999999999,1.0,1.2,0.49375862068965515,5727.599999999999,0.0,1.0,83.59199999999998,3891.2075999999997,0.0,490.2,0.0,0.0,4460.82,0.5717924764425755,2.8589623822128774,,0.13380154474844458,0.13398724842443638,140.75678074520593,703.7839037260297,58.97763881894995,74.05955472702634,1.5128593464648339,2.4304764005597392,3.052004176575558,-0.6215277760158187,0.658388579051372,520.6495878168876,3575.358412183112,0.0,0.0,520.6495878168876,4091.358412183112,4091.358412183112,520.6495878168876,0.289249771009382,520.6495878168876,1561.9487634506627,5123.358412183112,5123.358412183112,15370.075236549335,5644.008,5644.008,16932.023999999998,0.7055009999999999,1.7153774293277264,8.576887146638633,0.5717924764425755,893.110551529873,893.110551529873,0.0,893.110551529873,893.110551529873,0.0,520.6495878168876,0.0,520.6495878168876,1561.9487634506627,0.0,4695.599999999999,-0.2036457816100343,165.59621264141873
74,74,2025,5SB,5,SB,AM-Peak,2,Peak,AM,3.0,70,8000,1.6,5.0,75,1800,1,4,0.05,0.01,4270.0,0.0,528.0,0.0,0.0,1.0,1.0,1.0,3.66,1.83,0.1933404940923738,0.1933404940923738,30,4.155,0.715,5124.0,0.0,633.6,0.0,0.0,5757.6,7024.8,1.0,1.2,0.6055862068965517,7024.8,0.0,1.0,102.48,4770.444,0.0,601.92,0.0,0.0,5469.72,1.4025817324131453,7.012908662065726,,0.12616113044121088,0.1267272175451217,144.24731543494812,721.2365771747407,45.63952718123817,73.28209437898886,3.0868348146272817,2.456261676544125,3.943949710197605,-1.48768803365348,1.8803539601135761,601.8446077464919,4419.675392253508,0.0,0.0,601.8446077464919,5053.2753922535085,10106.550784507017,601.8446077464919,0.3343581154147177,1203.6892154929837,3611.0676464789512,6320.475392253508,12640.950784507017,37922.85235352105,6922.32,13844.64,41533.92,0.86529,4.207745197239436,21.03872598619718,1.4025817324131453,2532.4087577297537,2532.4087577297537,0.0,5064.817515459507,5064.817515459507,0.0,1203.6892154929837,0.0,1203.6892154929837,3611.0676464789512,0.0,11515.2,-0.3772076580507264,169.70272404111546
75,75,2025,5SB,5,SB,AM-Shoulder,1,OP,AM,3.0,70,8000,1.6,5.0,75,1800,1,4,0.05,0.01,3240.0,0.0,400.0,0.0,0.0,1.0,1.0,1.0,3.66,1.83,0.1933404940923738,0.1933404940923738,30,4.155,0.715,3888.0,0.0,480.0,0.0,0.0,4368.0,5328.0,1.0,1.2,0.4593103448275862,5328.0,0.0,1.0,77.76,3619.7279999999996,0.0,456.0,0.0,0.0,4149.599999999999,0.42892796651391646,2.1446398325695823,,0.13887003623613092,0.13899842404610183,138.46998768091132,692.3499384045566,62.07140991382598,74.19775793574753,1.3473789221518704,2.425949314477578,2.899885796857117,-0.4739364823795391,0.4499863988371074,502.6717585249377,3307.568241475062,0.0,0.0,502.6717585249377,3787.568241475062,3787.568241475062,502.6717585249377,0.27926208806940983,502.6717585249377,1508.0152755748131,4747.568241475063,4747.568241475063,14242.704724425188,5250.240000000001,5250.240000000001,15750.720000000001,0.6562800000000001,1.2867838995417493,6.433919497708747,0.42892796651391646,646.8299256242278,646.8299256242278,0.0,646.8299256242278,646.8299256242278,0.0,502.6717585249377,0.0,502.6717585249377,1508.0152755748131,0.0,4368.0,-0.16343280928276185,162.90586785989564
76,76,2025,5SB,5,SB,MD,5,OP,MD,3.0,70,8000,1.6,5.0,75,1800,1,4,0.05,0.01,4470.0,0.0,552.0,0.0,0.0,1.0,1.0,1.0,3.66,1.83,0.1933404940923738,0.1933404940923738,30,4.136,0.708,2682.0,0.0,331.2,0.0,0.0,3013.2,3675.6,1.0,1.2,0.3168620689655172,3675.6,0.0,1.0,53.64,2496.942,0.0,314.64,0.0,0.0,2862.5399999999995,0.14803839870987,0.7401919935493501,,0.19134547840510438,0.19137282213913054,116.04476445031457,580.2238222515728,68.87538177922335,74.43450190774257,0.5015766989699926,2.4182334184636582,2.6134156406853926,-0.19518222222173431,0.057522284881845256,477.77856153979815,2150.581438460202,0.0,0.0,477.77856153979815,2481.781438460202,12408.90719230101,477.77856153979815,0.26543253418877677,2388.8928076989905,7166.6784230969715,3144.181438460202,15720.90719230101,47162.72157690303,3621.96,18109.800000000003,54329.4,0.452745,0.44411519612961003,2.22057598064805,0.14803839870987,212.18871956477042,212.18871956477042,0.0,1060.943597823852,1060.943597823852,0.0,2388.8928076989905,0.0,2388.8928076989905,7166.6784230969715,0.0,15066.0,-0.07468472262243979,136.52325229448772
77,77,2025,5SB,5,SB,PM-Shoulder,1,OP,PM,3.0,70,8000,1.6,5.0,75,1800,1,4,0.05,0.01,4630.0,0.0,572.0,0.0,0.0,1.0,1.0,1.0,3.66,1.83,0.1933404940923738,0.1933404940923738,30,4.135,0.592,2778.0,0.0,343.2,0.0,0.0,3121.2,3807.6,1.0,1.2,0.3282413793103448,3807.6,0.0,1.0,55.56,2586.3179999999998,0.0,326.03999999999996,0.0,0.0,2965.14,0.13618330733073328,0.6809165366536664,,0.19295348968444576,0.1929840263498761,104.4006104965219,522.0030524826096,68.67065738110621,74.33012857249217,0.506205660456592,2.4216290682781594,2.6212068860946207,-0.19957781781646133,0.06819629109248788,499.0390835336963,2223.400916466304,0.0,0.0,499.0390835336963,2566.6009164663037,2566.6009164663037,499.0390835336963,0.27724393529649793,499.0390835336963,1497.117250601089,3253.000916466304,3253.000916466304,9759.002749398911,3752.04,3752.04,11256.119999999999,0.469005,0.40854992199219986,2.042749609960999,0.13618330733073328,203.88237864875055,203.88237864875055,0.0,203.88237864875055,203.88237864875055,0.0,499.0390835336963,0.0,499.0390835336963,1497.117250601089,0.0,3121.2,-0.07613966637857252,122.82424764296695
78,78,2025,5SB,5,SB,PM-Peak,3,Peak,PM,3.0,70,8000,1.6,5.0,75,1800,1,4,0.05,0.01,4957.0,0.0,613.0,0.0,0.0,1.0,1.0,1.0,3.66,1.83,0.1933404940923738,0.1933404940923738,30,4.135,0.592,2974.2,0.0,367.8,0.0,0.0,3342.0,4077.6,1.0,1.2,0.35151724137931034,4077.6,0.0,1.0,59.483999999999995,2768.9802,0.0,349.40999999999997,0.0,0.0,3174.8999999999996,0.15589890755727506,0.7794945377863753,,0.18081032421283127,0.18084874770162795,107.2308601520878,536.154300760439,68.05426563190645,74.30318608656911,1.0194468565266028,2.422507155888116,2.6449480914772976,-0.22244093558918143,0.10072174246675487,500.6602077009104,2414.0557922990897,0.0,0.0,500.6602077009104,2781.85579229909,8345.56737689727,500.6602077009104,0.2781445598338391,1501.9806231027312,4505.941869308193,3517.45579229909,10552.36737689727,31657.10213069181,4018.116,12054.348,36163.044,0.5022645,0.46769672267182516,2.3384836133591262,0.15589890755727506,234.15713831391108,234.15713831391108,0.0,702.4714149417332,702.4714149417332,0.0,1501.9806231027312,0.0,1501.9806231027312,4505.941869308193,0.0,10026.0,-0.08410030287775525,126.1539531201033
79,79,2025,5SB,5,SB,PM-Late,3,OP,PM,3.0,70,8000,1.6,5.0,75,1800,1,4,0.05,0.01,4118.0,0.0,509.0,0.0,0.0,1.0,1.0,1.0,3.66,1.83,0.1933404940923738,0.1933404940923738,30,4.135,0.592,2470.7999999999997,0.0,305.4,0.0,0.0,2776.2,3386.9999999999995,1.0,1.2,0.2919827586206896,3386.9999999999995,0.0,1.0,49.416,2300.3147999999997,0.0,290.12999999999994,0.0,0.0,2637.39,0.12650123673937785,0.6325061836968893,,0.19326508070614531,0.1932738073735853,104.33344343110548,521.6672171555274,69.25415905899595,74.57696616660856,0.4481602834596343,2.4136138710425854,2.5991218786825834,-0.18550800763999797,0.03793983093799646,444.57052547154046,1976.8134745284594,0.0,0.0,444.57052547154046,2282.2134745284593,6846.640423585378,444.57052547154046,0.24698362526196693,1333.7115764146215,4001.1347292438645,2893.0134745284595,8679.040423585378,26037.121270756135,3337.584,10012.752,30038.256,0.41719799999999996,0.37950371021813356,1.8975185510906678,0.12650123673937785,168.71616387007487,168.71616387007487,0.0,506.1484916102246,506.1484916102246,0.0,1333.7115764146215,0.0,1333.7115764146215,4001.1347292438645,0.0,8328.599999999999,-0.07137333926565476,122.74522756600643
80,80,2025,6NB,6,NB,Night,8,OP,NT,4.4,70,8000,1.6,6.5,75,1800,1,4,0.05,0.01,1554.0,0.0,192.0,0.0,0.0,1.0,1.0,1.0,3.66,1.83,0.1933404940923738,0.1933404940923738,30,4.103,0.708,1554.0,0.0,192.0,0.0,0.0,1746.0,2130.0,1.0,1.2,0.18362068965517242,2130.0,0.0,1.0,31.080000000000002,1446.7740000000001,0.0,182.39999999999998,0.0,0.0,1658.6999999999998,0.12382414823797498,0.6191207411898749,,0.19333682141412753,0.19333537021456934,111.70567193575383,558.5283596787691,69.99175608475669,74.93339915272652,0.0,3.5231285779779564,3.7718727857079135,-0.2487442077299571,0.0006085735626985486,279.71468646460295,1243.2053135353972,0.0,0.0,279.71468646460295,1435.2053135353972,11481.642508283177,279.71468646460295,0.15539704803589052,2237.7174917168236,9845.956963554025,1819.2053135353972,14553.642508283177,64036.02703644599,2098.92,16791.36,73881.98400000001,0.262365,0.5448262522470899,2.72413126123545,0.123824148237975,152.39590432497943,152.39590432497943,0.0,1219.1672345998354,1219.1672345998354,0.0,2237.7174917168236,0.0,2237.7174917168236,9845.956963554025,0.0,13968.0,-0.06594713604140608,131.4184375714751
81,81,2025,6NB,6,NB,AM-Early,1,OP,AM,4.4,70,8000,1.6,6.5,75,1800,1,4,0.05,0.01,2259.0,0.0,279.0,0.0,0.0,1.0,1.0,1.0,3.66,1.83,0.1933404940923738,0.1933404940923738,30,4.155,0.715,1564.6266206756663,0.0,193.24073801173566,0.0,0.0,1757.867358687402,2144.3488347108732,1.0,1.2,0.18485765816473046,2144.3488347108732,0.0,1.0,31.292532413513328,1456.6673838490453,0.0,183.57870111114886,0.0,0.0,1669.9739907530318,0.13119066321378578,0.6559533160689289,,0.19333689662421769,0.1933356905983399,118.38297843082296,591.9148921541149,69.99138925198291,74.93156023544105,0.0,3.5232150401044704,3.7718925545190642,-0.24867751441459385,0.0006356568339755095,281.6275514070925,1251.7065368550604,0.0,0.0,281.6275514070925,1444.947274866796,1444.947274866796,281.6275514070925,0.15645975078171803,281.6275514070925,1239.161226191207,1831.4287508902676,1831.4287508902676,8058.286503917178,2113.05630229736,2113.05630229736,9297.447730108386,0.26413203778717004,0.5772389181406575,2.8861945907032873,0.13119066321378578,162.56638309283247,162.56638309283247,0.0,162.56638309283247,162.56638309283247,0.0,281.6275514070925,0.0,281.6275514070925,1239.161226191207,0.0,1757.867358687402,-0.06592910874851299,139.2740922715564
82,82,2025,6NB,6,NB,AM-Peak,2,Peak,AM,4.4,70,8000,1.6,6.5,75,1800,1,4,0.05,0.01,4308.0,0.0,532.0,0.0,0.0,1.0,1.0,1.0,3.66,1.83,0.1933404940923738,0.1933404940923738,30,4.155,0.715,1564.6773001243973,0.0,193.22384486215861,0.0,0.0,1757.901144986556,2144.3488347108732,1.0,1.2,0.18485765816473046,2144.3488347108732,0.0,1.0,31.293546002487947,1456.7145664158138,0.0,183.56265261905068,0.0,0.0,1670.006087737228,0.13119684641313334,0.6559842320656667,,0.19331939242572352,0.19331909856341561,118.38824480624501,591.9412240312251,69.99138875996121,74.93157366246912,0.0,3.523214408777716,3.771892581034512,-0.2486781722567959,0.0006356931601384763,281.61117491720637,1251.7725792047029,0.0,0.0,281.61117491720637,1444.9964240668614,2889.992848133723,281.61117491720637,0.15645065273178133,563.2223498344127,2478.1783392714165,1831.4441137911788,3662.8882275823576,16116.708201362375,2113.055288708385,4226.11057741677,18594.88654063379,0.2641319110885481,0.5772661242177868,2.8863306210889337,0.13119684641313334,162.56459148087293,162.56459148087293,0.0,325.12918296174587,325.12918296174587,0.0,563.2223498344127,0.0,563.2223498344127,2478.1783392714165,0.0,3515.802289973112,-0.06592928269144697,139.28028800734708
83,83,2025,6NB,6,NB,AM-Shoulder,1,OP,AM,4.4,70,8000,1.6,6.5,75,1800,1,4,0.05,0.01,4049.0,0.0,500.0,0.0,0.0,1.0,1.0,1.0,3.66,1.83,0.1933404940923738,0.1933404940923738,30,4.155,0.715,1564.690652684146,0.0,193.21939400890912,0.0,0.0,1757.9100466930552,2144.3488347108732,1.0,1.2,0.18485765816473046,2144.3488347108732,0.0,1.0,31.29381305368292,1456.72699764894,0.0,183.55842430846366,0.0,0.0,1670.0145443584024,0.13119040531613607,0.6559520265806804,,0.19333642908773233,0.19333608003162753,118.3829913031337,591.9149565156686,69.99138957778545,74.93154963681445,0.0,3.523215538442498,3.771892536961302,-0.24867699851880376,0.0006356327798406076,281.6383958811395,1251.7584437493235,0.0,0.0,281.6383958811395,1444.9778377582327,1444.9778377582327,281.6383958811395,0.15646577548952195,281.6383958811395,1239.208941877014,1831.4166257760508,1831.4166257760508,8058.233153414624,2113.05502165719,2113.05502165719,9297.442095291639,0.26413187770714874,0.5772377833909987,2.886188916954994,0.13119040531613607,162.57232335622555,162.57232335622555,0.0,162.57232335622555,162.57232335622555,0.0,281.6383958811395,0.0,281.6383958811395,1239.208941877014,0.0,1757.9100466930552,-0.06592897228168171,139.2741074154514
84,84,2025,6NB,6,NB,MD,5,OP,MD,4.4,70,8000,1.6,6.5,75,1800,1,4,0.05,0.01,4439.0,0.0,549.0,0.0,0.0,1.0,1.0,1.0,3.66,1.83,0.1933404940923738,0.1933404940923738,30,4.136,0.708,3015.9640830728504,0.0,373.0038931306589,0.0,0.0,3388.9679762035094,4134.975762464827,1.0,1.2,0.356463427798692,4134.975762464827,0.0,1.0,60.31928166145701,2807.8625613408235,0.0,354.35369847412596,0.0,0.0,3219.5195773933337,0.1411996684507119,0.7059983422535596,,0.17191842103070945,0.17196399172720583,122.25074751535645,611.2537375767823,69.32150261938102,74.3837969300228,1.0900823015274355,3.549160044201028,3.808342145286828,-0.2591821010858002,0.05057159618581187,482.7232980169579,2472.9215033944356,0.0,0.0,482.7232980169579,2845.9253965250946,14229.626982625472,482.7232980169579,0.2681796100094211,2413.61649008479,10619.912556373076,3591.9331827864125,17959.66591393206,79022.53002130108,4074.6564808033704,20373.282404016853,89642.44257767416,0.5093320601004213,0.6212785411831324,3.1063927059156624,0.1411996684507119,299.9056263870861,299.9056263870861,0.0,1499.5281319354306,1499.5281319354306,0.0,2413.61649008479,0.0,2413.61649008479,10619.912556373076,0.0,16944.839881017546,-0.06805641173983325,143.82440884159584
85,85,2025,6NB,6,NB,PM-Shoulder,1,OP,PM,4.4,70,8000,1.6,6.5,75,1800,1,4,0.05,0.01,4956.0,0.0,613.0,0.0,0.0,1.0,1.0,1.0,3.66,1.83,0.1933404940923738,0.1933404940923738,30,4.135,0.592,4956.0,0.0,613.0,0.0,0.0,5569.0,6795.0,1.0,1.2,0.5857758620689655,6795.0,0.0,1.0,99.12,4614.036,0.0,582.35,0.0,0.0,5290.55,0.7788894507977551,3.8944472539887753,,0.11958345239827657,0.12009324190261404,125.25057042076996,626.2528521038498,53.05843178672722,73.73927936864636,2.948375919952048,3.5801814482099714,4.97564649217621,-1.3954650439662388,1.6497785514242649,551.7623543699344,4305.117645630065,0.0,0.0,551.7623543699344,4918.117645630065,4918.117645630065,551.7623543699344,0.3065346413166302,551.7623543699344,2427.7543592277116,6144.117645630065,6144.117645630065,27034.11764077229,6695.88,6695.88,29461.872,0.836985,3.4271135835101227,17.135567917550613,0.7788894507977551,1890.9522595307283,1890.9522595307283,0.0,1890.9522595307283,1890.9522595307283,0.0,551.7623543699344,0.0,551.7623543699344,2427.7543592277116,0.0,5569.0,-0.2804590410835037,147.35361225972937
86,86,2025,6NB,6,NB,PM-Peak,3,Peak,PM,4.4,70,8000,1.6,6.5,75,1800,1,4,0.05,0.01,5474.0,0.0,677.0,0.0,0.0,1.0,1.0,1.0,3.66,1.83,0.1933404940923738,0.1933404940923738,30,4.135,0.592,5474.0,0.0,677.0,0.0,0.0,6151.0,7505.0,1.0,1.2,0.6469827586206897,7505.0,0.0,1.0,109.48,5096.294,0.0,643.15,0.0,0.0,5843.45,1.3947876043575311,6.973938021787656,,0.11751857372827634,0.11852906153322688,125.83408000602088,629.1704000301044,43.337199768824334,73.2430313164855,5.166829722569374,3.60443847359686,6.09176415200492,-2.48732567840806,3.1788597453895995,598.9092021799723,4765.610797820028,0.0,0.0,598.9092021799723,5442.610797820028,16327.832393460085,598.9092021799723,0.3327273345444291,1796.727606539917,7905.601468775635,6796.610797820028,20389.832393460085,89715.26253122438,7395.52,22186.56,97620.86400000002,0.92444,6.1370654591731375,30.685327295865687,1.3947876043575311,3675.544977879649,3675.544977879649,0.0,11026.634933638947,11026.634933638947,0.0,1796.727606539917,0.0,1796.727606539917,7905.601468775635,0.0,18453.0,-0.4083095826336993,148.04009412473044
87,87,2025,6NB,6,NB,PM-Late,3,OP,PM,4.4,70,8000,1.6,6.5,75,1800,1,4,0.05,0.01,4463.0,0.0,552.0,0.0,0.0,1.0,1.0,1.0,3.66,1.83,0.1933404940923738,0.1933404940923738,30,4.135,0.592,1564.0184424439658,0.0,193.4434640889691,0.0,0.0,1757.4619065329348,2144.3488347108732,1.0,1.2,0.18485765816473046,2144.3488347108732,0.0,1.0,31.280368848879316,1456.101169915332,0.0,183.77129088452065,0.0,0.0,1669.588811206288,0.11560719588333687,0.5780359794166844,,0.1933384959411444,0.1933347511401958,104.31874198660017,521.5937099330009,69.99138603255702,74.93166445491303,0.0,3.5232101398047933,3.7718927280165366,-0.24868258821174338,0.000635894525512454,281.5204101295711,1251.2176634655154,0.0,0.0,281.5204101295711,1444.6611275544847,4333.983382663454,281.5204101295711,0.1564002278497617,844.5612303887133,3716.0694137103387,1831.5480557324227,5494.644167197268,24176.434335667982,2113.068465861994,6339.205397585982,27892.50374937832,0.26413355823274925,0.5086716618866822,2.5433583094334113,0.11560719588333687,143.20145487562928,143.20145487562928,0.0,429.60436462688784,429.60436462688784,0.0,844.5612303887133,0.0,844.5612303887133,3716.0694137103387,0.0,5272.385719598804,-0.0659304508753922,122.72793174894137
88,88,2025,6SB,6,SB,Night,8,OP,NT,4.4,70,8000,1.6,5.0,75,1800,1,4,0.05,0.01,1437.0,0.0,178.0,0.0,0.0,1.0,1.0,1.0,3.66,1.83,0.1933404940923738,0.1933404940923738,30,4.103,0.708,1016.6733932853045,0.0,125.9344913046515,0.0,0.0,1142.607884589956,1394.476867199259,1.0,1.2,0.12021352303441887,1394.476867199259,0.0,1.0,20.33346786570609,946.5229291486185,0.0,119.63776673941892,0.0,0.0,1085.4774903604582,0.1251668343127484,0.6258341715637419,,0.19317887634013697,0.1931811051872682,111.75166894073053,558.7583447036525,69.99107598370763,74.98782583643232,0.0,3.5205714668385197,3.7719094368752573,-0.2513379700367375,0.0006587856619598834,182.8482358831052,813.4916895364933,0.0,0.0,182.8482358831052,939.4261808411447,7515.409446729158,182.8482358831052,0.10158235326839177,1462.7858870648415,6436.257903085303,1191.2951634504477,9530.361307603582,41933.589753455766,1374.143399333553,10993.147194668423,48369.84765654107,0.17176792491669413,0.550734070976093,2.7536703548804646,0.1251668343127484,100.70075331869944,100.70075331869944,0.0,805.6060265495955,805.6060265495955,0.0,1462.7858870648415,0.0,1462.7858870648415,6436.257903085303,0.0,9140.863076719648,-0.06663414756981867,131.47255169497708
89,89,2025,6SB,6,SB,AM-Early,1,OP,AM,4.4,70,8000,1.6,5.0,75,1800,1,4,0.05,0.01,3401.0,0.0,420.0,0.0,0.0,1.0,1.0,1.0,3.66,1.83,0.1933404940923738,0.1933404940923738,30,4.155,0.715,1017.5103680207421,0.0,125.65549972617222,0.0,0.0,1143.1658677469143,1394.4768671992588,1.0,1.2,0.12021352303441886,1394.4768671992588,0.0,1.0,20.350207360414842,947.3021526273109,0.0,119.37272473986361,0.0,0.0,1086.0075743595685,0.13259220266230753,0.6629610133115377,,0.19333865131361033,0.19333981858061114,118.3831735231249,591.9158676156245,69.99108709412076,74.98774930430913,0.0,3.520575059916212,3.7719088381208463,-0.2513337782046343,0.0006579653684166852,183.15012057544413,814.0100400848831,0.0,0.0,183.15012057544413,939.6655398110554,939.6655398110554,183.15012057544413,0.10175006698635786,183.15012057544413,805.8605305319543,1190.9765392634,1190.9765392634,5240.29677275896,1374.126659838844,1374.126659838844,6046.157303290915,0.1717658324798555,0.5834056917141532,2.917028458570766,0.13259220266230753,106.85082278184755,106.85082278184755,0.0,106.85082278184755,106.85082278184755,0.0,183.15012057544413,0.0,183.15012057544413,805.8605305319543,0.0,1143.1658677469143,-0.0666330468182386,139.27432179191163
90,90,2025,6SB,6,SB,AM-Peak,2,Peak,AM,4.4,70,8000,1.6,5.0,75,1800,1,4,0.05,0.01,4170.0,0.0,515.0,0.0,0.0,1.0,1.0,1.0,3.66,1.83,0.1933404940923738,0.1933404940923738,30,4.155,0.715,3888.0679870021613,0.0,480.18105834678965,0.0,0.0,4368.249045348951,5328.611162042531,1.0,1.2,0.459363031210563,5328.611162042531,0.0,1.0,77.76135974004323,3619.791295899012,0.0,456.17200542945017,0.0,0.0,4149.836593081503,0.42909894276797883,2.145494713839894,,0.13884732021107205,0.1390356898716416,138.4533317295707,692.2666586478535,62.06642155683043,74.19815208949248,3.089125161832251,3.558040093526617,4.253507667721287,-0.6954675741946699,0.6604483619210202,502.59832115894153,3307.7083061031767,0.0,0.0,502.59832115894153,3787.8893644499663,7575.7787288999325,502.59832115894153,0.2792212895327453,1005.1966423178831,4422.865226198685,4748.251481143546,9496.502962287092,41784.61303406321,5250.849802302488,10501.699604604975,46207.478260261894,0.656356225287811,1.888035348179107,9.440176740895534,0.42909894276797883,948.9233962835568,948.9233962835568,0.0,1897.8467925671137,1897.8467925671137,0.0,1005.1966423178831,0.0,1005.1966423178831,4422.865226198685,0.0,8736.498090697902,-0.1635044834813357,162.88627262302435
91,91,2025,6SB,6,SB,AM-Shoulder,1,OP,AM,4.4,70,8000,1.6,5.0,75,1800,1,4,0.05,0.01,3163.0,0.0,391.0,0.0,0.0,1.0,1.0,1.0,3.66,1.83,0.1933404940923738,0.1933404940923738,30,4.155,0.715,1017.2348549241825,0.0,125.7473374250254,0.0,0.0,1142.982192349208,1394.4768671992588,1.0,1.2,0.12021352303441886,1394.4768671992588,0.0,1.0,20.34469709848365,947.045649934414,0.0,119.45997055377413,0.0,0.0,1085.8330827317475,0.1326450831337588,0.663225415668794,,0.1931901310036528,0.1931903802503541,118.42916823914872,592.1458411957436,69.99108009364079,74.9877963670284,0.0,3.5205728503855456,3.771909215385667,-0.25133636500012146,0.0006584822212206679,182.95987317726895,813.93028464843,0.0,0.0,182.95987317726895,939.6776220734554,939.6776220734554,182.95987317726895,0.10164437398737164,182.95987317726895,805.0234419799834,1191.172296923506,1191.172296923506,5241.158106463427,1374.132170100775,1374.132170100775,6046.181548443411,0.1717665212625969,0.5836383657885388,2.918191828942694,0.1326450831337588,106.78240138605956,106.78240138605956,0.0,106.78240138605956,106.78240138605956,0.0,182.95987317726895,0.0,182.95987317726895,805.0234419799834,0.0,1142.982192349208,-0.06663372595896984,139.3284332225279
92,92,2025,6SB,6,SB,MD,5,OP,MD,4.4,70,8000,1.6,5.0,75,1800,1,4,0.05,0.01,4365.0,0.0,539.0,0.0,0.0,1.0,1.0,1.0,3.66,1.83,0.1933404940923738,0.1933404940923738,30,4.136,0.708,1017.5345244608434,0.0,125.64744757947184,0.0,0.0,1143.1819720403153,1394.4768671992588,1.0,1.2,0.12021352303441886,1394.4768671992588,0.0,1.0,20.35069048921687,947.3246422730451,0.0,119.36507520049825,0.0,0.0,1086.0228734382995,0.12931079860745776,0.6465539930372888,,0.193339615808904,0.19333888762892362,115.45345045387542,577.2672522693772,69.99108728767555,74.9877479210985,0.0,3.5205751248561117,3.771908827689932,-0.2513337028338203,0.0006579510780642668,183.15538238337797,814.0284515882486,0.0,0.0,183.15538238337797,939.6758991677204,4698.379495838602,183.15538238337797,0.10175299021298775,915.7769119168898,4029.4184124343155,1190.970794326664,5954.85397163332,26201.35747518661,1374.1261767100418,6870.63088355021,30230.775887620926,0.17176577208875524,0.5689675138728142,2.844837569364071,0.12931079860745776,104.20946256709519,104.20946256709519,0.0,521.047312835476,521.047312835476,0.0,915.7769119168898,0.0,915.7769119168898,4029.4184124343155,0.0,5715.9098602015765,-0.066633027020366,135.82758876926522
93,93,2025,6SB,6,SB,PM-Shoulder,1,OP,PM,4.4,70,8000,1.6,5.0,75,1800,1,4,0.05,0.01,4521.0,0.0,559.0,0.0,0.0,1.0,1.0,1.0,3.66,1.83,0.1933404940923738,0.1933404940923738,30,4.135,0.592,1017.171654825403,0.0,125.76840412461851,0.0,0.0,1142.9400589500215,1394.4768671992585,1.0,1.2,0.12021352303441885,1394.4768671992585,0.0,1.0,20.34343309650806,946.9868106424502,0.0,119.47998391838759,0.0,0.0,1085.7930560025204,0.11684150144226488,0.5842075072113244,,0.19333404156368694,0.19333560725992527,104.31997886148717,521.5998943074359,69.99108469057023,74.98776665568705,0.0,3.5205742452922926,3.7719089676512505,-0.25133472235895793,0.0006581428250704315,183.0847874090108,813.7434343198842,0.0,0.0,183.0847874090108,939.5118384445027,939.5118384445027,183.0847874090108,0.10171377078278378,183.0847874090108,805.5730645996476,1191.0486466937396,1191.0486466937396,5240.614045452455,1374.1334341027505,1374.1334341027505,6046.187110052102,0.1717666792628438,0.5141026063459655,2.5705130317298277,0.11684150144226488,94.12436638926945,94.12436638926945,0.0,94.12436638926945,94.12436638926945,0.0,183.0847874090108,0.0,183.0847874090108,805.5730645996476,0.0,1142.9400589500215,-0.06663329484207113,122.72938689586726
94,94,2025,6SB,6,SB,PM-Peak,3,Peak,PM,4.4,70,8000,1.6,5.0,75,1800,1,4,0.05,0.01,4840.0,0.0,598.0,0.0,0.0,1.0,1.0,1.0,3.66,1.83,0.1933404940923738,0.1933404940923738,30,4.135,0.592,1017.3753447760645,0.0,125.70050747439805,0.0,0.0,1143.0758522504625,1394.4768671992588,1.0,1.2,0.12021352303441886,1394.4768671992588,0.0,1.0,20.34750689552129,947.176445986516,0.0,119.41548210067815,0.0,0.0,1085.9220596379394,0.11684002314205619,0.584200115710281,,0.19333953203967766,0.19333961897973528,104.31890879849026,521.5945439924512,69.99108623074869,74.98775560384023,0.0,3.5205747641616334,3.7719088846490676,-0.2513341204874342,0.0006580291120794339,183.12665082603803,813.9011870545052,0.0,0.0,183.12665082603803,939.6016945289032,2818.8050835867098,183.12665082603803,0.1017370282366878,549.3799524781141,2417.2717909037024,1191.0027094776992,3573.0081284330977,15721.235765105632,1374.1293603037373,4122.388080911212,18138.507556009336,0.17176617003796715,0.5140961018250473,2.5704805091252365,0.1168400231420562,94.14469732994273,94.14469732994273,0.0,282.4340919898282,282.4340919898282,0.0,549.3799524781141,0.0,549.3799524781141,2417.2717909037024,0.0,3429.2275567513875,-0.06663313674153556,122.72812799822383
95,95,2025,6SB,6,SB,PM-Late,3,OP,PM,4.4,70,8000,1.6,5.0,75,1800,1,4,0.05,0.01,4021.0,0.0,497.0,0.0,0.0,1.0,1.0,1.0,3.66,1.83,0.1933404940923738,0.1933404940923738,30,4.135,0.592,1017.2698626647713,0.0,125.73566817816248,0.0,0.0,1143.0055308429337,1394.4768671992588,1.0,1.2,0.12021352303441886,1394.4768671992588,0.0,1.0,20.345397253295427,947.0782421409019,0.0,119.44888476925435,0.0,0.0,1085.855254300787,0.11687767290661973,0.5843883645330986,,0.1931949351207503,0.19319345280356334,104.35165490939654,521.7582745469828,69.9910804928697,74.98779359486075,0.0,3.5205729805349697,3.7719091938707083,-0.25133621333573863,0.0006584527457276054,182.9707195446858,813.95374586679,0.0,0.0,182.9707195446858,939.6894140449524,2819.0682421348574,182.9707195446858,0.10165039974704768,548.9121586340574,2415.213497989853,1191.1607504012775,3573.4822512038327,15723.321905296865,1374.1314699459633,4122.39440983789,18138.535403286718,0.1717664337432454,0.5142617607891269,2.571308803945634,0.11687767290661974,94.09484440590363,94.09484440590363,0.0,282.2845332177109,282.2845332177109,0.0,548.9121586340574,0.0,548.9121586340574,2415.213497989853,0.0,3429.016592528801,-0.06663368613013164,122.76665283458416
96,96,2025,7NB,7,NB,Night,8,OP,NT,5.6,70,6000,1.6,6.5,75,1800,1,4,0.05,0.01,769.0,0.0,95.0,0.0,0.0,1.0,1.0,1.0,3.66,1.83,0.24291497975708504,0.24291497975708504,30,4.103,0.708,769.0,0.0,95.0,0.0,0.0,864.0,1054.0,1.0,1.2,0.10979166666666666,1054.0,0.0,1.0,15.38,715.939,0.0,90.25,0.0,0.0,820.8,0.1108902893021239,0.5544514465106195,,0.24291464475535537,0.24291468996275697,99.13024401083602,495.6512200541801,69.99957277990401,74.99082834325577,0.0,4.480547920634055,4.80002929527109,-0.31948137463703485,4.013452139257245e-05,173.91206785150436,579.7079321484956,0.0,0.0,173.91206785150436,674.7079321484956,5397.663457187965,173.91206785150436,0.09661781547305798,1391.2965428120349,7791.260639747395,864.7079321484956,6917.663457187965,38738.9153602526,1038.62,8308.96,46530.17599999999,0.1731033333333333,0.6209856200918938,3.104928100459469,0.1108902893021239,107.99689329622996,107.99689329622996,0.0,863.9751463698396,863.9751463698396,0.0,1391.2965428120349,0.0,1391.2965428120349,7791.260639747395,0.0,6912.0,-0.06655821349919315,116.62381648333651
97,97,2025,7NB,7,NB,AM-Early,1,OP,AM,5.6,70,6000,1.6,6.5,75,1800,1,4,0.05,0.01,930.0,0.0,115.0,0.0,0.0,1.0,1.0,1.0,3.66,1.83,0.24291497975708504,0.24291497975708504,30,4.155,0.715,930.0,0.0,115.0,0.0,0.0,1045.0,1275.0,1.0,1.2,0.1328125,1275.0,0.0,1.0,18.6,865.8299999999999,0.0,109.25,0.0,0.0,992.75,0.11717878175389038,0.5858939087694519,,0.24290809131648622,0.24290885679854582,104.93323850475254,524.6661925237627,69.99852715333334,74.98038579597018,0.0,4.481171928273252,4.800100997325051,-0.31892906905179874,0.00013836633531968734,210.31711270455324,701.0828872954468,0.0,0.0,210.31711270455324,816.0828872954468,816.0828872954468,210.31711270455324,0.11684284039141847,210.31711270455324,1177.7758311454982,1046.0828872954467,1046.0828872954467,5858.064168854501,1256.3999999999999,1256.3999999999999,7035.839999999999,0.20939999999999998,0.6562011778217861,3.2810058891089304,0.11717878175389038,138.01033707280516,138.01033707280516,0.0,138.01033707280516,138.01033707280516,0.0,210.31711270455324,0.0,210.31711270455324,1177.7758311454982,0.0,1045.0,-0.06644215803574303,123.45086882912064
98,98,2025,7NB,7,NB,AM-Peak,2,Peak,AM,5.6,70,6000,1.6,6.5,75,1800,1,4,0.05,0.01,1497.0,0.0,185.0,0.0,0.0,1.0,1.0,1.0,3.66,1.83,0.24291497975708504,0.24291497975708504,30,4.155,0.715,1216.7333462711306,0.0,150.3645083902199,0.0,0.0,1367.0978546613505,1667.8268714417902,1.0,1.2,0.1737319657751865,1667.8268714417902,0.0,1.0,24.334666925422614,1132.7787453784224,0.0,142.8462829707089,0.0,0.0,1298.742961928283,0.11652121882860977,0.5826060941430489,,0.2429140499389577,0.24291374608239397,104.93148195377857,524.6574097688929,69.99156327910369,74.94255654920481,0.0,4.483433918876166,4.800578587738365,-0.3171446688621993,0.0007926652015603915,275.167872724644,917.230806621064,0.0,0.0,275.167872724644,1067.595315011284,2135.190630022568,275.167872724644,0.15287104040257998,550.335745449288,3081.8801745160126,1368.3243317917236,2736.648663583447,15325.232516067303,1643.4922045163676,3286.984409032735,18407.112690583315,0.2739153674193946,0.6525188254402147,3.2625941272010737,0.11652121882860979,179.55221710916717,179.55221710916717,0.0,359.10443421833435,359.10443421833435,0.0,550.335745449288,0.0,550.335745449288,3081.8801745160126,0.0,2734.195709322701,-0.06606384273600895,123.44880229856307
99,99,2025,7NB,7,NB,AM-Shoulder,1,OP,AM,5.6,70,6000,1.6,6.5,75,1800,1,4,0.05,0.01,1769.0,0.0,219.0,0.0,0.0,1.0,1.0,1.0,3.66,1.83,0.24291497975708504,0.24291497975708504,30,4.155,0.715,1216.1524054330284,0.0,150.55815533625395,0.0,0.0,1366.7105607692824,1667.8268714417902,1.0,1.2,0.1737319657751865,1667.8268714417902,0.0,1.0,24.32304810866057,1132.2378894581495,0.0,143.03024756944123,0.0,0.0,1298.3750327308182,0.11656256577922301,0.5828128288961151,,0.24277781508742224,0.24277917642151262,104.96395577512703,524.8197788756353,69.99155202680402,74.94278408235304,0.0,4.483420306760644,4.800579359510777,-0.31715905275013245,0.0007937225297634328,274.8822409618439,916.947116362524,0.0,0.0,274.8822409618439,1067.505271698778,1067.505271698778,274.8822409618439,0.15271235608991326,274.8822409618439,1539.3405493863256,1368.6215823712857,1368.6215823712857,7664.2808612792,1643.5038233331297,1643.5038233331297,9203.621410665524,0.27391730388885493,0.6527503683636489,3.263751841818244,0.11656256577922301,179.42948404446886,179.42948404446886,0.0,179.42948404446886,179.42948404446886,0.0,274.8822409618439,0.0,274.8822409618439,1539.3405493863256,0.0,1366.7105607692824,-0.06606682839682373,123.48700679426713
100,100,2025,7NB,7,NB,MD,5,OP,MD,5.6,70,6000,1.6,6.5,75,1800,1,4,0.05,0.01,2550.0,0.0,315.0,0.0,0.0,1.0,1.0,1.0,3.66,1.83,0.24291497975708504,0.24291497975708504,30,4.136,0.708,1216.8693911807052,0.0,150.31916008702828,0.0,0.0,1367.1885512677334,1667.82687144179,1.0,1.2,0.17373196577518646,1667.82687144179,0.0,1.0,24.337387823614105,1132.9054031892365,0.0,142.80320208267685,0.0,0.0,1298.8291237043466,0.1137713198901498,0.568856599450749,,0.24291311085594275,0.24291440442929219,102.45560700346512,512.2780350173256,69.9915644485109,74.94253168905263,0.0,4.483435406133762,4.80057850753111,-0.317143101397348,0.000792555317621492,275.19757579420354,917.3344275628875,0.0,0.0,275.19757579420354,1067.6535876499158,5338.267938249579,275.19757579420354,0.15288754210789085,1375.9878789710178,7705.5321222377,1368.2919078239725,6841.459539119862,38312.17341907122,1643.489483618176,8217.44741809088,46017.705541308926,0.2739149139363627,0.6371193913848389,3.185596956924194,0.1137713198901498,175.33371200058602,175.33371200058602,0.0,876.6685600029301,876.6685600029301,0.0,1375.9878789710178,0.0,1375.9878789710178,7705.5321222377,0.0,6835.942756338667,-0.0660635173239676,120.53600823937073
101,101,2025,7NB,7,NB,PM-Shoulder,1,OP,PM,5.6,70,6000,1.6,6.5,75,1800,1,4,0.05,0.01,3265.0,0.0,404.0,0.0,0.0,1.0,1.0,1.0,3.66,1.83,0.24291497975708504,0.24291497975708504,30,4.135,0.592,1216.3177876384734,0.0,150.50302793443896,0.0,0.0,1366.8208155729124,1667.8268714417904,1.0,1.2,0.17373196577518651,1667.8268714417904,0.0,1.0,24.32635575276947,1132.3918602914189,0.0,142.977876537717,0.0,0.0,1298.4797747942666,0.10483341142083957,0.5241670571041979,,0.24290851307603495,0.2429119941413376,94.40463584797001,472.0231792398501,69.99155933126838,74.94263972654025,0.0,4.48342894280262,4.800578858512353,-0.3171499157097335,0.0007930361619246107,275.06762300279365,916.9238088829103,0.0,0.0,275.06762300279365,1067.4268368173493,1067.4268368173493,275.06762300279365,0.15281534611266315,275.06762300279365,1540.3786888156444,1368.4328926862272,1368.4328926862272,7663.224199042872,1643.5005156890209,1643.5005156890209,9203.602887858517,0.27391675261483683,0.5870671039567016,2.935335519783508,0.10483341142083957,161.48315282850388,161.48315282850388,0.0,161.48315282850388,161.48315282850388,0.0,275.06762300279365,0.0,275.06762300279365,1540.3786888156444,0.0,1366.8208155729124,-0.06606493197114457,111.06427746820005
102,102,2025,7NB,7,NB,PM-Peak,3,Peak,PM,5.6,70,6000,1.6,6.5,75,1800,1,4,0.05,0.01,3772.0,0.0,466.0,0.0,0.0,1.0,1.0,1.0,3.66,1.83,0.24291497975708504,0.24291497975708504,30,4.135,0.592,2932.5413302551465,0.0,362.2916913835891,0.0,0.0,3294.8330216387358,4019.416404405914,1.0,1.2,0.4186892087922827,4019.416404405914,0.0,1.0,58.65082660510293,2730.1959784675414,0.0,344.1771068144096,0.0,0.0,3130.0913705567987,0.21017223066173635,1.0508611533086818,,0.16933974678224592,0.16943659649416584,110.07756626284834,550.3878313142417,66.44598899438893,74.47733503540705,4.247788147238157,4.511439619050053,5.056738639684839,-0.5452990206347854,0.3517319363682289,462.3306956595996,2411.559807990444,0.0,0.0,462.3306956595996,2773.851499374033,8321.5544981221,462.3306956595996,0.2568503864775553,1386.9920869787989,7767.155687081273,3498.4348821412113,10495.304646423634,58773.70601997235,3960.765577800811,11882.296733402432,66540.86170705363,0.6601275963001352,1.1769644917057234,5.8848224585286175,0.21017223066173635,544.1468122169541,544.1468122169541,0.0,1632.4404366508625,1632.4404366508625,0.0,1386.9920869787989,0.0,1386.9920869787989,7767.155687081273,0.0,9884.499064916206,-0.10783610929687502,129.50301913276277
103,103,2025,7NB,7,NB,PM-Late,3,OP,PM,5.6,70,6000,1.6,6.5,75,1800,1,4,0.05,0.01,2896.0,0.0,358.0,0.0,0.0,1.0,1.0,1.0,3.66,1.83,0.24291497975708504,0.24291497975708504,30,4.135,0.592,1216.6313903514922,0.0,150.39849369676594,0.0,0.0,1367.029884048258,1667.82687144179,1.0,1.2,0.17373196577518646,1667.82687144179,0.0,1.0,24.332627807029844,1132.683824417239,0.0,142.87856901192762,0.0,0.0,1298.678389845845,0.10486042014471367,0.5243021007235683,,0.24277928470408766,0.24278016344993614,94.42795374027685,472.13976870138424,69.99155635884577,74.94269268561479,0.0,4.483425774538457,4.80057906238479,-0.3171532878463328,0.0007933154671626377,274.99216868790774,917.3065938565546,0.0,0.0,274.99216868790774,1067.7050875533205,3203.1152626599614,274.99216868790774,0.15277342704883762,824.9765060637233,4619.86843395685,1368.5020749468524,4105.5062248405575,22990.83485910712,1643.49424363476,4930.482730904281,27610.70329306397,0.27391570727246,0.5872183528103965,2.9360917640519824,0.10486042014471367,161.48044833267187,161.48044833267187,0.0,484.4413449980156,484.4413449980156,0.0,824.9765060637233,0.0,824.9765060637233,4619.86843395685,0.0,4101.089652144774,-0.06606563160919594,111.09171028267865
104,104,2025,7SB,7,SB,Night,8,OP,NT,5.6,70,6000,1.6,5.0,75,1800,1,4,0.05,0.01,729.0,0.0,90.0,0.0,0.0,1.0,1.0,1.0,3.66,1.83,0.24291497975708504,0.24291497975708504,30,4.103,0.708,729.0,0.0,90.0,0.0,0.0,819.0,999.0,1.0,1.2,0.1040625,999.0,0.0,1.0,14.58,678.699,0.0,85.5,0.0,0.0,778.05,0.11105512620945768,0.5552756310472884,,0.24291497071148144,0.2429149684669822,99.1302330511836,495.65116525591793,69.99418426751336,74.99259261520743,0.0,4.480442511489648,4.800398826220035,-0.319956314730387,0.0005463919214481525,164.86614770691173,549.5538522930882,0.0,0.0,164.86614770691173,639.5538522930882,5116.430818344706,164.86614770691173,0.09159230428161763,1318.9291816552939,7386.003417269645,819.5538522930882,6556.430818344706,36716.01258273035,984.42,7875.36,44102.015999999996,0.16407,0.621908706772963,3.109543533864815,0.11105512620945768,102.53169271104576,102.53169271104576,0.0,820.2535416883661,820.2535416883661,0.0,1318.9291816552939,0.0,1318.9291816552939,7386.003417269645,0.0,6552.0,-0.06665202753212264,116.62380358962776
105,105,2025,7SB,7,SB,AM-Early,1,OP,AM,5.6,70,6000,1.6,5.0,75,1800,1,4,0.05,0.01,2298.0,0.0,284.0,0.0,0.0,1.0,1.0,1.0,3.66,1.83,0.24291497975708504,0.24291497975708504,30,4.155,0.715,791.2365039071351,0.0,97.78553834187396,0.0,0.0,889.022042249009,1084.593118932757,1.0,1.2,0.11297844988882887,1084.593118932757,0.0,1.0,15.824730078142702,736.6411851375427,0.0,92.89626142478026,0.0,0.0,844.5709401365585,0.11756638545627905,0.5878319272813952,,0.24291427423852952,0.24291445191587252,104.93204838641691,524.6602419320844,69.99122564532867,74.98972081112151,0.0,4.480614094380903,4.80060174546215,-0.31998765108124694,0.0008243912831452713,178.94065886189645,596.4711149670959,0.0,0.0,178.94065886189645,694.2566533089698,694.2566533089698,178.94065886189645,0.09941147714549803,178.94065886189645,1002.0676896266201,889.8277299927178,889.8277299927178,4983.035287959219,1068.7683888546142,1068.7683888546142,5985.10297758584,0.17812806480910237,0.6583717585551626,3.291858792775813,0.11756638545627904,117.80947625192621,117.80947625192621,0.0,117.80947625192621,117.80947625192621,0.0,178.94065886189645,0.0,178.94065886189645,1002.0676896266201,0.0,889.022042249009,-0.06665573776948289,123.44946868990226
106,106,2025,7SB,7,SB,AM-Peak,2,Peak,AM,5.6,70,6000,1.6,5.0,75,1800,1,4,0.05,0.01,3435.0,0.0,425.0,0.0,0.0,1.0,1.0,1.0,3.66,1.83,0.24291497975708504,0.24291497975708504,30,4.155,0.715,790.9930708140168,0.0,97.86668270624662,0.0,0.0,888.8597535202634,1084.5931189327566,1.0,1.2,0.11297844988882881,1084.5931189327566,0.0,1.0,15.819861416280338,736.4145489278496,0.0,92.97334857093429,0.0,0.0,844.4167658442502,0.1175669815614951,0.5878349078074755,,0.24291412009578814,0.2429127428226568,104.93227214439007,524.6613607219504,69.99122297294417,74.98973347753922,0.0,4.4806133375662425,4.800601928757328,-0.3199885911910858,0.0008246423975396363,178.88549217854532,596.2877172191912,0.0,0.0,178.88549217854532,694.1543999254378,1388.3087998508756,178.88549217854532,0.09938082898808073,357.77098435709064,2003.5175123997074,889.8877653379311,1779.7755306758622,9966.742971784828,1068.7732575164764,2137.546515032953,11970.260484184535,0.17812887625274607,0.6583750967443726,3.2918754837218627,0.1175669815614951,117.77375321921447,117.77375321921447,0.0,235.54750643842894,235.54750643842894,0.0,357.77098435709064,0.0,357.77098435709064,2003.5175123997074,0.0,1777.7195070405269,-0.0666559310561118,123.44973193457658
107,107,2025,7SB,7,SB,AM-Shoulder,1,OP,AM,5.6,70,6000,1.6,5.0,75,1800,1,4,0.05,0.01,3333.0,0.0,412.0,0.0,0.0,1.0,1.0,1.0,3.66,1.83,0.24291497975708504,0.24291497975708504,30,4.155,0.715,791.190384198485,0.0,97.80091157809055,0.0,0.0,888.9912957765756,1084.5931189327566,1.0,1.2,0.11297844988882881,1084.5931189327566,0.0,1.0,15.8238076839697,736.5982476887896,0.0,92.91086599918602,0.0,0.0,844.5417309877467,0.11761845550547122,0.588092277527356,,0.24272321860638746,0.24272461172739077,104.97772937021674,524.8886468510836,69.99121832121786,74.98975287542659,0.0,4.480612178548783,4.800602247812873,-0.31999006926409024,0.0008250795036367206,178.789497498848,596.5770790156674,0.0,0.0,178.789497498848,694.377990593758,694.377990593758,178.789497498848,0.0993274986104711,178.789497498848,1001.2211859935487,889.979813749939,889.979813749939,4983.886956999658,1068.769311248787,1068.769311248787,5985.1081429932065,0.17812821854146452,0.6586633508306388,3.2933167541531936,0.1176184555054712,117.76208951591732,117.76208951591732,0.0,117.76208951591732,117.76208951591732,0.0,178.789497498848,0.0,178.789497498848,1001.2211859935487,0.0,888.9912957765756,-0.0666562345192993,123.50321102378442
108,108,2025,7SB,7,SB,MD,5,OP,MD,5.6,70,6000,1.6,5.0,75,1800,1,4,0.05,0.01,2635.0,0.0,326.0,0.0,0.0,1.0,1.0,1.0,3.66,1.83,0.24291497975708504,0.24291497975708504,30,4.136,0.708,791.0054991386147,0.0,97.86253993138081,0.0,0.0,888.8680390699956,1084.593118932757,1.0,1.2,0.11297844988882887,1084.593118932757,0.0,1.0,15.820109982772294,736.4261196980502,0.0,92.96941293481176,0.0,0.0,844.4246371164958,0.11484453257287171,0.5742226628643585,,0.24271821076391978,0.24271754366329545,102.50167981197022,512.5083990598512,69.99121611726454,74.98976322499541,0.0,4.480611560165658,4.800602398979032,-0.3199908388133732,0.0008252866012729631,178.74403013292698,596.4413590229155,0.0,0.0,178.74403013292698,694.3038989542963,3471.5194947714817,178.74403013292698,0.09930223896273721,893.720150664635,5004.832843721955,890.028978817058,4450.14489408529,24920.81140687762,1068.773008949985,5343.865044749925,29925.644250599573,0.1781288348249975,0.6431293824080815,3.2156469120404076,0.11484453257287171,114.95553770852084,114.95553770852084,0.0,574.7776885426042,574.7776885426042,0.0,893.720150664635,0.0,893.720150664635,5004.832843721955,0.0,4444.340195349978,-0.0666563927230106,120.5902115434944
109,109,2025,7SB,7,SB,PM-Shoulder,1,OP,PM,5.6,70,6000,1.6,5.0,75,1800,1,4,0.05,0.01,2723.0,0.0,336.0,0.0,0.0,1.0,1.0,1.0,3.66,1.83,0.24291497975708504,0.24291497975708504,30,4.135,0.592,791.5698372698732,0.0,97.67442722096122,0.0,0.0,889.2442644908344,1084.5931189327569,1.0,1.2,0.11297844988882884,1084.5931189327569,0.0,1.0,15.831396745397464,736.951518498252,0.0,92.79070585991316,0.0,0.0,844.7820512662927,0.10580588990751884,0.5290294495375942,,0.24274231959986678,0.24274238216739366,94.43518448839482,472.17592244197425,69.99122315844257,74.98973023707762,0.0,4.4806135311828275,4.800601916034248,-0.31998838485142045,0.0008246249669194574,178.8893210329098,596.849119491566,0.0,0.0,178.8893210329098,694.5235467125271,694.5235467125271,178.8893210329098,0.09938295612939434,178.8893210329098,1001.7801977842948,889.8724011544496,889.8724011544496,4983.285446464917,1068.7617221873593,1068.7617221873593,5985.065644249212,0.17812695369789322,0.5925129834821055,2.9625649174105275,0.10580588990751884,105.99424531829754,105.99424531829754,0.0,105.99424531829754,105.99424531829754,0.0,178.8893210329098,0.0,178.8893210329098,1001.7801977842948,0.0,889.2442644908344,-0.06665588825073027,111.1002170451704
110,110,2025,7SB,7,SB,PM-Peak,3,Peak,PM,5.6,70,6000,1.6,5.0,75,1800,1,4,0.05,0.01,2613.0,0.0,323.0,0.0,0.0,1.0,1.0,1.0,3.66,1.83,0.24291497975708504,0.24291497975708504,30,4.135,0.592,791.1897877641803,0.0,97.80111038952553,0.0,0.0,888.9908981537059,1084.5931189327569,1.0,1.2,0.11297844988882884,1084.5931189327569,0.0,1.0,15.823795755283607,736.5976924084518,0.0,92.91105487004926,0.0,0.0,844.5413532460205,0.10580642851380534,0.5290321425690268,,0.24274275988232644,0.24274138216775543,94.43523500712321,472.1761750356161,69.99121901232108,74.9897498748002,0.0,4.480612357835195,4.800602200411046,-0.3199898425758505,0.0008250145631324116,178.80375677818057,596.562235230716,0.0,0.0,178.80375677818057,694.3633456202416,2083.090036860725,178.80375677818057,0.09933542043232253,536.4112703345418,3003.9031138734335,889.9655663992926,2669.8966991978778,14951.421515508115,1068.769323177473,3206.3079695324195,17955.324629381546,0.17812822052957886,0.5925159996773098,2.9625799983865497,0.10580642851380534,105.94408669348222,105.94408669348222,0.0,317.83226008044664,317.83226008044664,0.0,536.4112703345418,0.0,536.4112703345418,3003.9031138734335,0.0,2666.9726944611175,-0.06665618795668006,111.1002764789685
111,111,2025,7SB,7,SB,PM-Late,3,OP,PM,5.6,70,6000,1.6,5.0,75,1800,1,4,0.05,0.01,2089.0,0.0,258.0,0.0,0.0,1.0,1.0,1.0,3.66,1.83,0.24291497975708504,0.24291497975708504,30,4.135,0.592,791.3779341426928,0.0,97.73839493002141,0.0,0.0,889.1163290727142,1084.593118932757,1.0,1.2,0.11297844988882887,1084.593118932757,0.0,1.0,15.827558682853855,736.7728566868469,0.0,92.85147518352034,0.0,0.0,844.6605126190784,0.105772284397347,0.528861421986735,,0.2429090764893833,0.24290736715253858,94.40554987418918,472.02774937094597,69.99122700897873,74.98971426946392,0.0,4.480614485243084,4.800601651931273,-0.31998716668818883,0.0008242631458445204,178.96881420024675,596.5815612595923,0.0,0.0,178.96881420024675,694.3199561896137,2082.959868568841,178.96881420024675,0.09942711900013708,536.9064426007403,3006.6760785641454,889.7967460496566,2669.3902381489697,14948.58533363423,1068.7655602499033,3206.29668074971,17955.261412198375,0.17812759337498388,0.5923247926251431,2.961623963125716,0.105772284397347,106.00766575752893,106.00766575752893,0.0,318.0229972725868,318.0229972725868,0.0,536.9064426007403,0.0,536.9064426007403,3006.6760785641454,0.0,2667.3489872181426,-0.06665563816557422,111.06535279316377
