,index,Year,SegDir,Segment,Direction,Period,Hours/Day,Peak,4Periods,Length,Speed GP,Capacity GP,Alpha GP,Beta GP,Speed ML,Capacity ML,Alpha ML,Beta ML,MinToll,MinCapture,AADT Lights,AADT MediumA,AADT MediumB,AADT HeavyA,AADT HeavyB,GrowthFactor,GrowthFactor_medium,GrowthFactor_heavy,MaxToll,Soft Cap,MaxCapture,MaxCap_aux,Min Speed,B1,B2,TotalLights,TotalMediumA,TotalMediumB,TotalHeavyA,TotalHeavyB,TotalVeh,Corridor PCE pre-fix,Suppressed ratio ref,Max VC,Suppressed ratio,Corridor PCE,Suppressed Demand,PCE ratio,HOV3,InScopeLights,InScopeMediumA,InScopeMediumB,InScopeHeavyA,InScopeHeavyB,InScopeVeh,TollLights,TollMediumA,TollMediumB,CaptureRateLights,CaptureRateMediumA,VOT Lights,VOT MediumA,Speed GP Real,Speed ML Real,Bounus Seg,Time ML,Time GP,Time Savings,BonusRel,MLVeh_Lights,GPVeh_Lights,MLVeh_MediumA,GPVeh_MediumA,MLVeh,GPVeh,GPVehDay,ML PCE,ML V/C,ML Volume,ML PCE Total,GP PCE,GP Volume,GP PCE Total,Highway PCE,Highway Volume,Highway PCE Total,Highway V/C,TollLightsPerSeg,TollMediumAPerSeg,TollBlend,RevenuePerHour,RevenuePerHourLights,RevenuePerHourMediumA,RevenuePerDay,RevenuePerDayLights,RevenuePerDayMediumA,TransactionsDay_Lights,TransactionsDay_MediumA,TransactionsDay,TransactionsLightsLength,TransactionsMediumALength,TotalVeh_hours,Difference in Travel Time,Implied Min VOT
0,0,2025,1NB,1,NB,Night,8,OP,NT,3.0,65,12000,1,6,70,1800,1,6,0.2,0.01,1830.0,226.0,0.0,0.0,0.0,1.0,1.0,1.0,3.66,1.83,0.13729977116704806,0.13729977116704806,30,4.009,0.708,1830.0,226.0,0.0,0.0,0.0,2056.0,2508.0,1.0,1.2,0.16076923076923078,2508.0,0.0,1.0,0.0,1738.5,214.7,0.0,0.0,0.0,1953.1999999999998,0.20000015544512287,1.0000007772256143,,0.0725746188293417,0.0725547102185538,154.58419977907099,772.9209988953548,64.99647116510089,69.99994500985962,0.0,2.5714305914761315,2.769381118288295,-0.1979505268121633,0.00020597820880983894,126.17097483481055,1703.8290251651895,15.577496283923498,210.4225037160765,141.74847111873405,1914.251528881266,15314.012231050128,172.90346368658106,0.09605747982587837,1383.2277094926485,4149.6831284779455,2335.096536313419,18680.772290507353,56042.31687152206,2508.0,20064.0,60192.00000000001,0.209,0.6000004663353686,3.0000023316768427,0.2879164949623472,122.43516891233223,75.70264373887439,46.732525173457844,979.4813512986578,605.6211499109951,373.86020138766276,1009.3677986784844,124.61997027138798,1133.9877689498724,3028.1033960354534,373.859910814164,16448.0,-0.07147825393368501,60.62125481532196
1,1,2025,1NB,1,NB,AM-Early,1,OP,AM,3.0,65,12000,1,6,70,1800,1,6,0.2,0.01,3467.0,429.0,0.0,0.0,0.0,1.0,1.0,1.0,3.66,1.83,0.13729977116704806,0.13729977116704806,30,3.82,0.715,3467.0,429.0,0.0,0.0,0.0,3896.0,4754.0,1.0,1.2,0.3047435897435897,4754.0,0.0,1.0,0.0,3293.6499999999996,407.54999999999995,0.0,0.0,0.0,3701.2,1.829995118538013,9.149975592690065,,0.010000188333576993,0.010000219876633352,1346.6703505596759,6733.351752798379,64.76355797225352,69.9999999825333,1.7630974066463754,2.5714285720702055,2.7793408150478225,-0.207912242977617,0.01385076276936244,32.93712030488586,3434.062879695114,4.075589610721922,424.9244103892781,37.01270991560778,3858.987290084392,3858.987290084392,45.163889137051626,0.025091049520584236,45.163889137051626,135.49166741115488,4708.836110862949,4708.836110862949,14126.508332588846,4754.0,4754.0,14262.000000000002,0.39616666666666667,5.4899853556140386,27.449926778070196,2.636021924982713,292.6989445217015,180.82430812992115,111.87463639178037,292.6989445217015,180.82430812992115,111.87463639178037,32.93712030488586,4.075589610721922,37.01270991560778,98.81136091465757,12.226768832165765,3896.0,-0.07480631445123422,528.1060198273238
2,2,2025,1NB,1,NB,AM-Peak,2,Peak,AM,3.0,65,12000,1,6,70,1800,1,6,0.2,0.01,4855.0,600.0,0.0,0.0,0.0,1.0,1.0,1.0,3.66,1.83,0.13729977116704806,0.13729977116704806,30,3.82,0.715,4855.0,600.0,0.0,0.0,0.0,5455.0,6655.0,1.0,1.2,0.4266025641025641,6655.0,0.0,1.0,0.0,4612.25,570.0,0.0,0.0,0.0,5182.25,0.20000001913299176,1.0000000956649588,,0.0806871562285472,0.08066068257534152,124.18755118041705,620.9377559020853,63.84876807270527,69.96377041428387,1.715245962305028,2.5727601433448624,2.81916167583738,-0.24640153249251773,0.06840534205105642,372.14933631511684,4482.850663684883,45.976589067944666,554.0234109320553,418.1259253830615,5036.874074616939,10073.748149233877,510.07910351895083,0.28337727973275045,1020.1582070379017,3060.474621113705,6144.92089648105,12289.8417929621,36869.5253788863,6655.0,13310.0,39930.0,0.5545833333333333,0.6000000573989752,3.0000002869948768,0.2879669987919014,361.21940354894014,223.28962315006063,137.9297803988795,722.4388070978803,446.57924630012127,275.859560797759,744.2986726302337,91.95317813588933,836.251850766123,2232.896017890701,275.859534407668,10910.0,-0.08740241278263287,48.701000462908645
3,3,2025,1NB,1,NB,AM-Shoulder,1,OP,AM,3.0,65,12000,1,6,70,1800,1,6,0.2,0.01,4132.0,511.0,0.0,0.0,0.0,1.0,1.0,1.0,3.66,1.83,0.13729977116704806,0.13729977116704806,30,3.82,0.715,4132.0,511.0,0.0,0.0,0.0,4643.0,5665.0,1.0,1.2,0.3631410256410256,5665.0,0.0,1.0,0.0,3925.3999999999996,485.45,0.0,0.0,0.0,4410.849999999999,1.8299247220891806,9.149623610445904,,0.010000105976835623,0.01000015917506795,1234.751729589288,6173.758647946441,64.32758738776589,69.99999994999246,2.100957680030686,2.571428573265583,2.7981773809572905,-0.22674880769170747,0.0396568580653344,39.25441600147055,4092.7455839985296,4.854577271536736,506.14542272846325,44.108993273007286,4598.891006726993,4598.891006726993,53.81814781608076,0.029898971008933756,53.81814781608076,161.45444344824227,5611.18185218392,5611.18185218392,16833.54555655176,5665.0,5665.0,16995.0,0.47208333333333335,5.489774166267542,27.44887083133771,2.6355210692552924,348.75054334395196,215.49787887679224,133.25266446715972,348.75054334395196,215.49787887679224,133.25266446715972,39.25441600147055,4.854577271536736,44.108993273007286,117.76324800441165,14.563731814610207,4643.0,-0.08103446523255575,484.21636454481876
4,4,2025,1NB,1,NB,MD,5,OP,MD,3.0,65,12000,1,6,70,1800,1,6,0.2,0.01,5636.0,697.0,0.0,0.0,0.0,1.0,1.0,1.0,3.66,1.83,0.13729977116704806,0.13729977116704806,30,3.823,0.708,5636.0,697.0,0.0,0.0,0.0,6333.0,7727.0,1.0,1.2,0.4953205128205128,7727.0,0.0,1.0,0.0,5354.2,662.15,0.0,0.0,0.0,6016.349999999999,0.20719619759404104,1.035980987970205,,0.10565704386060157,0.10566647453932718,110.84882838429222,554.244141921461,62.633276402510724,69.55480234565628,0.7122623213996233,2.5878874488849877,2.87387169151484,-0.2859842426298522,0.14335806352917632,565.7089442384329,5070.291055761567,69.96705611621549,627.0329438837845,635.6760003546484,5697.323999645351,28486.619998226757,775.6101125870794,0.4308945069928219,3878.0505629353966,11634.151688806189,6951.389887412921,34756.949437064606,104270.84831119381,7727.0,38635.0,115905.0,0.6439166666666667,0.6215885927821231,3.1079429639106153,0.2984181910374984,569.0918463353592,351.638226573428,217.45361976193112,2845.4592316767958,1758.1911328671401,1087.2680988096556,2828.5447211921646,349.8352805810774,3178.380001773242,8485.634163576495,1049.5058417432324,31665.0,-0.09951183397443458,43.470128778153814
5,5,2025,1NB,1,NB,PM-Shoulder,1,OP,PM,3.0,65,12000,1,6,70,1800,1,6,0.2,0.01,7121.0,880.0,0.0,0.0,0.0,1.0,1.0,1.0,3.66,1.83,0.13729977116704806,0.13729977116704806,30,4.005,0.592,7121.0,880.0,0.0,0.0,0.0,8001.0,9761.0,1.0,1.2,0.6257051282051282,9761.0,0.0,1.0,0.0,6764.95,836.0,0.0,0.0,0.0,7600.95,0.5040023404455259,2.5200117022276296,,0.09088669911578062,0.09094605472027638,121.01228252534376,605.0614126267188,55.628055418744864,69.26940592151142,1.3193941800399567,2.5985497869572676,3.23577731856767,-0.6372275316104026,0.6391687725915538,614.8439751833001,6506.1560248167,76.03090174615106,803.969098253849,690.8748769294511,7310.125123070548,7310.125123070548,842.9366804217533,0.46829815578986295,842.9366804217533,2528.8100412652598,8918.063319578247,8918.063319578247,26754.18995873474,9761.0,9761.0,29283.0,0.8134166666666667,1.512007021336578,7.560035106682889,0.725864525369972,1504.444693897302,929.6484075036425,574.7962863936594,1504.444693897302,929.6484075036425,574.7962863936594,614.8439751833001,76.03090174615106,690.8748769294511,1844.5319255499003,228.09270523845316,8001.0,-0.19693182468207482,47.455797068762266
6,6,2025,1NB,1,NB,PM-Peak,3,Peak,PM,3.0,65,12000,1,6,70,1800,1,6,0.2,0.01,6508.0,804.0,0.0,0.0,0.0,1.0,1.0,1.0,3.66,1.83,0.13729977116704806,0.13729977116704806,30,4.005,0.592,6508.0,804.0,0.0,0.0,0.0,7312.0,8920.0,1.0,1.2,0.5717948717948718,8920.0,0.0,1.0,0.0,6182.599999999999,763.8,0.0,0.0,0.0,6946.4,0.3402377946335903,1.7011889731679513,,0.09620645379374546,0.09624192132845187,118.73464420783911,593.6732210391955,59.36547917273667,69.4005627761687,1.6681876094966293,2.5936389101128414,3.032065141363572,-0.43842623125073077,0.3600830898219393,594.8060212252107,5913.19397877479,73.50957951067153,730.4904204893285,668.3156007358822,6643.684399264118,19931.053197792353,815.3347597572252,0.4529637554206807,2446.004279271676,7338.0128378150275,8104.665240242775,24313.995720728326,72941.98716218497,8920.0,26760.0,80280.0,0.7433333333333333,1.020713383900771,5.103566919503853,0.48993196421223917,982.2875249466401,607.1264666893386,375.1610582573015,2946.8625748399204,1821.379400068016,1125.4831747719045,1784.4180636756319,220.5287385320146,2004.9468022076464,5353.254191026896,661.5862155960438,21936.0,-0.14459657388942604,46.56260557170162
7,7,2025,1NB,1,NB,PM-Late,3,OP,PM,3.0,65,12000,1,6,70,1800,1,6,0.2,0.01,5882.0,727.0,0.0,0.0,0.0,1.0,1.0,1.0,3.66,1.83,0.13729977116704806,0.13729977116704806,30,4.005,0.592,5882.0,727.0,0.0,0.0,0.0,6609.0,8063.0,1.0,1.2,0.5168589743589743,8063.0,0.0,1.0,0.0,5587.9,690.65,0.0,0.0,0.0,6278.549999999999,0.23762116762158994,1.1881058381079497,,0.10420103864221199,0.10422240456194816,115.5685817578317,577.8429087891584,61.950047601323384,69.47171124648585,0.7773603087864361,2.590982671513005,2.90556677467597,-0.3145841031629648,0.18678032745992518,582.2649838288163,5299.735016171184,71.9812037107095,655.0187962892905,654.2461875395257,5954.753812460474,17864.26143738142,798.2085949609448,0.44344921942274707,2394.6257848828345,7183.877354648504,7264.7914050390555,21794.37421511717,65383.122645351505,8063.0,24189.000000000004,72567.00000000001,0.6719166666666667,0.7128635028647698,3.5643175143238492,0.3421949992972264,671.6393210559032,415.07545596770854,256.5638650881947,2014.9179631677098,1245.2263679031257,769.6915952645841,1746.794951486449,215.94361113212847,1962.7385626185774,5240.3848544593475,647.8308333963854,19827.0,-0.10826944536425165,45.32101245405165
8,8,2025,1SB,1,SB,Night,8,OP,NT,3.0,65,12000,1,6,70,1800,1,6,0.2,0.01,1785.0,221.0,0.0,0.0,0.0,1.0,1.0,1.0,3.66,1.83,0.13729977116704806,0.13729977116704806,30,4.009,0.708,1785.0,221.0,0.0,0.0,0.0,2006.0,2448.0,1.0,1.2,0.15692307692307692,2448.0,0.0,1.0,0.0,1695.75,209.95,0.0,0.0,0.0,1905.6999999999998,0.20000000025429818,1.000000001271491,,0.07255377140650765,0.07253442631306048,154.59972975731122,772.9986487865561,64.99694794144062,69.99995252722645,0.0,2.5714303153275577,2.769360803866853,-0.19793048853929518,0.00017814745143445132,123.03305786258535,1661.9669421374147,15.228602804427046,205.77139719557294,138.2616606670124,1867.7383393329876,14941.9067146639,168.7188662758665,0.0937327034865925,1349.750930206932,4049.252790620796,2279.2811337241337,18234.24906979307,54702.74720937921,2448.0,19584.0,58752.00000000001,0.204,0.6000000007628945,3.0000000038144727,0.2881146822294638,119.50564328278267,73.81983481141245,45.68580847137023,956.0451462622614,590.5586784912996,365.48646777096184,984.2644629006828,121.82882243541637,1106.0932853360991,2952.7933887020486,365.4864673062491,16048.0,-0.07147154255340266,60.627345002867145
9,9,2025,1SB,1,SB,AM-Early,1,OP,AM,3.0,65,12000,1,6,70,1800,1,6,0.2,0.01,7354.0,909.0,0.0,0.0,0.0,1.0,1.0,1.0,3.66,1.83,0.13729977116704806,0.13729977116704806,30,3.82,0.715,7354.0,909.0,0.0,0.0,0.0,8263.0,10081.0,1.0,1.2,0.6462179487179487,10081.0,0.0,1.0,0.0,6986.299999999999,863.55,0.0,0.0,0.0,7849.849999999999,0.5972456098739366,2.986228049369683,,0.08644082434308409,0.08648394746068856,120.94699624950984,604.7349812475493,53.710368210956474,69.34325385853616,1.4933497465688288,2.5957824299276373,3.3513082482141963,-0.755525818286559,0.7974461462072947,603.9015311080883,6750.098468891912,74.6832128296776,834.3167871703224,678.5847439377659,7584.415256062234,7584.415256062234,827.9511695971212,0.45997287199840065,827.9511695971212,2483.8535087913633,9253.048830402879,9253.048830402879,27759.146491208638,10081.0,10081.0,30243.0,0.8400833333333333,1.7917368296218097,8.95868414810905,0.8601705953958423,1751.0959296584501,1082.0326147513629,669.0633149070871,1751.0959296584501,1082.0326147513629,669.0633149070871,603.9015311080883,74.6832128296776,678.5847439377659,1811.7045933242648,224.04963848903282,8263.0,-0.2254420549614182,47.43019460765092
10,10,2025,1SB,1,SB,AM-Peak,2,Peak,AM,3.0,65,12000,1,6,70,1800,1,6,0.2,0.01,7993.0,988.0,0.0,0.0,0.0,1.0,1.0,1.0,3.66,1.83,0.13729977116704806,0.13729977116704806,30,3.82,0.715,7993.0,988.0,0.0,0.0,0.0,8981.0,10957.0,1.0,1.2,0.7023717948717949,10957.0,0.0,1.0,0.0,7593.349999999999,938.5999999999999,0.0,0.0,0.0,8531.949999999999,0.9179126586718214,4.589563293359107,,0.08331536114614142,0.08338981854069348,122.76728771923146,613.8364385961573,48.03076231174942,69.13397888116936,2.6915853712632156,2.6036401045192585,3.74759823364219,-1.1439581291229315,1.3403634262436468,632.642697559053,7360.357302440947,78.2696836822949,909.730316317705,710.9123812413479,8270.087618758653,16540.175237517306,867.4517486059376,0.4819176381144098,1734.9034972118752,5204.710491635626,10089.548251394062,20179.096502788125,60537.289508364374,10957.0,21914.0,65742.0,0.9130833333333334,2.753737976015464,13.768689880077321,1.322152254649977,2819.8032231504967,1742.13222151723,1077.6710016332668,5639.606446300993,3484.26444303446,2155.3420032665335,1265.285395118106,156.5393673645898,1421.8247624826959,3795.856185354318,469.6181020937694,17962.0,-0.30525100552498374,48.14403439969862
11,11,2025,1SB,1,SB,AM-Shoulder,1,OP,AM,3.0,65,12000,1,6,70,1800,1,6,0.2,0.01,6891.0,852.0,0.0,0.0,0.0,1.0,1.0,1.0,3.66,1.83,0.13729977116704806,0.13729977116704806,30,3.82,0.715,6891.0,852.0,0.0,0.0,0.0,7743.0,9447.0,1.0,1.2,0.6055769230769231,9447.0,0.0,1.0,0.0,6546.45,809.4,0.0,0.0,0.0,7355.849999999999,0.4386475067001409,2.1932375335007044,,0.08975144315794224,0.0897800349694469,119.13795764188899,595.6897882094449,57.04487980599776,69.44208750123472,1.3084245376793593,2.5920879754197985,3.155410277173984,-0.5633223017541855,0.5290659258822046,587.553335061311,6303.446664938689,72.66796030427032,779.3320396957297,660.2212953655813,7082.778704634418,7082.778704634418,805.5572159741221,0.44753178665229004,805.5572159741221,2416.671647922366,8641.442784025878,8641.442784025878,25924.32835207763,9447.0,9447.0,28340.999999999996,0.78725,1.3159425201004227,6.579712600502113,0.6317683274201248,1251.3207105007843,773.1864164339896,478.1342940667948,1251.3207105007843,773.1864164339896,478.1342940667948,587.553335061311,72.66796030427032,660.2212953655813,1762.6600051839332,218.00388091281098,7743.0,-0.17852584997558618,46.720767702701565
12,12,2025,1SB,1,SB,MD,5,OP,MD,3.0,65,12000,1,6,70,1800,1,6,0.2,0.01,5561.0,687.0,0.0,0.0,0.0,1.0,1.0,1.0,3.66,1.83,0.13729977116704806,0.13729977116704806,30,3.823,0.708,5561.0,687.0,0.0,0.0,0.0,6248.0,7622.0,1.0,1.2,0.4885897435897436,7622.0,0.0,1.0,0.0,5282.95,652.65,0.0,0.0,0.0,5935.599999999999,0.20005962569676777,1.0002981284838388,,0.1067885232824565,0.10679701899865314,110.36471529984031,551.8235764992015,62.82863131664212,69.56277928129444,0.6774642659013699,2.5875906894421963,2.8649358776071474,-0.27734518816495113,0.131115998475638,564.1584290750535,4996.841570924947,69.70107444947097,617.298925550529,633.8595035245245,5614.140496475476,28070.70248237738,773.2616524234663,0.4295898069019257,3866.3082621173317,11598.924786351996,6848.738347576534,34243.69173788267,102731.075213648,7622.0,38110.0,114330.0,0.6351666666666667,0.6001788770903034,3.0008943854515167,0.28805622928155056,547.7615354386508,338.5959724632952,209.16556297535558,2738.8076771932538,1692.979862316476,1045.827814876778,2820.7921453752674,348.50537224735484,3169.2975176226223,8462.376436125802,1045.5161167420645,31240.0,-0.09680676985922472,43.280280509741296
13,13,2025,1SB,1,SB,PM-Shoulder,1,OP,PM,3.0,65,12000,1,6,70,1800,1,6,0.2,0.01,6430.0,795.0,0.0,0.0,0.0,1.0,1.0,1.0,3.66,1.83,0.13729977116704806,0.13729977116704806,30,4.005,0.592,6430.0,795.0,0.0,0.0,0.0,7225.0,8815.0,1.0,1.2,0.5650641025641026,8815.0,0.0,1.0,0.0,6108.5,755.25,0.0,0.0,0.0,6863.75,0.3246714770327649,1.6233573851638243,,0.09703250953852424,0.09706587598294143,118.39418127497491,591.9709063748745,59.74559396349665,69.41220975218145,1.0338730480584304,2.593203712180378,3.0127744668498293,-0.41957075466945115,0.3336548657381118,592.7230845160753,5837.276915483924,73.30900283611652,721.6909971638835,666.0320873521919,6558.967912647808,6558.967912647808,812.6500930244249,0.45147227390245825,812.6500930244249,2437.950279073275,8002.349906975574,8002.349906975574,24007.049720926723,8815.0,8815.0,26445.0,0.7345833333333334,0.9740144310982947,4.8700721554914725,0.4676155944864645,934.340971422768,577.3208379637515,357.02013345901645,934.340971422768,577.3208379637515,357.02013345901645,592.7230845160753,73.30900283611652,666.0320873521919,1778.1692535482262,219.92700850834956,7225.0,-0.13926391081910497,46.4290906960686
14,14,2025,1SB,1,SB,PM-Peak,3,Peak,PM,3.0,65,12000,1,6,70,1800,1,6,0.2,0.01,6004.0,742.0,0.0,0.0,0.0,1.0,1.0,1.0,3.66,1.83,0.13729977116704806,0.13729977116704806,30,4.005,0.592,6004.0,742.0,0.0,0.0,0.0,6746.0,8230.0,1.0,1.2,0.5275641025641026,8230.0,0.0,1.0,0.0,5703.8,704.9,0.0,0.0,0.0,6408.7,0.25364347286040134,1.2682173643020067,,0.10240757381521581,0.1024311017268488,116.25501368207797,581.2750684103898,61.53491942582535,69.46172334020422,1.3069505170777327,2.5913552291009254,2.9251683707325453,-0.3338131416316199,0.2136345140574335,584.112319527228,5419.8876804727715,72.20368360725571,669.7963163927443,656.3160031344837,6089.683996865516,18269.05199059655,800.7233703489951,0.4448463168605528,2402.1701110469853,7206.5103331409555,7429.276629651004,22287.829888953012,66863.48966685904,8230.0,24689.999999999996,74070.0,0.6858333333333333,0.760930418581204,3.80465209290602,0.365260395050277,719.1787277481612,444.4688317962916,274.70989595186956,2157.5361832444837,1333.4064953888749,824.1296878556086,1752.336958581684,216.61105082176715,1968.9480094034511,5257.0108757450525,649.8331524653015,20238.0,-0.1141175820754631,45.59020144395215
15,15,2025,1SB,1,SB,PM-Late,3,OP,PM,3.0,65,12000,1,6,70,1800,1,6,0.2,0.01,3804.0,470.0,0.0,0.0,0.0,1.0,1.0,1.0,3.66,1.83,0.13729977116704806,0.13729977116704806,30,4.005,0.592,3804.0,470.0,0.0,0.0,0.0,4274.0,5214.0,1.0,1.2,0.3342307692307692,5214.0,0.0,1.0,0.0,3613.7999999999997,446.5,0.0,0.0,0.0,4060.2999999999997,1.829425191095334,9.147125955476671,,0.010000627484076109,0.010000520024504663,1299.4610485226294,6497.305242613147,64.58958186606331,69.99999996959207,1.9336897098640136,2.5714285725455976,2.786827144558056,-0.21539857201245827,0.024107034198382137,36.14026760195424,3767.8597323980457,4.4652321909413315,465.5347678090587,40.60549979289557,4233.394500207104,12700.183500621311,49.535964174778236,0.02751998009709902,148.60789252433472,445.82367757300415,5164.464035825222,15493.392107475665,46480.176322426996,5214.0,15642.0,46926.0,0.4345,5.4882755732860025,27.441377866430013,2.6341248791535627,320.87987170479323,198.34774789182495,122.53212381296825,962.6396151143797,595.0432436754749,367.5963714389047,108.42080280586273,13.395696572823994,121.81649937868673,325.2624084175882,40.18708971847198,12822.0,-0.07729168722684336,509.59256804808996
16,16,2025,2NB,2,NB,Night,8,OP,NT,2.2,70,12000,1,6,70,1800,1,6,0.2,0.01,2760.0,341.0,0.0,0.0,0.0,1.0,1.0,1.0,3.66,1.83,0.13729977116704806,0.13729977116704806,30,4.009,0.708,2760.0,341.0,0.0,0.0,0.0,3101.0,3783.0,1.0,1.2,0.2425,3783.0,0.0,1.0,0.0,2622.0,323.95,0.0,0.0,0.0,2945.95,1.8299695706571084,9.149847853285543,,0.010000042072846587,0.01000001946868664,117463.652980257,587318.2649012851,69.93517343394566,69.99999999556563,1.0288580160300567,1.8857142858337421,1.8874622528058083,-0.0017479669720661395,0.0023947149153860548,26.22011031500375,2733.7798896849963,3.239506306881037,337.760493693119,29.459616621884788,3071.540383378115,24572.32306702492,35.938629235646864,0.019965905130914924,287.5090338851749,632.5198745473849,3747.0613707643533,29976.490966114827,65948.28012545263,3783.0,30264.0,66580.80000000002,0.31525,4.0259330554456385,20.129665277228195,2.6348949085028406,170.7705864555897,105.56040883460476,65.21017762098495,1366.1646916447175,844.4832706768381,521.6814209678796,209.76088252003,25.916050455048296,235.6769329750783,461.47394154406607,57.015311001106255,24808.0,-0.0009260937374867752,62814.787689977
17,17,2025,2NB,2,NB,AM-Early,1,OP,AM,2.2,70,12000,1,6,70,1800,1,6,0.2,0.01,5911.0,731.0,0.0,0.0,0.0,1.0,1.0,1.0,3.66,1.83,0.13729977116704806,0.13729977116704806,30,3.82,0.715,5911.0,731.0,0.0,0.0,0.0,6642.0,8104.0,1.0,1.2,0.5194871794871795,8104.0,0.0,1.0,0.0,5615.45,694.4499999999999,0.0,0.0,0.0,6309.9,1.8299236694786627,9.149618347393314,,0.01000010535269322,0.01000015669508455,1215.38611637559,6076.930581877951,64.24463872531595,69.99999957141961,2.204033810955273,1.8857142972597167,2.054646155990985,-0.16893185873126826,0.2314366622790782,56.15509160278114,5854.844908397219,6.944608816901465,724.0553911830985,63.099700419682605,6578.900299580318,6578.900299580318,76.98891805348553,0.0427716211408253,76.98891805348553,169.3756197176682,8027.011081946515,8027.011081946515,17659.424380282337,8104.000000000001,8104.000000000001,17828.800000000007,0.6753333333333335,4.025832072853058,20.129160364265292,2.635512536924644,365.860113370978,226.07096882847776,139.78914454250025,365.860113370978,226.07096882847776,139.78914454250025,56.15509160278114,6.944608816901465,63.099700419682605,123.54120152611853,15.278139397183224,6642.0,-0.08221944116201849,649.939099666091
18,18,2025,2NB,2,NB,AM-Peak,2,Peak,AM,2.2,70,12000,1,6,70,1800,1,6,0.2,0.01,7043.0,871.0,0.0,0.0,0.0,1.0,1.0,1.0,3.66,1.83,0.13729977116704806,0.13729977116704806,30,3.82,0.715,7043.0,871.0,0.0,0.0,0.0,7914.0,9656.0,1.0,1.2,0.6189743589743589,9656.0,0.0,1.0,0.0,6690.849999999999,827.4499999999999,0.0,0.0,0.0,7518.299999999999,0.3568565623321587,1.7842828116607934,,0.07721853245099661,0.07723885316788048,126.28408033097756,631.4204016548878,59.734510205250594,69.7408850818152,1.9364576985028776,1.8927204586684943,2.209777891313443,-0.3170574326449487,0.44396713967084583,516.6576178497506,6526.342382150249,63.9112890537627,807.0887109462373,580.5689069035134,7333.431093096487,14666.862186192973,708.3914850110388,0.39355082500613264,1416.7829700220775,3116.922534048571,8947.60851498896,17895.21702997792,39369.47746595143,9656.0,19312.0,42486.4,0.8046666666666666,0.7850844371307492,3.925422185653746,0.5139932097464032,656.4986470642547,405.6198550988852,250.87879196536952,1312.9972941285093,811.2397101977704,501.75758393073903,1033.3152356995013,127.8225781075254,1161.1378138070268,2273.293518538903,281.2096718365559,15828.0,-0.14347932156045637,67.53159375988105
19,19,2025,2NB,2,NB,AM-Shoulder,1,OP,AM,2.2,70,12000,1,6,70,1800,1,6,0.2,0.01,6733.0,832.0,0.0,0.0,0.0,1.0,1.0,1.0,3.66,1.83,0.13729977116704806,0.13729977116704806,30,3.82,0.715,6733.0,832.0,0.0,0.0,0.0,7565.0,9229.0,1.0,1.2,0.5916025641025641,9229.0,0.0,1.0,0.0,6396.349999999999,790.4,0.0,0.0,0.0,7186.75,0.27200282262125824,1.3600141131062913,,0.07722359943821264,0.07723835902199927,126.26889222597336,631.3444611298668,61.89183544198083,69.80223985600847,1.1844579369205985,1.8910567952016464,2.1327530369290884,-0.24169624172744197,0.3384430891642794,493.94917026661136,6239.050829733389,61.04919897098822,770.9508010290118,554.9983692375996,7010.001630762401,7010.001630762401,677.0967671795761,0.37616487065532006,677.0967671795761,1489.6128877950675,8551.903232820425,8551.903232820425,18814.187112204938,9229.0,9229.0,20303.800000000007,0.7690833333333333,0.5984062097667682,2.992031048833841,0.391682845909879,478.24334962431465,295.5822507966829,182.66109882763172,478.24334962431465,295.5822507966829,182.66109882763172,493.94917026661136,61.04919897098822,554.9983692375996,1086.688174586545,134.3082377361741,7565.0,-0.11332593954500045,67.52347177859538
20,20,2025,2NB,2,NB,MD,5,OP,MD,2.2,70,12000,1,6,70,1800,1,6,0.2,0.01,7928.0,980.0,0.0,0.0,0.0,1.0,1.0,1.0,3.66,1.83,0.13729977116704806,0.13729977116704806,30,3.823,0.708,7928.0,980.0,0.0,0.0,0.0,8908.0,10868.0,1.0,1.2,0.6966666666666667,10868.0,0.0,1.0,0.0,7531.599999999999,931.0,0.0,0.0,0.0,8462.6,0.7191958349153414,3.595979174576707,,0.0773780234190853,0.07742541223125922,125.36276778559159,626.8138389279579,51.89036612783218,69.46846781880237,1.3910181077430432,1.9001426711224056,2.543824795431532,-0.6436821243091264,0.9016113983126277,582.7803211831828,7345.219678816818,72.08305878730233,907.9169412126977,654.8633799704851,8253.136620029516,41265.68310014758,799.0294975450897,0.44390527641393873,3995.1474877254486,8789.324472995988,10068.970502454911,50344.852512274556,110758.67552700403,10868.0,54340.00000000001,119548.00000000001,0.9056666666666666,1.5822308368137512,7.9111541840687565,1.0358532461153513,1492.353187389895,922.092995264254,570.260192125641,7461.765936949476,4610.46497632127,2851.300960628205,2913.901605915914,360.41529393651166,3274.3168998524256,6410.583533015011,792.9136466603258,44540.0,-0.2530371295480406,67.03891325432706
21,21,2025,2NB,2,NB,PM-Shoulder,1,OP,PM,2.2,70,12000,1,6,70,1800,1,6,0.2,0.01,7153.0,884.0,0.0,0.0,0.0,1.0,1.0,1.0,3.66,1.83,0.13729977116704806,0.13729977116704806,30,4.005,0.592,7153.0,884.0,0.0,0.0,0.0,8037.0,9805.0,1.0,1.2,0.628525641025641,9805.0,0.0,1.0,0.0,6795.349999999999,839.8,0.0,0.0,0.0,7635.15,0.3805627143724687,1.9028135718623433,,0.08025469873472327,0.08028989212743441,125.9658877475466,629.8294387377331,59.07703226872522,69.6423997793085,1.1947715228263684,1.8953970629716668,2.234370870215149,-0.33897380724348225,0.477659520766183,545.3587670470017,6607.6412329529985,67.42745140861942,816.5725485913806,612.7862184556211,7424.213781544379,7424.213781544379,747.64112127286,0.41535617848492223,747.64112127286,1644.810466800292,9057.35887872714,9057.35887872714,19926.18953319971,9805.0,9805.0,21571.000000000004,0.8170833333333334,0.8372379716194311,4.186189858097156,0.5480623947402986,738.859181171407,456.5950679273056,282.2641132441014,738.859181171407,456.5950679273056,282.2641132441014,545.3587670470017,67.42745140861942,612.7862184556211,1199.7892875034038,148.34039309896272,8037.0,-0.15170883749072608,67.36143729815326
22,22,2025,2NB,2,NB,PM-Peak,3,Peak,PM,2.2,70,12000,1,6,70,1800,1,6,0.2,0.01,7219.0,892.0,0.0,0.0,0.0,1.0,1.0,1.0,3.66,1.83,0.13729977116704806,0.13729977116704806,30,4.005,0.592,7219.0,892.0,0.0,0.0,0.0,8111.0,9895.0,1.0,1.2,0.6342948717948718,9895.0,0.0,1.0,0.0,6858.049999999999,847.4,0.0,0.0,0.0,7705.45,0.40201805683642455,2.0100902841821227,,0.08025358567360558,0.08029108230395601,125.96829825178209,629.8414912589104,58.56203727287338,69.62237033315594,1.8839823549516261,1.8959423439385292,2.2540199444383733,-0.35807760049984405,0.5045787524519997,550.3831032288707,6668.616896771129,68.03866314437232,823.9613368556277,618.421766373243,7492.578233626757,22477.734700880268,754.4990926619877,0.4191661625899932,2263.497277985963,4979.6940115691195,9140.500907338013,27421.50272201404,60327.30598843089,9895.000000000002,29685.000000000004,65307.00000000001,0.8245833333333334,0.8844397250401341,4.422198625200671,0.5789379043214827,787.661163104013,486.78068048647816,300.8804826175348,2362.9834893120387,1460.3420414594345,902.6414478526044,1651.149309686612,204.11598943311697,1855.265299119729,3632.528481310547,449.05517675285734,24333.0,-0.15886177111403735,67.3627263378514
23,23,2025,2NB,2,NB,PM-Late,3,OP,PM,2.2,70,12000,1,6,70,1800,1,6,0.2,0.01,7295.0,902.0,0.0,0.0,0.0,1.0,1.0,1.0,3.66,1.83,0.13729977116704806,0.13729977116704806,30,4.005,0.592,7295.0,902.0,0.0,0.0,0.0,8197.0,10001.0,1.0,1.2,0.6410897435897436,10001.0,0.0,1.0,0.0,6930.25,856.9,0.0,0.0,0.0,7787.15,0.428572817376216,2.14286408688108,,0.08025204140506735,0.08029251336703,125.97136848034044,629.8568424017022,57.93697894182494,69.59760412000935,1.2186809552248599,1.8966170124533055,2.2783376422257438,-0.38172062977243826,0.5378939984206977,556.166709947468,6738.833290052532,68.80265470420801,833.197345295792,624.969364651676,7572.030635348324,22716.09190604497,762.5746740600921,0.4236525967000512,2287.7240221802763,5032.992848796608,9238.425325939908,27715.275977819725,60973.6071512034,10001.0,30003.0,66006.6,0.8334166666666667,0.9428601982276753,4.714300991138376,0.6172985325061398,848.743877653703,524.3874543887036,324.3564232649993,2546.231632961109,1573.162363166111,973.0692697949979,1668.500129842404,206.40796411262403,1874.908093955028,3670.700285653289,454.0975210477729,24591.0,-0.16754348552110537,67.36436817130506
24,24,2025,2SB,2,SB,Night,8,OP,NT,2.2,70,12000,1,6,70,1800,1,6,0.2,0.01,2817.0,348.0,0.0,0.0,0.0,1.0,1.0,1.0,3.66,1.83,0.13729977116704806,0.13729977116704806,30,4.009,0.708,2817.0,348.0,0.0,0.0,0.0,3165.0,3861.0,1.0,1.2,0.2475,3861.0,0.0,1.0,0.0,2676.15,330.59999999999997,0.0,0.0,0.0,3006.75,1.829970234367191,9.149851171835955,,0.010000042148907616,0.010000019412197345,103925.68563594011,519628.4281797005,69.92673755820172,69.99999999498797,1.0500715830346352,1.8857142858493037,1.887689953934047,-0.001975668084743365,0.0027066654610730756,26.761612796799117,2790.238387203201,3.306006417672442,344.69399358232755,30.06761921447156,3134.9323807855285,25079.459046284228,36.67963204981644,0.020377573361009135,293.4370563985315,645.5615240767694,3824.320367950184,30594.56294360147,67308.03847592324,3861.0000000000005,30888.000000000004,67953.6,0.32175000000000004,4.025934515607821,20.129672578039102,2.6348085949721645,174.28932738060774,107.7405006519655,66.54882672864224,1394.314619044862,861.924005215724,532.3906138291379,214.09290237439293,26.448051341379536,240.54095371577247,471.0043852236645,58.185712951034986,25320.0,-0.0010466062398785175,55575.232960395784
25,25,2025,2SB,2,SB,AM-Early,1,OP,AM,2.2,70,12000,1,6,70,1800,1,6,0.2,0.01,9535.0,1178.0,0.0,0.0,0.0,1.0,1.0,1.0,3.66,1.83,0.13729977116704806,0.13729977116704806,30,3.82,0.715,9535.0,1178.0,0.0,0.0,0.0,10713.0,13069.0,1.0,1.2,0.8377564102564102,13069.0,0.0,1.0,0.0,9058.25,1119.1,0.0,0.0,0.0,10177.35,1.8299998011658174,9.149999005829088,,0.09027416499733644,0.09054143408073541,118.95139567941783,594.7569783970891,35.46211992638232,66.1273515778142,1.3109930660731288,1.996148293413374,3.7222816987260137,-1.7261334053126396,2.5160973558260675,817.7259550871228,8717.274044912878,101.32491887975098,1076.675081120249,919.0508739668737,9793.949126033127,9793.949126033127,1121.7007117263756,0.6231670620702087,1121.7007117263756,2467.7415657980264,11947.299288273625,11947.299288273625,26284.05843420198,13069.0,13069.0,28751.800000000007,1.0890833333333334,4.025999562564799,20.129997812823994,2.637026209193673,5331.8347329125945,3292.1643374786386,2039.670395433956,5331.8347329125945,3292.1643374786386,2039.670395433956,817.7259550871228,101.32491887975098,919.0508739668737,1798.9971011916703,222.91482153545218,10713.0,-0.46372992294039034,63.61037202107905
26,26,2025,2SB,2,SB,AM-Peak,2,Peak,AM,2.2,70,12000,1,6,70,1800,1,6,0.2,0.01,8678.0,1073.0,0.0,0.0,0.0,1.0,1.0,1.0,3.66,1.83,0.13729977116704806,0.13729977116704806,30,3.82,0.715,8678.0,1073.0,0.0,0.0,0.0,9751.0,11897.0,1.0,1.2,0.7626282051282052,11897.0,0.0,1.0,0.0,8244.1,1019.3499999999999,0.0,0.0,0.0,9263.449999999999,1.2506900815285396,6.253450407642697,,0.0771530760930997,0.07723994603204719,126.47320431334587,632.3660215667294,43.713304533009186,69.10514035409287,2.387762405967312,1.9101328688956505,3.0196756207328814,-1.109542751837231,1.5535270289754768,636.0576746191232,8041.942325380876,78.7345389877673,994.2654610122327,714.7922136068905,9036.207786393108,18072.415572786216,872.2612915824251,0.48458960643468063,1744.5225831648502,3837.9496829626705,11024.738708417575,22049.47741683515,48508.85031703734,11897.0,23794.0,52346.80000000001,0.9914166666666666,2.751518179362787,13.757590896813936,1.8017453678687394,2833.321831680687,1750.124254837738,1083.1975768429493,5666.643663361374,3500.248509675476,2166.3951536858985,1272.1153492382464,157.4690779755346,1429.584427213781,2798.653768324142,346.4319715461761,19502.0,-0.3674377288140448,67.63272957932935
27,27,2025,2SB,2,SB,AM-Shoulder,1,OP,AM,2.2,70,12000,1,6,70,1800,1,6,0.2,0.01,8461.0,1046.0,0.0,0.0,0.0,1.0,1.0,1.0,3.66,1.83,0.13729977116704806,0.13729977116704806,30,3.82,0.715,8461.0,1046.0,0.0,0.0,0.0,9507.0,11599.0,1.0,1.2,0.743525641025641,11599.0,0.0,1.0,0.0,8037.95,993.6999999999999,0.0,0.0,0.0,9031.65,1.0736914583649735,5.368457291824868,,0.07716614864211507,0.07723893117788727,126.43343950519471,632.1671975259736,46.161603829294705,69.2295452181575,1.489660449602587,1.906700377476683,2.859519363498181,-0.952818986021498,1.334112956563937,620.2576444778888,7840.742355522111,76.75232591146657,969.2476740885335,697.0099703893553,8809.990029610644,8809.990029610644,850.5146222122885,0.47250812345127136,850.5146222122885,1871.1321688670348,10748.48537778771,10748.48537778771,23646.667831132967,11599.0,11599.0,25517.800000000003,0.9665833333333333,2.3621212084029417,11.81060604201471,1.5466162097555591,2371.615220843922,1465.1237366952728,906.4914841486493,2371.615220843922,1465.1237366952728,906.4914841486493,620.2576444778888,76.75232591146657,697.0099703893553,1364.5668178513554,168.85511700522648,9507.0,-0.33320948904359604,67.61146497603995
28,28,2025,2SB,2,SB,MD,5,OP,MD,2.2,70,12000,1,6,70,1800,1,6,0.2,0.01,7027.0,868.0,0.0,0.0,0.0,1.0,1.0,1.0,3.66,1.83,0.13729977116704806,0.13729977116704806,30,3.823,0.708,7027.0,868.0,0.0,0.0,0.0,7895.0,9631.0,1.0,1.2,0.6173717948717948,9631.0,0.0,1.0,0.0,6675.65,824.5999999999999,0.0,0.0,0.0,7500.25,0.3480729804730877,1.7403649023654386,,0.07740300432199548,0.07742333132021274,125.29183631966686,626.4591815983343,59.879849428739135,69.74120477177135,1.232328566097919,1.8927117825390465,2.204414360745654,-0.31170257820660763,0.4366191027929749,516.7153658021291,6510.284634197871,63.84327900664742,804.1567209933526,580.5586448087765,7314.441355191224,36572.20677595612,708.2452028220714,0.393469557123373,3541.226014110357,7790.697231042786,8922.754797177928,44613.77398588964,98150.30276895722,9631.0,48154.99999999999,105941.0,0.8025833333333333,0.765760557040793,3.8288027852039654,0.5011815120967148,640.123570825381,395.6802463481755,244.4433244772055,3200.6178541269046,1978.4012317408774,1222.2166223860274,2583.5768290106453,319.2163950332371,2902.793224043882,5683.86902382342,702.2760690731217,39475.0,-0.1413992685572837,67.00098198912666
29,29,2025,2SB,2,SB,PM-Shoulder,1,OP,PM,2.2,70,12000,1,6,70,1800,1,6,0.2,0.01,6866.0,849.0,0.0,0.0,0.0,1.0,1.0,1.0,3.66,1.83,0.13729977116704806,0.13729977116704806,30,4.005,0.592,6866.0,849.0,0.0,0.0,0.0,7715.0,9413.0,1.0,1.2,0.6033974358974359,9413.0,0.0,1.0,0.0,6522.7,806.55,0.0,0.0,0.0,7329.25,0.29790009902186665,1.4895004951093331,,0.08025895112501069,0.0802854509726265,125.95679828784554,629.7839914392276,61.149059450620896,69.71969933442797,1.1469667445057532,1.8932956002410308,2.1586595310855543,-0.2653639308445235,0.3739349861586386,523.5050605031072,6342.494939496893,64.7542304819719,784.245769518028,588.2592909850791,7126.740709014921,7126.740709014921,717.7677519490229,0.39875986219390164,717.7677519490229,1579.0890542878506,8695.232248050976,8695.232248050976,19129.510945712147,9412.999999999998,9412.999999999998,20708.6,0.7844166666666665,0.6553802178481066,3.2769010892405332,0.4290687314143025,555.2880689964189,343.09486059711264,212.19320839930626,555.2880689964189,343.09486059711264,212.19320839930626,523.5050605031072,64.7542304819719,588.2592909850791,1151.7111331068359,142.4593070603382,7715.0,-0.12292996047925925,67.35657662451634
30,30,2025,2SB,2,SB,PM-Peak,3,Peak,PM,2.2,70,12000,1,6,70,1800,1,6,0.2,0.01,7013.0,867.0,0.0,0.0,0.0,1.0,1.0,1.0,3.66,1.83,0.13729977116704806,0.13729977116704806,30,4.005,0.592,7013.0,867.0,0.0,0.0,0.0,7880.0,9614.0,1.0,1.2,0.6162820512820513,9614.0,0.0,1.0,0.0,6662.349999999999,823.65,0.0,0.0,0.0,7486.0,0.3381781404473704,1.6908907022368518,,0.080256890224855,0.08028759108911969,125.96118369786957,629.8059184893477,60.12155313655029,69.68200843870316,1.8304335097891753,1.8943196810424288,2.195552062672046,-0.3012323816296172,0.42447775443213176,534.6994925895626,6478.300507410438,66.12887440055343,800.8711255994466,600.828366990116,7279.171633009884,21837.51489902965,733.0861157912229,0.4072700643284572,2199.2583473736686,4838.368364222071,8880.913884208778,26642.741652626333,58614.03163577794,9614.0,28842.0,63452.40000000001,0.8011666666666667,0.7439919089842149,3.7199595449210743,0.48706152214712134,643.8088337458253,397.8120962245997,245.9967375212256,1931.4265012374758,1193.436288673799,737.9902125636768,1604.0984777686879,198.38662320166029,1802.4851009703482,3529.0166510911135,436.45057104365264,23640.0,-0.13720120180753503,67.35892176356661
31,31,2025,2SB,2,SB,PM-Late,3,OP,PM,2.2,70,12000,1,6,70,1800,1,6,0.2,0.01,5774.0,714.0,0.0,0.0,0.0,1.0,1.0,1.0,3.66,1.83,0.13729977116704806,0.13729977116704806,30,4.005,0.592,5774.0,714.0,0.0,0.0,0.0,6488.0,7916.0,1.0,1.2,0.5074358974358975,7916.0,0.0,1.0,0.0,5485.3,678.3,0.0,0.0,0.0,6163.599999999999,1.8294833394842118,9.14741669742106,,0.010000637922520875,0.010000523161332086,1398.8555002344879,6994.27750117244,64.9461104518884,69.99999962761045,2.1528954610161617,1.8857142957460042,2.0324542775780947,-0.14673998183209047,0.20103378885341863,54.85649919640376,5719.143500803596,6.783354860331553,707.2166451396685,61.63985405673532,6426.360145943265,19279.080437829794,75.20656377739842,0.041781424320776896,225.61969133219526,496.3633209308296,7840.7934362226015,23522.380308667805,51749.236679069174,7916.0,23748.0,52245.600000000006,0.6596666666666666,4.024863346865266,20.12431673432633,2.6348087181824305,357.3002946835935,220.7899129529494,136.51038173064413,1071.9008840507804,662.3697388588482,409.5311451919324,164.56949758921127,20.35006458099466,184.91956217020592,362.05289469626484,44.77014207818825,19464.0,-0.07219841718011398,748.0510696441111
32,32,2025,3NB,3,NB,Night,8,OP,NT,3.4,70,12000,1,6,70,1800,1,6,0.2,0.01,2870.0,355.0,0.0,0.0,0.0,1.0,1.0,1.0,3.66,1.83,0.13729977116704806,0.13729977116704806,30,4.009,0.708,2870.0,355.0,0.0,0.0,0.0,3225.0,3935.0,1.0,1.2,0.25224358974358974,3935.0,0.0,1.0,0.0,2726.5,337.25,0.0,0.0,0.0,3063.75,1.8299832326069314,9.149916163034657,,0.010000037969637936,0.010000027090630024,92737.71059107491,463688.5529553745,69.91790888273873,69.99999999438329,1.6539412560456301,2.914285714519553,2.9177073980020496,-0.003421683482496718,0.004687706691379359,27.26510352421783,2842.734896475782,3.3725091363149757,351.627490863685,30.637612660532806,3194.362387339467,25554.899098715738,37.38263093316276,0.020768128296201532,299.06104746530207,1016.807561382027,3897.617369066837,31180.938952534696,106015.19243861796,3934.9999999999995,31479.999999999996,107031.99999999999,0.32791666666666663,6.221942990863567,31.109714954317834,2.635742511523641,274.55971767926815,169.64191976767665,104.91779791159152,2196.477741434145,1357.1353581414132,839.3423832927322,218.12082819374265,26.980073090519806,245.10090128426245,741.610815858725,91.73224850776734,25800.0,-0.0011727301664449885,32089.173214904808
33,33,2025,3NB,3,NB,AM-Early,1,OP,AM,3.4,70,12000,1,6,70,1800,1,6,0.2,0.01,6148.0,760.0,0.0,0.0,0.0,1.0,1.0,1.0,3.66,1.83,0.13729977116704806,0.13729977116704806,30,3.82,0.715,6148.0,760.0,0.0,0.0,0.0,6908.0,8428.0,1.0,1.2,0.5402564102564102,8428.0,0.0,1.0,0.0,5840.599999999999,722.0,0.0,0.0,0.0,6562.599999999999,0.20000004691413634,1.0000002345706818,,0.05833220143926692,0.058331758884957625,140.08759239275392,700.4379619637697,64.50114742426487,69.97864674159814,2.1974641477407895,2.91517497835142,3.1627344341359214,-0.24755945578450156,0.34037474619478364,340.6950557261824,5807.3049442738175,42.11552991493941,717.8844700850606,382.8105856411218,6525.189414358878,6525.189414358878,467.0416454710006,0.25946758081722254,467.0416454710006,1587.9415946014021,7960.958354528999,7960.958354528999,27067.258405398596,8428.0,8428.0,28655.199999999997,0.7023333333333334,0.6800001595080635,3.4000007975403177,0.28801337021024925,374.86552753703967,231.67269223741258,143.1928352996271,374.86552753703967,231.67269223741258,143.1928352996271,340.6950557261824,42.11552991493941,382.8105856411218,1158.36318946902,143.192801710794,6908.0,-0.07827386742072018,48.47321536081451
34,34,2025,3NB,3,NB,AM-Peak,2,Peak,AM,3.4,70,12000,1,6,70,1800,1,6,0.2,0.01,7325.0,905.0,0.0,0.0,0.0,1.0,1.0,1.0,3.66,1.83,0.13729977116704806,0.13729977116704806,30,3.82,0.715,7325.0,905.0,0.0,0.0,0.0,8230.0,10040.0,1.0,1.2,0.6435897435897436,10040.0,0.0,1.0,0.0,6958.75,859.75,0.0,0.0,0.0,7818.5,0.45119178684301586,2.255958934215079,,0.07719891983603533,0.07723988982260033,126.34224700357589,631.7112350178795,57.51020037958768,69.67324953002483,3.1124482365211734,2.927953000270049,3.5471968216686394,-0.6192438213985905,0.8670882171146078,537.2079834090108,6787.792016590989,66.40699527498063,838.5930047250193,603.6149786839915,7626.3850213160085,15252.770042632017,736.4289692339527,0.4091272051299737,1472.8579384679053,5007.716990790878,9303.571030766047,18607.142061532093,63264.28300920912,10040.0,20080.0,68272.0,0.8366666666666667,1.5340520752662539,7.670260376331269,0.6497441217921475,1333.4639663670941,824.1050217981923,509.35894456890173,2666.9279327341883,1648.2100435963846,1018.7178891378035,1074.4159668180216,132.81399054996126,1207.229957367983,3653.014287181273,451.5675678698683,16460.0,-0.17457272672771834,43.717040485666395
35,35,2025,3NB,3,NB,AM-Shoulder,1,OP,AM,3.4,70,12000,1,6,70,1800,1,6,0.2,0.01,7003.0,865.0,0.0,0.0,0.0,1.0,1.0,1.0,3.66,1.83,0.13729977116704806,0.13729977116704806,30,3.82,0.715,7003.0,865.0,0.0,0.0,0.0,7868.0,9598.0,1.0,1.2,0.6152564102564102,9598.0,0.0,1.0,0.0,6652.849999999999,821.75,0.0,0.0,0.0,7474.599999999999,0.34427642423676585,1.7213821211838294,,0.07721001735184284,0.07723991259371972,126.31084888559587,631.5542444279794,60.04683377439786,69.75016631526496,1.9040159808159804,2.924724208942197,3.3973481560484773,-0.4726239471062801,0.6617955452149853,513.6666639392076,6489.333336060792,63.47189817388918,801.5281018261109,577.1385621130968,7290.861437886903,7290.861437886903,704.0823584608752,0.3911568658115973,704.0823584608752,2393.8800187669754,8893.917641539125,8893.917641539125,30239.319981233024,9598.0,9598.0,32633.2,0.7998333333333333,1.170539842405004,5.85269921202502,0.49572621170423053,972.7492242841578,601.2672958561043,371.4819284280535,972.7492242841578,601.2672958561043,371.4819284280535,513.6666639392076,63.47189817388918,577.1385621130968,1746.466657393306,215.8044537912232,7868.0,-0.1391155470082873,43.70617608498127
36,36,2025,3NB,3,NB,MD,5,OP,MD,3.4,70,12000,1,6,70,1800,1,6,0.2,0.01,8246.0,1019.0,0.0,0.0,0.0,1.0,1.0,1.0,3.66,1.83,0.13729977116704806,0.13729977116704806,30,3.823,0.708,8246.0,1019.0,0.0,0.0,0.0,9265.0,11303.0,1.0,1.2,0.724551282051282,11303.0,0.0,1.0,0.0,7833.7,968.05,0.0,0.0,0.0,8801.75,0.9113553778414656,4.5567768892073275,,0.07733002974100311,0.07742581956580462,125.49398743483259,627.469937174163,48.55196196954076,69.33049294127109,2.2371035456108106,2.9424282353337023,4.2016839634200585,-1.259255728086356,1.7637356013140522,605.780253982096,7640.219746017904,74.95206463067716,944.0479353693229,680.7323186127732,8584.267681387228,42921.338406936135,830.6364478741275,0.46146469326340417,4153.182239370637,14120.819613860165,10472.363552125873,52361.81776062936,178030.18038613984,11303.0,56515.0,192151.0,0.9419166666666666,3.098608284660983,15.493041423304913,1.3127346884091775,3038.311155758265,1877.0757136729571,1161.2354420853083,15191.555778791326,9385.378568364786,5806.177210426541,3028.90126991048,374.7603231533858,3403.661593063866,10298.264317695632,1274.1850987215116,46325.0,-0.29970262852928986,43.423525063955914
37,37,2025,3NB,3,NB,PM-Shoulder,1,OP,PM,3.4,70,12000,1,6,70,1800,1,6,0.2,0.01,7439.0,919.0,0.0,0.0,0.0,1.0,1.0,1.0,3.66,1.83,0.13729977116704806,0.13729977116704806,30,4.005,0.592,7439.0,919.0,0.0,0.0,0.0,8358.0,10196.0,1.0,1.2,0.6535897435897436,10196.0,0.0,1.0,0.0,7067.049999999999,873.05,0.0,0.0,0.0,7940.099999999999,0.48137376406522564,2.406868820326128,,0.08023640751795107,0.08030777201401933,126.00402033024103,630.0201016512052,56.73544630407011,69.54873643072924,1.920384296135826,2.9331949143775553,3.595635767218163,-0.6624408528406076,0.9334495725174543,567.0347037497361,6871.965296250264,70.11270035683957,848.8872996431604,637.1474041065757,7720.852595893424,7720.852595893424,777.3728048202547,0.4318737804556971,777.3728048202547,2643.067536388866,9418.627195179746,9418.627195179746,32023.332463611136,10196.0,10196.0,34666.4,0.8496666666666667,1.6366707978217672,8.183353989108836,0.6932582621391045,1501.8061871310456,928.0491409787099,573.7570461523356,1501.8061871310456,928.0491409787099,573.7570461523356,567.0347037497361,70.11270035683957,637.1474041065757,1927.9179927491027,238.38318121325452,8358.0,-0.18423469331353284,43.600007034685476
38,38,2025,3NB,3,NB,PM-Peak,3,Peak,PM,3.4,70,12000,1,6,70,1800,1,6,0.2,0.01,7508.0,928.0,0.0,0.0,0.0,1.0,1.0,1.0,3.66,1.83,0.13729977116704806,0.13729977116704806,30,4.005,0.592,7508.0,928.0,0.0,0.0,0.0,8436.0,10292.0,1.0,1.2,0.6597435897435897,10292.0,0.0,1.0,0.0,7132.599999999999,881.5999999999999,0.0,0.0,0.0,8014.2,0.5092426001292444,2.546213000646222,,0.08023376953018392,0.08031007162386042,126.00919524393382,630.0459762196691,56.12026806347062,69.52285946905502,3.0289212550711895,2.9342866728719845,3.6350503488201644,-0.7007636759481799,0.987447549312197,572.2753845509898,6935.72461544901,70.80135914359533,857.1986408564046,643.076743694585,7792.923256305415,23378.769768916245,784.6794619817758,0.4359330344343199,2354.0383859453277,8003.730512214114,9507.320538018224,28521.96161405467,96974.66948778588,10292.0,30876.0,104978.4,0.8576666666666667,1.7314248404394308,8.657124202197155,0.7335086372795009,1603.7879761740833,990.8518163836113,612.936159790472,4811.36392852225,2972.5554491508337,1838.8084793714158,1716.8261536529694,212.404077430786,1929.2302310837554,5837.208922420096,722.1738632646724,25308.0,-0.1927796340360535,43.601797662260836
39,39,2025,3NB,3,NB,PM-Late,3,OP,PM,3.4,70,12000,1,6,70,1800,1,6,0.2,0.01,7587.0,938.0,0.0,0.0,0.0,1.0,1.0,1.0,3.66,1.83,0.13729977116704806,0.13729977116704806,30,4.005,0.592,7587.0,938.0,0.0,0.0,0.0,8525.0,10401.0,1.0,1.2,0.6667307692307692,10401.0,0.0,1.0,0.0,7207.65,891.0999999999999,0.0,0.0,0.0,8098.75,0.5425056003717689,2.7125280018588445,,0.08023055377443317,0.08031274034070408,126.01546832012194,630.0773416006098,55.40333865044393,69.49201266033924,1.9590955051639718,2.9355891733501007,3.682088570277261,-0.7464993969271605,1.0518899127084196,578.2737509122932,7008.7262490877065,71.5666829176014,866.4333170823986,649.8404338298946,7875.159566170105,23625.478698510313,792.9737996650974,0.440540999813943,2378.9213989952923,8088.332756583994,9608.026200334902,28824.078601004705,98001.867243416,10401.0,31202.999999999996,106090.19999999998,0.86675,1.844519041264014,9.22259520632007,0.7814893524538529,1726.6674914289874,1066.6369446208882,660.0305468080991,5180.002474286963,3199.9108338626647,1980.091640424297,1734.8212527368796,214.7000487528042,1949.5213014896838,5898.39225930539,729.9801657595343,25575.0,-0.20273803377601782,43.6039682768588
40,40,2025,3SB,3,SB,Night,8,OP,NT,3.4,70,12000,1,6,70,1800,1,6,0.2,0.01,2929.0,362.0,0.0,0.0,0.0,1.0,1.0,1.0,3.66,1.83,0.13729977116704806,0.13729977116704806,30,4.009,0.708,2929.0,362.0,0.0,0.0,0.0,3291.0,4015.0,1.0,1.2,0.25737179487179485,4015.0,0.0,1.0,0.0,2782.5499999999997,343.9,0.0,0.0,0.0,3126.45,1.829983591883337,9.149917959416685,,0.010000037958826698,0.010000027189024926,82188.5991205374,410942.995602687,69.90738620563856,69.99999999366237,1.6875664909667483,2.9142857145495666,2.9181465803901827,-0.003860865840616068,0.0052893865631221506,27.825605622333228,2901.174394377667,3.4390093503056716,358.5609906496943,31.2646149726389,3259.735385027361,26077.88308021889,38.142633673250245,0.021190352040694582,305.14106938600196,1037.4796359124066,3976.85736632675,31814.858930614,108170.5203640876,4015.0,32120.0,109208.0,0.33458333333333334,6.221944212403345,31.109721062016728,2.6351533582662383,280.11598747617103,173.12936585849422,106.98662161767682,2240.9278998093682,1385.0349268679538,855.8929729414145,222.60484497866582,27.512074802445373,250.1169197811112,756.8564729274638,93.54105432831426,26328.0,-0.0013230541147456118,28438.961633403942
41,41,2025,3SB,3,SB,AM-Early,1,OP,AM,3.4,70,12000,1,6,70,1800,1,6,0.2,0.01,9916.0,1226.0,0.0,0.0,0.0,1.0,1.0,1.0,3.66,1.83,0.13729977116704806,0.13729977116704806,30,3.82,0.715,9916.0,1226.0,0.0,0.0,0.0,11142.0,13594.0,1.0,1.2,0.8714102564102564,13594.0,0.0,1.0,0.0,9420.199999999999,1164.7,0.0,0.0,0.0,10584.9,1.8299999891701018,9.149999945850508,,0.10335549856821762,0.10400914779986872,112.53363262207363,562.6681631103681,32.778392587169364,59.93275031337532,1.515629316466851,3.4038150916373495,6.223612077910523,-2.819796986273173,4.533777118165987,973.6294676123234,8942.370532387677,121.1394544425071,1104.860545557493,1094.7689220548305,10047.23107794517,10047.23107794517,1337.0478309398447,0.742804350522136,1337.0478309398447,4545.962625195472,12256.952169060156,12256.952169060156,41673.63737480453,13594.0,13594.0,46219.600000000006,1.1328333333333334,6.221999963178346,31.109999815891726,2.639979870227621,9826.57091703685,6057.922511633229,3768.64840540362,9826.57091703685,6057.922511633229,3768.64840540362,973.6294676123234,121.1394544425071,1094.7689220548305,3310.3401898818997,411.87414510452413,11142.0,-0.45308045407930925,38.93897322563101
42,42,2025,3SB,3,SB,AM-Peak,2,Peak,AM,3.4,70,12000,1,6,70,1800,1,6,0.2,0.01,9025.0,1116.0,0.0,0.0,0.0,1.0,1.0,1.0,3.66,1.83,0.13729977116704806,0.13729977116704806,30,3.82,0.715,9025.0,1116.0,0.0,0.0,0.0,10141.0,12373.0,1.0,1.2,0.7931410256410256,12373.0,0.0,1.0,0.0,8573.75,1060.2,0.0,0.0,0.0,9633.949999999999,1.5868255109989795,7.934127554994897,,0.0770572898369344,0.07723229838680593,126.7368756642145,633.6843783210724,39.744004642345026,68.87767555693296,3.842414445659722,2.9617724226389948,5.132849641997308,-2.171077219358313,3.039432580964883,660.6699387394162,8364.330061260584,81.88168274969165,1034.1183172503083,742.5516214891079,9398.448378510891,18796.896757021783,906.3149869884912,0.5035083261047173,1812.6299739769825,6162.941911521741,11466.685013011509,22933.370026023018,77973.45808847826,12373.0,24746.0,84136.40000000001,1.0310833333333334,5.3952067373965304,26.97603368698265,2.2867469134203824,5773.293936884759,3564.4509046822513,2208.843032202508,11546.587873769518,7128.901809364503,4417.686064405016,1321.3398774788325,163.7633654993833,1485.1032429782158,4492.55558342803,556.7954426979032,20282.0,-0.42297697590718786,43.85359019522992
43,43,2025,3SB,3,SB,AM-Shoulder,1,OP,AM,3.4,70,12000,1,6,70,1800,1,6,0.2,0.01,8799.0,1088.0,0.0,0.0,0.0,1.0,1.0,1.0,3.66,1.83,0.13729977116704806,0.13729977116704806,30,3.82,0.715,8799.0,1088.0,0.0,0.0,0.0,9887.0,12063.0,1.0,1.2,0.7732692307692308,12063.0,0.0,1.0,0.0,8359.05,1033.6,0.0,0.0,0.0,9392.65,1.3615702281210003,6.807851140605001,,0.07708790818906659,0.07723487950816844,126.65195056613534,633.2597528306767,42.33002694172773,69.03227444405135,2.3966151734154892,2.955139485739182,4.819274041115779,-1.8641345553765971,2.6098340077571884,644.381678947817,8154.618321052183,79.82997145964289,1008.1700285403571,724.21165040746,9162.78834959254,9162.78834959254,883.8715933267457,0.49103977407041427,883.8715933267457,3005.1634173109355,11179.128406673255,11179.128406673255,38009.03658268906,12063.0,12063.0,41014.2,1.00525,4.629338775611401,23.146693878057004,1.9619146848280684,4830.8610043170875,2983.0610926467057,1847.7999116703816,4830.8610043170875,2983.0610926467057,1847.7999116703816,644.381678947817,79.82997145964289,724.21165040746,2190.897708422578,271.42190296278585,9887.0,-0.386808166431848,43.82420434814372
44,44,2025,3SB,3,SB,MD,5,OP,MD,3.4,70,12000,1,6,70,1800,1,6,0.2,0.01,7308.0,903.0,0.0,0.0,0.0,1.0,1.0,1.0,3.66,1.83,0.13729977116704806,0.13729977116704806,30,3.823,0.708,7308.0,903.0,0.0,0.0,0.0,8211.0,10017.0,1.0,1.2,0.6421153846153846,10017.0,0.0,1.0,0.0,6942.599999999999,857.8499999999999,0.0,0.0,0.0,7800.45,0.4408635949631204,2.204317974815602,,0.0773840990075077,0.07742543189858143,125.34668195268443,626.7334097634223,57.66236769667275,69.67304784114566,1.9812757260572638,2.9279614760806703,3.537835995100341,-0.6098745190196708,0.854263884716039,537.2468457695229,6770.753154230477,66.41940675419808,836.5805932458019,603.666252523721,7607.333747476278,38036.66873738139,736.5050660321172,0.40916948112895396,3682.525330160586,12520.586122545992,9280.494933967882,46402.474669839416,157768.413877454,10017.0,50085.0,170289.0,0.83475,1.4989362228746093,7.494681114373047,0.6348906641561123,1303.0910311776165,805.2987577490665,497.79227342854995,6515.455155888083,4026.4937887453325,2488.9613671427496,2686.2342288476148,332.0970337709904,3018.3312626186053,9133.19637808189,1129.1299148213673,41055.0,-0.17238631747325342,43.372554308887345
45,45,2025,3SB,3,SB,PM-Shoulder,1,OP,PM,3.4,70,12000,1,6,70,1800,1,6,0.2,0.01,7141.0,883.0,0.0,0.0,0.0,1.0,1.0,1.0,3.66,1.83,0.13729977116704806,0.13729977116704806,30,4.005,0.592,7141.0,883.0,0.0,0.0,0.0,8024.0,9790.0,1.0,1.2,0.6275641025641026,9790.0,0.0,1.0,0.0,6783.95,838.8499999999999,0.0,0.0,0.0,7622.799999999999,0.3771522050254773,1.8857610251273864,,0.08024593266712263,0.08029979382868067,125.98508516361353,629.9254258180678,59.16123670425766,69.64575090039605,1.8437602590134496,2.929109060676951,3.4482037794405795,-0.5190947187636286,0.7314677492621658,544.3843949171265,6596.615605082873,67.35948205318877,815.6405179468112,611.7438769703153,7412.256123029684,7412.256123029684,746.4628410766928,0.41470157837594046,746.4628410766928,2537.9736596607554,9043.537158923307,9043.537158923307,30748.026340339246,9790.0,9790.0,33286.0,0.8158333333333333,1.282317497086623,6.411587485433114,0.5432660192678189,1129.954846900627,698.0736347431454,431.88121215748157,1129.954846900627,698.0736347431454,431.88121215748157,544.3843949171265,67.35948205318877,611.7438769703153,1850.90694271823,229.02223898084182,8024.0,-0.15054061533678967,43.59345507391472
46,46,2025,3SB,3,SB,PM-Peak,3,Peak,PM,3.4,70,12000,1,6,70,1800,1,6,0.2,0.01,7293.0,901.0,0.0,0.0,0.0,1.0,1.0,1.0,3.66,1.83,0.13729977116704806,0.13729977116704806,30,4.005,0.592,7293.0,901.0,0.0,0.0,0.0,8194.0,9996.0,1.0,1.2,0.6407692307692308,9996.0,0.0,1.0,0.0,6928.349999999999,855.9499999999999,0.0,0.0,0.0,7784.299999999999,0.42738302090081515,2.1369151045040757,,0.08024146476725513,0.08030360845450515,125.99408919023689,629.9704459511845,57.96661622393663,69.59894358873746,2.9416098306175793,2.9310789716212216,3.519267007270309,-0.5881880356490874,0.8288243713888949,555.940952420212,6737.059047579788,68.73587365663369,832.2641263433663,624.6768260768457,7569.323173923154,22707.96952176946,762.1485733901131,0.42341587410561843,2286.4457201703394,7773.915448579154,9233.851426609886,27701.55427982966,94185.28455142085,9996.0,29988.0,101959.2,0.833,1.4531022710627715,7.2655113553138575,0.6154901771218788,1307.240331108301,807.8390605386103,499.40127056969067,3921.7209933249032,2423.517181615831,1498.203811709072,1667.8228572606363,206.20762096990106,1874.0304782305373,5670.597714686163,701.1059112976636,24582.0,-0.16713367710775395,43.5965706540612
47,47,2025,3SB,3,SB,PM-Late,3,OP,PM,3.4,70,12000,1,6,70,1800,1,6,0.2,0.01,6005.0,742.0,0.0,0.0,0.0,1.0,1.0,1.0,3.66,1.83,0.13729977116704806,0.13729977116704806,30,4.005,0.592,6005.0,742.0,0.0,0.0,0.0,6747.0,8231.0,1.0,1.2,0.5276282051282051,8231.0,0.0,1.0,0.0,5704.75,704.9,0.0,0.0,0.0,6409.65,1.8299947572445328,9.149973786222663,,0.010000000538035006,0.010000007569669105,1107.163688718392,5535.818443591959,63.73221593504717,69.99999952954197,3.4596172714748317,2.9142857338721306,3.2008929394186927,-0.28660720554656205,0.392651898432181,57.0475030693552,5947.952496930645,7.049005335859752,734.9509946641402,64.09650840521495,6682.903491594785,20048.710474784355,78.19451907693445,0.04344139948718581,234.58355723080336,797.5840945847315,8152.805480923065,24458.416442769194,83158.61590541525,8231.0,24692.999999999996,83956.19999999998,0.6859166666666666,6.221982174631411,31.109910873157055,2.6350085172366486,574.2424749477641,354.94854720475877,219.29392774300538,1722.7274248432923,1064.8456416142762,657.8817832290162,171.1425092080656,21.147016007579253,192.28952521564486,581.884531307423,71.89985442576946,20241.0,-0.08953976623742128,383.10162239390723
48,48,2025,4NB,4,NB,Night,8,OP,NT,4.4,70,12000,1,6,70,1800,1,6,0.2,0.01,2650.0,327.0,0.0,0.0,0.0,1.0,1.0,1.0,3.66,1.83,0.13729977116704806,0.13729977116704806,30,4.009,0.708,2650.0,327.0,0.0,0.0,0.0,2977.0,3631.0,1.0,1.2,0.23275641025641025,3631.0,0.0,1.0,0.0,2517.5,310.65,0.0,0.0,0.0,2828.15,1.829443845561462,9.147219227807309,,0.010000629742170851,0.010000520144659455,150189.88414447615,750949.4207223806,69.94930340508925,69.9999999965317,0.0,3.771428571615435,3.7741619594283526,-0.0027333878129174316,0.00374474155970031,25.176585375915117,2624.8234146240848,3.1066615829384596,323.89333841706156,28.283246958853578,2948.716753041146,23589.73402432917,34.496570124730496,0.01916476118040583,275.97256099784397,1214.2792683905136,3596.5034298752694,28772.027439002155,126596.9207316095,3631.0,29048.0,127811.20000000001,0.3025833333333333,8.049552920470433,40.24776460235216,2.6332359874491713,327.69644042944856,202.66025634017072,125.03618408927787,2621.5715234355885,1621.2820507213657,1000.2894727142229,201.41268300732094,24.853292663507677,226.26597567082862,886.2158052322122,109.35448771943379,23816.0,-0.0007242370206421772,40157.72303328239
49,49,2025,4NB,4,NB,AM-Early,1,OP,AM,4.4,70,12000,1,6,70,1800,1,6,0.2,0.01,5675.0,701.0,0.0,0.0,0.0,1.0,1.0,1.0,3.66,1.83,0.13729977116704806,0.13729977116704806,30,3.82,0.715,5675.0,701.0,0.0,0.0,0.0,6376.0,7778.0,1.0,1.2,0.4985897435897436,7778.0,0.0,1.0,0.0,5391.25,665.9499999999999,0.0,0.0,0.0,6057.2,1.8297383331227584,9.148691665613791,,0.010000723108398715,0.010000580442852042,1554.750327834937,7773.751639174684,65.41910908143186,69.99999966488748,4.23072528536419,3.7714285894836133,4.035518118587953,-0.26408952910434014,0.3618026796083538,53.916398458154575,5621.083601541845,6.659886545917317,694.3401134540827,60.57628500407189,6315.423714995928,6315.423714995928,73.89605809590653,0.04105336560883696,73.89605809590653,325.14265562198875,7704.1039419040935,7704.1039419040935,33898.057344378016,7778.0,7778.0,34223.200000000004,0.6481666666666667,8.050848665740137,40.25424332870068,2.6343997418898564,702.1614581492429,434.07276458834735,268.0886935608956,702.1614581492429,434.07276458834735,268.0886935608956,53.916398458154575,6.659886545917317,60.57628500407189,237.23215321588015,29.303500802036197,6376.0,-0.06544129436265456,415.7086438061329
50,50,2025,4NB,4,NB,AM-Peak,2,Peak,AM,4.4,70,12000,1,6,70,1800,1,6,0.2,0.01,6762.0,836.0,0.0,0.0,0.0,1.0,1.0,1.0,3.66,1.83,0.13729977116704806,0.13729977116704806,30,3.82,0.715,6762.0,836.0,0.0,0.0,0.0,7598.0,9270.0,1.0,1.2,0.5942307692307692,9270.0,0.0,1.0,0.0,6423.9,794.1999999999999,0.0,0.0,0.0,7218.099999999999,0.2794500874878821,1.3972504374394104,,0.07720994309072338,0.07724040904465194,126.31181810071156,631.5590905035579,61.69878841641222,69.79707302789959,3.718456837261049,3.7823935667685205,4.278852255869817,-0.496458689101297,0.695170447684508,495.98895342049786,6266.011046579502,61.34433286326257,774.6556671367374,557.3332862837605,7040.666713716239,14081.333427432479,680.0219520102855,0.3777899733390475,1360.043904020571,5984.193177690513,8589.978047989714,17179.95609597943,75591.80682230949,9270.0,18540.0,81576.0,0.7725,1.2295803849466813,6.147901924733406,0.4024836805454944,986.9972303576161,609.8582882760774,377.13894208153874,1973.9944607152322,1219.7165765521547,754.2778841630775,991.9779068409957,122.68866572652514,1114.666572567521,4364.702790100381,539.8301291967107,15196.0,-0.1160261349104178,33.77321339591218
51,51,2025,4NB,4,NB,AM-Shoulder,1,OP,AM,4.4,70,12000,1,6,70,1800,1,6,0.2,0.01,6463.0,799.0,0.0,0.0,0.0,1.0,1.0,1.0,3.66,1.83,0.13729977116704806,0.13729977116704806,30,3.82,0.715,6463.0,799.0,0.0,0.0,0.0,7262.0,8860.0,1.0,1.2,0.5679487179487179,8860.0,0.0,1.0,0.0,6139.849999999999,759.05,0.0,0.0,0.0,6898.9,0.21297379041449763,1.064868952072488,,0.07721837223835318,0.0772405862367972,126.28841386451224,631.4420693225611,63.48868708490209,69.84512842916718,2.2743217990150364,3.779791174236773,4.158221127599604,-0.37842995336283103,0.5299058019543157,474.1092227876527,5988.8907772123475,58.62946698304091,740.3705330169591,532.7386897706936,6729.261310229307,6729.261310229307,649.9976237367755,0.3611097909648753,649.9976237367755,2859.9895444418125,8210.002376263225,8210.002376263225,36124.01045555819,8860.0,8860.0,38984.00000000001,0.7383333333333333,0.9370846778237897,4.685423389118948,0.3067273701947418,718.9843641831719,444.28048828925483,274.70387589391703,718.9843641831719,444.28048828925483,274.70387589391703,474.1092227876527,58.62946698304091,532.7386897706936,2086.080580265672,257.96965472538005,7262.0,-0.09100765489623815,33.76695557874658
52,52,2025,4NB,4,NB,MD,5,OP,MD,4.4,70,12000,1,6,70,1800,1,6,0.2,0.01,7611.0,941.0,0.0,0.0,0.0,1.0,1.0,1.0,3.66,1.83,0.13729977116704806,0.13729977116704806,30,3.823,0.708,7611.0,941.0,0.0,0.0,0.0,8552.0,10434.0,1.0,1.2,0.6688461538461539,10434.0,0.0,1.0,0.0,7230.45,893.9499999999999,0.0,0.0,0.0,8124.4,0.5635495647710236,2.817747823855118,,0.07735500386390057,0.07742615844446737,125.42626393171857,627.1313196585929,54.97431450434519,69.58361271334863,2.671678610308537,3.7939967429911174,4.802242690613875,-1.0082459476227577,1.4122153432838664,559.3114876877398,7051.68851231226,69.2151143414316,871.7848856585684,628.5266020291714,7923.473397970829,39617.36698985414,766.9568307120346,0.4260871281733526,3834.784153560173,16873.050275664762,9667.043169287965,48335.21584643982,212674.94972433525,10434.0,52170.0,229548.0,0.8695,2.479618084992504,12.39809042496252,0.8117882069335715,2245.014126393771,1386.878880014582,858.1352463791891,11225.070631968856,6934.39440007291,4290.676231895945,2796.557438438699,346.075571707158,3142.633010145857,12304.852729130278,1522.7325155114954,42760.0,-0.20995314326645842,33.536434206341866
53,53,2025,4NB,4,NB,PM-Shoulder,1,OP,PM,4.4,70,12000,1,6,70,1800,1,6,0.2,0.01,6867.0,849.0,0.0,0.0,0.0,1.0,1.0,1.0,3.66,1.83,0.13729977116704806,0.13729977116704806,30,4.005,0.592,6867.0,849.0,0.0,0.0,0.0,7716.0,9414.0,1.0,1.2,0.6034615384615385,9414.0,0.0,1.0,0.0,6523.65,806.55,0.0,0.0,0.0,7330.2,0.29816666502390965,1.4908333251195482,,0.08024687315866422,0.08029984404032003,125.98392339817487,629.9196169908743,61.14389546278915,69.71962399408005,2.2943749684700268,3.7865952923443253,4.3176836870111535,-0.5310883946668281,0.7483695083481372,523.5025140815197,6343.49748591848,64.76583921072012,784.2341607892799,588.2683532922399,7127.73164670776,7127.73164670776,717.80003171368,0.3987777953964889,717.80003171368,3158.3201395401925,8696.19996828632,8696.19996828632,38263.279860459814,9414.0,9414.0,41421.600000000006,0.7845,1.3119333261052026,6.559666630526013,0.42947418260061565,1111.6427087919778,686.8003945234038,424.84231426857394,1111.6427087919778,686.8003945234038,424.84231426857394,523.5025140815197,64.76583921072012,588.2683532922399,2303.4110619586872,284.96969252716855,7716.0,-0.12300308062503426,33.68554101555477
54,54,2025,4NB,4,NB,PM-Peak,3,Peak,PM,4.4,70,12000,1,6,70,1800,1,6,0.2,0.01,6930.0,857.0,0.0,0.0,0.0,1.0,1.0,1.0,3.66,1.83,0.13729977116704806,0.13729977116704806,30,4.005,0.592,6930.0,857.0,0.0,0.0,0.0,7787.0,9501.0,1.0,1.2,0.6090384615384615,9501.0,0.0,1.0,0.0,6583.5,814.15,0.0,0.0,0.0,7397.65,0.31509855942372395,1.5754927971186197,,0.08024493392986004,0.08030146085383902,125.98769346375805,629.9384673187902,60.70800537305313,69.70380249955875,3.6181533090502156,3.787454780557649,4.348685126083609,-0.56123034552596,0.7908414798774023,528.2925225272336,6401.707477472766,65.37743435415304,791.622565645847,593.6699568813866,7193.3300431186135,21579.99012935584,724.4248255896928,0.4024582364387182,2173.2744767690783,9562.407697783945,8776.575174410307,26329.72552323092,115850.79230221607,9501.0,28503.0,125413.20000000001,0.79175,1.3864336614643855,6.932168307321927,0.45389847776238146,1185.6499147755683,732.4425363316889,453.20737844387946,3556.9497443267046,2197.327608995067,1359.6221353316384,1584.8775675817008,196.13230306245913,1781.00987064416,6973.461297359484,862.9821334748202,23361.0,-0.12905748042314563,33.68654905448076
55,55,2025,4NB,4,NB,PM-Late,3,OP,PM,4.4,70,12000,1,6,70,1800,1,6,0.2,0.01,7003.0,866.0,0.0,0.0,0.0,1.0,1.0,1.0,3.66,1.83,0.13729977116704806,0.13729977116704806,30,4.005,0.592,7003.0,866.0,0.0,0.0,0.0,7869.0,9601.0,1.0,1.2,0.6154487179487179,9601.0,0.0,1.0,0.0,6652.849999999999,822.6999999999999,0.0,0.0,0.0,7475.549999999999,0.33554715167348875,1.6777357583674437,,0.08024185016687166,0.08030266206850999,125.99266592045511,629.9633296022755,60.189875902491174,69.68472977090295,2.340069435326359,3.7884914079157976,4.386119692748418,-0.59762828483262,0.8421268362081898,533.8369928826721,6469.163007117328,66.06500008376317,799.9349999162368,599.9019929664353,7269.0980070335645,21807.294021100693,732.0319931339616,0.40668444062997866,2196.0959794018845,9662.822309368292,8868.968006866038,26606.904020598115,117070.3776906317,9601.0,28803.0,126733.2,0.8000833333333334,1.4764074673633507,7.382037336816753,0.4833574464437935,1275.8552199219146,788.160922646773,487.6942972751416,3827.5656597657435,2364.482767940319,1463.0828918254247,1601.5109786480164,198.1950002512895,1799.7059788993058,7046.648306051273,872.058001105674,23607.0,-0.1362544405299017,33.68787858835698
56,56,2025,4SB,4,SB,Night,8,OP,NT,4.4,70,12000,1,6,70,1800,1,6,0.2,0.01,2704.0,334.0,0.0,0.0,0.0,1.0,1.0,1.0,3.66,1.83,0.13729977116704806,0.13729977116704806,30,4.009,0.708,2704.0,334.0,0.0,0.0,0.0,3038.0,3706.0,1.0,1.2,0.23756410256410257,3706.0,0.0,1.0,0.0,2568.7999999999997,317.3,0.0,0.0,0.0,2886.1,1.8294540622269901,9.147270311134951,,0.010000640135977798,0.010000524865460549,132852.01115869405,664260.0557934702,69.94269233457852,69.99999999607901,2.0158237612055983,3.7714285716398246,3.7745186979238246,-0.003090126283999961,0.004233473298496825,25.689644381299765,2678.3103556187,3.1731665398106323,330.8268334601894,28.8628109211104,3009.1371890788896,24073.097512631117,35.20914400073166,0.019560635555962033,281.6731520058533,1239.3618688257545,3670.7908559992684,29366.326847994147,129211.83813117426,3706.0,29648.0,130451.20000000001,0.30883333333333335,8.049597873798758,40.24798936899379,2.6339720188801174,334.50487995070193,206.7913067903568,127.71357316034515,2676.0390396056155,1654.3304543228544,1021.7085852827612,205.51715505039812,25.38533231848506,230.9024873688832,904.2754822217518,111.69546220133427,24304.0,-0.0008186808786242565,35521.92811729787
57,57,2025,4SB,4,SB,AM-Early,1,OP,AM,4.4,70,12000,1,6,70,1800,1,6,0.2,0.01,9153.0,1131.0,0.0,0.0,0.0,1.0,1.0,1.0,3.66,1.83,0.13729977116704806,0.13729977116704806,30,3.82,0.715,9153.0,1131.0,0.0,0.0,0.0,10284.0,12546.0,1.0,1.2,0.8042307692307692,12546.0,0.0,1.0,0.0,8695.35,1074.45,0.0,0.0,0.0,9769.8,1.7286161515562875,8.643080757781437,,0.07697608943005456,0.07722260200628289,126.96271842028526,634.8135921014263,38.29895129236158,68.78761799560476,3.230237744162632,3.837900013006243,6.8931391354481475,-3.0552391224419044,4.27674347270682,669.3340392256249,8483.665960774375,82.97182472565066,1048.0281752743495,752.3058639512756,9531.694136048725,9531.694136048725,918.2495134025769,0.5101386185569872,918.2495134025769,4040.297858971339,11627.750486597422,11627.750486597422,51162.10214102866,12546.0,12546.0,55202.4,1.0455,7.605911066847665,38.029555334238324,2.491212553990531,8246.276775950886,5090.89517636403,3155.3815995868554,8246.276775950886,5090.89517636403,3155.3815995868554,669.3340392256249,82.97182472565066,752.3058639512756,2945.06977259275,365.0760287928629,10284.0,-0.44322899370045465,33.94725091451477
58,58,2025,4SB,4,SB,AM-Peak,2,Peak,AM,4.4,70,12000,1,6,70,1800,1,6,0.2,0.01,8331.0,1030.0,0.0,0.0,0.0,1.0,1.0,1.0,3.66,1.83,0.13729977116704806,0.13729977116704806,30,3.82,0.715,8331.0,1030.0,0.0,0.0,0.0,9361.0,11421.0,1.0,1.2,0.7321153846153846,11421.0,0.0,1.0,0.0,7914.45,978.5,0.0,0.0,0.0,8892.949999999999,0.9801993002993161,4.90099650149658,,0.07710556343288412,0.07723541661510874,126.60142362746217,633.0071181373107,47.59378572189896,69.29957239358306,4.58719191466068,3.8095473158279636,5.546942652190152,-1.7373953363621886,2.4324542906433653,610.2481265113897,7720.751873488611,75.5748551578839,954.4251448421161,685.8229816692736,8675.177018330727,17350.354036661454,836.9726919850414,0.4649848288805785,1673.9453839700827,7365.359689468364,10584.02730801496,21168.05461602992,93139.44031053166,11421.000000000002,22842.000000000004,100504.80000000002,0.9517500000000002,4.312876921316991,21.564384606584955,1.412254930547665,4261.650304319463,2631.925061107904,1629.7252432115592,8523.300608638927,5263.850122215808,3259.4504864231185,1220.4962530227795,151.1497103157678,1371.6459633385473,5370.18351330023,665.0587253893784,18722.0,-0.3132167475494264,33.8506480287332
59,59,2025,4SB,4,SB,AM-Shoulder,1,OP,AM,4.4,70,12000,1,6,70,1800,1,6,0.2,0.01,8123.0,1004.0,0.0,0.0,0.0,1.0,1.0,1.0,3.66,1.83,0.13729977116704806,0.13729977116704806,30,3.82,0.715,8123.0,1004.0,0.0,0.0,0.0,9127.0,11135.0,1.0,1.2,0.7137820512820513,11135.0,0.0,1.0,0.0,7716.849999999999,953.8,0.0,0.0,0.0,8670.65,0.8413170692844326,4.206585346422163,,0.0771280532618798,0.07723688616213056,126.53937112222428,632.6968556111215,49.847356026047656,69.39680733987248,2.8614864942009053,3.8042095900327784,5.296168564327609,-1.491958974294831,2.088893790271681,595.185617813937,7527.814382186063,73.66854202144013,930.3314579785599,668.8541598353771,8458.145840164623,8458.145840164623,816.1912438782574,0.4534395799323652,816.1912438782574,3591.2414730643327,10318.808756121743,10318.808756121743,45402.75852693568,11135.0,11135.0,48994.000000000015,0.9279166666666666,3.7017951048515036,18.508975524257522,1.211972471276339,3566.784447684222,2203.25520650165,1363.5292411825722,3566.784447684222,2203.25520650165,1363.5292411825722,595.185617813937,73.66854202144013,668.8541598353771,2618.816718381323,324.14158489433663,9127.0,-0.2817053415451944,33.834056449792584
60,60,2025,4SB,4,SB,MD,5,OP,MD,4.4,70,12000,1,6,70,1800,1,6,0.2,0.01,6746.0,834.0,0.0,0.0,0.0,1.0,1.0,1.0,3.66,1.83,0.13729977116704806,0.13729977116704806,30,3.823,0.708,6746.0,834.0,0.0,0.0,0.0,7580.0,9248.0,1.0,1.2,0.5928205128205128,9248.0,0.0,1.0,0.0,6408.7,792.3,0.0,0.0,0.0,7201.0,0.272921891796317,1.364609458981585,,0.07739477628550197,0.07742546776788678,125.31795579665372,626.5897789832686,61.810762133995034,69.79705420116417,2.366858279627524,3.782394587013912,4.271100871199318,-0.4887062841854055,0.6845510506859234,495.99990278089643,6250.000097219104,61.34419811249669,772.6558018875033,557.3441008933931,7022.655899106607,35113.27949553303,680.0324971183866,0.37779583173243697,3400.1624855919326,14960.714936604505,8567.967502881613,42839.837514408064,188495.2850633955,9248.0,46240.0,203456.0,0.7706666666666667,1.2008563239037948,6.0042816195189745,0.39307871823624035,963.9524611011013,595.624619910107,368.32784119099443,4819.762305505506,2978.123099550535,1841.639205954972,2479.9995139044822,306.72099056248345,2786.720504466966,10911.997861179723,1349.5723584749273,37900.0,-0.11442162077716925,33.507474811939495
61,61,2025,4SB,4,SB,PM-Shoulder,1,OP,PM,4.4,70,12000,1,6,70,1800,1,6,0.2,0.01,6591.0,815.0,0.0,0.0,0.0,1.0,1.0,1.0,3.66,1.83,0.13729977116704806,0.13729977116704806,30,4.005,0.592,6591.0,815.0,0.0,0.0,0.0,7406.0,9036.0,1.0,1.2,0.5792307692307692,9036.0,0.0,1.0,0.0,6261.45,774.25,0.0,0.0,0.0,7035.7,0.23313534616903128,1.1656767308451563,,0.0802542677531336,0.08029406156478137,125.96970295360254,629.8485147680126,62.8781725742307,69.78048896865045,2.2021011123630063,3.7832924919543705,4.198595302500805,-0.4153028105464345,0.585218421568961,502.5080848228584,6088.491915177142,62.16767716653198,752.832322833468,564.6757619893904,6841.324238010609,6841.324238010609,689.0111163224543,0.38278395351247463,689.0111163224543,3031.648911818799,8346.988883677546,8346.988883677546,36726.751088181205,9036.0,9036.0,39758.4,0.753,1.0257955231437377,5.128977615718688,0.33580299307268097,834.3271683631901,515.4705437548217,318.85662460836835,834.3271683631901,515.4705437548217,318.85662460836835,502.5080848228584,62.16767716653198,564.6757619893904,2211.035573220577,273.53777953274073,7406.0,-0.09891470375796117,33.681738757647736
62,62,2025,4SB,4,SB,PM-Peak,3,Peak,PM,4.4,70,12000,1,6,70,1800,1,6,0.2,0.01,6732.0,832.0,0.0,0.0,0.0,1.0,1.0,1.0,3.66,1.83,0.13729977116704806,0.13729977116704806,30,4.005,0.592,6732.0,832.0,0.0,0.0,0.0,7564.0,9228.0,1.0,1.2,0.5915384615384616,9228.0,0.0,1.0,0.0,6395.4,790.4,0.0,0.0,0.0,7185.799999999999,0.26450056893460366,1.3225028446730183,,0.08025072584555867,0.08029675187253624,125.97650587201491,629.8825293600745,62.02954202860084,69.75111353819612,3.5140085283736244,3.784885811972479,4.25603658138043,-0.47115076940795086,0.663912973634046,513.2354920726859,6218.764507927314,63.466552680052644,768.5334473199473,576.7020447527386,6987.297955247262,20961.893865741786,703.6351501128438,0.39090841672935767,2110.9054503385314,9287.983981489539,8524.364849887155,25573.094549661466,112521.61601851045,9228.0,27683.999999999996,121809.59999999999,0.769,1.1638025033122563,5.819012516561281,0.380934623191438,966.6174148911118,597.3047504628896,369.3126644282222,2899.8522446733355,1791.9142513886688,1107.9379932846666,1539.7064762180578,190.39965804015793,1730.1061342582157,6774.708495359455,837.758495376695,22692.0,-0.1107017668666595,33.68355771979008
63,63,2025,4SB,4,SB,PM-Late,3,OP,PM,4.4,70,12000,1,6,70,1800,1,6,0.2,0.01,5543.0,685.0,0.0,0.0,0.0,1.0,1.0,1.0,3.66,1.83,0.13729977116704806,0.13729977116704806,30,4.005,0.592,5543.0,685.0,0.0,0.0,0.0,6228.0,7598.0,1.0,1.2,0.48705128205128206,7598.0,0.0,1.0,0.0,5265.849999999999,650.75,0.0,0.0,0.0,5916.599999999999,1.8297304143465525,9.148652071732762,,0.01000071758766682,0.010000574993872668,1789.2484978808557,8946.242489404278,65.98506002005729,69.99999970880943,4.132817190863588,3.7714285871172066,4.0009056583377,-0.22947707122049366,0.3143836090655071,52.662278709015325,5490.3377212909845,6.5078741772626385,678.4921258227373,59.17015288627796,6168.829847113722,18506.489541341165,72.18590124080325,0.04010327846711292,216.55770372240974,952.8538963786029,7525.814098759196,22577.442296277586,99340.7461036214,7597.999999999999,22793.999999999996,100293.59999999999,0.6331666666666665,8.050813823124832,40.254069115624155,2.6347075681331185,685.942618315109,423.97420138779313,261.96841692731596,2057.827854945327,1271.9226041633794,785.9052507819479,157.986836127046,19.523622531787915,177.5104586588339,695.1420789590024,85.90393913986684,18684.0,-0.057356281506481956,478.408689272956
64,64,2025,5NB,5,NB,Night,8,OP,NT,3.0,70,8000,1,6,70,1800,1,6,0.2,0.01,1487.0,184.0,0.0,0.0,0.0,1.0,1.0,1.0,3.66,1.83,0.1933404940923738,0.1933404940923738,30,4.009,0.708,1487.0,184.0,0.0,0.0,0.0,1671.0,2039.0,1.0,1.2,0.1757758620689655,2039.0,0.0,1.0,0.0,1412.6499999999999,174.79999999999998,0.0,0.0,0.0,1587.4499999999998,1.8297054515761317,9.148527257880659,,0.010000104295953981,0.010000101498416267,420540.7619019739,2102703.8095098697,69.98188344237263,69.99999999989127,0.0,2.5714285714325653,2.5720942499100214,-0.0006656784774561331,0.0009119795195867673,14.12664733367939,1472.8733526663207,1.7480177419231633,182.25198225807685,15.874665075602554,1655.1253349243975,13241.00267939518,19.370700559448878,0.010761500310804932,154.96560447559102,464.89681342677306,2019.6292994405512,16157.03439552441,48471.10318657323,2039.0,16312.0,48936.0,0.254875,5.489116354728395,27.445581773641976,2.6356078316557223,125.51817479450898,77.54281091677981,47.97536387772917,1004.1453983560718,620.3424873342385,383.8029110218334,113.01317866943512,13.984141935385306,126.99732060482043,339.0395360083054,41.952425806155915,13368.0,-0.0002588079645523955,164917.94584391132
65,65,2025,5NB,5,NB,AM-Early,1,OP,AM,3.0,70,8000,1,6,70,1800,1,6,0.2,0.01,4065.0,502.0,0.0,0.0,0.0,1.0,1.0,1.0,3.66,1.83,0.1933404940923738,0.1933404940923738,30,3.82,0.715,4065.0,502.0,0.0,0.0,0.0,4567.0,5571.0,1.0,1.2,0.4802586206896552,5571.0,0.0,1.0,0.0,3861.75,476.9,0.0,0.0,0.0,4338.65,0.20000006714987512,1.0000003357493756,,0.054446930430045594,0.054444109682965286,143.53813442791534,717.6906721395768,64.63994840010317,69.99882185107585,2.401298170381953,2.5714718510970695,2.7846556882417426,-0.21318383714467304,0.29212115003404454,210.26043358822858,3854.739566411771,25.964395907806143,476.03560409219386,236.22482949603472,4330.7751705039655,4330.7751705039655,288.15362131164704,0.16008534517313724,288.15362131164704,864.4608639349411,5282.846378688353,5282.846378688353,15848.53913606506,5571.0,5571.0,16713.0,0.696375,0.6000002014496253,3.0000010072481267,0.2879312289358014,204.04951638583026,126.15630250982271,77.89321387600756,204.04951638583026,126.15630250982271,77.89321387600756,210.26043358822858,25.964395907806143,236.22482949603472,630.7813007646857,77.89318772341844,4567.0,-0.0765566235153759,56.28946448153543
66,66,2025,5NB,5,NB,AM-Peak,2,Peak,AM,3.0,70,8000,1,6,70,1800,1,6,0.2,0.01,4453.0,550.0,0.0,0.0,0.0,1.0,1.0,1.0,3.66,1.83,0.1933404940923738,0.1933404940923738,30,3.82,0.715,4453.0,550.0,0.0,0.0,0.0,5003.0,6103.0,1.0,1.2,0.5261206896551724,6103.0,0.0,1.0,0.0,4230.349999999999,522.5,0.0,0.0,0.0,4752.849999999999,0.22729722572986155,1.1364861286493078,,0.09081113379641165,0.09082055712880946,118.54142297617376,592.7071148808687,62.79633732287815,69.95617715380558,3.034095723479388,2.5730393987117415,2.866409215469034,-0.2933698167572927,0.4041234823354344,384.16287985565,4068.83712014435,47.45374109980294,502.5462589001971,431.6166209554529,4571.383379044547,9142.766758089094,526.5241031550588,0.29251339064169934,1053.0482063101176,3159.144618930353,5576.475896844941,11152.951793689883,33458.85538106965,6103.0,12206.0,36618.0,0.762875,0.6818916771895847,3.4094583859479233,0.3272572659953318,423.74902599607486,261.9574704587501,161.79155553732477,847.4980519921497,523.9149409175002,323.58311107464954,768.3257597113,94.90748219960588,863.2332419109058,2304.9772791339,284.72244659881767,10006.0,-0.10234749985245502,46.48683253967598
67,67,2025,5NB,5,NB,AM-Shoulder,1,OP,AM,3.0,70,8000,1,6,70,1800,1,6,0.2,0.01,4266.0,527.0,0.0,0.0,0.0,1.0,1.0,1.0,3.66,1.83,0.1933404940923738,0.1933404940923738,30,3.82,0.715,4266.0,527.0,0.0,0.0,0.0,4793.0,5847.0,1.0,1.2,0.5040517241379311,5847.0,0.0,1.0,0.0,4052.7,500.65,0.0,0.0,0.0,4553.349999999999,0.2000001603174125,1.0000008015870625,,0.0791548622951664,0.07915957880042951,125.07358794176355,625.3679397088177,63.906135069633194,69.98513316482214,2.071896843310442,2.5719748160810325,2.8166309823598157,-0.24465616627878317,0.3359273029758041,320.79091042362086,3945.209089576379,39.63124312643503,487.36875687356496,360.4221535500559,4432.5778464499435,4432.5778464499435,439.684639802926,0.24426924433495886,439.684639802926,1319.0539194087778,5407.3153601970735,5407.3153601970735,16221.94608059122,5846.999999999999,5846.999999999999,17541.0,0.7308749999999999,0.6000004809522375,3.0000024047611875,0.28796650645672717,311.368525222259,192.47470053927864,118.89382468298038,311.368525222259,192.47470053927864,118.89382468298038,320.79091042362086,39.63124312643503,360.4221535500559,962.3727312708626,118.89372937930509,4793.0,-0.08686127782128086,49.04846585951512
68,68,2025,5NB,5,NB,MD,5,OP,MD,3.0,70,8000,1,6,70,1800,1,6,0.2,0.01,4708.0,582.0,0.0,0.0,0.0,1.0,1.0,1.0,3.66,1.83,0.1933404940923738,0.1933404940923738,30,3.823,0.708,4708.0,582.0,0.0,0.0,0.0,5290.0,6454.0,1.0,1.2,0.5563793103448276,6454.0,0.0,1.0,0.0,4472.599999999999,552.9,0.0,0.0,0.0,5025.5,0.31468454637414583,1.5734227318707292,,0.09116895376024875,0.09118335325398684,117.61798776631375,588.0899388315687,60.3402389416563,69.93725456846457,2.046306903940444,2.573735573560302,2.9830839777423512,-0.4093484041820492,0.5639679066498782,407.7622625880885,4300.237737411911,50.41527601412932,531.5847239858707,458.17753860221785,4831.822461397782,24159.112306988907,559.0080906304764,0.3105600503502647,2795.0404531523823,8385.121359457147,5894.9919093695235,29474.95954684762,88424.87864054285,6454.0,32270.0,96810.0,0.80675,0.9440536391224374,4.720268195612188,0.45318900742855206,622.9230718355884,384.94944789308386,237.97362394250462,3114.615359177942,1924.7472394654192,1189.8681197125231,2038.8113129404426,252.0763800706466,2290.887693011089,6116.4339388213275,756.2291402119398,26450.0,-0.1372232251040586,46.124701084828914
69,69,2025,5NB,5,NB,PM-Shoulder,1,OP,PM,3.0,70,8000,1,6,70,1800,1,6,0.2,0.01,5570.0,688.0,0.0,0.0,0.0,1.0,1.0,1.0,3.66,1.83,0.1933404940923738,0.1933404940923738,30,4.005,0.592,5570.0,688.0,0.0,0.0,0.0,6258.0,7634.0,1.0,1.2,0.6581034482758621,7634.0,0.0,1.0,0.0,5291.5,653.6,0.0,0.0,0.0,5945.099999999999,0.8346862474746001,4.173431237373,,0.0969505233182894,0.0970244887153253,118.45984438059726,592.2992219029862,49.198662000639324,69.75190728941462,2.283086248734988,2.5805745963783324,3.6586360823727473,-1.0780614859944149,1.489474289993521,513.0136941387284,5056.986305861272,63.415205824336624,624.5847941756633,576.4288999630651,5681.571100036936,5681.571100036936,703.2593116117382,0.3906996175620768,703.2593116117382,2109.7779348352146,6930.740688388261,6930.740688388261,20792.222065164784,7634.0,7634.0,22902.0,0.95425,2.5040587424238003,12.520293712119,1.2019946887115787,2078.5934285263866,1284.6164257912124,793.9770027351741,2078.5934285263866,1284.6164257912124,793.9770027351741,513.0136941387284,63.415205824336624,576.4288999630651,1539.0410824161852,190.24561747300987,6258.0,-0.29466212591858987,46.454840933567546
70,70,2025,5NB,5,NB,PM-Peak,3,Peak,PM,3.0,70,8000,1,6,70,1800,1,6,0.2,0.01,5539.0,685.0,0.0,0.0,0.0,1.0,1.0,1.0,3.66,1.83,0.1933404940923738,0.1933404940923738,30,4.005,0.592,5539.0,685.0,0.0,0.0,0.0,6224.0,7594.0,1.0,1.2,0.6546551724137931,7594.0,0.0,1.0,0.0,5262.05,650.75,0.0,0.0,0.0,5912.799999999999,0.8087586665856864,4.043793332928432,,0.096952511776185,0.09702407582038333,118.45687271144496,592.2843635572248,49.656654979580104,69.75955889692065,3.5485805610418057,2.580291544933287,3.6248917707811756,-1.0446002258478888,1.443244583113068,510.16896459187427,5028.831035408126,63.13841734011445,621.8615826598856,573.3073819319887,5650.692618068011,16952.077854204035,699.5842166122177,0.3886578981178987,2098.7526498366533,6296.25794950996,6894.4157833877825,20683.247350163347,62049.74205049004,7594.0,22782.0,68346.0,0.94925,2.4262759997570593,12.131379998785297,1.1650334596730654,2003.7668478849969,1237.8107146101736,765.9561332748232,6011.30054365499,3713.4321438305205,2297.8683998244696,1530.5068937756228,189.41525202034336,1719.9221457959661,4591.520681326869,568.2457560610301,18672.0,-0.2881741833695559,46.45367557311567
71,71,2025,5NB,5,NB,PM-Late,3,OP,PM,3.0,70,8000,1,6,70,1800,1,6,0.2,0.01,3830.0,473.0,0.0,0.0,0.0,1.0,1.0,1.0,3.66,1.83,0.1933404940923738,0.1933404940923738,30,4.005,0.592,3830.0,473.0,0.0,0.0,0.0,4303.0,5249.0,1.0,1.2,0.4525,5249.0,0.0,1.0,0.0,3638.5,449.34999999999997,0.0,0.0,0.0,4087.85,1.8294241540773473,9.147120770386737,,0.010000557063377569,0.01000053278530748,1444.728895611272,7223.644478056361,65.09548691068487,69.99999996834754,2.9864970660186456,2.571428572591315,2.765168655193737,-0.19374008260242226,0.26542391475827715,36.38702687509929,3793.6129731249007,4.493739407077916,468.5062605929221,40.880766282177206,4262.119233717823,12786.357701153469,49.868245096333034,0.02770458060907391,149.6047352889991,448.8142058669973,5199.131754903667,15597.395264711,46792.185794133,5249.0,15747.0,47241.0,0.656125,5.488272462232041,27.441362311160212,2.633807844607302,323.01624878266796,199.70191758110462,123.31433120156336,969.0487463480039,599.1057527433138,369.94299360469006,109.16108062529787,13.481218221233748,122.64229884653162,327.4832418758936,40.443654663701246,12909.0,-0.07006447228400546,566.5603512201067
72,72,2025,5SB,5,SB,Night,8,OP,NT,3.0,70,8000,1,6,70,1800,1,6,0.2,0.01,1525.0,188.0,0.0,0.0,0.0,1.0,1.0,1.0,3.66,1.83,0.1933404940923738,0.1933404940923738,30,4.009,0.708,1525.0,188.0,0.0,0.0,0.0,1713.0,2089.0,1.0,1.2,0.18008620689655172,2089.0,0.0,1.0,0.0,1448.75,178.6,0.0,0.0,0.0,1627.35,1.8297138092109337,9.148569046054668,,0.010000104397679543,0.010000102060995112,363649.33380112855,1818246.6690056426,69.97904993475355,69.99999999987426,0.0,2.57142857143319,2.572198396060347,-0.000769824627156801,0.0010546597455324096,14.487651246138238,1510.5123487538617,1.786018228093727,186.21398177190628,16.273669474231966,1696.726330525768,13573.810644206143,19.84570593041942,0.011025392183566345,158.76564744335536,476.2969423300661,2069.154294069581,16553.234352556647,49659.70305766994,2089.0000000000005,16712.000000000004,50136.00000000001,0.26112500000000005,5.489141427632801,27.445707138164003,2.632950527424977,128.5432998759564,79.52476664427338,49.01853323168302,1028.3463990076511,636.1981331541871,392.1482658534642,115.9012099691059,14.288145824749815,130.18935579385573,347.7036299073177,42.86443747424944,13704.0,-0.00029928664458227114,142607.58188279552
73,73,2025,5SB,5,SB,AM-Early,1,OP,AM,3.0,70,8000,1,6,70,1800,1,6,0.2,0.01,4818.0,595.0,0.0,0.0,0.0,1.0,1.0,1.0,3.66,1.83,0.1933404940923738,0.1933404940923738,30,3.82,0.715,4818.0,595.0,0.0,0.0,0.0,5413.0,6603.0,1.0,1.2,0.5692241379310344,6603.0,0.0,1.0,0.0,4577.099999999999,565.25,0.0,0.0,0.0,5142.349999999999,0.3646638289050416,1.8233191445252082,,0.0907989928888751,0.09081531135576269,118.56363633597418,592.818181679871,59.121269623249404,69.92978508678691,2.1011192936948646,2.574010484611237,3.044589555451886,-0.4705790708406492,0.6482305481119411,415.59607035167016,4402.40392964833,51.333354743844865,543.6666452561551,466.92942509551506,4946.070574904485,4946.070574904485,569.5961345832047,0.3164422969906693,569.5961345832047,1708.7884037496142,6033.403865416795,6033.403865416795,18100.211596250385,6603.0,6603.0,19809.0,0.825375,1.0939914867151248,5.469957433575624,0.5250256881954645,735.449828248456,454.6585628769872,280.79126537146874,735.449828248456,454.6585628769872,280.79126537146874,415.59607035167016,51.333354743844865,466.92942509551506,1246.7882110550104,154.0000642315346,5413.0,-0.1545624007012678,46.49554366116635
74,74,2025,5SB,5,SB,AM-Peak,2,Peak,AM,3.0,70,8000,1,6,70,1800,1,6,0.2,0.01,3481.0,430.0,0.0,0.0,0.0,1.0,1.0,1.0,3.66,1.83,0.1933404940923738,0.1933404940923738,30,3.82,0.715,3481.0,430.0,0.0,0.0,0.0,3911.0,4771.0,1.0,1.2,0.41129310344827585,4771.0,0.0,1.0,0.0,3306.95,408.5,0.0,0.0,0.0,3715.45,1.8293766327892707,9.146883163946352,,0.010000561328154816,0.01000052975509338,2561.993482710664,12809.967413553319,67.14720846351172,69.99999998215135,4.241455909432144,2.571428572084236,2.6806773374326247,-0.10924876534838868,0.14967080942555314,33.071356284141565,3447.9286437158585,4.085216404955646,425.91478359504436,37.15657268909721,3873.843427310903,7747.686854621806,45.32700549900851,0.025181669721671393,90.65401099801701,271.962032994051,4725.672994500992,9451.345989001984,28354.037967005952,4771.000000000001,9542.000000000002,28626.000000000004,0.5963750000000001,5.488129898367812,27.440649491839057,2.633907179096213,293.60089066927026,181.49989920257156,112.10099146669873,587.2017813385405,362.9997984051431,224.20198293339746,66.14271256828313,8.170432809911292,74.31314537819442,198.4281377048494,24.511298429733877,7822.0,-0.04075416456238628,1004.7033265532016
75,75,2025,5SB,5,SB,AM-Shoulder,1,OP,AM,3.0,70,8000,1,6,70,1800,1,6,0.2,0.01,3793.0,469.0,0.0,0.0,0.0,1.0,1.0,1.0,3.66,1.83,0.1933404940923738,0.1933404940923738,30,3.82,0.715,3793.0,469.0,0.0,0.0,0.0,4262.0,5200.0,1.0,1.2,0.4482758620689655,5200.0,0.0,1.0,0.0,3603.35,445.54999999999995,0.0,0.0,0.0,4048.8999999999996,1.8299319840559776,9.149659920279888,,0.010000173245289084,0.010000106966188053,1528.7810307507198,7643.905153753598,65.34600739855426,69.99999997008663,2.9586241603500927,2.57142857252743,2.7545676800444028,-0.18313910751697282,0.25090057880368927,36.034124263412416,3756.965875736588,4.455547658785086,464.54445234121494,40.4896719221975,4221.510328077803,4221.510328077803,49.400767239767674,0.02744487068875982,49.400767239767674,148.20230171930302,5150.599232760233,5150.599232760233,15451.797698280698,5200.0,5200.0,15600.0,0.65,5.489795952167933,27.448979760839663,2.6354064450951817,320.12022703064616,197.81998952119778,122.30023750944838,320.12022703064616,197.81998952119778,122.30023750944838,36.034124263412416,4.455547658785086,40.4896719221975,108.10237279023724,13.366642976355259,4262.0,-0.06648560819315961,599.5219728434195
76,76,2025,5SB,5,SB,MD,5,OP,MD,3.0,70,8000,1,6,70,1800,1,6,0.2,0.01,4637.0,573.0,0.0,0.0,0.0,1.0,1.0,1.0,3.66,1.83,0.1933404940923738,0.1933404940923738,30,3.823,0.708,4637.0,573.0,0.0,0.0,0.0,5210.0,6356.0,1.0,1.2,0.5479310344827586,6356.0,0.0,1.0,0.0,4405.15,544.35,0.0,0.0,0.0,4949.5,0.28706821016336137,1.435341050816807,,0.0911709693548214,0.09118388106702564,117.61386432067721,588.0693216033861,61.079664356036595,69.94274784206969,2.0152032000756677,2.5735334334653097,2.9469710074169773,-0.37343757395166755,0.5144931373041165,401.6217956533915,4235.378204346609,49.63594565883541,523.3640543411645,451.25774131222687,4758.742258687774,23793.711293438868,550.5296326298977,0.3058497959054987,2752.6481631494885,8257.944489448466,5805.470367370102,29027.35183685051,87082.05551055152,6356.0,31780.0,95339.99999999999,0.7945,0.8612046304900841,4.306023152450421,0.4133721006062193,559.6120813231594,345.8785501224431,213.73353120071624,2798.0604066157966,1729.3927506122154,1068.6676560035812,2008.1089782669574,248.17972829417704,2256.2887065611344,6024.326934800873,744.5391848825311,26050.0,-0.1267191204161136,46.1230840473244
77,77,2025,5SB,5,SB,PM-Shoulder,1,OP,PM,3.0,70,8000,1,6,70,1800,1,6,0.2,0.01,4858.0,600.0,0.0,0.0,0.0,1.0,1.0,1.0,3.66,1.83,0.1933404940923738,0.1933404940923738,30,4.005,0.592,4858.0,600.0,0.0,0.0,0.0,5458.0,6658.0,1.0,1.2,0.5739655172413793,6658.0,0.0,1.0,0.0,4615.099999999999,570.0,0.0,0.0,0.0,5185.099999999999,0.3671340108425869,1.8356700542129345,,0.0969847554381045,0.0970131728287386,118.4098892571454,592.049446285727,59.0194693166091,69.8904494813166,1.990742890158839,2.575459184135285,3.0498410454081277,-0.47438186127284254,0.6554250893519921,447.594344822396,4410.405655177604,55.297508512381,544.702491487619,502.891853334777,4955.108146665223,4955.108146665223,613.486870359539,0.3408260390886328,613.486870359539,1840.4606110786171,6044.513129640461,6044.513129640461,18133.53938892138,6658.0,6658.0,19974.0,0.83225,1.1014020325277607,5.507010162638803,0.5286128334174889,797.5052624816062,492.98132113531835,304.52394134628787,797.5052624816062,492.98132113531835,304.52394134628787,447.594344822396,55.297508512381,502.891853334777,1342.783034467188,165.892525537143,5458.0,-0.15554314280971357,46.435250689076625
78,78,2025,5SB,5,SB,PM-Peak,3,Peak,PM,3.0,70,8000,1,6,70,1800,1,6,0.2,0.01,4919.0,608.0,0.0,0.0,0.0,1.0,1.0,1.0,3.66,1.83,0.1933404940923738,0.1933404940923738,30,4.005,0.592,4919.0,608.0,0.0,0.0,0.0,5527.0,6743.0,1.0,1.2,0.5812931034482759,6743.0,0.0,1.0,0.0,4673.05,577.6,0.0,0.0,0.0,5250.65,0.39618212937690084,1.9809106468845041,,0.09698281628713483,0.09701394420063464,118.41274424863062,592.063721243153,58.29618038187493,69.88180892769526,3.150286010842573,2.5757776274257718,3.0876808535463574,-0.5119032261205856,0.707265626501367,453.20554965059546,4465.7944503494045,56.03525417028657,551.9647458297135,509.24080382088204,5017.759196179118,15053.277588537352,621.3113121614551,0.34517295120080843,1863.9339364843654,5591.801809453096,6121.688687838545,18365.066063515635,55095.1981905469,6743.0,20229.0,60687.0,0.842875,1.1885463881307026,5.942731940653513,0.5705606642530541,871.658313878405,538.6558191180051,333.00249476039994,2614.974941635215,1615.967457354015,999.0074842811998,1359.6166489517864,168.1057625108597,1527.722411462646,4078.849946855359,504.31728753257914,16581.0,-0.16578890448882982,46.43637029358064
79,79,2025,5SB,5,SB,PM-Late,3,OP,PM,3.0,70,8000,1,6,70,1800,1,6,0.2,0.01,3555.0,439.0,0.0,0.0,0.0,1.0,1.0,1.0,3.66,1.83,0.1933404940923738,0.1933404940923738,30,4.005,0.592,3555.0,439.0,0.0,0.0,0.0,3994.0,4872.0,1.0,1.2,0.42,4872.0,0.0,1.0,0.0,3377.25,417.04999999999995,0.0,0.0,0.0,3794.2999999999997,1.8293896067982136,9.146948033991068,,0.010000572293305697,0.010000530535770775,2259.404257555253,11297.021287776264,66.78268835648745,69.99999997976074,2.7719971179125054,2.5714285721720542,2.695309284932587,-0.12388071276053259,0.1697165775005013,33.774432777566666,3521.2255672224333,4.1707212599432015,434.8292787400568,37.945154037509866,3956.05484596249,11868.164537887471,46.28659655739627,0.02571477586522015,138.8597896721888,416.57936901656643,4825.7134034426035,14477.14021032781,43431.42063098343,4872.0,14616.0,43848.0,0.609,5.488168820394641,27.440844101973205,2.6336951176679384,299.8079007832428,185.35978889635615,114.44811188688665,899.4237023497285,556.0793666890685,343.34433566065997,101.3232983327,12.512163779829605,113.83546211252961,303.9698949981,37.53649133948881,11982.0,-0.045961594631478815,886.0408853157855
80,80,2025,6NB,6,NB,Night,8,OP,NT,4.4,70,10000,1,6,70,1800,1,6,0.2,0.01,1452.0,179.0,0.0,0.0,0.0,1.0,1.0,1.0,3.66,1.83,0.16057091882247995,0.16057091882247995,30,4.009,0.708,1452.0,179.0,0.0,0.0,0.0,1631.0,1989.0,1.0,1.2,0.14625,1989.0,0.0,1.0,0.0,1379.3999999999999,170.04999999999998,0.0,0.0,0.0,1549.4499999999998,1.8299593165308234,9.149796582654117,,0.010000042163875957,0.010000013833845566,1862185.4052878986,9310927.026439494,69.99590731670207,69.99999999990632,0.0,3.7714285714336184,3.7716490880746916,-0.00022051664107314295,0.0003021078051843929,13.794058160850494,1438.2059418391495,1.7005023524454383,177.29949764755457,15.494560513295932,1615.505439486704,12924.043515893633,18.89556521818681,0.010497536232326006,151.16452174549448,665.1238956801758,1970.1044347818133,15760.835478254507,69347.67610431983,1989.0000000000002,15912.000000000002,70012.80000000002,0.19890000000000002,8.051820992735625,40.25910496367812,2.6332993325241323,179.52798977263464,111.06728707455217,68.46070269808247,1436.2239181810771,888.5382965964174,547.6856215846598,110.35246528680395,13.604018819563507,123.95648410636745,485.5508472619374,59.85768280607943,13048.0,-5.846690291797792e-05,497910.5361732349
81,81,2025,6NB,6,NB,AM-Early,1,OP,AM,4.4,70,10000,1,6,70,1800,1,6,0.2,0.01,3969.0,491.0,0.0,0.0,0.0,1.0,1.0,1.0,3.66,1.83,0.16057091882247995,0.16057091882247995,30,3.82,0.715,3969.0,491.0,0.0,0.0,0.0,4460.0,5442.0,1.0,1.2,0.4001470588235294,5442.0,0.0,1.0,0.0,3770.5499999999997,466.45,0.0,0.0,0.0,4237.0,1.8296220745748724,9.148110372874362,,0.010000740816053207,0.01000044252891747,4438.1493511775725,22190.746755887863,68.32409143899466,69.99999996068776,3.592555621430118,3.771428573546619,3.863937220968695,-0.09250864742207598,0.12673684986996925,37.70829328396942,3931.2917067160306,4.664706417613554,486.33529358238644,42.37299970158297,4417.627000298417,4417.627000298417,51.70241253681008,0.028723562520450045,51.70241253681008,227.49061516196437,5390.29758746319,5390.29758746319,23717.309384838038,5442.0,5442.0,23944.800000000003,0.5442,8.050337128129438,40.251685640647196,2.6352907686190186,491.32676979002326,303.56447346233296,187.7622963276903,491.32676979002326,303.56447346233296,187.7622963276903,37.70829328396942,4.664706417613554,42.37299970158297,165.91649044946544,20.52470823749964,4460.0,-0.02394155032334711,1186.67094951272
82,82,2025,6NB,6,NB,AM-Peak,2,Peak,AM,4.4,70,10000,1,6,70,1800,1,6,0.2,0.01,4348.0,537.0,0.0,0.0,0.0,1.0,1.0,1.0,3.66,1.83,0.16057091882247995,0.16057091882247995,30,3.82,0.715,4348.0,537.0,0.0,0.0,0.0,4885.0,5959.0,1.0,1.2,0.43816176470588236,5959.0,0.0,1.0,0.0,4130.599999999999,510.15,0.0,0.0,0.0,4640.75,1.8296548961126868,9.148274480563433,,0.010000731312890965,0.010000457443490422,2574.664285368507,12873.321426842536,67.16026414663288,69.99999993223332,6.146648562942602,3.771428575079674,3.9308957961154145,-0.15946722103574063,0.2184700978209751,41.30902076102742,4306.690979238972,5.1017333647966385,531.8982666352034,46.410754125824056,4838.5892458741755,9677.178491748351,56.61422085541734,0.0314523449196763,113.22844171083467,498.2051435276726,5902.385779144583,11804.771558289165,51940.99485647233,5959.0,11918.0,52439.200000000004,0.5959,8.050481542895822,40.25240771447911,2.634159076695931,537.9145606421073,332.55750919175154,205.3570514503557,1075.8291212842146,665.1150183835031,410.7141029007114,82.61804152205484,10.203466729593277,92.82150825164811,363.5193826970413,44.895253610210425,9770.0,-0.04056765411927967,688.4129105263389
83,83,2025,6NB,6,NB,AM-Shoulder,1,OP,AM,4.4,70,10000,1,6,70,1800,1,6,0.2,0.01,4165.0,515.0,0.0,0.0,0.0,1.0,1.0,1.0,3.66,1.83,0.16057091882247995,0.16057091882247995,30,3.82,0.715,4165.0,515.0,0.0,0.0,0.0,4680.0,5710.0,1.0,1.2,0.4198529411764706,5710.0,0.0,1.0,0.0,3956.75,489.25,0.0,0.0,0.0,4446.0,1.8296426970007038,9.148213485003518,,0.010000766233620355,0.010000482575011778,3326.1471345306286,16630.73567265314,67.78153191379572,69.9999999475433,3.769476036826783,3.7714285742548097,3.8948662348876115,-0.12343766063280182,0.16910959893888522,39.57053179487734,4125.429468205122,4.892736099824512,510.1072639001755,44.46326789470185,4635.536732105298,4635.536732105298,54.24874009435088,0.030138188941306043,54.24874009435088,238.6944564151439,5655.751259905649,5655.751259905649,24885.30554358486,5710.0,5710.0,25124.000000000004,0.571,8.050427866803098,40.25213933401548,2.634977913889908,515.5028070804024,318.55971186569855,196.94309521470376,515.5028070804024,318.55971186569855,196.94309521470376,39.57053179487734,4.892736099824512,44.46326789470185,174.1103398974603,21.528038839227857,4680.0,-0.03169240050585811,889.3441536178151
84,84,2025,6NB,6,NB,MD,5,OP,MD,4.4,70,10000,1,6,70,1800,1,6,0.2,0.01,4597.0,568.0,0.0,0.0,0.0,1.0,1.0,1.0,3.66,1.83,0.16057091882247995,0.16057091882247995,30,3.823,0.708,4597.0,568.0,0.0,0.0,0.0,5165.0,6301.0,1.0,1.2,0.4633088235294118,6301.0,0.0,1.0,0.0,4367.15,539.6,0.0,0.0,0.0,4906.75,1.8296741386667807,9.148370693333904,,0.010000715506589083,0.010000475284929027,1842.0804534135784,9210.402267067893,66.09389870365274,69.99999990528232,4.159627784667147,3.771428576531728,3.9943172543611776,-0.22288867782944966,0.3053574956176705,43.67462472460051,4553.3253752754,5.396256463747703,562.6037435362523,49.07088118834822,5115.929118811652,25579.64559405826,59.86339411584362,0.03325744117546868,299.3169705792181,1316.9946705485597,6241.136605884157,31205.683029420783,137305.00532945147,6301.0,31505.0,138622.00000000003,0.6301,8.050566210133836,40.25283105066918,2.634501006106613,568.8200577894625,351.60545804814467,217.21459974131778,2844.100288947312,1758.0272902407232,1086.0729987065888,218.37312362300256,26.981282318738515,245.35440594174108,960.8417439412113,118.71764220244947,25825.0,-0.05580144581307097,492.53488059186583
85,85,2025,6NB,6,NB,PM-Shoulder,1,OP,PM,4.4,70,10000,1,6,70,1800,1,6,0.2,0.01,5439.0,672.0,0.0,0.0,0.0,1.0,1.0,1.0,3.66,1.83,0.16057091882247995,0.16057091882247995,30,4.005,0.592,5439.0,672.0,0.0,0.0,0.0,6111.0,7455.0,1.0,1.2,0.5481617647058824,7455.0,0.0,1.0,0.0,5167.05,638.4,0.0,0.0,0.0,5805.45,0.2036148954376924,1.018074477188462,,0.08876921110895708,0.08879641861119317,121.92577085630184,609.6288542815091,63.56813064606164,69.87309095619526,2.3466249477911734,3.778278538808402,4.153024437196598,-0.37474589838819616,0.5227863361021973,458.6749522605367,4980.325047739463,56.687633641385716,615.3123663586143,515.3625859019224,5595.637414098077,5595.637414098077,628.7378531846939,0.34929880732482993,628.7378531846939,2766.4465540126535,6826.262146815307,6826.262146815307,30035.553445987352,7455.0,7455.0,32802.00000000001,0.7455,0.8959055399258467,4.479527699629233,0.29320189233853133,664.8632558784593,410.9294307554381,253.93382512302128,664.8632558784593,410.9294307554381,253.93382512302128,458.6749522605367,56.687633641385716,515.3625859019224,2018.1697899463618,249.42558802209717,6111.0,-0.0902344554083962,32.60047349098979
86,86,2025,6NB,6,NB,PM-Peak,3,Peak,PM,4.4,70,10000,1,6,70,1800,1,6,0.2,0.01,5409.0,668.0,0.0,0.0,0.0,1.0,1.0,1.0,3.66,1.83,0.16057091882247995,0.16057091882247995,30,4.005,0.592,5409.0,668.0,0.0,0.0,0.0,6077.0,7413.0,1.0,1.2,0.5450735294117647,7413.0,0.0,1.0,0.0,5138.55,634.6,0.0,0.0,0.0,5773.15,0.2000109883102244,1.000054941551122,,0.08733955204172646,0.08736499524614953,122.57393152647695,612.8696576323847,63.71268411270128,69.88868634511451,3.7185715291359145,3.7774354306268147,4.143601916582431,-0.36616648595561596,0.5098774828607872,448.7986551440135,4960.2013448559865,55.44182598320649,612.5581740167935,504.24048112722,5572.75951887278,16718.27855661834,615.124133093633,0.34173562949646275,1845.372399280899,8119.638556835956,6797.875866906366,20393.627600719097,89731.96144316404,7412.999999999999,22238.999999999996,97851.59999999999,0.7413,0.8800483485649875,4.400241742824937,0.2879767492807472,638.9219522874178,394.96451529767637,243.9574369897414,1916.7658568622533,1184.893545893029,731.8723109692243,1346.3959654320404,166.32547794961948,1512.7214433816598,5924.142247900978,731.8321029783258,18231.0,-0.08836912747101526,32.77377848301523
87,87,2025,6NB,6,NB,PM-Late,3,OP,PM,4.4,70,10000,1,6,70,1800,1,6,0.2,0.01,3740.0,462.0,0.0,0.0,0.0,1.0,1.0,1.0,3.66,1.83,0.16057091882247995,0.16057091882247995,30,4.005,0.592,3740.0,462.0,0.0,0.0,0.0,4202.0,5126.0,1.0,1.2,0.37691176470588234,5126.0,0.0,1.0,0.0,3553.0,438.9,0.0,0.0,0.0,3991.8999999999996,1.8298948791290561,9.149474395645282,,0.010000048425778731,0.010000160268304501,6355.428303263196,31777.14151631598,68.82098540712775,69.99999997255289,3.3839601662559136,3.7714285729073547,3.8360392319034955,-0.06461065899614082,0.08851660485064616,35.530172056791834,3704.469827943208,4.3890703417588455,457.61092965824116,39.91924239855068,4162.0807576014495,12486.24227280435,48.69738308206837,0.027054101712260206,146.0921492462051,642.8054566833025,5077.302616917932,15231.907850753796,67020.39454331671,5126.0,15378.000000000002,67663.20000000001,0.5126,8.051537468167847,40.25768734083924,2.6346734129835285,462.76633310118774,286.0725115657097,176.69382153547804,1388.2989993035633,858.2175346971292,530.0814646064341,106.59051617037551,13.167211025276536,119.75772719565205,468.9982711496523,57.935728511216766,12606.0,-0.016843065226963314,1699.3123805516566
88,88,2025,6SB,6,SB,Night,8,OP,NT,4.4,70,10000,1,6,70,1800,1,6,0.2,0.01,1489.0,184.0,0.0,0.0,0.0,1.0,1.0,1.0,3.66,1.83,0.16057091882247995,0.16057091882247995,30,4.009,0.708,1489.0,184.0,0.0,0.0,0.0,1673.0,2041.0,1.0,1.2,0.15007352941176472,2041.0,0.0,1.0,0.0,1414.55,174.79999999999998,0.0,0.0,0.0,1589.35,1.8299603314031407,9.149801657015704,,0.010000042319174772,0.010000013600075717,1595048.268495028,7975241.34247514,69.99522192221042,69.99999999989063,0.0,3.771428571434464,3.771686020131458,-0.00025744869699417805,0.00035270472295451376,14.145559862588673,1474.8544401374113,1.7480023772932352,182.25199762270677,15.893562239881907,1657.106437760118,13256.851502080945,19.389566994468378,0.010771981663593543,155.11653595574703,682.512758205287,2021.6104330055316,16172.883464044253,71160.68724179472,2041.0,16328.0,71843.2,0.2041,8.05182545817382,40.2591272908691,2.6350095611140945,184.27062923390338,113.89757902171324,70.37305021219015,1474.165033871227,911.1806321737059,562.9844016975212,113.16447890070938,13.984019018345881,127.14849791905526,497.9237071631213,61.52968368072188,13384.0,-6.825825257458863e-05,426483.4942500075
89,89,2025,6SB,6,SB,AM-Early,1,OP,AM,4.4,70,10000,1,6,70,1800,1,6,0.2,0.01,4705.0,581.0,0.0,0.0,0.0,1.0,1.0,1.0,3.66,1.83,0.16057091882247995,0.16057091882247995,30,3.82,0.715,4705.0,581.0,0.0,0.0,0.0,5286.0,6448.0,1.0,1.2,0.47411764705882353,6448.0,0.0,1.0,0.0,4469.75,551.9499999999999,0.0,0.0,0.0,5021.7,1.8296817184802927,9.148408592401463,,0.010000690136509437,0.010000495981180472,1604.0469140019156,8020.2345700095775,65.55107315636366,69.99999989122703,4.256670727116392,3.7714285772889924,4.027394019473364,-0.255965442184372,0.35067266382136686,44.70058473766306,4660.299415262337,5.519773756812561,575.4802262431874,50.22035849447562,5235.7796415055245,5235.7796415055245,61.25990600810074,0.034033281115611526,61.25990600810074,269.5435864356433,6386.740093991899,6386.740093991899,28101.656413564357,6448.0,6448.0,28371.2,0.6448,8.05059956131329,40.25299780656644,2.6340908812781403,582.0539488051967,359.8665078794777,222.18744092571902,582.0539488051967,359.8665078794777,222.18744092571902,44.70058473766306,5.519773756812561,50.22035849447562,196.68257284571746,24.28700452997527,5286.0,-0.06355609631109373,428.8895491983732
90,90,2025,6SB,6,SB,AM-Peak,2,Peak,AM,4.4,70,10000,1,6,70,1800,1,6,0.2,0.01,3399.0,420.0,0.0,0.0,0.0,1.0,1.0,1.0,3.66,1.83,0.16057091882247995,0.16057091882247995,30,3.82,0.715,3399.0,420.0,0.0,0.0,0.0,3819.0,4659.0,1.0,1.2,0.3425735294117647,4659.0,0.0,1.0,0.0,3229.0499999999997,399.0,0.0,0.0,0.0,3628.0499999999997,1.829880552754761,9.149402763773805,,0.010000039868773073,0.010000168431443182,11273.447895698358,56367.239478491785,69.33041341316788,69.9999999845268,4.80573023447107,3.77142857226223,3.807852672487579,-0.03642410022534914,0.04990101845084058,32.29062873826169,3366.7093712617384,3.9900672041458294,416.0099327958542,36.28069594240752,3782.7193040575926,7565.438608115185,44.26083035069918,0.02458935019483288,88.52166070139836,389.4953070861528,4614.739169649301,9229.478339298603,40609.70469291385,4659.000000000001,9318.000000000002,40999.200000000004,0.4659000000000001,8.05147443212095,40.257372160604746,2.6348647121150193,420.6167920663463,259.98717168322395,160.62962038312233,841.2335841326926,519.9743433664479,321.25924076624466,64.58125747652338,7.980134408291659,72.56139188481504,284.1575328967029,35.1125913964833,7638.0,-0.00956552245009893,3014.2908812027695
91,91,2025,6SB,6,SB,AM-Shoulder,1,OP,AM,4.4,70,10000,1,6,70,1800,1,6,0.2,0.01,3704.0,458.0,0.0,0.0,0.0,1.0,1.0,1.0,3.66,1.83,0.16057091882247995,0.16057091882247995,30,3.82,0.715,3704.0,458.0,0.0,0.0,0.0,4162.0,5078.0,1.0,1.2,0.37338235294117644,5078.0,0.0,1.0,0.0,3518.7999999999997,435.09999999999997,0.0,0.0,0.0,3953.8999999999996,1.8295945736079446,9.147972868039723,,0.010000740781080628,0.010000436964499912,6723.422863252524,33617.11431626262,68.88466845635692,69.9999999740503,3.352259762541382,3.771428572826678,3.832492859674019,-0.061064286847341,0.08365807489626319,35.190606660466514,3668.8093933395335,4.351190123253911,453.6488098767461,39.54179678372043,4122.45820321628,4122.45820321628,48.24417703022824,0.026802320572349023,48.24417703022824,212.2743789330043,5029.7558229697715,5029.7558229697715,22130.925621066996,5078.0,5078.0,22343.2,0.5078,8.050216123874957,40.25108061937478,2.6349109209439248,458.4320935883494,283.29198914702897,175.14010444132046,458.4320935883494,283.29198914702897,175.14010444132046,35.190606660466514,4.351190123253911,39.54179678372043,154.83866930605268,19.14523654231721,4162.0,-0.01593330740152637,1797.706647928482
92,92,2025,6SB,6,SB,MD,5,OP,MD,4.4,70,10000,1,6,70,1800,1,6,0.2,0.01,4528.0,560.0,0.0,0.0,0.0,1.0,1.0,1.0,3.66,1.83,0.16057091882247995,0.16057091882247995,30,3.823,0.708,4528.0,560.0,0.0,0.0,0.0,5088.0,6208.0,1.0,1.2,0.45647058823529413,6208.0,0.0,1.0,0.0,4301.599999999999,532.0,0.0,0.0,0.0,4833.599999999999,1.829671886179216,9.14835943089608,,0.010000755165558092,0.010000496644014182,2013.9782421614416,10069.89121080721,66.41020038269112,69.99999991336499,4.098232557151693,3.7714285760962536,3.9752929290785257,-0.20386435298227212,0.27929416998043743,43.01924842016468,4484.980751579836,5.320264214615545,554.6797357853844,48.33951263478022,5039.66048736522,25198.302436826103,58.98004106401132,0.032766689480006286,294.90020532005656,1297.560903408249,6149.019958935989,30745.099794679947,135278.43909659178,6208.0,31040.000000000004,136576.00000000003,0.6208,8.050556299188552,40.252781495942756,2.6351692799219544,560.484314286917,346.3288813553139,214.15543293160303,2802.4215714345846,1731.6444067765697,1070.7771646580152,215.0962421008234,26.601321073077724,241.6975631739011,946.423465243623,117.04581272154199,25440.0,-0.05128285050166805,538.4968561928988
93,93,2025,6SB,6,SB,PM-Shoulder,1,OP,PM,4.4,70,10000,1,6,70,1800,1,6,0.2,0.01,4744.0,586.0,0.0,0.0,0.0,1.0,1.0,1.0,3.66,1.83,0.16057091882247995,0.16057091882247995,30,4.005,0.592,4744.0,586.0,0.0,0.0,0.0,5330.0,6502.0,1.0,1.2,0.47808823529411765,6502.0,0.0,1.0,0.0,4506.8,556.6999999999999,0.0,0.0,0.0,5063.5,1.8296836629233848,9.148418314616924,,0.010000725397508653,0.010000474470252393,1525.759065842826,7628.79532921413,65.33799404609653,69.9999998856443,4.292318456884374,3.7714285775897767,4.040528085599715,-0.2690995080099383,0.3686663344144672,45.071269221492,4698.928730778508,5.567264137589507,580.4327358624105,50.63853335908151,5279.3614666409185,5279.3614666409185,61.77306163426052,0.03431836757458918,61.77306163426052,271.8014711907463,6440.226938365739,6440.226938365739,28336.998528809258,6502.0,6502.0,28608.800000000003,0.6502,8.050608116862893,40.25304058431447,2.634314568601063,586.9504351058451,362.8511258318562,224.0993092739889,586.9504351058451,362.8511258318562,224.0993092739889,45.071269221492,5.567264137589507,50.63853335908151,198.31358457456483,24.49596220539383,5330.0,-0.06660008353091233,407.9569694766914
94,94,2025,6SB,6,SB,PM-Peak,3,Peak,PM,4.4,70,10000,1,6,70,1800,1,6,0.2,0.01,4804.0,594.0,0.0,0.0,0.0,1.0,1.0,1.0,3.66,1.83,0.16057091882247995,0.16057091882247995,30,4.005,0.592,4804.0,594.0,0.0,0.0,0.0,5398.0,6586.0,1.0,1.2,0.48426470588235293,6586.0,0.0,1.0,0.0,4563.8,564.3,0.0,0.0,0.0,5128.099999999999,1.8296877434295507,9.148438717147753,,0.010000721745507422,0.01000047911904809,1412.6623050635553,7063.311525317776,64.9914520283641,69.99999987648891,6.793392809479931,3.771428578083046,4.062072653566549,-0.2906440754835029,0.39818239252902904,45.64129390214678,4758.358706097853,5.643270366878837,588.3567296331212,51.284564269025616,5346.715435730975,16040.146307192925,62.571105002783284,0.03476172500154627,187.71331500834987,825.9385860367395,6523.428894997217,19570.28668499165,86109.26141396326,6586.0,19758.0,86935.2,0.6586,8.050626071090024,40.25313035545012,2.6350312435886147,594.6002883159276,367.44099060690496,227.15929770902264,1783.8008649477829,1102.3229718207149,681.4778931270679,136.92388170644034,16.92981110063651,153.85369280707684,602.4650795083376,74.49116884280065,16194.0,-0.07155068367088754,377.71719386726073
95,95,2025,6SB,6,SB,PM-Late,3,OP,PM,4.4,70,10000,1,6,70,1800,1,6,0.2,0.01,3472.0,429.0,0.0,0.0,0.0,1.0,1.0,1.0,3.66,1.83,0.16057091882247995,0.16057091882247995,30,4.005,0.592,3472.0,429.0,0.0,0.0,0.0,3901.0,4759.0,1.0,1.2,0.3499264705882353,4759.0,0.0,1.0,0.0,3298.3999999999996,407.54999999999995,0.0,0.0,0.0,3705.95,1.8298838125287413,9.149419062643707,,0.010000041417150442,0.010000167031158233,9924.749896349354,49623.74948174677,69.24040773043497,69.99999998242406,3.1416829461382934,3.77142857237552,3.8128025043959624,-0.04137393202044226,0.056682288165325855,32.98413661032902,3439.015863389671,4.075568073548538,424.92443192645146,37.059704683877555,3863.9402953161225,11591.820885948368,45.21084083097463,0.025117133794985907,135.6325224929239,596.7830989688651,4713.789159169025,14141.367477507076,62222.01690103114,4759.0,14277.0,62818.8,0.4759,8.051488775126462,40.25744387563231,2.63483529374115,429.643358657501,265.57140567530183,164.07195298219915,1288.930075972503,796.7142170259056,492.21585894659745,98.95240983098705,12.226704220645612,111.17911405163267,435.39060325634307,53.797498570840695,11703.0,-0.010851317888283035,2653.676442874159
96,96,2025,7NB,7,NB,Night,8,OP,NT,5.6,70,6000,1,6,70,1800,1,6,0.2,0.01,663.0,82.0,0.0,0.0,0.0,1.0,1.0,1.0,3.66,1.83,0.24291497975708504,0.24291497975708504,30,4.009,0.708,663.0,82.0,0.0,0.0,0.0,745.0,909.0,1.0,1.2,0.0946875,909.0,0.0,1.0,0.0,629.85,77.89999999999999,0.0,0.0,0.0,707.75,1.8296486881493694,9.148243440746848,,0.01000011403385443,0.010000099125908593,9534156.43394201,47670782.169710055,69.99920072637418,69.99999999999915,0.0,4.800000000000058,4.80005480796015,-5.480796009127431e-05,7.508690540505069e-05,6.298571824223213,656.7014281757768,0.7790077219082793,81.22099227809171,7.077579546131492,737.9224204538684,5903.379363630947,8.63559498994805,0.004797552772193361,69.0847599195844,386.87465554967264,900.3644050100519,7202.915240080415,40336.32534445032,908.9999999999999,7271.999999999999,40723.19999999999,0.15149999999999997,10.246032653636469,51.230163268182345,2.63518422309183,104.44406536280161,64.53537258226567,39.90869278053594,835.5525229024129,516.2829806581253,319.2695422442875,50.388574593785705,6.232061775266234,56.62063636905194,282.1760177251999,34.899545941490906,5960.0,-1.1418194642357785e-05,2002974.0407441198
97,97,2025,7NB,7,NB,AM-Early,1,OP,AM,5.6,70,6000,1,6,70,1800,1,6,0.2,0.01,1357.0,168.0,0.0,0.0,0.0,1.0,1.0,1.0,3.66,1.83,0.24291497975708504,0.24291497975708504,30,3.82,0.715,1357.0,168.0,0.0,0.0,0.0,1525.0,1861.0,1.0,1.2,0.19385416666666666,1861.0,0.0,1.0,0.0,1289.1499999999999,159.6,0.0,0.0,0.0,1448.75,1.8298460666565362,9.14923033328268,,0.0100001087229997,0.01000011561810674,129489.38960770342,647446.948038517,69.94119281728523,69.99999999993715,2.6646860592244184,4.80000000000431,4.804035883084927,-0.004035883080616642,0.005529159826350636,12.891640160255063,1344.108359839745,1.5960184526498356,166.40398154735016,14.487658612904898,1510.5123413870951,1510.5123413870951,17.679695518204568,0.009822053065669205,17.679695518204568,99.00629490194558,1843.3203044817953,1843.3203044817953,10322.593705098054,1861.0,1861.0,10421.599999999999,0.31016666666666665,10.247137973276601,51.23568986638301,2.6361787297664034,213.87552188495877,132.1024154239673,81.77310646099147,213.87552188495877,132.1024154239673,81.77310646099147,12.891640160255063,1.5960184526498356,14.487658612904898,72.19318489742835,8.937703334839078,1525.0,-0.000840102609313773,27203.65327892929
98,98,2025,7NB,7,NB,AM-Peak,2,Peak,AM,5.6,70,6000,1,6,70,1800,1,6,0.2,0.01,1703.0,211.0,0.0,0.0,0.0,1.0,1.0,1.0,3.66,1.83,0.24291497975708504,0.24291497975708504,30,3.82,0.715,1703.0,211.0,0.0,0.0,0.0,1914.0,2336.0,1.0,1.2,0.24333333333333335,2336.0,0.0,1.0,0.0,1617.85,200.45,0.0,0.0,0.0,1818.3,1.8298699959928415,9.149349979964207,,0.010000097780253929,0.010000122648223886,33104.04441328778,165520.2220664389,69.77052881359549,69.99999999975415,5.226278543633923,4.800000000016858,4.815786919111426,-0.015786919094567864,0.02162807918265353,16.178658193783818,1686.8213418062162,2.004524584836478,208.99547541516353,18.183182778620296,1895.8168172213798,3791.6336344427596,22.19223194829325,0.012329017749051806,44.3844638965865,248.5529978208844,2313.8077680517067,4627.615536103413,25914.647002179114,2336.0,4672.0,26163.199999999997,0.3893333333333333,10.247271977559912,51.23635988779955,2.6367737022757964,268.49165377630476,165.78711074368098,102.70454303262376,536.9833075526095,331.57422148736197,205.40908606524752,32.357316387567636,4.009049169672956,36.36636555724059,181.20097177037874,22.450675350168552,3828.0,-0.0032781598022781186,6954.63117926214
99,99,2025,7NB,7,NB,AM-Shoulder,1,OP,AM,5.6,70,6000,1,6,70,1800,1,6,0.2,0.01,2051.0,253.0,0.0,0.0,0.0,1.0,1.0,1.0,3.66,1.83,0.24291497975708504,0.24291497975708504,30,3.82,0.715,2051.0,253.0,0.0,0.0,0.0,2304.0,2810.0,1.0,1.2,0.29270833333333335,2810.0,0.0,1.0,0.0,1948.4499999999998,240.35,0.0,0.0,0.0,2188.7999999999997,1.8298919259817,9.149459629908499,,0.010000100073472596,0.010000123510276168,10926.608350475724,54633.04175237862,69.30936442270526,69.99999999925514,4.023518517467232,4.800000000051076,4.84782976728508,-0.04782976723400356,0.06552678118055881,19.484694988157678,2031.5153050118424,2.403529685694877,250.59647031430512,21.888224673852555,2282.1117753261474,2282.1117753261474,26.69528404524231,0.01483071335846795,26.69528404524231,149.49359065335693,2783.3047159547577,2783.3047159547577,15586.506409346643,2810.0,2810.0,15736.0,0.4683333333333333,10.24739478549752,51.23697392748759,2.6336482161781234,322.8169496585475,199.66736181865664,123.14958783989086,322.8169496585475,199.66736181865664,123.14958783989086,19.484694988157678,2.403529685694877,21.888224673852555,109.11429193368299,13.45976623989131,2304.0,-0.00986622252224619,2295.5059559822953
100,100,2025,7NB,7,NB,MD,5,OP,MD,5.6,70,6000,1,6,70,1800,1,6,0.2,0.01,2793.0,345.0,0.0,0.0,0.0,1.0,1.0,1.0,3.66,1.83,0.24291497975708504,0.24291497975708504,30,3.823,0.708,2793.0,345.0,0.0,0.0,0.0,3138.0,3828.0,1.0,1.2,0.39875,3828.0,0.0,1.0,0.0,2653.35,327.75,0.0,0.0,0.0,2981.1,1.829581116185558,9.14790558092779,,0.010000578670653997,0.010000540353322257,1709.3031936179425,8546.515968089712,65.80884429788571,69.99999999523806,5.4811381993703305,4.800000000326533,5.1056967127258135,-0.3056967123992802,0.4188044964343651,26.53503541577978,2766.46496458422,3.2776771008013696,341.7223228991986,29.81271251658115,3108.187287483419,15540.936437417095,36.36806671818389,0.02020448151010216,181.84033359091944,1018.3058681091488,3791.6319332818157,18958.15966640908,106165.69413189084,3827.9999999999995,19140.0,107183.99999999999,0.6379999999999999,10.245654250639124,51.228271253195615,2.6341742742545855,439.77852999878417,271.8687983985438,167.90973160024035,2198.8926499939207,1359.3439919927189,839.5486580012017,132.6751770788989,16.38838550400685,149.06356258290577,742.9809916418338,91.77495882243835,15690.0,-0.05987365282339221,359.0973095836014
101,101,2025,7NB,7,NB,PM-Shoulder,1,OP,PM,5.6,70,6000,1,6,70,1800,1,6,0.2,0.01,3717.0,459.0,0.0,0.0,0.0,1.0,1.0,1.0,3.66,1.83,0.24291497975708504,0.24291497975708504,30,4.005,0.592,3717.0,459.0,0.0,0.0,0.0,4176.0,5094.0,1.0,1.2,0.530625,5094.0,0.0,1.0,0.0,3531.1499999999996,436.04999999999995,0.0,0.0,0.0,3967.2,0.39551688430573917,1.9775844215286957,,0.1023044479283395,0.10234670874207868,116.30963194893089,581.5481597446543,58.199182308183445,69.96968704808954,4.4029521742775,4.802079502929178,5.773276989026609,-0.9711974860974308,1.3333894749664543,361.25235130215594,3355.747648697844,44.628282346983404,414.3717176530166,405.8806336491393,3770.1193663508607,3770.1193663508607,495.13719834310615,0.27507622130172565,495.13719834310615,2772.7683107213943,4598.862801656894,4598.862801656894,25753.6316892786,5094.0,5094.0,28526.399999999994,0.849,2.2148945521121393,11.074472760560695,0.5694718624193704,1294.3705620391252,800.1358648368458,494.23469720227945,1294.3705620391252,800.1358648368458,494.23469720227945,361.25235130215594,44.628282346983404,405.8806336491393,2023.0131672920731,249.91838114310704,4176.0,-0.16822291532926736,24.434796627926655
102,102,2025,7NB,7,NB,PM-Peak,3,Peak,PM,5.6,70,6000,1,6,70,1800,1,6,0.2,0.01,3647.0,451.0,0.0,0.0,0.0,1.0,1.0,1.0,3.66,1.83,0.24291497975708504,0.24291497975708504,30,4.005,0.592,3647.0,451.0,0.0,0.0,0.0,4098.0,5000.0,1.0,1.2,0.5208333333333334,5000.0,0.0,1.0,0.0,3464.6499999999996,428.45,0.0,0.0,0.0,3893.1,0.3536705365284573,1.7683526826422866,,0.1023093817528817,0.10234665638708594,116.30361968424032,581.5180984212017,59.25562155666441,69.9728852218063,6.752489982307679,4.80186001956211,5.670348081298803,-0.8684880617366932,1.19237687137936,354.46619949012154,3292.5338005098783,43.85042492904697,407.149575070953,398.31662441916853,3699.683375580831,11099.050126742493,486.01747427726247,0.2700097079318125,1458.0524228317875,8165.093567858009,4513.982525722738,13541.947577168212,75834.90643214199,5000.0,15000.0,84000.0,0.8333333333333334,1.9805550045593607,9.902775022796805,0.5094119980782661,1136.2806980736896,702.0398053472969,434.2408927263927,3408.8420942210687,2106.119416041891,1302.722678179178,1063.3985984703645,131.55127478714093,1194.9498732575055,5955.032151434041,736.6871388079892,12294.0,-0.15316309497842406,24.433533547109313
103,103,2025,7NB,7,NB,PM-Late,3,OP,PM,5.6,70,6000,1,6,70,1800,1,6,0.2,0.01,2375.0,294.0,0.0,0.0,0.0,1.0,1.0,1.0,3.66,1.83,0.24291497975708504,0.24291497975708504,30,4.005,0.592,2375.0,294.0,0.0,0.0,0.0,2669.0,3257.0,1.0,1.2,0.33927083333333335,3257.0,0.0,1.0,0.0,2256.25,279.3,0.0,0.0,0.0,2535.5499999999997,1.8295187540113702,9.14759377005685,,0.010000563728120334,0.01000050319189619,4505.357640435463,22526.788202177315,68.34859293305381,69.99999999819345,4.663549823162199,4.800000000123878,4.9159753782949975,-0.11597537817111991,0.15888626826414687,22.563771911571504,2352.4362280884284,2.7931405414966064,291.2068594585034,25.35691245306811,2643.643087546932,7930.929262640795,30.943193536061322,0.017190663075589623,92.82958060818396,519.8456514058302,3226.0568064639383,9678.170419391816,54197.754348594164,3256.9999999999995,9771.0,54717.59999999999,0.5428333333333333,10.245305022463672,51.22652511231836,2.6356268340413127,374.2556097825587,231.17272569134826,143.08288409121042,1122.766829347676,693.5181770740448,429.24865227363125,67.69131573471451,8.379421624489819,76.07073735920433,379.0713681144012,46.924761097142984,8007.0,-0.02359152950260372,946.5037059738368
104,104,2025,7SB,7,SB,Night,8,OP,NT,5.6,70,6000,1,6,70,1800,1,6,0.2,0.01,826.0,102.0,0.0,0.0,0.0,1.0,1.0,1.0,3.66,1.83,0.24291497975708504,0.24291497975708504,30,4.009,0.708,826.0,102.0,0.0,0.0,0.0,928.0,1132.0,1.0,1.2,0.11791666666666667,1132.0,0.0,1.0,0.0,784.6999999999999,96.89999999999999,0.0,0.0,0.0,881.5999999999999,1.82859297721597,9.142964886079849,,0.010000934808314993,0.010000984767153075,2554691.398115371,12773456.99057685,69.99701890983098,69.99999999999682,0.0,4.800000000000218,4.800204426317494,-0.00020442631727579652,0.0002800640549664526,7.847733544084774,818.1522664559152,0.9690954239371329,101.03090457606287,8.816828968021907,919.1831710319781,7353.465368255825,10.755019815896173,0.005975011008831207,86.04015852716938,481.8248877521485,1121.2449801841037,8969.95984147283,50231.775112247844,1132.0,9056.0,50713.59999999999,0.18866666666666668,10.24012067240943,51.20060336204715,2.632546912532534,129.9800089173235,80.36173849634342,49.61827042098007,1039.840071338588,642.8939079707474,396.94616336784054,62.781868352678195,7.752763391497063,70.53463174417526,351.5784627749979,43.41547499238355,7424.0,-4.258700236911023e-05,536699.8735536494
105,105,2025,7SB,7,SB,AM-Early,1,OP,AM,5.6,70,6000,1,6,70,1800,1,6,0.2,0.01,3408.0,421.0,0.0,0.0,0.0,1.0,1.0,1.0,3.66,1.83,0.24291497975708504,0.24291497975708504,30,3.82,0.715,3408.0,421.0,0.0,0.0,0.0,3829.0,4671.0,1.0,1.2,0.4865625,4671.0,0.0,1.0,0.0,3237.6,399.95,0.0,0.0,0.0,3637.5499999999997,0.24849776643806631,1.2424888321903316,,0.0942946565256046,0.0943087178398411,116.78530744089714,583.9265372044856,62.12486869407647,69.98895354652767,4.267557884363647,4.800757590647958,5.408462135422384,-0.6077045447744256,0.8335931255286649,305.2883799672975,3102.7116200327027,37.71877170004445,383.28122829995556,343.00715166734193,3485.9928483326585,3485.9928483326585,418.44469506743087,0.2324692750374616,418.44469506743087,2343.290292377613,4252.55530493257,4252.55530493257,23814.30970762239,4671.000000000001,4671.000000000001,26157.600000000002,0.7785000000000002,1.3915874920531712,6.957937460265857,0.35780196577836015,687.280345598622,424.8354910316671,262.444854566955,687.280345598622,424.8354910316671,262.444854566955,305.2883799672975,37.71877170004445,343.00715166734193,1709.614927816866,211.2251215202489,3829.0,-0.1123618007407878,24.53472845396999
106,106,2025,7SB,7,SB,AM-Peak,2,Peak,AM,5.6,70,6000,1,6,70,1800,1,6,0.2,0.01,3398.0,420.0,0.0,0.0,0.0,1.0,1.0,1.0,3.66,1.83,0.24291497975708504,0.24291497975708504,30,3.82,0.715,3398.0,420.0,0.0,0.0,0.0,3818.0,4658.0,1.0,1.2,0.48520833333333335,4658.0,0.0,1.0,0.0,3228.1,399.0,0.0,0.0,0.0,3627.1,0.2443755304577669,1.2218776522888344,,0.09429470860289883,0.09430854622901057,116.78463718711853,583.9231859355926,62.24098649958689,69.98913670644086,6.649501426708883,4.80074502717904,5.398372019733816,-0.5976269925547752,0.8197696670353278,304.3927488410177,3093.6072511589823,37.62910994537522,382.3708900546248,342.0218587863929,3475.978141213607,6951.956282427214,417.28007867714336,0.23182226593174632,834.5601573542867,4673.536881184005,4240.719921322857,8481.439842645714,47496.063118816,4658.0,9316.0,52169.600000000006,0.7763333333333333,1.3685029705634946,6.842514852817472,0.3519199281893489,674.0401247064519,416.5623810069204,257.4777436995316,1348.0802494129039,833.1247620138408,514.9554873990631,608.7854976820354,75.25821989075044,684.0437175727858,3409.198787019398,421.4460313882024,7636.0,-0.11070504040294785,24.534587644352637
107,107,2025,7SB,7,SB,AM-Shoulder,1,OP,AM,5.6,70,6000,1,6,70,1800,1,6,0.2,0.01,2823.0,349.0,0.0,0.0,0.0,1.0,1.0,1.0,3.66,1.83,0.24291497975708504,0.24291497975708504,30,3.82,0.715,2823.0,349.0,0.0,0.0,0.0,3172.0,3870.0,1.0,1.2,0.403125,3870.0,0.0,1.0,0.0,2681.85,331.55,0.0,0.0,0.0,3013.3999999999996,1.8295878652248,9.147939326124,,0.010001310566572993,0.010000565824521386,1600.9871351151987,8004.935675575993,65.54332596196276,69.99999999491419,5.541263213783504,4.800000000348741,5.126380071023453,-0.32638007067471175,0.44714069730213096,26.82201474296378,2796.177985257036,3.3156875991200656,345.68431240087995,30.137702342083845,3141.8622976579163,3141.8622976579163,36.76907754032398,0.02042726530017999,36.76907754032398,205.90683422581426,3833.230922459676,3833.230922459676,21466.093165774186,3870.0,3870.0,21672.0,0.645,10.24569204525888,51.228460226294395,2.6347377372846186,444.66767338414024,274.8101030898004,169.85757029433984,444.66767338414024,274.8101030898004,169.85757029433984,26.82201474296378,3.3156875991200656,30.137702342083845,150.20328256059716,18.567850555072365,3172.0,-0.06366677190393177,336.3418351082351
108,108,2025,7SB,7,SB,MD,5,OP,MD,5.6,70,6000,1,6,70,1800,1,6,0.2,0.01,2615.0,323.0,0.0,0.0,0.0,1.0,1.0,1.0,3.66,1.83,0.24291497975708504,0.24291497975708504,30,3.823,0.708,2615.0,323.0,0.0,0.0,0.0,2938.0,3584.0,1.0,1.2,0.37333333333333335,3584.0,0.0,1.0,0.0,2484.25,306.84999999999997,0.0,0.0,0.0,2791.1,1.8295473367883963,9.147736683941982,,0.01000056867868027,0.010000504244811829,2537.6668807229285,12688.33440361464,67.12072819362155,69.99999999679258,5.131766129781039,4.800000000219938,5.005905165849049,-0.20590516562911176,0.28209007721319734,24.84391274001146,2590.1560872599885,3.0686547275205096,319.9313452724795,27.91256746753197,2910.087432532468,14550.43716266234,34.04987692257299,0.018916598290318328,170.24938461286496,953.3965538320437,3549.9501230774267,17749.750615387133,99398.60344616794,3583.9999999999995,17919.999999999996,100351.99999999999,0.5973333333333333,10.245465086015018,51.2273254300751,2.634095193704646,411.7364149370227,254.53744057779113,157.19897435923158,2058.6820746851135,1272.6872028889557,785.9948717961579,124.21956370005731,15.343273637602548,139.56283733765986,695.6295567203209,85.92233237057427,14690.0,-0.041132454332899505,533.1232942695227
109,109,2025,7SB,7,SB,PM-Shoulder,1,OP,PM,5.6,70,6000,1,6,70,1800,1,6,0.2,0.01,2670.0,330.0,0.0,0.0,0.0,1.0,1.0,1.0,3.66,1.83,0.24291497975708504,0.24291497975708504,30,4.005,0.592,2670.0,330.0,0.0,0.0,0.0,3000.0,3660.0,1.0,1.2,0.38125,3660.0,0.0,1.0,0.0,2536.5,313.5,0.0,0.0,0.0,2850.0,1.8295571875158938,9.147785937579469,,0.010000570090898615,0.010000503645336847,2237.4763099572942,11187.381549786473,66.75233680817912,69.99999999636222,5.240587043984047,4.800000000249447,5.033531649469238,-0.23353164921979097,0.3199383597728566,25.366446035564337,2644.6335539644356,3.1351578928131016,326.8648421071869,28.50160392837744,2971.4983960716227,2971.4983960716227,34.771919714003644,0.019317733174446468,34.771919714003644,194.7227503984204,3625.2280802859964,3625.2280802859964,20301.27724960158,3660.0,3660.0,20496.0,0.61,10.245520250089005,51.227601250445026,2.6345575897679834,420.4990549203794,259.8924365301644,160.60661839021503,420.4990549203794,259.8924365301644,160.60661839021503,25.366446035564337,3.1351578928131016,28.50160392837744,142.05209779916026,17.55688419975337,3000.0,-0.04639518840502687,470.058048310356
110,110,2025,7SB,7,SB,PM-Peak,3,Peak,PM,5.6,70,6000,1,6,70,1800,1,6,0.2,0.01,2493.0,308.0,0.0,0.0,0.0,1.0,1.0,1.0,3.66,1.83,0.24291497975708504,0.24291497975708504,30,4.005,0.592,2493.0,308.0,0.0,0.0,0.0,2801.0,3417.0,1.0,1.2,0.3559375,3417.0,0.0,1.0,0.0,2368.35,292.59999999999997,0.0,0.0,0.0,2660.95,1.8295260053432592,9.147630026716296,,0.010000562803098936,0.010000495127477737,3378.8402912849456,16894.201456424726,67.81518416692765,69.99999999759112,7.644760294897404,4.800000000165181,4.954642594097114,-0.1546425939319338,0.21186035391304722,23.68483291471936,2469.315167085281,2.9261448742999856,305.0738551257,26.610977789019348,2774.389022210981,8323.167066632943,32.463267537619316,0.018035148632010733,97.38980261285795,545.3828946320044,3384.5367324623808,10153.610197387143,56860.217105368,3417.0,10251.0,57405.600000000006,0.5695,10.24534562992225,51.226728149611255,2.634225206609398,392.55612740040243,242.65929939825867,149.89682800214376,1177.6683822012074,727.977898194776,449.6904840064313,71.05449874415808,8.778434622899956,79.83293336705803,397.90519296728525,49.159233888239754,8403.0,-0.0312116547248378,709.8403973287702
111,111,2025,7SB,7,SB,PM-Late,3,OP,PM,5.6,70,6000,1,6,70,1800,1,6,0.2,0.01,1825.0,226.0,0.0,0.0,0.0,1.0,1.0,1.0,3.66,1.83,0.24291497975708504,0.24291497975708504,30,4.005,0.592,1825.0,226.0,0.0,0.0,0.0,2051.0,2503.0,1.0,1.2,0.2607291666666667,2503.0,0.0,1.0,0.0,1733.75,214.7,0.0,0.0,0.0,1948.4499999999998,1.8298793731394007,9.149396865697003,,0.010000098317032323,0.010000123928296384,21875.360375951866,109376.80187975931,69.65332218799874,69.99999999962796,3.5839383981921626,4.800000000025511,4.823890511541067,-0.02389051151555588,0.032730000811262094,17.33767045715479,1807.662329542845,2.1470266074052335,223.85297339259478,19.484697064560024,2031.5153029354399,6094.54590880632,23.77875027937049,0.013210416821872495,71.33625083811148,399.4830046934243,2479.221249720629,7437.663749161888,41650.916995306565,2502.9999999999995,7508.999999999999,42050.39999999999,0.4171666666666666,10.247324489580643,51.236622447903216,2.6364199499735657,287.67112673710557,177.6647350678811,110.00639166922447,863.0133802113166,532.9942052036433,330.0191750076734,52.01301137146437,6.4410798222157,58.45409119368007,291.2728636802005,36.07004700440792,6153.0,-0.004952540166158059,4595.663944527703
