,index,Year,SegDir,Segment,Direction,Period,Hours/Day,Peak,4Periods,Length,Speed GP,Capacity GP,Alpha GP,Beta GP,Speed ML,Capacity ML,Alpha ML,Beta ML,MinToll,MinCapture,AADT Lights,AADT MediumA,AADT MediumB,AADT HeavyA,AADT HeavyB,GrowthFactor,GrowthFactor_medium,GrowthFactor_heavy,MaxToll,Soft Cap,MaxCapture,MaxCap_aux,Min Speed,B1,B2,TotalLights,TotalMediumA,TotalMediumB,TotalHeavyA,TotalHeavyB,TotalVeh,Corridor PCE pre-fix,Suppressed ratio ref,Max VC,Suppressed ratio,Corridor PCE,Suppressed Demand,PCE ratio,HOV3,InScopeLights,InScopeMediumA,InScopeMediumB,InScopeHeavyA,InScopeHeavyB,InScopeVeh,TollLights,TollMediumA,TollMediumB,CaptureRateLights,CaptureRateMediumA,VOT Lights,VOT MediumA,Speed GP Real,Speed ML Real,Bounus Seg,Time ML,Time GP,Time Savings,BonusRel,MLVeh_Lights,GPVeh_Lights,MLVeh_MediumA,GPVeh_MediumA,MLVeh,GPVeh,GPVehDay,ML PCE,ML V/C,ML Volume,ML PCE Total,GP PCE,GP Volume,GP PCE Total,Highway PCE,Highway Volume,Highway PCE Total,Highway V/C,TollLightsPerSeg,TollMediumAPerSeg,TollBlend,RevenuePerHour,RevenuePerHourLights,RevenuePerHourMediumA,RevenuePerDay,RevenuePerDayLights,RevenuePerDayMediumA,TransactionsDay_Lights,TransactionsDay_MediumA,TransactionsDay,TransactionsLightsLength,TransactionsMediumALength,TotalVeh_hours,Difference in Travel Time,Implied Min VOT
0,0,2025,1NB,1,NB,Night,8,OP,NT,3.0,70,12000,1,8,75,1800,1,4,0.1,0.01,1830.0,0.0,226.0,0.0,0.0,1.0,1.0,1.0,3.66,1.83,0.17391304347826086,0.17391304347826086,30,4.103,0.708,1830.0,0.0,226.0,0.0,0.0,2056.0,2508.0,1.0,1.2,0.16076923076923078,2508.0,0.0,1.0,36.6,1345.0500000000002,0.0,169.5,0.0,0.0,1542.0,0.1309347362254054,0.6546736811270271,,0.17375693194807812,0.17375785151046239,117.69433131100561,588.4716565550281,69.99988347707115,74.96187497038578,0.0,2.4012206214306975,2.5714328518698175,-0.17021223043912004,5.8642045076384715e-06,233.7117613167625,1559.6882386832376,0.0,0.0,233.7117613167625,1785.6882386832376,14285.505909465901,233.7117613167625,0.1298398673982014,1869.6940905341,5609.0822716023,2237.6882386832376,17901.5059094659,53704.5177283977,2471.4,19771.2,59313.600000000006,0.20595,0.39280420867621624,1.9640210433810812,0.1309347362254054,91.80296346235562,91.80296346235562,0.0,734.423707698845,734.423707698845,0.0,1869.6940905341,0.0,1869.6940905341,5609.0822716023,0.0,16448.0,-0.06619353498394881,46.15463972980612
1,1,2025,1NB,1,NB,AM-Early,1,OP,AM,3.0,70,12000,1,8,75,1800,1,4,0.1,0.01,3467.0,0.0,429.0,0.0,0.0,1.0,1.0,1.0,3.66,1.83,0.17391304347826086,0.17391304347826086,30,4.155,0.715,3467.0,0.0,429.0,0.0,0.0,3896.0,4754.0,1.0,1.2,0.3047435897435897,4754.0,0.0,1.0,69.34,2548.245,0.0,321.75,0.0,0.0,2922.0,0.12748990598945634,0.6374495299472817,,0.17390192150651754,0.17390663499370124,124.74125454475552,623.7062727237776,69.98058956849559,74.51038982033212,0.35771624729391416,2.415770477567442,2.5721418054619223,-0.1563713278944805,0.0009771306256908165,443.1447019693758,2954.515298030624,0.0,0.0,443.1447019693758,3383.515298030624,3383.515298030624,443.1447019693758,0.24619150109409765,443.1447019693758,1329.4341059081273,4241.515298030624,4241.515298030624,12724.545894091872,4684.66,4684.66,14053.98,0.39038833333333334,0.38246971796836904,1.9123485898418449,0.12748990598945634,169.4894291814041,169.4894291814041,0.0,169.4894291814041,169.4894291814041,0.0,443.1447019693758,0.0,443.1447019693758,1329.4341059081273,0.0,3896.0,-0.06079420954257936,48.91813903715902
2,2,2025,1NB,1,NB,AM-Peak,2,Peak,AM,3.0,70,12000,1,8,75,1800,1,4,0.1,0.01,4855.0,0.0,600.0,0.0,0.0,1.0,1.0,1.0,3.66,1.83,0.17391304347826086,0.17391304347826086,30,4.155,0.715,4855.0,0.0,600.0,0.0,0.0,5455.0,6655.0,1.0,1.2,0.4266025641025641,6655.0,0.0,1.0,97.10000000000001,3568.4249999999997,0.0,450.0,0.0,0.0,4091.25,0.14737517141773662,0.7368758570886831,,0.1330359648690339,0.13307994157855146,141.18115178385855,705.9057589192928,69.65520272803042,74.24380381152605,1.480049198423126,2.424444745004508,2.5841572912049684,-0.15971254620046027,0.01743834609366375,474.7288629377823,4283.171137062217,0.0,0.0,474.7288629377823,4883.171137062217,9766.342274124434,474.7288629377823,0.26373825718765687,949.4577258755646,2848.373177626694,6083.171137062217,12166.342274124434,36499.0268223733,6557.9,13115.8,39347.399999999994,0.5464916666666666,0.4421255142532099,2.2106275712660493,0.14737517141773662,209.8897426572086,209.8897426572086,0.0,419.7794853144172,419.7794853144172,0.0,949.4577258755646,0.0,949.4577258755646,2848.373177626694,0.0,10910.0,-0.06180449879890546,55.36515756229747
3,3,2025,1NB,1,NB,AM-Shoulder,1,OP,AM,3.0,70,12000,1,8,75,1800,1,4,0.1,0.01,4132.0,0.0,511.0,0.0,0.0,1.0,1.0,1.0,3.66,1.83,0.17391304347826086,0.17391304347826086,30,4.155,0.715,4132.0,0.0,511.0,0.0,0.0,4643.0,5665.0,1.0,1.2,0.3631410256410256,5665.0,0.0,1.0,82.64,3037.02,0.0,383.25,0.0,0.0,3482.25,0.12934138389412117,0.6467069194706059,,0.15810117367177406,0.1581324941448726,130.52259213949534,652.6129606974768,69.915080747736,74.29002054304333,0.5731469588417358,2.4229364682394827,2.574551843106164,-0.1516153748666813,0.004278882198302134,480.15642646465125,3569.203573535349,0.0,0.0,480.15642646465125,4080.203573535349,4080.203573535349,480.15642646465125,0.26675357025813956,480.15642646465125,1440.4692793939537,5102.203573535349,5102.203573535349,15306.610720606048,5582.360000000001,5582.360000000001,16747.08,0.4651966666666667,0.3880241516823635,1.9401207584118176,0.12934138389412117,186.31229005378145,186.31229005378145,0.0,186.31229005378145,186.31229005378145,0.0,480.15642646465125,0.0,480.15642646465125,1440.4692793939537,0.0,4643.0,-0.05889000653556826,51.18533025078249
4,4,2025,1NB,1,NB,MD,5,OP,MD,3.0,70,12000,1,8,75,1800,1,4,0.1,0.01,5636.0,0.0,697.0,0.0,0.0,1.0,1.0,1.0,3.66,1.83,0.17391304347826086,0.17391304347826086,30,4.136,0.708,5636.0,0.0,697.0,0.0,0.0,6333.0,7727.0,1.0,1.2,0.4953205128205128,7727.0,0.0,1.0,112.72,4142.46,0.0,522.75,0.0,0.0,4749.75,0.18268644090187494,0.9134322045093747,,0.11411086078743234,0.1141768658243904,146.76962064206472,733.8481032103236,68.7733117124238,74.17013337131196,1.3406009924423121,2.4268528559721,2.6172943474450023,-0.19044149147290224,0.06283611314251049,472.69967637750693,5050.580323622493,0.0,0.0,472.69967637750693,5747.580323622493,28737.901618112464,472.69967637750693,0.2626109313208372,2363.498381887535,7090.495145662604,7141.580323622493,35707.90161811246,107123.70485433738,7614.28,38071.399999999994,114214.19999999998,0.6345233333333333,0.5480593227056249,2.740296613528124,0.18268644090187494,259.0674644786245,259.0674644786245,0.0,1295.3373223931226,1295.3373223931226,0.0,2363.498381887535,0.0,2363.498381887535,7090.495145662604,0.0,31665.0,-0.07276273364469336,57.55671397728029
5,5,2025,1NB,1,NB,PM-Shoulder,1,OP,PM,3.0,70,12000,1,8,75,1800,1,4,0.1,0.01,7121.0,0.0,880.0,0.0,0.0,1.0,1.0,1.0,3.66,1.83,0.17391304347826086,0.17391304347826086,30,4.135,0.592,7121.0,0.0,880.0,0.0,0.0,8001.0,9761.0,1.0,1.2,0.6257051282051282,9761.0,0.0,1.0,142.42000000000002,5233.9349999999995,0.0,660.0,0.0,0.0,6000.75,0.38274543965975794,1.9137271982987896,,0.10102983925381959,0.10122862747293981,132.8940880429306,664.470440214653,62.34728752896277,73.57743614741683,1.9030102574075163,2.446402177419707,2.8870542269602817,-0.4406520495405748,0.43240714807844255,528.7836117149402,6449.79638828506,0.0,0.0,528.7836117149402,7329.79638828506,7329.79638828506,528.7836117149402,0.2937686731749668,528.7836117149402,1586.3508351448206,9089.79638828506,9089.79638828506,27269.38916485518,9618.58,9618.58,28855.74,0.8015483333333333,1.148236318979274,5.741181594896369,0.38274543965975794,607.1685478521287,607.1685478521287,0.0,607.1685478521287,607.1685478521287,0.0,528.7836117149402,0.0,528.7836117149402,1586.3508351448206,0.0,8001.0,-0.15263033351629424,52.11532864428651
6,6,2025,1NB,1,NB,PM-Peak,3,Peak,PM,3.0,70,12000,1,8,75,1800,1,4,0.1,0.01,6508.0,0.0,804.0,0.0,0.0,1.0,1.0,1.0,3.66,1.83,0.17391304347826086,0.17391304347826086,30,4.135,0.592,6508.0,0.0,804.0,0.0,0.0,7312.0,8920.0,1.0,1.2,0.5717948717948718,8920.0,0.0,1.0,130.16,4783.38,0.0,603.0,0.0,0.0,5484.0,0.24512104824839723,1.2256052412419862,,0.10491654734375669,0.1050322992660611,131.23709471450093,656.1854735725047,66.12183864128272,73.87712484898168,2.627941369299351,2.436478143511308,2.7222473497223385,-0.28576920621103064,0.20662172626246095,501.8557142331789,5875.984285766821,0.0,0.0,501.8557142331789,6679.984285766821,20039.952857300465,501.8557142331789,0.2788087301295438,1505.5671426995368,4516.70142809861,8287.98428576682,24863.952857300465,74591.8585719014,8789.84,26369.52,79108.56,0.7324866666666667,0.7353631447451917,3.6768157237259587,0.24512104824839723,369.0461962268547,369.0461962268547,0.0,1107.1385886805642,1107.1385886805642,0.0,1505.5671426995368,0.0,1505.5671426995368,4516.70142809861,0.0,21936.0,-0.10497547412074008,51.46552733901997
7,7,2025,1NB,1,NB,PM-Late,3,OP,PM,3.0,70,12000,1,8,75,1800,1,4,0.1,0.01,5882.0,0.0,727.0,0.0,0.0,1.0,1.0,1.0,3.66,1.83,0.17391304347826086,0.17391304347826086,30,4.135,0.592,5882.0,0.0,727.0,0.0,0.0,6609.0,8063.0,1.0,1.2,0.5168589743589743,8063.0,0.0,1.0,117.64,4323.2699999999995,0.0,545.25,0.0,0.0,4956.75,0.17148606091804167,0.8574303045902083,,0.113151267610418,0.11322365705396326,127.87589433286823,639.379471664341,68.28064372812814,74.04358380904873,1.4113306591189188,2.4310006450282398,2.636179013143211,-0.20517836811497103,0.08870810514905599,489.18348072209176,5275.176519277908,0.0,0.0,489.18348072209176,6002.176519277908,18006.529557833725,489.18348072209176,0.2717686004011621,1467.5504421662754,4402.651326498826,7456.176519277908,22368.529557833725,67105.58867350117,7945.36,23836.08,71508.24,0.6621133333333333,0.514458182754125,2.572290913770625,0.17148606091804167,251.66444452562487,251.66444452562487,0.0,754.9933335768746,754.9933335768746,0.0,1467.5504421662754,0.0,1467.5504421662754,4402.651326498826,0.0,19827.0,-0.07783172807765035,50.14740954230127
8,8,2025,1SB,1,SB,Night,8,OP,NT,3.0,70,12000,1,8,75,1800,1,4,0.1,0.01,1785.0,0.0,221.0,0.0,0.0,1.0,1.0,1.0,3.66,1.83,0.17391304347826086,0.17391304347826086,30,4.103,0.708,1785.0,0.0,221.0,0.0,0.0,2006.0,2448.0,1.0,1.2,0.15692307692307692,2448.0,0.0,1.0,35.7,1311.975,0.0,165.75,0.0,0.0,1504.5,0.13096660421319653,0.6548330210659826,,0.17390811496102582,0.17390589009412782,117.6458268862861,588.2291344314305,69.9999040122066,74.96538332253316,0.0,2.4011082451958257,2.571432097515613,-0.17032385231978742,4.830739247162902e-06,228.16309912599183,1521.1369008740082,0.0,0.0,228.16309912599183,1742.1369008740082,13937.095206992066,228.16309912599183,0.1267572772922177,1825.3047930079347,5475.914379023804,2184.1369008740085,17473.095206992068,52419.2856209762,2412.3,19298.4,57895.200000000004,0.201025,0.3928998126395896,1.9644990631979478,0.13096660421319653,89.6452388978703,89.6452388978703,0.0,717.1619111829624,717.1619111829624,0.0,1825.3047930079347,0.0,1825.3047930079347,5475.914379023804,0.0,16048.0,-0.06623696285207985,46.135618386778866
9,9,2025,1SB,1,SB,AM-Early,1,OP,AM,3.0,70,12000,1,8,75,1800,1,4,0.1,0.01,7354.0,0.0,909.0,0.0,0.0,1.0,1.0,1.0,3.66,1.83,0.17391304347826086,0.17391304347826086,30,4.155,0.715,7354.0,0.0,909.0,0.0,0.0,8263.0,10081.0,1.0,1.2,0.6462179487179487,10081.0,0.0,1.0,147.08,5405.1900000000005,0.0,681.75,0.0,0.0,6197.25,0.5743891397158251,2.8719456985791254,,0.09625901699126141,0.09653675897232704,161.67714457858887,808.3857228929444,60.222516635677984,73.60899361757838,2.044605286776945,2.4453533617801653,2.98891527713675,-0.5435619153565847,0.5719567868202052,520.2982760509963,6686.621723949003,0.0,0.0,520.2982760509963,7595.621723949003,7595.621723949003,520.2982760509963,0.28905459780610904,520.2982760509963,1560.8948281529888,9413.621723949003,9413.621723949003,28240.86517184701,9933.92,9933.92,29801.76,0.8278266666666667,1.723167419147475,8.615837095737376,0.5743891397158251,896.5610375296758,896.5610375296758,0.0,896.5610375296758,896.5610375296758,0.0,520.2982760509963,0.0,520.2982760509963,1560.8948281529888,0.0,8263.0,-0.1818592582782384,63.40280179552505
10,10,2025,1SB,1,SB,AM-Peak,2,Peak,AM,3.0,70,12000,1,8,75,1800,1,4,0.1,0.01,7993.0,0.0,988.0,0.0,0.0,1.0,1.0,1.0,3.66,1.83,0.17391304347826086,0.17391304347826086,30,4.155,0.715,7993.0,0.0,988.0,0.0,0.0,8981.0,10957.0,1.0,1.2,0.7023717948717949,10957.0,0.0,1.0,159.86,5874.8550000000005,0.0,741.0,0.0,0.0,6735.75,0.9763887854119891,4.881943927059946,,0.09587785312164729,0.09639113139189309,161.77565022965337,808.8782511482668,53.16103445276678,73.09600630576514,3.4830468436619935,2.4625148362695604,3.3859386269078113,-0.923423790638251,1.1158787760065587,563.2684848009752,7269.871515199025,0.0,0.0,563.2684848009752,8257.871515199025,16515.74303039805,563.2684848009752,0.3129269360005418,1126.5369696019504,3379.610908805851,10233.871515199025,20467.74303039805,61403.22909119415,10797.140000000001,21594.280000000002,64782.840000000004,0.8997616666666668,2.9291663562359673,14.645831781179837,0.9763887854119891,1649.907095207027,1649.907095207027,0.0,3299.814190414054,3299.814190414054,0.0,1126.5369696019504,0.0,1126.5369696019504,3379.610908805851,0.0,17962.0,-0.27272313304791423,63.44143146260916
11,11,2025,1SB,1,SB,AM-Shoulder,1,OP,AM,3.0,70,12000,1,8,75,1800,1,4,0.1,0.01,6891.0,0.0,852.0,0.0,0.0,1.0,1.0,1.0,3.66,1.83,0.17391304347826086,0.17391304347826086,30,4.155,0.715,6891.0,0.0,852.0,0.0,0.0,7743.0,9447.0,1.0,1.2,0.6055769230769231,9447.0,0.0,1.0,137.82,5064.885,0.0,639.0,0.0,0.0,5807.25,0.3991022802595809,1.9955114012979045,,0.09813728095505786,0.09831751647320487,160.48597089697716,802.4298544848859,63.88351212143548,73.85698524006732,1.886980937099822,2.437142531812282,2.8176284306009967,-0.38048589878871475,0.33729380706622303,497.0540422500583,6256.125957749942,0.0,0.0,497.0540422500583,7108.125957749942,7108.125957749942,497.0540422500583,0.2761411345833657,497.0540422500583,1491.1621267501748,8812.125957749942,8812.125957749942,26436.377873249825,9309.18,9309.18,27927.54,0.775765,1.1973068407787426,5.986534203893713,0.3991022802595809,595.1262050227209,595.1262050227209,0.0,595.1262050227209,595.1262050227209,0.0,497.0540422500583,0.0,497.0540422500583,1491.1621267501748,0.0,7743.0,-0.13503764181835629,62.935674861559676
12,12,2025,1SB,1,SB,MD,5,OP,MD,3.0,70,12000,1,8,75,1800,1,4,0.1,0.01,5561.0,0.0,687.0,0.0,0.0,1.0,1.0,1.0,3.66,1.83,0.17391304347826086,0.17391304347826086,30,4.136,0.708,5561.0,0.0,687.0,0.0,0.0,6248.0,7622.0,1.0,1.2,0.4885897435897436,7622.0,0.0,1.0,111.22,4087.335,0.0,515.25,0.0,0.0,4686.0,0.17714844178191824,0.8857422089095912,,0.11562481626037091,0.11568779614111042,145.96262327417966,729.8131163708983,68.90612942818144,74.17908261751938,1.3029147676666117,2.42656007122806,2.6122494688605022,-0.18568939763244208,0.05592462948174526,472.59735836958316,4977.182641630417,0.0,0.0,472.59735836958316,5664.182641630417,28320.913208152084,472.59735836958316,0.26255408798310176,2362.986791847916,7088.960375543747,7038.182641630417,35190.91320815208,105572.73962445624,7510.78,37553.899999999994,112661.69999999998,0.6258983333333333,0.5314453253457547,2.6572266267287734,0.17714844178191824,251.15965687626738,251.15965687626738,0.0,1255.798284381337,1255.798284381337,0.0,2362.986791847916,0.0,2362.986791847916,7088.960375543747,0.0,31240.0,-0.07108409814834502,57.24024442124692
13,13,2025,1SB,1,SB,PM-Shoulder,1,OP,PM,3.0,70,12000,1,8,75,1800,1,4,0.1,0.01,6430.0,0.0,795.0,0.0,0.0,1.0,1.0,1.0,3.66,1.83,0.17391304347826086,0.17391304347826086,30,4.135,0.592,6430.0,0.0,795.0,0.0,0.0,7225.0,8815.0,1.0,1.2,0.5650641025641026,8815.0,0.0,1.0,128.6,4726.049999999999,0.0,596.25,0.0,0.0,5418.75,0.2331920832917702,1.165960416458851,,0.10570084550116814,0.10580953036049877,130.9063860056797,654.5319300283985,66.46623074959142,73.90396553299175,1.6511210586322267,2.435593255407188,2.7081421342838294,-0.27254887887664125,0.18729758111170386,499.5474808807956,5801.852519119204,0.0,0.0,499.5474808807956,6596.852519119204,6596.852519119204,499.5474808807956,0.2775263782671087,499.5474808807956,1498.6424426423869,8186.852519119204,8186.852519119204,24560.557557357613,8686.4,8686.4,26059.2,0.7238666666666667,0.6995762498753106,3.497881249376553,0.2331920832917702,349.47155330924545,349.47155330924545,0.0,349.47155330924545,349.47155330924545,0.0,499.5474808807956,0.0,499.5474808807956,1498.6424426423869,0.0,7225.0,-0.10064053707754045,51.335837649286155
14,14,2025,1SB,1,SB,PM-Peak,3,Peak,PM,3.0,70,12000,1,8,75,1800,1,4,0.1,0.01,6004.0,0.0,742.0,0.0,0.0,1.0,1.0,1.0,3.66,1.83,0.17391304347826086,0.17391304347826086,30,4.135,0.592,6004.0,0.0,742.0,0.0,0.0,6746.0,8230.0,1.0,1.2,0.5275641025641026,8230.0,0.0,1.0,120.08,4412.9400000000005,0.0,556.5,0.0,0.0,5059.5,0.1821526755889107,0.9107633779445535,,0.11117413689076415,0.11125283134123477,128.66038845329487,643.3019422664743,67.96533149165343,74.01932850900725,2.292602020840257,2.4317972565516612,2.648409064584716,-0.21661180803305458,0.10546327562391816,490.6047956507288,5393.315204349271,0.0,0.0,490.6047956507288,6135.315204349271,18405.945613047814,490.6047956507288,0.27255821980596046,1471.8143869521864,4415.443160856559,7619.315204349271,22857.945613047814,68573.83683914345,8109.92,24329.760000000002,72989.28000000001,0.6758266666666667,0.5464580267667322,2.7322901338336605,0.1821526755889107,268.09492855359315,268.09492855359315,0.0,804.2847856607794,804.2847856607794,0.0,1471.8143869521864,0.0,1471.8143869521864,4415.443160856559,0.0,20238.0,-0.08178940743318307,50.455054295409745
15,15,2025,1SB,1,SB,PM-Late,3,OP,PM,3.0,70,12000,1,8,75,1800,1,4,0.1,0.01,3804.0,0.0,470.0,0.0,0.0,1.0,1.0,1.0,3.66,1.83,0.17391304347826086,0.17391304347826086,30,4.135,0.592,3804.0,0.0,470.0,0.0,0.0,4274.0,5214.0,1.0,1.2,0.3342307692307692,5214.0,0.0,1.0,76.08,2795.94,0.0,352.5,0.0,0.0,3205.5,0.10692223175845965,0.5346111587922983,,0.17376789826646583,0.17379181246479863,108.96799789230153,544.8399894615077,69.95936223666244,74.29436825894827,0.39279650639729624,2.422794677688375,2.5729222543665555,-0.15012757667818066,0.0020463456250383073,485.84461747914247,3242.0753825208576,0.0,0.0,485.84461747914247,3712.0753825208576,11136.226147562573,485.84461747914247,0.26991367637730135,1457.5338524374274,4372.601557312282,4652.075382520858,13956.226147562573,41868.67844268772,5137.92,15413.76,46241.28,0.42816,0.32076669527537893,1.6038334763768947,0.10692223175845965,155.84277236611513,155.84277236611513,0.0,467.5283170983454,467.5283170983454,0.0,1457.5338524374274,0.0,1457.5338524374274,4372.601557312282,0.0,12822.0,-0.05834905288078421,42.73254819305942
16,16,2025,2NB,2,NB,Night,8,OP,NT,2.2,70,12000,1,8,75,1800,1,4,0.1,0.01,2760.0,0.0,341.0,0.0,0.0,1.0,1.0,1.0,3.66,1.83,0.17391304347826086,0.17391304347826086,30,4.103,0.708,2760.0,0.0,341.0,0.0,0.0,3101.0,3783.0,1.0,1.2,0.2425,3783.0,0.0,1.0,55.2,2028.6000000000001,0.0,255.75,0.0,0.0,2325.75,0.127034028949755,0.635170144748775,,0.173903854523296,0.17390728278311104,117.64607460085621,588.2303730042811,69.99687965127103,74.80258149994903,0.0,1.7646449808699443,1.8857983478353966,-0.12115336696545231,0.00011516510592196412,352.7813592859583,2352.018640714042,0.0,0.0,352.7813592859583,2693.018640714042,21544.149125712334,352.7813592859583,0.1959896440477546,2822.250874287666,6208.951923432866,3375.018640714042,27000.149125712334,59400.32807656714,3727.8,29822.4,65609.28,0.31065000000000004,0.279474863689461,1.397374318447305,0.127034028949755,98.59352229862596,98.59352229862596,0.0,788.7481783890076,788.7481783890076,0.0,2822.250874287666,0.0,2822.250874287666,6208.951923432866,0.0,24808.0,-0.06424513368808364,62.912339358746635
17,17,2025,2NB,2,NB,AM-Early,1,OP,AM,2.2,70,12000,1,8,75,1800,1,4,0.1,0.01,5911.0,0.0,731.0,0.0,0.0,1.0,1.0,1.0,3.66,1.83,0.17391304347826086,0.17391304347826086,30,4.155,0.715,5911.0,0.0,731.0,0.0,0.0,6642.0,8104.0,1.0,1.2,0.5194871794871795,8104.0,0.0,1.0,118.22,4344.585,0.0,548.25,0.0,0.0,4981.5,0.2133944542744608,1.066972271372304,,0.10890265985217594,0.10896210274272489,153.84222936931243,769.2111468465622,68.1770385724159,74.13634613437381,1.0819553226593064,1.7805031793817705,1.9361357249302198,-0.1556325455484493,0.06907737172582963,473.13686245386583,5319.643137546134,0.0,0.0,473.13686245386583,6050.643137546134,6050.643137546134,473.13686245386583,0.2628538124743699,473.13686245386583,1040.9010973985048,7512.643137546134,7512.643137546134,16527.814902601498,7985.78,7985.78,17568.716000000004,0.6654816666666666,0.4694677994038138,2.347338997019069,0.2133944542744608,222.12252163304132,222.12252163304132,0.0,222.12252163304132,222.12252163304132,0.0,473.13686245386583,0.0,473.13686245386583,1040.9010973985048,0.0,6642.0,-0.0803830762195447,82.26857185524729
18,18,2025,2NB,2,NB,AM-Peak,2,Peak,AM,2.2,70,12000,1,8,75,1800,1,4,0.1,0.01,7043.0,0.0,871.0,0.0,0.0,1.0,1.0,1.0,3.66,1.83,0.17391304347826086,0.17391304347826086,30,4.155,0.715,7043.0,0.0,871.0,0.0,0.0,7914.0,9656.0,1.0,1.2,0.6189743589743589,9656.0,0.0,1.0,140.86,5176.6050000000005,0.0,653.25,0.0,0.0,5935.5,0.44858024771785193,2.2429012385892597,,0.09736124531321735,0.0975133057518028,161.0208522939459,805.1042614697295,62.81033041561808,73.78454454552083,2.224258618728601,1.788992543263089,2.1015651267323627,-0.31257258346927363,0.2957156521947658,504.00070929462754,6398.139290705373,0.0,0.0,504.00070929462754,7269.139290705373,14538.278581410746,504.00070929462754,0.2800003940525709,1008.0014185892551,2217.6031208963614,9011.139290705374,18022.27858141075,39649.01287910365,9515.140000000001,19030.280000000002,41866.61600000001,0.7929283333333335,0.9868765449792744,4.934382724896372,0.44858024771785193,497.38647865578565,497.38647865578565,0.0,994.7729573115713,994.7729573115713,0.0,1008.0014185892551,0.0,1008.0014185892551,2217.6031208963614,0.0,15828.0,-0.14873323671642757,86.10740764382133
19,19,2025,2NB,2,NB,AM-Shoulder,1,OP,AM,2.2,70,12000,1,8,75,1800,1,4,0.1,0.01,6733.0,0.0,832.0,0.0,0.0,1.0,1.0,1.0,3.66,1.83,0.17391304347826086,0.17391304347826086,30,4.155,0.715,6733.0,0.0,832.0,0.0,0.0,7565.0,9229.0,1.0,1.2,0.5916025641025641,9229.0,0.0,1.0,134.66,4948.755,0.0,624.0,0.0,0.0,5673.75,0.3548454749934027,1.7742273749670134,,0.0991979136116298,0.09931253045605169,159.8310377905408,799.155188952704,64.87207733025078,73.92161351103144,1.339844788829284,1.785675308349451,2.0347737490818183,-0.2490984407323673,0.2042114648135198,490.90617097512103,6107.433829024879,0.0,0.0,490.90617097512103,6939.433829024879,6939.433829024879,490.90617097512103,0.2727256505417339,490.90617097512103,1079.9935761452664,8603.433829024878,8603.433829024878,18927.554423854734,9094.339999999998,9094.339999999998,20007.548,0.7578616666666665,0.780660044985486,3.90330022492743,0.3548454749934027,383.2308335170907,383.2308335170907,0.0,383.2308335170907,383.2308335170907,0.0,490.90617097512103,0.0,490.90617097512103,1079.9935761452664,0.0,7565.0,-0.1224207068942047,85.47114320349773
20,20,2025,2NB,2,NB,MD,5,OP,MD,2.2,70,12000,1,8,75,1800,1,4,0.1,0.01,7928.0,0.0,980.0,0.0,0.0,1.0,1.0,1.0,3.66,1.83,0.17391304347826086,0.17391304347826086,30,4.136,0.708,7928.0,0.0,980.0,0.0,0.0,8908.0,10868.0,1.0,1.2,0.6966666666666667,10868.0,0.0,1.0,158.56,5827.08,0.0,735.0,0.0,0.0,6681.0,0.8964462646438343,4.482231323219171,,0.09616591644451813,0.09651087757362041,157.2123982503663,786.0619912518314,53.997284001660816,73.13878868638439,1.6176718083194026,1.8047878884897814,2.444567397055378,-0.6397795085655966,0.7656287625372973,560.3664883955228,7209.073511604477,0.0,0.0,560.3664883955228,8189.073511604477,40945.367558022386,560.3664883955228,0.3113147157752904,2801.8324419776136,6164.031372350751,10149.073511604478,50745.36755802239,111639.80862764927,10709.44,53547.200000000004,117803.84000000003,0.8924533333333333,1.9721817822164356,9.860908911082177,0.8964462646438343,1105.1445797782476,1105.1445797782476,0.0,5525.7228988912375,5525.7228988912375,0.0,2801.8324419776136,0.0,2801.8324419776136,6164.031372350751,0.0,44540.0,-0.26171481683681447,84.07080120340443
21,21,2025,2NB,2,NB,PM-Shoulder,1,OP,PM,2.2,70,12000,1,8,75,1800,1,4,0.1,0.01,7153.0,0.0,884.0,0.0,0.0,1.0,1.0,1.0,3.66,1.83,0.17391304347826086,0.17391304347826086,30,4.135,0.592,7153.0,0.0,884.0,0.0,0.0,8037.0,9805.0,1.0,1.2,0.628525641025641,9805.0,0.0,1.0,143.06,5257.455,0.0,663.0,0.0,0.0,6027.75,0.3924734248330529,1.9623671241652647,,0.1009401458145498,0.10109032809241113,132.9555806360659,664.7779031803295,62.09567324291288,73.55615797057835,1.4029125919884555,1.7945472363143073,2.125751974435118,-0.33120473812081075,0.32885163354754066,530.6882743134339,6479.251725686566,0.0,0.0,530.6882743134339,7363.251725686566,7363.251725686566,530.6882743134339,0.29482681906301883,530.6882743134339,1167.5142034895548,9131.251725686565,9131.251725686565,20088.753796510446,9661.939999999999,9661.939999999999,21256.268,0.8051616666666666,0.8634415346327164,4.3172076731635824,0.3924734248330529,458.2182979847794,458.2182979847794,0.0,458.2182979847794,458.2182979847794,0.0,530.6882743134339,0.0,530.6882743134339,1167.5142034895548,0.0,8037.0,-0.15580591814283634,71.09924098185341
22,22,2025,2NB,2,NB,PM-Peak,3,Peak,PM,2.2,70,12000,1,8,75,1800,1,4,0.1,0.01,7219.0,0.0,892.0,0.0,0.0,1.0,1.0,1.0,3.66,1.83,0.17391304347826086,0.17391304347826086,30,4.135,0.592,7219.0,0.0,892.0,0.0,0.0,8111.0,9895.0,1.0,1.2,0.6342948717948718,9895.0,0.0,1.0,144.38,5305.965,0.0,669.0,0.0,0.0,6083.25,0.41331969678198294,2.0665984839099147,,0.10073808005280632,0.1008976917622773,133.04137169145343,665.2068584572672,61.56181395095425,73.51243681093234,2.215828890102371,1.7956145344425547,2.1441863312403893,-0.34857179679783457,0.3541067023707618,534.5127269273885,6540.107273072611,0.0,0.0,534.5127269273885,7432.107273072611,22296.321819217832,534.5127269273885,0.29695151495966027,1603.5381807821655,3527.783997720764,9216.107273072612,27648.321819217836,60826.30800227924,9750.62,29251.86,64354.092000000004,0.8125516666666668,0.9093033329203626,4.546516664601813,0.41331969678198294,486.034204083426,486.034204083426,0.0,1458.102612250278,1458.102612250278,0.0,1603.5381807821655,0.0,1603.5381807821655,3527.783997720764,0.0,24333.0,-0.1625660007804403,71.14511855157937
23,23,2025,2NB,2,NB,PM-Late,3,OP,PM,2.2,70,12000,1,8,75,1800,1,4,0.1,0.01,7295.0,0.0,902.0,0.0,0.0,1.0,1.0,1.0,3.66,1.83,0.17391304347826086,0.17391304347826086,30,4.135,0.592,7295.0,0.0,902.0,0.0,0.0,8197.0,10001.0,1.0,1.2,0.6410897435897436,10001.0,0.0,1.0,145.9,5361.825000000001,0.0,676.5,0.0,0.0,6147.75,0.43951436808821553,2.1975718404410776,,0.10057315257300599,0.10074477170625791,133.10962386239595,665.5481193119796,60.90190280774091,73.4579246610978,1.4355850855104557,1.7969470361297204,2.167419964146378,-0.37047292801665765,0.38593677945196647,539.2556437947579,6609.844356205243,0.0,0.0,539.2556437947579,7511.844356205243,22535.53306861573,539.2556437947579,0.2995864687748655,1617.766931384274,3559.087249045403,9315.844356205242,27947.533068615725,61484.5727509546,9855.1,29565.3,65043.66,0.8212583333333333,0.9669316097940742,4.834658048970371,0.43951436808821553,521.4233277450052,521.4233277450052,0.0,1564.2699832350154,1564.2699832350154,0.0,1617.766931384274,0.0,1617.766931384274,3559.087249045403,0.0,24591.0,-0.17092807768916424,71.18161703871439
24,24,2025,2SB,2,SB,Night,8,OP,NT,2.2,70,12000,1,8,75,1800,1,4,0.1,0.01,2817.0,0.0,348.0,0.0,0.0,1.0,1.0,1.0,3.66,1.83,0.17391304347826086,0.17391304347826086,30,4.103,0.708,2817.0,0.0,348.0,0.0,0.0,3165.0,3861.0,1.0,1.2,0.2475,3861.0,0.0,1.0,56.34,2070.495,0.0,261.0,0.0,0.0,2373.75,0.1267163190068578,0.6335815950342891,,0.17372392540778667,0.17372832580568864,117.70427824331057,588.521391216553,69.9963232399451,74.78657215866443,0.0,1.7650227332248052,1.8858133383307625,-0.1207906051059573,0.00013570208457340944,359.69451893719526,2400.9654810628044,0.0,0.0,359.69451893719526,2748.9654810628044,21991.723848502435,359.69451893719526,0.19983028829844182,2877.556151497562,6330.623533294637,3444.9654810628044,27559.723848502435,60631.392466705365,3804.66,30437.28,66962.016,0.317055,0.2787759018150872,1.3938795090754361,0.1267163190068578,100.27416389466057,100.27416389466057,0.0,802.1933111572846,802.1933111572846,0.0,2877.556151497562,0.0,2877.556151497562,6330.623533294637,0.0,25320.0,-0.0640522593889784,62.94346430123559
25,25,2025,2SB,2,SB,AM-Early,1,OP,AM,2.2,70,12000,1,8,75,1800,1,4,0.1,0.01,9535.0,0.0,1178.0,0.0,0.0,1.0,1.0,1.0,3.66,1.83,0.17391304347826086,0.17391304347826086,30,4.155,0.715,9535.0,0.0,1178.0,0.0,0.0,10713.0,13069.0,1.0,1.2,0.8377564102564102,13069.0,0.0,1.0,190.70000000000002,7008.224999999999,0.0,883.5,0.0,0.0,8034.75,1.8299994083072906,9.149997041536453,,0.154146691660526,0.15527171215034302,131.63973417156177,658.1986708578088,35.13183290732494,60.06772115411679,1.0311861454654647,2.197519690506076,3.7572762101028374,-1.5597565195967613,2.564039836412316,1080.2946981625896,8264.00530183741,0.0,0.0,1080.2946981625896,9442.00530183741,9442.00530183741,1080.2946981625896,0.6001637212014387,1080.2946981625896,2376.6483359576973,11798.00530183741,11798.00530183741,25955.611664042302,12878.3,12878.3,28332.26,1.0731916666666665,4.025998698276039,20.129993491380198,1.8299994083072906,4349.265048557092,4349.265048557092,0.0,4349.265048557092,4349.265048557092,0.0,1080.2946981625896,0.0,1080.2946981625896,2376.6483359576973,0.0,10713.0,-0.41512958653472815,70.39557977088863
26,26,2025,2SB,2,SB,AM-Peak,2,Peak,AM,2.2,70,12000,1,8,75,1800,1,4,0.1,0.01,8678.0,0.0,1073.0,0.0,0.0,1.0,1.0,1.0,3.66,1.83,0.17391304347826086,0.17391304347826086,30,4.155,0.715,8678.0,0.0,1073.0,0.0,0.0,9751.0,11897.0,1.0,1.2,0.7626282051282052,11897.0,0.0,1.0,173.56,6378.33,0.0,804.75,0.0,0.0,7313.25,1.728203842704077,8.641019213520384,,0.09720235547286707,0.09792367297607758,160.74729553275344,803.736477663767,43.52481170683597,72.27000166399465,2.743898040336628,1.826483976210605,3.03275292467878,-1.206268948468175,1.5714429353813577,619.9886999832522,7884.451300016747,0.0,0.0,619.9886999832522,8957.451300016746,17914.902600033492,619.9886999832522,0.3444381666573623,1239.9773999665044,2727.95027992631,11103.451300016746,22206.902600033492,48855.185720073685,11723.439999999999,23446.879999999997,51583.136,0.9769533333333332,3.8020484539489696,19.010242269744847,1.7282038427040767,2357.2270782371556,2357.2270782371556,0.0,4714.454156474311,4714.454156474311,0.0,1239.9773999665044,0.0,1239.9773999665044,2727.95027992631,0.0,19502.0,-0.39774718825666927,85.9611206057505
27,27,2025,2SB,2,SB,AM-Shoulder,1,OP,AM,2.2,70,12000,1,8,75,1800,1,4,0.1,0.01,8461.0,0.0,1046.0,0.0,0.0,1.0,1.0,1.0,3.66,1.83,0.17391304347826086,0.17391304347826086,30,4.155,0.715,8461.0,0.0,1046.0,0.0,0.0,9507.0,11599.0,1.0,1.2,0.743525641025641,11599.0,0.0,1.0,169.22,6218.835000000001,0.0,784.5,0.0,0.0,7130.25,1.4438784398235907,7.219392199117953,,0.09669141013541241,0.09727965945382669,161.17718197415087,805.8859098707544,46.73851678287078,72.56341685075556,1.7191795096532199,1.8190984621285176,2.824223126575055,-1.0051246644465373,1.2857571119792544,601.3079255494575,7690.472074450542,0.0,0.0,601.3079255494575,8736.472074450543,8736.472074450543,601.3079255494575,0.3340599586385875,601.3079255494575,1322.8774362088068,10828.472074450543,10828.472074450543,23822.638563791195,11429.78,11429.78,25145.516000000003,0.9524816666666667,3.1765325676118996,15.882662838059499,1.4438784398235907,1910.0742086710034,1910.0742086710034,0.0,1910.0742086710034,1910.0742086710034,0.0,601.3079255494575,0.0,601.3079255494575,1322.8774362088068,0.0,9507.0,-0.3558942121069079,86.19100640328924
28,28,2025,2SB,2,SB,MD,5,OP,MD,2.2,70,12000,1,8,75,1800,1,4,0.1,0.01,7027.0,0.0,868.0,0.0,0.0,1.0,1.0,1.0,3.66,1.83,0.17391304347826086,0.17391304347826086,30,4.136,0.708,7027.0,0.0,868.0,0.0,0.0,7895.0,9631.0,1.0,1.2,0.6173717948717948,9631.0,0.0,1.0,140.54,5164.845,0.0,651.0,0.0,0.0,5921.25,0.4290447476074878,2.145223738037439,,0.0976510769872481,0.09779707496307964,156.3814278862055,781.9071394310274,62.95223617466807,73.78430742133826,1.416026424793623,1.788998292634592,2.0968278177402806,-0.3078295251056886,0.2892255388756132,504.35267672220346,6382.107323277796,0.0,0.0,504.35267672220346,7250.107323277796,36250.536616388985,504.35267672220346,0.28019593151233524,2521.763383611017,5547.879443944238,8986.107323277796,44930.536616388985,98847.18055605577,9490.46,47452.3,104395.06000000001,0.7908716666666666,0.9438984447364732,4.719492223682366,0.4290447476074878,476.0577071567651,476.0577071567651,0.0,2380.2885357838254,2380.2885357838254,0.0,2521.763383611017,0.0,2521.763383611017,5547.879443944238,0.0,39475.0,-0.1468072497423426,83.62643202470882
29,29,2025,2SB,2,SB,PM-Shoulder,1,OP,PM,2.2,70,12000,1,8,75,1800,1,4,0.1,0.01,6866.0,0.0,849.0,0.0,0.0,1.0,1.0,1.0,3.66,1.83,0.17391304347826086,0.17391304347826086,30,4.135,0.592,6866.0,0.0,849.0,0.0,0.0,7715.0,9413.0,1.0,1.2,0.6033974358974359,9413.0,0.0,1.0,137.32,5046.51,0.0,636.75,0.0,0.0,5786.25,0.3155100675049592,1.577550337524796,,0.10223292166017771,0.10234861176956213,132.39938311833433,661.9969155916715,64.1429474639343,73.72123069034014,1.3323642332774424,1.7905289801041842,2.057903561014556,-0.26737458091037203,0.2358993071613706,515.9194614873035,6212.760538512697,0.0,0.0,515.9194614873035,7061.760538512697,7061.760538512697,515.9194614873035,0.2866219230485019,515.9194614873035,1135.0228152720676,8759.760538512697,8759.760538512697,19271.473184727936,9275.68,9275.68,20406.496000000003,0.7729733333333334,0.6941221485109103,3.4706107425545514,0.3155100675049592,358.1111250661589,358.1111250661589,0.0,358.1111250661589,358.1111250661589,0.0,515.9194614873035,0.0,515.9194614873035,1135.0228152720676,0.0,7715.0,-0.12992570982216245,70.80180915418947
30,30,2025,2SB,2,SB,PM-Peak,3,Peak,PM,2.2,70,12000,1,8,75,1800,1,4,0.1,0.01,7013.0,0.0,867.0,0.0,0.0,1.0,1.0,1.0,3.66,1.83,0.17391304347826086,0.17391304347826086,30,4.135,0.592,7013.0,0.0,867.0,0.0,0.0,7880.0,9614.0,1.0,1.2,0.6162820512820513,9614.0,0.0,1.0,140.26,5154.555,0.0,650.25,0.0,0.0,5910.0,0.3523147908008664,1.761573954004332,,0.10148320716022055,0.10161528972593316,132.72263944836268,663.6131972418135,63.1487539299694,73.64158566328678,2.139726450839043,1.7924654773669164,2.0903025283188508,-0.29783705095193436,0.2802858923682543,523.1007728837507,6349.6392271162495,0.0,0.0,523.1007728837507,7216.6392271162495,21649.91768134875,523.1007728837507,0.2906115404909726,1569.3023186512519,3452.4651010327543,8950.63922711625,26851.91768134875,59074.21889896726,9473.74,28421.22,62526.68400000001,0.7894783333333333,0.7750925397619062,3.875462698809531,0.3523147908008664,405.45150660588234,405.45150660588234,0.0,1216.354519817647,1216.354519817647,0.0,1569.3023186512519,0.0,1569.3023186512519,3452.4651010327543,0.0,23640.0,-0.1424851412256929,70.97467350179824
31,31,2025,2SB,2,SB,PM-Late,3,OP,PM,2.2,70,12000,1,8,75,1800,1,4,0.1,0.01,5774.0,0.0,714.0,0.0,0.0,1.0,1.0,1.0,3.66,1.83,0.17391304347826086,0.17391304347826086,30,4.135,0.592,5774.0,0.0,714.0,0.0,0.0,6488.0,7916.0,1.0,1.2,0.5074358974358975,7916.0,0.0,1.0,115.48,4243.89,0.0,535.5,0.0,0.0,4866.0,0.163243734580651,0.816218672903255,,0.11506107401428488,0.11511055995729949,127.13828494558284,635.6914247279142,68.52354028757009,74.06234909891187,0.9980519557882995,1.7822821123822463,1.926345303322635,-0.14406319094038866,0.055664494123438615,488.3065413984835,5170.213458601517,0.0,0.0,488.3065413984835,5884.213458601517,17652.640375804553,488.3065413984835,0.2712814118880464,1464.9196241954505,3222.8231732299914,7312.213458601517,21936.640375804553,48260.60882677002,7800.52,23401.560000000005,51483.43200000001,0.6500433333333334,0.35913621607743224,1.7956810803871612,0.163243734580651,175.3685635637094,175.3685635637094,0.0,526.1056906911282,526.1056906911282,0.0,1464.9196241954505,0.0,1464.9196241954505,3222.8231732299914,0.0,19464.0,-0.07478575657848201,67.98838767143468
32,32,2025,3NB,3,NB,Night,8,OP,NT,3.4,70,12000,1,8,75,1800,1,4,0.1,0.01,2870.0,0.0,355.0,0.0,0.0,1.0,1.0,1.0,3.66,1.83,0.17391304347826086,0.17391304347826086,30,4.103,0.708,2870.0,0.0,355.0,0.0,0.0,3225.0,3935.0,1.0,1.2,0.25224358974358974,3935.0,0.0,1.0,57.4,2109.45,0.0,266.25,0.0,0.0,2418.75,0.1262380133519836,0.631190066759918,,0.17391139257038654,0.17391237328087802,117.64259785417335,588.2129892708667,69.99572280385173,74.7692452615242,0.0,2.7283945328919503,2.9144637961903332,-0.18606926329838291,0.00024397220932784167,366.85738705760184,2445.742612942398,0.0,0.0,366.85738705760184,2800.742612942398,22405.940903539184,366.85738705760184,0.20380965947644547,2934.8590964608147,9978.52092796677,3510.742612942398,28085.940903539184,95492.19907203323,3877.6,31020.8,105470.72,0.32313333333333333,0.4292092453967442,2.146046226983721,0.1262380133519836,157.4585822672146,157.4585822672146,0.0,1259.6686581377169,1259.6686581377169,0.0,2934.8590964608147,0.0,2934.8590964608147,9978.52092796677,0.0,25800.0,-0.06384339498112997,40.70678126441984
33,33,2025,3NB,3,NB,AM-Early,1,OP,AM,3.4,70,12000,1,8,75,1800,1,4,0.1,0.01,6148.0,0.0,760.0,0.0,0.0,1.0,1.0,1.0,3.66,1.83,0.17391304347826086,0.17391304347826086,30,4.155,0.715,6148.0,0.0,760.0,0.0,0.0,6908.0,8428.0,1.0,1.2,0.5402564102564102,8428.0,0.0,1.0,122.96000000000001,4518.78,0.0,570.0,0.0,0.0,5181.0,0.24226161311351413,1.2113080655675708,,0.10531322778962757,0.10542240973444829,155.966416522901,779.8320826145051,67.49013403034401,74.09228941686533,1.7951081135889388,2.7533229382646707,3.0226640223929655,-0.2693410841282948,0.14847828210693473,475.8873074712132,5549.152692528787,0.0,0.0,475.8873074712132,6309.152692528787,6309.152692528787,475.8873074712132,0.26438183748400734,475.8873074712132,1618.0168454021248,7829.152692528787,7829.152692528787,26619.119154597876,8305.04,8305.04,28237.136000000002,0.6920866666666667,0.823689484585948,4.118447422929741,0.2422616131135141,391.9833710119582,391.9833710119582,0.0,391.9833710119582,391.9833710119582,0.0,475.8873074712132,0.0,475.8873074712132,1618.0168454021248,0.0,6908.0,-0.0891071856259646,53.967618174014184
34,34,2025,3NB,3,NB,AM-Peak,2,Peak,AM,3.4,70,12000,1,8,75,1800,1,4,0.1,0.01,7325.0,0.0,905.0,0.0,0.0,1.0,1.0,1.0,3.66,1.83,0.17391304347826086,0.17391304347826086,30,4.155,0.715,7325.0,0.0,905.0,0.0,0.0,8230.0,10040.0,1.0,1.2,0.6435897435897436,10040.0,0.0,1.0,146.5,5383.875,0.0,678.75,0.0,0.0,6172.5,0.5606408052232501,2.8032040261162505,,0.09630369885750759,0.09660968676811812,161.62787259106128,808.1393629553063,60.495660445403125,73.62845987643475,3.6041882363276763,2.770667760025923,3.3721427040888075,-0.6014749440628844,0.6272640760302373,518.4870766864636,6660.012923313537,0.0,0.0,518.4870766864636,7565.012923313537,15130.025846627073,518.4870766864636,0.28804837593692423,1036.9741533729273,3525.712121467953,9375.012923313538,18750.025846627075,63750.08787853205,9893.500000000002,19787.000000000004,67275.8,0.8244583333333335,1.9061787377590502,9.530893688795251,0.5606408052232501,988.3290413825831,988.3290413825831,0.0,1976.6580827651662,1976.6580827651662,0.0,1036.9741533729273,0.0,1036.9741533729273,3525.712121467953,0.0,16460.0,-0.17836580383552006,55.926599512477935
35,35,2025,3NB,3,NB,AM-Shoulder,1,OP,AM,3.4,70,12000,1,8,75,1800,1,4,0.1,0.01,7003.0,0.0,865.0,0.0,0.0,1.0,1.0,1.0,3.66,1.83,0.17391304347826086,0.17391304347826086,30,4.155,0.715,7003.0,0.0,865.0,0.0,0.0,7868.0,9598.0,1.0,1.2,0.6152564102564102,9598.0,0.0,1.0,140.06,5147.205,0.0,648.75,0.0,0.0,5901.0,0.4341556891114109,2.1707784455570547,,0.09749834013343957,0.09772440914373895,160.8799626004609,804.3998130023047,63.120117069251464,73.8063313872399,2.1836143819006444,2.7639905163375835,3.2319331692015703,-0.46794265286398673,0.4351770132347222,501.8439438265408,6361.096056173459,0.0,0.0,501.8439438265408,7226.096056173459,7226.096056173459,501.8439438265408,0.2788021910147449,501.8439438265408,1706.2694090102386,8956.09605617346,8956.09605617346,30450.72659098976,9457.94,9457.94,32156.996,0.7881616666666668,1.476129342978797,7.380646714893985,0.4341556891114109,740.78657107856,740.78657107856,0.0,740.78657107856,740.78657107856,0.0,501.8439438265408,0.0,501.8439438265408,1706.2694090102386,0.0,7868.0,-0.1447872305415242,55.667807128187164
36,36,2025,3NB,3,NB,MD,5,OP,MD,3.4,70,12000,1,8,75,1800,1,4,0.1,0.01,8246.0,0.0,1019.0,0.0,0.0,1.0,1.0,1.0,3.66,1.83,0.17391304347826086,0.17391304347826086,30,4.136,0.708,8246.0,0.0,1019.0,0.0,0.0,9265.0,11303.0,1.0,1.2,0.724551282051282,11303.0,0.0,1.0,164.92000000000002,6060.8099999999995,0.0,764.25,0.0,0.0,6948.75,1.169622070785955,5.848110353929775,,0.09642185499854011,0.09714454133738801,156.80145203131585,784.0072601565793,49.815407021652376,72.8133579959065,2.594506077239667,2.8016837241796853,4.095118602791521,-1.2934348786118357,1.6177410572529558,584.3945429937019,7496.685457006298,0.0,0.0,584.3945429937019,8515.685457006297,42578.42728503149,584.3945429937019,0.324663634996501,2921.9727149685095,9934.707230892933,10553.685457006297,52768.42728503149,179412.65276910705,11138.079999999998,55690.399999999994,189347.36,0.9281733333333332,3.976715040672247,19.883575203361236,1.169622070785955,2323.9705688098384,2323.9705688098384,0.0,11619.852844049192,11619.852844049192,0.0,2921.9727149685095,0.0,2921.9727149685095,9934.707230892933,0.0,46325.0,-0.3158479653629908,54.25655779630306
37,37,2025,3NB,3,NB,PM-Shoulder,1,OP,PM,3.4,70,12000,1,8,75,1800,1,4,0.1,0.01,7439.0,0.0,919.0,0.0,0.0,1.0,1.0,1.0,3.66,1.83,0.17391304347826086,0.17391304347826086,30,4.135,0.592,7439.0,0.0,919.0,0.0,0.0,8358.0,10196.0,1.0,1.2,0.6535897435897436,10196.0,0.0,1.0,148.78,5467.665,0.0,689.25,0.0,0.0,6268.5,0.49303738085986487,2.4651869042993244,,0.100263589944532,0.10056703821235276,133.1890683385562,665.9453416927811,59.59619672907039,73.3510153269661,2.2672140523377675,2.781147596807747,3.4230372271472644,-0.6418896303395174,0.6969895726203243,548.2077215140695,6742.01227848593,0.0,0.0,548.2077215140695,7661.01227848593,7661.01227848593,548.2077215140695,0.30455984528559416,548.2077215140695,1863.9062531478362,9499.01227848593,9499.01227848593,32296.64174685216,10047.22,10047.22,34160.547999999995,0.8372683333333333,1.6763270949235405,8.381635474617703,0.49303738085986487,918.9754572203334,918.9754572203334,0.0,918.9754572203334,918.9754572203334,0.0,548.2077215140695,0.0,548.2077215140695,1863.9062531478362,0.0,8358.0,-0.18752049356894193,46.086182816109414
38,38,2025,3NB,3,NB,PM-Peak,3,Peak,PM,3.4,70,12000,1,8,75,1800,1,4,0.1,0.01,7508.0,0.0,928.0,0.0,0.0,1.0,1.0,1.0,3.66,1.83,0.17391304347826086,0.17391304347826086,30,4.135,0.592,7508.0,0.0,928.0,0.0,0.0,8436.0,10292.0,1.0,1.2,0.6597435897435897,10292.0,0.0,1.0,150.16,5518.38,0.0,696.0,0.0,0.0,6327.0,0.5219826531292432,2.609913265646216,,0.10020595361814806,0.10053021289250308,133.20554830631852,666.0277415315926,58.91147153874703,73.29341224231587,3.5781188700280477,2.7833333687010526,3.462823023624964,-0.6794896549239113,0.7514961137947718,552.974530327316,6804.865469672684,0.0,0.0,552.974530327316,7732.865469672684,23198.596409018053,552.974530327316,0.30720807240406445,1658.9235909819479,5640.340209338623,9588.865469672684,28766.596409018053,97806.42779066137,10141.84,30425.52,103446.768,0.8451533333333333,1.7747410206394267,8.873705103197134,0.5219826531292432,981.3865823407084,981.3865823407084,0.0,2944.159747022125,2944.159747022125,0.0,1658.9235909819479,0.0,1658.9235909819479,5640.340209338623,0.0,25308.0,-0.19622419346530903,46.09188522709983
39,39,2025,3NB,3,NB,PM-Late,3,OP,PM,3.4,70,12000,1,8,75,1800,1,4,0.1,0.01,7587.0,0.0,938.0,0.0,0.0,1.0,1.0,1.0,3.66,1.83,0.17391304347826086,0.17391304347826086,30,4.135,0.592,7587.0,0.0,938.0,0.0,0.0,8525.0,10401.0,1.0,1.2,0.6667307692307692,10401.0,0.0,1.0,151.74,5576.445,0.0,703.5,0.0,0.0,6393.75,0.5571440051095959,2.7857200255479797,,0.1001660628258144,0.10051581315228585,133.21199562621132,666.0599781310567,58.10005253847793,73.22434530659486,2.3151850557871367,2.7859586746162006,3.5111844324907775,-0.7252257578745769,0.8177512439409369,558.5705402146986,6876.689459785302,0.0,0.0,558.5705402146986,7814.689459785302,23444.068379355904,558.5705402146986,0.3103169667859436,1675.7116206440955,5697.419510189925,9690.689459785302,29072.068379355907,98845.03248981008,10249.26,30747.780000000002,104542.452,0.854105,1.8942896173726262,9.47144808686313,0.5571440051095959,1058.0943748989225,1058.0943748989225,0.0,3174.2831246967676,3174.2831246967676,0.0,1675.7116206440955,0.0,1675.7116206440955,5697.419510189925,0.0,25575.0,-0.20654732664103134,46.094116133637144
40,40,2025,3SB,3,SB,Night,8,OP,NT,3.4,70,12000,1,8,75,1800,1,4,0.1,0.01,2929.0,0.0,362.0,0.0,0.0,1.0,1.0,1.0,3.66,1.83,0.17391304347826086,0.17391304347826086,30,4.103,0.708,2929.0,0.0,362.0,0.0,0.0,3291.0,4015.0,1.0,1.2,0.25737179487179485,4015.0,0.0,1.0,58.58,2152.815,0.0,271.5,0.0,0.0,2468.25,0.125778457021142,0.6288922851057099,,0.17390402471099825,0.17391120356722825,117.64391858359207,588.2195929179603,69.99497638139141,74.74977897243755,0.34190196936302925,2.7291050596312907,2.9144948758670437,-0.185389816235753,0.00028655136642091766,374.3831929582077,2496.0368070417926,0.0,0.0,374.3831929582077,2858.0368070417926,22864.29445633434,374.3831929582077,0.20799066275455982,2995.0655436656616,10183.222848463249,3582.0368070417926,28656.29445633434,97431.40115153676,3956.42,31651.36,107614.62400000001,0.32970166666666667,0.4276467538718827,2.1382337693594136,0.125778457021142,160.1037571727682,160.1037571727682,0.0,1280.8300573821457,1280.8300573821457,0.0,2995.0655436656616,0.0,2995.0655436656616,10183.222848463249,0.0,26328.0,-0.06360958729790209,40.7072382642187
41,41,2025,3SB,3,SB,AM-Early,1,OP,AM,3.4,70,12000,1,8,75,1800,1,4,0.1,0.01,9916.0,0.0,1226.0,0.0,0.0,1.0,1.0,1.0,3.66,1.83,0.17391304347826086,0.17391304347826086,30,4.155,0.715,9916.0,0.0,1226.0,0.0,0.0,11142.0,13594.0,1.0,1.2,0.8714102564102564,13594.0,0.0,1.0,198.32,7288.26,0.0,919.5,0.0,0.0,8356.5,3.6599999584206397,18.2999997921032,,0.12326998713722993,0.12631527035193033,144.45211549689256,722.2605774844629,27.24234514189281,65.91518524706005,2.440724683261867,3.094886242606726,7.488342098944056,-4.393455856337329,6.266457246981928,898.4237164527875,8819.256283547213,0.0,0.0,898.4237164527875,10045.256283547213,10045.256283547213,898.4237164527875,0.4991242869182153,898.4237164527875,3054.6406359394773,12497.256283547213,12497.256283547213,42490.67136406052,13395.68,13395.68,45545.312,1.1163066666666668,12.443999858630175,62.21999929315088,3.6599999584206397,11179.984600528483,11179.984600528483,0.0,11179.984600528483,11179.984600528483,0.0,898.4237164527875,0.0,898.4237164527875,3054.6406359394773,0.0,11142.0,-0.5867060823726067,49.983430967782894
42,42,2025,3SB,3,SB,AM-Peak,2,Peak,AM,3.4,70,12000,1,8,75,1800,1,4,0.1,0.01,9025.0,0.0,1116.0,0.0,0.0,1.0,1.0,1.0,3.66,1.83,0.17391304347826086,0.17391304347826086,30,4.155,0.715,9025.0,0.0,1116.0,0.0,0.0,10141.0,12373.0,1.0,1.2,0.7931410256410256,12373.0,0.0,1.0,180.5,6633.375,0.0,837.0,0.0,0.0,7605.75,1.8299997726337385,9.149998863168692,,0.1194322808605936,0.12083798951007091,147.24938735663872,736.2469367831936,39.94529681282278,69.10598615929531,3.6095487435142606,2.951987394113185,5.1069842078257945,-2.1549968137126094,3.0039969361499104,792.2391060536401,8052.260893946361,0.0,0.0,792.2391060536401,9168.26089394636,18336.52178789272,792.2391060536401,0.4401328366964667,1584.4782121072801,5387.225921164752,11400.26089394636,22800.52178789272,77521.77407883525,12192.5,24385.0,82909.0,1.0160416666666667,6.22199922695471,31.109996134773553,1.8299997726337387,4929.311105429039,4929.311105429039,0.0,9858.622210858079,9858.622210858079,0.0,1584.4782121072801,0.0,1584.4782121072801,5387.225921164752,0.0,20282.0,-0.4219705262472429,50.95134510610337
43,43,2025,3SB,3,SB,AM-Shoulder,1,OP,AM,3.4,70,12000,1,8,75,1800,1,4,0.1,0.01,8799.0,0.0,1088.0,0.0,0.0,1.0,1.0,1.0,3.66,1.83,0.17391304347826086,0.17391304347826086,30,4.155,0.715,8799.0,0.0,1088.0,0.0,0.0,9887.0,12063.0,1.0,1.2,0.7732692307692308,12063.0,0.0,1.0,175.98,6467.265,0.0,816.0,0.0,0.0,7415.25,1.8299986870208764,9.149993435104381,,0.10146243978909507,0.10269332938489473,157.66026667164067,788.3013333582034,42.001677615328056,71.72351449181157,2.6561036987192432,2.8442554920156624,4.856948854956032,-2.01269336294037,2.6614485027183354,656.1844856626219,7966.835514337378,0.0,0.0,656.1844856626219,9054.835514337377,9054.835514337377,656.1844856626219,0.3645469364792344,656.1844856626219,2231.0272512529145,11230.835514337377,11230.835514337377,38184.84074874708,11887.019999999999,11887.019999999999,40415.867999999995,0.9905849999999999,6.221995535870979,31.109977679354895,1.8299986870208764,4082.7769405006284,4082.7769405006284,0.0,4082.7769405006284,4082.7769405006284,0.0,656.1844856626219,0.0,656.1844856626219,2231.0272512529145,0.0,9887.0,-0.4143945969055484,54.55372549191719
44,44,2025,3SB,3,SB,MD,5,OP,MD,3.4,70,12000,1,8,75,1800,1,4,0.1,0.01,7308.0,0.0,903.0,0.0,0.0,1.0,1.0,1.0,3.66,1.83,0.17391304347826086,0.17391304347826086,30,4.136,0.708,7308.0,0.0,903.0,0.0,0.0,8211.0,10017.0,1.0,1.2,0.6421153846153846,10017.0,0.0,1.0,146.16,5371.38,0.0,677.25,0.0,0.0,6158.25,0.53638060702166,2.6819030351083,,0.09659879633432175,0.09689264726809231,156.9644484816918,784.8222424084589,60.65606958140319,73.62812157703696,2.2959545113083433,2.770680490423149,3.363224841435246,-0.5925443510120973,0.6150466041948592,518.8688426542492,6642.971157345751,0.0,0.0,518.8688426542492,7545.971157345751,37729.85578672875,518.8688426542492,0.28826046814124956,2594.344213271246,8820.770325122237,9351.97115734575,46759.855786728745,158983.50967487774,9870.839999999998,49354.19999999999,167804.27999999997,0.8225699999999999,1.823694063873644,9.11847031936822,0.53638060702166,946.258028277542,946.258028277542,0.0,4731.29014138771,4731.29014138771,0.0,2594.344213271246,0.0,2594.344213271246,8820.770325122237,0.0,41055.0,-0.1761833891424371,54.31295795214248
45,45,2025,3SB,3,SB,PM-Shoulder,1,OP,PM,3.4,70,12000,1,8,75,1800,1,4,0.1,0.01,7141.0,0.0,883.0,0.0,0.0,1.0,1.0,1.0,3.66,1.83,0.17391304347826086,0.17391304347826086,30,4.135,0.592,7141.0,0.0,883.0,0.0,0.0,8024.0,9790.0,1.0,1.2,0.6275641025641026,9790.0,0.0,1.0,142.82,5248.635,0.0,662.25,0.0,0.0,6018.0,0.38910392522389153,1.9455196261194576,,0.10096522526060411,0.10119491555008821,132.9090692398586,664.545346199293,62.18146662129339,73.56453598004008,2.1646997377910653,2.7730753315068877,3.280720302762083,-0.5076449712551954,0.5020153862126252,529.9296150856909,6468.2503849143095,0.0,0.0,529.9296150856909,7351.2503849143095,7351.2503849143095,529.9296150856909,0.29440534171427274,529.9296150856909,1801.760691291349,9117.25038491431,9117.25038491431,30998.651308708653,9647.180000000002,9647.180000000002,32800.412000000004,0.8039316666666668,1.3229533457612312,6.614766728806155,0.38910392522389153,701.0721572955762,701.0721572955762,0.0,701.0721572955762,701.0721572955762,0.0,529.9296150856909,0.0,529.9296150856909,1801.760691291349,0.0,8024.0,-0.15473582762535476,45.98929731482997
46,46,2025,3SB,3,SB,PM-Peak,3,Peak,PM,3.4,70,12000,1,8,75,1800,1,4,0.1,0.01,7293.0,0.0,901.0,0.0,0.0,1.0,1.0,1.0,3.66,1.83,0.17391304347826086,0.17391304347826086,30,4.135,0.592,7293.0,0.0,901.0,0.0,0.0,8194.0,9996.0,1.0,1.2,0.6407692307692308,9996.0,0.0,1.0,145.86,5360.3550000000005,0.0,675.75,0.0,0.0,6145.5,0.4382952419287802,2.191476209643901,,0.10051846379282947,0.10078284783992837,133.09261908762613,665.4630954381306,60.932378761589625,73.46216168505178,3.465653775780179,2.7769397921421404,3.3479736741969597,-0.5710338820548193,0.5941525050784063,538.8146499842125,6608.325350015788,0.0,0.0,538.8146499842125,7509.325350015788,22527.976050047364,538.8146499842125,0.29934147221345137,1616.4439499526375,5495.909429838967,9311.325350015788,27933.976050047364,94975.51857016103,9850.140000000001,29550.420000000002,100471.428,0.8208450000000002,1.4902038225578527,7.451019112789264,0.4382952419287802,802.9436510566449,802.9436510566449,0.0,2408.8309531699347,2408.8309531699347,0.0,1616.4439499526375,0.0,1616.4439499526375,5495.909429838967,0.0,24582.0,-0.17056104307384876,46.052809372881015
47,47,2025,3SB,3,SB,PM-Late,3,OP,PM,3.4,70,12000,1,8,75,1800,1,4,0.1,0.01,6005.0,0.0,742.0,0.0,0.0,1.0,1.0,1.0,3.66,1.83,0.17391304347826086,0.17391304347826086,30,4.135,0.592,6005.0,0.0,742.0,0.0,0.0,6747.0,8231.0,1.0,1.2,0.5276282051282051,8231.0,0.0,1.0,120.10000000000001,4413.674999999999,0.0,556.5,0.0,0.0,5060.25,0.18222719653175867,0.9111359826587934,,0.11115162978818674,0.11124086497633096,128.66519815591636,643.3259907795817,67.96325255706348,74.01931345939977,1.6633548149715411,2.756037451115995,3.0016220872995594,-0.24558463618356452,0.11965083102896788,490.58716960537504,5394.312830394625,0.0,0.0,490.58716960537504,6136.312830394625,18408.938491183875,490.58716960537504,0.2725484275585417,1471.7615088161251,5003.989129974825,7620.312830394625,22860.938491183875,77727.19087002518,8110.9,24332.7,82731.18000000001,0.6759083333333333,0.6195724682079795,3.0978623410398973,0.18222719653175867,303.95430354356887,303.95430354356887,0.0,911.8629106307067,911.8629106307067,0.0,1471.7615088161251,0.0,1471.7615088161251,5003.989129974825,0.0,20241.0,-0.08181730712293209,44.520829811735766
48,48,2025,4NB,4,NB,Night,8,OP,NT,4.4,70,12000,1,8,75,1800,1,4,0.1,0.01,2650.0,0.0,327.0,0.0,0.0,1.0,1.0,1.0,3.66,1.83,0.17391304347826086,0.17391304347826086,30,4.103,0.708,2650.0,0.0,327.0,0.0,0.0,2977.0,3631.0,1.0,1.2,0.23275641025641025,3631.0,0.0,1.0,53.0,1947.75,0.0,245.25,0.0,0.0,2232.75,0.12773543541090782,0.6386771770545391,,0.1739116065366868,0.17391154363084105,117.64189956614703,588.2094978307351,69.99775306242948,74.8321298439495,0.0,3.5278963802116814,3.7715496348081934,-0.243653254596512,0.00016585683008182379,338.7363316318317,2258.2636683681685,0.0,0.0,338.7363316318317,2585.2636683681685,20682.109346945348,338.7363316318317,0.18818685090657317,2709.8906530546537,11923.518873440478,3239.2636683681685,25914.109346945348,114022.08112655954,3578.0,28624.0,125945.60000000002,0.2981666666666667,0.5620359158079944,2.810179579039972,0.12773543541090782,190.38198436613703,190.38198436613703,0.0,1523.0558749290963,1523.0558749290963,0.0,2709.8906530546537,0.0,2709.8906530546537,11923.518873440478,0.0,23816.0,-0.06460295586402995,31.45505335993236
49,49,2025,4NB,4,NB,AM-Early,1,OP,AM,4.4,70,12000,1,8,75,1800,1,4,0.1,0.01,5675.0,0.0,701.0,0.0,0.0,1.0,1.0,1.0,3.66,1.83,0.17391304347826086,0.17391304347826086,30,4.155,0.715,5675.0,0.0,701.0,0.0,0.0,6376.0,7778.0,1.0,1.2,0.4985897435897436,7778.0,0.0,1.0,113.5,4171.125,0.0,525.75,0.0,0.0,4782.0,0.19113236908339934,0.9556618454169967,,0.11310737133048095,0.11320880511583112,151.39488435368605,756.9744217684303,68.70263253654302,74.17088840364738,1.997198204214478,3.5593479555385468,3.842647512227105,-0.28329955668855833,0.09756994889399143,471.78498424085234,5089.715015759148,0.0,0.0,471.78498424085234,5790.715015759148,5790.715015759148,471.78498424085234,0.26210276902269575,471.78498424085234,2075.8539306597504,7192.715015759148,7192.715015759148,31647.946069340254,7664.5,7664.5,33723.8,0.6387083333333333,0.8409824239669572,4.204912119834786,0.19113236908339934,396.7628796380847,396.7628796380847,0.0,396.7628796380847,396.7628796380847,0.0,471.78498424085234,0.0,471.78498424085234,2075.8539306597504,0.0,6376.0,-0.07372509598840743,40.47991560258985
50,50,2025,4NB,4,NB,AM-Peak,2,Peak,AM,4.4,70,12000,1,8,75,1800,1,4,0.1,0.01,6762.0,0.0,836.0,0.0,0.0,1.0,1.0,1.0,3.66,1.83,0.17391304347826086,0.17391304347826086,30,4.155,0.715,6762.0,0.0,836.0,0.0,0.0,7598.0,9270.0,1.0,1.2,0.5942307692307692,9270.0,0.0,1.0,135.24,4970.07,0.0,627.0,0.0,0.0,5698.5,0.3626149130145291,1.8130745650726454,,0.0989504875054058,0.09918579121659131,159.91404121742568,799.5702060871284,64.69519469477473,73.91162547906781,4.21483653035261,3.571833230413344,4.08067401675696,-0.5088407863436162,0.42366626009989355,491.7908494359922,6134.969150564008,0.0,0.0,491.7908494359922,6970.969150564008,13941.938301128015,491.7908494359922,0.2732171385755512,983.5816988719844,4327.759475036732,8642.969150564008,17285.938301128015,76058.12852496328,9134.76,18269.52,80385.888,0.7612300000000001,1.5955056172639281,7.977528086319641,0.3626149130145291,784.6550627941242,784.6550627941242,0.0,1569.3101255882484,1569.3101255882484,0.0,983.5816988719844,0.0,983.5816988719844,4327.759475036732,0.0,15196.0,-0.12469527932250955,42.75776503139724
51,51,2025,4NB,4,NB,AM-Shoulder,1,OP,AM,4.4,70,12000,1,8,75,1800,1,4,0.1,0.01,6463.0,0.0,799.0,0.0,0.0,1.0,1.0,1.0,3.66,1.83,0.17391304347826086,0.17391304347826086,30,4.155,0.715,6463.0,0.0,799.0,0.0,0.0,7262.0,8860.0,1.0,1.2,0.5679487179487179,8860.0,0.0,1.0,129.26,4750.305,0.0,599.25,0.0,0.0,5446.5,0.29436509630780483,1.4718254815390241,,0.1015392850782304,0.10172100089032554,158.27616234883564,791.3808117441782,66.26072834809291,74.01349764883501,2.522846735614286,3.566916959560219,3.9842604598776394,-0.4173435003174206,0.29157968717522315,482.3425736035433,5851.3974263964565,0.0,0.0,482.3425736035433,6650.3974263964565,6650.3974263964565,482.3425736035433,0.26796809644641295,482.3425736035433,2122.3073238555908,8248.397426396456,8248.397426396456,36292.948676144406,8730.739999999998,8730.739999999998,38415.255999999994,0.7275616666666666,1.2952064237543413,6.476032118771707,0.29436509630780483,624.7331997815105,624.7331997815105,0.0,624.7331997815105,624.7331997815105,0.0,482.3425736035433,0.0,482.3425736035433,2122.3073238555908,0.0,7262.0,-0.10474804659990468,42.31982950503626
52,52,2025,4NB,4,NB,MD,5,OP,MD,4.4,70,12000,1,8,75,1800,1,4,0.1,0.01,7611.0,0.0,941.0,0.0,0.0,1.0,1.0,1.0,3.66,1.83,0.17391304347826086,0.17391304347826086,30,4.136,0.708,7611.0,0.0,941.0,0.0,0.0,8552.0,10434.0,1.0,1.2,0.6688461538461539,10434.0,0.0,1.0,152.22,5594.085,0.0,705.75,0.0,0.0,6414.0,0.6884156438967761,3.4420782194838804,,0.09605001000238568,0.09655863151674461,157.18132802008353,785.9066401004175,57.659331298813086,73.41898547124967,3.1092210522371286,3.595800164024065,4.578617095502708,-0.9828169314786432,1.1058482779815682,537.3119202041956,6921.468079795804,0.0,0.0,537.3119202041956,7862.468079795804,39312.340398979024,537.3119202041956,0.2985066223356643,2686.5596010209783,11820.862244492306,9744.468079795804,48722.340398979024,214378.29775550772,10281.78,51408.9,226199.16000000003,0.8568150000000001,3.0290288331458153,15.145144165729075,0.6884156438967761,1627.533298691452,1627.533298691452,0.0,8137.66649345726,8137.66649345726,0.0,2686.5596010209783,0.0,2686.5596010209783,11820.862244492306,0.0,42760.0,-0.21465366309928022,42.02709305349826
53,53,2025,4NB,4,NB,PM-Shoulder,1,OP,PM,4.4,70,12000,1,8,75,1800,1,4,0.1,0.01,6867.0,0.0,849.0,0.0,0.0,1.0,1.0,1.0,3.66,1.83,0.17391304347826086,0.17391304347826086,30,4.135,0.592,6867.0,0.0,849.0,0.0,0.0,7716.0,9414.0,1.0,1.2,0.6034615384615385,9414.0,0.0,1.0,137.34,5047.245,0.0,636.75,0.0,0.0,5787.0,0.3156761316901692,1.5783806584508462,,0.10218774801390679,0.10241926161485594,132.368370416037,661.8418520801852,64.13738190497982,73.7222530012555,2.6659244469904695,3.5810083014623015,4.11616427360753,-0.5351559721452284,0.4722879119851737,515.7666002244509,6213.8933997755485,0.0,0.0,515.7666002244509,7062.8933997755485,7062.8933997755485,515.7666002244509,0.28653700012469496,515.7666002244509,2269.3730409875843,8760.893399775548,8760.893399775548,38547.93095901242,9276.66,9276.66,40817.304000000004,0.7730549999999999,1.3889749794367447,6.944874897183724,0.3156761316901692,716.3869029409165,716.3869029409165,0.0,716.3869029409165,716.3869029409165,0.0,515.7666002244509,0.0,515.7666002244509,2269.3730409875843,0.0,7716.0,-0.13001326880382294,35.392612410705084
54,54,2025,4NB,4,NB,PM-Peak,3,Peak,PM,4.4,70,12000,1,8,75,1800,1,4,0.1,0.01,6930.0,0.0,857.0,0.0,0.0,1.0,1.0,1.0,3.66,1.83,0.17391304347826086,0.17391304347826086,30,4.135,0.592,6930.0,0.0,857.0,0.0,0.0,7787.0,9501.0,1.0,1.2,0.6090384615384615,9501.0,0.0,1.0,138.6,5093.549999999999,0.0,642.75,0.0,0.0,5840.25,0.33096441179420916,1.6548220589710458,,0.10184660060662849,0.10209166303204867,132.512366907626,662.56183453813,63.720748883033345,73.68922232078499,4.216514711457423,3.5826134634825073,4.143077484613402,-0.5604640211308944,0.5091590110632173,518.7607525198924,6272.639247480107,0.0,0.0,518.7607525198924,7129.639247480107,21388.91774244032,518.7607525198924,0.2882004180666069,1556.2822575596774,6847.641933262581,8843.639247480107,26530.91774244032,116736.03806673743,9362.4,28087.199999999997,123583.68000000001,0.7802,1.4562434118945204,7.281217059472603,0.33096441179420916,755.4419282065371,755.4419282065371,0.0,2266.325784619611,2266.325784619611,0.0,1556.2822575596774,0.0,1556.2822575596774,6847.641933262581,0.0,23361.0,-0.1352772240471849,35.431114146424065
55,55,2025,4NB,4,NB,PM-Late,3,OP,PM,4.4,70,12000,1,8,75,1800,1,4,0.1,0.01,7003.0,0.0,866.0,0.0,0.0,1.0,1.0,1.0,3.66,1.83,0.17391304347826086,0.17391304347826086,30,4.135,0.592,7003.0,0.0,866.0,0.0,0.0,7869.0,9601.0,1.0,1.2,0.6154487179487179,9601.0,0.0,1.0,140.06,5147.205,0.0,649.5,0.0,0.0,5901.75,0.34976171286485963,1.748808564324298,,0.10148987519415414,0.10175170536064089,132.66231790376767,663.3115895188383,63.215345501762556,73.64890289631789,2.7352059405986187,3.584574781401106,4.176201172429552,-0.5916263910284463,0.5545384633713442,522.3891930487262,6340.550806951273,0.0,0.0,522.3891930487262,7206.550806951273,21619.65242085382,522.3891930487262,0.2902162183604034,1567.1675791461785,6895.537348243186,8938.550806951273,26815.652420853818,117988.8706517568,9460.939999999999,28382.819999999996,124884.408,0.7884116666666665,1.5389515366053825,7.694757683026912,0.34976171286485963,803.931651348383,803.931651348383,0.0,2411.794954045149,2411.794954045149,0.0,1567.1675791461785,0.0,1567.1675791461785,6895.537348243186,0.0,23607.0,-0.1416661618061519,35.4712079956598
56,56,2025,4SB,4,SB,Night,8,OP,NT,4.4,70,12000,1,8,75,1800,1,4,0.1,0.01,2704.0,0.0,334.0,0.0,0.0,1.0,1.0,1.0,3.66,1.83,0.17391304347826086,0.17391304347826086,30,4.103,0.708,2704.0,0.0,334.0,0.0,0.0,3038.0,3706.0,1.0,1.2,0.23756410256410257,3706.0,0.0,1.0,54.08,1987.44,0.0,250.5,0.0,0.0,2278.5,0.12740637693464904,0.6370318846732452,,0.17389244208919633,0.17389713535682355,117.64726238611169,588.2363119305585,69.99735297139304,74.81812628833157,0.0,3.528556689359016,3.771571192240558,-0.2430145028815418,0.00019539051242135552,345.60079510575235,2304.319204894248,0.0,0.0,345.60079510575235,2638.319204894248,21106.553639153983,345.60079510575235,0.19200044172541797,2764.806360846019,12165.147987722485,3306.319204894248,26450.553639153983,116382.43601227754,3651.92,29215.36,128547.58400000003,0.3043266666666667,0.5605880585124559,2.8029402925622793,0.12740637693464904,193.73967874869476,193.73967874869476,0.0,1549.917429989558,1549.917429989558,0.0,2764.806360846019,0.0,2764.806360846019,12165.147987722485,0.0,24304.0,-0.0644332270279049,31.456487269013824
57,57,2025,4SB,4,SB,AM-Early,1,OP,AM,4.4,70,12000,1,8,75,1800,1,4,0.1,0.01,9153.0,0.0,1131.0,0.0,0.0,1.0,1.0,1.0,3.66,1.83,0.17391304347826086,0.17391304347826086,30,4.155,0.715,9153.0,0.0,1131.0,0.0,0.0,10284.0,12546.0,1.0,1.2,0.8042307692307692,12546.0,0.0,1.0,183.06,6727.455,0.0,848.25,0.0,0.0,7713.0,1.8299994135296427,9.149997067648213,,0.12867134803333707,0.13060853850492407,142.35389235661833,711.7694617830916,38.764964085102655,67.25175612612918,2.750937457209703,3.925548048215631,6.810273302986368,-2.884725254770737,4.163217282234182,865.6307036836137,8104.309296316386,0.0,0.0,865.6307036836137,9235.309296316387,9235.309296316387,865.6307036836137,0.48090594649089646,865.6307036836137,3808.7750962079003,11497.309296316387,11497.309296316387,50588.16090379211,12362.94,12362.94,54396.93600000001,1.030245,8.051997419530428,40.25998709765214,1.8299994135296427,6970.056192326766,6970.056192326766,0.0,6970.056192326766,6970.056192326766,0.0,865.6307036836137,0.0,865.6307036836137,3808.7750962079003,0.0,10284.0,-0.4235843594567281,38.06253806326693
58,58,2025,4SB,4,SB,AM-Peak,2,Peak,AM,4.4,70,12000,1,8,75,1800,1,4,0.1,0.01,8331.0,0.0,1030.0,0.0,0.0,1.0,1.0,1.0,3.66,1.83,0.17391304347826086,0.17391304347826086,30,4.155,0.715,8331.0,0.0,1030.0,0.0,0.0,9361.0,11421.0,1.0,1.2,0.7321153846153846,11421.0,0.0,1.0,166.62,6123.285,0.0,772.5,0.0,0.0,7020.75,1.296694644129076,6.48347322064538,,0.0961639616102322,0.09720448673773628,161.2275871544698,806.1379357723489,48.58312100146887,72.74292934869554,5.312784612551857,3.6292187070788366,5.433986013208542,-1.8047673061297052,2.27770369523856,588.8393436685107,7575.540656331489,0.0,0.0,588.8393436685107,8605.54065633149,17211.08131266298,588.8393436685107,0.32713296870472813,1177.6786873370213,5181.786224282894,10665.54065633149,21331.08131266298,93856.75777571712,11254.380000000001,22508.760000000002,99038.54400000002,0.9378650000000001,5.705456434167935,28.527282170839676,1.296694644129076,3359.597222024728,3359.597222024728,0.0,6719.194444049456,6719.194444049456,0.0,1177.6786873370213,0.0,1177.6786873370213,5181.786224282894,0.0,18722.0,-0.33212586520149423,43.108980522585505
59,59,2025,4SB,4,SB,AM-Shoulder,1,OP,AM,4.4,70,12000,1,8,75,1800,1,4,0.1,0.01,8123.0,0.0,1004.0,0.0,0.0,1.0,1.0,1.0,3.66,1.83,0.17391304347826086,0.17391304347826086,30,4.155,0.715,8123.0,0.0,1004.0,0.0,0.0,9127.0,11135.0,1.0,1.2,0.7137820512820513,11135.0,0.0,1.0,162.46,5970.405,0.0,753.0,0.0,0.0,6845.25,1.0889819268694818,5.444909634347409,,0.09587330349098055,0.09672608717648883,161.54931823650804,807.7465911825403,51.45761645976632,72.97280627006808,3.3225952002870387,3.6177860424190276,5.13043584532168,-1.512649802902652,1.8618399652335593,572.4024505290678,7388.137549470932,0.0,0.0,572.4024505290678,8392.137549470932,8392.137549470932,572.4024505290678,0.31800136140503765,572.4024505290678,2518.5707823278985,10400.137549470932,10400.137549470932,45760.605217672106,10972.539999999999,10972.539999999999,48279.17600000001,0.9143783333333333,4.791520478225721,23.957602391128603,1.0889819268694818,2742.678063496613,2742.678063496613,0.0,2742.678063496613,2742.678063496613,0.0,572.4024505290678,0.0,572.4024505290678,2518.5707823278985,0.0,9127.0,-0.2948384598322189,43.19500487607167
60,60,2025,4SB,4,SB,MD,5,OP,MD,4.4,70,12000,1,8,75,1800,1,4,0.1,0.01,6746.0,0.0,834.0,0.0,0.0,1.0,1.0,1.0,3.66,1.83,0.17391304347826086,0.17391304347826086,30,4.136,0.708,6746.0,0.0,834.0,0.0,0.0,7580.0,9248.0,1.0,1.2,0.5928205128205128,9248.0,0.0,1.0,134.92000000000002,4958.3099999999995,0.0,625.5,0.0,0.0,5685.0,0.34769909073229033,1.7384954536614516,,0.09929897318519466,0.09952543473297829,155.28409485519074,776.4204742759538,64.7952672109359,73.90995336564153,2.683302431845827,3.5719140383428454,4.074371653419821,-0.5024576150769753,0.4150320223280115,492.3550917338825,6118.724908266117,0.0,0.0,492.3550917338825,6952.724908266117,34763.62454133059,492.3550917338825,0.2735306065188236,2461.7754586694123,10831.812018145414,8620.724908266118,43103.62454133059,189655.9479818546,9113.08,45565.4,200487.76,0.7594233333333333,1.5298759992220776,7.649379996110388,0.34769909073229033,753.2422379384511,753.2422379384511,0.0,3766.2111896922556,3766.2111896922556,0.0,2461.7754586694123,0.0,2461.7754586694123,10831.812018145414,0.0,37900.0,-0.12332149784500829,41.51981145860715
61,61,2025,4SB,4,SB,PM-Shoulder,1,OP,PM,4.4,70,12000,1,8,75,1800,1,4,0.1,0.01,6591.0,0.0,815.0,0.0,0.0,1.0,1.0,1.0,3.66,1.83,0.17391304347826086,0.17391304347826086,30,4.135,0.592,6591.0,0.0,815.0,0.0,0.0,7406.0,9036.0,1.0,1.2,0.5792307692307692,9036.0,0.0,1.0,131.82,4844.385,0.0,611.25,0.0,0.0,5554.5,0.25941084463664604,1.2970542231832303,,0.10416509006244144,0.10434721516017252,131.53076501876373,657.6538250938188,65.7111106516277,73.84587035404779,2.515907602577751,3.5750137243189672,4.017585418691452,-0.44257169437248445,0.33723488075014574,504.6157998221404,5954.56420017786,0.0,0.0,504.6157998221404,6769.56420017786,6769.56420017786,504.6157998221404,0.2803421110123002,504.6157998221404,2220.309519217418,8399.56420017786,8399.56420017786,36958.082480782585,8904.18,8904.18,39178.392,0.742015,1.1414077164012426,5.707038582006214,0.25941084463664604,575.9723677349758,575.9723677349758,0.0,575.9723677349758,575.9723677349758,0.0,504.6157998221404,0.0,504.6157998221404,2220.309519217418,0.0,7406.0,-0.1101586271976844,35.16865374833255
62,62,2025,4SB,4,SB,PM-Peak,3,Peak,PM,4.4,70,12000,1,8,75,1800,1,4,0.1,0.01,6732.0,0.0,832.0,0.0,0.0,1.0,1.0,1.0,3.66,1.83,0.17391304347826086,0.17391304347826086,30,4.135,0.592,6732.0,0.0,832.0,0.0,0.0,7564.0,9228.0,1.0,1.2,0.5915384615384616,9228.0,0.0,1.0,134.64000000000001,4948.0199999999995,0.0,624.0,0.0,0.0,5673.0,0.28604406739238447,1.4302203369619224,,0.10305096516013652,0.10325638908458293,132.00263008727197,660.0131504363598,64.95848146605198,73.78693465862963,4.052748503671953,3.5778691881073326,4.06413441388665,-0.48626522577931786,0.40100700416756857,509.8982366316587,6087.461763368341,0.0,0.0,509.8982366316587,6919.461763368341,20758.385290105023,509.8982366316587,0.28327679812869927,1529.694709894976,6730.656723537895,8583.461763368341,25750.385290105023,113301.69527646211,9093.36,27280.079999999998,120032.352,0.75778,1.2585938965264918,6.292969482632459,0.28604406739238447,641.7548084742265,641.7548084742265,0.0,1925.2644254226793,1925.2644254226793,0.0,1529.694709894976,0.0,1529.694709894976,6730.656723537895,0.0,22692.0,-0.11964791915292197,35.29482087894972
63,63,2025,4SB,4,SB,PM-Late,3,OP,PM,4.4,70,12000,1,8,75,1800,1,4,0.1,0.01,5543.0,0.0,685.0,0.0,0.0,1.0,1.0,1.0,3.66,1.83,0.17391304347826086,0.17391304347826086,30,4.135,0.592,5543.0,0.0,685.0,0.0,0.0,6228.0,7598.0,1.0,1.2,0.48705128205128206,7598.0,0.0,1.0,110.86,4074.1050000000005,0.0,513.75,0.0,0.0,4671.0,0.14853483628214673,0.7426741814107336,,0.11962088006697397,0.1197067794515132,125.39398438360071,626.9699219180036,68.95197385243381,74.09611257585323,1.8319244360343014,3.5629399549097736,3.8287518870017316,-0.2658119320919581,0.07853294233522923,487.34802558525905,4944.791974414741,0.0,0.0,487.34802558525905,5629.791974414741,16889.375923244224,487.34802558525905,0.2707489031029217,1462.044076755777,6432.9939377254195,6999.791974414741,20999.375923244224,92397.2540622746,7487.14,22461.420000000002,98830.24800000002,0.6239283333333333,0.6535532796414456,3.267766398207228,0.14853483628214673,318.5079004480292,318.5079004480292,0.0,955.5237013440876,955.5237013440876,0.0,1462.044076755777,0.0,1462.044076755777,6432.9939377254195,0.0,18684.0,-0.06942521739117274,33.527803311123186
64,64,2025,5NB,5,NB,Night,8,OP,NT,3.0,70,8000,1,8,75,1800,1,4,0.1,0.01,1487.0,0.0,184.0,0.0,0.0,1.0,1.0,1.0,3.66,1.83,0.2448979591836735,0.2448979591836735,30,4.103,0.708,1487.0,0.0,184.0,0.0,0.0,1671.0,2039.0,1.0,1.2,0.1757758620689655,2039.0,0.0,1.0,29.740000000000002,1092.945,0.0,138.0,0.0,0.0,1253.25,0.10943033125694183,0.5471516562847092,,0.24489794470561263,0.24489793779420138,98.68760922345507,493.43804611727535,69.99959561866163,74.94415150286265,0.0,2.40178848369675,2.5714434263390613,-0.1696549426423113,2.035122737104947e-05,267.65998417627577,1189.600015823724,0.0,0.0,267.65998417627577,1373.600015823724,10988.800126589793,267.65998417627577,0.1486999912090421,2141.279873410206,6423.8396202306185,1741.600015823724,13932.800126589793,41798.40037976938,2009.2599999999998,16074.079999999998,48222.24,0.2511575,0.3282909937708255,1.6414549688541276,0.10943033125694183,87.870362197913,87.870362197913,0.0,702.962897583304,702.962897583304,0.0,2141.279873410206,0.0,2141.279873410206,6423.8396202306185,0.0,13368.0,-0.06597654099816123,38.701023224884345
65,65,2025,5NB,5,NB,AM-Early,1,OP,AM,3.0,70,8000,1,8,75,1800,1,4,0.1,0.01,4065.0,0.0,502.0,0.0,0.0,1.0,1.0,1.0,3.66,1.83,0.2448979591836735,0.2448979591836735,30,4.155,0.715,4065.0,0.0,502.0,0.0,0.0,4567.0,5571.0,1.0,1.2,0.4802586206896552,5571.0,0.0,1.0,81.3,2987.7749999999996,0.0,376.5,0.0,0.0,3425.25,0.19195697785699317,0.9597848892849659,,0.15459361933223004,0.1546396887562844,131.8896716277001,659.4483581385006,68.11511449762212,74.38312875368119,1.6169562267321789,2.419903585879908,2.6425852959005707,-0.22268171002066284,0.09748471252663929,461.89095100035354,3521.809048999646,0.0,0.0,461.89095100035354,4023.809048999646,4023.809048999646,461.89095100035354,0.2566060838890853,461.89095100035354,1385.6728530010605,5027.809048999647,5027.809048999647,15083.42714699894,5489.7,5489.7,16469.1,0.6862125,0.5758709335709795,2.879354667854898,0.19195697785699317,265.9895731605611,265.9895731605611,0.0,265.9895731605611,265.9895731605611,0.0,461.89095100035354,0.0,461.89095100035354,1385.6728530010605,0.0,4567.0,-0.08426661208102075,51.72143985400004
66,66,2025,5NB,5,NB,AM-Peak,2,Peak,AM,3.0,70,8000,1,8,75,1800,1,4,0.1,0.01,4453.0,0.0,550.0,0.0,0.0,1.0,1.0,1.0,3.66,1.83,0.2448979591836735,0.2448979591836735,30,4.155,0.715,4453.0,0.0,550.0,0.0,0.0,5003.0,6103.0,1.0,1.2,0.5261206896551724,6103.0,0.0,1.0,89.06,3272.955,0.0,412.5,0.0,0.0,3752.25,0.27957245883766313,1.3978622941883156,,0.13951743541186173,0.13959302109776373,138.20484484583366,691.0242242291683,65.9395152459991,74.37177422221173,3.019741655926764,2.4202730388303895,2.7297743898856086,-0.30950135105521914,0.21693377128614108,456.6342878184299,3907.30571218157,0.0,0.0,456.6342878184299,4457.30571218157,8914.61142436314,456.6342878184299,0.25368571545468327,913.2685756368599,2739.8057269105793,5557.30571218157,11114.61142436314,33343.83427308942,6013.94,12027.88,36083.64,0.7517425,0.8387173765129894,4.193586882564947,0.27957245883766313,382.98711190495084,382.98711190495084,0.0,765.9742238099017,765.9742238099017,0.0,913.2685756368599,0.0,913.2685756368599,2739.8057269105793,0.0,10006.0,-0.11337982809201635,54.197978370915166
67,67,2025,5NB,5,NB,AM-Shoulder,1,OP,AM,3.0,70,8000,1,8,75,1800,1,4,0.1,0.01,4266.0,0.0,527.0,0.0,0.0,1.0,1.0,1.0,3.66,1.83,0.2448979591836735,0.2448979591836735,30,4.155,0.715,4266.0,0.0,527.0,0.0,0.0,4793.0,5847.0,1.0,1.2,0.5040517241379311,5847.0,0.0,1.0,85.32000000000001,3135.51,0.0,395.25,0.0,0.0,3594.75,0.2303072132089502,1.1515360660447511,,0.1461993696351345,0.14625828403695434,135.31712843607448,676.5856421803725,67.15451239618655,74.38069855903566,1.7832086874167752,2.419982649895856,2.6803857786661784,-0.26040312877032257,0.1492713739155216,458.4095854846606,3722.2704145153393,0.0,0.0,458.4095854846606,4249.270414515339,4249.270414515339,458.4095854846606,0.25467199193592255,458.4095854846606,1375.228756453982,5303.270414515339,5303.270414515339,15909.811243546017,5761.68,5761.68,17285.04,0.72021,0.6909216396268506,3.4546081981342533,0.2303072132089502,316.72510242372664,316.72510242372664,0.0,316.72510242372664,316.72510242372664,0.0,458.4095854846606,0.0,458.4095854846606,1375.228756453982,0.0,4793.0,-0.09715136188340215,53.065540563166465
68,68,2025,5NB,5,NB,MD,5,OP,MD,3.0,70,8000,1,8,75,1800,1,4,0.1,0.01,4708.0,0.0,582.0,0.0,0.0,1.0,1.0,1.0,3.66,1.83,0.2448979591836735,0.2448979591836735,30,4.136,0.708,4708.0,0.0,582.0,0.0,0.0,5290.0,6454.0,1.0,1.2,0.5563793103448276,6454.0,0.0,1.0,94.16,3460.38,0.0,436.5,0.0,0.0,3967.5,0.36480731675846684,1.8240365837923342,,0.13267930976773612,0.13278572607218514,137.5833363609931,687.9166818049655,63.66927456589722,74.33641874976587,2.1215119555486766,2.421424155580093,2.827109327493615,-0.40568517191352216,0.35028263580910995,459.12082993407876,4154.719170065921,0.0,0.0,459.12082993407876,4736.719170065921,23683.595850329606,459.12082993407876,0.25506712774115486,2295.604149670394,6886.812449011181,5900.719170065921,29503.595850329606,88510.78755098881,6359.84,31799.2,95397.59999999999,0.79498,1.0944219502754005,5.472109751377003,0.36480731675846684,502.4719141085149,502.4719141085149,0.0,2512.3595705425746,2512.3595705425746,0.0,2295.604149670394,0.0,2295.604149670394,6886.812449011181,0.0,26450.0,-0.1434982255437514,53.95424955333063
69,69,2025,5NB,5,NB,PM-Shoulder,1,OP,PM,3.0,70,8000,1,8,75,1800,1,4,0.1,0.01,5570.0,0.0,688.0,0.0,0.0,1.0,1.0,1.0,3.66,1.83,0.2448979591836735,0.2448979591836735,30,4.135,0.592,5570.0,0.0,688.0,0.0,0.0,6258.0,7634.0,1.0,1.2,0.6581034482758621,7634.0,0.0,1.0,111.4,4093.9500000000003,0.0,516.0,0.0,0.0,4693.5,0.9014008738910788,4.5070043694553945,,0.12884299346693745,0.12919553278960022,122.00714836153409,610.0357418076705,50.44182480613234,73.82834032724091,2.560242541193703,2.438088127163063,3.568467252955467,-1.130379125792404,1.365942993691847,527.4767731039686,4931.123226896032,0.0,0.0,527.4767731039686,5619.123226896032,5619.123226896032,527.4767731039686,0.293042651724427,527.4767731039686,1582.4303193119058,6995.123226896032,6995.123226896032,20985.369680688098,7522.6,7522.6,22567.800000000003,0.9403250000000001,2.7042026216732364,13.521013108366184,0.9014008738910788,1426.4040726994908,1426.4040726994908,0.0,1426.4040726994908,1426.4040726994908,0.0,527.4767731039686,0.0,527.4767731039686,1582.4303193119058,0.0,6258.0,-0.31676881015405267,47.845940533934936
70,70,2025,5NB,5,NB,PM-Peak,3,Peak,PM,3.0,70,8000,1,8,75,1800,1,4,0.1,0.01,5539.0,0.0,685.0,0.0,0.0,1.0,1.0,1.0,3.66,1.83,0.2448979591836735,0.2448979591836735,30,4.135,0.592,5539.0,0.0,685.0,0.0,0.0,6224.0,7594.0,1.0,1.2,0.6546551724137931,7594.0,0.0,1.0,110.78,4071.165,0.0,513.75,0.0,0.0,4668.0,0.8682192793557636,4.341096396778818,,0.1290387346753009,0.12937631134484062,121.94520452352201,609.7260226176099,51.03840288675429,73.8481386179586,3.976379059118313,2.437434488785166,3.5267561251748023,-1.089321636389636,1.3087987486323363,525.3379802543714,4902.882019745629,0.0,0.0,525.3379802543714,5587.882019745629,16763.646059236886,525.3379802543714,0.29185443347465073,1576.013940763114,4728.041822289342,6957.882019745629,20873.646059236886,62620.93817771066,7483.22,22449.66,67348.98000000001,0.9354025,2.6046578380672907,13.023289190336454,0.8682192793557636,1368.325687903988,1368.325687903988,0.0,4104.977063711964,4104.977063711964,0.0,1576.013940763114,0.0,1576.013940763114,4728.041822289342,0.0,18672.0,-0.3088735363961817,47.82164883275372
71,71,2025,5NB,5,NB,PM-Late,3,OP,PM,3.0,70,8000,1,8,75,1800,1,4,0.1,0.01,3830.0,0.0,473.0,0.0,0.0,1.0,1.0,1.0,3.66,1.83,0.2448979591836735,0.2448979591836735,30,4.135,0.592,3830.0,0.0,473.0,0.0,0.0,4303.0,5249.0,1.0,1.2,0.4525,5249.0,0.0,1.0,76.60000000000001,2815.05,0.0,354.75,0.0,0.0,3227.25,0.13462427175723712,0.6731213587861856,,0.17318082559648165,0.17321492013026407,109.113622942994,545.56811471497,68.91474126813371,74.28341894744857,1.3525919018884394,2.423151795521691,2.61192303254329,-0.18877123702159881,0.05547741172716441,487.51268309537573,3265.887316904624,0.0,0.0,487.51268309537573,3738.887316904624,11216.661950713873,487.51268309537573,0.27084037949743095,1462.5380492861273,4387.614147858381,4684.887316904624,14054.661950713871,42163.98585214162,5172.4,15517.199999999999,46551.6,0.64655,0.40387281527171137,2.0193640763585567,0.13462427175723712,196.89311980239506,196.89311980239506,0.0,590.6793594071852,590.6793594071852,0.0,1462.5380492861273,0.0,1462.5380492861273,4387.614147858381,0.0,12909.0,-0.07227289421227237,42.78965605607607
72,72,2025,5SB,5,SB,Night,8,OP,NT,3.0,70,8000,1,8,75,1800,1,4,0.1,0.01,1525.0,0.0,188.0,0.0,0.0,1.0,1.0,1.0,3.66,1.83,0.2448979591836735,0.2448979591836735,30,4.103,0.708,1525.0,0.0,188.0,0.0,0.0,1713.0,2089.0,1.0,1.2,0.18008620689655172,2089.0,0.0,1.0,30.5,1120.875,0.0,141.0,0.0,0.0,1284.75,0.1093099831416974,0.546549915708487,,0.24489754323680948,0.24489710844909365,98.68772419163561,493.43862095817803,69.99950973400064,74.93822537953757,0.0,2.401978417401252,2.5714465813261143,-0.1694681639248623,2.4673559633897267e-05,274.4995337755588,1220.0004662244412,0.0,0.0,274.4995337755588,1408.0004662244412,11264.00372979553,274.4995337755588,0.15249974098642155,2195.9962702044704,6587.988810613411,1784.0004662244412,14272.00372979553,42816.01118938659,2058.5,16468.0,49404.0,0.2573125,0.32792994942509224,1.639649747125461,0.1093099831416974,90.0166182282304,90.0166182282304,0.0,720.1329458258432,720.1329458258432,0.0,2195.9962702044704,0.0,2195.9962702044704,6587.988810613411,0.0,13704.0,-0.0659038243903423,38.701068310445336
73,73,2025,5SB,5,SB,AM-Early,1,OP,AM,3.0,70,8000,1,8,75,1800,1,4,0.1,0.01,4818.0,0.0,595.0,0.0,0.0,1.0,1.0,1.0,3.66,1.83,0.2448979591836735,0.2448979591836735,30,4.155,0.715,4818.0,0.0,595.0,0.0,0.0,5413.0,6603.0,1.0,1.2,0.5692241379310344,6603.0,0.0,1.0,96.36,3541.2300000000005,0.0,446.25,0.0,0.0,4059.75,0.42986069895685175,2.1493034947842586,,0.1296826500572997,0.12981069710133245,142.73785702234574,713.6892851117287,62.444698121081665,74.32534208169687,2.2046687698494556,2.4217850191950374,2.8825505673992686,-0.4607655482042312,0.42623713447985545,459.2360908624115,4262.403909137589,0.0,0.0,459.2360908624115,4857.403909137589,4857.403909137589,459.2360908624115,0.25513116159022864,459.2360908624115,1377.7082725872347,6047.403909137589,6047.403909137589,18142.211727412767,6506.64,6506.64,19519.920000000002,0.81333,1.2895820968705554,6.447910484352776,0.4298606989568518,592.2226410129855,592.2226410129855,0.0,592.2226410129855,592.2226410129855,0.0,459.2360908624115,0.0,459.2360908624115,1377.7082725872347,0.0,5413.0,-0.15984647534559956,55.97563020484147
74,74,2025,5SB,5,SB,AM-Peak,2,Peak,AM,3.0,70,8000,1,8,75,1800,1,4,0.1,0.01,3481.0,0.0,430.0,0.0,0.0,1.0,1.0,1.0,3.66,1.83,0.2448979591836735,0.2448979591836735,30,4.155,0.715,3481.0,0.0,430.0,0.0,0.0,3911.0,4771.0,1.0,1.2,0.41129310344827585,4771.0,0.0,1.0,69.62,2558.535,0.0,322.5,0.0,0.0,2933.25,0.13380773499223333,0.6690386749611666,,0.18524366685773513,0.18526955532601916,120.93542338156814,604.6771169078406,69.51833974867179,74.38140845064846,1.7635970985407385,2.419959553729461,2.5892448043314937,-0.1692852506020328,0.024408239077003565,473.9524051838553,2937.427594816145,0.0,0.0,473.9524051838553,3367.427594816145,6734.85518963229,473.9524051838553,0.2633068917688085,947.9048103677106,2843.714431103132,4227.427594816145,8454.85518963229,25364.56556889687,4701.38,9402.76,28208.280000000002,0.5876725,0.40142320497670003,2.0071160248835,0.13380773499223333,190.25549349531875,190.25549349531875,0.0,380.5109869906375,380.5109869906375,0.0,947.9048103677106,0.0,947.9048103677106,2843.714431103132,0.0,7822.0,-0.06538016425439536,47.42565622806594
75,75,2025,5SB,5,SB,AM-Shoulder,1,OP,AM,3.0,70,8000,1,8,75,1800,1,4,0.1,0.01,3793.0,0.0,469.0,0.0,0.0,1.0,1.0,1.0,3.66,1.83,0.2448979591836735,0.2448979591836735,30,4.155,0.715,3793.0,0.0,469.0,0.0,0.0,4262.0,5200.0,1.0,1.2,0.4482758620689655,5200.0,0.0,1.0,75.86,2787.855,0.0,351.75,0.0,0.0,3196.5,0.1576280863522456,0.7881404317612279,,0.16775295710004812,0.16778736337771863,126.91355771052218,634.567788552611,68.96601383676679,74.38159571358909,1.3899816606272284,2.419953461244648,2.6099812064828862,-0.1900277452382384,0.052817110024411126,467.6709202161546,3249.4690797838452,0.0,0.0,467.6709202161546,3718.4690797838452,3718.4690797838452,467.6709202161546,0.2598171778978637,467.6709202161546,1403.0127606484639,4656.469079783845,4656.469079783845,13969.407239351534,5124.139999999999,5124.139999999999,15372.419999999998,0.6405175,0.4728842590567368,2.364421295283684,0.1576280863522456,221.15421658879856,221.15421658879856,0.0,221.15421658879856,221.15421658879856,0.0,467.6709202161546,0.0,467.6709202161546,1403.0127606484639,0.0,4262.0,-0.07280808948594412,49.770022631577326
76,76,2025,5SB,5,SB,MD,5,OP,MD,3.0,70,8000,1,8,75,1800,1,4,0.1,0.01,4637.0,0.0,573.0,0.0,0.0,1.0,1.0,1.0,3.66,1.83,0.2448979591836735,0.2448979591836735,30,4.136,0.708,4637.0,0.0,573.0,0.0,0.0,5210.0,6356.0,1.0,1.2,0.5479310344827586,6356.0,0.0,1.0,92.74,3408.195,0.0,429.75,0.0,0.0,3907.5,0.3348983917750102,1.6744919588750509,,0.13450102418408358,0.1345969333297489,136.76771443853997,683.8385721926999,64.383641992401,74.34651392180068,2.0688346541443625,2.4210953615031365,2.7957411918580943,-0.3746458303549578,0.3073082899884461,458.40571811907273,4085.8542818809274,0.0,0.0,458.40571811907273,4658.854281880927,23294.27140940464,458.40571811907273,0.25466984339948484,2292.0285905953638,6876.085771786091,5804.854281880927,29024.27140940464,87072.81422821392,6263.26,31316.300000000003,93948.90000000001,0.7829075,1.0046951753250306,5.023475876625152,0.3348983917750102,460.55801333563835,460.55801333563835,0.0,2302.7900666781916,2302.7900666781916,0.0,2292.0285905953638,0.0,2292.0285905953638,6876.085771786091,0.0,26050.0,-0.13400590564177445,53.63439781903528
77,77,2025,5SB,5,SB,PM-Shoulder,1,OP,PM,3.0,70,8000,1,8,75,1800,1,4,0.1,0.01,4858.0,0.0,600.0,0.0,0.0,1.0,1.0,1.0,3.66,1.83,0.2448979591836735,0.2448979591836735,30,4.135,0.592,4858.0,0.0,600.0,0.0,0.0,5458.0,6658.0,1.0,1.2,0.5739655172413793,6658.0,0.0,1.0,97.16,3570.63,0.0,450.0,0.0,0.0,4093.5,0.36397187344369575,1.8198593672184789,,0.1368023766787333,0.13692524039369408,119.43700164655849,597.1850082327925,62.21606964209035,74.16894960371688,2.140035810548074,2.426891589563236,2.89314321903463,-0.46625162947139387,0.44074906722030066,488.47067024038546,4272.369329759615,0.0,0.0,488.47067024038546,4872.369329759615,4872.369329759615,488.47067024038546,0.2713725945779919,488.47067024038546,1465.4120107211563,6072.369329759615,6072.369329759615,18217.107989278844,6560.84,6560.84,19682.52,0.820105,1.0919156203310871,5.4595781016554366,0.36397187344369575,533.3687549090724,533.3687549090724,0.0,533.3687549090724,533.3687549090724,0.0,488.47067024038546,0.0,488.47067024038546,1465.4120107211563,0.0,5458.0,-0.16115746583294638,46.83803986139549
78,78,2025,5SB,5,SB,PM-Peak,3,Peak,PM,3.0,70,8000,1,8,75,1800,1,4,0.1,0.01,4919.0,0.0,608.0,0.0,0.0,1.0,1.0,1.0,3.66,1.83,0.2448979591836735,0.2448979591836735,30,4.135,0.592,4919.0,0.0,608.0,0.0,0.0,5527.0,6743.0,1.0,1.2,0.5812931034482759,6743.0,0.0,1.0,98.38,3615.465,0.0,456.0,0.0,0.0,4145.25,0.3929471597500164,1.9647357987500818,,0.13569318455206744,0.13582769344629547,119.79248239609389,598.9624119804694,61.44631351128456,74.15002596050982,3.4075724984541162,2.427510950513528,2.9293864792546613,-0.5018755287411332,0.4904023337217432,490.59395948654054,4330.0260405134595,0.0,0.0,490.59395948654054,4938.0260405134595,14814.078121540379,490.59395948654054,0.27255219971474476,1471.7818784596216,4415.345635378864,6154.0260405134595,18462.078121540377,55386.23436462113,6644.62,19933.859999999997,59801.579999999994,0.8305775,1.1788414792500492,5.894207396250245,0.3929471597500164,578.3325089122521,578.3325089122521,0.0,1734.9975267367563,1734.9975267367563,0.0,1471.7818784596216,0.0,1471.7818784596216,4415.345635378864,0.0,16581.0,-0.1713244504592743,46.977444076899566
79,79,2025,5SB,5,SB,PM-Late,3,OP,PM,3.0,70,8000,1,8,75,1800,1,4,0.1,0.01,3555.0,0.0,439.0,0.0,0.0,1.0,1.0,1.0,3.66,1.83,0.2448979591836735,0.2448979591836735,30,4.135,0.592,3555.0,0.0,439.0,0.0,0.0,3994.0,4872.0,1.0,1.2,0.42,4872.0,0.0,1.0,71.10000000000001,2612.925,0.0,329.25,0.0,0.0,2995.5,0.11653023960631304,0.5826511980315652,,0.18846440799986802,0.1884912094765512,105.42651796600158,527.1325898300079,69.43981709855412,74.28627986662941,1.1249516799746866,2.4230584749049857,2.5921727262692915,-0.1691142513643058,0.028419492131786937,492.4433632730552,2991.456636726945,0.0,0.0,492.4433632730552,3430.456636726945,10291.369910180834,492.4433632730552,0.27357964626280845,1477.3300898191656,4431.990269457497,4308.456636726945,12925.369910180836,38776.10973054251,4800.900000000001,14402.7,43208.100000000006,0.6001125,0.3495907188189391,1.7479535940946955,0.11653023960631304,172.1536293442433,172.1536293442433,0.0,516.4608880327299,516.4608880327299,0.0,1477.3300898191656,0.0,1477.3300898191656,4431.990269457497,0.0,11982.0,-0.06524034824164612,41.3437325356869
80,80,2025,6NB,6,NB,Night,8,OP,NT,4.4,70,8000,1,8,75,1800,1,4,0.1,0.01,1452.0,0.0,179.0,0.0,0.0,1.0,1.0,1.0,3.66,1.83,0.282574568288854,0.282574568288854,30,4.103,0.708,1452.0,0.0,179.0,0.0,0.0,1631.0,1989.0,1.0,1.2,0.17146551724137932,1989.0,0.0,1.0,29.04,924.9240000000001,0.0,116.35000000000001,0.0,0.0,1060.15,0.10094941508432512,0.5047470754216256,,0.282523953790752,0.28252683903423315,90.95300533092704,454.76502665463516,69.9996687954918,74.9492561182492,0.0,3.522383191948977,3.7714464160007917,-0.24906322405181447,2.4447063941965697e-05,261.31318543595756,1161.6468145640424,0.0,0.0,261.31318543595756,1340.6468145640424,10725.17451651234,261.31318543595756,0.14517399190886532,2090.5054834876605,9198.224127345708,1698.6468145640424,13589.17451651234,59792.3678726543,1959.96,15679.68,68990.592,0.24499500000000002,0.4441774263710305,2.220887131855153,0.10094941508432512,116.06941818375948,116.06941818375948,0.0,928.5553454700758,928.5553454700758,0.0,2090.5054834876605,0.0,2090.5054834876605,9198.224127345708,0.0,13048.0,-0.06603917876047113,24.31898538260081
81,81,2025,6NB,6,NB,AM-Early,1,OP,AM,4.4,70,8000,1,8,75,1800,1,4,0.1,0.01,3969.0,0.0,491.0,0.0,0.0,1.0,1.0,1.0,3.66,1.83,0.282574568288854,0.282574568288854,30,4.155,0.715,3969.0,0.0,491.0,0.0,0.0,4460.0,5442.0,1.0,1.2,0.46913793103448276,5442.0,0.0,1.0,79.38,2528.253,0.0,319.15000000000003,0.0,0.0,2899.0,0.16880123728587818,0.8440061864293908,,0.18071625888788992,0.18076402135223488,122.41377761963601,612.0688880981801,68.44400216066359,74.41370294348683,2.289454467869835,3.547733677498803,3.8571677819232955,-0.3094341044244926,0.11746271837777178,456.8964236820844,3432.7235763179156,0.0,0.0,456.8964236820844,3923.7235763179156,3923.7235763179156,456.8964236820844,0.2538313464900469,456.8964236820844,2010.3442642011714,4905.723576317916,4905.723576317916,21585.183735798833,5362.620000000001,5362.620000000001,23595.528000000006,0.6703275000000001,0.742725444057864,3.71362722028932,0.16880123728587818,339.3485991677261,339.3485991677261,0.0,339.3485991677261,339.3485991677261,0.0,456.8964236820844,0.0,456.8964236820844,2010.3442642011714,0.0,4460.0,-0.08022313830232186,32.73095658279038
82,82,2025,6NB,6,NB,AM-Peak,2,Peak,AM,4.4,70,8000,1,8,75,1800,1,4,0.1,0.01,4348.0,0.0,537.0,0.0,0.0,1.0,1.0,1.0,3.66,1.83,0.282574568288854,0.282574568288854,30,4.155,0.715,4348.0,0.0,537.0,0.0,0.0,4885.0,5959.0,1.0,1.2,0.5137068965517242,5959.0,0.0,1.0,86.96000000000001,2769.676,0.0,349.05,0.0,0.0,3175.25,0.23775592199089224,1.1887796099544612,,0.1625394127293025,0.16261579013679017,128.8167967563355,644.0839837816775,66.63156757914636,74.40994050761223,4.292093970078485,3.5479130637524494,3.962085984040752,-0.41417292028830266,0.26120065527868763,450.1815104904436,3810.8584895095564,0.0,0.0,450.1815104904436,4347.858489509556,8695.716979019113,450.1815104904436,0.25010083916135756,900.3630209808872,3961.597292315904,5421.858489509556,10843.716979019113,47712.3547076841,5872.04,11744.08,51673.952000000005,0.734005,1.046126056759926,5.23063028379963,0.23775592199089224,470.94660839559504,470.94660839559504,0.0,941.8932167911901,941.8932167911901,0.0,900.3630209808872,0.0,900.3630209808872,3961.597292315904,0.0,9770.0,-0.10453405654410015,34.442993785116435
83,83,2025,6NB,6,NB,AM-Shoulder,1,OP,AM,4.4,70,8000,1,8,75,1800,1,4,0.1,0.01,4165.0,0.0,515.0,0.0,0.0,1.0,1.0,1.0,3.66,1.83,0.282574568288854,0.282574568288854,30,4.155,0.715,4165.0,0.0,515.0,0.0,0.0,4680.0,5710.0,1.0,1.2,0.49224137931034484,5710.0,0.0,1.0,83.3,2653.105,0.0,334.75,0.0,0.0,3042.0,0.19899969168052017,0.9949984584026008,,0.1707139234291248,0.17077419920189918,125.84409938396675,629.2204969198337,67.64772187561846,74.4139392046939,2.5290049911229184,3.5477224135897827,3.9025704440632567,-0.354848030473474,0.17966436550951895,452.9219638194282,3628.7780361805717,0.0,0.0,452.9219638194282,4143.778036180572,4143.778036180572,452.9219638194282,0.2516233132330157,452.9219638194282,1992.8566408054842,5173.778036180572,5173.778036180572,22764.623359194517,5626.7,5626.7,24757.48,0.7033375,0.8755986433942888,4.3779932169714435,0.19899969168052017,396.5778570837685,396.5778570837685,0.0,396.5778570837685,396.5778570837685,0.0,452.9219638194282,0.0,452.9219638194282,1992.8566408054842,0.0,4680.0,-0.09092674573325966,33.648154915499134
84,84,2025,6NB,6,NB,MD,5,OP,MD,4.4,70,8000,1,8,75,1800,1,4,0.1,0.01,4597.0,0.0,568.0,0.0,0.0,1.0,1.0,1.0,3.66,1.83,0.282574568288854,0.282574568288854,30,4.136,0.708,4597.0,0.0,568.0,0.0,0.0,5165.0,6301.0,1.0,1.2,0.5431896551724138,6301.0,0.0,1.0,91.94,2928.289,0.0,369.2,0.0,0.0,3357.25,0.3045392674947408,1.522696337473704,,0.15389688688245343,0.1540029219896168,128.73371110640997,643.6685555320498,64.70720778147965,74.38581129168638,3.0261563700021386,3.549063933238375,4.079916427417866,-0.5308524941794914,0.42262836270533394,450.6545609921327,4054.4054390078677,0.0,0.0,450.6545609921327,4622.405439007867,23112.027195039336,450.6545609921327,0.2503636449956293,2253.2728049606635,9914.40034182692,5758.405439007867,28792.027195039336,126684.9196581731,6209.0599999999995,31045.3,136599.32,0.7761324999999999,1.3399727769768597,6.699863884884298,0.30453926749474075,603.8648435499157,603.8648435499157,0.0,3019.3242177495786,3019.3242177495786,0.0,2253.2728049606635,0.0,2253.2728049606635,9914.40034182692,0.0,25825.0,-0.13011357061435253,34.42077837069785
85,85,2025,6NB,6,NB,PM-Shoulder,1,OP,PM,4.4,70,8000,1,8,75,1800,1,4,0.1,0.01,5439.0,0.0,672.0,0.0,0.0,1.0,1.0,1.0,3.66,1.83,0.282574568288854,0.282574568288854,30,4.135,0.592,5439.0,0.0,672.0,0.0,0.0,6111.0,7455.0,1.0,1.2,0.6426724137931035,7455.0,0.0,1.0,108.78,3464.6430000000005,0.0,436.8,0.0,0.0,3972.15,0.733305848217732,3.6665292410886603,,0.1474204353349783,0.14776754987430193,116.07833135043997,580.3916567521999,52.937528087862354,73.962008539384,3.6878453540941005,3.569400090851004,4.9870103409783235,-1.4176102501273196,1.6653470242831603,510.75917934028536,4819.460820659715,0.0,0.0,510.75917934028536,5491.460820659715,5491.460820659715,510.75917934028536,0.2837550996334919,510.75917934028536,2247.340389097256,6835.460820659715,6835.460820659715,30076.027610902747,7346.22,7346.22,32323.368000000002,0.9182775000000001,3.226545732158021,16.132728660790107,0.733305848217732,1647.987850260931,1647.987850260931,0.0,1647.987850260931,1647.987850260931,0.0,510.75917934028536,0.0,510.75917934028536,2247.340389097256,0.0,6111.0,-0.28426053952180513,31.036986992096246
86,86,2025,6NB,6,NB,PM-Peak,3,Peak,PM,4.4,70,8000,1,8,75,1800,1,4,0.1,0.01,5409.0,0.0,668.0,0.0,0.0,1.0,1.0,1.0,3.66,1.83,0.282574568288854,0.282574568288854,30,4.135,0.592,5409.0,0.0,668.0,0.0,0.0,6077.0,7413.0,1.0,1.2,0.639051724137931,7413.0,0.0,1.0,108.18,3445.533,0.0,434.2,0.0,0.0,3950.05,0.7049166101073598,3.5245830505367994,,0.1476610137068033,0.14799269890696898,116.01135115947939,580.0567557973969,53.526945968847855,73.97901138617607,5.723059545886238,3.568579723536719,4.93209532547673,-1.3635156019400112,1.5901134530459773,508.77089554024303,4792.049104459757,0.0,0.0,508.77089554024303,5460.049104459757,16380.14731337927,508.77089554024303,0.2826504975223572,1526.312686620729,6715.775821131208,6796.049104459757,20388.147313379268,89707.84817886878,7304.82,21914.459999999995,96423.62399999998,0.9131024999999999,3.1016330844723834,15.50816542236192,0.7049166101073598,1578.0206420242607,1578.0206420242607,0.0,4734.061926072782,4734.061926072782,0.0,1526.312686620729,0.0,1526.312686620729,6715.775821131208,0.0,18231.0,-0.2764576740633486,31.01907785012818
87,87,2025,6NB,6,NB,PM-Late,3,OP,PM,4.4,70,8000,1,8,75,1800,1,4,0.1,0.01,3740.0,0.0,462.0,0.0,0.0,1.0,1.0,1.0,3.66,1.83,0.282574568288854,0.282574568288854,30,4.135,0.592,3740.0,0.0,462.0,0.0,0.0,4202.0,5126.0,1.0,1.2,0.44189655172413794,5126.0,0.0,1.0,74.8,2382.38,0.0,300.3,0.0,0.0,2731.3,0.1216670138720222,0.608335069360111,,0.20311565826335312,0.20315230744671178,102.16664052424561,510.8332026212281,69.1117223376077,74.31028527930354,1.899916537225529,3.552671060375107,3.819901907673082,-0.26723084729797497,0.06640847065497961,483.8986819334472,3181.3013180665525,0.0,0.0,483.8986819334472,3643.3013180665525,10929.903954199657,483.8986819334472,0.26883260107413737,1451.6960458003416,6387.4626015215035,4567.301318066553,13701.903954199659,60288.37739847851,5051.2,15153.6,66675.84000000001,0.6314,0.5353348610368976,2.6766743051844886,0.1216670138720222,259.0478336487799,259.0478336487799,0.0,777.1435009463396,777.1435009463396,0.0,1451.6960458003416,0.0,1451.6960458003416,6387.4626015215035,0.0,12606.0,-0.06995751560038367,27.317283562632518
88,88,2025,6SB,6,SB,Night,8,OP,NT,4.4,70,8000,1,8,75,1800,1,4,0.1,0.01,1489.0,0.0,184.0,0.0,0.0,1.0,1.0,1.0,3.66,1.83,0.282574568288854,0.282574568288854,30,4.103,0.708,1489.0,0.0,184.0,0.0,0.0,1673.0,2041.0,1.0,1.2,0.17594827586206896,2041.0,0.0,1.0,29.78,948.493,0.0,119.60000000000001,0.0,0.0,1087.45,0.100893860991283,0.5044693049564151,,0.28232424464780287,0.28232574437564145,90.99119156125349,454.9559578062675,69.99959217715784,74.9440293666294,0.0,3.5226288502383656,3.7714505440525707,-0.24882169381420516,3.0102494879295926e-05,267.7825697787285,1191.4374302212716,0.0,0.0,267.7825697787285,1375.4374302212716,11003.499441770173,267.7825697787285,0.14876809432151583,2142.260558229828,9425.946456211244,1743.4374302212716,13947.499441770173,61368.99754378876,2011.22,16089.76,70794.944,0.25140250000000003,0.44393298836164524,2.2196649418082264,0.100893860991283,118.87751643303173,118.87751643303173,0.0,951.0201314642538,951.0201314642538,0.0,2142.260558229828,0.0,2142.260558229828,9425.946456211244,0.0,13384.0,-0.06597506474175757,24.329195604613233
89,89,2025,6SB,6,SB,AM-Early,1,OP,AM,4.4,70,8000,1,8,75,1800,1,4,0.1,0.01,4705.0,0.0,581.0,0.0,0.0,1.0,1.0,1.0,3.66,1.83,0.282574568288854,0.282574568288854,30,4.155,0.715,4705.0,0.0,581.0,0.0,0.0,5286.0,6448.0,1.0,1.2,0.5558620689655173,6448.0,0.0,1.0,94.10000000000001,2997.085,0.0,377.65000000000003,0.0,0.0,3435.9,0.35675801943610885,1.7837900971805443,,0.1500446041838715,0.15017158971327793,133.69002281083215,668.4501140541608,63.6429192856106,74.3803964674351,3.1516588699209285,3.5493223018189113,4.1481440977785144,-0.5988217959596032,0.5161002710994216,449.6964325304185,4161.203567469581,0.0,0.0,449.6964325304185,4742.203567469581,4742.203567469581,449.6964325304185,0.24983135140578808,449.6964325304185,1978.6643031338417,5904.203567469581,5904.203567469581,25978.495696866157,6353.9,6353.9,27957.16,0.7942374999999999,1.569735285518879,7.848676427594396,0.35675801943610885,705.9043579149578,705.9043579149578,0.0,705.9043579149578,705.9043579149578,0.0,449.6964325304185,0.0,449.6964325304185,1978.6643031338417,0.0,5286.0,-0.1443589667678841,35.745995403965814
90,90,2025,6SB,6,SB,AM-Peak,2,Peak,AM,4.4,70,8000,1,8,75,1800,1,4,0.1,0.01,3399.0,0.0,420.0,0.0,0.0,1.0,1.0,1.0,3.66,1.83,0.282574568288854,0.282574568288854,30,4.155,0.715,3399.0,0.0,420.0,0.0,0.0,3819.0,4659.0,1.0,1.2,0.40163793103448275,4659.0,0.0,1.0,67.98,2165.163,0.0,273.0,0.0,0.0,2482.35,0.12206564671534188,0.6103282335767094,,0.21621143874866572,0.21623891618506083,111.74789500507107,558.7394750253554,69.60522199476583,74.41441167495955,2.4861959588257188,3.5476998884724904,3.792818878156186,-0.2451189896836956,0.02930472021683228,468.1330073553773,2862.8869926446228,0.0,0.0,468.1330073553773,3282.8869926446228,6565.7739852892455,468.1330073553773,0.2600738929752096,936.2660147107546,4119.5704647273205,4122.886992644622,8245.773985289245,36281.40553527268,4591.0199999999995,9182.039999999999,40400.976,0.5738774999999999,0.5370888455475044,2.6854442277375217,0.12206564671534188,251.42901648318096,251.42901648318096,0.0,502.8580329663619,502.8580329663619,0.0,936.2660147107546,0.0,936.2660147107546,4119.5704647273205,0.0,7638.0,-0.06462712762146343,29.879116311516334
91,91,2025,6SB,6,SB,AM-Shoulder,1,OP,AM,4.4,70,8000,1,8,75,1800,1,4,0.1,0.01,3704.0,0.0,458.0,0.0,0.0,1.0,1.0,1.0,3.66,1.83,0.282574568288854,0.282574568288854,30,4.155,0.715,3704.0,0.0,458.0,0.0,0.0,4162.0,5078.0,1.0,1.2,0.43775862068965515,5078.0,0.0,1.0,74.08,2359.4480000000003,0.0,297.7,0.0,0.0,2705.3,0.14134698360770967,0.7067349180385484,,0.19609797112411245,0.19613414128531273,117.52961807888255,587.6480903944127,69.15141859937421,74.41158906647647,1.9621393906527702,3.5478344611637374,3.817709099063791,-0.26987463790005384,0.06340432286025077,462.68296577284497,3167.237034227155,0.0,0.0,462.68296577284497,3625.237034227155,3625.237034227155,462.68296577284497,0.25704609209602497,462.68296577284497,2035.805049400518,4541.237034227155,4541.237034227155,19981.442950599485,5003.92,5003.92,22017.248000000003,0.62549,0.6219267278739226,3.109633639369613,0.14134698360770967,287.75490294610756,287.75490294610756,0.0,287.75490294610756,287.75490294610756,0.0,462.68296577284497,0.0,462.68296577284497,2035.805049400518,0.0,4162.0,-0.07069020475295895,31.425031571893733
92,92,2025,6SB,6,SB,MD,5,OP,MD,4.4,70,8000,1,8,75,1800,1,4,0.1,0.01,4528.0,0.0,560.0,0.0,0.0,1.0,1.0,1.0,3.66,1.83,0.282574568288854,0.282574568288854,30,4.136,0.708,4528.0,0.0,560.0,0.0,0.0,5088.0,6208.0,1.0,1.2,0.5351724137931034,6208.0,0.0,1.0,90.56,2884.336,0.0,364.0,0.0,0.0,3307.2000000000003,0.28150622332892994,1.4075311166446496,,0.1562147596755899,0.15631089144446375,127.85452271987923,639.272613599396,65.30079520655481,74.3923361238331,2.9500907921839246,3.5487526505492037,4.042829787369879,-0.4940771368206751,0.3718196658395918,450.5758550636522,3986.8641449363477,0.0,0.0,450.5758550636522,4546.864144936348,22734.32072468174,450.5758550636522,0.2503199194798068,2252.879275318261,9912.66881140035,5666.864144936348,28334.32072468174,124671.01118859966,6117.44,30587.2,134583.68000000002,0.7646799999999999,1.2386273826472918,6.193136913236459,0.28150622332892994,558.0955920415571,558.0955920415571,0.0,2790.4779602077856,2790.4779602077856,0.0,2252.879275318261,0.0,2252.879275318261,9912.66881140035,0.0,25440.0,-0.12221071942336313,34.18570126199979
93,93,2025,6SB,6,SB,PM-Shoulder,1,OP,PM,4.4,70,8000,1,8,75,1800,1,4,0.1,0.01,4744.0,0.0,586.0,0.0,0.0,1.0,1.0,1.0,3.66,1.83,0.282574568288854,0.282574568288854,30,4.135,0.592,4744.0,0.0,586.0,0.0,0.0,5330.0,6502.0,1.0,1.2,0.5605172413793104,6502.0,0.0,1.0,94.88,3021.928,0.0,380.90000000000003,0.0,0.0,3464.5,0.3041231784916633,1.5206158924583166,,0.15856674808008484,0.1586904535196685,112.94645649937138,564.732282496857,63.451762465170205,74.23206845920058,3.0548821112367004,3.556414437583666,4.160640930106776,-0.6042264925231104,0.5332209313891404,479.1772958921546,4169.942704107845,0.0,0.0,479.1772958921546,4755.942704107845,4755.942704107845,479.1772958921546,0.26620960882897476,479.1772958921546,2108.38010192548,5927.942704107845,5927.942704107845,26082.947898074523,6407.12,6407.12,28191.328,0.80089,1.3381419853633187,6.690709926816594,0.3041231784916633,641.2072580661542,641.2072580661542,0.0,641.2072580661542,641.2072580661542,0.0,479.1772958921546,0.0,479.1772958921546,2108.38010192548,0.0,5330.0,-0.1452243783285581,30.199587299297168
94,94,2025,6SB,6,SB,PM-Peak,3,Peak,PM,4.4,70,8000,1,8,75,1800,1,4,0.1,0.01,4804.0,0.0,594.0,0.0,0.0,1.0,1.0,1.0,3.66,1.83,0.282574568288854,0.282574568288854,30,4.135,0.592,4804.0,0.0,594.0,0.0,0.0,5398.0,6586.0,1.0,1.2,0.5677586206896552,6586.0,0.0,1.0,96.08,3060.148,0.0,386.1,0.0,0.0,3508.7000000000003,0.32749249749856957,1.6374624874928478,,0.15707404502195624,0.15720921380353864,113.35771884330204,566.7885942165101,62.776458688434445,74.21771064933141,4.870246728788434,3.5571024448243103,4.205398098517427,-0.6482956536931166,0.594538252111732,480.66982472584937,4227.250175274151,0.0,0.0,480.66982472584937,4821.250175274151,14463.750525822452,480.66982472584937,0.2670387915143608,1442.009474177548,6344.841686381212,6009.250175274151,18027.750525822452,79322.1023136188,6489.92,19469.76,85666.94400000002,0.81124,1.4409669889937062,7.204834944968531,0.3274924974985695,692.6293500353397,692.6293500353397,0.0,2077.8880501060194,2077.8880501060194,0.0,1442.009474177548,0.0,1442.009474177548,6344.841686381212,0.0,16194.0,-0.1541579747043846,30.309550492861504
95,95,2025,6SB,6,SB,PM-Late,3,OP,PM,4.4,70,8000,1,8,75,1800,1,4,0.1,0.01,3472.0,0.0,429.0,0.0,0.0,1.0,1.0,1.0,3.66,1.83,0.282574568288854,0.282574568288854,30,4.135,0.592,3472.0,0.0,429.0,0.0,0.0,3901.0,4759.0,1.0,1.2,0.4102586206896552,4759.0,0.0,1.0,69.44,2211.664,0.0,278.85,0.0,0.0,2535.65,0.10708831033503483,0.5354415516751742,,0.2207867589627697,0.22081593107249414,98.54455442052475,492.7227721026238,69.5413191960974,74.31493413545657,1.5768035362681934,3.5524488189520222,3.796304169260215,-0.2438553503081926,0.0340795690293521,488.3061264746351,2914.2538735253647,0.0,0.0,488.3061264746351,3343.2538735253647,10029.761620576093,488.3061264746351,0.2712811813747973,1464.9183794239052,6445.640869465184,4201.253873525365,12603.761620576093,55456.55113053481,4689.5599999999995,14068.679999999998,61902.191999999995,0.5861949999999999,0.4711885654741533,2.3559428273707663,0.10708831033503481,230.08426324582376,230.08426324582376,0.0,690.2527897374713,690.2527897374713,0.0,1464.9183794239052,0.0,1464.9183794239052,6445.640869465184,0.0,11703.0,-0.06423493467219005,26.3488113423863
96,96,2025,7NB,7,NB,Night,8,OP,NT,5.6,70,6000,1,8,75,1800,1,4,0.1,0.01,663.0,0.0,82.0,0.0,0.0,1.0,1.0,1.0,3.66,1.83,0.35502958579881655,0.35502958579881655,30,4.103,0.708,663.0,0.0,82.0,0.0,0.0,745.0,909.0,1.0,1.2,0.0946875,909.0,0.0,1.0,13.26,422.331,0.0,53.300000000000004,0.0,0.0,484.25,0.10000034819796753,0.5000017409898376,,0.29139977640078135,0.2913998133024432,89.29132639804006,446.4566319902002,69.99999393303496,74.99753233335845,0.0,4.4801474068040665,4.800000416020496,-0.31985300921642956,5.699480799339907e-07,123.06715896711839,526.6728410328816,0.0,0.0,123.06715896711839,608.6728410328816,4869.382728263053,123.06715896711839,0.06837064387062132,984.5372717369471,5513.408721726903,772.6728410328816,6181.382728263053,34615.74327827309,895.74,7165.92,40129.151999999995,0.14929,0.5600019499086182,2.8000097495430905,0.10000034819796753,68.91784899130018,68.91784899130018,0.0,551.3427919304014,551.3427919304014,0.0,984.5372717369471,0.0,984.5372717369471,5513.408721726903,0.0,5960.0,-0.06663603781134834,18.75868201639497
97,97,2025,7NB,7,NB,AM-Early,1,OP,AM,5.6,70,6000,1,8,75,1800,1,4,0.1,0.01,1357.0,0.0,168.0,0.0,0.0,1.0,1.0,1.0,3.66,1.83,0.35502958579881655,0.35502958579881655,30,4.155,0.715,1357.0,0.0,168.0,0.0,0.0,1525.0,1861.0,1.0,1.2,0.19385416666666666,1861.0,0.0,1.0,27.14,864.409,0.0,109.2,0.0,0.0,991.25,0.10000004281958635,0.5000002140979318,,0.3138683947754315,0.31386981281939635,90.17130069060319,450.856503453016,69.99830028707902,74.94335868370699,0.0,4.483385931741646,4.800116554573286,-0.3167306228316402,0.00015967976540230466,271.31066525943595,1058.5493347405638,0.0,0.0,271.31066525943595,1226.5493347405638,1226.5493347405638,271.31066525943595,0.15072814736635332,271.31066525943595,1519.3397254528413,1562.5493347405638,1562.5493347405638,8750.276274547157,1833.8599999999997,1833.8599999999997,10269.615999999998,0.30564333333333327,0.5600002397896835,2.800001198948418,0.10000004281958635,151.9340376027827,151.9340376027827,0.0,151.9340376027827,151.9340376027827,0.0,271.31066525943595,0.0,271.31066525943595,1519.3397254528413,0.0,1525.0,-0.06598394418774618,18.943550565252774
98,98,2025,7NB,7,NB,AM-Peak,2,Peak,AM,5.6,70,6000,1,8,75,1800,1,4,0.1,0.01,1703.0,0.0,211.0,0.0,0.0,1.0,1.0,1.0,3.66,1.83,0.35502958579881655,0.35502958579881655,30,4.155,0.715,1703.0,0.0,211.0,0.0,0.0,1914.0,2336.0,1.0,1.2,0.24333333333333335,2336.0,0.0,1.0,34.06,1084.8110000000001,0.0,137.15,0.0,0.0,1244.1000000000001,0.10000108848144669,0.5000054424072334,,0.3078623401336881,0.3078663009549135,91.2738047603577,456.36902380178844,69.9892457110536,74.86915492624777,1.808922974587584,4.48782947170951,4.800737550268163,-0.3129080785586531,0.0010104438673834936,333.97245306276636,1334.9675469372337,0.0,0.0,333.97245306276636,1545.9675469372337,3091.9350938744674,333.97245306276636,0.18554025170153687,667.9449061255327,3740.491474302983,1967.9675469372337,3935.9350938744674,22041.236525697015,2301.94,4603.88,25781.728,0.3836566666666667,0.5600060954961015,2.800030477480507,0.1000010884814467,187.0266094429348,187.0266094429348,0.0,374.0532188858696,374.0532188858696,0.0,667.9449061255327,0.0,667.9449061255327,3740.491474302983,0.0,3828.0,-0.06517916784290248,19.17516906730204
99,99,2025,7NB,7,NB,AM-Shoulder,1,OP,AM,5.6,70,6000,1,8,75,1800,1,4,0.1,0.01,2051.0,0.0,253.0,0.0,0.0,1.0,1.0,1.0,3.66,1.83,0.35502958579881655,0.35502958579881655,30,4.155,0.715,2051.0,0.0,253.0,0.0,0.0,2304.0,2810.0,1.0,1.2,0.29270833333333335,2810.0,0.0,1.0,41.02,1306.487,0.0,164.45000000000002,0.0,0.0,1497.6000000000001,0.10000154337339422,0.5000077168669711,,0.3005068620585959,0.3005155218250244,92.65534546152429,463.27672730762146,69.9514305932998,74.74824304614131,1.4514662335415656,4.495088931957781,4.803332786051459,-0.3082438540936776,0.004565916890499107,392.6083086903488,1617.3716913096512,0.0,0.0,392.6083086903488,1870.3716913096512,1870.3716913096512,392.6083086903488,0.21811572705019378,392.6083086903488,2198.606528665953,2376.3716913096514,2376.3716913096514,13307.681471334046,2768.98,2768.98,15506.288,0.46149666666666667,0.5600086428910076,2.800043214455038,0.10000154337339422,219.864046137416,219.864046137416,0.0,219.864046137416,219.864046137416,0.0,392.6083086903488,0.0,392.6083086903488,2198.606528665953,0.0,2304.0,-0.0641729123971581,19.46540871040426
100,100,2025,7NB,7,NB,MD,5,OP,MD,5.6,70,6000,1,8,75,1800,1,4,0.1,0.01,2793.0,0.0,345.0,0.0,0.0,1.0,1.0,1.0,3.66,1.83,0.35502958579881655,0.35502958579881655,30,4.136,0.708,2793.0,0.0,345.0,0.0,0.0,3138.0,3828.0,1.0,1.2,0.39875,3828.0,0.0,1.0,55.86,1779.141,0.0,224.25,0.0,0.0,2039.7,0.11969996795854047,0.5984998397927024,,0.2523822273248904,0.25240850534682935,100.30205905561057,501.510295278053,69.29887175727734,74.53862262980441,2.532739931323876,4.507730196045369,4.848563785812506,-0.3408335897671373,0.06653238656313407,449.0235683050329,2288.116431694967,0.0,0.0,449.0235683050329,2633.116431694967,13165.582158474836,449.0235683050329,0.2494575379472405,2245.1178415251643,12572.65991254092,3323.116431694967,16615.582158474834,93047.26008745906,3772.14,18860.699999999997,105619.91999999998,0.62869,0.6703198205678266,3.351599102839133,0.11969996795854047,300.98939773695486,300.98939773695486,0.0,1504.9469886847742,1504.9469886847742,0.0,2245.1178415251643,0.0,2245.1178415251643,12572.65991254092,0.0,15690.0,-0.07029578341620632,21.07186114613668
101,101,2025,7NB,7,NB,PM-Shoulder,1,OP,PM,5.6,70,6000,1,8,75,1800,1,4,0.1,0.01,3717.0,0.0,459.0,0.0,0.0,1.0,1.0,1.0,3.66,1.83,0.35502958579881655,0.35502958579881655,30,4.135,0.592,3717.0,0.0,459.0,0.0,0.0,4176.0,5094.0,1.0,1.2,0.530625,5094.0,0.0,1.0,74.34,2367.729,0.0,298.35,0.0,0.0,2714.4,0.3545534857173133,1.7727674285865667,,0.1789468668687638,0.17908665123468048,107.65805135019937,538.2902567509968,61.68723923834138,74.56299925683626,4.49519719543948,4.506256499187082,5.44683153515421,-0.9405750359671279,0.8861592031612675,423.6976861443112,3218.9623138556885,0.0,0.0,423.6976861443112,3677.9623138556885,3677.9623138556885,423.6976861443112,0.23538760341350623,423.6976861443112,2372.7070424081426,4595.962313855689,4595.962313855689,25737.38895759186,5019.66,5019.66,28110.096,0.83661,1.9854995200169545,9.927497600084772,0.3545534857173133,841.2515524718241,841.2515524718241,0.0,841.2515524718241,841.2515524718241,0.0,423.6976861443112,0.0,423.6976861443112,2372.7070424081426,0.0,4176.0,-0.17268296805153502,22.617237678613314
102,102,2025,7NB,7,NB,PM-Peak,3,Peak,PM,5.6,70,6000,1,8,75,1800,1,4,0.1,0.01,3647.0,0.0,451.0,0.0,0.0,1.0,1.0,1.0,3.66,1.83,0.35502958579881655,0.35502958579881655,30,4.135,0.592,3647.0,0.0,451.0,0.0,0.0,4098.0,5000.0,1.0,1.2,0.5208333333333334,5000.0,0.0,1.0,72.94,2323.139,0.0,293.15000000000003,0.0,0.0,2663.7000000000003,0.31449603411311716,1.5724801705655858,,0.18303866573335156,0.183159625803311,106.67710076629021,533.385503831451,62.8241242075133,74.56255742305163,6.799865786505193,4.506283201816825,5.348263970861959,-0.8419807690451337,0.7511216400808833,425.22426287311265,3148.835737126887,0.0,0.0,425.22426287311265,3599.835737126887,10799.507211380662,425.22426287311265,0.2362357015961737,1275.672788619338,7143.767616268293,4501.835737126887,13505.50721138066,75630.84038373169,4927.0599999999995,14781.179999999998,82774.60799999998,0.8211766666666666,1.761177791033456,8.80588895516728,0.31449603411311716,748.8955279806981,748.8955279806981,0.0,2246.6865839420943,2246.6865839420943,0.0,1275.672788619338,0.0,1275.672788619338,7143.767616268293,0.0,12294.0,-0.15743066790127694,22.411155623170213
103,103,2025,7NB,7,NB,PM-Late,3,OP,PM,5.6,70,6000,1,8,75,1800,1,4,0.1,0.01,2375.0,0.0,294.0,0.0,0.0,1.0,1.0,1.0,3.66,1.83,0.35502958579881655,0.35502958579881655,30,4.135,0.592,2375.0,0.0,294.0,0.0,0.0,2669.0,3257.0,1.0,1.2,0.33927083333333335,3257.0,0.0,1.0,47.5,1512.875,0.0,191.1,0.0,0.0,1734.8500000000001,0.10000018230350585,0.5000009115175292,,0.26530493494954194,0.2653191354183433,90.57723571547561,452.886178577378,69.81619481398278,74.71107197613395,2.0300116255983833,4.497325377787825,4.812636966182895,-0.3153115883950699,0.01731264367056547,401.37320346178825,1926.1267965382117,0.0,0.0,401.37320346178825,2220.1267965382117,6660.380389614635,401.37320346178825,0.2229851130343268,1204.1196103853647,6743.069818158042,2808.1267965382117,8424.380389614635,47176.530181841954,3209.5,9628.5,53919.6,0.5349166666666667,0.5600010208996328,2.8000051044981635,0.10000018230350585,224.76940370035743,224.76940370035743,0.0,674.3082111010723,674.3082111010723,0.0,1204.1196103853647,0.0,1204.1196103853647,6743.069818158042,0.0,8007.0,-0.06551742643600163,19.028831032662943
104,104,2025,7SB,7,SB,Night,8,OP,NT,5.6,70,6000,1,8,75,1800,1,4,0.1,0.01,826.0,0.0,102.0,0.0,0.0,1.0,1.0,1.0,3.66,1.83,0.35502958579881655,0.35502958579881655,30,4.103,0.708,826.0,0.0,102.0,0.0,0.0,928.0,1132.0,1.0,1.2,0.11791666666666667,1132.0,0.0,1.0,16.52,526.162,0.0,66.3,0.0,0.0,603.2,0.10000005658345573,0.5000002829172787,,0.29109148133497964,0.2910915794657911,89.34815584437379,446.74077922186893,69.99996487818453,74.99407794229262,0.0,4.480353772181178,4.80000240835427,-0.3196486361730919,3.299445349117247e-06,153.16127600217555,656.3187239978245,0.0,0.0,153.16127600217555,758.3187239978245,6066.549791982596,153.16127600217555,0.08508959777898642,1225.2902080174044,6861.625164897465,962.3187239978245,7698.549791982596,43111.878835102536,1115.48,8923.84,49973.504,0.18591333333333335,0.5600003168673521,2.8000015843367607,0.10000005658345573,85.77036309302628,85.77036309302628,0.0,686.1629047442102,686.1629047442102,0.0,1225.2902080174044,0.0,1225.2902080174044,6861.625164897465,0.0,7424.0,-0.06659343245677386,18.77062097570878
105,105,2025,7SB,7,SB,AM-Early,1,OP,AM,5.6,70,6000,1,8,75,1800,1,4,0.1,0.01,3408.0,0.0,421.0,0.0,0.0,1.0,1.0,1.0,3.66,1.83,0.35502958579881655,0.35502958579881655,30,4.155,0.715,3408.0,0.0,421.0,0.0,0.0,3829.0,4671.0,1.0,1.2,0.4865625,4671.0,0.0,1.0,68.16,2170.896,0.0,273.65000000000003,0.0,0.0,2488.85,0.25981281853216176,1.2990640926608088,,0.18542959126122086,0.18550918322929202,120.85792757152171,604.2896378576086,65.69023362799504,74.65089774549861,4.031139514772882,4.500950559837849,5.114915588560302,-0.6139650287224523,0.43143435632761423,402.54835795061933,2937.2916420493807,0.0,0.0,402.54835795061933,3358.2916420493807,3358.2916420493807,402.54835795061933,0.22363797663923296,402.54835795061933,2254.270804523468,4200.29164204938,4200.29164204938,23521.633195476526,4602.839999999999,4602.839999999999,25775.903999999995,0.7671399999999998,1.4549517837801058,7.274758918900528,0.25981281853216176,585.6884514580062,585.6884514580062,0.0,585.6884514580062,585.6884514580062,0.0,402.54835795061933,0.0,402.54835795061933,2254.270804523468,0.0,3829.0,-0.12003424457201363,25.39032091838692
106,106,2025,7SB,7,SB,AM-Peak,2,Peak,AM,5.6,70,6000,1,8,75,1800,1,4,0.1,0.01,3398.0,0.0,420.0,0.0,0.0,1.0,1.0,1.0,3.66,1.83,0.35502958579881655,0.35502958579881655,30,4.155,0.715,3398.0,0.0,420.0,0.0,0.0,3818.0,4658.0,1.0,1.2,0.48520833333333335,4658.0,0.0,1.0,67.96000000000001,2164.526,0.0,273.0,0.0,0.0,2481.7000000000003,0.2558301081486941,1.2791505407434705,,0.1862755086712353,0.18635351674808412,120.58574806722986,602.9287403361492,65.79270987682489,74.64956762305722,6.263307274103067,4.501030758766494,5.106948788536739,-0.6059180297702449,0.42051984029533246,403.19818168211424,2926.8418183178856,0.0,0.0,403.19818168211424,3346.8418183178856,6693.683636635771,403.19818168211424,0.2239989898233968,806.3963633642285,4515.81963483968,4186.841818317886,8373.683636635771,46892.628365160315,4590.04,9180.08,51408.448,0.7650066666666666,1.432648605632687,7.163243028163434,0.2558301081486941,577.6413127805158,577.6413127805158,0.0,1155.2826255610316,1155.2826255610316,0.0,806.3963633642285,0.0,806.3963633642285,4515.81963483968,0.0,7636.0,-0.11864580101729484,25.333140350258375
107,107,2025,7SB,7,SB,AM-Shoulder,1,OP,AM,5.6,70,6000,1,8,75,1800,1,4,0.1,0.01,2823.0,0.0,349.0,0.0,0.0,1.0,1.0,1.0,3.66,1.83,0.35502958579881655,0.35502958579881655,30,4.155,0.715,2823.0,0.0,349.0,0.0,0.0,3172.0,3870.0,1.0,1.2,0.403125,3870.0,0.0,1.0,56.46,1798.251,0.0,226.85,0.0,0.0,2061.8,0.1260071276550802,0.6300356382754011,,0.24788104360002,0.24790895403089225,103.74910399519892,518.7455199759946,69.220979149164,74.54825127056083,2.6136417818549385,4.507147978301226,4.85401975138137,-0.34687177308014405,0.07400705939247655,445.75233453477955,2320.7876654652205,0.0,0.0,445.75233453477955,2669.7876654652205,2669.7876654652205,445.75233453477955,0.2476401858526553,445.75233453477955,2496.213073394765,3367.7876654652205,3367.7876654652205,18859.610926605234,3813.54,3813.54,21355.824,0.63559,0.7056399148684491,3.528199574342246,0.1260071276550802,314.5406393935343,314.5406393935343,0.0,314.5406393935343,314.5406393935343,0.0,445.75233453477955,0.0,445.75233453477955,2496.213073394765,0.0,3172.0,-0.07146072551135178,21.79603025109221
108,108,2025,7SB,7,SB,MD,5,OP,MD,5.6,70,6000,1,8,75,1800,1,4,0.1,0.01,2615.0,0.0,323.0,0.0,0.0,1.0,1.0,1.0,3.66,1.83,0.35502958579881655,0.35502958579881655,30,4.136,0.708,2615.0,0.0,323.0,0.0,0.0,2938.0,3584.0,1.0,1.2,0.37333333333333335,3584.0,0.0,1.0,52.300000000000004,1665.7549999999999,0.0,209.95000000000002,0.0,0.0,1909.7,0.10653059136473954,0.5326529568236977,,0.2737277237843658,0.27374846973390377,95.76264396986312,478.8132198493156,69.6200738663861,74.52622277343596,2.141179553247944,4.50848020328978,4.8261942474356845,-0.3177140441459043,0.03588611898688794,455.96332453242616,2106.7366754675736,0.0,0.0,455.96332453242616,2429.7366754675736,12148.683377337868,455.96332453242616,0.25331295807357007,2279.8166226621306,12766.97308690793,3075.7366754675736,15378.683377337868,86120.62691309206,3531.7,17658.5,98887.59999999999,0.5886166666666667,0.5965713116425414,2.982856558212707,0.10653059136473954,272.01463857720324,272.01463857720324,0.0,1360.0731928860162,1360.0731928860162,0.0,2279.8166226621306,0.0,2279.8166226621306,12766.97308690793,0.0,14690.0,-0.06583117625543486,20.118202514677126
109,109,2025,7SB,7,SB,PM-Shoulder,1,OP,PM,5.6,70,6000,1,8,75,1800,1,4,0.1,0.01,2670.0,0.0,330.0,0.0,0.0,1.0,1.0,1.0,3.66,1.83,0.35502958579881655,0.35502958579881655,30,4.135,0.592,2670.0,0.0,330.0,0.0,0.0,3000.0,3660.0,1.0,1.2,0.38125,3660.0,0.0,1.0,53.4,1700.79,0.0,214.5,0.0,0.0,1950.0,0.10000533938170077,0.5000266969085039,,0.273643334956537,0.273666469953337,89.23227165235053,446.1613582617527,69.5508271632682,74.48593610381155,2.1880678302487957,4.510918672374803,4.830999338242973,-0.3200806658681694,0.04246909339287208,465.40984766072853,2151.190152339271,0.0,0.0,465.40984766072853,2481.190152339271,2481.190152339271,465.40984766072853,0.2585610264781825,465.40984766072853,2606.2951469000795,3141.190152339271,3141.190152339271,17590.66485309992,3606.6,3606.6,20196.96,0.6011,0.5600299005375242,2.8001495026876215,0.10000533938170078,260.6434306946221,260.6434306946221,0.0,260.6434306946221,260.6434306946221,0.0,465.40984766072853,0.0,465.40984766072853,2606.2951469000795,0.0,3000.0,-0.06625558056577634,18.7462755572165
110,110,2025,7SB,7,SB,PM-Peak,3,Peak,PM,5.6,70,6000,1,8,75,1800,1,4,0.1,0.01,2493.0,0.0,308.0,0.0,0.0,1.0,1.0,1.0,3.66,1.83,0.35502958579881655,0.35502958579881655,30,4.135,0.592,2493.0,0.0,308.0,0.0,0.0,2801.0,3417.0,1.0,1.2,0.3559375,3417.0,0.0,1.0,49.86,1588.041,0.0,200.20000000000002,0.0,0.0,1820.65,0.10000127082337348,0.5000063541168674,,0.2676422615471099,0.26765972608316263,90.1959512688139,450.97975634406953,69.73338031589851,74.63839620437122,3.287705943896934,4.501704445524006,4.818352394188976,-0.31664794866496937,0.025142780038897077,425.02688466953396,2018.1131153304661,0.0,0.0,425.02688466953396,2326.113115330466,6978.339345991398,425.02688466953396,0.23612604703862997,1275.0806540086019,7140.45166244817,2942.113115330466,8826.339345991397,49427.50033755182,3367.14,10101.419999999998,56567.95199999999,0.56119,0.5600071166108914,2.8000355830544574,0.10000127082337348,238.0180801658956,238.0180801658956,0.0,714.0542404976868,714.0542404976868,0.0,1275.0806540086019,0.0,1275.0806540086019,7140.45166244817,0.0,8403.0,-0.06571705901935541,18.948729258154184
111,111,2025,7SB,7,SB,PM-Late,3,OP,PM,5.6,70,6000,1,8,75,1800,1,4,0.1,0.01,1825.0,0.0,226.0,0.0,0.0,1.0,1.0,1.0,3.66,1.83,0.35502958579881655,0.35502958579881655,30,4.135,0.592,1825.0,0.0,226.0,0.0,0.0,2051.0,2503.0,1.0,1.2,0.2607291666666667,2503.0,0.0,1.0,36.5,1162.525,0.0,146.9,0.0,0.0,1333.15,0.10000057139382115,0.5000028569691057,,0.2655935109692361,0.26559787631633947,90.53165527440069,452.6582763720034,69.97761157381944,74.8986171963012,1.558110025465207,4.4860641301211235,4.801535697535965,-0.31547156741484184,0.0021039056242729208,308.75909633951125,1479.7409036604888,0.0,0.0,308.75909633951125,1705.7409036604888,5117.222710981467,308.75909633951125,0.17153283129972846,926.2772890185338,5187.152818503789,2157.7409036604886,6473.222710981466,36250.04718149621,2466.5,7399.5,41437.2,0.41108333333333336,0.5600031998053984,2.800015999026992,0.10000057139382115,172.90608191914956,172.90608191914956,0.0,518.7182457574487,518.7182457574487,0.0,926.2772890185338,0.0,926.2772890185338,5187.152818503789,0.0,6153.0,-0.06570222264029701,19.019255309748043
