,index,Year,SegDir,Segment,Direction,Period,Hours/Day,Peak,4Periods,Length,Speed GP,Capacity GP,Alpha GP,Beta GP,Speed ML,Capacity ML,Alpha ML,Beta ML,MinToll,MinCapture,AADT Lights,AADT MediumA,AADT MediumB,AADT HeavyA,AADT HeavyB,GrowthFactor,GrowthFactor_medium,GrowthFactor_heavy,MaxToll,Soft Cap,MaxCapture,MaxCap_aux,Min Speed,B1,B2,TotalLights,TotalMediumA,TotalMediumB,TotalHeavyA,TotalHeavyB,TotalVeh,Corridor PCE pre-fix,Suppressed ratio ref,Max VC,Suppressed ratio,Corridor PCE,Suppressed Demand,PCE ratio,HOV3,InScopeLights,InScopeMediumA,InScopeMediumB,InScopeHeavyA,InScopeHeavyB,InScopeVeh,TollLights,TollMediumA,TollMediumB,CaptureRateLights,CaptureRateMediumA,VOT Lights,VOT MediumA,Speed GP Real,Speed ML Real,Bounus Seg,Time ML,Time GP,Time Savings,BonusRel,MLVeh_Lights,GPVeh_Lights,MLVeh_MediumA,GPVeh_MediumA,MLVeh,GPVeh,GPVehDay,ML PCE,ML V/C,ML Volume,ML PCE Total,GP PCE,GP Volume,GP PCE Total,Highway PCE,Highway Volume,Highway PCE Total,Highway V/C,TollLightsPerSeg,TollMediumAPerSeg,TollBlend,RevenuePerHour,RevenuePerHourLights,RevenuePerHourMediumA,RevenuePerDay,RevenuePerDayLights,RevenuePerDayMediumA,TransactionsDay_Lights,TransactionsDay_MediumA,TransactionsDay,TransactionsLightsLength,TransactionsMediumALength,TotalVeh_hours,Difference in Travel Time,Implied Min VOT
0,0,2025,1NB,1,NB,Night,8,OP,NT,3.0,70,12000,1,8,75,1800,1,4,0.05,0.01,2238.0,0.0,277.0,0.0,0.0,1.0,1.0,1.0,3.66,1.83,0.17391304347826086,0.17391304347826086,30,4.103,0.708,2238.0,0.0,277.0,0.0,0.0,2515.0,3069.0,1.0,1.2,0.19673076923076924,3069.0,0.0,1.0,111.9,1594.5749999999998,0.0,207.75,0.0,0.0,1886.25,0.117777617,0.588888085,,0.17391292984841497,0.17391284869781143,108.42089645069034,542.1044822534517,69.99939941718746,74.83639710223778,0.0,2.4052467378151956,2.5714506338436283,-0.16620389602843266,3.0225508627736848e-05,277.31721011303625,1848.7827898869637,0.0,0.0,277.31721011303625,2125.7827898869637,17006.26231909571,277.31721011303625,0.15406511672946457,2218.53768090429,6655.61304271287,2679.7827898869637,21438.26231909571,64314.78695728713,2957.1,23656.8,70970.4,0.246425,0.353332851,1.766664255,0.11777761699999999,97.98528048060513,97.98528048060513,0.0,783.882243844841,783.882243844841,0.0,2218.53768090429,0.0,2218.53768090429,6655.61304271287,0.0,20120.0,-0.06463429390437198,42.51799860811386
1,1,2025,1NB,1,NB,AM-Early,1,OP,AM,3.0,70,12000,1,8,75,1800,1,4,0.05,0.01,1841.0,0.0,228.0,0.0,0.0,1.0,1.0,1.0,3.66,1.83,0.17391304347826086,0.17391304347826086,30,4.155,0.715,1841.0,0.0,228.0,0.0,0.0,2069.0,2525.0,1.0,1.2,0.16185897435897437,2525.0,0.0,1.0,92.05000000000001,1311.7125,0.0,171.0,0.0,0.0,1551.75,0.169543156,0.84771578,,0.11218469876976661,0.11218469876419436,151.97541646170166,759.8770823085083,69.99983361401992,74.97661646916595,0.0,2.400748506356309,2.5714346835811432,-0.17068617722483426,8.373649023905167e-06,147.1540716850375,1601.7959283149626,0.0,0.0,147.1540716850375,1829.7959283149626,1829.7959283149626,147.1540716850375,0.08175226204724306,147.1540716850375,441.46221505511255,2285.7959283149626,2285.7959283149626,6857.387784944887,2432.9500000000003,2432.9500000000003,7298.849999999999,0.20274583333333335,0.508629468,2.54314734,0.169543156,74.84689719519449,74.84689719519449,0.0,74.84689719519449,74.84689719519449,0.0,147.1540716850375,0.0,147.1540716850375,441.46221505511255,0.0,2069.0,-0.06637780003306397,59.59820253400064
2,2,2025,1NB,1,NB,AM-Peak,2,Peak,AM,3.0,70,12000,1,8,75,1800,1,4,0.05,0.01,4183.0,0.0,517.0,0.0,0.0,1.0,1.0,1.0,3.66,1.83,0.17391304347826086,0.17391304347826086,30,4.155,0.715,5019.599999999999,0.0,620.4,0.0,0.0,5639.999999999999,6880.799999999999,1.0,1.2,0.44107692307692303,6880.799999999999,0.0,1.0,250.98,3576.465,0.0,465.29999999999995,0.0,0.0,4229.999999999999,0.167837166,0.83918583,,0.09901529908445285,0.09901530768265031,160.02588844424085,800.1294422212042,69.46804956619032,74.05423737680785,1.5579022317246267,2.43065091716645,2.5911192429332996,-0.16046832576684977,0.026976219961478108,354.12475164007765,4414.495248359923,0.0,0.0,354.12475164007765,5034.895248359922,10069.790496719845,354.12475164007765,0.19673597313337646,708.2495032801553,2124.748509840466,6275.6952483599225,12551.390496719845,37654.17149015953,6629.82,13259.64,39778.92,0.552485,0.5035114980000001,2.51755749,0.167837166,178.30588417717348,178.30588417717348,0.0,356.61176835434696,356.61176835434696,0.0,708.2495032801553,0.0,708.2495032801553,2124.748509840466,0.0,11279.999999999998,-0.061930120045417196,62.75525037029053
3,3,2025,1NB,1,NB,AM-Shoulder,1,OP,AM,3.0,70,12000,1,8,75,1800,1,4,0.05,0.01,4812.0,0.0,595.0,0.0,0.0,1.0,1.0,1.0,3.66,1.83,0.17391304347826086,0.17391304347826086,30,4.155,0.715,4812.0,0.0,595.0,0.0,0.0,5407.0,6597.0,1.0,1.2,0.42288461538461536,6597.0,0.0,1.0,240.60000000000002,3428.5499999999997,0.0,446.25,0.0,0.0,4055.25,0.174664118,0.8733205900000001,,0.09348324516394019,0.09348325133400359,163.77908276256164,818.8954138128081,69.61009760045162,74.29840315905986,1.0142965940323967,2.4226631037365842,2.5858317428768003,-0.16316863914021607,0.01973234488407383,320.5119802068271,4250.888019793172,0.0,0.0,320.5119802068271,4845.888019793172,4845.888019793172,320.5119802068271,0.17806221122601507,320.5119802068271,961.5359406204814,6035.888019793172,6035.888019793172,18107.664059379516,6356.4,6356.4,19069.199999999997,0.5297,0.523992354,2.61996177,0.174664118,167.94582699377673,167.94582699377673,0.0,167.94582699377673,167.94582699377673,0.0,320.5119802068271,0.0,320.5119802068271,961.5359406204814,0.0,5407.0,-0.06310102719935173,64.22709127943594
4,4,2025,1NB,1,NB,MD,5,OP,MD,3.0,70,12000,1,8,75,1800,1,4,0.05,0.01,5111.0,0.0,632.0,0.0,0.0,1.0,1.0,1.0,3.66,1.83,0.17391304347826086,0.17391304347826086,30,4.136,0.708,5111.0,0.0,632.0,0.0,0.0,5743.0,7007.0,1.0,1.2,0.44916666666666666,7007.0,0.0,1.0,255.55,3641.5874999999996,0.0,474.0,0.0,0.0,4307.25,0.415252552,2.07626276,,0.011431620547247574,0.011431635589993383,313.3135550753441,1566.5677753767202,69.10948428446187,74.94431700397784,1.9936703107652272,2.401783179776608,2.6045629172850018,-0.20277973750839395,0.04539405382330996,41.62924648959992,4813.8207535104,0.0,0.0,41.62924648959992,5445.8207535104,27229.103767552002,41.62924648959992,0.023127359160888844,208.1462324479996,624.4386973439988,6709.8207535104,33549.103767552,100647.31130265599,6751.45,33757.25,101271.74999999999,0.5626208333333333,1.2457576559999999,6.22878828,0.41525255199999994,51.85995252793022,51.85995252793022,0.0,259.2997626396511,259.2997626396511,0.0,208.1462324479996,0.0,208.1462324479996,624.4386973439988,0.0,28715.0,-0.07785557268079808,122.86806081386041
5,5,2025,1NB,1,NB,PM-Shoulder,1,OP,PM,3.0,70,12000,1,8,75,1800,1,4,0.05,0.01,6757.0,0.0,835.0,0.0,0.0,1.0,1.0,1.0,3.66,1.83,0.17391304347826086,0.17391304347826086,30,4.135,0.592,6757.0,0.0,835.0,0.0,0.0,7592.0,9262.0,1.0,1.2,0.5937179487179487,9262.0,0.0,1.0,337.85,4814.362499999999,0.0,626.25,0.0,0.0,5694.0,1.419297409,7.096487045,,0.010000515784147786,0.010000546995488139,455.25424043769993,2276.2712021885,62.45517717492713,74.84173476437608,2.6562186016062985,2.4050751972371196,2.882066918101094,-0.47699172086397423,0.42557453494135544,48.14610817185919,6371.003891828141,0.0,0.0,48.14610817185919,7206.003891828141,7206.003891828141,48.14610817185919,0.026747837873255107,48.14610817185919,144.43832451557756,8876.00389182814,8876.00389182814,26628.01167548442,8924.15,8924.15,26772.449999999997,0.7436791666666667,4.257892226999999,21.289461135,1.419297409,205.00093974526038,205.00093974526038,0.0,205.00093974526038,205.00093974526038,0.0,48.14610817185919,0.0,48.14610817185919,144.43832451557756,0.0,7592.0,-0.16550334687518276,178.53107468145097
6,6,2025,1NB,1,NB,PM-Peak,3,Peak,PM,3.0,70,12000,1,8,75,1800,1,4,0.05,0.01,6670.0,0.0,824.0,0.0,0.0,1.0,1.0,1.0,3.66,1.83,0.17391304347826086,0.17391304347826086,30,4.135,0.592,8004.0,0.0,988.8,0.0,0.0,8992.8,10970.4,1.0,1.2,0.7032307692307692,10970.4,0.0,1.0,400.20000000000005,5702.85,0.0,741.5999999999999,0.0,0.0,6744.599999999999,1.202351064,6.01175532,,0.05206043032389198,0.05206043806853357,163.54951513263967,817.7475756631984,50.29644820036626,73.35004234174686,3.7663885465270894,2.4539863134823823,3.578781533100169,-1.1247952196177868,1.3800735574900893,296.8928250726074,7306.907174927393,0.0,0.0,296.8928250726074,8295.707174927393,24887.12152478218,296.8928250726074,0.1649404583736708,890.6784752178223,2672.035425653467,10273.307174927391,30819.921524782174,92459.76457434653,10570.199999999999,31710.599999999995,95131.79999999999,0.8808499999999999,3.6070531919999995,18.03526596,1.202351064,1070.908212360046,1070.908212360046,0.0,3212.724637080138,3212.724637080138,0.0,890.6784752178223,0.0,890.6784752178223,2672.035425653467,0.0,26978.399999999998,-0.31429558055292,64.13706475789792
7,7,2025,1NB,1,NB,PM-Late,3,OP,PM,3.0,70,12000,1,8,75,1800,1,4,0.05,0.01,6393.0,0.0,790.0,0.0,0.0,1.0,1.0,1.0,3.66,1.83,0.17391304347826086,0.17391304347826086,30,4.135,0.592,6393.0,0.0,790.0,0.0,0.0,7183.0,8763.0,1.0,1.2,0.5617307692307693,8763.0,0.0,1.0,319.65000000000003,4555.012500000001,0.0,592.5,0.0,0.0,5387.25,0.187399184,0.93699592,,0.10293520506927432,0.10293524295746771,132.14256692077043,660.7128346038523,66.53452085133488,72.33609687032444,1.214928486272802,2.488384192510174,2.7053625350694728,-0.21697834255929882,0.18348953018803488,468.871145780608,5604.478854219393,0.0,0.0,468.871145780608,6394.478854219393,19183.43656265818,468.871145780608,0.26048396987811556,1406.613437341824,4219.840312025472,7974.478854219393,23923.43656265818,71770.30968797454,8443.35,25330.050000000003,75990.15000000001,0.7036125000000001,0.562197552,2.8109877599999997,0.187399184,263.59821036129296,263.59821036129296,0.0,790.7946310838788,790.7946310838788,0.0,1406.613437341824,0.0,1406.613437341824,4219.840312025472,0.0,21549.0,-0.08020305587388749,51.8206144787335
8,8,2025,1SB,1,SB,Night,8,OP,NT,3.0,70,12000,1,8,75,1800,1,4,0.05,0.01,1637.0,0.0,202.0,0.0,0.0,1.0,1.0,1.0,3.66,1.83,0.17391304347826086,0.17391304347826086,30,4.103,0.708,1637.0,0.0,202.0,0.0,0.0,1839.0,2243.0,1.0,1.2,0.1437820512820513,2243.0,0.0,1.0,81.85000000000001,1166.3625000000002,0.0,151.5,0.0,0.0,1379.25,0.147646003,0.738230015,,0.1345547747007347,0.13455477466731494,132.34626957958764,661.7313478979382,69.99994162019122,74.97677804916414,0.0,2.40074333258185,2.5714307159947642,-0.17068738341291434,2.9380556840742645e-06,156.93964340688572,1398.2103565931143,0.0,0.0,156.93964340688572,1600.2103565931143,12801.682852744914,156.93964340688572,0.08718869078160318,1255.5171472550858,3766.5514417652576,2004.2103565931143,16033.682852744914,48101.04855823475,2161.15,17289.2,51867.600000000006,0.18009583333333334,0.442938009,2.2146900449999998,0.147646003,69.51453318381594,69.51453318381594,0.0,556.1162654705275,556.1162654705275,0.0,1255.5171472550858,0.0,1255.5171472550858,3766.5514417652576,0.0,14712.0,-0.06637837152337332,51.9004978743481
9,9,2025,1SB,1,SB,AM-Early,1,OP,AM,3.0,70,12000,1,8,75,1800,1,4,0.05,0.01,4573.0,0.0,565.0,0.0,0.0,1.0,1.0,1.0,3.66,1.83,0.17391304347826086,0.17391304347826086,30,4.155,0.715,4573.0,0.0,565.0,0.0,0.0,5138.0,6268.0,1.0,1.2,0.4017948717948718,6268.0,0.0,1.0,228.65,3258.2625000000003,0.0,423.75,0.0,0.0,3853.5,0.795369856,3.9768492799999997,,0.010000529805360264,0.010000540784949217,661.2593890448471,3306.2969452242355,69.62994239306619,74.96674172252595,1.7975413228488581,2.4010647370300973,2.5850947712104464,-0.18403003418034913,0.01872269370116893,32.58435124493765,4311.765648755063,0.0,0.0,32.58435124493765,4876.765648755063,4876.765648755063,32.58435124493765,0.018102417358298695,32.58435124493765,97.75305373481295,6006.765648755063,6006.765648755063,18020.29694626519,6039.35,6039.35,18118.050000000003,0.5032791666666667,2.386109568,11.93054784,0.795369856,77.74983227261845,77.74983227261845,0.0,77.74983227261845,77.74983227261845,0.0,32.58435124493765,0.0,32.58435124493765,97.75305373481295,0.0,5138.0,-0.07118889265873173,259.31740746856747
10,10,2025,1SB,1,SB,AM-Peak,2,Peak,AM,3.0,70,12000,1,8,75,1800,1,4,0.05,0.01,7757.0,0.0,959.0,0.0,0.0,1.0,1.0,1.0,3.66,1.83,0.17391304347826086,0.17391304347826086,30,4.155,0.715,7757.0,0.0,959.0,0.0,0.0,8716.0,10634.0,1.0,1.2,0.6816666666666666,10634.0,0.0,1.0,387.85,5526.862499999999,0.0,719.25,0.0,0.0,6537.0,1.233788573,6.168942865,,0.05050652622528779,0.05050653126068285,205.93752494239246,1029.6876247119621,53.54140478053039,73.61214660636739,3.6926499180425782,2.445248621297917,3.361884148124828,-0.9166355268269109,1.0829241400738714,279.1426257998096,7090.00737420019,0.0,0.0,279.1426257998096,8049.00737420019,16098.01474840038,279.1426257998096,0.15507923655544978,558.2852515996192,1674.8557547988576,9967.00737420019,19934.01474840038,59802.044245201134,10246.15,20492.3,61476.899999999994,0.8538458333333333,3.701365719,18.506828595,1.233788573,1033.2089458470602,1033.2089458470602,0.0,2066.4178916941205,2066.4178916941205,0.0,558.2852515996192,0.0,558.2852515996192,1674.8557547988576,0.0,17432.0,-0.27265529876696865,80.75981370289901
11,11,2025,1SB,1,SB,AM-Shoulder,1,OP,AM,3.0,70,12000,1,8,75,1800,1,4,0.05,0.01,7826.0,0.0,967.0,0.0,0.0,1.0,1.0,1.0,3.66,1.83,0.17391304347826086,0.17391304347826086,30,4.155,0.715,7826.0,0.0,967.0,0.0,0.0,8793.0,10727.0,1.0,1.2,0.6876282051282051,10727.0,0.0,1.0,391.3,5576.025,0.0,725.25,0.0,0.0,6594.75,0.683611767,3.418058835,,0.10137876949934108,0.10137880004943832,158.4945148413843,792.4725742069215,55.36162030107401,69.45953516310638,1.5137756368608057,2.5914368643170462,3.251349924751173,-0.6599130604341266,0.9314922540519647,565.2905531975633,6869.409446802437,0.0,0.0,565.2905531975633,7836.409446802437,7836.409446802437,565.2905531975633,0.31405030733197964,565.2905531975633,1695.8716595926899,9770.409446802438,9770.409446802438,29311.228340407313,10335.7,10335.7,31007.100000000002,0.8613083333333333,2.050835301,10.254176505,0.683611767,1159.3178218193814,1159.3178218193814,0.0,1159.3178218193814,1159.3178218193814,0.0,565.2905531975633,0.0,565.2905531975633,1695.8716595926899,0.0,8793.0,-0.20296586824152124,62.15471170250365
12,12,2025,1SB,1,SB,MD,5,OP,MD,3.0,70,12000,1,8,75,1800,1,4,0.05,0.01,5968.0,0.0,738.0,0.0,0.0,1.0,1.0,1.0,3.66,1.83,0.17391304347826086,0.17391304347826086,30,4.136,0.708,5968.0,0.0,738.0,0.0,0.0,6706.0,8182.0,1.0,1.2,0.5244871794871795,8182.0,0.0,1.0,298.40000000000003,4252.200000000001,0.0,553.5,0.0,0.0,5029.5,0.188471815,0.9423590749999999,,0.10041297619930468,0.10041300196211451,154.7289445766018,773.644722883009,67.93320556466269,73.07283541728867,1.1676734239896376,2.4632956826171397,2.649661509475889,-0.18636582685874936,0.1071791251248252,426.97605739468344,5242.623942605317,0.0,0.0,426.97605739468344,5980.623942605317,29903.119713026586,426.97605739468344,0.23720892077482414,2134.8802869734172,6404.640860920252,7456.623942605317,37283.11971302659,111849.35913907975,7883.6,39418.0,118254.0,0.6569666666666667,0.565415445,2.827077225,0.18847181499999996,241.41885749616046,241.41885749616046,0.0,1207.0942874808022,1207.0942874808022,0.0,2134.8802869734172,0.0,2134.8802869734172,6404.640860920252,0.0,33530.0,-0.07033571125679863,60.67801748102032
13,13,2025,1SB,1,SB,PM-Shoulder,1,OP,PM,3.0,70,12000,1,8,75,1800,1,4,0.05,0.01,4858.0,0.0,600.0,0.0,0.0,1.0,1.0,1.0,3.66,1.83,0.17391304347826086,0.17391304347826086,30,4.135,0.592,4858.0,0.0,600.0,0.0,0.0,5458.0,6658.0,1.0,1.2,0.4267948717948718,6658.0,0.0,1.0,242.9,3461.3250000000003,0.0,450.0,0.0,0.0,4093.5,0.186849115,0.934245575,,0.058184653066206536,0.05818466141801153,158.3102249855753,791.5511249278765,69.51175088007422,74.72263494203509,1.3978522842252123,2.4089086277489034,2.589490233249147,-0.18058160550024382,0.024744476694189117,201.39599427438736,4413.704005725613,0.0,0.0,201.39599427438736,5013.704005725613,5013.704005725613,201.39599427438736,0.11188666348577075,201.39599427438736,604.1879828231621,6213.704005725613,6213.704005725613,18641.112017176838,6415.1,6415.1,19245.3,0.5345916666666667,0.560547345,2.802736725,0.186849115,112.89198988414304,112.89198988414304,0.0,112.89198988414304,112.89198988414304,0.0,201.39599427438736,0.0,201.39599427438736,604.1879828231621,0.0,5458.0,-0.06973635319475995,62.08244117081384
14,14,2025,1SB,1,SB,PM-Peak,3,Peak,PM,3.0,70,12000,1,8,75,1800,1,4,0.05,0.01,6246.0,0.0,772.0,0.0,0.0,1.0,1.0,1.0,3.66,1.83,0.17391304347826086,0.17391304347826086,30,4.135,0.592,6357.58302661457,0.0,785.791562047142,0.0,0.0,7143.374588661713,8714.957712755997,1.0,1.2,0.5586511354330768,8714.957712755997,0.0,1.0,317.8791513307285,4529.777906462881,0.0,589.3436715353564,0.0,0.0,5357.530941496285,0.212310187,1.061550935,,0.09282916106446686,0.09282918989868907,136.80152742139018,684.0076371069509,66.53346154985664,72.93484747114155,2.1074779178648697,2.467956076431385,2.705405608050583,-0.23744953161919824,0.18354854017215638,420.49548286530626,5619.208392418535,0.0,0.0,420.49548286530626,6404.999954465678,19214.99986339703,420.49548286530626,0.2336086015918368,1261.4864485959188,3784.4593457877563,7976.583078559961,23929.749235679883,71789.24770703964,8397.078561425267,25191.2356842758,75573.7070528274,0.699756546785439,0.636930561,3.1846528050000003,0.212310187,267.8264237993654,267.8264237993654,0.0,803.4792713980962,803.4792713980962,0.0,1261.4864485959188,0.0,1261.4864485959188,3784.4593457877563,0.0,21430.12376598514,-0.0877685515667633,53.64765781230987
15,15,2025,1SB,1,SB,PM-Late,3,OP,PM,3.0,70,12000,1,8,75,1800,1,4,0.05,0.01,4575.0,0.0,566.0,0.0,0.0,1.0,1.0,1.0,3.66,1.83,0.17391304347826086,0.17391304347826086,30,4.135,0.592,4575.0,0.0,566.0,0.0,0.0,5141.0,6273.0,1.0,1.2,0.4021153846153846,6273.0,0.0,1.0,228.75,3259.6875,0.0,424.5,0.0,0.0,3855.75,0.163716463,0.818582315,,0.07448483988957197,0.07448484250916336,146.84281256575485,734.2140628287743,69.71650791208796,74.64841396220405,1.1546216086488799,2.4113037430525655,2.5818849134982313,-0.1705811704456659,0.014325188635434392,242.79730152753913,4103.452698472461,0.0,0.0,242.79730152753913,4669.452698472461,14008.358095417381,242.79730152753913,0.13488738973752173,728.3919045826174,2185.175713747852,5801.452698472461,17404.35809541738,52213.074286252144,6044.25,18132.75,54398.24999999999,0.5036875,0.49114938900000005,2.455746945,0.163716463,119.24974629609963,119.24974629609963,0.0,357.7492388882989,357.7492388882989,0.0,728.3919045826174,0.0,728.3919045826174,2185.175713747852,0.0,15423.0,-0.06606846399460274,57.58541669245289
16,16,2025,2NB,2,NB,Night,8,OP,NT,2.2,70,12000,1,8,75,1800,1,4,0.05,0.01,3220.0,0.0,398.0,0.0,0.0,1.0,1.0,1.0,3.66,1.83,0.17391304347826086,0.17391304347826086,30,4.103,0.708,3220.0,0.0,398.0,0.0,0.0,3618.0,4414.0,1.0,1.2,0.28294871794871795,4414.0,0.0,1.0,161.0,2294.25,0.0,298.5,0.0,0.0,2713.5,0.117777617,0.588888085,,0.16902927836862347,0.1690292479622236,119.25569108094751,596.2784554047375,69.98876055048706,74.35749479817537,0.10782007342226455,1.7752077360631993,1.8860171113443358,-0.11080937528113655,0.0004148711131685447,387.7954218972144,2671.2045781027855,0.0,0.0,387.7954218972144,3069.2045781027855,24553.636624822284,387.7954218972144,0.215441901054008,3102.363375177715,6825.199425390974,3865.2045781027855,30921.636624822284,68027.60057460902,4253.0,34024.0,74852.8,0.35441666666666666,0.2591107574,1.295553787,0.117777617,100.48196548403976,100.48196548403976,0.0,803.8557238723181,803.8557238723181,0.0,3102.363375177715,0.0,3102.363375177715,6825.199425390974,0.0,28944.0,-0.058753112373488826,63.773096834731284
17,17,2025,2NB,2,NB,AM-Early,1,OP,AM,2.2,70,12000,1,8,75,1800,1,4,0.05,0.01,3086.0,0.0,381.0,0.0,0.0,1.0,1.0,1.0,3.66,1.83,0.17391304347826086,0.17391304347826086,30,4.155,0.715,3086.0,0.0,381.0,0.0,0.0,3467.0,4229.0,1.0,1.2,0.2710897435897436,4229.0,0.0,1.0,154.3,2198.7749999999996,0.0,285.75,0.0,0.0,2600.25,0.169543156,0.84771578,,0.10596703764784546,0.10596703805866822,155.63435076227276,778.171753811364,69.98941750017084,74.83959387294473,0.41477856603868674,1.7637722650405687,1.8859994084059606,-0.12222714336539187,0.0003906180875948367,232.99767320414136,2698.7023267958584,0.0,0.0,232.99767320414136,3079.7023267958584,3079.7023267958584,232.99767320414136,0.12944315178007854,232.99767320414136,512.594881049111,3841.7023267958584,3841.7023267958584,8451.745118950888,4074.7,4074.7,8964.34,0.3395583333333333,0.37299494320000004,1.8649747160000003,0.169543156,86.90695388251088,86.90695388251088,0.0,86.90695388251088,86.90695388251088,0.0,232.99767320414136,0.0,232.99767320414136,512.594881049111,0.0,3467.0,-0.06480762550646703,83.22692554132234
18,18,2025,2NB,2,NB,AM-Peak,2,Peak,AM,2.2,70,12000,1,8,75,1800,1,4,0.05,0.01,6362.0,0.0,786.0,0.0,0.0,1.0,1.0,1.0,3.66,1.83,0.17391304347826086,0.17391304347826086,30,4.155,0.715,7634.4,0.0,943.1999999999999,0.0,0.0,8577.6,10464.0,1.0,1.2,0.6707692307692308,10464.0,0.0,1.0,381.72,5439.509999999999,0.0,707.4,0.0,0.0,6433.200000000001,0.167837166,0.83918583,,0.1461744466409842,0.1461745819934904,135.35244885959816,676.7622442979906,59.440511557313684,63.41338197341156,0.8356792617393153,2.0815795640003234,2.220707671277746,-0.13912810727742242,0.45894093822194026,795.1173642480999,6457.5626357518995,0.0,0.0,795.1173642480999,7400.762635751899,14801.525271503799,795.1173642480999,0.4417318690267222,1590.2347284961998,3498.5164026916395,9287.1626357519,18574.3252715038,40863.51559730836,10082.279999999999,20164.559999999998,44362.032,0.8401899999999999,0.36924176520000007,1.8462088260000002,0.167837166,293.59053911613984,293.59053911613984,0.0,587.1810782322797,587.1810782322797,0.0,1590.2347284961998,0.0,1590.2347284961998,3498.5164026916395,0.0,17155.2,-0.06265034748917277,72.38098869497226
19,19,2025,2NB,2,NB,AM-Shoulder,1,OP,AM,2.2,70,12000,1,8,75,1800,1,4,0.05,0.01,7274.0,0.0,899.0,0.0,0.0,1.0,1.0,1.0,3.66,1.83,0.17391304347826086,0.17391304347826086,30,4.155,0.715,7274.0,0.0,899.0,0.0,0.0,8173.0,9971.0,1.0,1.2,0.6391666666666667,9971.0,0.0,1.0,363.70000000000005,5182.725,0.0,674.25,0.0,0.0,6129.75,0.174664118,0.8733205900000001,,0.1369212943238417,0.1369213767012203,139.40632465561163,697.0316232780582,62.17363832040562,66.58228311380022,0.6177223997643847,1.98250936776064,2.123086304194572,-0.140576936433932,0.32519966531799227,709.6254151245325,6200.674584875468,0.0,0.0,709.6254151245325,7099.674584875468,7099.674584875468,709.6254151245325,0.3942363417358514,709.6254151245325,1561.1759132739717,8897.674584875469,8897.674584875469,19574.884086726033,9607.300000000001,9607.300000000001,21136.060000000005,0.8006083333333335,0.38426105960000007,1.9213052980000003,0.174664118,272.6814139348428,272.6814139348428,0.0,272.6814139348428,272.6814139348428,0.0,709.6254151245325,0.0,709.6254151245325,1561.1759132739717,0.0,8173.0,-0.06621348183359045,74.54883671423082
20,20,2025,2NB,2,NB,MD,5,OP,MD,2.2,70,12000,1,8,75,1800,1,4,0.05,0.01,7621.0,0.0,942.0,0.0,0.0,1.0,1.0,1.0,3.66,1.83,0.17391304347826086,0.17391304347826086,30,4.136,0.708,7621.0,0.0,942.0,0.0,0.0,8563.0,10447.0,1.0,1.2,0.6696794871794872,10447.0,0.0,1.0,381.05,5429.9625,0.0,706.5,0.0,0.0,6422.25,0.415252552,2.07626276,,0.1174178423185491,0.1174178912898886,145.0530864701118,725.2654323505592,58.36310729733942,68.02367785989009,0.8854547235820397,1.9405007807999355,2.261702745323456,-0.32120196452352046,0.5151041896645635,637.5744806206346,6602.375519379365,0.0,0.0,637.5744806206346,7544.375519379365,37721.877596896826,637.5744806206346,0.35420804478924145,3187.8724031031734,7013.319286826982,9428.375519379366,47141.877596896826,103712.13071317303,10065.95,50329.75,110725.45000000001,0.8388291666666667,0.9135556144000001,4.567778072,0.415252552,582.4597463691448,582.4597463691448,0.0,2912.298731845724,2912.298731845724,0.0,3187.8724031031734,0.0,3187.8724031031734,7013.319286826982,0.0,42815.0,-0.1420177630272912,77.56849543856246
21,21,2025,2NB,2,NB,PM-Shoulder,1,OP,PM,2.2,70,12000,1,8,75,1800,1,4,0.05,0.01,8273.0,0.0,1022.0,0.0,0.0,1.0,1.0,1.0,3.66,1.83,0.17391304347826086,0.17391304347826086,30,4.135,0.592,8273.0,0.0,1022.0,0.0,0.0,9295.0,11339.0,1.0,1.2,0.7268589743589744,11339.0,0.0,1.0,413.65000000000003,5894.512500000001,0.0,766.5,0.0,0.0,6971.25,1.419297409,7.096487045,,0.05839083588431723,0.05839084010571097,158.1443657341847,790.7218286709235,46.77102067193575,72.71526731830822,1.743156137445282,1.8152996594535669,2.822260410476879,-1.0069607510233123,1.2830681909247537,344.1855120055565,7515.164487994444,0.0,0.0,344.1855120055565,8537.164487994443,8537.164487994443,344.1855120055565,0.1912141733364203,344.1855120055565,757.2081264122244,10581.164487994443,10581.164487994443,23278.561873587776,10925.35,10925.35,24035.77,0.9104458333333334,3.1224542998,15.612271499000002,1.419297409,1074.7035318906146,1074.7035318906146,0.0,1074.7035318906146,1074.7035318906146,0.0,344.1855120055565,0.0,344.1855120055565,757.2081264122244,0.0,9295.0,-0.3567922886510552,84.56917953699717
22,22,2025,2NB,2,NB,PM-Peak,3,Peak,PM,2.2,70,12000,1,8,75,1800,1,4,0.05,0.01,7207.0,0.0,891.0,0.0,0.0,1.0,1.0,1.0,3.66,1.83,0.17391304347826086,0.17391304347826086,30,4.135,0.592,8648.4,0.0,1069.2,0.0,0.0,9717.6,11856.0,1.0,1.2,0.76,11856.0,0.0,1.0,432.42,6161.985,0.0,801.9000000000001,0.0,0.0,7288.200000000001,1.202351064,6.01175532,,0.10222041198626057,0.10222044544984997,132.45570290095688,662.2785145047845,44.11780253397893,66.8860003001909,1.8993860656340427,1.9735071525815733,2.9919894559194193,-1.018482303337846,1.5155969831810336,629.8806453531578,7586.099354646842,0.0,0.0,629.8806453531578,8655.299354646842,25965.898063940527,629.8806453531578,0.34993369186286544,1889.6419360594732,4157.212259330841,10793.699354646842,32381.098063940524,71238.41574066915,11423.58,34270.74,75395.628,0.951965,2.6451723408,13.225861704000001,1.202351064,1666.142861093427,1666.142861093427,0.0,4998.428583280281,4998.428583280281,0.0,1889.6419360594732,0.0,1889.6419360594732,4157.212259330841,0.0,29152.800000000003,-0.3404030389622055,70.8319266850037
23,23,2025,2NB,2,NB,PM-Late,3,OP,PM,2.2,70,12000,1,8,75,1800,1,4,0.05,0.01,7436.0,0.0,919.0,0.0,0.0,1.0,1.0,1.0,3.66,1.83,0.17391304347826086,0.17391304347826086,30,4.135,0.592,7436.0,0.0,919.0,0.0,0.0,8355.0,10193.0,1.0,1.2,0.6533974358974359,10193.0,0.0,1.0,371.8,5298.15,0.0,689.25,0.0,0.0,6266.25,0.187399184,0.93699592,,0.13531877416678317,0.13531890775143204,119.95832665072312,599.7916332536156,60.805729867905036,66.14654964706656,0.650554592640082,1.9955689405464534,2.1708480481487205,-0.17527910760226706,0.39063325453517567,716.9391633517422,6347.260836648257,0.0,0.0,716.9391633517422,7266.260836648257,21798.782509944773,716.9391633517422,0.39829953519541234,2150.8174900552267,4731.798478121499,9104.260836648256,27312.78250994477,60088.1215218785,9821.199999999999,29463.599999999995,64819.92,0.8184333333333332,0.41227820480000005,2.061391024,0.187399184,295.57839121747026,295.57839121747026,0.0,886.7351736524108,886.7351736524108,0.0,2150.8174900552267,0.0,2150.8174900552267,4731.798478121499,0.0,25065.0,-0.0807422277905372,64.14883778113536
24,24,2025,2SB,2,SB,Night,8,OP,NT,2.2,70,12000,1,8,75,1800,1,4,0.05,0.01,2585.0,0.0,319.0,0.0,0.0,1.0,1.0,1.0,3.66,1.83,0.17391304347826086,0.17391304347826086,30,4.103,0.708,2585.0,0.0,319.0,0.0,0.0,2904.0,3542.0,1.0,1.2,0.22705128205128206,3542.0,0.0,1.0,129.25,1841.8125,0.0,239.25,0.0,0.0,2178.0,0.147646003,0.738230015,,0.1286923812374019,0.1286923815011296,134.9462527525991,674.7312637629955,69.99768272928623,74.87162898449823,0.0,1.7630176048036819,1.885776712216399,-0.12275910741271723,8.552430789556282e-05,237.02723641781228,2218.722763582188,0.0,0.0,237.02723641781228,2537.722763582188,20301.782108657502,237.02723641781228,0.1316817980098957,1896.2178913424982,4171.679360953496,3175.722763582188,25405.782108657502,55892.72063904651,3412.75,27302.0,60064.4,0.28439583333333335,0.3248212066,1.6241060330000001,0.147646003,76.99147293029725,76.99147293029725,0.0,615.931783442378,615.931783442378,0.0,1896.2178913424982,0.0,1896.2178913424982,4171.679360953496,0.0,23232.0,-0.06509737161216476,72.16377152545405
25,25,2025,2SB,2,SB,AM-Early,1,OP,AM,2.2,70,12000,1,8,75,1800,1,4,0.05,0.01,6971.0,0.0,862.0,0.0,0.0,1.0,1.0,1.0,3.66,1.83,0.17391304347826086,0.17391304347826086,30,4.155,0.715,6971.0,0.0,862.0,0.0,0.0,7833.0,9557.0,1.0,1.2,0.6126282051282051,9557.0,0.0,1.0,348.55,4966.8375,0.0,646.5,0.0,0.0,5874.75,0.795369856,3.9768492799999997,,0.03374991037354906,0.03374991661404325,235.62862233542188,1178.1431116771093,61.3771947985889,74.4962095539974,1.7447958126431948,1.7719022322111821,2.1506359232148347,-0.3787336910036525,0.3629426433757524,167.63032046498247,6454.819679535018,0.0,0.0,167.63032046498247,7316.819679535018,7316.819679535018,167.63032046498247,0.09312795581387916,167.63032046498247,368.7867050229615,9040.819679535018,9040.819679535018,19889.803294977042,9208.45,9208.45,20258.590000000004,0.7673708333333334,1.7498136832000002,8.749068416,0.795369856,293.32182846882733,293.32182846882733,0.0,293.32182846882733,293.32182846882733,0.0,167.63032046498247,0.0,167.63032046498247,368.7867050229615,0.0,7833.0,-0.17610311764787695,126.00461087455714
26,26,2025,2SB,2,SB,AM-Peak,2,Peak,AM,2.2,70,12000,1,8,75,1800,1,4,0.05,0.01,9309.0,0.0,1150.0,0.0,0.0,1.0,1.0,1.0,3.66,1.83,0.17391304347826086,0.17391304347826086,30,4.155,0.715,9528.870097224275,0.0,1177.1619520687416,0.0,0.0,10706.032049293017,13060.355953430499,1.0,1.2,0.8372023047070832,13060.355953430499,0.0,1.0,476.4435048612138,6789.319944272296,0.0,882.8714640515561,0.0,0.0,8029.524036969762,1.233788573,6.168942865,,0.1569510601650846,0.15695116263153155,130.98114562989653,654.9057281494827,35.06108837614486,48.744828815723416,0.7858286352945343,2.707979558180771,3.7648574563307395,-1.0568778981499687,2.574426143744543,1065.59096305349,7986.835629309571,0.0,0.0,1065.59096305349,9163.997581378313,18327.995162756626,1065.59096305349,0.5919949794741611,2131.18192610698,4688.600237435357,11518.321485515797,23036.642971031593,50680.61453626951,12583.912448569286,25167.824897138573,55369.214773704865,1.0486593707141072,2.7143348606,13.571674303000002,1.233788573,2892.3706981564146,2892.3706981564146,0.0,5784.741396312829,5784.741396312829,0.0,2131.18192610698,0.0,2131.18192610698,4688.600237435357,0.0,21412.064098586034,-0.28072188931689607,70.04339338497141
27,27,2025,2SB,2,SB,AM-Shoulder,1,OP,AM,2.2,70,12000,1,8,75,1800,1,4,0.05,0.01,8274.0,0.0,1023.0,0.0,0.0,1.0,1.0,1.0,3.66,1.83,0.17391304347826086,0.17391304347826086,30,4.155,0.715,8274.0,0.0,1023.0,0.0,0.0,9297.0,11343.0,1.0,1.2,0.7271153846153846,11343.0,0.0,1.0,413.70000000000005,5895.225,0.0,767.25,0.0,0.0,6972.75,0.683611767,3.418058835,,0.12550106709599765,0.12550111122054036,144.85913375559412,724.2956687779706,51.03683877684584,64.17490977989691,0.8544104164216563,2.0568786220771536,2.586367086275829,-0.5294884641986752,0.9598943367693141,739.8570282710028,7120.442971728998,0.0,0.0,739.8570282710028,8143.442971728998,8143.442971728998,739.8570282710028,0.4110316823727794,739.8570282710028,1627.6854621962063,10189.442971728997,10189.442971728997,22416.774537803794,10929.3,10929.3,24044.46,0.9107749999999999,1.5039458874000002,7.5197294370000005,0.683611767,1112.7049349321603,1112.7049349321603,0.0,1112.7049349321603,1112.7049349321603,0.0,739.8570282710028,0.0,739.8570282710028,1627.6854621962063,0.0,9297.0,-0.20472285895081438,77.46477740940861
28,28,2025,2SB,2,SB,MD,5,OP,MD,2.2,70,12000,1,8,75,1800,1,4,0.05,0.01,7694.0,0.0,951.0,0.0,0.0,1.0,1.0,1.0,3.66,1.83,0.17391304347826086,0.17391304347826086,30,4.136,0.708,7694.0,0.0,951.0,0.0,0.0,8645.0,10547.0,1.0,1.2,0.6760897435897436,10547.0,0.0,1.0,384.70000000000005,5481.975,0.0,713.25,0.0,0.0,6483.75,0.188471815,0.9423590749999999,,0.14500785338700756,0.14500795247419818,132.30708128214738,661.535406410737,58.811173039445386,63.32021718561651,0.5537764884531206,2.0846422496160426,2.2444714699274226,-0.15982922031138003,0.4914973423719979,794.9294270712408,6514.370572928759,0.0,0.0,794.9294270712408,7465.370572928759,37326.8528646438,794.9294270712408,0.44162745948402266,3974.6471353562038,8744.22369778365,9367.37057292876,46836.8528646438,103041.07630221636,10162.3,50811.5,111785.3,0.8468583333333333,0.414637993,2.073189965,0.188471815,329.60794221745914,329.60794221745914,0.0,1648.0397110872957,1648.0397110872957,0.0,3974.6471353562038,0.0,3974.6471353562038,8744.22369778365,0.0,43225.0,-0.07121018130675917,70.75244988350128
29,29,2025,2SB,2,SB,PM-Shoulder,1,OP,PM,2.2,70,12000,1,8,75,1800,1,4,0.05,0.01,5126.0,0.0,634.0,0.0,0.0,1.0,1.0,1.0,3.66,1.83,0.17391304347826086,0.17391304347826086,30,4.135,0.592,5126.0,0.0,634.0,0.0,0.0,5760.0,7028.0,1.0,1.2,0.4505128205128205,7028.0,0.0,1.0,256.3,3652.2749999999996,0.0,475.5,0.0,0.0,4320.0,0.186849115,0.934245575,,0.06370830517214232,0.06370831536604243,154.07296504832638,770.3648252416319,69.26758162247066,74.59376458753593,1.0370657482758734,1.7695849073966194,1.9056533649383063,-0.13606845754168684,0.02731653853690852,232.68025027258608,4637.019749727414,0.0,0.0,232.68025027258608,5271.019749727414,5271.019749727414,232.68025027258608,0.12926680570699225,232.68025027258608,511.8965505996894,6539.019749727414,6539.019749727414,14385.843449400312,6771.7,6771.7,14897.740000000002,0.5643083333333333,0.41106805300000004,2.0553402650000003,0.186849115,95.64741745110469,95.64741745110469,0.0,95.64741745110469,95.64741745110469,0.0,232.68025027258608,0.0,232.68025027258608,511.8965505996894,0.0,5760.0,-0.07140252264403392,82.39195991889112
30,30,2025,2SB,2,SB,PM-Peak,3,Peak,PM,2.2,70,12000,1,8,75,1800,1,4,0.05,0.01,7001.0,0.0,865.0,0.0,0.0,1.0,1.0,1.0,3.66,1.83,0.17391304347826086,0.17391304347826086,30,4.135,0.592,7529.344688920895,0.0,930.278982419165,0.0,0.0,8459.623671340061,10320.18163617839,1.0,1.2,0.6615501048832301,10320.18163617839,0.0,1.0,376.4672344460448,5364.658090856137,0.0,697.7092368143738,0.0,0.0,6344.717753505046,0.212310187,1.061550935,,0.13448362710918252,0.13448368660516458,120.23193771746112,601.1596885873056,59.952361869597006,65.8807217208564,1.044641066892239,2.003621037415133,2.2017481194004422,-0.19812708198530915,0.4329663521500347,721.4586782589557,6431.4187762158945,0.0,0.0,721.4586782589557,7361.6977586350595,22085.09327590518,721.4586782589557,0.40081037681053094,2164.376034776867,4761.627276509108,9222.25572347339,27666.76717042017,60866.887774924384,9943.714401732346,29831.143205197037,65628.5150514335,0.8286428668110288,0.46708241140000006,2.3354120570000005,0.212310187,336.98065916664984,336.98065916664984,0.0,1010.9419774999495,1010.9419774999495,0.0,2164.376034776867,0.0,2164.376034776867,4761.627276509108,0.0,25378.871014020184,-0.08998626147992855,64.29515385960488
31,31,2025,2SB,2,SB,PM-Late,3,OP,PM,2.2,70,12000,1,8,75,1800,1,4,0.05,0.01,6368.0,0.0,787.0,0.0,0.0,1.0,1.0,1.0,3.66,1.83,0.17391304347826086,0.17391304347826086,30,4.135,0.592,6368.0,0.0,787.0,0.0,0.0,7155.0,8729.0,1.0,1.2,0.559551282051282,8729.0,0.0,1.0,318.40000000000003,4537.200000000001,0.0,590.25,0.0,0.0,5366.25,0.163716463,0.818582315,,0.11036527596812234,0.11036533267231734,129.01850657235525,645.0925328617761,66.7387205163287,71.91549978865342,0.8117281731465881,1.8354874872304858,1.9778623110957616,-0.14237482386527578,0.1262427947726221,500.7493301225648,5548.850669877435,0.0,0.0,500.7493301225648,6335.850669877435,19007.552009632305,500.7493301225648,0.2781940722903138,1502.2479903676945,3304.945578808928,7909.850669877435,23729.552009632305,52205.014421191074,8410.6,25231.8,55509.96,0.7008833333333334,0.36017621860000004,1.800881093,0.163716463,180.3580001900285,180.3580001900285,0.0,541.0740005700854,541.0740005700854,0.0,1502.2479903676945,0.0,1502.2479903676945,3304.945578808928,0.0,21465.0,-0.07198419377656186,68.99385378200815
32,32,2025,3NB,3,NB,Night,8,OP,NT,3.4,70,12000,1,8,75,1800,1,4,0.05,0.01,3349.0,0.0,414.0,0.0,0.0,1.0,1.0,1.0,3.66,1.83,0.17391304347826086,0.17391304347826086,30,4.103,0.708,3349.0,0.0,414.0,0.0,0.0,3763.0,4591.0,1.0,1.2,0.2942948717948718,4591.0,0.0,1.0,167.45000000000002,2386.1625000000004,0.0,310.5,0.0,0.0,2822.25,0.117777617,0.588888085,,0.16492899054754456,0.16492897691287303,120.64774979578263,603.2387489789131,69.98431670955105,74.29897083530771,0.20738646567737334,2.745663872682566,2.9149387975971948,-0.1692749249146286,0.0008947241367281708,393.54737240740536,2788.0026275925948,0.0,0.0,393.54737240740536,3202.0026275925948,25616.021020740758,393.54737240740536,0.2186374291152252,3148.378979259243,10704.488529481425,4030.0026275925948,32240.021020740758,109616.07147051858,4423.55,35388.4,120320.56000000001,0.3686291666666667,0.4004438978,2.002219489,0.11777761700000001,157.59364377576958,157.59364377576958,0.0,1260.7491502061566,1260.7491502061566,0.0,3148.378979259243,0.0,3148.378979259243,10704.488529481425,0.0,30104.0,-0.05807151939319039,41.7466262269144
33,33,2025,3NB,3,NB,AM-Early,1,OP,AM,3.4,70,12000,1,8,75,1800,1,4,0.05,0.01,3209.0,0.0,397.0,0.0,0.0,1.0,1.0,1.0,3.66,1.83,0.17391304347826086,0.17391304347826086,30,4.155,0.715,3209.0,0.0,397.0,0.0,0.0,3606.0,4400.0,1.0,1.2,0.28205128205128205,4400.0,0.0,1.0,160.45000000000002,2286.4125000000004,0.0,297.75,0.0,0.0,2704.5,0.169543156,0.84771578,,0.10504878664941578,0.10504879508007496,156.19534751790255,780.9767375895128,69.98540682555746,74.81638775006653,0.6749752903833114,2.726675346603039,2.914893393539619,-0.18821804693657995,0.0008325205778495854,240.18485890505738,2808.365141094943,0.0,0.0,240.18485890505738,3205.365141094943,3205.365141094943,240.18485890505738,0.13343603272503188,240.18485890505738,816.6285202771951,3999.365141094943,3999.365141094943,13597.841479722805,4239.55,4239.55,14414.470000000001,0.35329583333333336,0.5764467303999999,2.882233652,0.169543156,138.45377660740564,138.45377660740564,0.0,138.45377660740564,138.45377660740564,0.0,240.18485890505738,0.0,240.18485890505738,816.6285202771951,0.0,3606.0,-0.06457115973906087,54.04683305117735
34,34,2025,3NB,3,NB,AM-Peak,2,Peak,AM,3.4,70,12000,1,8,75,1800,1,4,0.05,0.01,6617.0,0.0,818.0,0.0,0.0,1.0,1.0,1.0,3.66,1.83,0.17391304347826086,0.17391304347826086,30,4.155,0.715,7919.787772801081,0.0,979.051896350504,0.0,0.0,8898.839669151585,10856.943461852592,1.0,1.2,0.69595791422132,10856.943461852592,0.0,1.0,395.9893886400541,5642.84878812077,0.0,734.288922262878,0.0,0.0,6674.129751863688,0.167837166,0.83918583,,0.17391303742562134,0.17391303742525763,-232.6943858438052,-1163.4719292190262,57.832013826388675,55.851735887392444,0.49102805804050254,3.6525274775935737,3.527458002974039,0.12506947461953466,0.8400460355030045,981.3649724755695,6542.433411685457,0.0,0.0,981.3649724755695,7521.485308035961,15042.970616071922,981.3649724755695,0.5452027624864275,1962.729944951139,6673.281812833872,9479.589100736968,18959.178201473936,64461.20588501138,10460.954073212537,20921.908146425074,71134.48769784525,0.8717461727677114,0.5706463644,2.853231822,0.167837166,560.0123536926899,560.0123536926899,0.0,1120.0247073853798,1120.0247073853798,0.0,1962.729944951139,0.0,1962.729944951139,6673.281812833872,0.0,17797.67933830317,0.0354559783600789,-80.51708852726824
35,35,2025,3NB,3,NB,AM-Shoulder,1,OP,AM,3.4,70,12000,1,8,75,1800,1,4,0.05,0.01,7565.0,0.0,935.0,0.0,0.0,1.0,1.0,1.0,3.66,1.83,0.17391304347826086,0.17391304347826086,30,4.155,0.715,7565.0,0.0,935.0,0.0,0.0,8500.0,10370.0,1.0,1.2,0.6647435897435897,10370.0,0.0,1.0,378.25,5390.0625,0.0,701.25,0.0,0.0,6375.0,0.174664118,0.8733205900000001,,0.14385068672678006,0.14385081038337133,136.3426966220843,681.7134831104216,59.981646130996964,64.17307367364646,0.8630897855913012,3.178903367437975,3.4010403708240022,-0.22213700338602704,0.6668538794574551,775.3641921252649,6411.385807874735,0.0,0.0,775.3641921252649,7346.385807874735,7346.385807874735,775.3641921252649,0.43075788451403607,775.3641921252649,2636.2382532259007,9216.385807874736,9216.385807874736,31335.7117467741,9991.750000000002,9991.750000000002,33971.950000000004,0.8326458333333335,0.5938580012,2.969290006,0.174664118,460.4562293375626,460.4562293375626,0.0,460.4562293375626,460.4562293375626,0.0,775.3641921252649,0.0,775.3641921252649,2636.2382532259007,0.0,8500.0,-0.06531442710637622,47.177403675461704
36,36,2025,3NB,3,NB,MD,5,OP,MD,3.4,70,12000,1,8,75,1800,1,4,0.05,0.01,7925.0,0.0,980.0,0.0,0.0,1.0,1.0,1.0,3.66,1.83,0.17391304347826086,0.17391304347826086,30,4.136,0.708,7925.0,0.0,980.0,0.0,0.0,8905.0,10865.0,1.0,1.2,0.6964743589743589,10865.0,0.0,1.0,396.25,5646.5625,0.0,735.0,0.0,0.0,6678.75,0.415252552,2.07626276,,0.13036463723331818,0.13036471225735274,138.69338077848116,693.4669038924059,55.658996794410676,64.84403352051429,1.1695127100110803,3.1460103408814297,3.6651756544143437,-0.519165313532914,1.0287192179762226,736.1120719277582,6792.637928072242,0.0,0.0,736.1120719277582,7772.637928072242,38863.18964036121,736.1120719277582,0.40895115107097674,3680.560359638791,12513.90522277189,9732.637928072243,48663.18964036122,165454.84477722814,10468.750000000002,52343.75000000001,177968.75000000003,0.8723958333333335,1.4118586767999999,7.059293384,0.415252552,1039.286215848431,1039.286215848431,0.0,5196.431079242156,5196.431079242156,0.0,3680.560359638791,0.0,3680.560359638791,12513.90522277189,0.0,44525.0,-0.14164813981224347,47.99078919670629
37,37,2025,3NB,3,NB,PM-Shoulder,1,OP,PM,3.4,70,12000,1,8,75,1800,1,4,0.05,0.01,8604.0,0.0,1063.0,0.0,0.0,1.0,1.0,1.0,3.66,1.83,0.17391304347826086,0.17391304347826086,30,4.135,0.592,8604.0,0.0,1063.0,0.0,0.0,9667.0,11793.0,1.0,1.2,0.7559615384615385,11793.0,0.0,1.0,430.20000000000005,6130.35,0.0,797.25,0.0,0.0,7250.25,1.419297409,7.096487045,,0.08502525176338596,0.08502526467741886,140.7870647302849,703.9353236514246,43.58605995070052,69.56944525123998,2.2344203565356433,2.9323217867166185,4.680395526247177,-1.7480737395305588,2.4195704423872053,521.2345521476732,7652.565447852327,0.0,0.0,521.2345521476732,8715.565447852328,8715.565447852328,521.2345521476732,0.2895747511931518,521.2345521476732,1772.1974773020888,10841.565447852328,10841.565447852328,36861.32252269791,11362.800000000001,11362.800000000001,38633.520000000004,0.9469000000000001,4.825611190599999,24.128055953,1.419297409,2515.2752877711905,2515.2752877711905,0.0,2515.2752877711905,2515.2752877711905,0.0,521.2345521476732,0.0,521.2345521476732,1772.1974773020888,0.0,9667.0,-0.37348846475207936,48.715247311517274
38,38,2025,3NB,3,NB,PM-Peak,3,Peak,PM,3.4,70,12000,1,8,75,1800,1,4,0.05,0.01,7495.0,0.0,926.0,0.0,0.0,1.0,1.0,1.0,3.66,1.83,0.17391304347826086,0.17391304347826086,30,4.135,0.592,8994.0,0.0,1111.2,0.0,0.0,10105.2,12327.6,1.0,1.2,0.7902307692307693,12327.6,0.0,1.0,449.70000000000005,6408.224999999999,0.0,833.4000000000001,0.0,0.0,7578.900000000001,1.202351064,6.01175532,,0.12439774459109773,0.12439779718993842,123.68544004837592,618.4272002418796,40.54135759761972,60.96339529434043,2.2793975541468847,3.346270315409064,5.031898586740404,-1.68562827133134,2.901129635262924,797.1687368322872,7747.131263167713,0.0,0.0,797.1687368322872,8858.331263167713,26574.99378950314,797.1687368322872,0.44287152046238176,2391.5062104968615,8131.121115689329,11080.731263167712,33242.19378950314,113023.45888431066,11877.9,35633.7,121154.57999999999,0.989825,4.0879936176,20.439968087999997,1.202351064,3258.820708320644,3258.820708320644,0.0,9776.462124961932,9776.462124961932,0.0,2391.5062104968615,0.0,2391.5062104968615,8131.121115689329,0.0,30315.600000000002,-0.3349885221799089,42.7977301205453
39,39,2025,3NB,3,NB,PM-Late,3,OP,PM,3.4,70,12000,1,8,75,1800,1,4,0.05,0.01,7734.0,0.0,956.0,0.0,0.0,1.0,1.0,1.0,3.66,1.83,0.17391304347826086,0.17391304347826086,30,4.135,0.592,7734.0,0.0,956.0,0.0,0.0,8690.0,10602.0,1.0,1.2,0.6796153846153846,10602.0,0.0,1.0,386.70000000000005,5510.475,0.0,717.0,0.0,0.0,6517.5,0.187399184,0.93699592,,0.14360508525392207,0.14360527698995895,117.3360964402045,586.6804822010225,58.35327507695511,63.37355949032295,0.8872275308767908,3.219008079089364,3.4959477378256656,-0.27693965873630155,0.7968769722497335,791.3322321646062,6555.967767835394,0.0,0.0,791.3322321646062,7511.967767835394,22535.90330350618,791.3322321646062,0.4396290178692257,2373.9966964938185,8071.588768078983,9423.967767835395,28271.903303506184,96124.47123192102,10215.300000000001,30645.9,104196.06000000001,0.8512750000000001,0.6371572256,3.1857861279999997,0.187399184,504.2030495738556,504.2030495738556,0.0,1512.6091487215667,1512.6091487215667,0.0,2373.9966964938185,0.0,2373.9966964938185,8071.588768078983,0.0,26070.0,-0.07921733375469352,40.60072541183546
40,40,2025,3SB,3,SB,Night,8,OP,NT,3.4,70,12000,1,8,75,1800,1,4,0.05,0.01,2688.0,0.0,332.0,0.0,0.0,1.0,1.0,1.0,3.66,1.83,0.17391304347826086,0.17391304347826086,30,4.103,0.708,2688.0,0.0,332.0,0.0,0.0,3020.0,3684.0,1.0,1.2,0.23615384615384616,3684.0,0.0,1.0,134.4,1915.1999999999998,0.0,249.0,0.0,0.0,2265.0,0.147646003,0.738230015,,0.12768740125882475,0.12768740161246797,135.40535543629153,677.0267771814575,69.99681181573006,74.85296103099438,0.0,2.725343088505606,2.9144184529009656,-0.18907536439535955,0.00018185190289419763,244.54691089090113,2309.053089109099,0.0,0.0,244.54691089090113,2641.053089109099,21128.42471287279,244.54691089090113,0.1358593949393895,1956.375287127209,6651.675976232511,3305.053089109099,26440.42471287279,89897.44402376749,3549.6,28396.8,96549.12,0.2958,0.5019964102,2.5099820509999997,0.147646003,122.76167139273164,122.76167139273164,0.0,982.0933711418531,982.0933711418531,0.0,1956.375287127209,0.0,1956.375287127209,6651.675976232511,0.0,24160.0,-0.06487584657143415,46.85306416480675
41,41,2025,3SB,3,SB,AM-Early,1,OP,AM,3.4,70,12000,1,8,75,1800,1,4,0.05,0.01,7250.0,0.0,896.0,0.0,0.0,1.0,1.0,1.0,3.66,1.83,0.17391304347826086,0.17391304347826086,30,4.155,0.715,7250.0,0.0,896.0,0.0,0.0,8146.0,9938.0,1.0,1.2,0.637051282051282,9938.0,0.0,1.0,362.5,5165.625,0.0,672.0,0.0,0.0,6109.5,0.795369856,3.9768492799999997,,0.0513311804311254,0.05133119994643274,204.78037421602968,1023.9018710801482,59.4111069821773,73.90733069238182,2.488101040839271,2.7602133386347263,3.433701379460878,-0.6734880408261517,0.7115994612899744,265.15762891453215,6622.342371085468,0.0,0.0,265.15762891453215,7518.342371085468,7518.342371085468,265.15762891453215,0.14730979384140674,265.15762891453215,901.5359383094093,9310.342371085468,9310.342371085468,31655.16406169059,9575.5,9575.5,32556.7,0.7979583333333333,2.7042575103999997,13.521287551999999,0.795369856,717.0545094319797,717.0545094319797,0.0,717.0545094319797,717.0545094319797,0.0,265.15762891453215,0.0,265.15762891453215,901.5359383094093,0.0,8146.0,-0.1961405394349975,70.85826097440473
42,42,2025,3SB,3,SB,AM-Peak,2,Peak,AM,3.4,70,12000,1,8,75,1800,1,4,0.05,0.01,9681.0,0.0,1197.0,0.0,0.0,1.0,1.0,1.0,3.66,1.83,0.17391304347826086,0.17391304347826086,30,4.155,0.715,9827.53070212533,0.0,1215.1176790046504,0.0,0.0,11042.64838112998,13472.88373913928,1.0,1.2,0.8636463935345693,13472.88373913928,0.0,1.0,491.37653510626654,7002.115625264298,0.0,911.3382592534879,0.0,0.0,8281.986285847484,1.233788573,6.168942865,,0.16883877153967042,0.16883856181412069,126.53468210333632,632.6734105166817,31.65963673090298,42.92222631677012,0.802745361441192,4.7527823578968285,6.443535715015818,-1.6907533571189894,4.835072501000242,1182.2286003483553,8153.925566670709,0.0,0.0,1182.2286003483553,9369.043245675359,18738.086491350718,1182.2286003483553,0.6567936668601974,2364.4572006967105,8039.1544823688155,11799.27860368466,23598.55720736932,80235.09450505568,12981.507204033014,25963.01440806603,88274.2489874245,1.081792267002751,4.1948811481999995,20.974405740999998,1.233788573,4959.308468464187,4959.308468464187,0.0,9918.616936928374,9918.616936928374,0.0,2364.4572006967105,0.0,2364.4572006967105,8039.1544823688155,0.0,22085.29676225996,-0.2623952798428524,43.78362702537589
43,43,2025,3SB,3,SB,AM-Shoulder,1,OP,AM,3.4,70,12000,1,8,75,1800,1,4,0.05,0.01,8605.0,0.0,1064.0,0.0,0.0,1.0,1.0,1.0,3.66,1.83,0.17391304347826086,0.17391304347826086,30,4.155,0.715,8605.0,0.0,1064.0,0.0,0.0,9669.0,11797.0,1.0,1.2,0.7562179487179487,11797.0,0.0,1.0,430.25,6131.0625,0.0,798.0,0.0,0.0,7251.75,0.683611767,3.418058835,,0.14045693767650852,0.14045703243237953,137.82184534363557,689.1092267181779,47.433807379082914,59.29118021235039,1.0546866399090495,3.440646640349835,4.300730033532133,-0.8600833931822982,1.8994287173675939,861.1502634532785,7313.599736546721,0.0,0.0,861.1502634532785,8377.599736546721,8377.599736546721,861.1502634532785,0.47841681302959915,861.1502634532785,2927.9108957411468,10505.599736546721,10505.599736546721,35719.03910425885,11366.75,11366.75,38646.95,0.9472291666666667,2.3242800078,11.621400039,0.683611767,2001.5543410561584,2001.5543410561584,0.0,2001.5543410561584,2001.5543410561584,0.0,861.1502634532785,0.0,861.1502634532785,2927.9108957411468,0.0,9669.0,-0.19998544118704492,47.689219842088434
44,44,2025,3SB,3,SB,MD,5,OP,MD,3.4,70,12000,1,8,75,1800,1,4,0.05,0.01,8002.0,0.0,989.0,0.0,0.0,1.0,1.0,1.0,3.66,1.83,0.17391304347826086,0.17391304347826086,30,4.136,0.708,8002.0,0.0,989.0,0.0,0.0,8991.0,10969.0,1.0,1.2,0.7031410256410257,10969.0,0.0,1.0,400.1,5701.424999999999,0.0,741.75,0.0,0.0,6743.25,0.188471815,0.9423590749999999,,0.17391303742561903,0.1739130374251385,-291.9720086478697,-1459.8600432393482,56.98445967749503,55.2567687961475,0.31722767549240244,3.691855395175095,3.579923388842205,0.11193200633289013,0.9119236141423926,991.5521394043599,6610.34786059564,0.0,0.0,991.5521394043599,7599.34786059564,37996.739302978196,991.5521394043599,0.5508622996690888,4957.760697021799,16856.38636987412,9577.34786059564,47886.7393029782,162814.9136301259,10568.900000000001,52844.5,179671.30000000002,0.8807416666666668,0.640804171,3.2040208549999996,0.188471815,635.3907466942873,635.3907466942873,0.0,3176.9537334714364,3176.9537334714364,0.0,4957.760697021799,0.0,4957.760697021799,16856.38636987412,0.0,44955.0,0.031266592654400474,-101.02837669476459
45,45,2025,3SB,3,SB,PM-Shoulder,1,OP,PM,3.4,70,12000,1,8,75,1800,1,4,0.05,0.01,5331.0,0.0,659.0,0.0,0.0,1.0,1.0,1.0,3.66,1.83,0.17391304347826086,0.17391304347826086,30,4.135,0.592,5331.0,0.0,659.0,0.0,0.0,5990.0,7308.0,1.0,1.2,0.4684615384615385,7308.0,0.0,1.0,266.55,3798.3374999999996,0.0,494.25,0.0,0.0,4492.5,0.186849115,0.934245575,,0.06885765187086862,0.06885766365467774,150.4659642700599,752.3298213502995,69.02429690625634,74.4484151271215,1.598373874721257,2.7401523545083895,2.955481028326266,-0.21532867381787657,0.05643758023555623,261.54460126306543,4802.905398736934,0.0,0.0,261.54460126306543,5461.905398736934,5461.905398736934,261.54460126306543,0.14530255625725857,261.54460126306543,889.2516442944225,6779.905398736934,6779.905398736934,23051.678355705575,7041.45,7041.45,23940.929999999997,0.5867875,0.635286991,3.176434955,0.186849115,166.15588274870763,166.15588274870763,0.0,166.15588274870763,166.15588274870763,0.0,261.54460126306543,0.0,261.54460126306543,889.2516442944225,0.0,5990.0,-0.07285740350017421,52.06434749829062
46,46,2025,3SB,3,SB,PM-Peak,3,Peak,PM,3.4,70,12000,1,8,75,1800,1,4,0.05,0.01,7281.0,0.0,900.0,0.0,0.0,1.0,1.0,1.0,3.66,1.83,0.17391304347826086,0.17391304347826086,30,4.135,0.592,8459.053017927927,0.0,1045.618420015813,0.0,0.0,9504.67143794374,11595.908277975366,1.0,1.2,0.7433274537163697,11595.908277975366,0.0,1.0,422.95265089639634,6027.075275273648,0.0,784.2138150118597,0.0,0.0,7128.503578457805,0.212310187,1.061550935,,0.16061453413490978,0.16061483081484237,112.41815350030521,562.090767501526,50.778073867104915,55.2845074945768,0.9595192895296093,3.6900030269784283,4.017482044196942,-0.327479017218514,1.5113789719783828,968.0358875341101,7068.0644794974205,0.0,0.0,968.0358875341101,8113.682899513234,24341.0486985397,968.0358875341101,0.5377977152967278,2904.1076626023305,9873.966052847923,10204.91973954486,30614.75921863458,104090.18134335757,11172.955627078969,33518.86688123691,113964.1473962055,0.9310796355899141,0.7218546358,3.609273179,0.212310187,698.7811930372648,698.7811930372648,0.0,2096.3435791117945,2096.3435791117945,0.0,2904.1076626023305,0.0,2904.1076626023305,9873.966052847923,0.0,28514.01431383122,-0.08151349865808151,38.89901505200872
47,47,2025,3SB,3,SB,PM-Late,3,OP,PM,3.4,70,12000,1,8,75,1800,1,4,0.05,0.01,6623.0,0.0,819.0,0.0,0.0,1.0,1.0,1.0,3.66,1.83,0.17391304347826086,0.17391304347826086,30,4.135,0.592,6623.0,0.0,819.0,0.0,0.0,7442.0,9080.0,1.0,1.2,0.5820512820512821,9080.0,0.0,1.0,331.15000000000003,4718.887500000001,0.0,614.25,0.0,0.0,5581.5,0.163716463,0.818582315,,0.11732797603074935,0.11732803821751296,126.28768702843081,631.4384351421539,65.7301110279124,70.86264706178825,1.1911903100329342,2.878808631324814,3.103600417065644,-0.22479178574082992,0.2593611428085037,553.6575194918028,5738.192480508198,0.0,0.0,553.6575194918028,6557.192480508198,19671.577441524594,553.6575194918028,0.30758751082877933,1660.9725584754083,5647.306698816388,8195.192480508198,24585.577441524594,83590.96330118361,8748.85,26246.550000000003,89238.27,0.7290708333333333,0.5566359742,2.7831798709999997,0.163716463,308.18569273547513,308.18569273547513,0.0,924.5570782064253,924.5570782064253,0.0,1660.9725584754083,0.0,1660.9725584754083,5647.306698816388,0.0,22326.0,-0.07242935801425218,43.698161601533144
48,48,2025,4NB,4,NB,Night,8,OP,NT,4.4,70,12000,1,8,75,1800,1,4,0.05,0.01,3091.0,0.0,382.0,0.0,0.0,1.0,1.0,1.0,3.66,1.83,0.17391304347826086,0.17391304347826086,30,4.103,0.708,3091.0,0.0,382.0,0.0,0.0,3473.0,4237.0,1.0,1.2,0.2716025641025641,4237.0,0.0,1.0,154.55,2202.3374999999996,0.0,286.5,0.0,0.0,2604.75,0.117777617,0.588888085,,0.17317423108907998,0.17317400968306837,117.88627480584638,589.431374029232,69.9920504006533,74.4151695261851,0.16584550933742057,3.5476637583564745,3.7718569250192426,-0.22419316666276812,0.0005868444192199988,381.3881031611466,2555.061896838853,0.0,0.0,381.3881031611466,2937.061896838853,23496.495174710824,381.3881031611466,0.21188227953397035,3051.104825289173,13424.861231272362,3701.061896838853,29608.495174710824,130277.37876872763,4082.45,32659.6,143702.24,0.34020416666666664,0.5182215148,2.591107574,0.117777617,197.64352054686807,197.64352054686807,0.0,1581.1481643749446,1581.1481643749446,0.0,3051.104825289173,0.0,3051.104825289173,13424.861231272362,0.0,27784.0,-0.05943840689599444,31.520394333114005
49,49,2025,4NB,4,NB,AM-Early,1,OP,AM,4.4,70,12000,1,8,75,1800,1,4,0.05,0.01,2962.0,0.0,366.0,0.0,0.0,1.0,1.0,1.0,3.66,1.83,0.17391304347826086,0.17391304347826086,30,4.155,0.715,2962.0,0.0,366.0,0.0,0.0,3328.0,4060.0,1.0,1.2,0.2602564102564103,4060.0,0.0,1.0,148.1,2110.425,0.0,274.5,0.0,0.0,2496.0,0.169543156,0.84771578,,0.10685885697613884,0.1068588575551047,155.09476548126986,775.4738274063495,69.99239227411532,74.861044678507,0.7883030467881144,3.5265337417311757,3.771838501620023,-0.24530475988884737,0.0005616043622888923,225.51760323386782,2588.3823967661324,0.0,0.0,225.51760323386782,2954.3823967661324,2954.3823967661324,225.51760323386782,0.12528755735214878,225.51760323386782,992.2774542290185,3686.3823967661324,3686.3823967661324,16220.082545770983,3911.9,3911.9,17212.36,0.3259916666666667,0.7459898864000001,3.7299494320000006,0.169543156,168.23385121763334,168.23385121763334,0.0,168.23385121763334,168.23385121763334,0.0,225.51760323386782,0.0,225.51760323386782,992.2774542290185,0.0,3328.0,-0.06503585977593891,41.46918863135558
50,50,2025,4NB,4,NB,AM-Peak,2,Peak,AM,4.4,70,12000,1,8,75,1800,1,4,0.05,0.01,6108.0,0.0,755.0,0.0,0.0,1.0,1.0,1.0,3.66,1.83,0.17391304347826086,0.17391304347826086,30,4.155,0.715,7329.599999999999,0.0,906.0,0.0,0.0,8235.599999999999,10047.599999999999,1.0,1.2,0.644076923076923,10047.599999999999,0.0,1.0,366.48,5222.339999999999,0.0,679.5,0.0,0.0,6176.699999999999,0.167837166,0.83918583,,0.1391636617443719,0.1391637252053515,138.39612921180336,691.9806460590167,61.81057757436009,66.01688437137115,1.8631925224903285,3.998976966481716,4.271113624240117,-0.27213665775840123,0.6845685223518169,726.759957274103,6236.360042725897,0.0,0.0,726.759957274103,7142.360042725897,14284.720085451794,726.759957274103,0.40375553181894613,1453.519914548206,6395.4876240121075,8954.360042725897,17908.720085451794,78798.3683759879,9681.12,19362.24,85193.85600000001,0.80676,0.7384835304000001,3.6924176520000005,0.167837166,536.7002590011328,536.7002590011328,0.0,1073.4005180022657,1073.4005180022657,0.0,1453.519914548206,0.0,1453.519914548206,6395.4876240121075,0.0,16471.199999999997,-0.06371562119394977,37.00431262347683
51,51,2025,4NB,4,NB,AM-Shoulder,1,OP,AM,4.4,70,12000,1,8,75,1800,1,4,0.05,0.01,6983.0,0.0,863.0,0.0,0.0,1.0,1.0,1.0,3.66,1.83,0.17391304347826086,0.17391304347826086,30,4.155,0.715,6983.0,0.0,863.0,0.0,0.0,7846.0,9572.0,1.0,1.2,0.6135897435897436,9572.0,0.0,1.0,349.15000000000003,4975.387500000001,0.0,647.25,0.0,0.0,5884.5,0.174664118,0.8733205900000001,,0.12999204431208666,0.12999215390075883,142.65030971367918,713.2515485683958,64.0058372417509,68.57385799771197,1.341022569430046,3.849863602669236,4.124623805839279,-0.2747602031700427,0.48387747114266844,646.7607923698022,5987.089207630198,0.0,0.0,646.7607923698022,6850.089207630198,6850.089207630198,646.7607923698022,0.3593115513165568,646.7607923698022,2845.74748642713,8576.089207630197,8576.089207630197,37734.79251357287,9222.849999999999,9222.849999999999,40580.54,0.7685708333333332,0.7685221192000001,3.8426105960000005,0.174664118,497.0499747675116,497.0499747675116,0.0,497.0499747675116,497.0499747675116,0.0,646.7607923698022,0.0,646.7607923698022,2845.74748642713,0.0,7846.0,-0.06661460925989454,38.14179404109069
52,52,2025,4NB,4,NB,MD,5,OP,MD,4.4,70,12000,1,8,75,1800,1,4,0.05,0.01,7316.0,0.0,904.0,0.0,0.0,1.0,1.0,1.0,3.66,1.83,0.17391304347826086,0.17391304347826086,30,4.136,0.708,7316.0,0.0,904.0,0.0,0.0,8220.0,10028.0,1.0,1.2,0.6428205128205128,10028.0,0.0,1.0,365.8,5212.65,0.0,678.0,0.0,0.0,6165.0,0.415252552,2.07626276,,0.10278644329458769,0.10278647856083829,153.2713032937667,766.3565164688335,60.69638650126495,70.55883170792974,2.04254564140797,3.7415585492231216,4.349517577862696,-0.6079590286395744,0.7919819388147512,535.7897536395325,6414.410246360468,0.0,0.0,535.7897536395325,7318.410246360468,36592.05123180234,535.7897536395325,0.2976609742441847,2678.9487681976625,11787.374580069716,9126.410246360469,45632.05123180234,200781.02541993032,9662.2,48311.0,212568.40000000002,0.8051833333333334,1.8271112288000002,9.135556144,0.415252552,978.9474751507755,978.9474751507755,0.0,4894.737375753877,4894.737375753877,0.0,2678.9487681976625,0.0,2678.9487681976625,11787.374580069716,0.0,41100.0,-0.139776197648641,40.98163189672906
53,53,2025,4NB,4,NB,PM-Shoulder,1,OP,PM,4.4,70,12000,1,8,75,1800,1,4,0.05,0.01,7941.0,0.0,982.0,0.0,0.0,1.0,1.0,1.0,3.66,1.83,0.17391304347826086,0.17391304347826086,30,4.135,0.592,7941.0,0.0,982.0,0.0,0.0,8923.0,10887.0,1.0,1.2,0.6978846153846154,10887.0,0.0,1.0,397.05,5657.9625,0.0,736.5,0.0,0.0,6692.25,1.419297409,7.096487045,,0.03315821444316539,0.03315822330265226,185.31869112232607,926.5934556116302,50.020951661136664,74.17439675261848,3.990314537364335,3.559179603178645,5.277788431304726,-1.7186088281260812,2.063713008030332,187.60793388638817,7356.3420661136115,0.0,0.0,187.60793388638817,8338.342066113612,8338.342066113612,187.60793388638817,0.10422662993688231,187.60793388638817,825.474909100108,10302.342066113612,10302.342066113612,45330.30509089989,10489.949999999999,10489.949999999999,46155.78,0.8741625,6.2449085996,31.224542998000004,1.419297409,1171.5943996802937,1171.5943996802937,0.0,1171.5943996802937,1171.5943996802937,0.0,187.60793388638817,0.0,187.60793388638817,825.474909100108,0.0,8923.0,-0.32563048907612663,49.550452171744936
54,54,2025,4NB,4,NB,PM-Peak,3,Peak,PM,4.4,70,12000,1,8,75,1800,1,4,0.05,0.01,6919.0,0.0,855.0,0.0,0.0,1.0,1.0,1.0,3.66,1.83,0.17391304347826086,0.17391304347826086,30,4.135,0.592,8302.8,0.0,1026.0,0.0,0.0,9328.8,11380.8,1.0,1.2,0.7295384615384615,11380.8,0.0,1.0,415.14,5915.744999999999,0.0,769.5,0.0,0.0,6996.599999999999,1.202351064,6.01175532,,0.07614735316564304,0.07614737014268301,145.82859212784885,729.1429606392443,47.49550519210306,71.19258315727387,4.72964205806999,3.708251453902002,5.558420716491179,-1.8501692625891772,2.4481792387357726,450.46832375288693,7437.191676247112,0.0,0.0,450.46832375288693,8463.191676247112,25389.575028741336,450.46832375288693,0.250260179862715,1351.4049712586607,5946.1818735381075,10515.191676247112,31545.575028741336,138800.53012646188,10965.659999999998,32896.979999999996,144746.71199999997,0.9138049999999999,5.2903446816,26.451723408000003,1.202351064,2383.1327007953523,2383.1327007953523,0.0,7149.398102386057,7149.398102386057,0.0,1351.4049712586607,0.0,1351.4049712586607,5946.1818735381075,0.0,27986.399999999998,-0.33285880233929455,38.991602173221615
55,55,2025,4NB,4,NB,PM-Late,3,OP,PM,4.4,70,12000,1,8,75,1800,1,4,0.05,0.01,7138.0,0.0,882.0,0.0,0.0,1.0,1.0,1.0,3.66,1.83,0.17391304347826086,0.17391304347826086,30,4.135,0.592,7138.0,0.0,882.0,0.0,0.0,8020.0,9784.0,1.0,1.2,0.6271794871794871,9784.0,0.0,1.0,356.90000000000003,5085.825000000001,0.0,661.5,0.0,0.0,6015.0,0.187399184,0.93699592,,0.1266187251950268,0.12661883406904967,122.90015833794916,614.5007916897458,62.87753899779995,68.45637524020978,1.4476790835476567,3.856470621963813,4.19863760903933,-0.3421669870755166,0.5852763815267389,643.9606780649972,6137.139321935003,0.0,0.0,643.9606780649972,7019.139321935003,21057.41796580501,643.9606780649972,0.35775593225833174,1931.8820341949915,8500.280950457964,8783.139321935003,26349.41796580501,115937.43904954205,9427.1,28281.3,124437.72000000002,0.7855916666666667,0.8245564096000001,4.122782048,0.187399184,530.9819046288557,530.9819046288557,0.0,1592.9457138865669,1592.9457138865669,0.0,1931.8820341949915,0.0,1931.8820341949915,8500.280950457964,0.0,24060.0,-0.08149476543030496,32.86100490319496
56,56,2025,4SB,4,SB,Night,8,OP,NT,4.4,70,12000,1,8,75,1800,1,4,0.05,0.01,2482.0,0.0,307.0,0.0,0.0,1.0,1.0,1.0,3.66,1.83,0.17391304347826086,0.17391304347826086,30,4.103,0.708,2482.0,0.0,307.0,0.0,0.0,2789.0,3403.0,1.0,1.2,0.21814102564102564,3403.0,0.0,1.0,124.10000000000001,1768.4250000000002,0.0,230.25,0.0,0.0,2091.75,0.147646003,0.738230015,,0.12962872105746237,0.12962872124390215,134.5221301572938,672.610650786469,69.99832416295163,74.88880338781019,0.0,3.525226576700408,3.7715188635862886,-0.24629228688588078,0.00012370025607312375,229.23867103604292,2128.661328963957,0.0,0.0,229.23867103604292,2435.661328963957,19485.290631711658,229.23867103604292,0.12735481724224607,1833.9093682883433,8069.201220468712,3049.661328963957,24397.290631711658,107348.07877953131,3278.9,26231.2,115417.28000000001,0.27324166666666666,0.6496424132,3.2482120660000002,0.147646003,148.92316345061587,148.92316345061587,0.0,1191.385307604927,1191.385307604927,0.0,1833.9093682883433,0.0,1833.9093682883433,8069.201220468712,0.0,22312.0,-0.06530320960709304,35.968483999276415
57,57,2025,4SB,4,SB,AM-Early,1,OP,AM,4.4,70,12000,1,8,75,1800,1,4,0.05,0.01,6693.0,0.0,827.0,0.0,0.0,1.0,1.0,1.0,3.66,1.83,0.17391304347826086,0.17391304347826086,30,4.155,0.715,6693.0,0.0,827.0,0.0,0.0,7520.0,9174.0,1.0,1.2,0.588076923076923,9174.0,0.0,1.0,334.65000000000003,4768.762500000001,0.0,620.25,0.0,0.0,5640.0,0.795369856,3.9768492799999997,,0.020002178870658263,0.020002180993594545,276.8285029032696,1384.142514516348,63.21532632120325,74.75645653011642,3.64420325243161,3.5314675447952086,4.176202439556986,-0.6447348947617777,0.5545401993359297,95.38564051668749,6262.964359483313,0.0,0.0,95.38564051668749,7089.964359483313,7089.964359483313,95.38564051668749,0.05299202250927083,95.38564051668749,419.696818273425,8743.964359483314,8743.964359483314,38473.44318172659,8839.350000000002,8839.350000000002,38893.140000000014,0.7366125000000002,3.4996273664000004,17.498136832,0.7953698559999999,333.8141979137922,333.8141979137922,0.0,333.8141979137922,333.8141979137922,0.0,95.38564051668749,0.0,95.38564051668749,419.696818273425,0.0,7520.0,-0.15438305592057733,74.01831628429667
58,58,2025,4SB,4,SB,AM-Peak,2,Peak,AM,4.4,70,12000,1,8,75,1800,1,4,0.05,0.01,8936.0,0.0,1104.0,0.0,0.0,1.0,1.0,1.0,3.66,1.83,0.17391304347826086,0.17391304347826086,30,4.155,0.715,10723.199999999999,0.0,1324.8,0.0,0.0,12047.999999999998,14697.599999999999,1.0,1.2,0.942153846153846,14697.599999999999,0.0,1.0,536.16,7640.279999999999,0.0,993.5999999999999,0.0,0.0,9035.999999999998,1.233788573,6.168942865,,0.1739130120248268,0.17391298620587806,53.80836201500366,269.0418100750183,20.752829440987693,34.84771317276959,0.8581483555333308,7.5758199308840934,12.721156927092993,-5.1453369962089,12.26112784726026,1328.7441075130437,8858.295892486956,0.0,0.0,1328.7441075130437,10183.095892486956,20366.19178497391,1328.7441075130437,0.7381911708405798,2657.4882150260873,11692.948146114786,12832.695892486956,25665.391784973912,112927.72385388523,14161.439999999999,28322.879999999997,124620.672,1.1801199999999998,5.4286697212,27.143348606000004,1.233788573,7213.312903678978,7213.312903678978,0.0,14426.625807357956,14426.625807357956,0.0,2657.4882150260873,0.0,2657.4882150260873,11692.948146114786,0.0,24095.999999999996,-0.4044708374951789,14.387262570856596
59,59,2025,4SB,4,SB,AM-Shoulder,1,OP,AM,4.4,70,12000,1,8,75,1800,1,4,0.05,0.01,7943.0,0.0,982.0,0.0,0.0,1.0,1.0,1.0,3.66,1.83,0.17391304347826086,0.17391304347826086,30,4.155,0.715,7943.0,0.0,982.0,0.0,0.0,8925.0,10889.0,1.0,1.2,0.6980128205128205,10889.0,0.0,1.0,397.15000000000003,5659.387500000001,0.0,736.5,0.0,0.0,6693.75,0.683611767,3.418058835,,0.10820481599791971,0.10820483851631464,154.29000606720206,771.4500303360103,54.2928490093439,68.24754277598798,2.080597960463965,3.8682711385894026,4.862518818170052,-0.9942476795806496,1.4947936380358293,612.372983098427,6933.477016901574,0.0,0.0,612.372983098427,7915.477016901574,7915.477016901574,612.372983098427,0.3402072128324594,612.372983098427,2694.441125633079,9879.477016901574,9879.477016901574,43469.69887436693,10491.85,10491.85,46164.14000000001,0.8743208333333333,3.0078917748000005,15.039458874000001,0.683611767,1841.951658971498,1841.951658971498,0.0,1841.951658971498,1841.951658971498,0.0,612.372983098427,0.0,612.372983098427,2694.441125633079,0.0,8925.0,-0.2044717391869801,41.254012317433705
60,60,2025,4SB,4,SB,MD,5,OP,MD,4.4,70,12000,1,8,75,1800,1,4,0.05,0.01,7386.0,0.0,913.0,0.0,0.0,1.0,1.0,1.0,3.66,1.83,0.17391304347826086,0.17391304347826086,30,4.136,0.708,7386.0,0.0,913.0,0.0,0.0,8299.0,10125.0,1.0,1.2,0.6490384615384616,10125.0,0.0,1.0,369.3,5262.525,0.0,684.75,0.0,0.0,6224.25,0.188471815,0.9423590749999999,,0.13719782677333558,0.13719785775459906,135.61780600226544,678.0890300113273,61.28911488585381,66.07270620265034,1.2481996566203017,3.995598412304933,4.307453297240127,-0.3118548849351943,0.7343538743618329,722.0069933403478,6294.693006659652,0.0,0.0,722.0069933403478,7207.693006659652,36038.465033298264,722.0069933403478,0.4011149963001932,3610.034966701739,15884.153853487653,9033.693006659652,45168.465033298264,198741.24614651236,9755.7,48778.5,214625.40000000002,0.8129750000000001,0.829275986,4.14637993,0.188471815,598.7430613012123,598.7430613012123,0.0,2993.715306506061,2993.715306506061,0.0,3610.034966701739,0.0,3610.034966701739,15884.153853487653,0.0,41495.0,-0.07239890102465094,36.2614454551512
61,61,2025,4SB,4,SB,PM-Shoulder,1,OP,PM,4.4,70,12000,1,8,75,1800,1,4,0.05,0.01,4922.0,0.0,608.0,0.0,0.0,1.0,1.0,1.0,3.66,1.83,0.17391304347826086,0.17391304347826086,30,4.135,0.592,4922.0,0.0,608.0,0.0,0.0,5530.0,6746.0,1.0,1.2,0.43243589743589744,6746.0,0.0,1.0,246.10000000000002,3506.9249999999997,0.0,456.0,0.0,0.0,4147.5,0.186849115,0.934245575,,0.05935783484841051,0.05935784360132836,157.3748829376472,786.874414688236,69.46078474073539,74.69699875882816,2.058855836997906,3.5342785438056015,3.800705692937223,-0.26642714913162147,0.04010965646685306,208.163474975762,4467.736525024237,0.0,0.0,208.163474975762,5075.736525024237,5075.736525024237,208.163474975762,0.11564637498653445,208.163474975762,915.9192898933529,6291.736525024237,6291.736525024237,27683.640710106647,6499.9,6499.9,28599.56,0.5416583333333334,0.8221361060000001,4.110680530000001,0.186849115,171.13870872800143,171.13870872800143,0.0,171.13870872800143,171.13870872800143,0.0,208.163474975762,0.0,208.163474975762,915.9192898933529,0.0,5530.0,-0.0700993896019673,42.07884570525326
62,62,2025,4SB,4,SB,PM-Peak,3,Peak,PM,4.4,70,12000,1,8,75,1800,1,4,0.05,0.01,6721.0,0.0,831.0,0.0,0.0,1.0,1.0,1.0,3.66,1.83,0.17391304347826086,0.17391304347826086,30,4.135,0.592,8065.2,0.0,997.1999999999999,0.0,0.0,9062.4,11056.8,1.0,1.2,0.7087692307692307,11056.8,0.0,1.0,403.26,5746.455,0.0,747.9,0.0,0.0,6796.799999999999,0.212310187,1.061550935,,0.1739130374256133,0.17391303742480987,-371.4759421579157,-1857.3797107895787,56.29417975863259,54.79563900894491,0.6475885777683491,4.817901657409348,4.689649998133532,0.12825165927581672,1.2579633545857953,999.3834434796025,6662.556556520397,0.0,0.0,999.3834434796025,7659.756556520397,22979.26966956119,999.3834434796025,0.5552130241553347,2998.1503304388075,13191.861453930755,9654.156556520396,28962.46966956119,127434.86654606924,10653.539999999999,31960.619999999995,140626.728,0.8877949999999999,0.9341648228000001,4.670824114000001,0.212310187,933.5888573873768,933.5888573873768,0.0,2800.7665721621306,2800.7665721621306,0.0,2998.1503304388075,0.0,2998.1503304388075,13191.861453930755,0.0,27187.199999999997,0.027347810460665624,-99.32511822404163
63,63,2025,4SB,4,SB,PM-Late,3,OP,PM,4.4,70,12000,1,8,75,1800,1,4,0.05,0.01,6114.0,0.0,756.0,0.0,0.0,1.0,1.0,1.0,3.66,1.83,0.17391304347826086,0.17391304347826086,30,4.135,0.592,6114.0,0.0,756.0,0.0,0.0,6870.0,8382.0,1.0,1.2,0.5373076923076923,8382.0,0.0,1.0,305.7,4356.225,0.0,567.0,0.0,0.0,5152.5,0.163716463,0.818582315,,0.10358680771262006,0.10358684619226183,131.8591233148979,659.2956165744895,67.54168723118882,72.7256337836209,1.6922026189998078,3.6300818056185498,3.908697144274068,-0.27861533865551813,0.18805794479833038,451.24744142790837,5357.052558572092,0.0,0.0,451.24744142790837,6113.052558572092,18339.157675716277,451.24744142790837,0.25069302301550467,1353.742324283725,5956.466226848391,7625.052558572092,22875.157675716277,100650.69377315162,8076.3,24228.9,106607.16000000002,0.673025,0.7203524372000001,3.601762186,0.163716463,325.05719421285806,325.05719421285806,0.0,975.1715826385741,975.1715826385741,0.0,1353.742324283725,0.0,1353.742324283725,5956.466226848391,0.0,20610.0,-0.07128087144425287,35.2564500841973
64,64,2025,5NB,5,NB,Night,8,OP,NT,3.0,70,8000,1,8,75,1800,1,4,0.05,0.01,1592.0,0.0,197.0,0.0,0.0,1.0,1.0,1.0,3.66,1.83,0.2448979591836735,0.2448979591836735,30,4.103,0.708,1592.0,0.0,197.0,0.0,0.0,1789.0,2183.0,1.0,1.2,0.1881896551724138,2183.0,0.0,1.0,79.60000000000001,1134.3000000000002,0.0,147.75,0.0,0.0,1341.75,0.117777617,0.588888085,,0.21202471908399928,0.21202471914529528,106.58963373833829,532.9481686916914,69.99915421152633,74.92506618367095,0.0,2.4024002802846893,2.571459641584648,-0.1690593612999587,4.256611382508075e-05,240.49963885698043,1271.9003611430196,0.0,0.0,240.49963885698043,1468.9003611430196,11751.202889144157,240.49963885698043,0.13361091047610024,1923.9971108558434,5771.99133256753,1862.9003611430196,14903.202889144157,44709.60866743247,2103.4,16827.2,50481.6,0.262925,0.353332851,1.766664255,0.117777617,84.97642306180728,84.97642306180728,0.0,679.8113844944583,679.8113844944583,0.0,1923.9971108558434,0.0,1923.9971108558434,5771.99133256753,0.0,14312.0,-0.06574451279187753,41.7998563679758
65,65,2025,5NB,5,NB,AM-Early,1,OP,AM,3.0,70,8000,1,8,75,1800,1,4,0.05,0.01,2313.0,0.0,286.0,0.0,0.0,1.0,1.0,1.0,3.66,1.83,0.2448979591836735,0.2448979591836735,30,4.155,0.715,2313.0,0.0,286.0,0.0,0.0,2599.0,3171.0,1.0,1.2,0.27336206896551724,3171.0,0.0,1.0,115.65,1648.0124999999998,0.0,214.5,0.0,0.0,1949.25,0.169543156,0.84771578,,0.11196048075500448,0.11196048238926862,152.10332682031097,760.5166341015548,69.97360630234616,74.94204913029085,0.9914599121518277,2.401855861814776,2.572398501547072,-0.17054263973229622,0.0013288042623457162,184.5122717902568,2012.837728209743,0.0,0.0,184.5122717902568,2298.837728209743,2298.837728209743,184.5122717902568,0.10250681766125377,184.5122717902568,553.5368153707703,2870.837728209743,2870.837728209743,8612.51318462923,3055.35,3055.35,9166.05,0.38191875,0.508629468,2.54314734,0.169543156,93.84837864014972,93.84837864014972,0.0,93.84837864014972,93.84837864014972,0.0,184.5122717902568,0.0,184.5122717902568,553.5368153707703,0.0,2599.0,-0.06629713072439196,59.64836345894547
66,66,2025,5NB,5,NB,AM-Peak,2,Peak,AM,3.0,70,8000,1,8,75,1800,1,4,0.05,0.01,4412.0,0.0,545.0,0.0,0.0,1.0,1.0,1.0,3.66,1.83,0.2448979591836735,0.2448979591836735,30,4.155,0.715,5116.401177887439,0.0,632.0123848478365,0.0,0.0,5748.413562735275,7012.438332430949,1.0,1.2,0.6045205458992198,7012.438332430949,0.0,1.0,255.82005889437198,3645.4358392448003,0.0,474.0092886358774,0.0,0.0,4311.310172051457,0.167837166,0.83918583,,0.2187576985425109,0.21875781995389115,111.06578686993508,555.3289343496754,61.80053876812112,67.12936509771042,1.4378387574585703,2.6813898766657522,2.912595967413318,-0.2312060907475657,0.4673993324991029,797.4671543775793,4063.113964615488,0.0,0.0,797.4671543775793,4695.126349463324,9390.252698926648,797.4671543775793,0.44303730798754404,1594.9343087551586,4784.802926265475,5959.151119158998,11918.302238317996,35754.90671495399,6756.618273536577,13513.236547073155,40539.709641219466,0.8445772841920721,0.5035114980000001,2.51755749,0.16783716599999998,401.53388150645225,401.53388150645225,0.0,803.0677630129045,803.0677630129045,0.0,1594.9343087551586,0.0,1594.9343087551586,4784.802926265475,0.0,11496.82712547055,-0.07938144985928147,43.55521053722944
67,67,2025,5NB,5,NB,AM-Shoulder,1,OP,AM,3.0,70,8000,1,8,75,1800,1,4,0.05,0.01,4147.0,0.0,512.0,0.0,0.0,1.0,1.0,1.0,3.66,1.83,0.2448979591836735,0.2448979591836735,30,4.155,0.715,4147.0,0.0,512.0,0.0,0.0,4659.0,5683.0,1.0,1.2,0.4899137931034483,5683.0,0.0,1.0,207.35000000000002,2954.7375,0.0,384.0,0.0,0.0,3494.25,0.174664118,0.8733205900000001,,0.15993322631321755,0.15993324633618697,129.83099374583233,649.1549687291615,67.80450045802355,73.50367294825087,1.3131683758067412,2.448857217335605,2.6546910423952537,-0.20583382505964876,0.11406958522435483,472.56070128365064,3467.0892987163493,0.0,0.0,472.56070128365064,3979.0892987163493,3979.0892987163493,472.56070128365064,0.2625337229353615,472.56070128365064,1417.682103850952,5003.08929871635,5003.08929871635,15009.26789614905,5475.650000000001,5475.650000000001,16426.95,0.6844562500000001,0.523992354,2.61996177,0.174664118,247.6181942735109,247.6181942735109,0.0,247.6181942735109,247.6181942735109,0.0,472.56070128365064,0.0,472.56070128365064,1417.682103850952,0.0,4659.0,-0.07753588714185386,50.91411519444405
68,68,2025,5NB,5,NB,MD,5,OP,MD,3.0,70,8000,1,8,75,1800,1,4,0.05,0.01,4546.0,0.0,562.0,0.0,0.0,1.0,1.0,1.0,3.66,1.83,0.2448979591836735,0.2448979591836735,30,4.136,0.708,4546.0,0.0,562.0,0.0,0.0,5108.0,6232.0,1.0,1.2,0.5372413793103449,6232.0,0.0,1.0,227.3,3239.0249999999996,0.0,421.5,0.0,0.0,3831.0,0.415252552,2.07626276,,0.08983044967877397,0.08983045549425046,161.7406682691848,808.7033413459241,64.072772015517,74.4880850066125,2.18258729724875,2.4164938591725234,2.80930564322093,-0.39281178404840666,0.3258915883555312,290.96307227079086,4027.736927729209,0.0,0.0,290.96307227079086,4589.736927729209,22948.684638646046,290.96307227079086,0.1616461512615505,1454.8153613539544,4364.446084061863,5713.736927729209,28568.684638646046,85706.05391593813,6004.7,30023.5,90070.5,0.7505875,1.2457576559999999,6.22878828,0.415252552,362.469474894619,362.469474894619,0.0,1812.347374473095,1812.347374473095,0.0,1454.8153613539544,0.0,1454.8153613539544,4364.446084061863,0.0,25540.0,-0.1398252215796781,63.427713046739136
69,69,2025,5NB,5,NB,PM-Shoulder,1,OP,PM,3.0,70,8000,1,8,75,1800,1,4,0.05,0.01,5076.0,0.0,627.0,0.0,0.0,1.0,1.0,1.0,3.66,1.83,0.2448979591836735,0.2448979591836735,30,4.135,0.592,5076.0,0.0,627.0,0.0,0.0,5703.0,6957.0,1.0,1.2,0.5997413793103449,6957.0,0.0,1.0,253.8,3616.6499999999996,0.0,470.25,0.0,0.0,4277.25,1.419297409,7.096487045,,0.014876505203297979,0.014876510368493648,226.24779654452342,1131.2389827226173,53.54200819960734,74.93609072142029,3.3216431656912087,2.4020468410763716,3.361846259650008,-0.9597994185736365,1.0828722328633686,53.80311254350763,4768.396887456493,0.0,0.0,53.80311254350763,5395.396887456493,5395.396887456493,53.80311254350763,0.029890618079726462,53.80311254350763,161.40933763052288,6649.396887456493,6649.396887456493,19948.190662369478,6703.2,6703.2,20109.600000000002,0.8379,4.257892226999999,21.289461135,1.419297409,229.0878546874073,229.0878546874073,0.0,229.0878546874073,229.0878546874073,0.0,53.80311254350763,0.0,53.80311254350763,161.40933763052288,0.0,5703.0,-0.2854977129958222,88.72462609589155
70,70,2025,5NB,5,NB,PM-Peak,3,Peak,PM,3.0,70,8000,1,8,75,1800,1,4,0.05,0.01,5606.0,0.0,693.0,0.0,0.0,1.0,1.0,1.0,3.66,1.83,0.2448979591836735,0.2448979591836735,30,4.135,0.592,6579.425558912203,0.0,813.3324852526144,0.0,0.0,7392.758044164818,9019.423014670047,1.0,1.2,0.7775364667819006,9019.423014670047,0.0,1.0,328.97127794561015,4687.840710724944,0.0,609.9993639394609,0.0,0.0,5544.568533123614,1.202351064,6.01175532,,0.2224837720105987,0.22248383340859795,98.21788324164554,491.08941620822776,35.412634147733314,56.07553607471369,1.7615104482048305,3.2099559380078393,5.082931680514973,-1.8729757425071334,3.4407592594483702,1042.9684839069314,5207.485797059661,0.0,0.0,1042.9684839069314,6020.818282312276,18062.454846936827,1042.9684839069314,0.5794269355038508,3128.905451720794,9386.716355162382,7647.483252817505,22942.449758452516,68827.34927535756,8690.451736724437,26071.35521017331,78214.06563051994,1.0863064670905547,3.6070531919999995,18.03526596,1.202351064,3762.042799031897,3762.042799031897,0.0,11286.128397095692,11286.128397095692,0.0,3128.905451720794,0.0,3128.905451720794,9386.716355162382,0.0,22178.274132494455,-0.36848335964991263,38.516816957508055
71,71,2025,5NB,5,NB,PM-Late,3,OP,PM,3.0,70,8000,1,8,75,1800,1,4,0.05,0.01,4570.0,0.0,565.0,0.0,0.0,1.0,1.0,1.0,3.66,1.83,0.2448979591836735,0.2448979591836735,30,4.135,0.592,4570.0,0.0,565.0,0.0,0.0,5135.0,6265.0,1.0,1.2,0.5400862068965517,6265.0,0.0,1.0,228.5,3256.125,0.0,423.75,0.0,0.0,3851.25,0.187399184,0.93699592,,0.16952210995756023,0.16952214123642023,110.05549865173022,550.2774932586511,65.56517837834697,72.43939016180869,1.3465150777338346,2.484835937988047,2.745359723743928,-0.26052378575588087,0.2382856786720385,551.9851802855608,3789.514819714439,0.0,0.0,551.9851802855608,4354.514819714439,13063.544459143317,551.9851802855608,0.3066584334919782,1655.9555408566823,4967.866622570047,5484.514819714439,16453.54445914332,49360.63337742996,6036.5,18109.5,54328.5,0.7545625,0.562197552,2.8109877599999997,0.187399184,310.3247170968209,310.3247170968209,0.0,930.9741512904627,930.9741512904627,0.0,1655.9555408566823,0.0,1655.9555408566823,4967.866622570047,0.0,15405.0,-0.09489604713825876,43.15901907910989
72,72,2025,5SB,5,SB,Night,8,OP,NT,3.0,70,8000,1,8,75,1800,1,4,0.05,0.01,1472.0,0.0,182.0,0.0,0.0,1.0,1.0,1.0,3.66,1.83,0.2448979591836735,0.2448979591836735,30,4.103,0.708,1472.0,0.0,182.0,0.0,0.0,1654.0,2018.0,1.0,1.2,0.17396551724137932,2018.0,0.0,1.0,73.60000000000001,1048.8000000000002,0.0,136.5,0.0,0.0,1240.5,0.147646003,0.738230015,,0.1350462919660707,0.1350462919697976,132.13410186684104,660.6705093342052,69.99935892346323,74.9846698444998,0.0,2.4004906652690043,2.571452121394578,-0.17096145612557345,3.2263453428698145e-05,141.63655101401497,1256.7634489859852,0.0,0.0,141.63655101401497,1438.7634489859852,11510.107591887881,141.63655101401497,0.07868697278556387,1133.0924081121198,3399.2772243363593,1802.7634489859852,14422.107591887881,43266.32277566365,1944.4,15555.2,46665.600000000006,0.24305000000000002,0.442938009,2.2146900449999998,0.147646003,62.736211907774724,62.736211907774724,0.0,501.8896952621978,501.8896952621978,0.0,1133.0924081121198,0.0,1133.0924081121198,3399.2772243363593,0.0,13232.0,-0.06648440183006626,51.817294849741586
73,73,2025,5SB,5,SB,AM-Early,1,OP,AM,3.0,70,8000,1,8,75,1800,1,4,0.05,0.01,3483.0,0.0,430.0,0.0,0.0,1.0,1.0,1.0,3.66,1.83,0.2448979591836735,0.2448979591836735,30,4.155,0.715,3483.0,0.0,430.0,0.0,0.0,3913.0,4773.0,1.0,1.2,0.4114655172413793,4773.0,0.0,1.0,174.15,2481.6375,0.0,322.5,0.0,0.0,2934.75,0.795369856,3.9768492799999997,,0.010001191836045451,0.010000517700784363,577.6457853186408,2888.2289265932045,68.9384041476182,74.98880430697182,2.318323513163588,2.4003583156647976,2.611026498590901,-0.21066818292610323,0.05424916021239168,24.81933270502424,3284.0306672949755,0.0,0.0,24.81933270502424,3714.0306672949755,3714.0306672949755,24.81933270502424,0.01378851816945791,24.81933270502424,74.45799811507273,4574.0306672949755,4574.0306672949755,13722.092001884927,4598.849999999999,4598.849999999999,13796.55,0.57485625,2.386109568,11.93054784,0.795369856,59.22164723883367,59.22164723883367,0.0,59.22164723883367,59.22164723883367,0.0,24.81933270502424,0.0,24.81933270502424,74.45799811507273,0.0,3913.0,-0.08068404630891148,226.52775894848662
74,74,2025,5SB,5,SB,AM-Peak,2,Peak,AM,3.0,70,8000,1,8,75,1800,1,4,0.05,0.01,4270.0,0.0,528.0,0.0,0.0,1.0,1.0,1.0,3.66,1.83,0.2448979591836735,0.2448979591836735,30,4.155,0.715,5124.0,0.0,633.6,0.0,0.0,5757.6,7024.8,1.0,1.2,0.6055862068965517,7024.8,0.0,1.0,256.2,3650.8500000000004,0.0,475.20000000000005,0.0,0.0,4318.200000000001,1.233788573,6.168942865,,0.04855282209979886,0.048552828150084576,208.76744830352536,1043.8372415176266,54.34321670990739,74.74863452633599,4.613490160667762,2.4080707445776963,3.3122809229506642,-0.9042101783729679,1.0149677215852673,177.25907056305067,4690.540929436949,0.0,0.0,177.25907056305067,5324.14092943695,10648.2818588739,177.25907056305067,0.09847726142391704,354.51814112610134,1063.554423378304,6591.340929436949,13182.681858873899,39548.0455766217,6768.6,13537.2,40611.600000000006,0.846075,3.701365719,18.506828595,1.233788573,656.1006471638777,656.1006471638777,0.0,1312.2012943277555,1312.2012943277555,0.0,354.51814112610134,0.0,354.51814112610134,1063.554423378304,0.0,11515.2,-0.2729871648590345,81.86958757000994
75,75,2025,5SB,5,SB,AM-Shoulder,1,OP,AM,3.0,70,8000,1,8,75,1800,1,4,0.05,0.01,3240.0,0.0,400.0,0.0,0.0,1.0,1.0,1.0,3.66,1.83,0.2448979591836735,0.2448979591836735,30,4.155,0.715,3240.0,0.0,400.0,0.0,0.0,3640.0,4440.0,1.0,1.2,0.38275862068965516,4440.0,0.0,1.0,162.0,2308.5,0.0,300.0,0.0,0.0,2730.0,0.683611767,3.418058835,,0.010000576865192942,0.010000584021175131,540.9132736828765,2704.566368414383,69.4007670846296,74.9916166019443,2.1565846498018932,2.4002682987278496,2.593631274716344,-0.1933629759884945,0.030417703504248925,23.086331693297907,3054.913668306702,0.0,0.0,23.086331693297907,3454.913668306702,3454.913668306702,23.086331693297907,0.01282573982960995,23.086331693297907,69.25899507989372,4254.913668306703,4254.913668306703,12764.741004920108,4278.000000000001,4278.000000000001,12834.000000000002,0.5347500000000001,2.050835301,10.254176505,0.683611767,47.34626400721046,47.34626400721046,0.0,47.34626400721046,47.34626400721046,0.0,23.086331693297907,0.0,23.086331693297907,69.25899507989372,0.0,3640.0,-0.07455299366315742,212.12285242465745
76,76,2025,5SB,5,SB,MD,5,OP,MD,3.0,70,8000,1,8,75,1800,1,4,0.05,0.01,4470.0,0.0,552.0,0.0,0.0,1.0,1.0,1.0,3.66,1.83,0.2448979591836735,0.2448979591836735,30,4.136,0.708,4470.0,0.0,552.0,0.0,0.0,5022.0,6126.0,1.0,1.2,0.5281034482758621,6126.0,0.0,1.0,223.5,3184.875,0.0,414.0,0.0,0.0,3766.5,0.188471815,0.9423590749999999,,0.17135685129386344,0.17135688198907645,122.45729226556719,612.2864613278359,66.28527781465978,72.57901870463347,1.296816170902492,2.480055575462179,2.7155351223434243,-0.2354795468812454,0.19742597475334844,545.7501517645433,3700.7498482354567,0.0,0.0,545.7501517645433,4252.749848235457,21263.749241177284,545.7501517645433,0.30319452875807956,2728.7507588227163,8186.252276468149,5356.749848235457,26783.749241177284,80351.24772353185,5902.5,29512.5,88537.5,0.7378125,0.565415445,2.827077225,0.188471815,308.57556491876676,308.57556491876676,0.0,1542.8778245938338,1542.8778245938338,0.0,2728.7507588227163,0.0,2728.7507588227163,8186.252276468149,0.0,25110.0,-0.08671570658163084,48.02246755512439
77,77,2025,5SB,5,SB,PM-Shoulder,1,OP,PM,3.0,70,8000,1,8,75,1800,1,4,0.05,0.01,4630.0,0.0,572.0,0.0,0.0,1.0,1.0,1.0,3.66,1.83,0.2448979591836735,0.2448979591836735,30,4.135,0.592,4630.0,0.0,572.0,0.0,0.0,5202.0,6346.0,1.0,1.2,0.5470689655172414,6346.0,0.0,1.0,231.5,3298.875,0.0,429.0,0.0,0.0,3901.5,0.186849115,0.934245575,,0.17450188189818813,0.17450191706544274,108.79025877813132,543.9512938906565,65.22159650368766,72.08529270515689,1.3097776742201745,2.4970419519032214,2.75982204743827,-0.26278009553504855,0.258099062133287,575.6598956468854,3822.840104353115,0.0,0.0,575.6598956468854,4394.840104353115,4394.840104353115,575.6598956468854,0.3198110531371586,575.6598956468854,1726.9796869406562,5538.840104353115,5538.840104353115,16616.520313059344,6114.5,6114.5,18343.5,0.7643125,0.560547345,2.802736725,0.186849115,322.68462612783867,322.68462612783867,0.0,322.68462612783867,322.68462612783867,0.0,575.6598956468854,0.0,575.6598956468854,1726.9796869406562,0.0,5202.0,-0.09521631866770797,42.66284657965934
78,78,2025,5SB,5,SB,PM-Peak,3,Peak,PM,3.0,70,8000,1,8,75,1800,1,4,0.05,0.01,4957.0,0.0,613.0,0.0,0.0,1.0,1.0,1.0,3.66,1.83,0.2448979591836735,0.2448979591836735,30,4.135,0.592,5042.0059763869285,0.0,623.5121370839595,0.0,0.0,5665.518113470888,6912.542387638807,1.0,1.2,0.5959088265205867,6912.542387638807,0.0,1.0,252.10029881934645,3592.4292581756863,0.0,467.6341028129696,0.0,0.0,4249.138585103166,0.212310187,1.061550935,,0.19705963298968843,0.19705971772053518,103.49104382893981,517.455219144699,61.896585115892705,69.38556781338893,1.8167346634642652,2.594199423201469,2.9080764255891527,-0.31387700238768357,0.46120756019999654,707.9227911575194,4081.9828864100623,0.0,0.0,707.9227911575194,4705.495023494022,14116.485070482064,707.9227911575194,0.39329043953195525,2123.7683734725583,6371.305120417675,5952.519297661941,17857.557892985824,53572.67367895747,6660.44208881946,19981.32626645838,59943.978799375145,0.8325552611024325,0.636930561,3.1846528050000003,0.212310187,450.8976605166447,450.8976605166447,0.0,1352.692981549934,1352.692981549934,0.0,2123.7683734725583,0.0,2123.7683734725583,6371.305120417675,0.0,16996.554340412666,-0.10793285885672507,40.58472307017247
79,79,2025,5SB,5,SB,PM-Late,3,OP,PM,3.0,70,8000,1,8,75,1800,1,4,0.05,0.01,4118.0,0.0,509.0,0.0,0.0,1.0,1.0,1.0,3.66,1.83,0.2448979591836735,0.2448979591836735,30,4.135,0.592,4118.0,0.0,509.0,0.0,0.0,4627.0,5645.0,1.0,1.2,0.4866379310344828,5645.0,0.0,1.0,205.9,2934.075,0.0,381.75,0.0,0.0,3470.25,0.163716463,0.818582315,,0.1482580047790215,0.14825802389566572,115.93257303450584,579.6628651725291,67.80593480616322,73.81366290949546,1.4169329891181088,2.438572926813047,2.6546348857893616,-0.21606195897631464,0.11399265067428238,435.0001053720075,3477.0998946279924,0.0,0.0,435.0001053720075,3986.0998946279924,11958.299683883977,435.0001053720075,0.24166672520667085,1305.0003161160225,3915.0009483480676,5004.099894627992,15012.299683883977,45036.89905165193,5439.1,16317.3,48951.9,0.6798875000000001,0.49114938900000005,2.455746945,0.163716463,213.65003596839713,213.65003596839713,0.0,640.9501079051914,640.9501079051914,0.0,1305.0003161160225,0.0,1305.0003161160225,3915.0009483480676,0.0,13881.0,-0.0813904616913328,45.46375413117876
80,80,2025,6NB,6,NB,Night,8,OP,NT,4.4,70,8000,1,8,75,1800,1,4,0.05,0.01,1554.0,0.0,192.0,0.0,0.0,1.0,1.0,1.0,3.66,1.83,0.282574568288854,0.282574568288854,30,4.103,0.708,1554.0,0.0,192.0,0.0,0.0,1746.0,2130.0,1.0,1.2,0.18362068965517242,2130.0,0.0,1.0,77.7,959.595,0.0,124.80000000000001,0.0,0.0,1134.9,0.117777617,0.588888085,,0.2142657340469819,0.2142657340718721,106.00949068105575,530.0474534052787,69.99921526860601,74.95400165969053,0.0,3.522160180301306,3.771470851308265,-0.24931067100695925,5.7923435180158586e-05,205.6083270628136,1270.6916729371862,0.0,0.0,205.6083270628136,1462.6916729371862,11701.53338349749,205.6083270628136,0.11422684836822977,1644.8666165025088,7237.41311261104,1846.6916729371862,14773.53338349749,65003.54688738896,2052.2999999999997,16418.399999999998,72240.96,0.2565375,0.5182215148,2.591107574,0.117777617,106.5506587059851,106.5506587059851,0.0,852.4052696478808,852.4052696478808,0.0,1644.8666165025088,0.0,1644.8666165025088,7237.41311261104,0.0,13968.0,-0.06610436109309376,28.34478360456036
81,81,2025,6NB,6,NB,AM-Early,1,OP,AM,4.4,70,8000,1,8,75,1800,1,4,0.05,0.01,2259.0,0.0,279.0,0.0,0.0,1.0,1.0,1.0,3.66,1.83,0.282574568288854,0.282574568288854,30,4.155,0.715,2259.0,0.0,279.0,0.0,0.0,2538.0,3096.0,1.0,1.2,0.26689655172413795,3096.0,0.0,1.0,112.95,1394.9325000000001,0.0,181.35,0.0,0.0,1649.7,0.169543156,0.84771578,,0.1127714715416322,0.11277147250074585,151.6420636251232,758.2103181256161,69.97680117135747,74.96190494322832,1.5290370630982437,3.521788836608913,3.7726788818700543,-0.2508900452611411,0.0017129253048317776,157.30859072624787,1988.741409273752,0.0,0.0,157.30859072624787,2267.7414092737517,2267.7414092737517,157.30859072624787,0.08739366151458215,157.30859072624787,692.1577991954907,2825.7414092737517,2825.7414092737517,12433.26220080451,2983.0499999999997,2983.0499999999997,13125.42,0.37288124999999994,0.7459898864000001,3.7299494320000006,0.169543156,117.35061772561775,117.35061772561775,0.0,117.35061772561775,117.35061772561775,0.0,157.30859072624787,0.0,157.30859072624787,692.1577991954907,0.0,2538.0,-0.0665018288375445,40.54600631687786
82,82,2025,6NB,6,NB,AM-Peak,2,Peak,AM,4.4,70,8000,1,8,75,1800,1,4,0.05,0.01,4308.0,0.0,532.0,0.0,0.0,1.0,1.0,1.0,3.66,1.83,0.282574568288854,0.282574568288854,30,4.155,0.715,5169.599999999999,0.0,638.4,0.0,0.0,5807.999999999999,7084.799999999999,1.0,1.2,0.6107586206896551,7084.799999999999,0.0,1.0,258.47999999999996,3192.228,0.0,414.96,0.0,0.0,3775.1999999999994,0.167837166,0.83918583,,0.25213689661462174,0.25213702811355543,102.7668419597467,513.8342097987335,61.17902844545108,66.85714717766429,2.1365904084694973,3.9487176935392396,4.315204191831678,-0.3664864982924385,0.7449725999522571,804.8784612063007,4106.241538793699,0.0,0.0,804.8784612063007,4744.641538793699,9489.283077587397,804.8784612063007,0.44715470067016705,1609.7569224126014,7082.930458615447,6021.441538793699,12042.883077587398,52988.685541384555,6826.32,13652.64,60071.616,0.85329,0.7384835304000001,3.6924176520000005,0.167837166,594.3894875745485,594.3894875745485,0.0,1188.778975149097,1188.778975149097,0.0,1609.7569224126014,0.0,1609.7569224126014,7082.930458615447,0.0,11615.999999999998,-0.08492912084813203,27.477765229878795
83,83,2025,6NB,6,NB,AM-Shoulder,1,OP,AM,4.4,70,8000,1,8,75,1800,1,4,0.05,0.01,4049.0,0.0,500.0,0.0,0.0,1.0,1.0,1.0,3.66,1.83,0.282574568288854,0.282574568288854,30,4.155,0.715,4049.0,0.0,500.0,0.0,0.0,4549.0,5549.0,1.0,1.2,0.47836206896551725,5549.0,0.0,1.0,202.45000000000002,2500.2575,0.0,325.0,0.0,0.0,2956.85,0.174664118,0.8733205900000001,,0.16786439999133165,0.16786441207887454,126.88570409046088,634.4285204523045,68.05638203415599,73.94462019091529,2.0804659794839537,3.5702394483653674,3.8791365645547287,-0.3088971161893612,0.14755995058283536,419.70422506132695,3426.8457749386735,0.0,0.0,419.70422506132695,3926.8457749386735,3926.8457749386735,419.70422506132695,0.2331690139229594,419.70422506132695,1846.6985902698386,4926.8457749386735,4926.8457749386735,21678.121409730164,5346.55,5346.55,23524.820000000003,0.6683187500000001,0.7685221192000001,3.8426105960000005,0.17466411799999998,322.5519804813248,322.5519804813248,0.0,322.5519804813248,322.5519804813248,0.0,419.70422506132695,0.0,419.70422506132695,1846.6985902698386,0.0,4549.0,-0.07963037935087969,33.926658847716816
84,84,2025,6NB,6,NB,MD,5,OP,MD,4.4,70,8000,1,8,75,1800,1,4,0.05,0.01,4439.0,0.0,549.0,0.0,0.0,1.0,1.0,1.0,3.66,1.83,0.282574568288854,0.282574568288854,30,4.136,0.708,4439.0,0.0,549.0,0.0,0.0,4988.0,6086.0,1.0,1.2,0.5246551724137931,6086.0,0.0,1.0,221.95000000000002,2741.0825000000004,0.0,356.85,0.0,0.0,3242.2000000000003,0.415252552,2.07626276,,0.08080061791845368,0.08080061784138438,168.50950193271936,842.547509663597,64.61171613545245,74.72478033810957,3.4264680434348196,3.5329645507885186,4.08594626161219,-0.5529817108236719,0.430889235551558,221.48115976545984,3995.5688402345404,0.0,0.0,221.48115976545984,4544.56884023454,22722.844201172702,221.48115976545984,0.1230450887585888,1107.4057988272991,4872.585514840117,5642.56884023454,28212.844201172702,124136.5144851599,5864.05,29320.25,129009.10000000002,0.73300625,1.8271112288000002,9.135556144,0.415252552,404.6707139751185,404.6707139751185,0.0,2023.3535698755923,2023.3535698755923,0.0,1107.4057988272991,0.0,1107.4057988272991,4872.585514840117,0.0,24940.0,-0.13533748987816646,45.056016559550635
85,85,2025,6NB,6,NB,PM-Shoulder,1,OP,PM,4.4,70,8000,1,8,75,1800,1,4,0.05,0.01,4956.0,0.0,613.0,0.0,0.0,1.0,1.0,1.0,3.66,1.83,0.282574568288854,0.282574568288854,30,4.135,0.592,4956.0,0.0,613.0,0.0,0.0,5569.0,6795.0,1.0,1.2,0.5857758620689655,6795.0,0.0,1.0,247.8,3060.33,0.0,398.45,0.0,0.0,3619.85,1.419297409,7.096487045,,0.010003365636389998,0.010003433094538655,257.9254608753747,1289.6273043768736,55.499143717410114,74.9570973099883,4.863753507756718,3.5220147187425983,4.756830147582674,-1.2348154288400757,1.3500001593311208,30.613599958013403,4677.586400041986,0.0,0.0,30.613599958013403,5290.586400041986,5290.586400041986,30.613599958013403,0.017007555532229667,30.613599958013403,134.69983981525897,6516.586400041986,6516.586400041986,28672.98016018474,6547.2,6547.2,28807.679999999997,0.8184,6.2449085996,31.224542998000004,1.419297409,191.1791336425121,191.1791336425121,0.0,191.1791336425121,191.1791336425121,0.0,30.613599958013403,0.0,30.613599958013403,134.69983981525897,0.0,5569.0,-0.25958787480935896,68.96402697202532
86,86,2025,6NB,6,NB,PM-Peak,3,Peak,PM,4.4,70,8000,1,8,75,1800,1,4,0.05,0.01,5474.0,0.0,677.0,0.0,0.0,1.0,1.0,1.0,3.66,1.83,0.282574568288854,0.282574568288854,30,4.135,0.592,6568.8,0.0,812.4,0.0,0.0,7381.2,9006.0,1.0,1.2,0.7763793103448275,9006.0,0.0,1.0,328.44000000000005,4056.2340000000004,0.0,528.0600000000001,0.0,0.0,4797.78,1.202351064,6.01175532,,0.2502114445870636,0.2502114941092312,93.12139814598875,465.60699072994385,35.156118932908235,57.242142835383774,2.7783414591418722,4.6119866749085165,7.509361329213168,-2.8973746543046515,5.120967878164898,1014.9161687231635,5225.443831276836,0.0,0.0,1014.9161687231635,6037.843831276836,18113.53149383051,1014.9161687231635,0.563842315957313,3044.7485061694906,13396.89342714576,7662.643831276836,22987.931493830507,101146.89857285423,8677.56,26032.679999999997,114543.79199999999,1.084695,5.2903446816,26.451723408000003,1.202351064,5369.2563554744365,5369.2563554744365,0.0,16107.769066423309,16107.769066423309,0.0,3044.7485061694906,0.0,3044.7485061694906,13396.89342714576,0.0,22143.6,-0.38583503007548564,24.898769557751006
87,87,2025,6NB,6,NB,PM-Late,3,OP,PM,4.4,70,8000,1,8,75,1800,1,4,0.05,0.01,4463.0,0.0,552.0,0.0,0.0,1.0,1.0,1.0,3.66,1.83,0.282574568288854,0.282574568288854,30,4.135,0.592,4463.0,0.0,552.0,0.0,0.0,5015.0,6119.0,1.0,1.2,0.5275,6119.0,0.0,1.0,223.15,2755.9025,0.0,358.8,0.0,0.0,3259.75,0.187399184,0.93699592,,0.17838163804385912,0.17838166346338605,107.83018363843506,539.1509181921753,66.04126617377689,73.18059897893187,2.156633823938571,3.607513517018405,3.9975005825195233,-0.3899870655011184,0.30971865519460423,491.6024022391665,3748.2475977608333,0.0,0.0,491.6024022391665,4300.247597760834,12900.742793282501,491.6024022391665,0.27311244568842585,1474.8072067174994,6489.151709556998,5404.247597760834,16212.742793282501,71336.06829044301,5895.85,17687.55,77825.22000000002,0.73698125,0.8245564096000001,4.122782048,0.187399184,405.3539117410622,405.3539117410622,0.0,1216.0617352231866,1216.0617352231866,0.0,1474.8072067174994,0.0,1474.8072067174994,6489.151709556998,0.0,15045.0,-0.09755772574655122,28.831599903324882
88,88,2025,6SB,6,SB,Night,8,OP,NT,4.4,70,8000,1,8,75,1800,1,4,0.05,0.01,1437.0,0.0,178.0,0.0,0.0,1.0,1.0,1.0,3.66,1.83,0.282574568288854,0.282574568288854,30,4.103,0.708,1437.0,0.0,178.0,0.0,0.0,1615.0,1971.0,1.0,1.2,0.16991379310344829,1971.0,0.0,1.0,71.85000000000001,887.3475000000001,0.0,115.7,0.0,0.0,1049.75,0.147646003,0.738230015,,0.1353653123392372,0.13536531225146375,131.9968593019486,659.984296509743,69.99942534385652,74.99029907885199,0.0,3.5204553554641125,3.7714595327484344,-0.2510041772843219,4.241700821235776e-05,120.1160714909413,1245.0339285090588,0.0,0.0,120.1160714909413,1423.0339285090588,11384.27142807247,120.1160714909413,0.06673115082830072,960.9285719275304,4228.085716481134,1779.0339285090588,14232.27142807247,62621.99428351888,1899.15,15193.2,66850.08000000002,0.23739375000000001,0.6496424132,3.2482120660000002,0.147646003,78.03249454747883,78.03249454747883,0.0,624.2599563798307,624.2599563798307,0.0,960.9285719275304,0.0,960.9285719275304,4228.085716481134,0.0,12920.0,-0.06655359154852279,35.293277888221546
89,89,2025,6SB,6,SB,AM-Early,1,OP,AM,4.4,70,8000,1,8,75,1800,1,4,0.05,0.01,3401.0,0.0,420.0,0.0,0.0,1.0,1.0,1.0,3.66,1.83,0.282574568288854,0.282574568288854,30,4.155,0.715,3401.0,0.0,420.0,0.0,0.0,3821.0,4661.0,1.0,1.2,0.4018103448275862,4661.0,0.0,1.0,170.05,2100.1175,0.0,273.0,0.0,0.0,2483.65,0.795369856,3.9768492799999997,,0.010000554590777326,0.010000669458882144,596.3685218256282,2981.8426091281412,69.1148969015093,74.99048244117793,3.3359710124317834,3.520446747453318,3.8197264531293094,-0.29927970567599127,0.0661680979300108,21.0023397057968,3209.947660294203,0.0,0.0,21.0023397057968,3629.947660294203,3629.947660294203,21.0023397057968,0.011667966503220445,21.0023397057968,92.41029470550593,4469.947660294203,4469.947660294203,19667.769705294497,4490.95,4490.95,19760.180000000004,0.56136875,3.4996273664000004,17.498136832,0.795369856,73.50036279283582,73.50036279283582,0.0,73.50036279283582,73.50036279283582,0.0,21.0023397057968,0.0,21.0023397057968,92.41029470550593,0.0,3821.0,-0.0783510833428416,159.45682401754766
90,90,2025,6SB,6,SB,AM-Peak,2,Peak,AM,4.4,70,8000,1,8,75,1800,1,4,0.05,0.01,4170.0,0.0,515.0,0.0,0.0,1.0,1.0,1.0,3.66,1.83,0.282574568288854,0.282574568288854,30,4.155,0.715,5004.0,0.0,618.0,0.0,0.0,5622.0,6858.0,1.0,1.2,0.5912068965517241,6858.0,0.0,1.0,250.20000000000002,3089.9700000000003,0.0,401.7,0.0,0.0,3654.3,1.233788573,6.168942865,,0.03675461989493053,0.03675462467734023,229.20205408423777,1146.0102704211888,55.76902067350484,74.87510123744299,7.050547324180527,3.5258716934860157,4.733810936820396,-1.2079392433343807,1.3184638405868,113.5706728367385,4640.229327163262,0.0,0.0,113.5706728367385,5258.229327163262,10516.458654326523,113.5706728367385,0.0630948182426325,227.141345673477,999.4219209632988,6494.229327163262,12988.458654326523,57149.218079036706,6607.8,13215.6,58148.64000000001,0.825975,5.4286697212,27.143348606000004,1.233788573,616.5376728451137,616.5376728451137,0.0,1233.0753456902273,1233.0753456902273,0.0,227.141345673477,0.0,227.141345673477,999.4219209632988,0.0,11244.0,-0.2551726842191397,61.28397168027749
91,91,2025,6SB,6,SB,AM-Shoulder,1,OP,AM,4.4,70,8000,1,8,75,1800,1,4,0.05,0.01,3163.0,0.0,391.0,0.0,0.0,1.0,1.0,1.0,3.66,1.83,0.282574568288854,0.282574568288854,30,4.155,0.715,3163.0,0.0,391.0,0.0,0.0,3554.0,4336.0,1.0,1.2,0.3737931034482759,4336.0,0.0,1.0,158.15,1953.1525,0.0,254.15,0.0,0.0,2310.1,0.683611767,3.418058835,,0.010000580916141198,0.010000661675722208,551.4412280984569,2757.2061404922847,69.50077374462556,74.99287950486267,3.10355463525332,3.5203342203026327,3.7985188621071275,-0.27818464180449487,0.03711369822962173,19.53265961781347,2985.3173403821866,0.0,0.0,19.53265961781347,3376.3173403821866,3376.3173403821866,19.53265961781347,0.010851477565451927,19.53265961781347,85.94370231837927,4158.317340382187,4158.317340382187,18296.596297681623,4177.85,4177.85,18382.54,0.52223125,3.0078917748000005,15.039458874000001,0.683611767,58.752126204389256,58.752126204389256,0.0,58.752126204389256,58.752126204389256,0.0,19.53265961781347,0.0,19.53265961781347,85.94370231837927,0.0,3554.0,-0.073235029732136,147.44417863595106
92,92,2025,6SB,6,SB,MD,5,OP,MD,4.4,70,8000,1,8,75,1800,1,4,0.05,0.01,4365.0,0.0,539.0,0.0,0.0,1.0,1.0,1.0,3.66,1.83,0.282574568288854,0.282574568288854,30,4.136,0.708,4365.0,0.0,539.0,0.0,0.0,4904.0,5982.0,1.0,1.2,0.5156896551724138,5982.0,0.0,1.0,218.25,2695.3875000000003,0.0,350.35,0.0,0.0,3187.6,0.188471815,0.9423590749999999,,0.18103297232541096,0.1810329917756951,119.25884328308057,596.2942164154028,66.69978045312563,73.26411087740307,2.072718117653903,3.6034014040212123,3.958034017601158,-0.3546326135799456,0.25564946125644333,487.9540106937587,3658.795989306241,0.0,0.0,487.9540106937587,4197.795989306242,20988.97994653121,487.9540106937587,0.2710855614965326,2439.7700534687933,10734.988235262692,5275.795989306242,26378.97994653121,116067.51176473733,5763.75,28818.750000000004,126802.50000000001,0.72046875,0.829275986,4.14637993,0.188471815,404.64854334072123,404.64854334072123,0.0,2023.2427167036062,2023.2427167036062,0.0,2439.7700534687933,0.0,2439.7700534687933,10734.988235262692,0.0,24520.0,-0.08959817222462313,31.88739125216058
93,93,2025,6SB,6,SB,PM-Shoulder,1,OP,PM,4.4,70,8000,1,8,75,1800,1,4,0.05,0.01,4521.0,0.0,559.0,0.0,0.0,1.0,1.0,1.0,3.66,1.83,0.282574568288854,0.282574568288854,30,4.135,0.592,4521.0,0.0,559.0,0.0,0.0,5080.0,6198.0,1.0,1.2,0.5343103448275862,6198.0,0.0,1.0,226.05,2791.7175,0.0,363.35,0.0,0.0,3302.0,0.186849115,0.934245575,,0.184677088101996,0.18467708821220125,106.31738218114705,531.5869109057353,65.74022800948424,72.8993645421868,2.0999981027455643,3.621430744395905,4.015805968332101,-0.39437522393619595,0.33479703375783665,515.566258703384,3779.383741296616,0.0,0.0,515.566258703384,4338.383741296616,4338.383741296616,515.566258703384,0.28642569927965783,515.566258703384,2268.4915382948902,5456.383741296616,5456.383741296616,24008.088461705112,5971.95,5971.95,26276.58,0.74649375,0.8221361060000001,4.110680530000001,0.186849115,423.8656363153888,423.8656363153888,0.0,423.8656363153888,423.8656363153888,0.0,515.566258703384,0.0,515.566258703384,2268.4915382948902,0.0,5080.0,-0.09820574675324595,28.427107535066057
94,94,2025,6SB,6,SB,PM-Peak,3,Peak,PM,4.4,70,8000,1,8,75,1800,1,4,0.05,0.01,4840.0,0.0,598.0,0.0,0.0,1.0,1.0,1.0,3.66,1.83,0.282574568288854,0.282574568288854,30,4.135,0.592,5203.159651645562,0.0,642.869725554555,0.0,0.0,5846.029377200117,7131.768828309227,1.0,1.2,0.6148076576128644,7131.768828309227,0.0,1.0,260.1579825822781,3212.9510848911345,0.0,417.86532161046074,0.0,0.0,3799.919095180076,0.212310187,1.061550935,,0.23659706496684432,0.2365971638483016,95.54874528034422,477.7437264017211,60.24580003861243,67.98115173731601,2.5255748099534276,3.883429351419563,4.382048206361248,-0.49861885494168545,0.8365488998577677,760.1747965672807,4182.826872496003,0.0,0.0,760.1747965672807,4825.696598050557,14477.089794151672,760.1747965672807,0.4223193314262671,2280.524389701842,10034.307314688107,6111.436049159667,18334.308147479,80670.95584890762,6871.610845726947,20614.832537180842,90705.26316359572,0.8589513557158684,0.9341648228000001,4.670824114000001,0.212310187,710.1285541323,710.1285541323,0.0,2130.3856623969,2130.3856623969,0.0,2280.524389701842,0.0,2280.524389701842,10034.307314688107,0.0,17538.08813160035,-0.11378671147840408,25.54779285570701
95,95,2025,6SB,6,SB,PM-Late,3,OP,PM,4.4,70,8000,1,8,75,1800,1,4,0.05,0.01,4021.0,0.0,497.0,0.0,0.0,1.0,1.0,1.0,3.66,1.83,0.282574568288854,0.282574568288854,30,4.135,0.592,4021.0,0.0,497.0,0.0,0.0,4518.0,5512.0,1.0,1.2,0.47517241379310343,5512.0,0.0,1.0,201.05,2482.9674999999997,0.0,323.05,0.0,0.0,2936.7000000000003,0.163716463,0.818582315,,0.15337158825864272,0.15337159569596018,114.44234323792897,572.2117161896448,68.05081225877976,74.1898814476755,2.239696136635468,3.55843674162215,3.8794540614162814,-0.3210173197941315,0.14799492128316302,380.81666906959146,3439.133330930408,0.0,0.0,380.81666906959146,3936.133330930408,11808.399992791225,380.81666906959146,0.21156481614977304,1142.4500072087744,5026.7800317186075,4930.133330930408,14790.399992791225,65077.759968281396,5310.95,15932.849999999999,70104.54000000001,0.66386875,0.7203524372000001,3.601762186,0.163716463,274.3222156906661,274.3222156906661,0.0,822.9666470719983,822.9666470719983,0.0,1142.4500072087744,0.0,1142.4500072087744,5026.7800317186075,0.0,13554.0,-0.0827480657618451,30.599557015489022
96,96,2025,7NB,7,NB,Night,8,OP,NT,5.6,70,6000,1,8,75,1800,1,4,0.05,0.01,769.0,0.0,95.0,0.0,0.0,1.0,1.0,1.0,3.66,1.83,0.35502958579881655,0.35502958579881655,30,4.103,0.708,769.0,0.0,95.0,0.0,0.0,864.0,1054.0,1.0,1.2,0.10979166666666666,1054.0,0.0,1.0,38.45,474.85749999999996,0.0,61.75,0.0,0.0,561.6,0.117777617,0.588888085,,0.21754492562372663,0.21754492562319408,105.17252910133226,525.8626455066612,69.99997218843433,74.99711542650861,0.0,4.480172311817166,4.8000019070795465,-0.3198295952623802,2.612698979318484e-06,103.30283951936876,627.2471604806312,0.0,0.0,103.30283951936876,722.2471604806312,5777.97728384505,103.30283951936876,0.05739046639964931,826.4227161549501,4627.96721046772,912.2471604806312,7297.97728384505,40868.67278953228,1015.55,8124.4,45496.64,0.16925833333333332,0.6595546552,3.297773276,0.117777617,68.1338687003782,68.1338687003782,0.0,545.0709496030256,545.0709496030256,0.0,826.4227161549501,0.0,826.4227161549501,4627.96721046772,0.0,6912.0,-0.06663113920656197,22.09506913893535
97,97,2025,7NB,7,NB,AM-Early,1,OP,AM,5.6,70,6000,1,8,75,1800,1,4,0.05,0.01,930.0,0.0,115.0,0.0,0.0,1.0,1.0,1.0,3.66,1.83,0.35502958579881655,0.35502958579881655,30,4.155,0.715,930.0,0.0,115.0,0.0,0.0,1045.0,1275.0,1.0,1.2,0.1328125,1275.0,0.0,1.0,46.5,574.275,0.0,74.75,0.0,0.0,679.25,0.169543156,0.84771578,,0.11330204455217571,0.1133020446187814,151.34232944088433,756.7116472044216,69.99980858376497,74.99889311994619,0.0,4.4800661186110196,4.80001312572058,-0.31994700710956003,1.798223719462061e-05,65.0665316352007,818.4334683647993,0.0,0.0,65.0665316352007,933.4334683647993,933.4334683647993,65.0665316352007,0.036148073130667056,65.0665316352007,364.37257715712394,1163.4334683647994,1163.4334683647994,6515.227422842876,1228.5,1228.5,6879.6,0.20475,0.9494416736,4.747208368,0.169543156,61.7768766910723,61.7768766910723,0.0,61.7768766910723,61.7768766910723,0.0,65.0665316352007,0.0,65.0665316352007,364.37257715712394,0.0,1045.0,-0.06665544421017171,31.79460702539587
98,98,2025,7NB,7,NB,AM-Peak,2,Peak,AM,5.6,70,6000,1,8,75,1800,1,4,0.05,0.01,1497.0,0.0,185.0,0.0,0.0,1.0,1.0,1.0,3.66,1.83,0.35502958579881655,0.35502958579881655,30,4.155,0.715,1796.3999999999999,0.0,222.0,0.0,0.0,2018.3999999999999,2462.3999999999996,1.0,1.2,0.25649999999999995,2462.3999999999996,0.0,1.0,89.82,1109.277,0.0,144.3,0.0,0.0,1311.96,0.167837166,0.83918583,,0.11737122534101735,0.11737122889813353,149.0952076310405,745.4760381552024,69.96354204675757,74.98326210460709,3.730561637036966,4.48100003346421,4.802501276671308,-0.3215012432070985,0.0034267490396927285,130.1972007326077,1576.382799267392,0.0,0.0,130.1972007326077,1798.382799267392,3596.765598534784,130.1972007326077,0.07233177818478206,260.3944014652154,1458.2086482052064,2242.3827992673923,4484.765598534785,25114.687351794793,2372.58,4745.16,26572.896,0.39543,0.9398881296,4.6994406479999995,0.167837166,122.37080347572642,122.37080347572642,0.0,244.74160695145284,244.74160695145284,0.0,260.3944014652154,0.0,260.3944014652154,1458.2086482052064,0.0,4036.7999999999997,-0.0669445409142996,31.322522611563134
99,99,2025,7NB,7,NB,AM-Shoulder,1,OP,AM,5.6,70,6000,1,8,75,1800,1,4,0.05,0.01,1769.0,0.0,219.0,0.0,0.0,1.0,1.0,1.0,3.66,1.83,0.35502958579881655,0.35502958579881655,30,4.155,0.715,1769.0,0.0,219.0,0.0,0.0,1988.0,2426.0,1.0,1.2,0.2527083333333333,2426.0,0.0,1.0,88.45,1092.3575,0.0,142.35,0.0,0.0,1292.2,0.174664118,0.8733205900000001,,0.10679508243669857,0.10679508384212068,155.13318492513736,775.6659246256869,69.96630353488104,74.98735753106669,2.427632693836873,4.480755304129736,4.802311727565976,-0.32155642343624,0.0031670667653876925,116.65840926284596,1563.891590737154,0.0,0.0,116.65840926284596,1782.891590737154,1782.891590737154,116.65840926284596,0.06481022736824776,116.65840926284596,653.2870918719374,2220.891590737154,2220.891590737154,12436.99290812806,2337.5499999999997,2337.5499999999997,13090.279999999999,0.3895916666666666,0.9781190608,4.890595304,0.17466411799999998,114.10581370259692,114.10581370259692,0.0,114.10581370259692,114.10581370259692,0.0,116.65840926284596,0.0,116.65840926284596,653.2870918719374,0.0,1988.0,-0.06695867358848424,32.5910052363734
100,100,2025,7NB,7,NB,MD,5,OP,MD,5.6,70,6000,1,8,75,1800,1,4,0.05,0.01,2550.0,0.0,315.0,0.0,0.0,1.0,1.0,1.0,3.66,1.83,0.35502958579881655,0.35502958579881655,30,4.136,0.708,2550.0,0.0,315.0,0.0,0.0,2865.0,3495.0,1.0,1.2,0.3640625,3495.0,0.0,1.0,127.5,1574.625,0.0,204.75,0.0,0.0,1862.25,0.415252552,2.07626276,,0.011690263294780581,0.011690411982227934,311.44190896534474,1557.209544826724,69.12171686281741,74.99676207860227,4.465414538205191,4.480193420188549,4.860990369594599,-0.3807969494060499,0.08355680634460058,18.40778084054387,2404.092219159456,0.0,0.0,18.40778084054387,2719.092219159456,13595.46109579728,18.40778084054387,0.010226544911413261,92.03890420271935,515.4178635352283,3349.092219159456,16745.46109579728,93774.58213646476,3367.5,16837.5,94289.99999999999,0.56125,2.3254142912,11.627071456,0.415252552,42.80571663587827,42.80571663587827,0.0,214.02858317939135,214.02858317939135,0.0,92.03890420271935,0.0,92.03890420271935,515.4178635352283,0.0,14325.0,-0.07833731821151663,65.42897247171109
101,101,2025,7NB,7,NB,PM-Shoulder,1,OP,PM,5.6,70,6000,1,8,75,1800,1,4,0.05,0.01,3265.0,0.0,404.0,0.0,0.0,1.0,1.0,1.0,3.66,1.83,0.35502958579881655,0.35502958579881655,30,4.135,0.592,3265.0,0.0,404.0,0.0,0.0,3669.0,4477.0,1.0,1.2,0.4663541666666667,4477.0,0.0,1.0,163.25,2016.1375,0.0,262.6,0.0,0.0,2384.85,1.419297409,7.096487045,,0.010000505585020662,0.010000508271020498,530.286978615119,2651.4348930755955,64.06244073677769,74.99191576090931,5.742558017142636,4.480482950605526,5.2448829007400795,-0.7643999501345533,0.6094895740139095,20.162394328919596,3081.5876056710804,0.0,0.0,20.162394328919596,3485.5876056710804,3485.5876056710804,20.162394328919596,0.011201330182733109,20.162394328919596,112.90940824194973,4293.58760567108,4293.58760567108,24044.09059175805,4313.75,4313.75,24157.0,0.7189583333333334,7.9480654903999985,39.740327451999995,1.419297409,160.25203056952247,160.25203056952247,0.0,160.25203056952247,160.25203056952247,0.0,20.162394328919596,0.0,20.162394328919596,112.90940824194973,0.0,3669.0,-0.14574204316872216,111.40482744015108
102,102,2025,7NB,7,NB,PM-Peak,3,Peak,PM,5.6,70,6000,1,8,75,1800,1,4,0.05,0.01,3772.0,0.0,466.0,0.0,0.0,1.0,1.0,1.0,3.66,1.83,0.35502958579881655,0.35502958579881655,30,4.135,0.592,4424.585390199295,0.0,546.6216309206976,0.0,0.0,4971.2070211199925,6064.450282961388,1.0,1.2,0.6317135711418113,6064.450282961388,0.0,1.0,221.22926950996475,2732.181478448065,0.0,355.3040600984535,0.0,0.0,3231.284563727995,1.202351064,6.01175532,,0.16319346823473715,0.16319349283918402,111.72037077767749,558.6018538883875,43.98948235171142,73.61124114003776,7.921428609650925,4.564520238978104,7.638189449777142,-3.0736692107990384,3.888319546194685,445.87417131465145,3757.481949374679,0.0,0.0,445.87417131465145,4304.103580295377,12912.310740886129,445.87417131465145,0.24770787295258415,1337.6225139439543,7490.686078086143,5397.3468421367725,16192.040526410317,90675.42694789777,5843.221013451424,17529.663040354273,98166.11302598391,0.9738701689085707,6.733165958399999,33.665829792,1.202351064,3002.1447920256205,3002.1447920256205,0.0,9006.43437607686,9006.43437607686,0.0,1337.6225139439543,0.0,1337.6225139439543,7490.686078086143,0.0,14913.621063359977,-0.4024080878078663,23.470666129764183
103,103,2025,7NB,7,NB,PM-Late,3,OP,PM,5.6,70,6000,1,8,75,1800,1,4,0.05,0.01,2896.0,0.0,358.0,0.0,0.0,1.0,1.0,1.0,3.66,1.83,0.35502958579881655,0.35502958579881655,30,4.135,0.592,2896.0,0.0,358.0,0.0,0.0,3254.0,3970.0,1.0,1.2,0.41354166666666664,3970.0,0.0,1.0,144.8,1788.28,0.0,232.70000000000002,0.0,0.0,2115.1,0.187399184,0.93699592,,0.11931389962919149,0.11931390269778509,125.54028531400273,627.7014265700137,68.38511338044246,74.88260987038385,3.8270317440690453,4.4870230963048785,4.913350046387333,-0.4263269500824549,0.1552895635506463,213.36666042889055,2537.8333395711093,0.0,0.0,213.36666042889055,2895.8333395711093,8687.500018713328,213.36666042889055,0.11853703357160586,640.0999812866717,3584.559895205361,3611.8333395711093,10835.500018713328,60678.80010479463,3825.2,11475.6,64263.35999999999,0.6375333333333333,1.0494354304,5.247177152,0.187399184,223.9145331202034,223.9145331202034,0.0,671.7435993606102,671.7435993606102,0.0,640.0999812866717,0.0,640.0999812866717,3584.559895205361,0.0,9762.0,-0.08676909767418724,26.374009519748476
104,104,2025,7SB,7,SB,Night,8,OP,NT,5.6,70,6000,1,8,75,1800,1,4,0.05,0.01,729.0,0.0,90.0,0.0,0.0,1.0,1.0,1.0,3.66,1.83,0.35502958579881655,0.35502958579881655,30,4.103,0.708,729.0,0.0,90.0,0.0,0.0,819.0,999.0,1.0,1.2,0.1040625,999.0,0.0,1.0,36.45,450.15749999999997,0.0,58.5,0.0,0.0,532.35,0.147646003,0.738230015,,0.1358493879304232,0.1358493879675318,131.7893040633945,658.9465203169723,69.999975057411,74.99935161761856,0.0,4.480038730375746,4.800001710349569,-0.3199629799738233,2.3431789094929824e-06,61.153620847289474,631.3963791527104,0.0,0.0,61.153620847289474,721.3963791527104,5771.1710332216835,61.153620847289474,0.03397423380404971,489.2289667783158,2739.6822139585684,901.3963791527104,7211.1710332216835,40382.55778604143,962.55,7700.4,43122.24,0.16042499999999998,0.8268176168,4.134088083999999,0.147646003,50.56289104764668,50.56289104764668,0.0,404.50312838117344,404.50312838117344,0.0,489.2289667783158,0.0,489.2289667783158,2739.6822139585684,0.0,6552.0,-0.06665893040911466,27.68682858474674
105,105,2025,7SB,7,SB,AM-Early,1,OP,AM,5.6,70,6000,1,8,75,1800,1,4,0.05,0.01,2298.0,0.0,284.0,0.0,0.0,1.0,1.0,1.0,3.66,1.83,0.35502958579881655,0.35502958579881655,30,4.155,0.715,2298.0,0.0,284.0,0.0,0.0,2582.0,3150.0,1.0,1.2,0.328125,3150.0,0.0,1.0,114.9,1419.015,0.0,184.6,0.0,0.0,1678.3,0.795369856,3.9768492799999997,,0.010001204918057604,0.010001643230998948,655.3867184517766,3276.933592258883,69.61249876996223,74.99801593825065,4.040216231714946,4.4801185177571154,4.826719424486223,-0.34660090672910737,0.036605611546125696,14.19185979679751,2168.9081402032025,0.0,0.0,14.19185979679751,2452.9081402032025,2452.9081402032025,14.19185979679751,0.007884366553776395,14.19185979679751,79.47441486206606,3020.9081402032025,3020.9081402032025,16917.085585137935,3035.1,3035.1,16996.56,0.50585,4.4540711936,22.270355967999997,0.795369856,63.21155390452574,63.21155390452574,0.0,63.21155390452574,63.21155390452574,0.0,14.19185979679751,0.0,14.19185979679751,79.47441486206606,0.0,2582.0,-0.07180879521829697,137.6862853890287
106,106,2025,7SB,7,SB,AM-Peak,2,Peak,AM,5.6,70,6000,1,8,75,1800,1,4,0.05,0.01,3435.0,0.0,425.0,0.0,0.0,1.0,1.0,1.0,3.66,1.83,0.35502958579881655,0.35502958579881655,30,4.155,0.715,3770.7719813846156,0.0,466.54384049154635,0.0,0.0,4237.315821876162,5170.403502859255,1.0,1.2,0.5385836982145058,5170.403502859255,0.0,1.0,188.5385990692308,2328.4516985050004,0.0,303.25349631950513,0.0,0.0,2754.2552842195055,1.233788573,6.168942865,,0.03991753919637836,0.03991754381252705,223.0565345686509,1115.2826728432544,55.42347281894844,74.95517394383549,9.658075554275667,4.4826792110677705,6.062413322557563,-1.5797341114897927,1.7295062519038618,92.94606194194712,3489.287320373438,0.0,0.0,92.94606194194712,3955.831160864984,7911.662321729968,92.94606194194712,0.05163670107885951,185.89212388389424,1040.9958937498077,4888.918841848077,9777.837683696154,54755.89102869846,4981.864903790024,9963.729807580048,55796.88692244827,0.8303108172983373,6.9092160088,34.546080044,1.233788573,642.1844191242175,642.1844191242175,0.0,1284.368838248435,1284.368838248435,0.0,185.89212388389424,0.0,185.89212388389424,1040.9958937498077,0.0,8474.631643752324,-0.26057842437297674,46.860616506019106
107,107,2025,7SB,7,SB,AM-Shoulder,1,OP,AM,5.6,70,6000,1,8,75,1800,1,4,0.05,0.01,3333.0,0.0,412.0,0.0,0.0,1.0,1.0,1.0,3.66,1.83,0.35502958579881655,0.35502958579881655,30,4.155,0.715,3333.0,0.0,412.0,0.0,0.0,3745.0,4569.0,1.0,1.2,0.4759375,4569.0,0.0,1.0,166.65,2058.1275,0.0,267.8,0.0,0.0,2434.25,0.683611767,3.418058835,,0.030741692126227387,0.03074169992363972,242.7548800366735,1213.7744001833676,63.57064137753167,74.98003979111436,5.5840640498845495,4.481192607206621,5.2854587073390045,-0.8042661001323834,0.6650784290544369,63.27032196152206,3103.079678038478,0.0,0.0,63.27032196152206,3515.079678038478,3515.079678038478,63.27032196152206,0.035150178867512254,63.27032196152206,354.3138029845235,4339.079678038478,4339.079678038478,24298.846197015475,4402.35,4402.35,24653.16,0.7337250000000001,3.8282258952,19.141129476,0.683611767,242.21308493074,242.21308493074,0.0,242.21308493074,242.21308493074,0.0,63.27032196152206,0.0,63.27032196152206,354.3138029845235,0.0,3745.0,-0.1521658089988742,50.998924377452425
108,108,2025,7SB,7,SB,MD,5,OP,MD,5.6,70,6000,1,8,75,1800,1,4,0.05,0.01,2635.0,0.0,326.0,0.0,0.0,1.0,1.0,1.0,3.66,1.83,0.35502958579881655,0.35502958579881655,30,4.136,0.708,2635.0,0.0,326.0,0.0,0.0,2961.0,3613.0,1.0,1.2,0.37635416666666666,3613.0,0.0,1.0,131.75,1627.1125,0.0,211.9,0.0,0.0,1924.65,0.188471815,0.9423590749999999,,0.11619798499524561,0.11619799321287518,145.69281617175508,728.4640808587753,69.22154564138503,74.92439269567062,3.5161162921733355,4.484520833752653,4.853980027269398,-0.36945919351674483,0.07395263735907524,189.06719386057657,2314.1828061394235,0.0,0.0,189.06719386057657,2640.1828061394235,13200.914030697117,189.06719386057657,0.10503732992254254,945.3359693028829,5293.881428096143,3292.1828061394235,16460.914030697117,92181.11857190385,3481.25,17406.25,97474.99999999999,0.5802083333333333,1.0554421639999998,5.27721082,0.188471815,199.5494882296144,199.5494882296144,0.0,997.7474411480721,997.7474411480721,0.0,945.3359693028829,0.0,945.3359693028829,5293.881428096143,0.0,14805.0,-0.07611469174597814,30.60773448986452
109,109,2025,7SB,7,SB,PM-Shoulder,1,OP,PM,5.6,70,6000,1,8,75,1800,1,4,0.05,0.01,2723.0,0.0,336.0,0.0,0.0,1.0,1.0,1.0,3.66,1.83,0.35502958579881655,0.35502958579881655,30,4.135,0.592,2723.0,0.0,336.0,0.0,0.0,3059.0,3731.0,1.0,1.2,0.38864583333333336,3731.0,0.0,1.0,136.15,1681.4525,0.0,218.4,0.0,0.0,1988.3500000000001,0.186849115,0.934245575,,0.09457195084124162,0.09457194758195854,135.96052689823512,679.8026344911756,68.91266615400379,74.9458079167038,3.8648775019632824,4.483239414450463,4.875736475630156,-0.39249706117969385,0.10375897161331445,159.01824317188283,2427.8317568281172,0.0,0.0,159.01824317188283,2763.8317568281172,2763.8317568281172,159.01824317188283,0.08834346842882379,159.01824317188283,890.5021617625438,3435.8317568281172,3435.8317568281172,19240.657838237454,3594.85,3594.85,20131.159999999996,0.5991416666666667,1.046355044,5.23177522,0.186849115,166.38954083091815,166.38954083091815,0.0,166.38954083091815,166.38954083091815,0.0,159.01824317188283,0.0,159.01824317188283,890.5021617625438,0.0,3059.0,-0.08050005637947573,28.56313590299057
110,110,2025,7SB,7,SB,PM-Peak,3,Peak,PM,5.6,70,6000,1,8,75,1800,1,4,0.05,0.01,2613.0,0.0,323.0,0.0,0.0,1.0,1.0,1.0,3.66,1.83,0.35502958579881655,0.35502958579881655,30,4.135,0.592,3135.6,0.0,387.59999999999997,0.0,0.0,3523.2,4298.4,1.0,1.2,0.44775,4298.4,0.0,1.0,156.78,1936.233,0.0,251.94,0.0,0.0,2290.08,0.212310187,1.061550935,,0.13647400266600937,0.13647401008041948,119.58278553194948,597.9139276597475,67.19367085337186,74.77617597630515,6.138384716448288,4.493409774076581,5.00047096300498,-0.5070611889283985,0.2746452193168222,264.2454676040153,2714.5745323959845,0.0,0.0,264.2454676040153,3102.1745323959844,9306.523597187954,264.2454676040153,0.14680303755778626,792.7364028120459,4439.323855747457,3877.3745323959847,11632.123597187954,65139.89214425254,4141.62,12424.86,69579.216,0.6902699999999999,1.1889370472,5.944685236,0.212310187,314.17122598910123,314.17122598910123,0.0,942.5136779673037,942.5136779673037,0.0,792.7364028120459,0.0,792.7364028120459,4439.323855747457,0.0,10569.599999999999,-0.10140268640289943,25.12243393528351
111,111,2025,7SB,7,SB,PM-Late,3,OP,PM,5.6,70,6000,1,8,75,1800,1,4,0.05,0.01,2089.0,0.0,258.0,0.0,0.0,1.0,1.0,1.0,3.66,1.83,0.35502958579881655,0.35502958579881655,30,4.135,0.592,2089.0,0.0,258.0,0.0,0.0,2347.0,2863.0,1.0,1.2,0.29822916666666666,2863.0,0.0,1.0,104.45,1289.9575,0.0,167.70000000000002,0.0,0.0,1525.55,0.163716463,0.818582315,,0.08233542547057317,0.08233543078073376,142.25245114873005,711.2622557436503,69.86124239716935,74.98593267580856,3.0681929128012393,4.480840445802683,4.809533705252487,-0.3286932594498033,0.01306117619590682,106.20919960145689,1878.340800398543,0.0,0.0,106.20919960145689,2136.3408003985433,6409.02240119563,106.20919960145689,0.05900511088969827,318.6275988043707,1784.3145533044758,2652.3408003985433,7957.02240119563,44559.325446695526,2758.55,8275.65,46343.64,0.4597583333333334,0.9168121927999999,4.584060964,0.163716463,97.37388918214457,97.37388918214457,0.0,292.1216675464337,292.1216675464337,0.0,318.6275988043707,0.0,318.6275988043707,1784.3145533044758,0.0,7041.0,-0.0683420222402928,29.8849687287248
