,index,Year,SegDir,Segment,Direction,Period,Hours/Day,Peak,4Periods,Length,Speed GP,Capacity GP,Alpha GP,Beta GP,Speed ML,Capacity ML,Alpha ML,Beta ML,MinToll,MinCapture,AADT Lights,AADT MediumA,AADT MediumB,AADT HeavyA,AADT HeavyB,GrowthFactor,GrowthFactor_medium,GrowthFactor_heavy,MaxToll,Soft Cap,MaxCapture,MaxCap_aux,Min Speed,B1,B2,TotalLights,TotalMediumA,TotalMediumB,TotalHeavyA,TotalHeavyB,TotalVeh,Corridor PCE pre-fix,Suppressed ratio ref,Max VC,Suppressed ratio,Corridor PCE,Suppressed Demand,PCE ratio,HOV3,InScopeLights,InScopeMediumA,InScopeMediumB,InScopeHeavyA,InScopeHeavyB,InScopeVeh,TollLights,TollMediumA,TollMediumB,CaptureRateLights,CaptureRateMediumA,VOT Lights,VOT MediumA,Speed GP Real,Speed ML Real,Bounus Seg,Time ML,Time GP,Time Savings,BonusRel,MLVeh_Lights,GPVeh_Lights,MLVeh_MediumA,GPVeh_MediumA,MLVeh,GPVeh,GPVehDay,ML PCE,ML V/C,ML Volume,ML PCE Total,GP PCE,GP Volume,GP PCE Total,Highway PCE,Highway Volume,Highway PCE Total,Highway V/C,TollLightsPerSeg,TollMediumAPerSeg,TollBlend,RevenuePerHour,RevenuePerHourLights,RevenuePerHourMediumA,RevenuePerDay,RevenuePerDayLights,RevenuePerDayMediumA,TransactionsDay_Lights,TransactionsDay_MediumA,TransactionsDay,TransactionsLightsLength,TransactionsMediumALength,TotalVeh_hours,Difference in Travel Time,Implied Min VOT
0,0,2025,1NB,1,NB,Night,8,OP,NT,3.0,70,12000,4,8.5,75,1800,1,4,0.1,0.01,2238.0,0.0,277.0,0.0,0.0,1.0,1.0,1.0,3.66,1.83,0.17391304347826086,0.17391304347826086,30,4.103,0.708,2238.0,0.0,277.0,0.0,0.0,2515.0,3069.0,1.0,1.2,0.19673076923076924,3069.0,0.0,1.0,44.76,1644.9299999999998,0.0,207.75,0.0,0.0,1886.25,0.12974999870257373,0.6487499935128687,,0.17388509051915366,0.1738872743441582,117.65205471722436,588.2602735861218,69.99887167427751,74.91455642944578,0.0,2.4027373127347187,2.571470020796701,-0.16873270806198226,5.678563433762149e-05,286.0288019476714,1907.2111980523287,0.0,0.0,286.0288019476714,2184.2111980523287,17473.68958441863,286.0288019476714,0.15890488997092855,2288.2304155813713,6864.691246744114,2738.2111980523287,21905.68958441863,65717.06875325588,3024.2400000000002,24193.920000000002,72581.76,0.25202,0.38924999610772115,1.946249980538606,0.12974999870257373,111.33671004482724,111.33671004482724,0.0,890.6936803586179,890.6936803586179,0.0,2288.2304155813713,0.0,2288.2304155813713,6864.691246744114,0.0,20120.0,-0.06561721766046681,46.138060673421315
1,1,2025,1NB,1,NB,AM-Early,1,OP,AM,3.0,70,12000,4,8.5,75,1800,1,4,0.1,0.01,1841.0,0.0,228.0,0.0,0.0,1.0,1.0,1.0,3.66,1.83,0.17391304347826086,0.17391304347826086,30,4.155,0.715,1841.0,0.0,228.0,0.0,0.0,2069.0,2525.0,1.0,1.2,0.16185897435897437,2525.0,0.0,1.0,36.82,1353.135,0.0,171.0,0.0,0.0,1551.75,0.13874922482244684,0.6937461241122342,,0.17391135279907718,0.17391227423949027,124.74047600283083,623.7023800141543,69.99978512153237,74.96083039035244,0.0,2.401254082467665,2.5714364649475314,-0.1701823824798665,1.0814120975240552e-05,235.3255383697793,1568.8544616302208,0.0,0.0,235.3255383697793,1796.8544616302208,1796.8544616302208,235.3255383697793,0.13073641020543295,235.3255383697793,705.9766151093379,2252.8544616302206,2252.8544616302206,6758.563384890662,2488.18,2488.18,7464.54,0.20734833333333333,0.4162476744673405,2.0812383723367027,0.13874922482244684,97.95370808919554,97.95370808919554,0.0,97.95370808919554,97.95370808919554,0.0,235.3255383697793,0.0,235.3255383697793,705.9766151093379,0.0,2069.0,-0.06618183447256161,48.91783372660033
2,2,2025,1NB,1,NB,AM-Peak,2,Peak,AM,3.0,70,12000,4,8.5,75,1800,1,4,0.1,0.01,4183.0,0.0,517.0,0.0,0.0,1.0,1.0,1.0,3.66,1.83,0.17391304347826086,0.17391304347826086,30,4.155,0.715,4183.0,0.0,517.0,0.0,0.0,4700.0,5734.0,1.0,1.2,0.36756410256410255,5734.0,0.0,1.0,83.66,3074.505,0.0,387.75,0.0,0.0,3525.0,0.13584058934291582,0.679202946714579,,0.15537808237025336,0.15541157102898193,131.58458693366003,657.9229346683002,69.74977199655186,74.29712046252996,0.9461362716315866,2.4227049296046252,2.5806535971027755,-0.15794866749815029,0.012638285173659732,477.7106911377558,3621.629308862244,0.0,0.0,477.7106911377558,4138.629308862244,8277.258617724488,477.7106911377558,0.26539482840986434,955.4213822755116,2866.2641468265347,5172.629308862244,10345.258617724488,31035.775853173465,5650.34,11300.68,33902.04,0.4708616666666667,0.40752176802874746,2.0376088401437373,0.13584058934291582,194.67750545869316,194.67750545869316,0.0,389.3550109173863,389.3550109173863,0.0,955.4213822755116,0.0,955.4213822755116,2866.2641468265347,0.0,9400.0,-0.061204908584195354,51.601798797513744
3,3,2025,1NB,1,NB,AM-Shoulder,1,OP,AM,3.0,70,12000,4,8.5,75,1800,1,4,0.1,0.01,4812.0,0.0,595.0,0.0,0.0,1.0,1.0,1.0,3.66,1.83,0.17391304347826086,0.17391304347826086,30,4.155,0.715,4812.0,0.0,595.0,0.0,0.0,5407.0,6597.0,1.0,1.2,0.42288461538461536,6597.0,0.0,1.0,96.24000000000001,3536.82,0.0,446.25,0.0,0.0,4055.25,0.167352048470697,0.836760242353485,,0.13332688741764653,0.1333763614174876,141.04215093130563,705.210754656528,69.0898670853276,74.26471911390178,0.9360635140001263,2.4237619444022833,2.60530245017979,-0.18154050577750658,0.04640721388916905,471.5532019564806,4244.2067980435195,0.0,0.0,471.5532019564806,4839.2067980435195,4839.2067980435195,471.5532019564806,0.2619740010869337,471.5532019564806,1414.6596058694417,6029.2067980435195,6029.2067980435195,18087.620394130558,6500.76,6500.76,19502.28,0.54173,0.5020561454120911,2.5102807270604552,0.167352048470697,236.746182931,236.746182931,0.0,236.746182931,236.746182931,0.0,471.5532019564806,0.0,471.5532019564806,1414.6596058694417,0.0,5407.0,-0.06968116341539486,55.31064742404142
4,4,2025,1NB,1,NB,MD,5,OP,MD,3.0,70,12000,4,8.5,75,1800,1,4,0.1,0.01,5111.0,0.0,632.0,0.0,0.0,1.0,1.0,1.0,3.66,1.83,0.17391304347826086,0.17391304347826086,30,4.136,0.708,5111.0,0.0,632.0,0.0,0.0,5743.0,7007.0,1.0,1.2,0.44916666666666666,7007.0,0.0,1.0,102.22,3756.585,0.0,474.0,0.0,0.0,4307.25,0.18951650411404392,0.9475825205702195,,0.12533775696753646,0.125398600113521,141.04485194209494,705.2242597104747,68.43491202401376,74.23732666995143,1.0862980575424614,2.4246562756799466,2.630236449150956,-0.20558017347100943,0.08056679247966694,470.841937757893,4537.938062242107,0.0,0.0,470.841937757893,5169.938062242107,25849.690311210536,470.841937757893,0.26157885430994054,2354.209688789465,7062.629066368395,6433.938062242107,32169.690311210536,96509.0709336316,6904.78,34523.9,103571.7,0.5753983333333333,0.5685495123421318,2.8427475617106586,0.18951650411404392,267.6969541024744,267.6969541024744,0.0,1338.484770512372,1338.484770512372,0.0,2354.209688789465,0.0,2354.209688789465,7062.629066368395,0.0,28715.0,-0.07816033936316676,55.31170664395879
5,5,2025,1NB,1,NB,PM-Shoulder,1,OP,PM,3.0,70,12000,4,8.5,75,1800,1,4,0.1,0.01,6757.0,0.0,835.0,0.0,0.0,1.0,1.0,1.0,3.66,1.83,0.17391304347826086,0.17391304347826086,30,4.135,0.592,6757.0,0.0,835.0,0.0,0.0,7592.0,9262.0,1.0,1.2,0.5937179487179487,9262.0,0.0,1.0,135.14000000000001,4966.3949999999995,0.0,626.25,0.0,0.0,5694.0,0.6743331735470496,3.371665867735248,,0.11019038358293429,0.11051852012274237,128.95646783567557,644.7823391783778,55.39085403824776,73.4821809102545,1.6661964917719416,2.4495734580855486,3.249633953571266,-0.8000604954857176,0.9291413735354918,547.2489700743669,6074.6110299256325,0.0,0.0,547.2489700743669,6909.6110299256325,6909.6110299256325,547.2489700743669,0.30402720559687046,547.2489700743669,1641.7469102231007,8579.611029925632,8579.611029925632,25738.833089776897,9126.859999999999,9126.859999999999,27380.579999999998,0.7605716666666665,2.022999520641149,10.114997603205744,0.6743331735470496,1107.0844041318067,1107.0844041318067,0.0,1107.0844041318067,1107.0844041318067,0.0,547.2489700743669,0.0,547.2489700743669,1641.7469102231007,0.0,7592.0,-0.24620018959565312,50.57116385712767
6,6,2025,1NB,1,NB,PM-Peak,3,Peak,PM,3.0,70,12000,4,8.5,75,1800,1,4,0.1,0.01,6670.0,0.0,824.0,0.0,0.0,1.0,1.0,1.0,3.66,1.83,0.17391304347826086,0.17391304347826086,30,4.135,0.592,6670.0,0.0,824.0,0.0,0.0,7494.0,9142.0,1.0,1.2,0.586025641025641,9142.0,0.0,1.0,133.4,4902.450000000001,0.0,618.0,0.0,0.0,5620.5,0.6157282264663323,3.0786411323316614,,0.11033022162750525,0.11062594118922492,128.91302551954644,644.5651275977322,56.63875186707245,73.55161200685228,2.5661597738732187,2.4472611148649017,3.178036133678379,-0.7307750188134774,0.8310523602822364,540.8883950177632,5995.711604982237,0.0,0.0,540.8883950177632,6819.711604982237,20459.134814946712,540.8883950177632,0.3004935527876462,1622.6651850532894,4867.995555159869,8467.711604982236,25403.13481494671,76209.40444484013,9008.599999999999,27025.8,81077.4,0.7507166666666666,1.847184679398997,9.235923396994984,0.6157282264663323,999.1207565415249,999.1207565415249,0.0,2997.3622696245748,2997.3622696245748,0.0,1622.6651850532894,0.0,1622.6651850532894,4867.995555159869,0.0,22482.0,-0.22994547200684304,50.55412765472409
7,7,2025,1NB,1,NB,PM-Late,3,OP,PM,3.0,70,12000,4,8.5,75,1800,1,4,0.1,0.01,6393.0,0.0,790.0,0.0,0.0,1.0,1.0,1.0,3.66,1.83,0.17391304347826086,0.17391304347826086,30,4.135,0.592,6393.0,0.0,790.0,0.0,0.0,7183.0,8763.0,1.0,1.2,0.5617307692307693,8763.0,0.0,1.0,127.86,4698.8550000000005,0.0,592.5,0.0,0.0,5387.25,0.4635773983490842,2.317886991745421,,0.11129473528936076,0.11150786562562905,128.55803939337306,642.7901969668652,60.145731223572696,73.7397708652939,1.5605026749431925,2.4410165354164146,2.9927310939309564,-0.5517145585145418,0.5771844558282677,522.9578233880893,5742.182176611911,0.0,0.0,522.9578233880893,6532.182176611911,19596.546529835734,522.9578233880893,0.2905321241044941,1568.873470164268,4706.620410492804,8112.182176611911,24336.546529835734,73009.6395895072,8635.14,25905.420000000002,77716.26000000001,0.719595,1.3907321950472524,6.953660975236263,0.4635773983490842,727.2942816376508,727.2942816376508,0.0,2181.8828449129524,2181.8828449129524,0.0,1568.873470164268,0.0,1568.873470164268,4706.620410492804,0.0,21549.0,-0.184351530825265,50.4149174091659
8,8,2025,1SB,1,SB,Night,8,OP,NT,3.0,70,12000,4,8.5,75,1800,1,4,0.1,0.01,1637.0,0.0,202.0,0.0,0.0,1.0,1.0,1.0,3.66,1.83,0.17391304347826086,0.17391304347826086,30,4.103,0.708,1637.0,0.0,202.0,0.0,0.0,1839.0,2243.0,1.0,1.2,0.1437820512820513,2243.0,0.0,1.0,32.74,1203.195,0.0,151.5,0.0,0.0,1379.25,0.13127613781169448,0.6563806890584724,,0.17374465196473732,0.17374617326850303,117.69845150827834,588.4922575413917,69.99992147433274,74.97558965904278,0.0,2.400781385229029,2.5714314560481557,-0.17065007081912675,3.951928830693563e-06,209.0486965207121,1395.2113034792878,0.0,0.0,209.0486965207121,1597.2113034792878,12777.690427834303,209.0486965207121,0.11613816473372894,1672.3895721656968,5017.16871649709,2001.2113034792878,16009.690427834303,48029.07128350291,2210.2599999999998,17682.079999999998,53046.240000000005,0.18418833333333332,0.39382841343508346,1.969142067175417,0.13127613781169448,82.3293164814243,82.3293164814243,0.0,658.6345318513944,658.6345318513944,0.0,1672.3895721656968,0.0,1672.3895721656968,5017.16871649709,0.0,14712.0,-0.06636384198293441,46.15625549344249
9,9,2025,1SB,1,SB,AM-Early,1,OP,AM,3.0,70,12000,4,8.5,75,1800,1,4,0.1,0.01,4573.0,0.0,565.0,0.0,0.0,1.0,1.0,1.0,3.66,1.83,0.17391304347826086,0.17391304347826086,30,4.155,0.715,4573.0,0.0,565.0,0.0,0.0,5138.0,6268.0,1.0,1.2,0.4017948717948718,6268.0,0.0,1.0,91.46000000000001,3361.1549999999997,0.0,423.75,0.0,0.0,3853.5,0.1521647170959042,0.760823585479521,,0.1409516348064729,0.14099377696780152,137.58522991310534,687.9261495655267,69.4297895893739,74.27782880694379,0.8104417709302854,2.423334161635765,2.5925471049900555,-0.1692129433542906,0.02893239097923331,473.7602920879504,4007.779707912049,0.0,0.0,473.7602920879504,4572.779707912049,4572.779707912049,473.7602920879504,0.26320016227108356,473.7602920879504,1421.2808762638513,5702.779707912049,5702.779707912049,17108.339123736147,6176.54,6176.54,18529.62,0.5147116666666667,0.45649415128771265,2.282470756438563,0.1521647170959042,216.26880245050776,216.26880245050776,0.0,216.26880245050776,216.26880245050776,0.0,473.7602920879504,0.0,473.7602920879504,1421.2808762638513,0.0,5138.0,-0.06526899473826134,53.95499212278641
10,10,2025,1SB,1,SB,AM-Peak,2,Peak,AM,3.0,70,12000,4,8.5,75,1800,1,4,0.1,0.01,7757.0,0.0,959.0,0.0,0.0,1.0,1.0,1.0,3.66,1.83,0.17391304347826086,0.17391304347826086,30,4.155,0.715,7757.0,0.0,959.0,0.0,0.0,8716.0,10634.0,1.0,1.2,0.6816666666666666,10634.0,0.0,1.0,155.14000000000001,5701.3949999999995,0.0,719.25,0.0,0.0,6537.0,1.8299997327036455,9.149998663518227,,0.13231344477028203,0.13336722515194402,141.04642957236916,705.2321478618456,39.63419611904698,70.41035849034338,2.385137940362619,2.556442032952958,4.541532757706103,-1.9850907247531455,2.6990427352002198,754.371212446062,6847.488787553938,0.0,0.0,754.371212446062,7806.488787553938,15612.977575107876,754.371212446062,0.41909511802559,1508.742424892124,4526.227274676372,9724.488787553939,19448.977575107878,58346.93272532363,10478.86,20957.72,62873.16,0.8732383333333333,5.489999198110937,27.449995990554683,1.8299997327036455,4141.497351406855,4141.497351406855,0.0,8282.99470281371,8282.99470281371,0.0,1508.742424892124,0.0,1508.742424892124,4526.227274676372,0.0,17432.0,-0.4370970838831516,55.312325322497706
11,11,2025,1SB,1,SB,AM-Shoulder,1,OP,AM,3.0,70,12000,4,8.5,75,1800,1,4,0.1,0.01,7826.0,0.0,967.0,0.0,0.0,1.0,1.0,1.0,3.66,1.83,0.17391304347826086,0.17391304347826086,30,4.155,0.715,7826.0,0.0,967.0,0.0,0.0,8793.0,10727.0,1.0,1.2,0.6876282051282051,10727.0,0.0,1.0,156.52,5752.11,0.0,725.25,0.0,0.0,6594.75,1.8299997922670277,9.149998961335138,,0.13918368591315128,0.1402781604615353,137.90090545174874,689.5045272587438,38.94222777242593,69.44817048658705,1.4182403938277837,2.59186093368384,4.622231708260249,-2.030370774576409,2.8096002974593977,800.5998715778966,6868.880128422103,0.0,0.0,800.5998715778966,7835.880128422103,7835.880128422103,800.5998715778966,0.44477770643216474,800.5998715778966,2401.79961473369,9769.880128422103,9769.880128422103,29309.640385266306,10570.48,10570.48,31711.439999999995,0.8808733333333333,5.489999376801083,27.449996884005415,1.8299997922670277,4395.292796029679,4395.292796029679,0.0,4395.292796029679,4395.292796029679,0.0,800.5998715778966,0.0,800.5998715778966,2401.79961473369,0.0,8793.0,-0.43926200647795205,54.078786451666176
12,12,2025,1SB,1,SB,MD,5,OP,MD,3.0,70,12000,4,8.5,75,1800,1,4,0.1,0.01,5968.0,0.0,738.0,0.0,0.0,1.0,1.0,1.0,3.66,1.83,0.17391304347826086,0.17391304347826086,30,4.136,0.708,5968.0,0.0,738.0,0.0,0.0,6706.0,8182.0,1.0,1.2,0.5244871794871795,8182.0,0.0,1.0,119.36,4386.4800000000005,0.0,553.5,0.0,0.0,5029.5,0.3689325185028097,1.8446625925140485,,0.10977056147181374,0.10991278673111049,149.1138866126986,745.569433063493,64.09460832869529,74.0801365741883,1.4778871243796967,2.429801135959532,2.808348544341032,-0.3785474083814999,0.32458036289007103,481.5063724848816,5367.133627515119,0.0,0.0,481.5063724848816,6105.133627515119,30525.668137575594,481.5063724848816,0.26750354026937867,2407.531862424408,7222.595587273223,7581.133627515119,37905.668137575594,113717.00441272679,8062.64,40313.200000000004,120939.6,0.6718866666666667,1.1067975555084293,5.533987777542146,0.3689325185028097,532.9300760279981,532.9300760279981,0.0,2664.6503801399904,2664.6503801399904,0.0,2407.531862424408,0.0,2407.531862424408,7222.595587273223,0.0,33530.0,-0.13479359930030502,58.47603396576415
13,13,2025,1SB,1,SB,PM-Shoulder,1,OP,PM,3.0,70,12000,4,8.5,75,1800,1,4,0.1,0.01,4858.0,0.0,600.0,0.0,0.0,1.0,1.0,1.0,3.66,1.83,0.17391304347826086,0.17391304347826086,30,4.135,0.592,4858.0,0.0,600.0,0.0,0.0,5458.0,6658.0,1.0,1.2,0.4267948717948718,6658.0,0.0,1.0,97.16,3570.63,0.0,450.0,0.0,0.0,4093.5,0.1410210266238989,0.7051051331194945,,0.13674719088418624,0.1367948161128586,119.47908700703093,597.3954350351546,69.03319792228224,74.17005516756603,0.9067342252938075,2.4268554148077883,2.6074411358234406,-0.1805857210156523,0.04933721322097095,488.27362218680196,4272.566377813198,0.0,0.0,488.27362218680196,4872.566377813198,4872.566377813198,488.27362218680196,0.2712631234371122,488.27362218680196,1464.8208665604059,6072.566377813198,6072.566377813198,18217.699133439593,6560.84,6560.84,19682.52,0.5467366666666666,0.42306307987169667,2.1153153993584835,0.1410210266238989,206.57054242245763,206.57054242245763,0.0,206.57054242245763,206.57054242245763,0.0,488.27362218680196,0.0,488.27362218680196,1464.8208665604059,0.0,5458.0,-0.06925783233784205,46.854543924325846
14,14,2025,1SB,1,SB,PM-Peak,3,Peak,PM,3.0,70,12000,4,8.5,75,1800,1,4,0.1,0.01,6246.0,0.0,772.0,0.0,0.0,1.0,1.0,1.0,3.66,1.83,0.17391304347826086,0.17391304347826086,30,4.135,0.592,6246.0,0.0,772.0,0.0,0.0,7018.0,8562.0,1.0,1.2,0.5488461538461539,8562.0,0.0,1.0,124.92,4590.8099999999995,0.0,579.0,0.0,0.0,5263.5,0.4002897098568104,2.001448549284052,,0.11214490841085144,0.11232450567785736,128.23198753668962,641.159937683448,61.73042943214207,73.8219789693225,2.363827658213067,2.438298221113808,2.9159039011362657,-0.47760568002245796,0.47193120169954134,514.8359669816208,5606.244033018379,0.0,0.0,514.8359669816208,6378.244033018379,19134.732099055138,514.8359669816208,0.286019981656456,1544.5079009448623,4633.523702834587,7922.244033018379,23766.732099055138,71300.19629716541,8437.08,25311.24,75933.72,0.70309,1.2008691295704312,6.004345647852156,0.4002897098568104,618.2506195407702,618.2506195407702,0.0,1854.7518586223107,1854.7518586223107,0.0,1544.5079009448623,0.0,1544.5079009448623,4633.523702834587,0.0,21054.0,-0.1637933540389809,50.287053935956706
15,15,2025,1SB,1,SB,PM-Late,3,OP,PM,3.0,70,12000,4,8.5,75,1800,1,4,0.1,0.01,4575.0,0.0,566.0,0.0,0.0,1.0,1.0,1.0,3.66,1.83,0.17391304347826086,0.17391304347826086,30,4.135,0.592,4575.0,0.0,566.0,0.0,0.0,5141.0,6273.0,1.0,1.2,0.4021153846153846,6273.0,0.0,1.0,91.5,3362.625,0.0,424.5,0.0,0.0,3855.75,0.1265490402792188,0.6327452013960939,,0.14582517276160556,0.14586492206885948,116.64859700005293,583.2429850002646,69.4393391133328,74.1899436832974,0.7614435272236855,2.426204834018818,2.592190569472727,-0.16598573545390938,0.028443937320493877,490.35537155749387,3993.144628442506,0.0,0.0,490.35537155749387,4559.144628442506,13677.433885327517,490.35537155749387,0.27241965086527437,1471.0661146724815,4413.1983440174445,5691.144628442506,17073.43388532752,51220.301655982556,6181.499999999999,18544.5,55633.5,0.5151249999999999,0.3796471208376564,1.8982356041882817,0.1265490402792188,186.16200499908177,186.16200499908177,0.0,558.4860149972453,558.4860149972453,0.0,1471.0661146724815,0.0,1471.0661146724815,4413.1983440174445,0.0,15423.0,-0.06403299873422201,45.74454784315802
16,16,2025,2NB,2,NB,Night,8,OP,NT,2.2,70,12000,4,8.5,75,1800,1,4,0.1,0.01,3220.0,0.0,398.0,0.0,0.0,1.0,1.0,1.0,3.66,1.83,0.17391304347826086,0.17391304347826086,30,4.103,0.708,3220.0,0.0,398.0,0.0,0.0,3618.0,4414.0,1.0,1.2,0.28294871794871795,4414.0,0.0,1.0,64.4,2366.7,0.0,298.5,0.0,0.0,2713.5,0.12349409095781755,0.6174704547890877,,0.17389948649404025,0.17390672789891568,117.64655188738362,588.2327594369181,69.97524188561282,74.63510840649796,0.24326504519628803,1.7686046529344583,1.8863814749762189,-0.11777682204176054,0.0009140492888486022,411.56791468544503,2744.032085314555,0.0,0.0,411.56791468544503,3142.032085314555,25136.25668251644,411.56791468544503,0.22864884149191392,3292.5433174835603,7243.595298463833,3938.032085314555,31504.25668251644,69309.36470153618,4349.6,34796.8,76552.96,0.3624666666666667,0.27168700010719865,1.358435000535993,0.12349409095781755,111.81765208126403,111.81765208126403,0.0,894.5412166501122,894.5412166501122,0.0,3292.5433174835603,0.0,3292.5433174835603,7243.595298463833,0.0,28944.0,-0.062435315234022494,62.91259459218376
17,17,2025,2NB,2,NB,AM-Early,1,OP,AM,2.2,70,12000,4,8.5,75,1800,1,4,0.1,0.01,3086.0,0.0,381.0,0.0,0.0,1.0,1.0,1.0,3.66,1.83,0.17391304347826086,0.17391304347826086,30,4.155,0.715,3086.0,0.0,381.0,0.0,0.0,3467.0,4229.0,1.0,1.2,0.2710897435897436,4229.0,0.0,1.0,61.72,2268.21,0.0,285.75,0.0,0.0,2600.25,0.13220967183594137,0.6610483591797068,,0.17390657042852417,0.17390971332805785,124.74131891992262,623.706594599613,69.98279808606425,74.69188312204906,0.23272066316217108,1.7672603030279412,1.886177798116439,-0.1189174950884977,0.0006350119909498636,394.4566221116828,2629.8233778883173,0.0,0.0,394.4566221116828,3010.8233778883173,3010.8233778883173,394.4566221116828,0.21914256783982378,394.4566221116828,867.8045686457023,3772.8233778883173,3772.8233778883173,8300.211431354299,4167.28,4167.28,9168.016000000001,0.3472733333333333,0.290861278039071,1.4543063901953552,0.13220967183594137,114.73215723837895,114.73215723837895,0.0,114.73215723837895,114.73215723837895,0.0,394.4566221116828,0.0,394.4566221116828,867.8045686457023,0.0,3467.0,-0.06304681096726418,66.70658765771263
18,18,2025,2NB,2,NB,AM-Peak,2,Peak,AM,2.2,70,12000,4,8.5,75,1800,1,4,0.1,0.01,6362.0,0.0,786.0,0.0,0.0,1.0,1.0,1.0,3.66,1.83,0.17391304347826086,0.17391304347826086,30,4.155,0.715,6362.0,0.0,786.0,0.0,0.0,7148.0,8720.0,1.0,1.2,0.558974358974359,8720.0,0.0,1.0,127.24000000000001,4676.07,0.0,589.5,0.0,0.0,5361.0,0.560129747054913,2.800648735274565,,0.1060871849311724,0.10625594322637637,155.4589884974798,777.2949424873989,60.28576463789543,73.93686005931875,1.8647390414055531,1.785307083558834,2.189571630929024,-0.40426454737019,0.4162845629441922,496.0711028411073,5738.688897158893,0.0,0.0,496.0711028411073,6524.688897158893,13049.377794317787,496.0711028411073,0.2755950571339485,992.1422056822146,2182.712852500872,8096.688897158893,16193.377794317787,35625.431147499134,8592.76,17185.52,37808.14400000001,0.7160633333333334,1.2322854435208088,6.161427217604044,0.560129747054913,611.3011989824107,611.3011989824107,0.0,1222.6023979648214,1222.6023979648214,0.0,992.1422056822146,0.0,992.1422056822146,2182.712852500872,0.0,14296.0,-0.1846317981379137,83.13314892913357
19,19,2025,2NB,2,NB,AM-Shoulder,1,OP,AM,2.2,70,12000,4,8.5,75,1800,1,4,0.1,0.01,7274.0,0.0,899.0,0.0,0.0,1.0,1.0,1.0,3.66,1.83,0.17391304347826086,0.17391304347826086,30,4.155,0.715,7274.0,0.0,899.0,0.0,0.0,8173.0,9971.0,1.0,1.2,0.6391666666666667,9971.0,0.0,1.0,145.48,5346.39,0.0,674.25,0.0,0.0,6129.75,1.4564344890748897,7.2821724453744485,,0.10404645307641133,0.10454976334542458,156.5025617559747,782.5128087798737,46.400319646178666,73.30648411512274,1.3893364638703267,1.800659267639997,2.8448079885344275,-1.0441487208944304,1.3139583728635942,556.2729162631948,6572.2470837368055,0.0,0.0,556.2729162631948,7471.2470837368055,7471.2470837368055,556.2729162631948,0.3090405090351082,556.2729162631948,1223.8004157790288,9269.247083736806,9269.247083736806,20392.343584220973,9825.52,9825.52,21616.144,0.8187933333333334,3.2041558759647577,16.02077937982379,1.4564344890748897,1782.3851332847673,1782.3851332847673,0.0,1782.3851332847673,1782.3851332847673,0.0,556.2729162631948,0.0,556.2729162631948,1223.8004157790288,0.0,8173.0,-0.36703662430038003,83.69120949517365
20,20,2025,2NB,2,NB,MD,5,OP,MD,2.2,70,12000,4,8.5,75,1800,1,4,0.1,0.01,7621.0,0.0,942.0,0.0,0.0,1.0,1.0,1.0,3.66,1.83,0.17391304347826086,0.17391304347826086,30,4.136,0.708,7621.0,0.0,942.0,0.0,0.0,8563.0,10447.0,1.0,1.2,0.6696794871794872,10447.0,0.0,1.0,152.42000000000002,5601.4349999999995,0.0,706.5,0.0,0.0,6422.25,1.8299989386133881,9.14999469306694,,0.11525414667965943,0.11595760906673219,145.8197685321863,729.0988426609314,40.79020376268449,72.21041170772648,1.3145305012447628,1.8279912394665943,3.236071110798315,-1.4080798713317206,1.8499888503651203,645.588611106578,6822.991388893422,0.0,0.0,645.588611106578,7764.991388893422,38824.95694446711,645.588611106578,0.35866033950365445,3227.94305553289,7101.474722172358,9648.99138889342,48244.95694446711,106138.90527782764,10294.579999999998,51472.899999999994,113240.37999999999,0.8578816666666665,4.025997664949454,20.12998832474727,1.829998938613388,2599.138240833044,2599.138240833044,0.0,12995.691204165221,12995.691204165221,0.0,3227.94305553289,0.0,3227.94305553289,7101.474722172358,0.0,42815.0,-0.43512018837693517,77.97848584608892
21,21,2025,2NB,2,NB,PM-Shoulder,1,OP,PM,2.2,70,12000,4,8.5,75,1800,1,4,0.1,0.01,8273.0,0.0,1022.0,0.0,0.0,1.0,1.0,1.0,3.66,1.83,0.17391304347826086,0.17391304347826086,30,4.135,0.592,8273.0,0.0,1022.0,0.0,0.0,9295.0,11339.0,1.0,1.2,0.7268589743589744,11339.0,0.0,1.0,165.46,6080.655,0.0,766.5,0.0,0.0,6971.25,1.829996433732525,9.149982168662625,,0.1688404751602311,0.16981798516763055,109.9792440349072,549.896220174536,33.28658446718931,62.89868812494316,0.6936946496905332,2.098612927153467,3.965561565203928,-1.8669486380504612,2.8493907729008114,1026.660679485435,7080.879320514565,0.0,0.0,1026.660679485435,8102.879320514565,8102.879320514565,1026.660679485435,0.570367044158575,1026.660679485435,2258.653494867957,10146.879320514565,10146.879320514565,22323.134505132046,11173.539999999999,11173.539999999999,24581.788000000004,0.9311283333333332,4.025992154211555,20.129960771057775,1.829996433732525,4133.327840645865,4133.327840645865,0.0,4133.327840645865,4133.327840645865,0.0,1026.660679485435,0.0,1026.660679485435,2258.653494867957,0.0,9295.0,-0.47079048133614176,58.812429965191015
22,22,2025,2NB,2,NB,PM-Peak,3,Peak,PM,2.2,70,12000,4,8.5,75,1800,1,4,0.1,0.01,7207.0,0.0,891.0,0.0,0.0,1.0,1.0,1.0,3.66,1.83,0.17391304347826086,0.17391304347826086,30,4.135,0.592,7207.0,0.0,891.0,0.0,0.0,8098.0,9880.0,1.0,1.2,0.6333333333333333,9880.0,0.0,1.0,144.14000000000001,5297.1449999999995,0.0,668.25,0.0,0.0,6073.5,1.0792127652108512,5.396063826054256,,0.11027281267601054,0.11068348366205737,128.8897724893194,644.448862446597,48.05890850544937,73.04269273660223,2.0353338498531333,1.8071622917298862,2.746629170428051,-0.939466878698165,1.1794533920578587,584.1310783026657,6478.728921697334,0.0,0.0,584.1310783026657,7369.728921697334,22109.186765092003,584.1310783026657,0.3245172657237032,1752.3932349079973,3855.2651167975946,9151.728921697333,27455.186765092,60401.41088320241,9735.859999999999,29207.579999999998,64256.676,0.8113216666666666,2.374268083463873,11.871340417319365,1.0792127652108512,1386.8837757733556,1386.8837757733556,0.0,4160.651327320067,4160.651327320067,0.0,1752.3932349079973,0.0,1752.3932349079973,3855.2651167975946,0.0,24294.0,-0.3420435815701152,68.925012026374
23,23,2025,2NB,2,NB,PM-Late,3,OP,PM,2.2,70,12000,4,8.5,75,1800,1,4,0.1,0.01,7436.0,0.0,919.0,0.0,0.0,1.0,1.0,1.0,3.66,1.83,0.17391304347826086,0.17391304347826086,30,4.135,0.592,7436.0,0.0,919.0,0.0,0.0,8355.0,10193.0,1.0,1.2,0.6533974358974359,10193.0,0.0,1.0,148.72,5465.46,0.0,689.25,0.0,0.0,6266.25,1.3669911214060237,6.8349556070301185,,0.11064793229107826,0.11118428015468305,128.68794046134946,643.4397023067472,43.91390528431121,72.76599810993976,1.3391192217870402,1.8140340739993084,3.0058816027723827,-1.1918475287730743,1.5346292243695934,604.7418480195967,6682.538151980403,0.0,0.0,604.7418480195967,7601.538151980403,22804.61445594121,604.7418480195967,0.3359676933442204,1814.22554405879,3991.2961969293387,9439.538151980403,28318.61445594121,62300.95180307067,10044.28,30132.84,66292.248,0.8370233333333333,3.0073804670932525,15.036902335466262,1.3669911214060237,1818.6888213680113,1818.6888213680113,0.0,5456.066464104034,5456.066464104034,0.0,1814.22554405879,0.0,1814.22554405879,3991.2961969293387,0.0,25065.0,-0.39650514766576644,68.81708046061468
24,24,2025,2SB,2,SB,Night,8,OP,NT,2.2,70,12000,4,8.5,75,1800,1,4,0.1,0.01,2585.0,0.0,319.0,0.0,0.0,1.0,1.0,1.0,3.66,1.83,0.17391304347826086,0.17391304347826086,30,4.103,0.708,2585.0,0.0,319.0,0.0,0.0,2904.0,3542.0,1.0,1.2,0.22705128205128206,3542.0,0.0,1.0,51.7,1899.9750000000001,0.0,239.25,0.0,0.0,2178.0,0.12817621497659737,0.6408810748829868,,0.17390451979117705,0.173907305261818,117.64609468187409,588.2304734093705,69.99618750101749,74.8479931951208,0.0,1.763574337335805,1.8858169953625146,-0.12224265802670953,0.00014071221807366032,330.41423999024164,2202.8857600097585,0.0,0.0,330.41423999024164,2521.8857600097585,20175.08608007807,330.41423999024164,0.18356346666124534,2643.313919921933,5815.290623828253,3159.8857600097585,25279.08608007807,55613.989376171754,3490.3,27922.4,61429.280000000006,0.29085833333333333,0.28198767294851423,1.4099383647425712,0.12817621497659737,93.17274264390015,93.17274264390015,0.0,745.3819411512012,745.3819411512012,0.0,2643.313919921933,0.0,2643.313919921933,5815.290623828253,0.0,23232.0,-0.06482212130197212,62.91235009725887
25,25,2025,2SB,2,SB,AM-Early,1,OP,AM,2.2,70,12000,4,8.5,75,1800,1,4,0.1,0.01,6971.0,0.0,862.0,0.0,0.0,1.0,1.0,1.0,3.66,1.83,0.17391304347826086,0.17391304347826086,30,4.155,0.715,6971.0,0.0,862.0,0.0,0.0,7833.0,9557.0,1.0,1.2,0.6126282051282051,9557.0,0.0,1.0,139.42000000000002,5123.6849999999995,0.0,646.5,0.0,0.0,5874.75,1.0603274400505769,5.301637200252884,,0.10412617280648175,0.10447737195099316,156.54727009298622,782.7363504649311,51.676880631872,73.56302773353445,1.3309390528165115,1.7943796505785536,2.5543337443357266,-0.7599540937571729,0.9160086583113742,533.5097097159784,6298.070290284021,0.0,0.0,533.5097097159784,7160.070290284021,7160.070290284021,533.5097097159784,0.29639428317554356,533.5097097159784,1173.7213613751526,8884.07029028402,8884.07029028402,19544.954638624848,9417.579999999998,9417.579999999998,20718.676,0.7847983333333332,2.332720368111269,11.663601840556346,1.0603274400505769,1244.5289664395934,1244.5289664395934,0.0,1244.5289664395934,1244.5289664395934,0.0,533.5097097159784,0.0,533.5097097159784,1173.7213613751526,0.0,7833.0,-0.2975155832484234,83.71511769678408
26,26,2025,2SB,2,SB,AM-Peak,2,Peak,AM,2.2,70,12000,4,8.5,75,1800,1,4,0.1,0.01,9309.0,0.0,1150.0,0.0,0.0,1.0,1.0,1.0,3.66,1.83,0.17391304347826086,0.17391304347826086,30,4.155,0.715,9309.0,0.0,1150.0,0.0,0.0,10459.0,12759.0,1.0,1.2,0.8178846153846154,12759.0,0.0,1.0,186.18,6842.115,0.0,862.5,0.0,0.0,7844.25,3.6599998434922916,18.29999921746146,,0.17391304024922308,0.17391266769140926,81.28476024092743,406.42380120463713,17.805968245643836,55.90311918702177,1.097699244300588,2.3612278155427964,7.4132447154225,-5.052016899879703,7.572716688700254,1189.933021384813,7932.886978615186,0.0,0.0,1189.933021384813,9082.886978615186,18165.773957230373,1189.933021384813,0.6610739007693405,2379.866042769626,5235.705294093177,11382.886978615186,22765.773957230373,50084.70270590682,12572.82,25145.64,55320.407999999996,1.047735,8.051999655683042,40.25999827841521,3.6599998434922916,9581.340278476397,9581.340278476397,0.0,19162.680556952793,19162.680556952793,0.0,2379.866042769626,0.0,2379.866042769626,5235.705294093177,0.0,20918.0,-0.6814852461796516,43.467786225094876
27,27,2025,2SB,2,SB,AM-Shoulder,1,OP,AM,2.2,70,12000,4,8.5,75,1800,1,4,0.1,0.01,8274.0,0.0,1023.0,0.0,0.0,1.0,1.0,1.0,3.66,1.83,0.17391304347826086,0.17391304347826086,30,4.155,0.715,8274.0,0.0,1023.0,0.0,0.0,9297.0,11343.0,1.0,1.2,0.7271153846153846,11343.0,0.0,1.0,165.48,6081.39,0.0,767.25,0.0,0.0,6972.75,1.8299996117468116,9.149998058734058,,0.1739130261331043,0.17391296497051567,115.05750169598193,575.2875084799097,33.675416798531714,61.820254885509414,0.6251757038854523,2.135222513146587,3.919773310890553,-1.7845507977439659,2.7866608644914863,1057.6329379955991,7050.887062004402,0.0,0.0,1057.6329379955991,8073.887062004402,8073.887062004402,1057.6329379955991,0.5875738544419995,1057.6329379955991,2326.792463590318,10119.887062004402,10119.887062004402,22263.751536409687,11177.52,11177.52,24590.544000000005,0.9314600000000001,4.025999145842986,20.12999572921493,1.8299996117468116,4258.02930498569,4258.02930498569,0.0,4258.02930498569,4258.02930498569,0.0,1057.6329379955991,0.0,1057.6329379955991,2326.792463590318,0.0,9297.0,-0.45526887812257816,61.528075773252375
28,28,2025,2SB,2,SB,MD,5,OP,MD,2.2,70,12000,4,8.5,75,1800,1,4,0.1,0.01,7694.0,0.0,951.0,0.0,0.0,1.0,1.0,1.0,3.66,1.83,0.17391304347826086,0.17391304347826086,30,4.136,0.708,7694.0,0.0,951.0,0.0,0.0,8645.0,10547.0,1.0,1.2,0.6760897435897436,10547.0,0.0,1.0,153.88,5655.09,0.0,713.25,0.0,0.0,6483.75,1.8299994152771217,9.149997076385608,,0.12307340752277086,0.12381045920781522,141.81909271448595,709.0954635724298,40.05745288215733,71.4492500020733,1.2276589099961743,1.8474651587829074,3.2952669354270494,-1.447801776644142,1.9310871301064867,695.9911961479463,6844.128803852053,0.0,0.0,695.9911961479463,7795.128803852053,38975.64401926027,695.9911961479463,0.38666177563774795,3479.955980739732,7655.90315762741,9697.128803852054,48485.644019260275,106668.41684237261,10393.12,51965.600000000006,114324.32000000002,0.8660933333333334,4.025998713609668,20.129993568048338,1.8299994152771217,2802.0596603752856,2802.0596603752856,0.0,14010.298301876428,14010.298301876428,0.0,3479.955980739732,0.0,3479.955980739732,7655.90315762741,0.0,43225.0,-0.43935796553504836,75.83908701309409
29,29,2025,2SB,2,SB,PM-Shoulder,1,OP,PM,2.2,70,12000,4,8.5,75,1800,1,4,0.1,0.01,5126.0,0.0,634.0,0.0,0.0,1.0,1.0,1.0,3.66,1.83,0.17391304347826086,0.17391304347826086,30,4.135,0.592,5126.0,0.0,634.0,0.0,0.0,5760.0,7028.0,1.0,1.2,0.4505128205128205,7028.0,0.0,1.0,102.52,3767.6099999999997,0.0,475.5,0.0,0.0,4320.0,0.16162872622428978,0.8081436311214489,,0.12941764212714116,0.1294603271636446,121.9164570232027,609.5822851160135,68.42644219625076,74.14349432986324,0.7645156775855692,1.7803315205611172,1.9290788146111237,-0.14874729405000653,0.05940940458866839,487.59520265463823,4535.884797345361,0.0,0.0,487.59520265463823,5169.884797345361,5169.884797345361,487.59520265463823,0.27088622369702126,487.59520265463823,1072.7094458402041,6437.884797345361,6437.884797345361,14163.346554159796,6925.48,6925.48,15236.056,0.5771233333333333,0.35558319769343755,1.7779159884671878,0.16162872622428978,173.38066133991597,173.38066133991597,0.0,173.38066133991597,173.38066133991597,0.0,487.59520265463823,0.0,487.59520265463823,1072.7094458402041,0.0,5760.0,-0.07710794028910217,65.19596632256828
30,30,2025,2SB,2,SB,PM-Peak,3,Peak,PM,2.2,70,12000,4,8.5,75,1800,1,4,0.1,0.01,7001.0,0.0,865.0,0.0,0.0,1.0,1.0,1.0,3.66,1.83,0.17391304347826086,0.17391304347826086,30,4.135,0.592,7001.0,0.0,865.0,0.0,0.0,7866.0,9596.0,1.0,1.2,0.6151282051282051,9596.0,0.0,1.0,140.02,5145.735,0.0,648.75,0.0,0.0,5899.5,0.8695911038189781,4.34795551909489,,0.11009215893997737,0.11041372078254769,128.99889537757306,644.9944768878653,51.600291277494314,73.26102518694051,1.9796918875388876,1.8017765880722383,2.558125094490937,-0.7563485064186986,0.9212028080240123,566.5050754830044,6294.474924516995,0.0,0.0,566.5050754830044,7159.474924516995,21478.424773550985,566.5050754830044,0.31472504193500245,1699.515226449013,3738.9334981878287,8889.474924516995,26668.424773550985,58670.53450181217,9455.98,28367.94,62409.468,0.7879983333333332,1.9131004284017519,9.565502142008759,0.8695911038189781,1083.7811025983024,1083.7811025983024,0.0,3251.343307794907,3251.343307794907,0.0,1699.515226449013,0.0,1699.515226449013,3738.9334981878287,0.0,23598.0,-0.2956651760492623,68.98336651207116
31,31,2025,2SB,2,SB,PM-Late,3,OP,PM,2.2,70,12000,4,8.5,75,1800,1,4,0.1,0.01,6368.0,0.0,787.0,0.0,0.0,1.0,1.0,1.0,3.66,1.83,0.17391304347826086,0.17391304347826086,30,4.135,0.592,6368.0,0.0,787.0,0.0,0.0,7155.0,8729.0,1.0,1.2,0.559551282051282,8729.0,0.0,1.0,127.36,4680.4800000000005,0.0,590.25,0.0,0.0,5366.25,0.4520927362936624,2.260463681468312,,0.11144445423885474,0.11159627189142188,128.5226227382607,642.6131136913035,60.42806772753922,73.75375882349772,1.1383962185644771,1.7897392906562644,2.184415371267,-0.39467608061073545,0.40922048720721854,521.6135391758748,5719.026460824126,0.0,0.0,521.6135391758748,6506.026460824126,19518.079382472377,521.6135391758748,0.2897852995421527,1564.8406175276245,3442.649358560774,8080.026460824126,24240.079382472377,53328.17464143923,8601.640000000001,25804.920000000002,56770.82400000001,0.7168033333333335,0.9946040198460574,4.973020099230287,0.4520927362936624,518.798922870454,518.798922870454,0.0,1556.396768611362,1556.396768611362,0.0,1564.8406175276245,0.0,1564.8406175276245,3442.649358560774,0.0,21465.0,-0.18067812825443372,68.72867526110198
32,32,2025,3NB,3,NB,Night,8,OP,NT,3.4,70,12000,4,8.5,75,1800,1,4,0.1,0.01,3349.0,0.0,414.0,0.0,0.0,1.0,1.0,1.0,3.66,1.83,0.17391304347826086,0.17391304347826086,30,4.103,0.708,3349.0,0.0,414.0,0.0,0.0,3763.0,4591.0,1.0,1.2,0.2942948717948718,4591.0,0.0,1.0,66.98,2461.515,0.0,310.5,0.0,0.0,2822.25,0.12223224384978362,0.6111612192489181,,0.17390459713002948,0.1739115077493469,117.6433437932011,588.2167189660055,69.96542227893696,74.57333647950452,0.3910480818473859,2.7355621946198783,2.9157259879987043,-0.18016379337882604,0.001973174986796394,428.0687744045245,2853.9512255954755,0.0,0.0,428.0687744045245,3267.9512255954755,26143.609804763804,428.0687744045245,0.2378159857802914,3424.550195236196,11643.470663803066,4095.9512255954755,32767.609804763804,111409.87333619694,4524.02,36192.16,123053.344,0.3770016666666667,0.41558962908926433,2.0779481454463213,0.12223224384978364,177.9009431794723,177.9009431794723,0.0,1423.2075454357785,1423.2075454357785,0.0,3424.550195236196,0.0,3424.550195236196,11643.470663803066,0.0,30104.0,-0.061790371976101516,40.70703937481007
33,33,2025,3NB,3,NB,AM-Early,1,OP,AM,3.4,70,12000,4,8.5,75,1800,1,4,0.1,0.01,3209.0,0.0,397.0,0.0,0.0,1.0,1.0,1.0,3.66,1.83,0.17391304347826086,0.17391304347826086,30,4.155,0.715,3209.0,0.0,397.0,0.0,0.0,3606.0,4400.0,1.0,1.2,0.28205128205128205,4400.0,0.0,1.0,64.18,2358.6150000000002,0.0,297.75,0.0,0.0,2704.5,0.13104840014204297,0.6552420007102149,,0.17390646909157603,0.17391183394287724,124.73921636602587,623.6960818301293,69.97589692658333,74.63999544968091,0.37510260462930506,2.733119137681728,2.9152895348241246,-0.18217039714239647,0.0013752341376219088,410.17840659642764,2734.6415934035726,0.0,0.0,410.17840659642764,3131.6415934035726,3131.6415934035726,410.17840659642764,0.2278768925535709,410.17840659642764,1394.606582427854,3925.6415934035726,3925.6415934035726,13347.181417572147,4335.820000000001,4335.820000000001,14741.788,0.3613183333333334,0.44556456048294607,2.2278228024147304,0.13104840014204297,182.76096145473244,182.76096145473244,0.0,182.76096145473244,182.76096145473244,0.0,410.17840659642764,0.0,410.17840659642764,1394.606582427854,0.0,3606.0,-0.062487926144662184,43.1623586041612
34,34,2025,3NB,3,NB,AM-Peak,2,Peak,AM,3.4,70,12000,4,8.5,75,1800,1,4,0.1,0.01,6617.0,0.0,818.0,0.0,0.0,1.0,1.0,1.0,3.66,1.83,0.17391304347826086,0.17391304347826086,30,4.155,0.715,6617.0,0.0,818.0,0.0,0.0,7435.0,9071.0,1.0,1.2,0.581474358974359,9071.0,0.0,1.0,132.34,4863.495,0.0,613.5,0.0,0.0,5576.25,0.730245098416197,3.651225492080985,,0.10481965992829133,0.10517402153438556,156.11850956712416,780.5925478356208,57.06083271889092,73.80467662957136,3.031910447812339,2.7640524871328167,3.5751318422744025,-0.8110793551415858,0.9053591953445034,509.7898919629452,5974.870108037055,0.0,0.0,509.7898919629452,6792.870108037055,13585.74021607411,509.7898919629452,0.28321660664608067,1019.5797839258904,3466.5712653480273,8428.870108037056,16857.74021607411,57316.31673465198,8938.660000000002,17877.320000000003,60782.888000000006,0.7448883333333335,2.4828333346150697,12.414166673075348,0.730245098416197,1265.7233374154155,1265.7233374154155,0.0,2531.446674830831,2531.446674830831,0.0,1019.5797839258904,0.0,1019.5797839258904,3466.5712653480273,0.0,14870.0,-0.22686697747784287,54.02024552495645
35,35,2025,3NB,3,NB,AM-Shoulder,1,OP,AM,3.4,70,12000,4,8.5,75,1800,1,4,0.1,0.01,7565.0,0.0,935.0,0.0,0.0,1.0,1.0,1.0,3.66,1.83,0.17391304347826086,0.17391304347826086,30,4.155,0.715,7565.0,0.0,935.0,0.0,0.0,8500.0,10370.0,1.0,1.2,0.6647435897435897,10370.0,0.0,1.0,151.3,5560.275,0.0,701.25,0.0,0.0,6375.0,1.82999524584956,9.1499762292478,,0.11186877626163932,0.11292742514298201,151.55379530274226,757.7689765137112,41.57791172404663,72.5290632828807,2.081935346382925,2.8126655821315545,4.906451323336097,-2.0937857412045426,2.7292668843990247,622.0211599281865,6791.678840071813,0.0,0.0,622.0211599281865,7726.678840071813,7726.678840071813,622.0211599281865,0.34556731107121474,622.0211599281865,2114.8719437558343,9596.678840071814,9596.678840071814,32628.708056244166,10218.7,10218.7,34743.58,0.8515583333333334,6.221983835888504,31.109919179442517,1.8299952458495603,3870.205602653795,3870.205602653795,0.0,3870.205602653795,3870.205602653795,0.0,622.0211599281865,0.0,622.0211599281865,2114.8719437558343,0.0,8500.0,-0.4267413662591667,52.44075962032604
36,36,2025,3NB,3,NB,MD,5,OP,MD,3.4,70,12000,4,8.5,75,1800,1,4,0.1,0.01,7925.0,0.0,980.0,0.0,0.0,1.0,1.0,1.0,3.66,1.83,0.17391304347826086,0.17391304347826086,30,4.136,0.708,7925.0,0.0,980.0,0.0,0.0,8905.0,10865.0,1.0,1.2,0.6964743589743589,10865.0,0.0,1.0,158.5,5824.875,0.0,735.0,0.0,0.0,6678.75,1.829999853065268,9.14999926532634,,0.1466180571393527,0.14791400013104025,131.12600237116868,655.6300118558435,37.691792375250444,68.1740392286699,1.4782092841633911,2.9923414001588142,5.4123188934350726,-2.4199774932762583,3.4223054554346213,854.031855579587,6912.4681444204125,0.0,0.0,854.031855579587,7892.4681444204125,39462.34072210206,854.031855579587,0.4744621419886595,4270.159277897936,14518.54154485298,9852.468144420413,49262.34072210206,167491.958455147,10706.5,53532.5,182010.49999999997,0.8922083333333334,6.22199950042191,31.109997502109554,1.829999853065268,5313.785778760588,5313.785778760588,0.0,26568.928893802942,26568.928893802942,0.0,4270.159277897936,0.0,4270.159277897936,14518.54154485298,0.0,44525.0,-0.44712396681052824,45.372319159573934
37,37,2025,3NB,3,NB,PM-Shoulder,1,OP,PM,3.4,70,12000,4,8.5,75,1800,1,4,0.1,0.01,8604.0,0.0,1063.0,0.0,0.0,1.0,1.0,1.0,3.66,1.83,0.17391304347826086,0.17391304347826086,30,4.135,0.592,8604.0,0.0,1063.0,0.0,0.0,9667.0,11793.0,1.0,1.2,0.7559615384615385,11793.0,0.0,1.0,172.08,6323.9400000000005,0.0,797.25,0.0,0.0,7250.25,1.829999874495511,9.149999372477556,,0.17391303988499318,0.17391301215159116,81.55211996530895,407.7605998265447,27.986921847556427,60.033795339040665,1.003625678977166,3.398086008854024,7.289118864560359,-3.8910328557063347,5.9935214158762635,1099.815629450304,7332.104370549696,0.0,0.0,1099.815629450304,8395.104370549696,8395.104370549696,1099.815629450304,0.6110086830279466,1099.815629450304,3739.3731401310333,10521.104370549696,10521.104370549696,35771.75485986897,11620.92,11620.92,39511.128000000004,0.96841,6.221999573284737,31.10999786642369,1.829999874495511,6843.052377131676,6843.052377131676,0.0,6843.052377131676,6843.052377131676,0.0,1099.815629450304,0.0,1099.815629450304,3739.3731401310333,0.0,9667.0,-0.5338138845045466,28.218726631594787
38,38,2025,3NB,3,NB,PM-Peak,3,Peak,PM,3.4,70,12000,4,8.5,75,1800,1,4,0.1,0.01,7495.0,0.0,926.0,0.0,0.0,1.0,1.0,1.0,3.66,1.83,0.17391304347826086,0.17391304347826086,30,4.135,0.592,7495.0,0.0,926.0,0.0,0.0,8421.0,10273.0,1.0,1.2,0.658525641025641,10273.0,0.0,1.0,149.9,5508.825000000001,0.0,694.5,0.0,0.0,6315.75,1.452473611868066,7.2623680593403295,,0.11058267255852693,0.11147006038623741,128.57319456637333,642.8659728318665,42.813052810469316,72.70067700158769,3.260658178576725,2.806026139145099,4.764901977513613,-1.958875838368514,2.5353442806222217,609.1805911572271,6735.919408842773,0.0,0.0,609.1805911572271,7661.919408842773,22985.75822652832,609.1805911572271,0.33843366175401507,1827.5417734716814,6213.6420298037165,9513.919408842772,28541.758226528316,97041.97797019627,10123.099999999999,30369.3,103255.61999999998,0.8435916666666665,4.938410280351424,24.69205140175712,1.452473611868066,3008.3836939614084,3008.3836939614084,0.0,9025.151081884225,9025.151081884225,0.0,1827.5417734716814,0.0,1827.5417734716814,6213.6420298037165,0.0,25263.0,-0.4111051701824684,44.48899465964475
39,39,2025,3NB,3,NB,PM-Late,3,OP,PM,3.4,70,12000,4,8.5,75,1800,1,4,0.1,0.01,7734.0,0.0,956.0,0.0,0.0,1.0,1.0,1.0,3.66,1.83,0.17391304347826086,0.17391304347826086,30,4.135,0.592,7734.0,0.0,956.0,0.0,0.0,8690.0,10602.0,1.0,1.2,0.6796153846153846,10602.0,0.0,1.0,154.68,5684.49,0.0,717.0,0.0,0.0,6517.5,1.8299781553833843,9.149890776916921,,0.11265669443095412,0.11381716119085901,127.64248699565184,638.2124349782592,38.421456204657325,72.24969869405459,2.1130313022756146,2.8235411868477054,5.309533269987611,-2.4859920831399056,3.281489151311599,640.3958529258143,6938.924147074185,0.0,0.0,640.3958529258143,7894.924147074185,23684.772441222558,640.3958529258143,0.3557754738476746,1921.187558777443,6532.037699843306,9806.924147074185,29420.772441222558,100030.6263001567,10447.32,31341.96,106562.664,0.87061,6.221925728303506,31.10962864151753,1.8299781553833843,3984.495433617992,3984.495433617992,0.0,11953.486300853976,11953.486300853976,0.0,1921.187558777443,0.0,1921.187558777443,6532.037699843306,0.0,26070.0,-0.4682129213111996,44.16695051752659
40,40,2025,3SB,3,SB,Night,8,OP,NT,3.4,70,12000,4,8.5,75,1800,1,4,0.1,0.01,2688.0,0.0,332.0,0.0,0.0,1.0,1.0,1.0,3.66,1.83,0.17391304347826086,0.17391304347826086,30,4.103,0.708,2688.0,0.0,332.0,0.0,0.0,3020.0,3684.0,1.0,1.2,0.23615384615384616,3684.0,0.0,1.0,53.76,1975.6799999999998,0.0,249.0,0.0,0.0,2265.0,0.12758258418135812,0.6379129209067906,,0.1739058812570122,0.1739105031628407,117.64399928511203,588.2199964255602,69.99467412566666,74.82233545934764,0.0,2.72645860019749,2.914507461435474,-0.1880488612379838,0.00030379359517079715,343.58237148185384,2290.657628518146,0.0,0.0,343.58237148185384,2622.657628518146,20981.261028145167,343.58237148185384,0.19087909526769659,2748.6589718548307,9345.440504306423,3286.657628518146,26293.261028145167,89397.08749569356,3630.24,29041.92,98742.52799999998,0.30251999999999996,0.4337807862166176,2.168903931083088,0.12758258418135812,149.03943123156853,149.03943123156853,0.0,1192.3154498525482,1192.3154498525482,0.0,2748.6589718548307,0.0,2748.6589718548307,9345.440504306423,0.0,24160.0,-0.06452166059831071,40.70726618862008
41,41,2025,3SB,3,SB,AM-Early,1,OP,AM,3.4,70,12000,4,8.5,75,1800,1,4,0.1,0.01,7250.0,0.0,896.0,0.0,0.0,1.0,1.0,1.0,3.66,1.83,0.17391304347826086,0.17391304347826086,30,4.155,0.715,7250.0,0.0,896.0,0.0,0.0,8146.0,9938.0,1.0,1.2,0.637051282051282,9938.0,0.0,1.0,145.0,5328.75,0.0,672.0,0.0,0.0,6109.5,1.4209421554740669,7.104710777370334,,0.1038729284851751,0.1046291895752078,156.45355459385658,782.267772969283,46.826175798669105,73.3368557854578,2.1432397221585573,2.7816845679447826,4.356537695435682,-1.5748531274908992,1.9758852141754557,553.5128676653768,6551.487132334623,0.0,0.0,553.5128676653768,7447.487132334623,7447.487132334623,553.5128676653768,0.3075071487029871,553.5128676653768,1881.943750062281,9239.487132334623,9239.487132334623,31414.25624993772,9793.0,9793.0,33296.200000000004,0.8160833333333334,4.831203328611827,24.156016643059136,1.4209421554740669,2674.1332086944462,2674.1332086944462,0.0,2674.1332086944462,2674.1332086944462,0.0,553.5128676653768,0.0,553.5128676653768,1881.943750062281,0.0,8146.0,-0.3614919088479054,54.136178060157995
42,42,2025,3SB,3,SB,AM-Peak,2,Peak,AM,3.4,70,12000,4,8.5,75,1800,1,4,0.1,0.01,9681.0,0.0,1197.0,0.0,0.0,1.0,1.0,1.0,3.66,1.83,0.17391304347826086,0.17391304347826086,30,4.155,0.715,9681.0,0.0,1197.0,0.0,0.0,10878.0,13272.0,1.0,1.2,0.8507692307692307,13272.0,0.0,1.0,193.62,7115.535,0.0,897.75,0.0,0.0,8158.5,3.6599999316502614,18.299999658251306,,0.1739130421752124,0.17391303044891232,57.419885255356874,287.09942627678436,13.72857024646225,53.587806710422726,1.7664558836848303,3.8068361540223736,14.85952261143649,-11.052686457414115,16.364974549096566,1237.4843385542,8249.895661445798,0.0,0.0,1237.4843385542,9446.895661445798,18893.791322891597,1237.4843385542,0.6874912991967778,2474.9686771084,8414.89350216856,11840.895661445798,23681.791322891597,80518.09049783142,13078.379999999997,26156.759999999995,88932.98399999998,1.0898649999999999,12.443999767610888,62.21999883805444,3.6599999316502614,15399.254821390577,15399.254821390577,0.0,30798.509642781155,30798.509642781155,0.0,2474.9686771084,0.0,2474.9686771084,8414.89350216856,0.0,21756.0,-0.7438116786408414,19.86847240669788
43,43,2025,3SB,3,SB,AM-Shoulder,1,OP,AM,3.4,70,12000,4,8.5,75,1800,1,4,0.1,0.01,8605.0,0.0,1064.0,0.0,0.0,1.0,1.0,1.0,3.66,1.83,0.17391304347826086,0.17391304347826086,30,4.155,0.715,8605.0,0.0,1064.0,0.0,0.0,9669.0,11797.0,1.0,1.2,0.7562179487179487,11797.0,0.0,1.0,172.1,6324.674999999999,0.0,798.0,0.0,0.0,7251.75,1.8299999549050407,9.149999774525204,,0.17391304100979169,0.1739130175484721,81.27705306303547,406.3852653151773,27.935245158328534,60.02822525015176,1.0049342764835187,3.3984013212098794,7.30260281747268,-3.9042014962628007,6.011994431366145,1099.943462648604,7332.956537351396,0.0,0.0,1099.943462648604,8396.956537351396,8396.956537351396,1099.943462648604,0.6110797014714467,1099.943462648604,3739.8077730052537,10524.956537351396,10524.956537351396,35784.85222699474,11624.9,11624.9,39524.659999999996,0.9687416666666666,6.2219998466771385,31.109999233385693,1.8299999549050407,6843.848055953135,6843.848055953135,0.0,6843.848055953135,6843.848055953135,0.0,1099.943462648604,0.0,1099.943462648604,3739.8077730052537,0.0,9669.0,-0.5346314997334041,28.123547772676627
44,44,2025,3SB,3,SB,MD,5,OP,MD,3.4,70,12000,4,8.5,75,1800,1,4,0.1,0.01,8002.0,0.0,989.0,0.0,0.0,1.0,1.0,1.0,3.66,1.83,0.17391304347826086,0.17391304347826086,30,4.136,0.708,8002.0,0.0,989.0,0.0,0.0,8991.0,10969.0,1.0,1.2,0.7031410256410257,10969.0,0.0,1.0,160.04,5881.47,0.0,741.75,0.0,0.0,6743.25,1.829999392581764,9.14999696290882,,0.15386598311666935,0.15521040882873333,128.27190716153402,641.35953580767,36.9086998282081,66.81230140483737,1.3437045154223273,3.053329936412427,5.527152160588695,-2.4738222241762684,3.579627031435084,904.9581637211974,6937.001836278802,0.0,0.0,904.9581637211974,7926.001836278802,39630.00918139401,904.9581637211974,0.5027545354006652,4524.790818605987,15384.288783260354,9904.001836278803,49520.009181394016,168368.03121673965,10808.960000000001,54044.8,183752.32,0.9007466666666667,6.221997934777997,31.109989673889984,1.829999392581764,5630.6478257337785,5630.6478257337785,0.0,28153.239128668894,28153.239128668894,0.0,4524.790818605987,0.0,4524.790818605987,15384.288783260354,0.0,44955.0,-0.4475762838258432,44.384742962468515
45,45,2025,3SB,3,SB,PM-Shoulder,1,OP,PM,3.4,70,12000,4,8.5,75,1800,1,4,0.1,0.01,5331.0,0.0,659.0,0.0,0.0,1.0,1.0,1.0,3.66,1.83,0.17391304347826086,0.17391304347826086,30,4.135,0.592,5331.0,0.0,659.0,0.0,0.0,5990.0,7308.0,1.0,1.2,0.4684615384615385,7308.0,0.0,1.0,106.62,3918.285,0.0,494.25,0.0,0.0,4492.5,0.1834488301570654,0.917244150785327,,0.12464099323024487,0.12471930586986388,123.57084985508104,617.8542492754051,67.77638362752845,74.11512570327021,1.2933425488334622,2.7524745868574954,3.0098979774592487,-0.25742339060175334,0.130988800547742,488.37893415917,4736.00106584083,0.0,0.0,488.37893415917,5395.00106584083,5395.00106584083,488.37893415917,0.2713216300884278,488.37893415917,1660.488376141178,6713.00106584083,6713.00106584083,22824.203623858823,7201.38,7201.38,24484.692,0.600115,0.6237260225340223,3.1186301126701115,0.1834488301570654,304.6146500925043,304.6146500925043,0.0,304.6146500925043,304.6146500925043,0.0,488.37893415917,0.0,488.37893415917,1660.488376141178,0.0,5990.0,-0.08552561998099772,42.75807953463011
46,46,2025,3SB,3,SB,PM-Peak,3,Peak,PM,3.4,70,12000,4,8.5,75,1800,1,4,0.1,0.01,7281.0,0.0,900.0,0.0,0.0,1.0,1.0,1.0,3.66,1.83,0.17391304347826086,0.17391304347826086,30,4.135,0.592,7281.0,0.0,900.0,0.0,0.0,8181.0,9981.0,1.0,1.2,0.6398076923076923,9981.0,0.0,1.0,145.62,5351.535,0.0,675.0,0.0,0.0,6135.75,1.1655920670436792,5.827960335218396,,0.1102357335506423,0.11092800501422308,128.7911016816813,643.9555084084066,46.73369100327263,72.96541085295033,3.178575263032609,2.7958452863525722,4.365159173618759,-1.5693138872661865,1.9876966392862712,589.9303863469365,6545.449613653063,0.0,0.0,589.9303863469365,7445.449613653063,22336.34884095919,589.9303863469365,0.3277391035260758,1769.7911590408096,6017.289940738752,9245.449613653063,27736.34884095919,94303.58605926124,9835.38,29506.14,100320.87599999999,0.819615,3.9630130279485094,19.815065139742547,1.1655920670436792,2337.901806675607,2337.901806675607,0.0,7013.705420026821,7013.705420026821,0.0,1769.7911590408096,0.0,1769.7911590408096,6017.289940738752,0.0,24543.0,-0.3595089720325617,44.56439504556447
47,47,2025,3SB,3,SB,PM-Late,3,OP,PM,3.4,70,12000,4,8.5,75,1800,1,4,0.1,0.01,6623.0,0.0,819.0,0.0,0.0,1.0,1.0,1.0,3.66,1.83,0.17391304347826086,0.17391304347826086,30,4.135,0.592,6623.0,0.0,819.0,0.0,0.0,7442.0,9080.0,1.0,1.2,0.5820512820512821,9080.0,0.0,1.0,132.46,4867.905,0.0,614.25,0.0,0.0,5581.5,0.587508307284995,2.937541536424975,,0.11044975676985205,0.1107672316604226,128.85595269670895,644.2797634835448,57.25747945188802,73.5864366367473,1.8472796534894234,2.7722500140484763,3.5628533067267822,-0.790603292678306,0.8885376016442634,537.6589232287466,5952.881076771253,0.0,0.0,537.6589232287466,6771.881076771253,20315.64323031376,537.6589232287466,0.29869940179374815,1612.97676968624,5484.121016933216,8409.881076771253,25229.64323031376,85780.78698306678,8947.539999999999,26842.62,91264.908,0.7456283333333332,1.997528244768983,9.987641223844914,0.587508307284995,1073.9888852014997,1073.9888852014997,0.0,3221.966655604499,3221.966655604499,0.0,1612.97676968624,0.0,1612.97676968624,5484.121016933216,0.0,22326.0,-0.221901724436878,44.586834843151884
48,48,2025,4NB,4,NB,Night,8,OP,NT,4.4,70,12000,4,8.5,75,1800,1,4,0.1,0.01,3091.0,0.0,382.0,0.0,0.0,1.0,1.0,1.0,3.66,1.83,0.17391304347826086,0.17391304347826086,30,4.103,0.708,3091.0,0.0,382.0,0.0,0.0,3473.0,4237.0,1.0,1.2,0.2716025641025641,4237.0,0.0,1.0,61.82,2271.8849999999998,0.0,286.5,0.0,0.0,2604.75,0.12464503863056862,0.6232251931528431,,0.17390303431067256,0.17391178964527726,117.64261125661778,588.2130562830888,69.98251513633909,74.68991139069018,0.46690512246150667,3.534613913505146,3.772370848428045,-0.23775693492289918,0.001290919489279279,395.08769510490225,2634.0923048950976,0.0,0.0,395.08769510490225,3016.0923048950976,24128.73843916078,395.08769510490225,0.21949316394716792,3160.701560839218,13907.08686769256,3780.0923048950976,30240.73843916078,133059.24913230745,4175.18,33401.44,146966.336,0.3479316666666667,0.548438169974502,2.7421908498725096,0.12464503863056862,216.68117248277662,216.68117248277662,0.0,1733.449379862213,1733.449379862213,0.0,3160.701560839218,0.0,3160.701560839218,13907.08686769256,0.0,27784.0,-0.06302586476140674,31.45524365150208
49,49,2025,4NB,4,NB,AM-Early,1,OP,AM,4.4,70,12000,4,8.5,75,1800,1,4,0.1,0.01,2962.0,0.0,366.0,0.0,0.0,1.0,1.0,1.0,3.66,1.83,0.17391304347826086,0.17391304347826086,30,4.155,0.715,2962.0,0.0,366.0,0.0,0.0,3328.0,4060.0,1.0,1.2,0.2602564102564103,4060.0,0.0,1.0,59.24,2177.07,0.0,274.5,0.0,0.0,2496.0,0.13327688843920735,0.6663844421960368,,0.1739066142746151,0.1739105707729098,124.7383997778266,623.6919988891331,69.98783406113942,74.73833693871497,0.44728286572576714,3.532323715156769,3.772084156360332,-0.239760441203563,0.0008981513565116419,378.60687273883633,2524.1531272611637,0.0,0.0,378.60687273883633,2890.1531272611637,2890.1531272611637,378.60687273883633,0.21033715152157573,378.60687273883633,1665.87024005088,3622.1531272611637,3622.1531272611637,15937.473759949122,4000.76,4000.76,17603.344,0.3333966666666667,0.5864183091325124,2.932091545662562,0.13327688843920735,222.0220021374567,222.0220021374567,0.0,222.0220021374567,222.0220021374567,0.0,378.60687273883633,0.0,378.60687273883633,1665.87024005088,0.0,3328.0,-0.06356179535371417,33.35251330957931
50,50,2025,4NB,4,NB,AM-Peak,2,Peak,AM,4.4,70,12000,4,8.5,75,1800,1,4,0.1,0.01,6108.0,0.0,755.0,0.0,0.0,1.0,1.0,1.0,3.66,1.83,0.17391304347826086,0.17391304347826086,30,4.155,0.715,6108.0,0.0,755.0,0.0,0.0,6863.0,8373.0,1.0,1.2,0.5367307692307692,8373.0,0.0,1.0,122.16,4489.38,0.0,566.25,0.0,0.0,5147.25,0.43473336936282,2.1736668468141,,0.10798468229477286,0.10823526845616378,154.27194794301934,771.3597397150968,62.88924958059355,74.04283177910186,3.5217605258575455,3.565503826050483,4.197855782357204,-0.6323519563067204,0.5842052789722272,484.78427300050737,5501.055726999492,0.0,0.0,484.78427300050737,6256.055726999492,12512.111453998985,484.78427300050737,0.269324596111393,969.5685460010147,4266.101602404465,7766.055726999492,15532.111453998985,68341.29039759554,8250.84,16501.68,72607.392,0.68757,1.912826825196408,9.564134125982042,0.43473336936282,927.3083618287093,927.3083618287093,0.0,1854.6167236574186,1854.6167236574186,0.0,969.5685460010147,0.0,969.5685460010147,4266.101602404465,0.0,13726.0,-0.15063689395056792,41.24918394198378
51,51,2025,4NB,4,NB,AM-Shoulder,1,OP,AM,4.4,70,12000,4,8.5,75,1800,1,4,0.1,0.01,6983.0,0.0,863.0,0.0,0.0,1.0,1.0,1.0,3.66,1.83,0.17391304347826086,0.17391304347826086,30,4.155,0.715,6983.0,0.0,863.0,0.0,0.0,7846.0,9572.0,1.0,1.2,0.6135897435897436,9572.0,0.0,1.0,139.66,5132.505,0.0,647.25,0.0,0.0,5884.5,1.0732963134780367,5.366481567390183,,0.103894277610647,0.1046063323832016,156.46765572254398,782.3382786127199,51.48178499777433,73.56329422114605,2.670961981778977,3.588746300653189,5.128027320952708,-1.5392810202995193,1.8585402868480674,533.2378993080338,6310.102100691966,0.0,0.0,533.2378993080338,7173.102100691966,7173.102100691966,533.2378993080338,0.2962432773933521,533.2378993080338,2346.2467569553487,8899.102100691965,8899.102100691965,39156.049243044654,9432.34,9432.34,41502.296,0.7860283333333333,4.722503779303362,23.612518896516807,1.0732963134780367,2518.217994749975,2518.217994749975,0.0,2518.217994749975,2518.217994749975,0.0,533.2378993080338,0.0,533.2378993080338,2346.2467569553487,0.0,7846.0,-0.300170206584146,41.836271583567914
52,52,2025,4NB,4,NB,MD,5,OP,MD,4.4,70,12000,4,8.5,75,1800,1,4,0.1,0.01,7316.0,0.0,904.0,0.0,0.0,1.0,1.0,1.0,3.66,1.83,0.17391304347826086,0.17391304347826086,30,4.136,0.708,7316.0,0.0,904.0,0.0,0.0,8220.0,10028.0,1.0,1.2,0.6428205128205128,10028.0,0.0,1.0,146.32,5377.26,0.0,678.0,0.0,0.0,6165.0,1.4757078968791013,7.378539484395507,,0.10411994880859839,0.10515169816436723,151.8561901134404,759.2809505672019,45.64257297730128,73.2641490533341,2.7926035717258215,3.6033995263879466,5.784073569456549,-2.1806740430686022,2.757323647298329,559.8800359305238,6609.799964069476,0.0,0.0,559.8800359305238,7513.799964069476,37568.99982034738,559.8800359305238,0.3110444644058466,2799.400179652619,12317.360790471525,9321.799964069476,46608.99982034738,205079.5992095285,9881.68,49408.4,217396.96000000002,0.8234733333333334,6.493114746268046,32.465573731340235,1.4757078968791013,3635.3653174415676,3635.3653174415676,0.0,18176.826587207837,18176.826587207837,0.0,2799.400179652619,0.0,2799.400179652619,12317.360790471525,0.0,41100.0,-0.3770135384487322,40.60325938862042
53,53,2025,4NB,4,NB,PM-Shoulder,1,OP,PM,4.4,70,12000,4,8.5,75,1800,1,4,0.1,0.01,7941.0,0.0,982.0,0.0,0.0,1.0,1.0,1.0,3.66,1.83,0.17391304347826086,0.17391304347826086,30,4.135,0.592,7941.0,0.0,982.0,0.0,0.0,8923.0,10887.0,1.0,1.2,0.6978846153846154,10887.0,0.0,1.0,158.82,5836.635,0.0,736.5,0.0,0.0,6692.25,1.8299998134870747,9.149999067435374,,0.13586584516628106,0.13755686145365822,119.23378593179008,596.1689296589504,36.46759048852145,69.56129211714097,2.199142491695459,3.7952141480555732,7.239304721355164,-3.4440905732995906,4.750990325399432,792.9993472020968,6989.180652797903,0.0,0.0,792.9993472020968,7971.180652797903,7971.180652797903,792.9993472020968,0.4405551928900538,792.9993472020968,3489.1971276892264,9935.180652797902,9935.180652797902,43714.79487231078,10728.179999999998,10728.179999999998,47203.992000000006,0.8940149999999999,8.05199917934313,40.25999589671565,1.8299998134870747,6385.230092890921,6385.230092890921,0.0,6385.230092890921,6385.230092890921,0.0,792.9993472020968,0.0,792.9993472020968,3489.1971276892264,0.0,8923.0,-0.4757488054260096,31.880691425612323
54,54,2025,4NB,4,NB,PM-Peak,3,Peak,PM,4.4,70,12000,4,8.5,75,1800,1,4,0.1,0.01,6919.0,0.0,855.0,0.0,0.0,1.0,1.0,1.0,3.66,1.83,0.17391304347826086,0.17391304347826086,30,4.135,0.592,6919.0,0.0,855.0,0.0,0.0,7774.0,9484.0,1.0,1.2,0.607948717948718,9484.0,0.0,1.0,138.38,5085.465,0.0,641.25,0.0,0.0,5830.5,0.7987936865638394,3.993968432819197,,0.10994604217201265,0.11052980332177396,128.95190375376535,644.7595187688268,52.912005140614426,73.3462064506126,3.9185925670378756,3.5993681578850767,4.989415904734968,-1.3900477468498913,1.668642646629764,559.1267493542944,6221.493250645705,0.0,0.0,559.1267493542944,7076.493250645705,21229.479751937117,559.1267493542944,0.3106259718634969,1677.380248062883,7380.473091476686,8786.493250645704,26359.479751937113,115981.71090852331,9345.619999999999,28036.859999999997,123362.184,0.7788016666666666,3.5146922208808937,17.57346110440447,0.7987936865638394,1965.1584364419596,1965.1584364419596,0.0,5895.475309325879,5895.475309325879,0.0,1677.380248062883,0.0,1677.380248062883,7380.473091476686,0.0,23322.0,-0.27859929366295816,34.479118650739395
55,55,2025,4NB,4,NB,PM-Late,3,OP,PM,4.4,70,12000,4,8.5,75,1800,1,4,0.1,0.01,7138.0,0.0,882.0,0.0,0.0,1.0,1.0,1.0,3.66,1.83,0.17391304347826086,0.17391304347826086,30,4.135,0.592,7138.0,0.0,882.0,0.0,0.0,8020.0,9784.0,1.0,1.2,0.6271794871794871,9784.0,0.0,1.0,142.76,5246.43,0.0,661.5,0.0,0.0,6015.0,1.0040212462488314,5.0201062312441564,,0.10997640203656225,0.11073315690867541,128.86970634464086,644.3485317232042,49.269546623006235,73.13052498916726,2.5864529027736824,3.6099836564704826,5.358279466625459,-1.7482958101549761,2.1739857264197355,576.9834949366814,6418.256505063318,0.0,0.0,576.9834949366814,7300.256505063318,21900.769515189953,576.9834949366814,0.3205463860759341,1730.9504848100441,7616.182133164195,9064.256505063318,27192.769515189953,119648.1858668358,9641.24,28923.719999999998,127264.368,0.8034366666666667,4.417693483494858,22.08846741747429,1.0040212462488314,2548.936225665866,2548.936225665866,0.0,7646.808676997598,7646.808676997598,0.0,1730.9504848100441,0.0,1730.9504848100441,7616.182133164195,0.0,24060.0,-0.32627932548953426,34.457140733861195
56,56,2025,4SB,4,SB,Night,8,OP,NT,4.4,70,12000,4,8.5,75,1800,1,4,0.1,0.01,2482.0,0.0,307.0,0.0,0.0,1.0,1.0,1.0,3.66,1.83,0.17391304347826086,0.17391304347826086,30,4.103,0.708,2482.0,0.0,307.0,0.0,0.0,2789.0,3403.0,1.0,1.2,0.21814102564102564,3403.0,0.0,1.0,49.64,1824.27,0.0,230.25,0.0,0.0,2091.75,0.12870993225093477,0.6435496612546738,,0.17389451550340038,0.17389574845760958,117.64749301044023,588.2374650522011,69.99728549816764,74.87079663447044,0.0,3.5260744090768052,3.7715748278111567,-0.24550041873435147,0.0002003712441422523,317.2305477973882,2115.129452202612,0.0,0.0,317.2305477973882,2422.129452202612,19377.035617620895,317.2305477973882,0.17623919322077122,2537.844382379106,11166.515282468066,3036.129452202612,24289.035617620895,106871.75671753194,3353.36,26826.88,118038.27200000001,0.2794466666666667,0.5663237019041131,2.831618509520565,0.12870993225093477,179.6551781856866,179.6551781856866,0.0,1437.2414254854928,1437.2414254854928,0.0,2537.844382379106,0.0,2537.844382379106,11166.515282468066,0.0,22312.0,-0.06509228371237918,31.456548933272785
57,57,2025,4SB,4,SB,AM-Early,1,OP,AM,4.4,70,12000,4,8.5,75,1800,1,4,0.1,0.01,6693.0,0.0,827.0,0.0,0.0,1.0,1.0,1.0,3.66,1.83,0.17391304347826086,0.17391304347826086,30,4.155,0.715,6693.0,0.0,827.0,0.0,0.0,7520.0,9174.0,1.0,1.2,0.588076923076923,9174.0,0.0,1.0,133.86,4919.3550000000005,0.0,620.25,0.0,0.0,5640.0,0.7902427242603368,3.951213621301684,,0.10449782894147037,0.10499996554175808,156.22533044954855,781.1266522477428,56.001158409369495,73.7616839920806,2.5464023986672206,3.579093991785007,4.714188197146837,-1.1350942053618298,1.291580687234024,514.0619172923671,6045.078082707633,0.0,0.0,514.0619172923671,6872.078082707633,6872.078082707633,514.0619172923671,0.28558995405131504,514.0619172923671,2261.8724360864153,8526.078082707634,8526.078082707634,37514.743563913595,9040.140000000001,9040.140000000001,39776.61600000001,0.7533450000000002,3.477067986745482,17.385339933727412,0.7902427242603368,1787.4282358222933,1787.4282358222933,0.0,1787.4282358222933,1787.4282358222933,0.0,514.0619172923671,0.0,514.0619172923671,2261.8724360864153,0.0,7520.0,-0.24078253940918645,41.771478729825816
58,58,2025,4SB,4,SB,AM-Peak,2,Peak,AM,4.4,70,12000,4,8.5,75,1800,1,4,0.1,0.01,8936.0,0.0,1104.0,0.0,0.0,1.0,1.0,1.0,3.66,1.83,0.17391304347826086,0.17391304347826086,30,4.155,0.715,8936.0,0.0,1104.0,0.0,0.0,10040.0,12248.0,1.0,1.2,0.7851282051282051,12248.0,0.0,1.0,178.72,6567.960000000001,0.0,828.0,0.0,0.0,7530.0,1.8299999688951765,9.149999844475882,,0.1739130425966337,0.17391303015636594,58.32329745316923,291.61648726584616,22.794051933014565,58.13685811837394,2.1076489295831786,4.541009069710353,11.581968873977441,-7.0409598042670885,10.700440214491953,1142.2539072529864,7615.0260927470135,0.0,0.0,1142.2539072529864,8719.026092747014,17438.052185494027,1142.2539072529864,0.6345855040294369,2284.507814505973,10051.83438382628,10927.026092747014,21854.052185494027,96157.82961617372,12069.28,24138.56,106209.664,1.0057733333333334,8.051999863138777,40.25999931569388,1.8299999688951762,9197.42830487078,9197.42830487078,0.0,18394.85660974156,18394.85660974156,0.0,2284.507814505973,0.0,2284.507814505973,10051.83438382628,0.0,20080.0,-0.6079242554421669,15.594464559670918
59,59,2025,4SB,4,SB,AM-Shoulder,1,OP,AM,4.4,70,12000,4,8.5,75,1800,1,4,0.1,0.01,7943.0,0.0,982.0,0.0,0.0,1.0,1.0,1.0,3.66,1.83,0.17391304347826086,0.17391304347826086,30,4.155,0.715,7943.0,0.0,982.0,0.0,0.0,8925.0,10889.0,1.0,1.2,0.6980128205128205,10889.0,0.0,1.0,158.86,5838.1050000000005,0.0,736.5,0.0,0.0,6693.75,1.8299998991874076,9.149999495937038,,0.15059477203682645,0.1522993487823104,132.82525503972056,664.1262751986029,37.70887126392054,67.53068102166593,1.8125015613276387,3.9093341871571035,7.00100509909965,-3.091670911942547,4.424519842909379,879.1880916020567,6904.951908397944,0.0,0.0,879.1880916020567,7886.951908397944,7886.951908397944,879.1880916020567,0.48843782866780927,879.1880916020567,3868.42760304905,9850.951908397943,9850.951908397943,43344.18839695095,10730.14,10730.14,47212.616,0.8941783333333333,8.051999556424594,40.25999778212297,1.8299998991874076,7079.222123593546,7079.222123593546,0.0,7079.222123593546,7079.222123593546,0.0,879.1880916020567,0.0,879.1880916020567,3868.42760304905,0.0,8925.0,-0.44160386518503536,35.514774074791596
60,60,2025,4SB,4,SB,MD,5,OP,MD,4.4,70,12000,4,8.5,75,1800,1,4,0.1,0.01,7386.0,0.0,913.0,0.0,0.0,1.0,1.0,1.0,3.66,1.83,0.17391304347826086,0.17391304347826086,30,4.136,0.708,7386.0,0.0,913.0,0.0,0.0,8299.0,10125.0,1.0,1.2,0.6490384615384616,10125.0,0.0,1.0,147.72,5428.71,0.0,684.75,0.0,0.0,6224.25,1.5887003066106877,7.943501533053439,,0.10415126435260785,0.10527239421999461,151.7849435473456,758.924717736728,44.32902001165546,73.19669577404287,2.819175580323158,3.606720183312156,5.9554666430836125,-2.3487464597714567,2.992132158167406,565.4070103036457,6672.872989696354,0.0,0.0,565.4070103036457,7585.872989696354,37929.36494848177,565.4070103036457,0.3141150057242476,2827.0350515182286,12438.954226680207,9411.872989696354,47059.36494848177,207061.20577331982,9977.28,49886.4,219500.16000000003,0.8314400000000001,6.990281349087026,34.951406745435136,1.5887003066106877,3952.354078768631,3952.354078768631,0.0,19761.770393843155,19761.770393843155,0.0,2827.0350515182286,0.0,2827.0350515182286,12438.954226680207,0.0,41495.0,-0.39438495764209774,40.584209504637855
61,61,2025,4SB,4,SB,PM-Shoulder,1,OP,PM,4.4,70,12000,4,8.5,75,1800,1,4,0.1,0.01,4922.0,0.0,608.0,0.0,0.0,1.0,1.0,1.0,3.66,1.83,0.17391304347826086,0.17391304347826086,30,4.135,0.592,4922.0,0.0,608.0,0.0,0.0,5530.0,6746.0,1.0,1.2,0.43243589743589744,6746.0,0.0,1.0,98.44,3617.67,0.0,456.0,0.0,0.0,4147.5,0.14522929522271905,0.7261464761135952,,0.13487061146050014,0.1349436744927981,120.08101178283023,600.4050589141511,68.91092330791469,74.16486301666362,1.3780996740361997,3.559637128173264,3.831032691586046,-0.27139556341278226,0.08165764461574054,487.91736496230754,4335.642635037693,0.0,0.0,487.91736496230754,4943.642635037693,4943.642635037693,487.91736496230754,0.27106520275683754,487.91736496230754,2146.8364058341535,6159.642635037693,6159.642635037693,27102.427594165852,6647.56,6647.56,29249.264000000006,0.5539633333333334,0.6390088989799638,3.195044494899819,0.14522929522271905,311.78353817776934,311.78353817776934,0.0,311.78353817776934,311.78353817776934,0.0,487.91736496230754,0.0,487.91736496230754,2146.8364058341535,0.0,5530.0,-0.07084135930472173,32.10722240182626
62,62,2025,4SB,4,SB,PM-Peak,3,Peak,PM,4.4,70,12000,4,8.5,75,1800,1,4,0.1,0.01,6721.0,0.0,831.0,0.0,0.0,1.0,1.0,1.0,3.66,1.83,0.17391304347826086,0.17391304347826086,30,4.135,0.592,6721.0,0.0,831.0,0.0,0.0,7552.0,9214.0,1.0,1.2,0.5906410256410256,9214.0,0.0,1.0,134.42000000000002,4939.9349999999995,0.0,623.25,0.0,0.0,5664.0,0.6503354674801792,3.251677337400896,,0.11018266777657822,0.11064426203537713,128.90562064198866,644.5281032099433,55.89355027430214,73.51396119804826,3.7995252809291293,3.5911546010801687,4.723264110159375,-1.1321095090792066,1.3040146880612007,544.2952169428909,6042.284783057109,0.0,0.0,544.2952169428909,6873.284783057109,20619.854349171328,544.2952169428909,0.3023862316349394,1632.8856508286726,7184.69686364616,8535.284783057108,25605.854349171324,112665.75913635384,9079.579999999998,27238.739999999998,119850.45599999999,0.7566316666666665,2.861476056912789,14.307380284563944,0.6503354674801792,1557.4877311742343,1557.4877311742343,0.0,4672.463193522703,4672.463193522703,0.0,1632.8856508286726,0.0,1632.8856508286726,7184.69686364616,0.0,22656.0,-0.23968795364293238,34.466743487162745
63,63,2025,4SB,4,SB,PM-Late,3,OP,PM,4.4,70,12000,4,8.5,75,1800,1,4,0.1,0.01,6114.0,0.0,756.0,0.0,0.0,1.0,1.0,1.0,3.66,1.83,0.17391304347826086,0.17391304347826086,30,4.135,0.592,6114.0,0.0,756.0,0.0,0.0,6870.0,8382.0,1.0,1.2,0.5373076923076923,8382.0,0.0,1.0,122.28,4493.79,0.0,567.0,0.0,0.0,5152.5,0.3521414983689394,1.760707491844697,,0.11312071426929793,0.11334725249777984,127.82717986428167,639.1358993214084,62.98892172992984,73.88685902692873,2.1527856738171423,3.5730304884632167,4.191213196693882,-0.6181827082306652,0.5751049366134761,508.34073457622833,5483.379265423772,0.0,0.0,508.34073457622833,6239.379265423772,18718.137796271316,508.34073457622833,0.28241151920901575,1525.0222037286849,6710.097696406214,7751.379265423772,23254.137796271316,102318.2063035938,8259.720000000001,24779.16,109028.30400000002,0.6883100000000001,1.5494225928233334,7.747112964116668,0.3521414983689394,787.6346190048176,787.6346190048176,0.0,2362.903857014453,2362.903857014453,0.0,1525.0222037286849,0.0,1525.0222037286849,6710.097696406214,0.0,20610.0,-0.1474949326649145,34.17839033804322
64,64,2025,5NB,5,NB,Night,8,OP,NT,3.0,70,8000,4,8.5,75,1800,1,4,0.1,0.01,1592.0,0.0,197.0,0.0,0.0,1.0,1.0,1.0,3.66,1.83,0.2448979591836735,0.2448979591836735,30,4.103,0.708,1592.0,0.0,197.0,0.0,0.0,1789.0,2183.0,1.0,1.2,0.1881896551724138,2183.0,0.0,1.0,31.84,1170.1200000000001,0.0,147.75,0.0,0.0,1341.75,0.10909369978420097,0.5454684989210048,,0.24488719372431256,0.2448878520829167,98.68986525180964,493.44932625904806,69.99864046110653,74.92665511505966,0.0,2.402349333806327,2.571478514643634,-0.16912918083730677,6.842220463581413e-05,286.54740312069265,1273.6125968793074,0.0,0.0,286.54740312069265,1470.6125968793074,11764.900775034459,286.54740312069265,0.15919300173371814,2292.379224965541,6877.137674896623,1864.6125968793074,14916.900775034459,44750.702325103375,2151.16,17209.28,51627.84,0.268895,0.3272810993526029,1.6364054967630144,0.10909369978420097,93.78154910997377,93.78154910997377,0.0,750.2523928797901,750.2523928797901,0.0,2292.379224965541,0.0,2292.379224965541,6877.137674896623,0.0,14312.0,-0.06577118178284504,38.701907941886134
65,65,2025,5NB,5,NB,AM-Early,1,OP,AM,3.0,70,8000,4,8.5,75,1800,1,4,0.1,0.01,2313.0,0.0,286.0,0.0,0.0,1.0,1.0,1.0,3.66,1.83,0.2448979591836735,0.2448979591836735,30,4.155,0.715,2313.0,0.0,286.0,0.0,0.0,2599.0,3171.0,1.0,1.2,0.27336206896551724,3171.0,0.0,1.0,46.26,1700.0549999999998,0.0,214.5,0.0,0.0,1949.25,0.110711794064782,0.55355897032391,,0.2448805541469888,0.24488715618279663,104.46172297201241,522.308614860062,69.96754292339018,74.6743188345376,0.4192926590974939,2.4104672504457882,2.5726214252955555,-0.16215417484976724,0.0016342097977682121,416.310410480359,1850.429589519641,0.0,0.0,416.310410480359,2136.429589519641,2136.429589519641,416.310410480359,0.23128356137797723,416.310410480359,1248.931231441077,2708.429589519641,2708.429589519641,8125.288768558923,3124.74,3124.74,9374.22,0.39059249999999995,0.332135382194346,1.66067691097173,0.110711794064782,138.2714172963791,138.2714172963791,0.0,138.2714172963791,138.2714172963791,0.0,416.310410480359,0.0,416.310410480359,1248.931231441077,0.0,2599.0,-0.06303071771671115,40.965381557651924
66,66,2025,5NB,5,NB,AM-Peak,2,Peak,AM,3.0,70,8000,4,8.5,75,1800,1,4,0.1,0.01,4412.0,0.0,545.0,0.0,0.0,1.0,1.0,1.0,3.66,1.83,0.2448979591836735,0.2448979591836735,30,4.155,0.715,4412.0,0.0,545.0,0.0,0.0,4957.0,6047.0,1.0,1.2,0.5212931034482758,6047.0,0.0,1.0,88.24,3242.82,0.0,408.75,0.0,0.0,3717.75,0.6295154470927312,3.147577235463656,,0.12922472844856572,0.12939657738206262,142.93820816883238,714.691040844162,58.27185690940033,74.5298094751458,3.162481858180071,2.4151410189774656,3.0889696938928792,-0.6738286749154137,0.7090313377761024,419.0525339075779,3904.7074660924222,0.0,0.0,419.0525339075779,4449.707466092423,8899.414932184845,419.0525339075779,0.23280696328198774,838.1050678151558,2514.3152034454674,5539.707466092423,11079.414932184845,33238.244796554536,5958.76,11917.52,35752.560000000005,0.744845,1.8885463412781935,9.442731706390969,0.6295154470927312,791.4001297145124,791.4001297145124,0.0,1582.800259429025,1582.800259429025,0.0,838.1050678151558,0.0,838.1050678151558,2514.3152034454674,0.0,9914.0,-0.21814026736734343,56.05419928189505
67,67,2025,5NB,5,NB,AM-Shoulder,1,OP,AM,3.0,70,8000,4,8.5,75,1800,1,4,0.1,0.01,4147.0,0.0,512.0,0.0,0.0,1.0,1.0,1.0,3.66,1.83,0.2448979591836735,0.2448979591836735,30,4.155,0.715,4147.0,0.0,512.0,0.0,0.0,4659.0,5683.0,1.0,1.2,0.4899137931034483,5683.0,0.0,1.0,82.94,3048.045,0.0,384.0,0.0,0.0,3494.25,0.4076985467469812,2.038492733734906,,0.137991886808739,0.13809482033391474,138.87538300835112,694.3769150417555,62.852168580680704,74.54346469950428,1.8146487632820536,2.4146986020250947,2.8638629989185103,-0.4491643968934156,0.40063516566121615,420.6054806279429,3643.454519372057,0.0,0.0,420.6054806279429,4155.454519372057,4155.454519372057,420.6054806279429,0.23366971145996826,420.6054806279429,1261.8164418838287,5179.454519372057,5179.454519372057,15538.36355811617,5600.0599999999995,5600.0599999999995,16800.18,0.7000074999999999,1.2230956402409436,6.115478201204718,0.4076985467469812,514.4407296174836,514.4407296174836,0.0,514.4407296174836,514.4407296174836,0.0,420.6054806279429,0.0,420.6054806279429,1261.8164418838287,0.0,4659.0,-0.1568386466332485,54.46093451307887
68,68,2025,5NB,5,NB,MD,5,OP,MD,3.0,70,8000,4,8.5,75,1800,1,4,0.1,0.01,4546.0,0.0,562.0,0.0,0.0,1.0,1.0,1.0,3.66,1.83,0.2448979591836735,0.2448979591836735,30,4.136,0.708,4546.0,0.0,562.0,0.0,0.0,5108.0,6232.0,1.0,1.2,0.5372413793103449,6232.0,0.0,1.0,90.92,3341.31,0.0,421.5,0.0,0.0,3831.0,0.7635153699821047,3.817576849910523,,0.12668987328977674,0.12690726238789685,140.31953794119713,701.5976897059857,55.4101976655968,74.50372990187132,2.1139335409619116,2.4159864242646316,3.248499510619122,-0.8325130863544903,0.9275871866910539,423.3101405218639,4031.769859478136,0.0,0.0,423.3101405218639,4593.769859478136,22968.84929739068,423.3101405218639,0.2351723002899244,2116.5507026093196,6349.652107827958,5717.769859478136,28588.84929739068,85766.54789217204,6141.08,30705.399999999998,92116.2,0.767635,2.2905461099463142,11.45273054973157,0.7635153699821047,969.611395673183,969.611395673183,0.0,4848.056978365915,4848.056978365915,0.0,2116.5507026093196,0.0,2116.5507026093196,6349.652107827958,0.0,25540.0,-0.2562761926338798,55.027269780861616
69,69,2025,5NB,5,NB,PM-Shoulder,1,OP,PM,3.0,70,8000,4,8.5,75,1800,1,4,0.1,0.01,5076.0,0.0,627.0,0.0,0.0,1.0,1.0,1.0,3.66,1.83,0.2448979591836735,0.2448979591836735,30,4.135,0.592,5076.0,0.0,627.0,0.0,0.0,5703.0,6957.0,1.0,1.2,0.5997413793103449,6957.0,0.0,1.0,101.52,3730.8599999999997,0.0,470.25,0.0,0.0,4277.25,1.4670788018173653,7.335394009086826,,0.12966063333718655,0.13018282660989203,121.66995759364936,608.3497879682468,42.13802194298715,74.17099662763306,2.323244143058239,2.4268246104831146,4.271676545319105,-1.8448519348359902,2.3293397242300315,483.7456704923758,4490.734329507623,0.0,0.0,483.7456704923758,5117.734329507623,5117.734329507623,483.7456704923758,0.26874759471798654,483.7456704923758,1451.2370114771275,6371.734329507623,6371.734329507623,19115.20298852287,6855.48,6855.48,20566.439999999995,0.8569349999999999,4.401236405452096,22.00618202726048,1.4670788018173653,2129.079055950878,2129.079055950878,0.0,2129.079055950878,2129.079055950878,0.0,483.7456704923758,0.0,483.7456704923758,1451.2370114771275,0.0,5703.0,-0.43188006284267366,47.71370886025465
70,70,2025,5NB,5,NB,PM-Peak,3,Peak,PM,3.0,70,8000,4,8.5,75,1800,1,4,0.1,0.01,5606.0,0.0,693.0,0.0,0.0,1.0,1.0,1.0,3.66,1.83,0.2448979591836735,0.2448979591836735,30,4.135,0.592,5606.0,0.0,693.0,0.0,0.0,6299.0,7685.0,1.0,1.2,0.6625,7685.0,0.0,1.0,112.12,4120.41,0.0,519.75,0.0,0.0,4724.25,1.8299999692356317,9.149999846178158,,0.202432085327944,0.2032809688279521,102.13911356502528,510.69556782512643,33.80578146698013,69.67907993409689,2.4801191409792125,2.583271767799541,5.3245330292339315,-2.7412612614343903,3.7717531071933434,834.1031887061137,4659.776811293887,0.0,0.0,834.1031887061137,5352.776811293887,16058.33043388166,834.1031887061137,0.4633906603922854,2502.309566118341,7506.928698355023,6738.776811293887,20216.33043388166,60648.99130164498,7572.88,22718.64,68155.92,0.9466100000000001,5.4899999077068955,27.449999538534474,1.8299999692356317,4579.226429014591,4579.226429014591,0.0,13737.679287043775,13737.679287043775,0.0,2502.309566118341,0.0,2502.309566118341,7506.928698355023,0.0,18897.0,-0.5148359952663849,40.0545543392256
71,71,2025,5NB,5,NB,PM-Late,3,OP,PM,3.0,70,8000,4,8.5,75,1800,1,4,0.1,0.01,4570.0,0.0,565.0,0.0,0.0,1.0,1.0,1.0,3.66,1.83,0.2448979591836735,0.2448979591836735,30,4.135,0.592,4570.0,0.0,565.0,0.0,0.0,5135.0,6265.0,1.0,1.2,0.5400862068965517,6265.0,0.0,1.0,91.4,3358.9500000000003,0.0,423.75,0.0,0.0,3851.25,0.6472134630482461,3.2360673152412307,,0.13597892297560715,0.13618464459411275,119.67653965825124,598.3826982912561,55.41756932826489,74.36050290912333,2.0232284157922087,2.4206398956174313,3.248067394182764,-0.8274274985653327,0.9269951871732443,456.7464033289157,4021.853596671084,0.0,0.0,456.7464033289157,4586.853596671084,13760.560790013253,456.7464033289157,0.2537480018493976,1370.239209986747,4110.7176299602415,5716.853596671084,17150.560790013253,51451.68237003976,6173.6,18520.8,55562.4,0.7717,1.9416403891447382,9.708201945723692,0.6472134630482462,886.8372643000154,886.8372643000154,0.0,2660.511792900046,2660.511792900046,0.0,1370.239209986747,0.0,1370.239209986747,4110.7176299602415,0.0,15405.0,-0.25474455981031735,46.931976336569114
72,72,2025,5SB,5,SB,Night,8,OP,NT,3.0,70,8000,4,8.5,75,1800,1,4,0.1,0.01,1472.0,0.0,182.0,0.0,0.0,1.0,1.0,1.0,3.66,1.83,0.2448979591836735,0.2448979591836735,30,4.103,0.708,1472.0,0.0,182.0,0.0,0.0,1654.0,2018.0,1.0,1.2,0.17396551724137932,2018.0,0.0,1.0,29.44,1081.92,0.0,136.5,0.0,0.0,1240.5,0.10948313745359506,0.5474156872679753,,0.24489784341373147,0.24489789446793253,98.68763389327029,493.43816946635155,69.99930318161432,74.94636959660671,0.0,2.4017174009740123,2.571454169093471,-0.1697367681194586,3.506880091203764e-05,264.95987474618437,1177.6001252538156,0.0,0.0,264.95987474618437,1359.6001252538156,10876.801002030525,264.95987474618437,0.14719993041454688,2119.678997969475,6359.036993908425,1723.6001252538156,13788.801002030525,41366.403006091576,1988.56,15908.48,47725.44,0.24856999999999999,0.3284494123607852,1.6422470618039258,0.10948313745359506,87.0259151595715,87.0259151595715,0.0,696.207321276572,696.207321276572,0.0,2119.678997969475,0.0,2119.678997969475,6359.036993908425,0.0,13232.0,-0.06600808607034082,38.70103289932168
73,73,2025,5SB,5,SB,AM-Early,1,OP,AM,3.0,70,8000,4,8.5,75,1800,1,4,0.1,0.01,3483.0,0.0,430.0,0.0,0.0,1.0,1.0,1.0,3.66,1.83,0.2448979591836735,0.2448979591836735,30,4.155,0.715,3483.0,0.0,430.0,0.0,0.0,3913.0,4773.0,1.0,1.2,0.4114655172413793,4773.0,0.0,1.0,69.66,2560.005,0.0,322.5,0.0,0.0,2934.75,0.16936721065895838,0.8468360532947918,,0.17653791326999868,0.1765712849120346,123.82698803710296,619.1349401855148,68.54031060856175,74.47487435127745,1.2017093938415075,2.4169225066562667,2.6261917753479684,-0.2092692686917017,0.07502558936957408,451.937940660763,2961.402059339237,0.0,0.0,451.937940660763,3391.402059339237,3391.402059339237,451.937940660763,0.2510766337004239,451.937940660763,1355.813821982289,4251.402059339237,4251.402059339237,12754.20617801771,4703.34,4703.34,14110.019999999999,0.5879175,0.5081016319768752,2.5405081598843755,0.16936721065895838,229.63040520200187,229.63040520200187,0.0,229.63040520200187,229.63040520200187,0.0,451.937940660763,0.0,451.937940660763,1355.813821982289,0.0,3913.0,-0.07968544820531002,48.55960315180508
74,74,2025,5SB,5,SB,AM-Peak,2,Peak,AM,3.0,70,8000,4,8.5,75,1800,1,4,0.1,0.01,4270.0,0.0,528.0,0.0,0.0,1.0,1.0,1.0,3.66,1.83,0.2448979591836735,0.2448979591836735,30,4.155,0.715,4270.0,0.0,528.0,0.0,0.0,4798.0,5854.0,1.0,1.2,0.5046551724137931,5854.0,0.0,1.0,85.4,3138.4500000000003,0.0,396.0,0.0,0.0,3598.5,0.4988307243970806,2.494153621985403,,0.13345090155707098,0.13358167324634962,140.946076940515,704.7303847025751,60.8875361375286,74.54099608589416,2.9945187377502416,2.4147785708764156,2.9562700581844585,-0.541491487308043,0.5272328368555653,418.8289819917895,3765.7710180082104,0.0,0.0,418.8289819917895,4293.77101800821,8587.54203601642,418.8289819917895,0.23268276777321636,837.657963983579,2512.9738919507367,5349.77101800821,10699.54203601642,32098.626108049262,5768.599999999999,11537.199999999999,34611.6,0.7210749999999999,1.4964921731912417,7.4824608659562095,0.4988307243970806,626.7742934563685,626.7742934563685,0.0,1253.548586912737,1253.548586912737,0.0,837.657963983579,0.0,837.657963983579,2512.9738919507367,0.0,9596.0,-0.18316712500906987,55.27297134922157
75,75,2025,5SB,5,SB,AM-Shoulder,1,OP,AM,3.0,70,8000,4,8.5,75,1800,1,4,0.1,0.01,3240.0,0.0,400.0,0.0,0.0,1.0,1.0,1.0,3.66,1.83,0.2448979591836735,0.2448979591836735,30,4.155,0.715,3240.0,0.0,400.0,0.0,0.0,3640.0,4440.0,1.0,1.2,0.38275862068965516,4440.0,0.0,1.0,64.8,2381.3999999999996,0.0,300.0,0.0,0.0,2730.0,0.13926618211708006,0.6963309105854003,,0.19467356095266736,0.19469817528257757,117.9675406525899,589.8377032629495,69.272180674903,74.44716570398735,0.9767876476945725,2.417822066130844,2.5984456999375682,-0.1806236338067242,0.03701346605732537,463.59561805268197,2711.604381947318,0.0,0.0,463.59561805268197,3111.604381947318,3111.604381947318,463.59561805268197,0.25755312114037887,463.59561805268197,1390.786854158046,3911.604381947318,3911.604381947318,11734.813145841954,4375.2,4375.2,13125.6,0.5468999999999999,0.41779854635124014,2.0889927317562007,0.13926618211708006,193.68957531721526,193.68957531721526,0.0,193.68957531721526,193.68957531721526,0.0,463.59561805268197,0.0,463.59561805268197,1390.786854158046,0.0,3640.0,-0.06951218330676064,46.26178064807447
76,76,2025,5SB,5,SB,MD,5,OP,MD,3.0,70,8000,4,8.5,75,1800,1,4,0.1,0.01,4470.0,0.0,552.0,0.0,0.0,1.0,1.0,1.0,3.66,1.83,0.2448979591836735,0.2448979591836735,30,4.136,0.708,4470.0,0.0,552.0,0.0,0.0,5022.0,6126.0,1.0,1.2,0.5281034482758621,6126.0,0.0,1.0,89.4,3285.4500000000003,0.0,414.0,0.0,0.0,3766.5,0.671324551606668,3.3566227580333403,,0.12837524806517944,0.12856262695872567,139.53480114665714,697.6740057332856,57.111724279916366,74.51536053532841,2.0594165013979038,2.415609328155372,3.1517171346076474,-0.7361078064522752,0.7949953315553342,421.77045875574385,3958.8295412442562,0.0,0.0,421.77045875574385,4510.829541244257,22554.147706221283,421.77045875574385,0.2343169215309688,2108.8522937787193,6326.556881336158,5614.829541244257,28074.147706221283,84222.44311866385,6036.6,30183.000000000004,90549.00000000001,0.754575,2.013973654820004,10.06986827410002,0.671324551606668,849.4345923154152,849.4345923154152,0.0,4247.172961577076,4247.172961577076,0.0,2108.8522937787193,0.0,2108.8522937787193,6326.556881336158,0.0,25110.0,-0.23355770045775767,54.719529861434175
77,77,2025,5SB,5,SB,PM-Shoulder,1,OP,PM,3.0,70,8000,4,8.5,75,1800,1,4,0.1,0.01,4630.0,0.0,572.0,0.0,0.0,1.0,1.0,1.0,3.66,1.83,0.2448979591836735,0.2448979591836735,30,4.135,0.592,4630.0,0.0,572.0,0.0,0.0,5202.0,6346.0,1.0,1.2,0.5470689655172414,6346.0,0.0,1.0,92.60000000000001,3403.0499999999997,0.0,429.0,0.0,0.0,3901.5,0.7131505037537015,3.5657525187685075,,0.13486389658692818,0.13509389104783437,120.03184352241887,600.1592176120943,54.05108726016919,74.34461785329677,2.061434627951524,2.421157108577672,3.3301827793692484,-0.9090256707915763,1.0394932648787278,458.9485832801459,4078.4514167198545,0.0,0.0,458.9485832801459,4650.451416719854,4650.451416719854,458.9485832801459,0.2549714351556366,458.9485832801459,1376.8457498404377,5794.451416719854,5794.451416719854,17383.354250159562,6253.4,6253.4,18760.2,0.781675,2.1394515112611043,10.697257556305523,0.7131505037537016,981.8982400898509,981.8982400898509,0.0,981.8982400898509,981.8982400898509,0.0,458.9485832801459,0.0,458.9485832801459,1376.8457498404377,0.0,5202.0,-0.27296569918716285,47.0713111852623
78,78,2025,5SB,5,SB,PM-Peak,3,Peak,PM,3.0,70,8000,4,8.5,75,1800,1,4,0.1,0.01,4957.0,0.0,613.0,0.0,0.0,1.0,1.0,1.0,3.66,1.83,0.2448979591836735,0.2448979591836735,30,4.135,0.592,4957.0,0.0,613.0,0.0,0.0,5570.0,6796.0,1.0,1.2,0.5858620689655173,6796.0,0.0,1.0,99.14,3643.3949999999995,0.0,459.75,0.0,0.0,4177.5,1.216165020316956,6.0808251015847805,,0.13066962320249606,0.1310918787787361,121.36188318034138,606.809415901707,45.47475727008109,74.22588681924432,3.5281696312953077,2.4250299688346995,3.9582399292634864,-1.533209960428787,1.8999315602338342,476.08105182785806,4381.778948172142,0.0,0.0,476.08105182785806,4994.778948172142,14984.336844516427,476.08105182785806,0.26448947323769895,1428.2431554835741,4284.729466450723,6220.778948172142,18662.336844516427,55987.010533549284,6696.86,20090.58,60271.740000000005,0.8371075,3.648495060950868,18.242475304754343,1.216165020316956,1736.9793662062343,1736.9793662062343,0.0,5210.9380986187025,5210.9380986187025,0.0,1428.2431554835741,0.0,1428.2431554835741,4284.729466450723,0.0,16710.0,-0.3873463933031651,47.592895364839755
79,79,2025,5SB,5,SB,PM-Late,3,OP,PM,3.0,70,8000,4,8.5,75,1800,1,4,0.1,0.01,4118.0,0.0,509.0,0.0,0.0,1.0,1.0,1.0,3.66,1.83,0.2448979591836735,0.2448979591836735,30,4.135,0.592,4118.0,0.0,509.0,0.0,0.0,4627.0,5645.0,1.0,1.2,0.4866379310344828,5645.0,0.0,1.0,82.36,3026.73,0.0,381.75,0.0,0.0,3470.25,0.31280688753328667,1.5640344376664332,,0.14932438272402973,0.14941238579118543,115.59150643951796,577.9575321975898,63.54417483132941,74.42212660977518,1.6909556761871452,2.4186355348834847,2.832675071755814,-0.4140395368723291,0.3579077054483219,451.9645889223025,3583.6754110776974,0.0,0.0,451.9645889223025,4092.6754110776974,12278.026233233093,451.9645889223025,0.25109143829016806,1355.8937667669074,4067.6813003007223,5110.675411077697,15332.026233233093,45996.07869969928,5562.639999999999,16687.920000000002,50063.76,0.6953299999999999,0.93842066259986,4.6921033129993,0.31280688753328667,424.1329090081405,424.1329090081405,0.0,1272.3987270244215,1272.3987270244215,0.0,1355.8937667669074,0.0,1355.8937667669074,4067.6813003007223,0.0,13881.0,-0.14616555954498853,45.330002525301154
80,80,2025,6NB,6,NB,Night,8,OP,NT,4.4,70,8000,4,8.5,75,1800,1,4,0.1,0.01,1554.0,0.0,192.0,0.0,0.0,1.0,1.0,1.0,3.66,1.83,0.282574568288854,0.282574568288854,30,4.103,0.708,1554.0,0.0,192.0,0.0,0.0,1746.0,2130.0,1.0,1.2,0.18362068965517242,2130.0,0.0,1.0,31.080000000000002,989.898,0.0,124.80000000000001,0.0,0.0,1134.9,0.10066459218323381,0.5033229609161691,,0.28252576688501374,0.2825269557486801,90.95277266433092,454.76386332165464,69.99889718912013,74.93343596622834,0.0,3.5231268471257855,3.7714879891141098,-0.24836114198832426,8.140222918784969e-05,279.6716915879413,1243.2483084120588,0.0,0.0,279.6716915879413,1435.2483084120588,11481.98646729647,279.6716915879413,0.15537316199330073,2237.3735327035306,9844.443543895535,1819.2483084120588,14553.98646729647,64037.54045610448,2098.92,16791.36,73881.98400000001,0.262365,0.4429242056062288,2.2146210280311442,0.10066459218323381,123.87336182713914,123.87336182713914,0.0,990.9868946171131,990.9868946171131,0.0,2237.3735327035306,0.0,2237.3735327035306,9844.443543895535,0.0,13968.0,-0.06585229562050446,24.318923172280993
81,81,2025,6NB,6,NB,AM-Early,1,OP,AM,4.4,70,8000,4,8.5,75,1800,1,4,0.1,0.01,2259.0,0.0,279.0,0.0,0.0,1.0,1.0,1.0,3.66,1.83,0.282574568288854,0.282574568288854,30,4.155,0.715,2259.0,0.0,279.0,0.0,0.0,2538.0,3096.0,1.0,1.2,0.26689655172413795,3096.0,0.0,1.0,45.18,1438.9830000000002,0.0,181.35,0.0,0.0,1649.7,0.10241118865319465,0.5120559432659733,,0.28250735278822114,0.2825143178904013,96.19681322896783,480.9840661448391,69.97352078896297,74.70374524868707,0.600077805670406,3.533959363364581,3.772855746335993,-0.2388963829714119,0.0019552296231673443,406.52327803725285,1807.2967219627471,0.0,0.0,406.52327803725285,2086.296721962747,2086.296721962747,406.52327803725285,0.2258462655762516,406.52327803725285,1788.7024233639127,2644.296721962747,2644.296721962747,11634.905576636089,3050.82,3050.82,13423.608000000002,0.38135250000000004,0.4506092300740565,2.2530461503702823,0.10241118865319465,183.1831413235481,183.1831413235481,0.0,183.1831413235481,183.1831413235481,0.0,406.52327803725285,0.0,406.52327803725285,1788.7024233639127,0.0,2538.0,-0.06331977659188694,25.72107305587375
82,82,2025,6NB,6,NB,AM-Peak,2,Peak,AM,4.4,70,8000,4,8.5,75,1800,1,4,0.1,0.01,4308.0,0.0,532.0,0.0,0.0,1.0,1.0,1.0,3.66,1.83,0.282574568288854,0.282574568288854,30,4.155,0.715,4308.0,0.0,532.0,0.0,0.0,4840.0,5904.0,1.0,1.2,0.5089655172413793,5904.0,0.0,1.0,86.16,2744.1960000000004,0.0,345.8,0.0,0.0,3146.0,0.5077164787403848,2.5385823937019243,,0.1492284582118984,0.14939416104609135,134.00943486917052,670.0471743458527,60.13096613450477,74.5711957140993,4.525813299417105,3.5402409398416697,4.3904167348561804,-0.8501757950145108,0.8480137838958246,409.51213811125876,3812.3278618887416,0.0,0.0,409.51213811125876,4344.327861888742,8688.655723777483,409.51213811125876,0.22750674339514376,819.0242762225175,3603.7068153790774,5408.327861888742,10816.655723777483,47593.28518462093,5817.84,11635.68,51196.992000000006,0.72723,2.2339525064576935,11.169762532288468,0.5077164787403848,914.8306673584957,914.8306673584957,0.0,1829.6613347169914,1829.6613347169914,0.0,819.0242762225175,0.0,819.0242762225175,3603.7068153790774,0.0,9680.0,-0.19364353006967128,35.83139969763918
83,83,2025,6NB,6,NB,AM-Shoulder,1,OP,AM,4.4,70,8000,4,8.5,75,1800,1,4,0.1,0.01,4049.0,0.0,500.0,0.0,0.0,1.0,1.0,1.0,3.66,1.83,0.282574568288854,0.282574568288854,30,4.155,0.715,4049.0,0.0,500.0,0.0,0.0,4549.0,5549.0,1.0,1.2,0.47836206896551725,5549.0,0.0,1.0,80.98,2579.213,0.0,325.0,0.0,0.0,2956.85,0.33438417938122594,1.6719208969061297,,0.16063802172698075,0.16073840704817252,129.52458827974698,647.622941398735,64.08548961998534,74.57247579337285,2.5813466288922355,3.5401801695775443,4.119497277238098,-0.5793171076605539,0.4768541269590517,414.3196739325112,3553.7003260674887,0.0,0.0,414.3196739325112,4053.7003260674887,4053.7003260674887,414.3196739325112,0.2301775966291729,414.3196739325112,1823.0065653030495,5053.700326067488,5053.700326067488,22236.28143469695,5468.0199999999995,5468.0199999999995,24059.288,0.6835024999999999,1.4712903892773943,7.356451946386971,0.334384179381226,609.5845543454475,609.5845543454475,0.0,609.5845543454475,609.5845543454475,0.0,414.3196739325112,0.0,414.3196739325112,1823.0065653030495,0.0,4549.0,-0.14062810791538013,34.63224285554732
84,84,2025,6NB,6,NB,MD,5,OP,MD,4.4,70,8000,4,8.5,75,1800,1,4,0.1,0.01,4439.0,0.0,549.0,0.0,0.0,1.0,1.0,1.0,3.66,1.83,0.282574568288854,0.282574568288854,30,4.136,0.708,4439.0,0.0,549.0,0.0,0.0,4988.0,6086.0,1.0,1.2,0.5246551724137931,6086.0,0.0,1.0,88.78,2827.6430000000005,0.0,356.85,0.0,0.0,3242.2000000000003,0.6135379382780985,3.067689691390493,,0.14574994560613794,0.1459593243905961,131.91749895439162,659.5874947719581,57.58186588179889,74.55289535011157,3.033896618256998,3.5411099563634174,4.584776751450287,-1.0436667950868692,1.1142870066297499,412.12881344357675,3938.091186556423,0.0,0.0,412.12881344357675,4487.091186556423,22435.455932782115,412.12881344357675,0.2289604519130982,2060.6440672178837,9066.83389575869,5585.091186556423,27925.455932782115,122872.00610424131,5997.219999999999,29986.1,131938.84,0.7496524999999999,2.699566928423634,13.49783464211817,0.6135379382780985,1112.5693150227532,1112.5693150227532,0.0,5562.846575113766,5562.846575113766,0.0,2060.6440672178837,0.0,2060.6440672178837,9066.83389575869,0.0,24940.0,-0.2276374296211325,35.27205854395498
85,85,2025,6NB,6,NB,PM-Shoulder,1,OP,PM,4.4,70,8000,4,8.5,75,1800,1,4,0.1,0.01,4956.0,0.0,613.0,0.0,0.0,1.0,1.0,1.0,3.66,1.83,0.282574568288854,0.282574568288854,30,4.135,0.592,4956.0,0.0,613.0,0.0,0.0,5569.0,6795.0,1.0,1.2,0.5857758620689655,6795.0,0.0,1.0,99.12,3156.972,0.0,398.45,0.0,0.0,3619.85,1.172736924526654,5.8636846226332695,,0.14807182850503864,0.14857709134921446,115.83802240364031,579.1901120182016,45.31126862244181,74.27092944785333,3.3522844947893913,3.5545536047903927,5.826365229360315,-2.271811624569922,2.8152632213664885,467.45861657920887,4389.421383420791,0.0,0.0,467.45861657920887,5002.421383420791,5002.421383420791,467.45861657920887,0.2596992314328938,467.45861657920887,2056.8179129485193,6228.421383420791,6228.421383420791,27405.054087051485,6695.88,6695.88,29461.872000000003,0.836985,5.160042467917277,25.800212339586388,1.172736924526654,2412.106313542577,2412.106313542577,0.0,2412.106313542577,2412.106313542577,0.0,467.45861657920887,0.0,467.45861657920887,2056.8179129485193,0.0,5569.0,-0.389919192350279,30.972733263005434
86,86,2025,6NB,6,NB,PM-Peak,3,Peak,PM,4.4,70,8000,4,8.5,75,1800,1,4,0.1,0.01,5474.0,0.0,677.0,0.0,0.0,1.0,1.0,1.0,3.66,1.83,0.282574568288854,0.282574568288854,30,4.135,0.592,5474.0,0.0,677.0,0.0,0.0,6151.0,7505.0,1.0,1.2,0.6469827586206897,7505.0,0.0,1.0,109.48,3486.9380000000006,0.0,440.05,0.0,0.0,3998.15,1.8299998090357714,9.149999045178857,,0.19762062098574823,0.1985952132308486,103.15333613603734,515.7666806801867,34.5669554176295,72.20283522586465,4.491719865104796,3.656366113244115,7.637351823740811,-3.980985710496696,5.29631485566777,689.0908528988031,4675.4291471011975,0.0,0.0,689.0908528988031,5352.4291471011975,16057.287441303593,689.0908528988031,0.38282825161044615,2067.2725586964093,9095.999258264203,6706.4291471011975,20119.287441303593,88524.86474173582,7395.52,22186.56,97620.86400000002,0.92444,8.051999159757395,40.259995798786974,1.8299998090357714,5548.558968537669,5548.558968537669,0.0,16645.676905613007,16645.676905613007,0.0,2067.2725586964093,0.0,2067.2725586964093,9095.999258264203,0.0,18453.0,-0.521252104443028,27.581105918726557
87,87,2025,6NB,6,NB,PM-Late,3,OP,PM,4.4,70,8000,4,8.5,75,1800,1,4,0.1,0.01,4463.0,0.0,552.0,0.0,0.0,1.0,1.0,1.0,3.66,1.83,0.282574568288854,0.282574568288854,30,4.135,0.592,4463.0,0.0,552.0,0.0,0.0,5015.0,6119.0,1.0,1.2,0.5275,6119.0,0.0,1.0,89.26,2842.931,0.0,358.8,0.0,0.0,3259.75,0.5236834545098482,2.618417272549241,,0.15685736112218943,0.15705819304352367,113.39987530598167,566.9993765299083,57.594193936867214,74.41838275396562,2.899091744158047,3.547510577766915,4.5837953785652035,-1.0362848007982883,1.1129425257771868,445.9346545124671,3927.8053454875326,0.0,0.0,445.9346545124671,4479.805345487533,13439.416036462597,445.9346545124671,0.2477414747291484,1337.8039635374012,5886.337439564566,5583.805345487533,16751.416036462597,73706.23056043543,6029.74,18089.219999999998,79592.568,0.7537174999999999,2.3042071998433324,11.52103599921666,0.5236834545098482,1027.5258415872756,1027.5258415872756,0.0,3082.5775247618267,3082.5775247618267,0.0,1337.8039635374012,0.0,1337.8039635374012,5886.337439564566,0.0,15045.0,-0.22607571132956222,30.320822274326645
88,88,2025,6SB,6,SB,Night,8,OP,NT,4.4,70,8000,4,8.5,75,1800,1,4,0.1,0.01,1437.0,0.0,178.0,0.0,0.0,1.0,1.0,1.0,3.66,1.83,0.282574568288854,0.282574568288854,30,4.103,0.708,1437.0,0.0,178.0,0.0,0.0,1615.0,1971.0,1.0,1.2,0.16991379310344829,1971.0,0.0,1.0,28.740000000000002,915.369,0.0,115.7,0.0,0.0,1049.75,0.10103597655901633,0.5051798827950816,,0.28233702434081465,0.2823377041295437,90.98885839308376,454.9442919654188,69.99942868799972,74.95143513558614,0.0,3.522280787851861,3.771459352571238,-0.24917856471937716,4.217016545367159e-05,258.44255963382716,1149.8174403661728,0.0,0.0,258.44255963382716,1327.8174403661728,10622.539522929383,258.44255963382716,0.14357919979657063,2067.5404770706173,9097.178099110717,1683.8174403661728,13470.539522929383,59270.37390088929,1942.26,15538.08,68367.55200000001,0.2427825,0.4445582968596719,2.2227914842983596,0.10103597655901633,114.8927841468684,114.8927841468684,0.0,919.1422731749471,919.1422731749471,0.0,2067.5404770706173,0.0,2067.5404770706173,9097.178099110717,0.0,12920.0,-0.06606953474110669,24.32857176285662
89,89,2025,6SB,6,SB,AM-Early,1,OP,AM,4.4,70,8000,4,8.5,75,1800,1,4,0.1,0.01,3401.0,0.0,420.0,0.0,0.0,1.0,1.0,1.0,3.66,1.83,0.282574568288854,0.282574568288854,30,4.155,0.715,3401.0,0.0,420.0,0.0,0.0,3821.0,4661.0,1.0,1.2,0.4018103448275862,4661.0,0.0,1.0,68.02,2166.437,0.0,273.0,0.0,0.0,2483.65,0.1490818409850952,0.7454092049254759,,0.20674094756547964,0.20677521466384463,114.39164207665404,571.9582103832702,68.81799365169442,74.49725219043707,1.6897495342126831,3.5437548666243113,3.83620599775361,-0.29245113112929877,0.08874507406530309,447.891238220915,2885.088761779085,0.0,0.0,447.891238220915,3305.088761779085,3305.088761779085,447.891238220915,0.24882846567828612,447.891238220915,1970.7214481720262,4145.088761779085,4145.088761779085,18238.390551827975,4592.98,4592.98,20209.112,0.5741225,0.6559601003344189,3.2798005016720944,0.1490818409850952,293.79878156229853,293.79878156229853,0.0,293.79878156229853,293.79878156229853,0.0,447.891238220915,0.0,447.891238220915,1970.7214481720262,0.0,3821.0,-0.07623447002078385,30.58600055525509
90,90,2025,6SB,6,SB,AM-Peak,2,Peak,AM,4.4,70,8000,4,8.5,75,1800,1,4,0.1,0.01,4170.0,0.0,515.0,0.0,0.0,1.0,1.0,1.0,3.66,1.83,0.282574568288854,0.282574568288854,30,4.155,0.715,4170.0,0.0,515.0,0.0,0.0,4685.0,5715.0,1.0,1.2,0.49267241379310345,5715.0,0.0,1.0,83.4,2656.29,0.0,334.75,0.0,0.0,3045.25,0.40519473394487243,2.025973669724362,,0.15475862744459054,0.1548853128513645,131.79239913985637,658.9619956992819,62.41188409505546,74.57526987433758,4.271039371768159,3.5400475311031516,4.229963633174715,-0.6899161020715634,0.6281930345922166,411.0837944947914,3675.5162055052083,0.0,0.0,411.0837944947914,4190.516205505208,8381.032411010416,411.0837944947914,0.22837988583043967,822.1675889895828,3617.5373915541645,5220.516205505208,10441.032411010416,45940.54260844583,5631.599999999999,11263.199999999999,49558.079999999994,0.70395,1.782856829357439,8.914284146787194,0.40519473394487243,732.9035504532088,732.9035504532088,0.0,1465.8071009064176,1465.8071009064176,0.0,822.1675889895828,0.0,822.1675889895828,3617.5373915541645,0.0,9370.0,-0.16310213559773812,35.23860939568352
91,91,2025,6SB,6,SB,AM-Shoulder,1,OP,AM,4.4,70,8000,4,8.5,75,1800,1,4,0.1,0.01,3163.0,0.0,391.0,0.0,0.0,1.0,1.0,1.0,3.66,1.83,0.282574568288854,0.282574568288854,30,4.155,0.715,3163.0,0.0,391.0,0.0,0.0,3554.0,4336.0,1.0,1.2,0.3737931034482759,4336.0,0.0,1.0,63.26,2014.831,0.0,254.15,0.0,0.0,2310.1,0.12539241807829282,0.6269620903914641,,0.22739096262682054,0.22741658460702033,108.78548182257946,543.9274091128973,69.41082850037088,74.47560808135731,1.3731946633389,3.54478475303761,3.803441130206209,-0.25865637716859924,0.04385720552536427,458.15436062035945,2641.5856393796403,0.0,0.0,458.15436062035945,3032.5856393796403,3032.5856393796403,458.15436062035945,0.25453020034464413,458.15436062035945,2015.8791867295818,3814.5856393796403,3814.5856393796403,16784.17681327042,4272.74,4272.74,18800.056,0.5340925,0.5517266395444884,2.7586331977224425,0.12539241807829282,252.77596577772462,252.77596577772462,0.0,252.77596577772462,252.77596577772462,0.0,458.15436062035945,0.0,458.15436062035945,2015.8791867295818,0.0,3554.0,-0.06800588422794276,29.087027225288626
92,92,2025,6SB,6,SB,MD,5,OP,MD,4.4,70,8000,4,8.5,75,1800,1,4,0.1,0.01,4365.0,0.0,539.0,0.0,0.0,1.0,1.0,1.0,3.66,1.83,0.282574568288854,0.282574568288854,30,4.136,0.708,4365.0,0.0,539.0,0.0,0.0,4904.0,5982.0,1.0,1.2,0.5156896551724138,5982.0,0.0,1.0,87.3,2780.505,0.0,350.35,0.0,0.0,3187.6,0.5408039858871581,2.7040199294357903,,0.14801116399463712,0.1481918980075213,131.0144293692387,655.0721468461936,59.09944346084987,74.56017278218037,2.950958433318866,3.5407643269718267,4.467047141905583,-0.9262828149337565,0.9529974415535064,411.5457815429085,3866.1542184570912,0.0,0.0,411.5457815429085,4405.154218457092,22025.77109228546,411.5457815429085,0.22863654530161584,2057.7289077145424,9054.007193943988,5483.154218457092,27415.77109228546,120629.39280605603,5894.7,29473.500000000004,129683.40000000002,0.7368374999999999,2.3795375379034955,11.897687689517479,0.5408039858871581,979.2886357471824,979.2886357471824,0.0,4896.443178735912,4896.443178735912,0.0,2057.7289077145424,0.0,2057.7289077145424,9054.007193943988,0.0,24520.0,-0.20735908655278182,35.03059608803174
93,93,2025,6SB,6,SB,PM-Shoulder,1,OP,PM,4.4,70,8000,4,8.5,75,1800,1,4,0.1,0.01,4521.0,0.0,559.0,0.0,0.0,1.0,1.0,1.0,3.66,1.83,0.282574568288854,0.282574568288854,30,4.135,0.592,4521.0,0.0,559.0,0.0,0.0,5080.0,6198.0,1.0,1.2,0.5343103448275862,6198.0,0.0,1.0,90.42,2879.877,0.0,363.35,0.0,0.0,3302.0,0.5757177013456046,2.8785885067280232,,0.15535434318073074,0.15557845816679627,113.81519940488238,569.0759970244119,56.372318865381395,74.40697101592278,2.9570475157384712,3.54805465664642,4.683149554845155,-1.135094898198735,1.2490577472807192,447.4013997762933,3983.178600223707,0.0,0.0,447.4013997762933,4542.178600223707,4542.178600223707,447.4013997762933,0.24855633320905185,447.4013997762933,1968.5661590156908,5660.178600223707,5660.178600223707,24904.78584098431,6107.58,6107.58,26873.352000000003,0.7634475,2.5331578859206605,12.665789429603302,0.5757177013456045,1133.3383840152594,1133.3383840152594,0.0,1133.3383840152594,1133.3383840152594,0.0,447.4013997762933,0.0,447.4013997762933,1968.5661590156908,0.0,5080.0,-0.24237852857472242,30.43187149863165
94,94,2025,6SB,6,SB,PM-Peak,3,Peak,PM,4.4,70,8000,4,8.5,75,1800,1,4,0.1,0.01,4840.0,0.0,598.0,0.0,0.0,1.0,1.0,1.0,3.66,1.83,0.282574568288854,0.282574568288854,30,4.135,0.592,4840.0,0.0,598.0,0.0,0.0,5438.0,6634.0,1.0,1.2,0.5718965517241379,6634.0,0.0,1.0,96.8,3083.08,0.0,388.7,0.0,0.0,3534.7000000000003,0.9698814857012733,4.849407428506367,,0.1494483319515711,0.1498557371357118,115.46125128742875,577.3062564371438,48.55280142876078,74.31583414091325,5.080885180496089,3.552405796851031,5.437379352607587,-1.8849735557565555,2.2823525702152514,460.7611632732498,4282.43883672675,0.0,0.0,460.7611632732498,4880.43883672675,14641.316510180251,460.7611632732498,0.2559784240406943,1382.2834898197493,6082.047355206898,6076.43883672675,18229.31651018025,80208.9926447931,6537.2,19611.600000000002,86291.04000000001,0.8171499999999999,4.267478537085603,21.337392685428014,0.9698814857012733,1966.2883749911887,1966.2883749911887,0.0,5898.865124973566,5898.865124973566,0.0,1382.2834898197493,0.0,1382.2834898197493,6082.047355206898,0.0,16314.0,-0.3466694952693681,30.87199232284191
95,95,2025,6SB,6,SB,PM-Late,3,OP,PM,4.4,70,8000,4,8.5,75,1800,1,4,0.1,0.01,4021.0,0.0,497.0,0.0,0.0,1.0,1.0,1.0,3.66,1.83,0.282574568288854,0.282574568288854,30,4.135,0.592,4021.0,0.0,497.0,0.0,0.0,4518.0,5512.0,1.0,1.2,0.47517241379310343,5512.0,0.0,1.0,80.42,2561.377,0.0,323.05,0.0,0.0,2936.7000000000003,0.2595893910139237,1.2979469550696185,,0.17445349705778013,0.17454105239366338,108.78046124262161,543.9023062131081,64.68345620579866,74.45186349754633,2.395162726319253,3.5459152746217093,4.081414560781204,-0.5354992861594949,0.424680805413107,446.84117493336566,3493.7388250666345,0.0,0.0,446.84117493336566,3990.7388250666345,11972.216475199904,446.84117493336566,0.24824509718520316,1340.523524800097,5898.303509120427,4984.7388250666345,14954.216475199904,65798.55249087958,5431.58,16294.740000000002,71696.856,0.6789475,1.1421933204612644,5.710966602306322,0.2595893910139237,510.37900531595363,510.37900531595363,0.0,1531.1370159478608,1531.1370159478608,0.0,1340.523524800097,0.0,1340.523524800097,5898.303509120427,0.0,13554.0,-0.13120433569899292,29.085684824230377
96,96,2025,7NB,7,NB,Night,8,OP,NT,5.6,70,6000,4,8.5,75,1800,1,4,0.1,0.01,769.0,0.0,95.0,0.0,0.0,1.0,1.0,1.0,3.66,1.83,0.35502958579881655,0.35502958579881655,30,4.103,0.708,769.0,0.0,95.0,0.0,0.0,864.0,1054.0,1.0,1.2,0.10979166666666666,1054.0,0.0,1.0,15.38,489.853,0.0,61.75,0.0,0.0,561.6,0.10000030224582734,0.5000015112291367,,0.291222561877857,0.29122262943941973,89.32398555882533,446.61992779412657,69.99996908486871,74.99554372223709,0.0,4.480266204142099,4.8000021198956535,-0.3197359157535544,2.9042570452061935e-06,142.65624560355388,610.9637543964461,0.0,0.0,142.65624560355388,705.9637543964461,5647.710035171569,142.65624560355388,0.07925346977975216,1141.249964828431,6390.9998030392135,895.9637543964461,7167.710035171569,40139.17619696078,1038.62,8308.96,46530.176,0.1731033333333333,0.5600016925766331,2.8000084628831656,0.10000030224582734,79.88773899461805,79.88773899461805,0.0,639.1019119569444,639.1019119569444,0.0,1141.249964828431,0.0,1141.249964828431,6390.9998030392135,0.0,6912.0,-0.06661161969663987,18.76554318462717
97,97,2025,7NB,7,NB,AM-Early,1,OP,AM,5.6,70,6000,4,8.5,75,1800,1,4,0.1,0.01,930.0,0.0,115.0,0.0,0.0,1.0,1.0,1.0,3.66,1.83,0.35502958579881655,0.35502958579881655,30,4.155,0.715,930.0,0.0,115.0,0.0,0.0,1045.0,1275.0,1.0,1.2,0.1328125,1275.0,0.0,1.0,18.6,592.41,0.0,74.75,0.0,0.0,679.25,0.10000027411828569,0.5000013705914285,,0.3177750665654998,0.31777529642837954,89.46604475730872,447.3302237865437,69.99986197335252,74.98692192359867,0.0,4.480781333341534,4.800009464703061,-0.31922813136152683,1.2966643193511595e-05,188.25312718406772,723.1468728159323,0.0,0.0,188.25312718406772,838.1468728159323,838.1468728159323,188.25312718406772,0.1045850706578154,188.25312718406772,1054.2175122307792,1068.1468728159323,1068.1468728159323,5981.62248776922,1256.4,1256.4,7035.839999999999,0.2094,0.5600015350623998,2.800007675311999,0.10000027411828567,105.4220402033751,105.4220402033751,0.0,105.4220402033751,105.4220402033751,0.0,188.25312718406772,0.0,188.25312718406772,1054.2175122307792,0.0,1045.0,-0.0665057295634468,18.795387554056457
98,98,2025,7NB,7,NB,AM-Peak,2,Peak,AM,5.6,70,6000,4,8.5,75,1800,1,4,0.1,0.01,1497.0,0.0,185.0,0.0,0.0,1.0,1.0,1.0,3.66,1.83,0.35502958579881655,0.35502958579881655,30,4.155,0.715,1497.0,0.0,185.0,0.0,0.0,1682.0,2052.0,1.0,1.2,0.21375,2052.0,0.0,1.0,29.94,953.5889999999999,0.0,120.25,0.0,0.0,1093.3,0.10000021196852579,0.500001059842629,,0.31215546951570816,0.3121577529181156,90.48340811866264,452.4170405933132,69.99191328092164,74.91779219347758,0.0,4.484915934685706,4.800554581947494,-0.31563864726178803,0.0007597772680663595,297.66802202001463,1169.3919779799853,0.0,0.0,297.66802202001463,1354.3919779799853,2708.7839559599706,297.66802202001463,0.1653711233444526,595.3360440400293,3333.8818466241637,1724.3919779799853,3448.7839559599706,19313.190153375836,2022.06,4044.12,22647.072,0.33701,0.5600011870237444,2.800005935118722,0.10000021196852579,166.69444567021827,166.69444567021827,0.0,333.38889134043654,333.38889134043654,0.0,595.3360440400293,0.0,595.3360440400293,3333.8818466241637,0.0,3364.0,-0.0657504548430193,19.00911935266022
99,99,2025,7NB,7,NB,AM-Shoulder,1,OP,AM,5.6,70,6000,4,8.5,75,1800,1,4,0.1,0.01,1769.0,0.0,219.0,0.0,0.0,1.0,1.0,1.0,3.66,1.83,0.35502958579881655,0.35502958579881655,30,4.155,0.715,1769.0,0.0,219.0,0.0,0.0,1988.0,2426.0,1.0,1.2,0.2527083333333333,2426.0,0.0,1.0,35.38,1126.853,0.0,142.35,0.0,0.0,1292.2,0.10000023587897203,0.5000011793948601,,0.30829644530521155,0.30830140738258033,91.19313494713049,455.96567473565244,69.96582530159552,74.84692560025296,1.1986179939827386,4.489162344416514,4.802344552524528,-0.3131822081080138,0.0032120369586030612,347.4047742815136,1386.2152257184862,0.0,0.0,347.4047742815136,1605.2152257184862,1605.2152257184862,347.4047742815136,0.19300265237861866,347.4047742815136,1945.466735976476,2043.2152257184862,2043.2152257184862,11442.005264023523,2390.62,2390.62,13387.471999999998,0.39843666666666666,0.5600013209222433,2.8000066046112164,0.10000023587897203,194.5471324923414,194.5471324923414,0.0,194.5471324923414,194.5471324923414,0.0,347.4047742815136,0.0,347.4047742815136,1945.466735976476,0.0,1988.0,-0.06521443946444411,19.158221627548425
100,100,2025,7NB,7,NB,MD,5,OP,MD,5.6,70,6000,4,8.5,75,1800,1,4,0.1,0.01,2550.0,0.0,315.0,0.0,0.0,1.0,1.0,1.0,3.66,1.83,0.35502958579881655,0.35502958579881655,30,4.136,0.708,2550.0,0.0,315.0,0.0,0.0,2865.0,3495.0,1.0,1.2,0.3640625,3495.0,0.0,1.0,51.0,1624.3500000000001,0.0,204.75,0.0,0.0,1862.25,0.12420645387367789,0.6210322693683894,,0.2628654429411868,0.26288971654718546,98.02269060222652,490.11345301113255,69.07659279495502,74.62891284733972,2.202262834917118,4.5022764928563115,4.86416579632659,-0.3618893034702788,0.08790714096742902,426.9854822415168,2072.014517758483,0.0,0.0,426.9854822415168,2387.014517758483,11935.072588792416,426.9854822415168,0.23721415680084268,2134.927411207584,11955.593502762471,3017.014517758483,15085.072588792416,84476.40649723752,3444.0,17220.0,96431.99999999999,0.574,0.6955561416925962,3.4777807084629804,0.12420645387367789,296.992374586662,296.992374586662,0.0,1484.96187293331,1484.96187293331,0.0,2134.927411207584,0.0,2134.927411207584,11955.593502762471,0.0,14325.0,-0.07439904777579272,20.593002227358518
101,101,2025,7NB,7,NB,PM-Shoulder,1,OP,PM,5.6,70,6000,4,8.5,75,1800,1,4,0.1,0.01,3265.0,0.0,404.0,0.0,0.0,1.0,1.0,1.0,3.66,1.83,0.35502958579881655,0.35502958579881655,30,4.135,0.592,3265.0,0.0,404.0,0.0,0.0,3669.0,4477.0,1.0,1.2,0.4663541666666667,4477.0,0.0,1.0,65.3,2079.805,0.0,262.6,0.0,0.0,2384.85,0.40509352249092107,2.025467612454605,,0.17758988645914164,0.17773044071357394,107.98981373318057,539.9490686659028,60.360217587463836,74.74586457191825,3.970484453230143,4.49523196934475,5.5665803310454525,-1.0713483617007027,1.0502150535322696,369.35233380715505,2830.347666192845,0.0,0.0,369.35233380715505,3234.347666192845,3234.347666192845,369.35233380715505,0.20519574100397503,369.35233380715505,2068.373069320068,4042.347666192845,4042.347666192845,22637.14693067993,4411.7,4411.7,24705.519999999997,0.7352833333333333,2.2685237259491577,11.342618629745788,0.40509352249092107,837.8845324762244,837.8845324762244,0.0,837.8845324762244,837.8845324762244,0.0,369.35233380715505,0.0,369.35233380715505,2068.373069320068,0.0,3669.0,-0.19246077447686705,22.686935658231214
102,102,2025,7NB,7,NB,PM-Peak,3,Peak,PM,5.6,70,6000,4,8.5,75,1800,1,4,0.1,0.01,3772.0,0.0,466.0,0.0,0.0,1.0,1.0,1.0,3.66,1.83,0.35502958579881655,0.35502958579881655,30,4.135,0.592,3772.0,0.0,466.0,0.0,0.0,4238.0,5170.0,1.0,1.2,0.5385416666666667,5170.0,0.0,1.0,75.44,2402.764,0.0,302.90000000000003,0.0,0.0,2754.7000000000003,1.267883066051807,6.339415330259035,,0.1545361985917646,0.15506070106096326,113.96149832535076,569.8074916267539,43.78161412140628,74.71646924382433,7.7221805183048895,4.497000506053382,7.674454374118621,-3.177453868065239,3.9380024925425117,371.3140146731427,3325.2459853268574,0.0,0.0,371.3140146731427,3791.2459853268574,11373.737955980572,371.3140146731427,0.2062855637073015,1113.942044019428,6238.075446508797,4723.245985326857,14169.737955980572,79350.5325534912,5094.56,15283.68,85588.608,0.8490933333333334,7.100145169890118,35.500725849450596,1.267883066051807,2636.383407794023,2636.383407794023,0.0,7909.150223382068,7909.150223382068,0.0,1113.942044019428,0.0,1113.942044019428,6238.075446508797,0.0,12714.0,-0.41402993791726805,23.941491244821588
103,103,2025,7NB,7,NB,PM-Late,3,OP,PM,5.6,70,6000,4,8.5,75,1800,1,4,0.1,0.01,2896.0,0.0,358.0,0.0,0.0,1.0,1.0,1.0,3.66,1.83,0.35502958579881655,0.35502958579881655,30,4.135,0.592,2896.0,0.0,358.0,0.0,0.0,3254.0,3970.0,1.0,1.2,0.41354166666666664,3970.0,0.0,1.0,57.92,1844.752,0.0,232.70000000000002,0.0,0.0,2115.1,0.18124414309918294,0.9062207154959147,,0.22219658384672739,0.22224884709814488,98.26374890292239,491.31874451461186,66.83614252543623,74.65935625490728,2.9877275795596767,4.500440625992072,5.0272201133110945,-0.5267794873190228,0.3112915552361997,409.897592444418,2428.182407555582,0.0,0.0,409.897592444418,2786.182407555582,8358.547222666746,409.897592444418,0.22772088469134336,1229.692777333254,6886.279553066222,3502.182407555582,10506.547222666746,58836.66444693378,3912.08,11736.24,65722.944,0.6520133333333333,1.0149672013554243,5.074836006777121,0.18124414309918294,416.03261224563727,416.03261224563727,0.0,1248.0978367369119,1248.0978367369119,0.0,1229.692777333254,0.0,1229.692777333254,6886.279553066222,0.0,9762.0,-0.10478544313669773,20.643644727504704
104,104,2025,7SB,7,SB,Night,8,OP,NT,5.6,70,6000,4,8.5,75,1800,1,4,0.1,0.01,729.0,0.0,90.0,0.0,0.0,1.0,1.0,1.0,3.66,1.83,0.35502958579881655,0.35502958579881655,30,4.103,0.708,729.0,0.0,90.0,0.0,0.0,819.0,999.0,1.0,1.2,0.1040625,999.0,0.0,1.0,14.58,464.373,0.0,58.5,0.0,0.0,532.35,0.10000001272683469,0.5000000636341735,,0.2913000827401416,0.2913001353160599,89.30969644529063,446.54848222645313,69.99998040806976,74.99639753873393,0.0,4.480215197356162,4.800001343447021,-0.3197861460908591,1.8405224188330904e-06,135.27189332228775,579.1481066777122,0.0,0.0,135.27189332228775,669.1481066777122,5353.184853421698,135.27189332228775,0.07515105184571542,1082.175146578302,6060.180820838491,849.1481066777122,6793.184853421698,38041.835179161506,984.42,7875.36,44102.015999999996,0.16407,0.5600000712702742,2.8000003563513713,0.10000001272683469,75.75226990134607,75.75226990134607,0.0,606.0181592107685,606.0181592107685,0.0,1082.175146578302,0.0,1082.175146578302,6060.180820838491,0.0,6552.0,-0.06662209512241747,18.76254127001904
105,105,2025,7SB,7,SB,AM-Early,1,OP,AM,5.6,70,6000,4,8.5,75,1800,1,4,0.1,0.01,2298.0,0.0,284.0,0.0,0.0,1.0,1.0,1.0,3.66,1.83,0.35502958579881655,0.35502958579881655,30,4.155,0.715,2298.0,0.0,284.0,0.0,0.0,2582.0,3150.0,1.0,1.2,0.328125,3150.0,0.0,1.0,45.96,1463.826,0.0,184.6,0.0,0.0,1678.3,0.10229894619123925,0.5114947309561962,,0.3036259109304923,0.303641800049501,92.06341675942723,460.31708379713615,69.68007530595524,74.58900027873702,1.599100391457406,4.504685660678885,4.82203841664453,-0.3173527559656444,0.03019263080300601,444.4555026937388,1807.5844973062613,0.0,0.0,444.4555026937388,2091.5844973062613,2091.5844973062613,444.4555026937388,0.2469197237187438,444.4555026937388,2488.9508150849374,2659.5844973062613,2659.5844973062613,14893.673184915062,3104.04,3104.04,17382.624,0.51734,0.5728740986709397,2.864370493354699,0.10229894619123925,254.61704550501506,254.61704550501506,0.0,254.61704550501506,254.61704550501506,0.0,444.4555026937388,0.0,444.4555026937388,2488.9508150849374,0.0,2582.0,-0.06581298789951946,19.341053941056142
106,106,2025,7SB,7,SB,AM-Peak,2,Peak,AM,5.6,70,6000,4,8.5,75,1800,1,4,0.1,0.01,3435.0,0.0,425.0,0.0,0.0,1.0,1.0,1.0,3.66,1.83,0.35502958579881655,0.35502958579881655,30,4.155,0.715,3435.0,0.0,425.0,0.0,0.0,3860.0,4710.0,1.0,1.2,0.490625,4710.0,0.0,1.0,68.7,2188.0950000000003,0.0,276.25,0.0,0.0,2509.0,0.7650336066175487,3.825168033087744,,0.15020410243298615,0.15045698365845428,133.573235772586,667.8661788629299,54.84462047072128,74.8223024940018,7.132540339811941,4.490639672936231,6.126398489335396,-1.6357588163991652,1.817165930389493,328.6608455131049,3037.639154486895,0.0,0.0,328.6608455131049,3462.639154486895,6925.27830897379,328.6608455131049,0.18258935861839162,657.3216910262098,3681.0014697467745,4312.639154486895,8625.27830897379,48301.55853025322,4641.299999999999,9282.599999999999,51982.56,0.7735499999999998,4.284188197058272,21.420940985291363,0.7650336066175487,1408.0449151824362,1408.0449151824362,0.0,2816.0898303648723,2816.0898303648723,0.0,657.3216910262098,0.0,657.3216910262098,3681.0014697467745,0.0,7720.0,-0.26700170079478713,28.061604153904625
107,107,2025,7SB,7,SB,AM-Shoulder,1,OP,AM,5.6,70,6000,4,8.5,75,1800,1,4,0.1,0.01,3333.0,0.0,412.0,0.0,0.0,1.0,1.0,1.0,3.66,1.83,0.35502958579881655,0.35502958579881655,30,4.155,0.715,3333.0,0.0,412.0,0.0,0.0,3745.0,4569.0,1.0,1.2,0.4759375,4569.0,0.0,1.0,66.66,2123.121,0.0,267.8,0.0,0.0,2434.25,0.6027822190282274,3.013911095141137,,0.15567271629605867,0.1558640475549652,131.40653105976585,657.0326552988292,57.92393247951873,74.82263923421182,4.352441373037255,4.490619462757039,5.8007111329812755,-1.310091670224237,1.3709742521843478,330.5120130952044,2935.8279869047956,0.0,0.0,330.5120130952044,3347.8279869047956,3347.8279869047956,330.5120130952044,0.18361778505289134,330.5120130952044,1850.8672733331446,4171.827986904796,4171.827986904796,23362.236726666855,4502.34,4502.34,25213.104,0.75039,3.375580426558073,16.877902132790364,0.6027822190282274,1115.6698821464774,1115.6698821464774,0.0,1115.6698821464774,1115.6698821464774,0.0,330.5120130952044,0.0,330.5120130952044,1850.8672733331446,0.0,3745.0,-0.22585018288109707,27.606414088186106
108,108,2025,7SB,7,SB,MD,5,OP,MD,5.6,70,6000,4,8.5,75,1800,1,4,0.1,0.01,2635.0,0.0,326.0,0.0,0.0,1.0,1.0,1.0,3.66,1.83,0.35502958579881655,0.35502958579881655,30,4.136,0.708,2635.0,0.0,326.0,0.0,0.0,2961.0,3613.0,1.0,1.2,0.37635416666666666,3613.0,0.0,1.0,52.7,1678.4950000000001,0.0,211.9,0.0,0.0,1924.65,0.1384831162833736,0.692415581416868,,0.24791348059880186,0.2479424660909222,101.30471248776375,506.5235624388188,68.6971772773291,74.65643615572283,2.4403157387939958,4.500616655463586,4.891030655358296,-0.3904139998947107,0.12471199784086558,416.12153761768593,2166.178462382314,0.0,0.0,416.12153761768593,2492.178462382314,12460.892311911572,416.12153761768593,0.23117863200982552,2080.6076880884298,11651.403053295206,3144.178462382314,15720.892311911572,88036.99694670479,3560.3,17801.5,99688.4,0.5933833333333334,0.7755054511868921,3.8775272559344605,0.1384831162833736,322.7045207787868,322.7045207787868,0.0,1613.522603893934,1613.522603893934,0.0,2080.6076880884298,0.0,2080.6076880884298,11651.403053295206,0.0,14805.0,-0.07982243976880382,21.282502623479782
109,109,2025,7SB,7,SB,PM-Shoulder,1,OP,PM,5.6,70,6000,4,8.5,75,1800,1,4,0.1,0.01,2723.0,0.0,336.0,0.0,0.0,1.0,1.0,1.0,3.66,1.83,0.35502958579881655,0.35502958579881655,30,4.135,0.592,2723.0,0.0,336.0,0.0,0.0,3059.0,3731.0,1.0,1.2,0.38864583333333336,3731.0,0.0,1.0,54.46,1734.551,0.0,218.4,0.0,0.0,1988.3500000000001,0.13436230875706057,0.6718115437853028,,0.25137067207083597,0.25140544469925863,92.91485336377032,464.57426681885164,68.32464923262444,74.58880105007043,2.479033756045241,4.504697692813803,4.917698133451418,-0.41300044063761465,0.16124644282844164,436.0152506111406,2232.524749388859,0.0,0.0,436.0152506111406,2568.524749388859,2568.524749388859,436.0152506111406,0.24223069478396697,436.0152506111406,2441.685403422387,3240.524749388859,3240.524749388859,18146.93859657761,3676.54,3676.54,20588.623999999996,0.6127566666666666,0.7524289290395392,3.7621446451976954,0.13436230875706057,328.0704880622468,328.0704880622468,0.0,328.0704880622468,328.0704880622468,0.0,436.0152506111406,0.0,436.0152506111406,2441.685403422387,0.0,3059.0,-0.08398247095084628,19.519927177262673
110,110,2025,7SB,7,SB,PM-Peak,3,Peak,PM,5.6,70,6000,4,8.5,75,1800,1,4,0.1,0.01,2613.0,0.0,323.0,0.0,0.0,1.0,1.0,1.0,3.66,1.83,0.35502958579881655,0.35502958579881655,30,4.135,0.592,2613.0,0.0,323.0,0.0,0.0,2936.0,3582.0,1.0,1.2,0.373125,3582.0,0.0,1.0,52.26,1664.481,0.0,209.95000000000002,0.0,0.0,1908.4,0.11602310679229794,0.5801155339614896,,0.27045310221768565,0.27048103735578555,89.74069827324526,448.7034913662263,68.90275777971786,74.54749362060068,3.3998746052279993,4.50719378588402,4.876437617695827,-0.369243831811807,0.10471953624328366,450.1640500323956,2110.575949967604,0.0,0.0,450.1640500323956,2433.575949967604,7300.7278499028125,450.1640500323956,0.25009113890688645,1350.4921500971868,7562.7560405442455,3079.575949967604,9238.727849902813,51736.87595945575,3529.74,10589.22,59299.632,0.58829,0.6497293980368684,3.2486469901843416,0.11602310679229794,292.4848172453871,292.4848172453871,0.0,877.4544517361612,877.4544517361612,0.0,1350.4921500971868,0.0,1350.4921500971868,7562.7560405442455,0.0,8808.0,-0.07571999495530898,18.85308787253052
111,111,2025,7SB,7,SB,PM-Late,3,OP,PM,5.6,70,6000,4,8.5,75,1800,1,4,0.1,0.01,2089.0,0.0,258.0,0.0,0.0,1.0,1.0,1.0,3.66,1.83,0.35502958579881655,0.35502958579881655,30,4.135,0.592,2089.0,0.0,258.0,0.0,0.0,2347.0,2863.0,1.0,1.2,0.29822916666666666,2863.0,0.0,1.0,41.78,1330.693,0.0,167.70000000000002,0.0,0.0,1525.55,0.10000375917361543,0.5000187958680771,,0.27307550623989474,0.2730852644086276,89.32460276570224,446.6230138285111,69.83639912605157,74.80797283168873,1.71597159247186,4.491499866678249,4.811244626080091,-0.3197447594018419,0.015405137729724589,363.37966462488424,1683.8403353751157,0.0,0.0,363.37966462488424,1941.8403353751157,5825.521006125347,363.37966462488424,0.20187759145826903,1090.1389938746527,6104.778365698055,2457.8403353751155,7373.5210061253465,41291.71763430194,2821.22,8463.66,47396.49599999999,0.4702033333333333,0.5600210513722463,2.8001052568612312,0.10000375917361543,203.50026183052194,203.50026183052194,0.0,610.5007854915658,610.5007854915658,0.0,1090.1389938746527,0.0,1090.1389938746527,6104.778365698055,0.0,7041.0,-0.0664578054644356,18.76567284993745
