,Year,SegDir,Segment,Direction,Period,Hours/Day,Peak,4Periods,Length,Speed GP,Capacity GP,Alpha GP,Beta GP,Speed ML,Capacity ML,Alpha ML,Beta ML,MinToll,MinCapture,AADT Lights,AADT MediumA,AADT MediumB,AADT HeavyA,AADT HeavyB,GrowthFactor,GrowthFactor_medium,GrowthFactor_heavy,MaxToll,Soft Cap,MaxCapture,MaxCap_aux,Min Speed,B1,B2,TotalLights,TotalMediumA,TotalMediumB,TotalHeavyA,TotalHeavyB,TotalVeh,Corridor PCE pre-fix,Suppressed ratio ref,Max VC,Suppressed ratio,Corridor PCE,Suppressed Demand,PCE ratio,HOV3,InScopeLights,InScopeMediumA,InScopeMediumB,InScopeHeavyA,InScopeHeavyB,InScopeVeh,TollLights,TollMediumA,TollMediumB,CaptureRateLights,CaptureRateMediumA,VOT Lights,VOT MediumA,Speed GP Real,Speed ML Real,Bounus Seg,Time ML,Time GP,Time Savings,BonusRel,MLVeh_Lights,GPVeh_Lights,MLVeh_MediumA,GPVeh_MediumA,MLVeh,GPVeh,GPVehDay,ML PCE,ML V/C,ML Volume,ML PCE Total,GP PCE,GP Volume,GP PCE Total,Highway PCE,Highway Volume,Highway PCE Total,Highway V/C,TollLightsPerSeg,TollMediumAPerSeg,TollBlend,RevenuePerHour,RevenuePerHourLights,RevenuePerHourMediumA,RevenuePerDay,RevenuePerDayLights,RevenuePerDayMediumA,TransactionsDay_Lights,TransactionsDay_MediumA,TransactionsDay,TransactionsLightsLength,TransactionsMediumALength,TotalVeh_hours,Difference in Travel Time,Implied Min VOT
0,2025,1NB,1,NB,Night,8,OP,NT,3.0,70,12000,1.6,6.5,75,1800,1,4,0.05,0.01,2238.0,0.0,277.0,0.0,0.0,1.0,1.0,1.0,3.66,1.83,0.17391304347826086,0.17391304347826086,30,4.103,0.708,2258.704789728038,0.0,279.5626571736669,0.0,0.0,2538.267446901705,3097.392761249039,1.0,1.2,0.19855081802878455,3097.392761249039,0.0,1.0,45.17409579456076,1660.148020450108,0.0,209.67199288025017,0.0,0.0,1903.7005851762788,0.117777617,0.588888085,,0.1739129399401991,0.17391289933275764,106.68122281067247,533.4061140533623,69.99109280716615,74.91130509681467,0.0,2.4028415973713138,2.571755816071076,-0.1689142186997623,0.0004483251602313339,288.7212229723801,1924.8094709610973,0.0,0.0,288.7212229723801,2204.3721281347644,17634.977025078115,288.7212229723801,0.16040067942910005,2309.7697837790406,6929.309351337122,2763.497442482098,22107.979539856784,66323.93861957036,3052.218665454478,24417.749323635824,73253.24797090748,0.25435155545453986,0.353332851,1.766664255,0.117777617,102.01469285703774,102.01469285703774,0.0,816.117542856302,816.117542856302,0.0,2309.7697837790406,0.0,2309.7697837790406,6929.309351337122,0.0,20306.13957521364,-0.06568050420813902,125.5073209537323
1,2025,1NB,1,NB,AM-Early,1,OP,AM,3.0,70,12000,1.6,6.5,75,1800,1,4,0.05,0.01,1841.0,0.0,228.0,0.0,0.0,1.0,1.0,1.0,3.66,1.83,0.17391304347826086,0.17391304347826086,30,4.155,0.715,2209.2,0.0,273.59999999999997,0.0,0.0,2482.7999999999997,3030.0,1.0,1.2,0.19423076923076923,3030.0,0.0,1.0,44.184,1623.7619999999997,0.0,205.2,0.0,0.0,1862.1,0.169543156,0.84771578,,0.11294515932244055,0.11294515931665744,151.54376491882863,757.7188245941431,69.99028136157612,74.98083992988049,0.0,2.4006132789167185,2.571785632209474,-0.17117235329275537,0.0004891732698365129,183.39605779172467,1981.6199422082752,0.0,0.0,183.39605779172467,2255.2199422082754,2255.2199422082754,183.39605779172467,0.10188669877318038,183.39605779172467,550.1881733751741,2802.419942208275,2802.419942208275,8407.259826624826,2985.816,2985.816,8957.448,0.24881799999999998,0.508629468,2.54314734,0.169543156,93.28063930790216,93.28063930790216,0.0,93.28063930790216,93.28063930790216,0.0,183.39605779172467,0.0,183.39605779172467,550.1881733751741,0.0,2482.7999999999997,-0.06655778426823922,178.28678225744542
2,2025,1NB,1,NB,AM-Peak,2,Peak,AM,3.0,70,12000,1.6,6.5,75,1800,1,4,0.05,0.01,4183.0,0.0,517.0,0.0,0.0,1.0,1.0,1.0,3.66,1.83,0.17391304347826086,0.17391304347826086,30,4.155,0.715,2509.7999999999997,0.0,310.2,0.0,0.0,2819.9999999999995,3440.3999999999996,1.0,1.2,0.22053846153846152,3440.3999999999996,0.0,1.0,50.196,1844.703,0.0,232.64999999999998,0.0,0.0,2114.9999999999995,0.167837166,0.83918583,,0.11561758130226739,0.11561758133590108,150.05260750881166,750.2630375440582,69.97803648748557,74.96558586814514,0.0,2.4011017577665164,2.572235647569078,-0.1711338898025616,0.0011056943124940464,213.28009908103655,2246.3239009189633,0.0,0.0,213.28009908103655,2556.523900918963,5113.047801837926,213.28009908103655,0.1184889439339092,426.5601981620731,1279.6805944862194,3176.923900918963,6353.847801837926,19061.54340551378,3390.2039999999997,6780.407999999999,20341.224000000002,0.28251699999999996,0.5035114980000001,2.51755749,0.167837166,107.38898218188115,107.38898218188115,0.0,214.7779643637623,214.7779643637623,0.0,426.5601981620731,0.0,426.5601981620731,1279.6805944862194,0.0,5639.999999999999,-0.06653118658249439,176.53247942213136
3,2025,1NB,1,NB,AM-Shoulder,1,OP,AM,3.0,70,12000,1.6,6.5,75,1800,1,4,0.05,0.01,4812.0,0.0,595.0,0.0,0.0,1.0,1.0,1.0,3.66,1.83,0.17391304347826086,0.17391304347826086,30,4.155,0.715,2887.2,0.0,357.0,0.0,0.0,3244.2,3958.2,1.0,1.2,0.2537307692307692,3958.2,0.0,1.0,57.744,2122.0919999999996,0.0,267.75,0.0,0.0,2433.1499999999996,0.174664118,0.8733205900000001,,0.10644248945889047,0.10644248951587042,155.3460446843629,776.7302234218145,69.94349962391713,74.95379593898726,0.7365950169548927,2.401479441368398,2.573505772056752,-0.17202633068835382,0.0028457648606072497,225.88075534079576,2603.5752446592037,0.0,0.0,225.88075534079576,2960.5752446592037,2960.5752446592037,225.88075534079576,0.12548930852266432,225.88075534079576,677.6422660223873,3674.5752446592037,3674.5752446592037,11023.725733977612,3900.455999999999,3900.455999999999,11701.367999999999,0.32503799999999994,0.523992354,2.61996177,0.174664118,118.35978871432164,118.35978871432164,0.0,118.35978871432164,118.35978871432164,0.0,225.88075534079576,0.0,225.88075534079576,677.6422660223873,0.0,3244.2,-0.066845131087804,182.7600525698387
4,2025,1NB,1,NB,MD,5,OP,MD,3.0,70,12000,1.6,6.5,75,1800,1,4,0.05,0.01,5111.0,0.0,632.0,0.0,0.0,1.0,1.0,1.0,3.66,1.83,0.17391304347826086,0.17391304347826086,30,4.136,0.708,3066.6,0.0,379.2,0.0,0.0,3445.7999999999997,4204.2,1.0,1.2,0.26949999999999996,4204.2,0.0,1.0,61.332,2253.951,0.0,284.4,0.0,0.0,2584.35,0.415252552,2.07626276,,0.010001554462908869,0.01000188419650872,361.46682650175626,1807.334132508781,69.88181273530064,74.99964641029513,1.4489960913714341,2.4000113149239004,2.575777487081033,-0.17576617215713242,0.005958014443872184,22.543013683227908,2982.724986316772,0.0,0.0,22.543013683227908,3361.924986316772,16809.62493158386,22.543013683227908,0.012523896490682172,112.71506841613954,338.1452052484186,4120.324986316772,20601.62493158386,61804.87479475158,4142.868,20714.34,62143.02,0.345239,1.2457576559999999,6.22878828,0.415252552,28.08313188519392,28.08313188519392,0.0,140.4156594259696,140.4156594259696,0.0,112.71506841613954,0.0,112.71506841613954,338.1452052484186,0.0,17229.0,-0.06823810404380745,425.25509000206614
5,2025,1NB,1,NB,PM-Shoulder,1,OP,PM,3.0,70,12000,1.6,6.5,75,1800,1,4,0.05,0.01,6757.0,0.0,835.0,0.0,0.0,1.0,1.0,1.0,3.66,1.83,0.17391304347826086,0.17391304347826086,30,4.135,0.592,8108.4,0.0,1002.0,0.0,0.0,9110.4,11114.4,1.0,1.2,0.7124615384615385,11114.4,0.0,1.0,162.168,5959.674,0.0,751.5,0.0,0.0,6832.799999999999,1.419297409,7.096487045,,0.11491658179963099,0.11491659885129588,127.21350976372133,636.0675488186067,42.606796850224185,71.49423290359316,1.9130582148582558,2.5176855907066256,4.22467806328541,-1.7069924725787842,2.2649518038438687,684.865364720134,7261.366635279866,0.0,0.0,684.865364720134,8263.366635279866,8263.366635279866,684.865364720134,0.38048075817785226,684.865364720134,2054.596094160402,10267.366635279866,10267.366635279866,30802.099905839597,10952.232,10952.232,32856.695999999996,0.912686,4.257892226999999,21.289461135,1.419297409,2916.0829129833783,2916.0829129833783,0.0,2916.0829129833783,2916.0829129833783,0.0,684.865364720134,0.0,684.865364720134,2054.596094160402,0.0,9110.4,-0.4040526750223674,149.6629526632016
6,2025,1NB,1,NB,PM-Peak,3,Peak,PM,3.0,70,12000,1.6,6.5,75,1800,1,4,0.05,0.01,6670.0,0.0,824.0,0.0,0.0,1.0,1.0,1.0,3.66,1.83,0.17391304347826086,0.17391304347826086,30,4.135,0.592,8004.0,0.0,988.8,0.0,0.0,8992.8,10970.4,1.0,1.2,0.7032307692307692,10970.4,0.0,1.0,160.08,5882.9400000000005,0.0,741.5999999999999,0.0,0.0,6744.599999999999,1.202351064,6.01175532,,0.1248072763009084,0.12480729528736907,123.53954286140855,617.6977143070428,44.60612268211839,70.69233542109151,2.6712967677170156,2.5462449207229874,4.0353204711997535,-1.489075550476766,2.00553190268652,734.2337180416662,7109.686281958334,0.0,0.0,734.2337180416662,8098.486281958334,24295.458845875,734.2337180416662,0.407907621134259,2202.7011541249985,6608.103462374996,10076.086281958334,30228.258845875003,90684.776537625,10810.32,32430.960000000003,97292.88,0.90086,3.6070531919999995,18.03526596,1.202351064,2648.4200763362196,2648.4200763362196,0.0,7945.260229008659,7945.260229008659,0.0,2202.7011541249985,0.0,2202.7011541249985,6608.103462374996,0.0,26978.399999999998,-0.3690104815972756,145.34063866048066
7,2025,1NB,1,NB,PM-Late,3,OP,PM,3.0,70,12000,1.6,6.5,75,1800,1,4,0.05,0.01,6393.0,0.0,790.0,0.0,0.0,1.0,1.0,1.0,3.66,1.83,0.17391304347826086,0.17391304347826086,30,4.135,0.592,6191.704565799619,0.0,765.1253882342717,0.0,0.0,6956.82995403389,8487.080730502434,1.0,1.2,0.5440436365706688,8487.080730502434,0.0,1.0,123.83409131599238,4550.90285586272,0.0,573.8440411757038,0.0,0.0,5217.622465525417,0.187399184,0.93699592,,0.168872953357533,0.16887302113570857,110.22326210464254,551.1163105232127,64.16889392560331,70.72774427616633,0.707799871172503,2.5449701788475667,2.8050974387791374,-0.2601272599315707,0.3201263482702754,768.5244057127687,5299.3460687708575,0.0,0.0,768.5244057127687,6064.471457005129,18193.414371015388,768.5244057127687,0.4269580031737604,2305.573217138306,6916.719651414918,7594.7222334736725,22784.166700421018,68352.50010126305,8363.246639186442,25089.739917559324,75269.21975267798,0.6969372199322035,0.562197552,2.8109877599999997,0.187399184,432.0625395439734,432.0625395439734,0.0,1296.1876186319203,1296.1876186319203,0.0,2305.573217138306,0.0,2305.573217138306,6916.719651414918,0.0,20870.48986210167,-0.09273376972059334,129.6744260054618
8,2025,1SB,1,SB,Night,8,OP,NT,3.0,70,12000,1.6,5.0,75,1800,1,4,0.05,0.01,1637.0,0.0,202.0,0.0,0.0,1.0,1.0,1.0,3.66,1.83,0.17391304347826086,0.17391304347826086,30,4.103,0.708,1470.0481602450802,0.0,181.39873449572767,0.0,0.0,1651.446894740808,2014.244363732263,1.0,1.2,0.12911822844437584,2014.244363732263,0.0,1.0,29.400963204901604,1080.485397780134,0.0,136.04905087179574,0.0,0.0,1238.585171055606,0.1,0.5,,0.17391264979895366,0.17391293404609223,89.340626254796,446.70313127398,69.99085557473123,74.98407035246952,0.0,2.4005098570122088,2.5717645329797243,-0.17125467596751554,0.00046026732507955425,187.91007859701958,1252.737118443159,0.0,0.0,187.91007859701958,1434.1358529388867,11473.086823511094,187.91007859701958,0.10439448810945533,1503.2806287761566,4509.84188632847,1796.9333219303421,14375.466575442737,43126.39972632821,1984.8434005273616,15878.747204218893,47636.241612656675,0.16540361671061346,0.30000000000000004,1.5,0.1,56.37302357910588,56.37302357910588,0.0,450.98418863284707,450.98418863284707,0.0,1503.2806287761566,0.0,1503.2806287761566,4509.84188632847,0.0,13211.575157926463,-0.06659034051188764,105.1066191232894
9,2025,1SB,1,SB,AM-Early,1,OP,AM,3.0,70,12000,1.6,5.0,75,1800,1,4,0.05,0.01,4573.0,0.0,565.0,0.0,0.0,1.0,1.0,1.0,3.66,1.83,0.17391304347826086,0.17391304347826086,30,4.155,0.715,2743.7999999999997,0.0,339.0,0.0,0.0,3082.7999999999997,3760.7999999999997,1.0,1.2,0.24107692307692305,3760.7999999999997,0.0,1.0,54.876,2016.6929999999998,0.0,254.25,0.0,0.0,2312.1,0.1,0.5,,0.17391302533028552,0.1739130099414215,88.50828215485565,442.5414107742782,69.79306069390516,74.80712899593478,0.0,2.4061877847201125,2.5790529632943713,-0.17286517857425876,0.010445416856145738,350.72918079240947,2338.19481920759,0.0,0.0,350.72918079240947,2677.19481920759,2677.19481920759,350.72918079240947,0.19484954488467193,350.72918079240947,1052.1875423772285,3355.19481920759,3355.19481920759,10065.58445762277,3705.9239999999995,3705.9239999999995,11117.771999999999,0.30882699999999996,0.30000000000000004,1.5,0.1,105.21875423772285,105.21875423772285,0.0,105.21875423772285,105.21875423772285,0.0,350.72918079240947,0.0,350.72918079240947,1052.1875423772285,0.0,3082.7999999999997,-0.06702661055608886,104.1273907704184
10,2025,1SB,1,SB,AM-Peak,2,Peak,AM,3.0,70,12000,1.6,5.0,75,1800,1,4,0.05,0.01,7757.0,0.0,959.0,0.0,0.0,1.0,1.0,1.0,3.66,1.83,0.17391304347826086,0.17391304347826086,30,4.155,0.715,4654.2,0.0,575.4,0.0,0.0,5229.599999999999,6380.4,1.0,1.2,0.409,6380.4,0.0,1.0,93.084,3420.837,0.0,431.54999999999995,0.0,0.0,3922.2,0.5,2.5,,0.03542824638016344,0.035428247015781324,231.9619009421439,1159.8095047107195,65.92736395910767,74.98494098915069,3.019177523034433,2.400481985123434,2.730277523482471,-0.3297955383590372,0.21762306431384262,121.19425606237915,4439.921743937621,0.0,0.0,121.19425606237915,5015.32174393762,10030.64348787524,121.19425606237915,0.0673301422568773,242.3885121247583,727.1655363742749,6166.1217439376205,12332.243487875241,36996.730463625725,6287.316,12574.632,37723.896,0.5239429999999999,1.5,7.5,0.5,181.79138409356872,181.79138409356872,0.0,363.58276818713745,363.58276818713745,0.0,242.3885121247583,0.0,242.3885121247583,727.1655363742749,0.0,10459.199999999999,-0.12079194716381166,272.896354049581
11,2025,1SB,1,SB,AM-Shoulder,1,OP,AM,3.0,70,12000,1.6,5.0,75,1800,1,4,0.05,0.01,7826.0,0.0,967.0,0.0,0.0,1.0,1.0,1.0,3.66,1.83,0.17391304347826086,0.17391304347826086,30,4.155,0.715,4695.599999999999,0.0,580.1999999999999,0.0,0.0,5275.799999999999,6436.199999999999,1.0,1.2,0.412576923076923,6436.199999999999,0.0,1.0,93.91199999999999,3451.2659999999996,0.0,435.15,0.0,0.0,3956.8499999999995,0.5,2.5,,0.037462141310857275,0.03746214465452962,227.77611335333725,1138.8805667666863,65.77929032863766,74.98227137631521,1.9275531019137047,2.400567450092702,2.7364235628068982,-0.33585611271419635,0.22604313818830787,129.29181459335712,4472.396185406642,0.0,0.0,129.29181459335712,5052.596185406642,5052.596185406642,129.29181459335712,0.07182878588519839,129.29181459335712,387.87544378007135,6212.996185406642,6212.996185406642,18638.988556219927,6342.288,6342.288,19026.863999999998,0.528524,1.5,7.5,0.5,193.93772189003568,193.93772189003568,0.0,193.93772189003568,193.93772189003568,0.0,129.29181459335712,0.0,129.29181459335712,387.87544378007135,0.0,5275.799999999999,-0.12273542637152653,267.9718980627497
12,2025,1SB,1,SB,MD,5,OP,MD,3.0,70,12000,1.6,5.0,75,1800,1,4,0.05,0.01,5968.0,0.0,738.0,0.0,0.0,1.0,1.0,1.0,3.66,1.83,0.17391304347826086,0.17391304347826086,30,4.136,0.708,3580.7999999999997,0.0,442.8,0.0,0.0,4023.6,4909.2,1.0,1.2,0.31469230769230766,4909.2,0.0,1.0,71.616,2631.888,0.0,332.1,0.0,0.0,3017.7,0.1,0.5,,0.1739130348532167,0.17391301322603847,83.890690300121,419.45345150060496,69.22199891656894,74.44325052434661,0.3690304696137938,2.417949226184463,2.6003294157533396,-0.1823801895688768,0.03959415672493219,457.71962947376284,3051.464370526237,0.0,0.0,457.71962947376284,3494.264370526237,17471.321852631187,457.71962947376284,0.25428868304097935,2288.5981473688144,6865.794442106443,4379.864370526237,21899.321852631183,65697.96555789355,4837.584,24187.92,72563.76,0.403132,0.30000000000000004,1.5,0.1,137.31588884212889,137.31588884212889,0.0,686.5794442106444,686.5794442106444,0.0,2288.5981473688144,0.0,2288.5981473688144,6865.794442106443,0.0,20118.0,-0.07013734047078014,98.69492976484823
13,2025,1SB,1,SB,PM-Shoulder,1,OP,PM,3.0,70,12000,1.6,5.0,75,1800,1,4,0.05,0.01,4858.0,0.0,600.0,0.0,0.0,1.0,1.0,1.0,3.66,1.83,0.17391304347826086,0.17391304347826086,30,4.135,0.592,2914.7999999999997,0.0,360.0,0.0,0.0,3274.7999999999997,3994.7999999999997,1.0,1.2,0.25607692307692304,3994.7999999999997,0.0,1.0,58.29599999999999,2142.3779999999997,0.0,270.0,0.0,0.0,2456.1,0.1,0.5,,0.17391302256488023,0.17391299700170648,88.0028870974523,440.0144354872615,69.72046019226413,74.75453661429206,0.2998625374000577,2.4078806203928287,2.5817385528383534,-0.17385793244552472,0.014124674531401146,372.58743345650294,2483.916566543497,0.0,0.0,372.58743345650294,2843.916566543497,2843.916566543497,372.58743345650294,0.20699301858694608,372.58743345650294,1117.762300369509,3563.916566543497,3563.916566543497,10691.74969963049,3936.504,3936.504,11809.511999999999,0.328042,0.30000000000000004,1.5,0.1,111.77623003695089,111.77623003695089,0.0,111.77623003695089,111.77623003695089,0.0,372.58743345650294,0.0,372.58743345650294,1117.762300369509,0.0,3274.7999999999997,-0.06734141698987528,103.53280834994388
14,2025,1SB,1,SB,PM-Peak,3,Peak,PM,3.0,70,12000,1.6,5.0,75,1800,1,4,0.05,0.01,6246.0,0.0,772.0,0.0,0.0,1.0,1.0,1.0,3.66,1.83,0.17391304347826086,0.17391304347826086,30,4.135,0.592,3747.6,0.0,463.2,0.0,0.0,4210.8,5137.2,1.0,1.2,0.3293076923076923,5137.2,0.0,1.0,74.952,2754.486,0.0,347.4,0.0,0.0,3158.1000000000004,0.1,0.5,,0.173913035924877,0.17391300962640388,82.18888439784779,410.9444219892389,69.02657695952212,74.33302589693696,0.6030450996939317,2.4215346789402967,2.607691239065119,-0.18615656012482207,0.049679854662069936,479.0410226725707,3193.6069773274294,0.0,0.0,479.0410226725707,3656.806977327429,10970.420931982288,479.0410226725707,0.2661339014847615,1437.123068017712,4311.369204053136,4583.206977327429,13749.620931982286,41248.86279594686,5062.248,15186.743999999999,45560.231999999996,0.42185399999999995,0.30000000000000004,1.5,0.1,143.71230680177123,143.71230680177123,0.0,431.13692040531373,431.13692040531373,0.0,1437.123068017712,0.0,1437.123068017712,4311.369204053136,0.0,12632.400000000001,-0.0713875006887552,96.69280517393857
15,2025,1SB,1,SB,PM-Late,3,OP,PM,3.0,70,12000,1.6,5.0,75,1800,1,4,0.05,0.01,4575.0,0.0,566.0,0.0,0.0,1.0,1.0,1.0,3.66,1.83,0.17391304347826086,0.17391304347826086,30,4.135,0.592,2745.0,0.0,339.59999999999997,0.0,0.0,3084.6,3763.8,1.0,1.2,0.2412692307692308,3763.8,0.0,1.0,54.9,2017.5749999999998,0.0,254.7,0.0,0.0,2313.45,0.1,0.5,,0.17391301897347028,0.17391299558515036,88.49750827540038,442.4875413770019,69.7921980863991,74.80679226038166,0.0,2.4061986159421194,2.5790848394998163,-0.1728862235576969,0.010489087257605665,350.88255925539926,2339.2174407446005,0.0,0.0,350.88255925539926,2678.8174407446004,8036.452322233801,350.88255925539926,0.1949347551418885,1052.6476777661978,3157.9430332985935,3358.0174407446,10074.052322233802,30222.156966701405,3708.8999999999996,11126.699999999999,33380.1,0.309075,0.30000000000000004,1.5,0.1,105.26476777661979,105.26476777661979,0.0,315.79430332985936,315.79430332985936,0.0,1052.6476777661978,0.0,1052.6476777661978,3157.9430332985935,0.0,9253.8,-0.0670339420052681,104.11471561811808
16,2025,2NB,2,NB,Night,8,OP,NT,2.2,70,12000,1.6,6.5,75,1800,1,4,0.05,0.01,3220.0,0.0,398.0,0.0,0.0,1.0,1.0,1.0,3.66,1.83,0.17391304347826086,0.17391304347826086,30,4.103,0.708,2259.5388969691676,0.0,279.2846214266238,0.0,0.0,2538.8235183957913,3097.392761249039,1.0,1.2,0.19855081802878455,3097.392761249039,0.0,1.0,45.19077793938335,1660.7610892723383,0.0,209.46346606996786,0.0,0.0,1904.1176387968435,0.117777617,0.588888085,,0.17391293994421791,0.17391289920936895,106.68392632189394,533.4196316094697,69.99109500448876,74.91117416445373,0.0,1.7620869179038396,1.8859542059105434,-0.12386728800670377,0.00032869066887340374,288.8278435803141,1925.52027544947,0.0,0.0,288.8278435803141,2204.804896876094,17638.439175008752,288.8278435803141,0.1604599131001745,2310.6227486425128,5083.370047013528,2763.3741397293416,22106.993117834732,48635.384859236416,3052.2019833096556,24417.615866477245,53718.754906249946,0.2543501652758046,0.2591107574,1.295553787,0.11777761699999999,74.83840130830392,74.83840130830392,0.0,598.7072104664313,598.7072104664313,0.0,2310.6227486425128,0.0,2310.6227486425128,5083.370047013528,0.0,20310.58814716633,-0.06567884183958769,125.51050155516933
17,2025,2NB,2,NB,AM-Early,1,OP,AM,2.2,70,12000,1.6,6.5,75,1800,1,4,0.05,0.01,3086.0,0.0,381.0,0.0,0.0,1.0,1.0,1.0,3.66,1.83,0.17391304347826086,0.17391304347826086,30,4.155,0.715,2260.239787470923,0.0,279.0509912593719,0.0,0.0,2539.290778730295,3097.392761249039,1.0,1.2,0.19855081802878455,3097.392761249039,0.0,1.0,45.204795749418466,1661.2762437911288,0.0,209.28824344452894,0.0,0.0,1904.4680840477213,0.169543156,0.84771578,,0.11293920065731419,0.11293920065232388,151.54713432906354,757.7356716453178,69.98879140328258,74.97901105698173,0.0,1.7604926784068153,1.886016279941205,-0.12552360153438968,0.00041373209087957783,187.6232110447555,2027.4117806767492,0.0,0.0,187.6232110447555,2306.462771936121,2306.462771936121,187.6232110447555,0.10423511724708638,187.6232110447555,412.77106429846214,2864.564754454865,2864.564754454865,6302.042459800704,3052.1879654996205,3052.1879654996205,6714.813524099166,0.2543489971249684,0.37299494320000004,1.8649747160000003,0.169543156,69.9825089466402,69.9825089466402,0.0,69.9825089466402,69.9825089466402,0.0,187.6232110447555,0.0,187.6232110447555,412.77106429846214,0.0,2539.290778730295,-0.06655488760590274,178.29074626948653
18,2025,2NB,2,NB,AM-Peak,2,Peak,AM,2.2,70,12000,1.6,6.5,75,1800,1,4,0.05,0.01,6362.0,0.0,786.0,0.0,0.0,1.0,1.0,1.0,3.66,1.83,0.17391304347826086,0.17391304347826086,30,4.155,0.715,4342.662561925368,0.0,536.5188264183181,0.0,0.0,4879.181388343686,5952.219041180322,1.0,1.2,0.38155250263976426,5952.219041180322,0.0,1.0,86.85325123850737,3191.8569830151455,0.0,402.3891198137386,0.0,0.0,3659.3860412577646,0.167837166,0.83918583,,0.13357775006231684,0.13357775251208134,140.94790847517206,704.7395423758602,69.28275880998959,74.50761397589059,0.9645300178552638,1.771631018042169,1.905235909586318,-0.133604891544149,0.026744624704684458,426.3610743118578,3829.448236375003,0.0,0.0,426.3610743118578,4365.967062793321,8731.934125586642,426.3610743118578,0.23686726350658768,852.7221486237156,1875.9887269721744,5439.004715629957,10878.009431259914,23931.620748771813,5865.365789941815,11730.73157988363,25807.609475743986,0.48878048249515127,0.36924176520000007,1.8462088260000002,0.167837166,157.43031569147877,157.43031569147877,0.0,314.86063138295754,314.86063138295754,0.0,852.7221486237156,0.0,852.7221486237156,1875.9887269721744,0.0,9758.362776687372,-0.07012511724763706,165.82106879432007
19,2025,2NB,2,NB,AM-Shoulder,1,OP,AM,2.2,70,12000,1.6,6.5,75,1800,1,4,0.05,0.01,7274.0,0.0,899.0,0.0,0.0,1.0,1.0,1.0,3.66,1.83,0.17391304347826086,0.17391304347826086,30,4.155,0.715,5076.077344570906,0.0,627.3568233116915,0.0,0.0,5703.434167882597,6958.14781450598,1.0,1.2,0.4460351163144859,6958.14781450598,0.0,1.0,101.52154689141811,3730.916848259615,0.0,470.5176174837686,0.0,0.0,4277.575625911948,0.174664118,0.8733205900000001,,0.14837668554009845,0.14837666279165568,134.43031137309538,672.151556865477,68.15860901250696,73.70683162419701,0.5975833363738309,1.790878770546231,1.936659241032608,-0.145780470486377,0.06979458878610169,553.581075970472,4420.974721709015,0.0,0.0,553.581075970472,5048.3315450207065,5048.3315450207065,553.581075970472,0.3075450422058178,553.581075970472,1217.8783671350386,6303.04519164409,6303.04519164409,13866.699421616999,6856.626267614562,6856.626267614562,15084.577788752038,0.5713855223012134,0.38426105960000007,1.9213052980000003,0.174664118,212.71965082692174,212.71965082692174,0.0,212.71965082692174,212.71965082692174,0.0,553.581075970472,0.0,553.581075970472,1217.8783671350386,0.0,5703.434167882597,-0.07527419764803242,158.1533074977593
20,2025,2NB,2,NB,MD,5,OP,MD,2.2,70,12000,1.6,6.5,75,1800,1,4,0.05,0.01,7621.0,0.0,942.0,0.0,0.0,1.0,1.0,1.0,3.66,1.83,0.17391304347826086,0.17391304347826086,30,4.136,0.708,6776.985175788123,0.0,837.6748504910657,0.0,0.0,7614.660026279189,9290.00972726132,1.0,1.2,0.5955134440552128,9290.00972726132,0.0,1.0,135.53970351576248,4981.084104204271,0.0,628.2561378682993,0.0,0.0,5710.995019709391,0.415252552,2.07626276,,0.14951006797802285,0.1495100815069113,130.4883699223799,652.4418496118997,59.520678379179415,70.94245040617616,0.7852165671211283,1.8606631043083937,2.2177166590590165,-0.35705355475062284,0.45484325148228105,744.7222230238297,5896.723249248532,0.0,0.0,744.7222230238297,6734.3980997395975,33671.99049869799,744.7222230238297,0.413734568346572,3723.611115119148,8191.944453262126,8409.747800721729,42048.73900360864,92507.22580793903,9154.470023745558,45772.350118727794,100699.17026120116,0.7628725019787965,0.9135556144000001,4.567778072,0.415252552,680.3451680118686,680.3451680118686,0.0,3401.725840059343,3401.725840059343,0.0,3723.611115119148,0.0,3723.611115119148,8191.944453262126,0.0,38073.30013139595,-0.1610005287610193,153.51572932044695
21,2025,2NB,2,NB,PM-Shoulder,1,OP,PM,2.2,70,12000,1.6,6.5,75,1800,1,4,0.05,0.01,8273.0,0.0,1022.0,0.0,0.0,1.0,1.0,1.0,3.66,1.83,0.17391304347826086,0.17391304347826086,30,4.135,0.592,8984.71641866198,0.0,1109.921452903728,0.0,0.0,10094.637871565708,12314.480777373163,1.0,1.2,0.7893897934213566,12314.480777373163,0.0,1.0,179.69432837323959,6603.766567716555,0.0,832.4410896777961,0.0,0.0,7570.978403674281,1.419297409,7.096487045,,0.17391286908825068,0.1739107919035375,106.65568544202692,533.2784272101346,34.9687053112023,57.85092798838824,0.6780415626159624,2.281726578811231,3.774803751676603,-1.4930771728653722,2.5880525683683753,1148.4799905806558,7656.542099708084,0.0,0.0,1148.4799905806558,8766.46355261181,8766.46355261181,1148.4799905806558,0.6380444392114755,1148.4799905806558,2526.655979277443,10986.306458419269,10986.306458419269,24169.874208522393,12134.786448999925,12134.786448999925,26696.530187799835,1.011232204083327,3.1224542998,15.612271499000002,1.419297409,3586.0762848228323,3586.0762848228323,0.0,3586.0762848228323,3586.0762848228323,0.0,1148.4799905806558,0.0,1148.4799905806558,2526.655979277443,0.0,10094.637871565708,-0.3955376944303959,125.47727699061993
22,2025,2NB,2,NB,PM-Peak,3,Peak,PM,2.2,70,12000,1.6,6.5,75,1800,1,4,0.05,0.01,7207.0,0.0,891.0,0.0,0.0,1.0,1.0,1.0,3.66,1.83,0.17391304347826086,0.17391304347826086,30,4.135,0.592,8648.4,0.0,1069.2,0.0,0.0,9717.6,11856.0,1.0,1.2,0.76,11856.0,0.0,1.0,172.968,6356.573999999999,0.0,801.9000000000001,0.0,0.0,7288.200000000001,1.202351064,6.01175532,,0.16901435364517664,0.16901434835756768,110.1866647317215,550.9333236586076,38.93642800773872,60.946864493297156,1.130332246667265,2.1658210163464138,3.390141488422221,-1.2243204720758074,2.0610652677098718,1074.352246007735,7401.079753992265,0.0,0.0,1074.352246007735,8470.279753992265,25410.839261976795,1074.352246007735,0.5968623588931861,3223.056738023205,7090.724823651051,10608.679753992266,31826.0392619768,70017.28637634896,11683.032000000001,35049.096000000005,77108.01120000001,0.9735860000000001,2.6451723408,13.225861704000001,1.202351064,2841.8468454160175,2841.8468454160175,0.0,8525.540536248052,8525.540536248052,0.0,3223.056738023205,0.0,3223.056738023205,7090.724823651051,0.0,29152.800000000003,-0.36114140848015425,129.63137027261357
23,2025,2NB,2,NB,PM-Late,3,OP,PM,2.2,70,12000,1.6,6.5,75,1800,1,4,0.05,0.01,7436.0,0.0,919.0,0.0,0.0,1.0,1.0,1.0,3.66,1.83,0.17391304347826086,0.17391304347826086,30,4.135,0.592,7463.4774716943,0.0,922.3958844119232,0.0,0.0,8385.873356106224,10230.66512493007,1.0,1.2,0.6558118669826968,10230.66512493007,0.0,1.0,149.269549433886,5485.6559416953105,0.0,691.7969133089424,0.0,0.0,6289.405017079667,0.187399184,0.93699592,,0.17391301138221368,0.17391299752170788,47.412410816340774,237.06205408170385,53.835861366227,65.72321051142828,0.5635896120694694,2.008422883983234,2.451897241915552,-0.4434743579323177,0.7756706499957349,954.0269442269647,6360.18097803345,0.0,0.0,954.0269442269647,7282.576862445373,21847.73058733612,954.0269442269647,0.5300149690149804,2862.080832680894,6296.577831897967,9127.368631269219,27382.105893807657,60240.63296637685,10081.395575496184,30244.18672648855,66537.21079827481,0.8401162979580153,0.41227820480000005,2.061391024,0.187399184,393.3245158967228,393.3245158967228,0.0,1179.9735476901683,1179.9735476901683,0.0,2862.080832680894,0.0,2862.080832680894,6296.577831897967,0.0,25157.62006831867,-0.180869879190309,55.779306842753854
24,2025,2SB,2,SB,Night,8,OP,NT,2.2,70,12000,1.6,5.0,75,1800,1,4,0.05,0.01,2585.0,0.0,319.0,0.0,0.0,1.0,1.0,1.0,3.66,1.83,0.17391304347826086,0.17391304347826086,30,4.103,0.708,1551.0,0.0,191.4,0.0,0.0,1742.4,2125.2,1.0,1.2,0.1362307692307692,2125.2,0.0,1.0,31.02,1139.9850000000001,0.0,143.55,0.0,0.0,1306.8000000000002,0.147646003,0.738230015,,0.13627078366381062,0.13627078364285738,131.60929837701795,658.0464918850897,69.98665254541676,74.99138224532659,0.0,1.7602022532159174,1.886073918370944,-0.12587166515502668,0.0004926967396221885,155.34664931498918,1364.6333506850108,0.0,0.0,155.34664931498918,1556.0333506850109,12448.266805480087,155.34664931498918,0.08630369406388287,1242.7731945199134,2734.1010279438096,1938.8333506850108,15510.666805480087,34123.466972056194,2094.18,16753.44,36857.56800000001,0.17451499999999998,0.3248212066,1.6241060330000001,0.147646003,50.45988607176185,50.45988607176185,0.0,403.6790885740948,403.6790885740948,0.0,1242.7731945199134,0.0,1242.7731945199134,2734.1010279438096,0.0,13939.2,-0.06673739768574162,154.83446867884464
25,2025,2SB,2,SB,AM-Early,1,OP,AM,2.2,70,12000,1.6,5.0,75,1800,1,4,0.05,0.01,6971.0,0.0,862.0,0.0,0.0,1.0,1.0,1.0,3.66,1.83,0.17391304347826086,0.17391304347826086,30,4.155,0.715,6013.797878374802,0.0,743.637035024972,0.0,0.0,6757.434913399774,8244.708983449718,1.0,1.2,0.5285069861185717,8244.708983449718,0.0,1.0,120.27595756749605,4420.141440605479,0.0,557.727776268729,0.0,0.0,5068.07618504983,0.795369856,3.9768492799999997,,0.07366356285228999,0.07366356939661592,179.65920145155002,898.2960072577501,58.320692333630724,74.71867490221311,1.4509958576177786,1.7666266187503048,2.2633476167408593,-0.49672099799055447,0.5173576635064062,325.60336682605333,5567.918553981252,0.0,0.0,325.60336682605333,6311.555589006224,6311.555589006224,325.60336682605333,0.1808907593478074,325.60336682605333,716.3274070173173,7798.829659056169,7798.829659056169,17157.425249923574,8124.433025882222,8124.433025882222,17873.75265694089,0.6770360854901851,1.7498136832000002,8.749068416,0.7953698560000001,569.7452265682172,569.7452265682172,0.0,569.7452265682172,569.7452265682172,0.0,325.60336682605333,0.0,325.60336682605333,716.3274070173173,0.0,6757.434913399774,-0.21946297348076615,211.36376641358825
26,2025,2SB,2,SB,AM-Peak,2,Peak,AM,2.2,70,12000,1.6,5.0,75,1800,1,4,0.05,0.01,9309.0,0.0,1150.0,0.0,0.0,1.0,1.0,1.0,3.66,1.83,0.17391304347826086,0.17391304347826086,30,4.155,0.715,7630.987335410945,0.0,942.7044189196032,0.0,0.0,8573.691754330548,10459.100592169754,1.0,1.2,0.6704551661647279,10459.100592169754,0.0,1.0,152.6197467082189,5608.775691527044,0.0,707.0283141897024,0.0,0.0,6430.2688157479115,1.233788573,6.168942865,,0.14217608481389407,0.14217609741652373,137.06762225213123,685.3381112606562,45.41488454603055,69.59864132045551,1.525322664657884,1.8965887479358639,2.906536068944765,-1.0099473210089012,1.3985258430257572,797.4337684206564,6680.933820282069,0.0,0.0,797.4337684206564,7623.638239201672,15247.276478403344,797.4337684206564,0.443018760233698,1594.8675368413128,3508.7085810508884,9509.04707704088,19018.09415408176,41839.80713897987,10306.480845461536,20612.96169092307,45348.51572003076,0.8588734037884613,2.7143348606,13.571674303000002,1.233788573,2164.502276643815,2164.502276643815,0.0,4329.00455328763,4329.00455328763,0.0,1594.8675368413128,0.0,1594.8675368413128,3508.7085810508884,0.0,17147.383508661096,-0.347474552887819,161.25602617897795
27,2025,2SB,2,SB,AM-Shoulder,1,OP,AM,2.2,70,12000,1.6,5.0,75,1800,1,4,0.05,0.01,8274.0,0.0,1023.0,0.0,0.0,1.0,1.0,1.0,3.66,1.83,0.17391304347826086,0.17391304347826086,30,4.155,0.715,7277.959165559638,0.0,899.8491934212605,0.0,0.0,8177.808358980898,9977.506745823419,1.0,1.2,0.6395837657579114,9977.506745823419,0.0,1.0,145.55918331119275,5349.299986686334,0.0,674.8868950659453,0.0,0.0,6133.356269235674,0.683611767,3.418058835,,0.17391299787306988,0.17391264040067614,120.59223265411973,602.9611632705987,50.368864663694765,66.51118526664584,0.5499161296919214,1.984628592481205,2.6206665741096984,-0.6360379816284933,1.0068846351017158,930.3127972069931,6202.087185041451,0.0,0.0,930.3127972069931,7101.936378462712,7101.936378462712,930.3127972069931,0.516840442892774,930.3127972069931,2046.688153855385,8901.634765305233,8901.634765305233,19583.596483671514,9831.947562512225,9831.947562512225,21630.2846375269,0.8193289635426854,1.5039458874000002,7.5197294370000005,0.683611767,1399.1401053550476,1399.1401053550476,0.0,1399.1401053550476,1399.1401053550476,0.0,930.3127972069931,0.0,930.3127972069931,2046.688153855385,0.0,8177.808358980898,-0.24270084104253906,141.8732148871997
28,2025,2SB,2,SB,MD,5,OP,MD,2.2,70,12000,1.6,5.0,75,1800,1,4,0.05,0.01,7694.0,0.0,951.0,0.0,0.0,1.0,1.0,1.0,3.66,1.83,0.17391304347826086,0.17391304347826086,30,4.136,0.708,6407.0337610024735,0.0,791.9273598535681,0.0,0.0,7198.961120856042,8782.815840563177,1.0,1.2,0.5630010154207165,8782.815840563177,0.0,1.0,128.14067522004947,4709.1698143368185,0.0,593.945519890176,0.0,0.0,5399.220840642031,0.188471815,0.9423590749999999,,0.17391303750500434,0.17391302512640475,55.76338354361872,278.81691771809363,58.044113391614935,69.66017684127614,0.48389786200898677,1.8949133634955875,2.274132419069196,-0.3792190555736086,0.5321328426962274,818.9860265381934,5459.907059244231,0.0,0.0,818.9860265381934,6251.8344190978,31259.172095488997,818.9860265381934,0.454992236965663,4094.930132690967,9008.846291920128,7835.689138804935,39178.445694024675,86192.58052685429,8654.67516534313,43273.375826715645,95201.42681877442,0.7212229304452608,0.414637993,2.073189965,0.188471815,339.5827223388412,339.5827223388412,0.0,1697.913611694206,1697.913611694206,0.0,4094.930132690967,0.0,4094.930132690967,9008.846291920128,0.0,35994.805604280205,-0.16675328683314897,65.60398063955145
29,2025,2SB,2,SB,PM-Shoulder,1,OP,PM,2.2,70,12000,1.6,5.0,75,1800,1,4,0.05,0.01,5126.0,0.0,634.0,0.0,0.0,1.0,1.0,1.0,3.66,1.83,0.17391304347826086,0.17391304347826086,30,4.135,0.592,5242.508701253914,0.0,648.4101671078778,0.0,0.0,5890.918868361792,7187.739202577548,1.0,1.2,0.46075251298574027,7187.739202577548,0.0,1.0,104.85017402507829,3853.243895421627,0.0,486.3076253309083,0.0,0.0,4418.189151271345,0.186849115,0.934245575,,0.17391302703187017,0.17391290193784079,100.86727409234584,504.3363704617292,65.07854625273998,72.50850648458024,0.39631680030306493,1.8204760572205594,2.0283182031658007,-0.2078421459452413,0.19536736690857523,670.12930974485,4467.529217483986,0.0,0.0,670.12930974485,5115.939384591864,5115.939384591864,670.12930974485,0.37229406096936113,670.12930974485,1474.2844814386701,6412.75971880762,6412.75971880762,14108.071381376765,7082.889028552469,7082.889028552469,15582.355862815435,0.5902407523793725,0.41106805300000004,2.0553402650000003,0.186849115,275.4687506150495,275.4687506150495,0.0,275.4687506150495,275.4687506150495,0.0,670.12930974485,0.0,670.12930974485,1474.2844814386701,0.0,5890.918868361792,-0.10247018718307666,118.66738128511275
30,2025,2SB,2,SB,PM-Peak,3,Peak,PM,2.2,70,12000,1.6,5.0,75,1800,1,4,0.05,0.01,7001.0,0.0,865.0,0.0,0.0,1.0,1.0,1.0,3.66,1.83,0.17391304347826086,0.17391304347826086,30,4.135,0.592,4200.599999999999,0.0,519.0,0.0,0.0,4719.599999999999,5757.599999999999,1.0,1.2,0.369076923076923,5757.599999999999,0.0,1.0,84.01199999999999,3087.441,0.0,389.25,0.0,0.0,3539.7,0.212310187,1.061550935,,0.10162704786233231,0.10162704969021584,132.7174358277418,663.5871791387091,67.91221668198034,74.82155418909868,1.2796524845469561,1.764197515416381,1.9436856349149998,-0.17948811949861887,0.07942074840497837,313.7675142791271,3802.820485720872,0.0,0.0,313.7675142791271,4321.820485720872,12965.461457162615,313.7675142791271,0.17431528571062618,941.3025428373813,2070.8655942422392,5359.820485720872,16079.461457162615,35374.81520575775,5673.587999999999,17020.763999999996,37445.680799999995,0.4727989999999999,0.46708241140000006,2.3354120570000005,0.212310187,146.55528718847864,146.55528718847864,0.0,439.66586156543593,439.66586156543593,0.0,941.3025428373813,0.0,941.3025428373813,2070.8655942422392,0.0,14158.8,-0.09234421260023777,156.13815979734332
31,2025,2SB,2,SB,PM-Late,3,OP,PM,2.2,70,12000,1.6,5.0,75,1800,1,4,0.05,0.01,6368.0,0.0,787.0,0.0,0.0,1.0,1.0,1.0,3.66,1.83,0.17391304347826086,0.17391304347826086,30,4.135,0.592,3820.7999999999997,0.0,472.2,0.0,0.0,4293.0,5237.4,1.0,1.2,0.3357307692307692,5237.4,0.0,1.0,76.416,2808.2879999999996,0.0,354.15,0.0,0.0,3219.75,0.163716463,0.818582315,,0.13255201979808615,0.13255202295599752,120.87170774152614,604.3585387076307,68.79427083499455,74.7116177785739,0.5497323165919455,1.7667934910901568,1.9187644319482153,-0.1519709408580585,0.04527870034048367,372.2442465747277,3372.139753425272,0.0,0.0,372.2442465747277,3844.3397534252717,11533.019260275814,372.2442465747277,0.20680235920818205,1116.7327397241831,2456.812027393203,4788.739753425272,14366.219260275817,31605.6823726068,5160.984,15482.952,34062.4944,0.430082,0.36017621860000004,1.800881093,0.163716463,134.07352512689144,134.07352512689144,0.0,402.2205753806743,402.2205753806743,0.0,1116.7327397241831,0.0,1116.7327397241831,2456.812027393203,0.0,12879.0,-0.0792025004881683,142.2020091076778
32,2025,3NB,3,NB,Night,8,OP,NT,3.4,70,12000,1.6,6.5,75,1800,1,4,0.05,0.01,3349.0,0.0,414.0,0.0,0.0,1.0,1.0,1.0,3.66,1.83,0.17391304347826086,0.17391304347826086,30,4.103,0.708,2259.457276720329,0.0,279.3118281762366,0.0,0.0,2538.7691048965658,3097.392761249039,1.0,1.2,0.19855081802878455,3097.392761249039,0.0,1.0,45.18914553440658,1660.7010983894418,0.0,209.48387113217746,0.0,0.0,1904.0768286724242,0.117777617,0.588888085,,0.17391293994380574,0.17391289922144854,106.68366163878824,533.4183081939411,69.99109478949346,74.91118698301528,0.0,2.723224770770929,2.9146565089966696,-0.19143173822574067,0.0005079887540090208,288.81741038881523,1925.4507207971071,0.0,0.0,288.81741038881523,2204.7625489733437,17638.10039178675,288.81741038881523,0.16045411688267514,2310.539283110522,7855.8335625757745,2763.386205325817,22107.089642606537,75164.10478486223,3052.203615714632,24417.628925717057,83019.938347438,0.25435030130955266,0.4004438978,2.002219489,0.117777617,115.65516956859939,115.65516956859939,0.0,925.2413565487951,925.2413565487951,0.0,2310.539283110522,0.0,2310.539283110522,7855.8335625757745,0.0,20310.152839172526,-0.06567900458762409,125.51019016328027
33,2025,3NB,3,NB,AM-Early,1,OP,AM,3.4,70,12000,1.6,6.5,75,1800,1,4,0.05,0.01,3209.0,0.0,397.0,0.0,0.0,1.0,1.0,1.0,3.66,1.83,0.17391304347826086,0.17391304347826086,30,4.155,0.715,2258.9848570109466,0.0,279.46930141269735,0.0,0.0,2538.454158423644,3097.392761249039,1.0,1.2,0.19855081802878455,3097.392761249039,0.0,1.0,45.179697140218934,1660.3538699030455,0.0,209.601976059523,0.0,0.0,1903.840618817733,0.169543156,0.84771578,,0.11294160704294848,0.11294160703795093,151.5457735802021,757.7288679010106,69.9887888951854,74.97905618113451,0.0,2.7207597746652947,2.914752537088599,-0.1939927624233042,0.0006395472399523838,187.52303432682857,2026.2821255438992,0.0,0.0,187.52303432682857,2305.7514269565963,2305.7514269565963,187.52303432682857,0.10417946351490476,187.52303432682857,637.5783167112171,2864.690029781991,2864.690029781991,9739.946101258769,3052.2130641088197,3052.2130641088197,10377.524417969986,0.25435108867573497,0.5764467303999999,2.882233652,0.169543156,108.09704001238728,108.09704001238728,0.0,108.09704001238728,108.09704001238728,0.0,187.52303432682857,0.0,187.52303432682857,637.5783167112171,0.0,2538.454158423644,-0.06655548282567889,178.2891453884731
34,2025,3NB,3,NB,AM-Peak,2,Peak,AM,3.4,70,12000,1.6,6.5,75,1800,1,4,0.05,0.01,6617.0,0.0,818.0,0.0,0.0,1.0,1.0,1.0,3.66,1.83,0.17391304347826086,0.17391304347826086,30,4.155,0.715,3970.2,0.0,490.79999999999995,0.0,0.0,4461.0,5442.599999999999,1.0,1.2,0.34888461538461535,5442.599999999999,0.0,1.0,79.404,2918.0969999999998,0.0,368.09999999999997,0.0,0.0,3345.75,0.167837166,0.83918583,,0.12602884561295083,0.126028847633963,144.59496043113322,722.9748021556661,69.58580448352511,74.71541983343486,1.4830466812225491,2.7303600843678963,2.9316324143137313,-0.201272329945835,0.023764979038383746,367.76439629661496,3523.031603703385,0.0,0.0,367.76439629661496,4013.8316037033846,8027.663207406769,367.76439629661496,0.20431355349811942,735.5287925932299,2500.7978948169816,4995.431603703385,9990.86320740677,33968.934905183014,5363.196,10726.392,36469.7328,0.44693299999999997,0.5706463644,2.853231822,0.167837166,209.86341570242416,209.86341570242416,0.0,419.7268314048483,419.7268314048483,0.0,735.5287925932299,0.0,735.5287925932299,2500.7978948169816,0.0,8922.0,-0.06865537744879623,170.1117181542744
35,2025,3NB,3,NB,AM-Shoulder,1,OP,AM,3.4,70,12000,1.6,6.5,75,1800,1,4,0.05,0.01,7565.0,0.0,935.0,0.0,0.0,1.0,1.0,1.0,3.66,1.83,0.17391304347826086,0.17391304347826086,30,4.155,0.715,4539.0,0.0,561.0,0.0,0.0,5100.0,6222.0,1.0,1.2,0.39884615384615385,6222.0,0.0,1.0,90.78,3336.165,0.0,420.75,0.0,0.0,3825.0,0.174664118,0.8733205900000001,,0.13228495302711304,0.1322849592150588,141.5556840484639,707.7784202423196,69.04188987784894,74.43159900678717,1.0124350910805495,2.7407714293682974,2.954727924755871,-0.21395649538757366,0.05540582834411483,441.3244303156986,4006.895569684301,0.0,0.0,441.3244303156986,4567.8955696843,4567.8955696843,441.3244303156986,0.245180239064277,441.3244303156986,1500.5030630733752,5689.8955696843,5689.8955696843,19345.64493692662,6131.219999999999,6131.219999999999,20846.147999999994,0.5109349999999999,0.5938580012,2.969290006,0.174664118,262.08404406800946,262.08404406800946,0.0,262.08404406800946,262.08404406800946,0.0,441.3244303156986,0.0,441.3244303156986,1500.5030630733752,0.0,5100.0,-0.07241157251568313,166.53609888054578
36,2025,3NB,3,NB,MD,5,OP,MD,3.4,70,12000,1.6,6.5,75,1800,1,4,0.05,0.01,7925.0,0.0,980.0,0.0,0.0,1.0,1.0,1.0,3.66,1.83,0.17391304347826086,0.17391304347826086,30,4.136,0.708,6421.98024983041,0.0,794.1376207992179,0.0,0.0,7216.117870629628,8804.393112228063,1.0,1.2,0.5643841738607732,8804.393112228063,0.0,1.0,128.4396049966082,4720.155483625351,0.0,595.6032155994134,0.0,0.0,5412.088402972221,0.415252552,2.07626276,,0.12743140855139068,0.12743142412009187,140.06981104607283,700.3490552303642,61.6757769440272,73.02520904718834,1.5126188696670604,2.7935558509415115,3.3076194595025,-0.5140636085609884,0.5388672309469963,601.4960618599491,5692.044582973853,0.0,0.0,601.4960618599491,6486.182203773071,32430.911018865354,601.4960618599491,0.33416447881108285,3007.4803092997454,10225.433051619135,8074.457445371507,40372.28722685753,137265.7765713156,8675.953507231456,43379.76753615728,147491.20962293472,0.7229961256026213,1.4118586767999999,7.059293384,0.415252552,849.2274339979987,849.2274339979987,0.0,4246.137169989994,4246.137169989994,0.0,3007.4803092997454,0.0,3007.4803092997454,10225.433051619135,0.0,36080.58935314814,-0.15541800223847663,164.7880129953798
37,2025,3NB,3,NB,PM-Shoulder,1,OP,PM,3.4,70,12000,1.6,6.5,75,1800,1,4,0.05,0.01,8604.0,0.0,1063.0,0.0,0.0,1.0,1.0,1.0,3.66,1.83,0.17391304347826086,0.17391304347826086,30,4.135,0.592,8341.204328434646,0.0,1030.532333929106,0.0,0.0,9371.736662363752,11432.801330221962,1.0,1.2,0.7328718801424335,11432.801330221962,0.0,1.0,166.8240865686929,6130.785181399464,0.0,772.8992504468295,0.0,0.0,7028.802496772814,1.419297409,7.096487045,,0.13395781832287482,0.1339578381414026,120.40513575498603,602.0256787749303,40.71070950843658,68.7567258780339,1.8243327544260424,2.966982464550032,5.010966462221067,-2.0439839976710346,2.8724526246714337,821.2666075064825,7353.11363435947,0.0,0.0,821.2666075064825,8383.645968288576,8383.645968288576,821.2666075064825,0.4562592263924903,821.2666075064825,2792.3064655220405,10444.710636146789,10444.710636146789,35512.01616289908,11265.977243653271,11265.977243653271,38304.32262842113,0.9388314369711059,4.825611190599999,24.128055953,1.419297409,3963.1133316493792,3963.1133316493792,0.0,3963.1133316493792,3963.1133316493792,0.0,821.2666075064825,0.0,821.2666075064825,2792.3064655220405,0.0,9371.736662363752,-0.4079021508288157,141.6531008882189
38,2025,3NB,3,NB,PM-Peak,3,Peak,PM,3.4,70,12000,1.6,6.5,75,1800,1,4,0.05,0.01,7495.0,0.0,926.0,0.0,0.0,1.0,1.0,1.0,3.66,1.83,0.17391304347826086,0.17391304347826086,30,4.135,0.592,8650.057730999113,0.0,1068.7062653642665,0.0,0.0,9718.76399636338,11856.176527091913,1.0,1.2,0.7600113158392252,11856.176527091913,0.0,1.0,173.00115461998226,6357.792432284348,0.0,801.5296990231999,0.0,0.0,7289.072997272535,1.202351064,6.01175532,,0.16899438142374615,0.16899437643405144,110.19183256769021,550.959162838451,38.935411594523934,60.94275856869311,1.746416824707453,3.347403445317567,5.239446345770531,-1.8920429004529642,3.1854700651342,1074.431199314468,7402.625377064664,0.0,0.0,1074.431199314468,8471.33164242893,25413.99492728679,1074.431199314468,0.5969062218413711,3223.2935979434037,10959.198233007572,10608.744173157464,31826.23251947239,108209.19056620612,11683.175372471931,35049.52611741579,119168.38879921369,0.9735979477059943,4.0879936176,20.439968087999997,1.202351064,4392.267885347857,4392.267885347857,0.0,13176.803656043572,13176.803656043572,0.0,3223.2935979434037,0.0,3223.2935979434037,10959.198233007572,0.0,29156.29198909014,-0.3611150445276129,129.63745007963556
39,2025,3NB,3,NB,PM-Late,3,OP,PM,3.4,70,12000,1.6,6.5,75,1800,1,4,0.05,0.01,7734.0,0.0,956.0,0.0,0.0,1.0,1.0,1.0,3.66,1.83,0.17391304347826086,0.17391304347826086,30,4.135,0.592,6774.237453435951,0.0,837.3637193541206,0.0,0.0,7611.601172790071,9286.328611498313,1.0,1.2,0.5952774750960457,9286.328611498313,0.0,1.0,135.48474906871903,4979.064528275424,0.0,628.0227895155904,0.0,0.0,5708.700879592554,0.187399184,0.93699592,,0.17391304202994526,0.17391301089137923,81.2403507697757,406.2017538488785,60.34509481113555,68.4432782094848,0.7907694168881967,2.980570266894812,3.3805564584572605,-0.3999861915624483,0.6387909195150187,865.9242585757734,5772.828445791458,0.0,0.0,865.9242585757734,6610.192165145579,19830.576495436737,865.9242585757734,0.4810690325420963,2597.77277572732,8832.427437472888,8284.91960385382,24854.758811561456,84506.17995930895,9150.843862429592,27452.531587288777,93338.60739678184,0.7625703218691327,0.6371572256,3.1857861279999997,0.187399184,551.7298981738768,551.7298981738768,0.0,1655.1896945216304,1655.1896945216304,0.0,2597.77277572732,0.0,2597.77277572732,8832.427437472888,0.0,22834.803518370216,-0.1183196306518675,95.57688325855965
40,2025,3SB,3,SB,Night,8,OP,NT,3.4,70,12000,1.6,5.0,75,1800,1,4,0.05,0.01,2688.0,0.0,332.0,0.0,0.0,1.0,1.0,1.0,3.66,1.83,0.17391304347826086,0.17391304347826086,30,4.103,0.708,1612.8,0.0,199.2,0.0,0.0,1812.0,2210.3999999999996,1.0,1.2,0.14169230769230767,2210.3999999999996,0.0,1.0,32.256,1185.408,0.0,149.39999999999998,0.0,0.0,1359.0,0.147646003,0.738230015,,0.13637668426828609,0.13637668424360042,131.5641601981181,657.8208009905903,69.98375786514889,74.98989851202391,0.0,2.72036639664595,2.914962074387115,-0.19459567774116504,0.0009266133389195026,161.66201254510045,1418.8819874548994,0.0,0.0,161.66201254510045,1618.0819874548995,12944.655899639196,161.66201254510045,0.08981222919172248,1293.2961003608036,4397.206741226732,2016.4819874548994,16131.855899639195,54848.31005877326,2178.144,17425.152,59245.5168,0.18151199999999998,0.5019964102,2.5099820509999997,0.147646003,81.15374996334779,81.15374996334779,0.0,649.2299997067823,649.2299997067823,0.0,1293.2961003608036,0.0,1293.2961003608036,4397.206741226732,0.0,14496.0,-0.06675753329726587,154.78136493896244
41,2025,3SB,3,SB,AM-Early,1,OP,AM,3.4,70,12000,1.6,5.0,75,1800,1,4,0.05,0.01,7250.0,0.0,896.0,0.0,0.0,1.0,1.0,1.0,3.66,1.83,0.17391304347826086,0.17391304347826086,30,4.155,0.715,6732.042089488811,0.0,831.9875465078586,0.0,0.0,7564.02963599667,9228.004729012388,1.0,1.2,0.5915387646802812,9228.004729012388,0.0,1.0,134.64084178977623,4948.050935774276,0.0,623.990659880894,0.0,0.0,5673.022226997502,0.795369856,3.9768492799999997,,0.130768848904055,0.13076886185899833,142.27705637706444,711.385281885322,53.88131070827168,72.4240642661765,1.5275861619722906,2.8167433306455867,3.786099434449775,-0.9693561038041882,1.1943847966247636,647.0509251898342,5950.350322509201,0.0,0.0,647.0509251898342,6782.337869017059,6782.337869017059,647.0509251898342,0.35947273621657455,647.0509251898342,2199.973145645436,8446.312962032776,8446.312962032776,28717.46407091144,9093.363887222611,9093.363887222611,30917.437216556875,0.7577803239352175,2.7042575103999997,13.521287551999999,0.7953698560000001,1749.7923240558775,1749.7923240558775,0.0,1749.7923240558775,1749.7923240558775,0.0,647.0509251898342,0.0,647.0509251898342,2199.973145645436,0.0,7564.02963599667,-0.25603028145114276,167.38477220831106
42,2025,3SB,3,SB,AM-Peak,2,Peak,AM,3.4,70,12000,1.6,5.0,75,1800,1,4,0.05,0.01,9681.0,0.0,1197.0,0.0,0.0,1.0,1.0,1.0,3.66,1.83,0.17391304347826086,0.17391304347826086,30,4.155,0.715,8190.1868182379985,0.0,1012.6695198255226,0.0,0.0,9202.85633806352,11228.195377714566,1.0,1.2,0.719756113956062,11228.195377714566,0.0,1.0,163.80373636475997,6019.787311404929,0.0,759.502139869142,0.0,0.0,6902.14225354764,1.233788573,6.168942865,,0.17265298643406748,0.1726527826047711,125.18208821055707,625.9104410527854,41.03019599126175,62.52057180318202,1.535624991774244,3.2629260116526524,4.97194797810486,-1.709021966452208,2.8189973014322307,1039.3342570119667,6987.048824861272,0.0,0.0,1039.3342570119667,7999.718344686795,15999.43668937359,1039.3342570119667,0.5774079205622037,2078.6685140239333,7067.472947681373,10025.05738433784,20050.11476867568,68170.39021349732,11064.391641349808,22128.783282699616,75237.86316117868,0.9220326367791507,4.1948811481999995,20.974405740999998,1.233788573,4359.883681417952,4359.883681417952,0.0,8719.767362835904,8719.767362835904,0.0,2078.6685140239333,0.0,2078.6685140239333,7067.472947681373,0.0,18405.71267612704,-0.34373287371032185,147.27304495359655
43,2025,3SB,3,SB,AM-Shoulder,1,OP,AM,3.4,70,12000,1.6,5.0,75,1800,1,4,0.05,0.01,8605.0,0.0,1064.0,0.0,0.0,1.0,1.0,1.0,3.66,1.83,0.17391304347826086,0.17391304347826086,30,4.155,0.715,7785.225297680508,0.0,962.6356440130228,0.0,0.0,8747.86094169353,10673.132229719577,1.0,1.2,0.6841751429307421,10673.132229719577,0.0,1.0,155.70450595361018,5722.140593795173,0.0,721.976733009767,0.0,0.0,6560.895706270148,0.683611767,3.418058835,,0.17391293077291206,0.1739127148260091,89.07650483811436,445.38252419057176,45.28018945826459,64.26138754009622,0.9091991420044184,3.174534628165524,4.505281502588009,-1.3307468744224846,2.1796642299741444,995.1542409615698,6634.366550765329,0.0,0.0,995.1542409615698,7597.002194778352,7597.002194778352,995.1542409615698,0.5528634672008721,995.1542409615698,3383.524419269337,9522.273482804398,9522.273482804398,32375.72984153495,10517.427723765968,10517.427723765968,35759.254260804286,0.8764523103138306,2.3242800078,11.621400039,0.683611767,2313.017106944361,2313.017106944361,0.0,2313.017106944361,2313.017106944361,0.0,995.1542409615698,0.0,995.1542409615698,3383.524419269337,0.0,8747.86094169353,-0.2953748558570762,104.79588804484042
44,2025,3SB,3,SB,MD,5,OP,MD,3.4,70,12000,1.6,5.0,75,1800,1,4,0.05,0.01,8002.0,0.0,989.0,0.0,0.0,1.0,1.0,1.0,3.66,1.83,0.17391304347826086,0.17391304347826086,30,4.136,0.708,6014.866928953372,0.0,743.4020735734672,0.0,0.0,6758.269002526839,8245.073149673774,1.0,1.2,0.5285303301072932,8245.073149673774,0.0,1.0,120.29733857906744,4420.927192780729,0.0,557.5515551801004,0.0,0.0,5068.70175189513,0.188471815,0.9423590749999999,,0.1739130327380824,0.1739130214629848,69.5323188342451,347.6615941712255,60.859839127231055,70.78534840632832,0.7019964886459993,2.8819523332566104,3.3519641675937732,-0.47001183433716287,0.5996194810320408,768.8568556107535,5125.7127347635505,0.0,0.0,768.8568556107535,5869.114808337018,29345.57404168509,768.8568556107535,0.4271426975615297,3844.2842780537676,13070.56654538281,7355.918955483952,36779.59477741976,125050.62224322719,8124.775811094706,40623.87905547353,138121.18878861,0.6770646509245588,0.640804171,3.2040208549999996,0.188471815,492.6866799773156,492.6866799773156,0.0,2463.4333998865777,2463.4333998865777,0.0,3844.2842780537676,0.0,3844.2842780537676,13070.56654538281,0.0,33791.3450126342,-0.14021982659634563,81.80272804028836
45,2025,3SB,3,SB,PM-Shoulder,1,OP,PM,3.4,70,12000,1.6,5.0,75,1800,1,4,0.05,0.01,5331.0,0.0,659.0,0.0,0.0,1.0,1.0,1.0,3.66,1.83,0.17391304347826086,0.17391304347826086,30,4.135,0.592,5610.539192624803,0.0,693.5556795985266,0.0,0.0,6304.09487222333,7691.206231420383,1.0,1.2,0.49302604047566556,7691.206231420383,0.0,1.0,112.21078385249606,4123.74630657923,0.0,520.1667596988949,0.0,0.0,4728.071154167497,0.186849115,0.934245575,,0.17391303604411712,0.17391299760290244,85.07633665806964,425.38168329034824,63.28655835094954,71.76520636791919,0.6549787949502547,2.8426031265645886,3.2234333058330895,-0.38083017926850093,0.42353220041990397,717.1732400529085,4781.155168719399,0.0,0.0,717.1732400529085,5474.710848317925,5474.710848317925,717.1732400529085,0.39842957780717136,717.1732400529085,2438.3890161798886,6861.822207514979,6861.822207514979,23330.195505550928,7578.995447567887,7578.995447567887,25768.584521730816,0.6315829539639906,0.635286991,3.176434955,0.186849115,455.6108296989329,455.6108296989329,0.0,455.6108296989329,455.6108296989329,0.0,717.1732400529085,0.0,717.1732400529085,2438.3890161798886,0.0,6304.09487222333,-0.11814427138273803,100.08980783302312
46,2025,3SB,3,SB,PM-Peak,3,Peak,PM,3.4,70,12000,1.6,5.0,75,1800,1,4,0.05,0.01,7281.0,0.0,900.0,0.0,0.0,1.0,1.0,1.0,3.66,1.83,0.17391304347826086,0.17391304347826086,30,4.135,0.592,5314.091922287379,0.0,656.8716838426922,0.0,0.0,5970.963606130072,7284.706973815455,1.0,1.2,0.46696839575740096,7284.706973815455,0.0,1.0,106.28183844574758,3905.857562881223,0.0,492.6537628820191,0.0,0.0,4478.222704597554,0.212310187,1.061550935,,0.17195324808790322,0.17195313134347898,109.43306337823998,547.1653168912,64.73529042652056,72.47192531207234,1.0108180116824719,2.814883130557838,3.151295045652964,-0.3364119150951259,0.3247027839731324,671.624894506128,4536.185189335503,0.0,0.0,671.624894506128,5193.056873178195,15579.170619534585,671.624894506128,0.37312494139229335,2014.8746835183842,6850.573923962506,6506.80024086358,19520.40072259074,66369.36245680852,7178.425135369708,21535.275406109125,73219.93638077103,0.5982020946141423,0.7218546358,3.609273179,0.212310187,484.81554361793445,484.81554361793445,0.0,1454.4466308538033,1454.4466308538033,0.0,2014.8746835183842,0.0,2014.8746835183842,6850.573923962506,0.0,17912.890818390217,-0.10675354424816154,128.7447804449882
47,2025,3SB,3,SB,PM-Late,3,OP,PM,3.4,70,12000,1.6,5.0,75,1800,1,4,0.05,0.01,6623.0,0.0,819.0,0.0,0.0,1.0,1.0,1.0,3.66,1.83,0.17391304347826086,0.17391304347826086,30,4.135,0.592,3973.7999999999997,0.0,491.4,0.0,0.0,4465.2,5448.0,1.0,1.2,0.34923076923076923,5448.0,0.0,1.0,79.476,2920.7429999999995,0.0,368.54999999999995,0.0,0.0,3348.8999999999996,0.163716463,0.818582315,,0.14066613291035807,0.14066613778137463,118.24752753553858,591.2376376776929,68.57020497502712,74.58929984618322,0.8016351768294742,2.734976738227672,2.9750530871870025,-0.2400763489593305,0.08325130087476486,410.8496230349979,3483.4743769650017,0.0,0.0,410.8496230349979,3974.874376965002,11924.623130895005,410.8496230349979,0.2282497905749988,1232.5488691049936,4190.666154956978,4957.674376965002,14873.023130895006,50568.27864504302,5368.523999999999,16105.572,54758.9448,0.44737699999999997,0.5566359742,2.7831798709999997,0.163716463,228.6936801677888,228.6936801677888,0.0,686.0810405033665,686.0810405033665,0.0,1232.5488691049936,0.0,1232.5488691049936,4190.666154956978,0.0,13395.599999999999,-0.0806964924401835,139.11473827710418
48,2025,4NB,4,NB,Night,8,OP,NT,4.4,70,12000,1.6,6.5,75,1800,1,4,0.05,0.01,3091.0,0.0,382.0,0.0,0.0,1.0,1.0,1.0,3.66,1.83,0.17391304347826086,0.17391304347826086,30,4.103,0.708,2259.6273365637903,0.0,279.25514156174955,0.0,0.0,2538.88247812554,3097.392761249039,1.0,1.2,0.19855081802878455,3097.392761249039,0.0,1.0,45.192546731275804,1660.826092374386,0.0,209.44135617131218,0.0,0.0,1904.1618585941549,0.117777617,0.588888085,,0.1739129399446132,0.17391289919619854,106.68421315232398,533.42106576162,69.99109523744188,74.91116027334232,0.0,3.5241744893109916,3.771908399266949,-0.24773390995595745,0.000657364138577719,288.83914846155324,1925.5956413709614,0.0,0.0,288.83914846155324,2204.850782932711,17638.806263461687,288.83914846155324,0.1604661935897518,2310.713187692426,10167.138025846674,2763.36106605621,22106.88852844968,97270.3095251786,3052.200214517763,24417.601716142104,107437.44755102528,0.25435001787648026,0.5182215148,2.591107574,0.117777617,149.6826610492882,149.6826610492882,0.0,1197.4612883943057,1197.4612883943057,0.0,2310.713187692426,0.0,2310.713187692426,10167.138025846674,0.0,20311.05982500432,-0.06567866547451238,125.5108390027341
49,2025,4NB,4,NB,AM-Early,1,OP,AM,4.4,70,12000,1.6,6.5,75,1800,1,4,0.05,0.01,2962.0,0.0,366.0,0.0,0.0,1.0,1.0,1.0,3.66,1.83,0.17391304347826086,0.17391304347826086,30,4.155,0.715,2259.7234873940033,0.0,279.22309128501183,0.0,0.0,2538.946578679015,3097.392761249039,1.0,1.2,0.19855081802878455,3097.392761249039,0.0,1.0,45.19446974788007,1660.8967632345923,0.0,209.41731846375887,0.0,0.0,1904.2099340092614,0.169543156,0.84771578,,0.11294019109919198,0.11294019109419878,151.54657425580217,757.732871279011,69.98879037149617,74.97902963021217,0.0,3.52098448462213,3.772032615490343,-0.2510481308682131,0.0008275403646271489,187.5819978357443,2026.9470198103788,0.0,0.0,187.5819978357443,2306.170111095391,2306.170111095391,187.5819978357443,0.10421222101985794,187.5819978357443,825.3607904772749,2864.6162936654146,2864.6162936654146,12604.311692127825,3052.198291501159,3052.198291501159,13429.6724826051,0.2543498576250966,0.7459898864000001,3.7299494320000006,0.169543156,139.93427325617193,139.93427325617193,0.0,139.93427325617193,139.93427325617193,0.0,187.5819978357443,0.0,187.5819978357443,825.3607904772749,0.0,2538.946578679015,-0.06655513259277009,178.29008735976728
50,2025,4NB,4,NB,AM-Peak,2,Peak,AM,4.4,70,12000,1.6,6.5,75,1800,1,4,0.05,0.01,6108.0,0.0,755.0,0.0,0.0,1.0,1.0,1.0,3.66,1.83,0.17391304347826086,0.17391304347826086,30,4.155,0.715,3664.7999999999997,0.0,453.0,0.0,0.0,4117.799999999999,5023.799999999999,1.0,1.2,0.3220384615384615,5023.799999999999,0.0,1.0,73.29599999999999,2693.6279999999997,0.0,339.75,0.0,0.0,3088.3499999999995,0.167837166,0.83918583,,0.12148844248610215,0.1214884434849138,146.90975611580203,734.54878057901,69.74907339780512,74.8165599346753,1.8574271777691822,3.528630562946315,3.7849965187968735,-0.25636595585055844,0.018588087894574064,327.2446703569543,3264.2593296430455,0.0,0.0,327.2446703569543,3717.2593296430455,7434.518659286091,327.2446703569543,0.1818025946427524,654.4893407139086,2879.753099141198,4623.259329643046,9246.518659286092,40684.68210085881,4950.504,9901.008,43564.43520000001,0.412542,0.7384835304000001,3.6924176520000005,0.167837166,241.6647994697879,241.6647994697879,0.0,483.3295989395758,483.3295989395758,0.0,654.4893407139086,0.0,654.4893407139086,2879.753099141198,0.0,8235.599999999999,-0.06773215102772374,172.8350071950612
51,2025,4NB,4,NB,AM-Shoulder,1,OP,AM,4.4,70,12000,1.6,6.5,75,1800,1,4,0.05,0.01,6983.0,0.0,863.0,0.0,0.0,1.0,1.0,1.0,3.66,1.83,0.17391304347826086,0.17391304347826086,30,4.155,0.715,4189.8,0.0,517.8,0.0,0.0,4707.6,5743.2,1.0,1.2,0.36815384615384616,5743.2,0.0,1.0,83.796,3079.5029999999997,0.0,388.34999999999997,0.0,0.0,3530.7000000000003,0.174664118,0.8733205900000001,,0.1230372700511178,0.12303726529028719,146.10926931013532,730.5463465506766,69.40750249917721,74.67398437568825,1.337429129150942,3.5353678018813604,3.8036233907585073,-0.26825558887714696,0.044106902482012114,378.89364223422734,3727.110357765773,0.0,0.0,378.89364223422734,4244.910357765773,4244.910357765773,378.89364223422734,0.21049646790790408,378.89364223422734,1667.1320258306005,5280.510357765773,5280.510357765773,23234.245574169403,5659.404,5659.404,24901.377600000003,0.47161700000000006,0.7685221192000001,3.8426105960000005,0.174664118,291.1881448812551,291.1881448812551,0.0,291.1881448812551,291.1881448812551,0.0,378.89364223422734,0.0,378.89364223422734,1667.1320258306005,0.0,4707.6,-0.07052632748260922,171.8932580119239
52,2025,4NB,4,NB,MD,5,OP,MD,4.4,70,12000,1.6,6.5,75,1800,1,4,0.05,0.01,7316.0,0.0,904.0,0.0,0.0,1.0,1.0,1.0,3.66,1.83,0.17391304347826086,0.17391304347826086,30,4.136,0.708,4811.04790260831,0.0,594.4761213720493,0.0,0.0,5405.52402398036,6594.476266724458,1.0,1.2,0.42272283761054213,6594.476266724458,0.0,1.0,96.22095805216621,3536.120208417108,0.0,445.85709102903695,0.0,0.0,4054.1430179852696,0.415252552,2.07626276,,0.023400369923941167,0.02340038277470506,255.58986185809965,1277.9493092904984,67.95501655250266,74.99267132798543,3.1202530884336364,3.520343992620005,3.884922900372355,-0.36457890775235,0.15548723065298364,82.74652097248428,4632.08042358366,0.0,0.0,82.74652097248428,5226.55654495571,26132.78272477855,82.74652097248428,0.04597028942915793,413.7326048624214,1820.4234613946544,6415.508787699808,32077.54393849904,141141.19332939578,6498.255308672292,32491.27654336146,142961.61679079043,0.541521275722691,1.8271112288000002,9.135556144,0.415252552,151.18709761296074,151.18709761296074,0.0,755.9354880648037,755.9354880648037,0.0,413.7326048624214,0.0,413.7326048624214,1820.4234613946544,0.0,27027.6201199018,-0.09384456708713744,300.6939551271761
53,2025,4NB,4,NB,PM-Shoulder,1,OP,PM,4.4,70,12000,1.6,6.5,75,1800,1,4,0.05,0.01,7941.0,0.0,982.0,0.0,0.0,1.0,1.0,1.0,3.66,1.83,0.17391304347826086,0.17391304347826086,30,4.135,0.592,6887.834743723296,0.0,851.7634703861323,0.0,0.0,7739.598214109428,9443.125154881693,1.0,1.2,0.6053285355693393,9443.125154881693,0.0,1.0,137.75669487446592,5062.558536636622,0.0,638.8226027895993,0.0,0.0,5804.698660582071,1.419297409,7.096487045,,0.0168174231284986,0.016817436301961752,219.78677425664344,1098.933871283217,53.119615398070735,74.98236898432299,4.618247865169608,3.5208276769062343,4.969915501488896,-1.4490878245826617,1.6419270941826447,85.13918902341075,6664.938859825419,0.0,0.0,85.13918902341075,7516.702330211551,7516.702330211551,85.13918902341075,0.047299549457450414,85.13918902341075,374.61243170300736,9220.229270983817,9220.229270983817,40569.008792328794,9305.368460007227,9305.368460007227,40943.6212240318,0.7754473716672688,6.2449085996,31.224542998000004,1.419297409,531.6864536952678,531.6864536952678,0.0,531.6864536952678,531.6864536952678,0.0,85.13918902341075,0.0,85.13918902341075,374.61243170300736,0.0,7739.598214109428,-0.291571923938856,258.5726755960511
54,2025,4NB,4,NB,PM-Peak,3,Peak,PM,4.4,70,12000,1.6,6.5,75,1800,1,4,0.05,0.01,6919.0,0.0,855.0,0.0,0.0,1.0,1.0,1.0,3.66,1.83,0.17391304347826086,0.17391304347826086,30,4.135,0.592,7075.625486013744,0.0,874.3546452582383,0.0,0.0,7949.980131271983,9698.689421788458,1.0,1.2,0.621710860371055,9698.689421788458,0.0,1.0,141.5125097202749,5200.5847322201025,0.0,655.7659839436787,0.0,0.0,5962.485098453987,1.202351064,6.01175532,,0.04183310055837163,0.04183310753142806,173.9974988498677,869.9874942493386,52.00725825284269,74.88142416877562,6.496727305889967,3.525573971522885,5.076214529835744,-1.5506405583128595,1.787556763017828,217.55658406529577,6716.5563922281735,0.0,0.0,217.55658406529577,7590.911037486412,22772.73311245924,217.55658406529577,0.12086476892516432,652.6697521958873,2871.7469096619043,9339.62032800289,28018.86098400867,123282.98832963814,9557.176912068186,28671.530736204557,126154.73523930005,0.7964314093390155,5.2903446816,26.451723408000003,1.202351064,1150.9493174569006,1150.9493174569006,0.0,3452.847952370702,3452.847952370702,0.0,652.6697521958873,0.0,652.6697521958873,2871.7469096619043,0.0,23849.94039381595,-0.3054718332329889,204.70293982337378
55,2025,4NB,4,NB,PM-Late,3,OP,PM,4.4,70,12000,1.6,6.5,75,1800,1,4,0.05,0.01,7138.0,0.0,882.0,0.0,0.0,1.0,1.0,1.0,3.66,1.83,0.17391304347826086,0.17391304347826086,30,4.135,0.592,4762.437002652254,0.0,588.4658778844617,0.0,0.0,5350.902880536715,6527.834636305639,1.0,1.2,0.41845093822472046,6527.834636305639,0.0,1.0,95.24874005304508,3500.3911969494065,0.0,441.3494084133463,0.0,0.0,4013.177160402536,0.187399184,0.93699592,,0.10208986975774824,0.10208987397599312,132.5131546424854,662.5657732124271,68.5462201857211,74.70138665924945,1.8498335358718156,3.5340709430768213,3.851415866326558,-0.3173449232497365,0.10958259401024133,357.35448139773337,4309.833781201475,0.0,0.0,357.35448139773337,4898.299659085937,14694.89897725781,357.35448139773337,0.1985302674431852,1072.0634441932002,4717.079154450082,6075.23141485486,18225.69424456458,80193.05467608415,6432.585896252594,19297.75768875778,84910.13383053424,0.5360488246877161,0.8245564096000001,4.122782048,0.18739918399999997,294.65892813578506,294.65892813578506,0.0,883.9767844073551,883.9767844073551,0.0,1072.0634441932002,0.0,1072.0634441932002,4717.079154450082,0.0,16052.708641610145,-0.0823969506965803,155.89782899115932
56,2025,4SB,4,SB,Night,8,OP,NT,4.4,70,12000,1.6,5.0,75,1800,1,4,0.05,0.01,2482.0,0.0,307.0,0.0,0.0,1.0,1.0,1.0,3.66,1.83,0.17391304347826086,0.17391304347826086,30,4.103,0.708,1489.2,0.0,184.2,0.0,0.0,1673.4,2041.8,1.0,1.2,0.13088461538461538,2041.8,0.0,1.0,29.784000000000002,1094.562,0.0,138.14999999999998,0.0,0.0,1255.0500000000002,0.147646003,0.738230015,,0.13618648371911138,0.13618648370139133,131.645257911747,658.2262895587351,69.98906815298601,74.99269078713196,0.0,3.5203430791591215,3.7720176445689217,-0.25167456540980027,0.000807030202279735,149.06454999255797,1310.351450007442,0.0,0.0,149.06454999255797,1494.551450007442,11956.411600059537,149.06454999255797,0.08281363888475443,1192.5163999404638,5247.072159738041,1862.951450007442,14903.611600059536,65575.89104026197,2012.0159999999998,16096.127999999999,70822.96320000001,0.16766799999999998,0.6496424132,3.2482120660000002,0.147646003,96.83865397973742,96.83865397973742,0.0,774.7092318378993,774.7092318378993,0.0,1192.5163999404638,0.0,1192.5163999404638,5247.072159738041,0.0,13387.2,-0.06672147087439259,154.87677401382
57,2025,4SB,4,SB,AM-Early,1,OP,AM,4.4,70,12000,1.6,5.0,75,1800,1,4,0.05,0.01,6693.0,0.0,827.0,0.0,0.0,1.0,1.0,1.0,3.66,1.83,0.17391304347826086,0.17391304347826086,30,4.155,0.715,8031.599999999999,0.0,992.4,0.0,0.0,9024.0,11008.8,1.0,1.2,0.7056923076923076,11008.8,0.0,1.0,160.632,5903.226,0.0,744.3,0.0,0.0,6768.0,0.795369856,3.9768492799999997,,0.17391296190151764,0.1739127623877191,89.75130204915385,448.7565102457692,42.75366467925088,63.06296957742525,1.2126140059766353,4.186291920108128,6.1749092617111705,-1.9886173416030424,3.292768545687161,1026.6475184340484,6844.320481565952,0.0,0.0,1026.6475184340484,7836.720481565952,7836.720481565952,1026.6475184340484,0.5703597324633602,1026.6475184340484,4517.249081109813,9821.520481565953,9821.520481565953,43214.6901188902,10848.168000000001,10848.168000000001,47731.93920000001,0.9040140000000001,3.4996273664000004,17.498136832,0.795369856,3592.8837511584447,3592.8837511584447,0.0,3592.8837511584447,3592.8837511584447,0.0,1026.6475184340484,0.0,1026.6475184340484,4517.249081109813,0.0,9024.0,-0.322048026508484,105.58976711665157
58,2025,4SB,4,SB,AM-Peak,2,Peak,AM,4.4,70,12000,1.6,5.0,75,1800,1,4,0.05,0.01,8936.0,0.0,1104.0,0.0,0.0,1.0,1.0,1.0,3.66,1.83,0.17391304347826086,0.17391304347826086,30,4.155,0.715,10157.470189192063,0.0,1254.90679150269,0.0,0.0,11412.376980694753,13922.190563700133,1.0,1.2,0.8924481130577008,13922.190563700133,0.0,1.0,203.14940378384128,7465.740589056166,0.0,941.1800936270176,0.0,0.0,8559.282735521065,1.233788573,6.168942865,,0.17391303710820352,0.17391303044468184,43.79772651987319,218.98863259936593,22.865278797288315,50.531070367935456,2.3957457189766243,5.224508368370552,11.545890270592668,-6.321381902222116,10.651012527854817,1298.3896201047462,8655.931165303475,0.0,0.0,1298.3896201047462,9910.837956806165,19821.67591361233,1298.3896201047462,0.721327566724859,2596.7792402094924,11425.828656921767,12420.651539811544,24841.30307962309,109301.7335503416,13719.04115991629,27438.08231983258,120727.56220726337,1.1432534299930242,5.4286697212,27.143348606000004,1.233788573,7048.5284169830065,7048.5284169830065,0.0,14097.056833966013,14097.056833966013,0.0,2596.7792402094924,0.0,2596.7792402094924,11425.828656921767,0.0,22824.753961389506,-0.5475006044637933,51.52673708220376
59,2025,4SB,4,SB,AM-Shoulder,1,OP,AM,4.4,70,12000,1.6,5.0,75,1800,1,4,0.05,0.01,7943.0,0.0,982.0,0.0,0.0,1.0,1.0,1.0,3.66,1.83,0.17391304347826086,0.17391304347826086,30,4.155,0.715,9531.6,0.0,1178.3999999999999,0.0,0.0,10710.0,13066.8,1.0,1.2,0.8376153846153845,13066.8,0.0,1.0,190.632,7005.726000000001,0.0,883.8,0.0,0.0,8032.5,0.683611767,3.418058835,,0.1739130130854215,0.17391303371421074,33.40334191628285,167.01670958141426,27.983621937196965,54.52674661489951,1.440239464351074,4.84166058658379,9.434089718353452,-4.592429131769662,7.757845771287087,1218.3869175108778,8122.581082489123,0.0,0.0,1218.3869175108778,9300.981082489123,9300.981082489123,1218.3869175108778,0.6768816208393765,1218.3869175108778,5360.902437047863,11657.781082489124,11657.781082489124,51294.23676295215,12876.168000000001,12876.168000000001,56655.13920000001,1.0730140000000001,3.0078917748000005,15.039458874000001,0.683611767,3664.7759877048957,3664.7759877048957,0.0,3664.7759877048957,3664.7759877048957,0.0,1218.3869175108778,0.0,1218.3869175108778,5360.902437047863,0.0,10710.0,-0.48679091135156033,39.29804931327394
60,2025,4SB,4,SB,MD,5,OP,MD,4.4,70,12000,1.6,5.0,75,1800,1,4,0.05,0.01,7386.0,0.0,913.0,0.0,0.0,1.0,1.0,1.0,3.66,1.83,0.17391304347826086,0.17391304347826086,30,4.136,0.708,6453.970024246335,0.0,797.7896875354595,0.0,0.0,7251.759711781795,8847.339086852713,1.0,1.2,0.567137120952097,8847.339086852713,0.0,1.0,129.0794004849267,4743.667967821057,0.0,598.3422656515946,0.0,0.0,5438.819783836347,0.188471815,0.9423590749999999,,0.17391303752269965,0.1739130248994828,54.26291825871409,271.31459129357046,57.6767916915543,69.51354917332665,0.9749926812957157,3.797820757817105,4.577231018878915,-0.7794102610618099,1.10394935300697,824.9857052828918,5499.904918478516,0.0,0.0,824.9857052828918,6297.694606013976,31488.47303006988,824.9857052828918,0.45832539182382875,4124.928526414459,18149.68551622362,7893.273981084894,39466.36990542447,173652.0275838677,8718.259686367786,43591.29843183893,191801.71310009132,0.7265216405306488,0.829275986,4.14637993,0.188471815,684.1408341843754,684.1408341843754,0.0,3420.704170921877,3420.704170921877,0.0,4124.928526414459,0.0,4124.928526414459,18149.68551622362,0.0,36258.79855890897,-0.17027986086940136,63.83872736319305
61,2025,4SB,4,SB,PM-Shoulder,1,OP,PM,4.4,70,12000,1.6,5.0,75,1800,1,4,0.05,0.01,4922.0,0.0,608.0,0.0,0.0,1.0,1.0,1.0,3.66,1.83,0.17391304347826086,0.17391304347826086,30,4.135,0.592,5305.814603962553,0.0,655.4114748494985,0.0,0.0,5961.226078812051,7272.049028511048,1.0,1.2,0.4661569890071185,7272.049028511048,0.0,1.0,106.11629207925105,3899.773733912476,0.0,491.5586061371239,0.0,0.0,4470.919559109038,0.186849115,0.934245575,,0.1739129260602731,0.17391288716920644,98.23873366466559,491.1936683233279,64.80583297535794,72.39023409149081,0.8007485376157749,3.646900763801124,4.0737073790932445,-0.4268066152921204,0.41412196650060273,678.2210610377156,4521.477250845585,0.0,0.0,678.2210610377156,5176.888725695084,5176.888725695084,678.2210610377156,0.37678947835428644,678.2210610377156,2984.1726685659487,6487.711675394081,6487.711675394081,28545.931371733957,7165.932736431796,7165.932736431796,31530.104040299906,0.5971610613693163,0.8221361060000001,4.110680530000001,0.186849115,557.5900221287359,557.5900221287359,0.0,557.5900221287359,557.5900221287359,0.0,678.2210610377156,0.0,678.2210610377156,2984.1726685659487,0.0,5961.226078812051,-0.10477105387651141,115.57498078195952
62,2025,4SB,4,SB,PM-Peak,3,Peak,PM,4.4,70,12000,1.6,5.0,75,1800,1,4,0.05,0.01,6721.0,0.0,831.0,0.0,0.0,1.0,1.0,1.0,3.66,1.83,0.17391304347826086,0.17391304347826086,30,4.135,0.592,5887.543226323275,0.0,727.9494749404317,0.0,0.0,6615.492701263707,8071.3916511445705,1.0,1.2,0.5173969007143956,8071.3916511445705,0.0,1.0,117.7508645264655,4327.344271347607,0.0,545.9621062053238,0.0,0.0,4961.619525947781,0.212310187,1.061550935,,0.17391298455092588,0.1739128138707008,83.8371104423835,419.1855522119175,61.67261629765557,71.11312992845747,1.3902125240935188,3.712394606531791,4.280668080073582,-0.5682734735417907,0.6976581268436651,752.581357409414,5017.211004387396,0.0,0.0,752.581357409414,5745.160479327828,17235.481437983486,752.581357409414,0.41810075411634107,2257.7440722282417,9934.073917804264,7201.059429208692,21603.178287626077,95053.98446555475,7953.640786618105,23860.922359854318,104988.05838335902,0.6628033988848421,0.9341648228000001,4.670824114000001,0.212310187,703.0350303869487,703.0350303869487,0.0,2109.1050911608463,2109.1050911608463,0.0,2257.7440722282417,0.0,2257.7440722282417,9934.073917804264,0.0,19846.478103791123,-0.1327534541131772,98.63189463809825
63,2025,4SB,4,SB,PM-Late,3,OP,PM,4.4,70,12000,1.6,5.0,75,1800,1,4,0.05,0.01,6114.0,0.0,756.0,0.0,0.0,1.0,1.0,1.0,3.66,1.83,0.17391304347826086,0.17391304347826086,30,4.135,0.592,3668.4,0.0,453.59999999999997,0.0,0.0,4122.0,5029.2,1.0,1.2,0.3223846153846154,5029.2,0.0,1.0,73.36800000000001,2696.2740000000003,0.0,340.2,0.0,0.0,3091.5,0.163716463,0.818582315,,0.12462660355542293,0.12462660090405048,123.60385854806717,618.0192927403358,68.98997450471991,74.7998374759182,1.15213670877648,3.529419433364341,3.8266429563898243,-0.29722352302548316,0.07564370739691674,336.02747087479446,3259.004529125206,0.0,0.0,336.02747087479446,3712.6045291252058,11137.813587375618,336.02747087479446,0.1866819282637747,1008.0824126243833,4435.562615547287,4619.804529125206,13859.413587375617,60981.419784452715,4955.832,14867.496,65416.9824,0.412986,0.7203524372000001,3.601762186,0.163716463,242.05820761081023,242.05820761081023,0.0,726.1746228324307,726.1746228324307,0.0,1008.0824126243833,0.0,1008.0824126243833,4435.562615547287,0.0,12366.0,-0.07767213362019361,145.41630417419665
64,2025,5NB,5,NB,Night,8,OP,NT,3.0,70,8000,1.6,6.5,75,1800,1,4,0.05,0.01,1592.0,0.0,197.0,0.0,0.0,1.0,1.0,1.0,3.66,1.83,0.2448979591836735,0.2448979591836735,30,4.103,0.708,1563.8128011267568,0.0,193.51201119470545,0.0,0.0,1757.324812321462,2144.3488347108732,1.0,1.2,0.18485765816473046,2144.3488347108732,0.0,1.0,31.276256022535136,1149.4024088281662,0.0,145.1340083960291,0.0,0.0,1317.9936092410967,0.1,0.5,,0.24489781211861533,0.24489784056984057,90.2349174639652,451.17458731982595,69.99138500243365,74.93169796351447,0.0,2.40218765745366,2.571745079680039,-0.16955742222637893,0.00043361630451043656,281.48613516588415,1251.0504099383375,0.0,0.0,281.48613516588415,1444.5624211330428,11556.499369064342,281.48613516588415,0.15638118620326896,2251.889081327073,6755.667243981219,1831.586443522454,14652.691548179631,43958.074644538894,2113.072578688338,16904.580629506705,50713.74188852011,0.26413407233604225,0.30000000000000004,1.5,0.1,84.44584054976525,84.44584054976525,0.0,675.566724398122,675.566724398122,0.0,2251.889081327073,0.0,2251.889081327073,6755.667243981219,0.0,14058.598498571697,-0.06593088232814827,106.15872642819434
65,2025,5NB,5,NB,AM-Early,1,OP,AM,3.0,70,8000,1.6,6.5,75,1800,1,4,0.05,0.01,2313.0,0.0,286.0,0.0,0.0,1.0,1.0,1.0,3.66,1.83,0.2448979591836735,0.2448979591836735,30,4.155,0.715,1564.137134874251,0.0,193.40389994554076,0.0,0.0,1757.5410348197918,2144.3488347108732,1.0,1.2,0.18485765816473046,2144.3488347108732,0.0,1.0,31.28274269748502,1149.6407941325745,0.0,145.05292495915558,0.0,0.0,1318.1557761148438,0.1,0.5,,0.2448979019859213,0.24489779416308724,90.23591952262933,451.17959761314665,69.99138676006991,74.93164124413292,0.0,2.402189475785623,2.571745015097915,-0.16955553931229206,0.0004335278270005242,281.54461852049593,1251.30977365627,0.0,0.0,281.54461852049593,1444.7136736018108,1444.7136736018108,281.54461852049593,0.15641367695583108,281.54461852049593,844.6338555614877,1831.5214734928923,1831.5214734928923,5494.564420478677,2113.0660920133882,2113.0660920133882,6339.198276040164,0.26413326150167354,0.30000000000000004,1.5,0.1,84.4633855561488,84.4633855561488,0.0,84.4633855561488,84.4633855561488,0.0,281.54461852049593,0.0,281.54461852049593,844.6338555614877,0.0,1757.5410348197918,-0.0659301518295493,106.15990532074039
66,2025,5NB,5,NB,AM-Peak,2,Peak,AM,3.0,70,8000,1.6,6.5,75,1800,1,4,0.05,0.01,4412.0,0.0,545.0,0.0,0.0,1.0,1.0,1.0,3.66,1.83,0.2448979591836735,0.2448979591836735,30,4.155,0.715,2647.2,0.0,327.0,0.0,0.0,2974.2,3628.2,1.0,1.2,0.3127758620689655,3628.2,0.0,1.0,52.943999999999996,1945.692,0.0,245.25,0.0,0.0,2230.6499999999996,0.1,0.5,,0.24489789245081814,0.24489747263829606,93.79582861771779,468.97914308858896,69.73815103529438,74.4428150969559,0.7487231627330787,2.417963369138636,2.5810836296606467,-0.16312026052201078,0.013227429777943046,476.49587015841723,2117.7601298415825,0.0,0.0,476.49587015841723,2444.7601298415825,4889.520259683165,476.49587015841723,0.26471992786578735,952.9917403168345,2858.975220950503,3098.7601298415825,6197.520259683165,18592.560779049494,3575.256,7150.512,21451.535999999996,0.446907,0.30000000000000004,1.5,0.1,142.94876104752518,142.94876104752518,0.0,285.89752209505036,285.89752209505036,0.0,952.9917403168345,0.0,952.9917403168345,2858.975220950503,0.0,5948.4,-0.06319836314000309,110.34803366790328
67,2025,5NB,5,NB,AM-Shoulder,1,OP,AM,3.0,70,8000,1.6,6.5,75,1800,1,4,0.05,0.01,4147.0,0.0,512.0,0.0,0.0,1.0,1.0,1.0,3.66,1.83,0.2448979591836735,0.2448979591836735,30,4.155,0.715,2488.2,0.0,307.2,0.0,0.0,2795.3999999999996,3409.7999999999997,1.0,1.2,0.29394827586206895,3409.7999999999997,0.0,1.0,49.763999999999996,1828.8269999999998,0.0,230.39999999999998,0.0,0.0,2096.5499999999997,0.1,0.5,,0.24489791782244358,0.24489786263981334,93.37484470665328,466.8742235332664,69.82490412802703,74.56438554298596,0.4501146470989443,2.4140210998752343,2.5778767940728153,-0.16385569419758106,0.008834065022613979,447.875924357466,1990.560075642534,0.0,0.0,447.875924357466,2297.760075642534,2297.760075642534,447.875924357466,0.24881995797637,447.875924357466,1343.627773072398,2912.160075642534,2912.160075642534,8736.480226927602,3360.036,3360.036,10080.108,0.4200045,0.30000000000000004,1.5,0.10000000000000002,134.3627773072398,134.3627773072398,0.0,134.3627773072398,134.3627773072398,0.0,447.875924357466,0.0,447.875924357466,1343.627773072398,0.0,2795.3999999999996,-0.06356226743431895,109.85275847841562
68,2025,5NB,5,NB,MD,5,OP,MD,3.0,70,8000,1.6,6.5,75,1800,1,4,0.05,0.01,4546.0,0.0,562.0,0.0,0.0,1.0,1.0,1.0,3.66,1.83,0.2448979591836735,0.2448979591836735,30,4.136,0.708,2727.6,0.0,337.2,0.0,0.0,3064.7999999999997,3739.2,1.0,1.2,0.32234482758620686,3739.2,0.0,1.0,54.552,2004.7859999999998,0.0,252.89999999999998,0.0,0.0,2298.6,0.1,0.5,,0.2448978742597213,0.24489746605340804,93.90643388579475,469.5321694289737,69.68168316286719,74.3725704927815,0.49421975616421143,2.4202471261561485,2.583175259691783,-0.1629281335356345,0.016092962920600334,490.96782974564957,2182.0801702543504,0.0,0.0,490.96782974564957,2519.28017025435,12596.400851271752,490.96782974564957,0.27275990541424977,2454.839148728248,7364.517446184744,3193.6801702543503,15968.400851271752,47905.20255381525,3684.6479999999997,18423.239999999998,55269.719999999994,0.46058099999999996,0.30000000000000004,1.5,0.1,147.2903489236949,147.2903489236949,0.0,736.4517446184744,736.4517446184744,0.0,2454.839148728248,0.0,2454.839148728248,7364.517446184744,0.0,15323.999999999998,-0.06307281432970778,110.4781575126997
69,2025,5NB,5,NB,PM-Shoulder,1,OP,PM,3.0,70,8000,1.6,6.5,75,1800,1,4,0.05,0.01,5076.0,0.0,627.0,0.0,0.0,1.0,1.0,1.0,3.66,1.83,0.2448979591836735,0.2448979591836735,30,4.135,0.592,3045.6,0.0,376.2,0.0,0.0,3421.7999999999997,4174.2,1.0,1.2,0.3598448275862069,4174.2,0.0,1.0,60.912,2238.516,0.0,282.15,0.0,0.0,2566.35,0.1,0.5,,0.24489769188191246,0.24489543185016727,93.30907105755503,466.5453552877751,69.35230446989894,74.02921544588354,0.5512771546402778,2.4314724790185394,2.5954436752440664,-0.16397119622552703,0.03290069222722819,548.2074016407312,2436.480598359269,0.0,0.0,548.2074016407312,2812.680598359269,2812.680598359269,548.2074016407312,0.304559667578184,548.2074016407312,1644.6222049221935,3565.080598359269,3565.080598359269,10695.241795077807,4113.2880000000005,4113.2880000000005,12339.864000000001,0.5141610000000001,0.30000000000000004,1.5,0.1,164.4622204922194,164.4622204922194,0.0,164.4622204922194,164.4622204922194,0.0,548.2074016407312,0.0,548.2074016407312,1644.6222049221935,0.0,3421.7999999999997,-0.06317655736070163,109.77537771477061
70,2025,5NB,5,NB,PM-Peak,3,Peak,PM,3.0,70,8000,1.6,6.5,75,1800,1,4,0.05,0.01,5606.0,0.0,693.0,0.0,0.0,1.0,1.0,1.0,3.66,1.83,0.2448979591836735,0.2448979591836735,30,4.135,0.592,4721.811271969173,0.0,583.6987533847015,0.0,0.0,5305.510025353874,6472.907532123278,1.0,1.2,0.5580092700106274,6472.907532123278,0.0,1.0,94.43622543938345,3470.5312848973417,0.0,437.77406503852615,0.0,0.0,3979.1325190154057,0.5,2.5,,0.1664992458500427,0.16649926287858316,110.84250542879197,554.2125271439598,57.382073303508136,73.56848798739499,2.725470576192624,2.4466997341421597,3.136868182645388,-0.6901684485032282,0.7746522673670386,577.8408416343871,4049.5342048954017,0.0,0.0,577.8408416343871,4633.232958280103,13899.69887484031,577.8408416343871,0.3210226897968817,1733.5225249031612,5200.567574709484,5800.630465049506,17401.891395148516,52205.67418544555,6378.471306683893,19135.413920051677,57406.24176015503,0.7973089133354866,1.5,7.5,0.5,866.7612624515806,866.7612624515806,0.0,2600.283787354742,2600.283787354742,0.0,1733.5225249031612,0.0,1733.5225249031612,5200.567574709484,0.0,15916.530076061623,-0.2200183139098929,130.40294756328467
71,2025,5NB,5,NB,PM-Late,3,OP,PM,3.0,70,8000,1.6,6.5,75,1800,1,4,0.05,0.01,4570.0,0.0,565.0,0.0,0.0,1.0,1.0,1.0,3.66,1.83,0.2448979591836735,0.2448979591836735,30,4.135,0.592,2742.0,0.0,339.0,0.0,0.0,3081.0,3759.0,1.0,1.2,0.32405172413793104,3759.0,0.0,1.0,54.84,2015.37,0.0,254.25,0.0,0.0,2310.75,0.1,0.5,,0.24489573981298984,0.24489095835980454,93.91783521693598,469.5891760846799,69.67061057304464,74.35934948873498,0.49687861132010935,2.4206774432214337,2.5835857977917804,-0.1629083545703467,0.016655400117596822,493.5555271469053,2193.6044728530946,0.0,0.0,493.5555271469053,2532.6044728530946,7597.813418559284,493.5555271469053,0.27419751508161405,1480.666581440716,4441.999744322148,3210.6044728530946,9631.813418559284,28895.44025567785,3704.16,11112.48,33337.44,0.46302,0.30000000000000004,1.5,0.1,148.06665814407162,148.06665814407162,0.0,444.19997443221484,444.19997443221484,0.0,1480.666581440716,0.0,1480.666581440716,4441.999744322148,0.0,9243.0,-0.06305513627981167,110.4915708434541
72,2025,5SB,5,SB,Night,8,OP,NT,3.0,70,8000,1.6,5.0,75,1800,1,4,0.05,0.01,1472.0,0.0,182.0,0.0,0.0,1.0,1.0,1.0,3.66,1.83,0.2448979591836735,0.2448979591836735,30,4.103,0.708,1017.1803510987656,0.0,125.76550536683108,0.0,0.0,1142.9458564655968,1394.4768671992588,1.0,1.2,0.12021352303441886,1394.4768671992588,0.0,1.0,20.343607021975313,747.6275580575928,0.0,94.32412902512331,0.0,0.0,857.2093923491975,0.147646003,0.738230015,,0.13660637615249893,0.13660637615059373,131.46639377871793,657.3319688935896,69.98768070203239,74.99839253407218,0.0,2.4000514400121977,2.5718811967257107,-0.17182975671351297,0.0006200966570811228,102.13069141798975,894.7060526588006,0.0,0.0,102.13069141798975,1020.4715580256317,8163.772464205053,102.13069141798975,0.056739273009994304,817.045531343918,2451.136594031754,1272.0025687592938,10176.02055007435,30528.06165022305,1374.1332601772835,10993.066081418268,32979.1982442548,0.17176665752216044,0.442938009,2.2146900449999998,0.147646003,45.23756511447777,45.23756511447777,0.0,361.90052091582214,361.90052091582214,0.0,817.045531343918,0.0,817.045531343918,2451.136594031754,0.0,9143.566851724774,-0.06681092304429585,154.6663456220211
73,2025,5SB,5,SB,AM-Early,1,OP,AM,3.0,70,8000,1.6,5.0,75,1800,1,4,0.05,0.01,3483.0,0.0,430.0,0.0,0.0,1.0,1.0,1.0,3.66,1.83,0.2448979591836735,0.2448979591836735,30,4.155,0.715,4179.599999999999,0.0,516.0,0.0,0.0,4695.599999999999,5727.599999999999,1.0,1.2,0.49375862068965515,5727.599999999999,0.0,1.0,83.59199999999998,3072.006,0.0,387.0,0.0,0.0,3521.7,0.795369856,3.9768492799999997,,0.09799516722725103,0.09799517117548093,160.69976369369098,803.4988184684549,56.92123561660531,74.84395271600101,2.2302449771358126,2.4050039244054715,3.162264452802736,-0.7572605283972647,0.8094451574826055,301.0417416931185,3794.9662583068807,0.0,0.0,301.0417416931185,4310.96625830688,4310.96625830688,301.0417416931185,0.16724541205173252,301.0417416931185,903.1252250793556,5342.96625830688,5342.96625830688,16028.89877492064,5644.007999999999,5644.007999999999,16932.023999999998,0.7055009999999998,2.386109568,11.93054784,0.795369856,718.3185802213347,718.3185802213347,0.0,718.3185802213347,718.3185802213347,0.0,301.0417416931185,0.0,301.0417416931185,903.1252250793556,0.0,4695.599999999999,-0.23946780533364298,189.05854552198937
74,2025,5SB,5,SB,AM-Peak,2,Peak,AM,3.0,70,8000,1.6,5.0,75,1800,1,4,0.05,0.01,4270.0,0.0,528.0,0.0,0.0,1.0,1.0,1.0,3.66,1.83,0.2448979591836735,0.2448979591836735,30,4.155,0.715,5124.0,0.0,633.6,0.0,0.0,5757.6,7024.8,1.0,1.2,0.6055862068965517,7024.8,0.0,1.0,102.48,3766.1400000000003,0.0,475.20000000000005,0.0,0.0,4318.200000000001,1.233788573,6.168942865,,0.1634077487281452,0.1634077586601925,128.52096531456502,642.604826572825,45.8072378204282,73.14916960004612,3.017561824900435,2.460725131729814,3.9295100199149573,-1.468784888185143,1.8605715844263493,615.4164587950169,4406.103541204983,0.0,0.0,615.4164587950169,5039.703541204984,10079.407082409967,615.4164587950169,0.34189803266389823,1230.8329175900337,3692.4987527701014,6306.903541204983,12613.807082409967,37841.4212472299,6922.320000000001,13844.640000000001,41533.92,0.8652900000000001,3.701365719,18.506828595,1.233788573,2277.8813834922516,2277.8813834922516,0.0,4555.762766984503,4555.762766984503,0.0,1230.8329175900337,0.0,1230.8329175900337,3692.4987527701014,0.0,11515.2,-0.3737832148897105,151.20113566419414
75,2025,5SB,5,SB,AM-Shoulder,1,OP,AM,3.0,70,8000,1.6,5.0,75,1800,1,4,0.05,0.01,3240.0,0.0,400.0,0.0,0.0,1.0,1.0,1.0,3.66,1.83,0.2448979591836735,0.2448979591836735,30,4.155,0.715,3888.0,0.0,480.0,0.0,0.0,4368.0,5328.0,1.0,1.2,0.4593103448275862,5328.0,0.0,1.0,77.76,2857.68,0.0,360.0,0.0,0.0,3276.0,0.683611767,3.418058835,,0.08038238227370285,0.08038238538264517,173.7800457702747,868.9002288513736,59.921882909226746,74.93620356347233,2.239063387825343,2.4020432239743332,3.0039109464012466,-0.6018677224269133,0.5925008537125651,229.70712617591516,3580.5328738240846,0.0,0.0,229.70712617591516,4060.5328738240846,4060.5328738240846,229.70712617591516,0.12761507009773065,229.70712617591516,689.1213785277455,5020.532873824084,5020.532873824084,15061.598621472252,5250.24,5250.24,15750.719999999998,0.65628,2.050835301,10.254176505,0.683611767,471.091483252828,471.091483252828,0.0,471.091483252828,471.091483252828,0.0,229.70712617591516,0.0,229.70712617591516,689.1213785277455,0.0,4368.0,-0.20036137327838047,204.44711267091145
76,2025,5SB,5,SB,MD,5,OP,MD,3.0,70,8000,1.6,5.0,75,1800,1,4,0.05,0.01,4470.0,0.0,552.0,0.0,0.0,1.0,1.0,1.0,3.66,1.83,0.2448979591836735,0.2448979591836735,30,4.136,0.708,2682.0,0.0,331.2,0.0,0.0,3013.2,3675.6,1.0,1.2,0.3168620689655172,3675.6,0.0,1.0,53.64,1971.27,0.0,248.39999999999998,0.0,0.0,2259.8999999999996,0.188471815,0.9423590749999999,,0.15229583302770272,0.15229583304324362,129.39355955458714,646.9677977729356,68.53380843042895,74.88815144932666,1.081613724543103,2.403584499235472,2.626440936559425,-0.22285643732395277,0.07536694022926899,300.2162067725195,2328.1437932274807,0.0,0.0,300.2162067725195,2659.3437932274805,13296.718966137403,300.2162067725195,0.16678678154028861,1501.0810338625975,4503.243101587792,3321.7437932274806,16608.718966137403,49826.15689841221,3621.96,18109.8,54329.40000000001,0.452745,0.565415445,2.827077225,0.188471815,169.74688014849613,169.74688014849613,0.0,848.7344007424806,848.7344007424806,0.0,1501.0810338625975,0.0,1501.0810338625975,4503.243101587792,0.0,15066.0,-0.08485111323915374,152.2277171230437
77,2025,5SB,5,SB,PM-Shoulder,1,OP,PM,3.0,70,8000,1.6,5.0,75,1800,1,4,0.05,0.01,4630.0,0.0,572.0,0.0,0.0,1.0,1.0,1.0,3.66,1.83,0.2448979591836735,0.2448979591836735,30,4.135,0.592,2778.0,0.0,343.2,0.0,0.0,3121.2,3807.6,1.0,1.2,0.3282413793103448,3807.6,0.0,1.0,55.56,2041.83,0.0,257.4,0.0,0.0,2340.8999999999996,0.186849115,0.934245575,,0.1345418827257284,0.13454188450538537,120.2128086270104,601.064043135052,68.16810395945848,74.91508889825819,1.2390086021408115,2.4027202349643755,2.6405311215205742,-0.23781088655619875,0.09467049362604427,274.711652405874,2447.7283475941263,0.0,0.0,274.711652405874,2790.928347594126,2790.928347594126,274.711652405874,0.15261758466993,274.711652405874,824.1349572176221,3477.328347594126,3477.328347594126,10431.985042782379,3752.04,3752.04,11256.12,0.469005,0.560547345,2.802736725,0.186849115,153.98888739667555,153.98888739667555,0.0,153.98888739667555,153.98888739667555,0.0,274.711652405874,0.0,274.711652405874,824.1349572176221,0.0,3121.2,-0.09006176243029969,141.42683367883578
78,2025,5SB,5,SB,PM-Peak,3,Peak,PM,3.0,70,8000,1.6,5.0,75,1800,1,4,0.05,0.01,4957.0,0.0,613.0,0.0,0.0,1.0,1.0,1.0,3.66,1.83,0.2448979591836735,0.2448979591836735,30,4.135,0.592,2974.2,0.0,367.8,0.0,0.0,3342.0,4077.6,1.0,1.2,0.35151724137931034,4077.6,0.0,1.0,59.483999999999995,2186.037,0.0,275.85,0.0,0.0,2506.5,0.212310187,1.061550935,,0.13002058850651504,0.1300205908251155,121.72518332714894,608.6259166357447,67.41447159508712,74.90041769296468,2.1241436411860612,2.4031908705484724,2.6700498534074044,-0.26685898285893206,0.13511115631100148,284.2298172370166,2630.4861827629834,0.0,0.0,284.2298172370166,2998.2861827629836,8994.85854828895,284.2298172370166,0.1579054540205648,852.6894517110499,2558.0683551331495,3733.8861827629835,11201.65854828895,33604.97564486685,4018.116,12054.348,36163.043999999994,0.5022645,0.636930561,3.1846528050000003,0.212310187,181.03465694570048,181.03465694570048,0.0,543.1039708371014,543.1039708371014,0.0,852.6894517110499,0.0,852.6894517110499,2558.0683551331495,0.0,10026.0,-0.09994531844354065,143.20609803193992
79,2025,5SB,5,SB,PM-Late,3,OP,PM,3.0,70,8000,1.6,5.0,75,1800,1,4,0.05,0.01,4118.0,0.0,509.0,0.0,0.0,1.0,1.0,1.0,3.66,1.83,0.2448979591836735,0.2448979591836735,30,4.135,0.592,2470.7999999999997,0.0,305.4,0.0,0.0,2776.2,3386.9999999999995,1.0,1.2,0.2919827586206896,3386.9999999999995,0.0,1.0,49.416,1816.0379999999996,0.0,229.04999999999998,0.0,0.0,2082.1499999999996,0.163716463,0.818582315,,0.13432925588463546,0.13432925755424527,120.28272356044415,601.4136178022208,68.96707133214696,74.94712060457177,1.103530358219143,2.401693334553803,2.6099411867602145,-0.2082478522064113,0.05276228300435133,243.94703319822153,2177.436966801778,0.0,0.0,243.94703319822153,2482.836966801778,7448.510900405334,243.94703319822153,0.13552612955456753,731.8410995946646,2195.5232987839936,3093.636966801778,9280.910900405333,27842.732701216002,3337.5839999999994,10012.751999999999,30038.255999999994,0.4171979999999999,0.49114938900000005,2.455746945,0.163716463,119.81443630366924,119.81443630366924,0.0,359.4433089110077,359.4433089110077,0.0,731.8410995946646,0.0,731.8410995946646,2195.5232987839936,0.0,8328.599999999999,-0.07979024709936647,141.50908654169902
80,2025,6NB,6,NB,Night,8,OP,NT,4.4,70,8000,1.6,6.5,75,1800,1,4,0.05,0.01,1554.0,0.0,192.0,0.0,0.0,1.0,1.0,1.0,3.66,1.83,0.282574568288854,0.282574568288854,30,4.103,0.708,1554.0,0.0,192.0,0.0,0.0,1746.0,2130.0,1.0,1.2,0.18362068965517242,2130.0,0.0,1.0,31.080000000000002,989.898,0.0,124.80000000000001,0.0,0.0,1134.9,0.1,0.5,,0.28257231784118086,0.28257270663252243,90.21320274575837,451.06601372879186,69.99175617411312,74.93339650996718,0.0,3.523128702232046,3.7718727808924735,-0.24874407866042736,0.0006085669655456276,279.71777228634926,1243.2022277136507,0.0,0.0,279.71777228634926,1435.2022277136507,11481.617821709206,279.71777228634926,0.15539876238130515,2237.742178290794,9846.065584479495,1819.2022277136507,14553.617821709206,64035.91841552051,2098.92,16791.36,73881.984,0.262365,0.44000000000000006,2.2,0.1,123.07581980599369,123.07581980599369,0.0,984.6065584479495,984.6065584479495,0.0,2237.742178290794,0.0,2237.742178290794,9846.065584479495,0.0,13968.0,-0.0659471019066479,106.1331797008922
81,2025,6NB,6,NB,AM-Early,1,OP,AM,4.4,70,8000,1.6,6.5,75,1800,1,4,0.05,0.01,2259.0,0.0,279.0,0.0,0.0,1.0,1.0,1.0,3.66,1.83,0.282574568288854,0.282574568288854,30,4.155,0.715,1564.6266206756663,0.0,193.24073801173566,0.0,0.0,1757.867358687402,2144.3488347108732,1.0,1.2,0.18485765816473046,2144.3488347108732,0.0,1.0,31.292532413513328,996.6671573703995,0.0,125.60647970762818,0.0,0.0,1142.6137831468113,0.1,0.5,,0.28257442633078245,0.28257440657918337,90.23742941655891,451.1871470827946,69.99138940516929,74.93155577867684,0.0,3.523215249657556,3.7718925462637265,-0.24867729660617055,0.0006356455241626823,281.6326502366723,1251.7014380254807,0.0,0.0,281.6326502366723,1444.9421760372163,1444.9421760372163,281.6326502366723,0.15646258346481795,281.6326502366723,1239.1836610413582,1831.4236520606878,1831.4236520606878,8058.264069067027,2113.05630229736,2113.05630229736,9297.447730108384,0.26413203778717004,0.44000000000000006,2.2,0.1,123.91836610413583,123.91836610413583,0.0,123.91836610413583,123.91836610413583,0.0,281.6326502366723,0.0,281.6326502366723,1239.1836610413582,0.0,1757.867358687402,-0.06592905114767904,106.1616816665399
82,2025,6NB,6,NB,AM-Peak,2,Peak,AM,4.4,70,8000,1.6,6.5,75,1800,1,4,0.05,0.01,4308.0,0.0,532.0,0.0,0.0,1.0,1.0,1.0,3.66,1.83,0.282574568288854,0.282574568288854,30,4.155,0.715,1564.6773001243973,0.0,193.22384486215861,0.0,0.0,1757.901144986556,2144.3488347108732,1.0,1.2,0.18485765816473046,2144.3488347108732,0.0,1.0,31.293546002487947,996.699440179241,0.0,125.59549916040311,0.0,0.0,1142.6357442412614,0.1,0.5,,0.28257442632700713,0.2825744065746001,90.23758594676559,451.18792973382796,69.99138967922859,74.93154691850144,0.0,3.523215666255189,3.771892531494449,-0.24867686523926036,0.0006356252902528939,281.6417725290982,1251.741981592811,0.0,0.0,281.6417725290982,1444.9658264549696,2889.931652909939,281.6417725290982,0.15646765140505456,563.2835450581964,2478.4475982560643,1831.413516179287,3662.827032358574,16116.438942377727,2113.055288708385,4226.11057741677,18594.88654063379,0.2641319110885481,0.44000000000000006,2.2,0.1,123.92237991280322,123.92237991280322,0.0,247.84475982560645,247.84475982560645,0.0,563.2835450581964,0.0,563.2835450581964,2478.4475982560643,0.0,3515.802289973112,-0.06592893704231094,106.16186581972423
83,2025,6NB,6,NB,AM-Shoulder,1,OP,AM,4.4,70,8000,1.6,6.5,75,1800,1,4,0.05,0.01,4049.0,0.0,500.0,0.0,0.0,1.0,1.0,1.0,3.66,1.83,0.282574568288854,0.282574568288854,30,4.155,0.715,1564.690652684146,0.0,193.21939400890912,0.0,0.0,1757.9100466930552,2144.3488347108732,1.0,1.2,0.18485765816473046,2144.3488347108732,0.0,1.0,31.29381305368292,996.7079457598011,0.0,125.59260610579094,0.0,0.0,1142.641530350486,0.1,0.5,,0.2825744263259938,0.2825744065733921,90.23762719043057,451.18813595215283,69.99138975143401,74.93154458396015,0.0,3.523215776023278,3.771892527603241,-0.24867675157996283,0.0006356199592970475,281.6441759876355,1251.7526636428277,0.0,0.0,281.6441759876355,1444.9720576517368,1444.9720576517368,281.6441759876355,0.1564689866597975,281.6441759876355,1239.2343743455963,1831.4108456695549,1831.4108456695549,8058.207720946042,2113.0550216571905,2113.0550216571905,9297.442095291639,0.2641318777071488,0.44000000000000006,2.2,0.1,123.92343743455963,123.92343743455963,0.0,123.92343743455963,123.92343743455963,0.0,281.6441759876355,0.0,281.6441759876355,1239.2343743455963,0.0,1757.9100466930552,-0.0659289069770974,106.16191434168302
84,2025,6NB,6,NB,MD,5,OP,MD,4.4,70,8000,1.6,6.5,75,1800,1,4,0.05,0.01,4439.0,0.0,549.0,0.0,0.0,1.0,1.0,1.0,3.66,1.83,0.282574568288854,0.282574568288854,30,4.136,0.708,3015.9640830728504,0.0,373.0038931306589,0.0,0.0,3388.9679762035094,4134.975762464827,1.0,1.2,0.356463427798692,4134.975762464827,0.0,1.0,60.31928166145701,1921.1691209174057,0.0,242.45253053492831,0.0,0.0,2202.829184532281,0.1,0.5,,0.2825735906894839,0.2825727593738317,93.43125003514493,467.1562501757246,69.39032006239405,74.0659973901663,0.8019048313540028,3.5643886439454215,3.8045652442965783,-0.24017660035115673,0.045397241829169585,542.8716568193906,2412.773144592003,0.0,0.0,542.8716568193906,2785.777037722662,13928.88518861331,542.8716568193906,0.3015953648996615,2714.358284096953,11943.176450026594,3531.7848239839795,17658.9241199199,77699.26612764756,4074.65648080337,20373.282404016853,89642.44257767416,0.5093320601004212,0.44000000000000006,2.2,0.1,238.8635290005319,238.8635290005319,0.0,1194.3176450026594,1194.3176450026594,0.0,2714.358284096953,0.0,2714.358284096953,11943.176450026594,0.0,16944.839881017546,-0.06312852715857754,109.91911768840579
85,2025,6NB,6,NB,PM-Shoulder,1,OP,PM,4.4,70,8000,1.6,6.5,75,1800,1,4,0.05,0.01,4956.0,0.0,613.0,0.0,0.0,1.0,1.0,1.0,3.66,1.83,0.282574568288854,0.282574568288854,30,4.135,0.592,4956.0,0.0,613.0,0.0,0.0,5569.0,6795.0,1.0,1.2,0.5857758620689655,6795.0,0.0,1.0,99.12,3156.972,0.0,398.45,0.0,0.0,3619.85,0.1,0.5,,0.28257456703988676,0.2825745601773561,29.360929191748244,146.80464595874122,57.29231901012777,68.68441812718329,1.3178762855577995,3.8436665432784163,4.6079475322570165,-0.7642809889786002,1.14603097633497,892.0799960570455,3964.8000039429544,0.0,0.0,892.0799960570455,4577.800003942954,4577.800003942954,892.0799960570455,0.49559999780946973,892.0799960570455,3925.1519826510003,5803.800003942954,5803.800003942954,25536.720017349002,6695.88,6695.88,29461.872000000003,0.836985,0.44000000000000006,2.2,0.1,392.5151982651001,392.5151982651001,0.0,392.5151982651001,392.5151982651001,0.0,892.0799960570455,0.0,892.0799960570455,3925.1519826510003,0.0,5569.0,-0.1658614781588557,34.54226963735088
86,2025,6NB,6,NB,PM-Peak,3,Peak,PM,4.4,70,8000,1.6,6.5,75,1800,1,4,0.05,0.01,5474.0,0.0,677.0,0.0,0.0,1.0,1.0,1.0,3.66,1.83,0.282574568288854,0.282574568288854,30,4.135,0.592,5474.0,0.0,677.0,0.0,0.0,6151.0,7505.0,1.0,1.2,0.6469827586206897,7505.0,0.0,1.0,109.48,3486.9380000000006,0.0,440.05,0.0,0.0,3998.15,0.5,2.5,,0.2825745571070866,0.28257444029224627,82.1596227739227,410.7981138696135,49.186274109853485,65.97168598713337,2.2741158474399974,4.001716737260415,5.367351050221405,-1.3656343129609896,2.1864137959461827,985.3199610098706,4379.2000389901295,0.0,0.0,985.3199610098706,5056.2000389901295,15168.600116970389,985.3199610098706,0.5473999783388169,2955.959883029612,13006.223485330293,6410.2000389901295,19230.60011697039,84614.64051466972,7395.52,22186.56,97620.86400000002,0.92444,2.2,11.0,0.5,2167.7039142217154,2167.7039142217154,0.0,6503.111742665146,6503.111742665146,0.0,2955.959883029612,0.0,2955.959883029612,13006.223485330293,0.0,18453.0,-0.2544335744360631,96.65837973402671
87,2025,6NB,6,NB,PM-Late,3,OP,PM,4.4,70,8000,1.6,6.5,75,1800,1,4,0.05,0.01,4463.0,0.0,552.0,0.0,0.0,1.0,1.0,1.0,3.66,1.83,0.282574568288854,0.282574568288854,30,4.135,0.592,1564.0184424439658,0.0,193.4434640889691,0.0,0.0,1757.4619065329348,2144.3488347108732,1.0,1.2,0.18485765816473046,2144.3488347108732,0.0,1.0,31.280368848879316,996.2797478368062,0.0,125.73825165782992,0.0,0.0,1142.3502392464077,0.1,0.5,,0.26865708165092467,0.2686570816563924,90.03447852710221,450.172392635511,69.99096079211677,74.94298812059354,0.0,3.5226777930870306,3.771915644709008,-0.2492378516219773,0.0006672903941983066,267.65760956175546,1265.080464033331,0.0,0.0,267.65760956175546,1458.5239281223003,4375.571784366901,267.65760956175546,0.14869867197875303,802.9728286852664,3533.0804462151727,1845.4108563002383,5536.232568900715,24359.42330316315,2113.068465861994,6339.205397585982,27892.50374937832,0.26413355823274925,0.44000000000000006,2.2,0.1,117.76934820717241,117.76934820717241,0.0,353.30804462151724,353.30804462151724,0.0,802.9728286852664,0.0,802.9728286852664,3533.0804462151727,0.0,5272.385719598804,-0.06607726023024708,105.92291591423789
88,2025,6SB,6,SB,Night,8,OP,NT,4.4,70,8000,1.6,5.0,75,1800,1,4,0.05,0.01,1437.0,0.0,178.0,0.0,0.0,1.0,1.0,1.0,3.66,1.83,0.282574568288854,0.282574568288854,30,4.103,0.708,1016.6733932853045,0.0,125.9344913046515,0.0,0.0,1142.607884589956,1394.476867199259,1.0,1.2,0.12021352303441887,1394.476867199259,0.0,1.0,20.33346786570609,647.620951522739,0.0,81.85741934802348,0.0,0.0,742.6951249834715,0.1,0.5,,0.28257400044024245,0.2825726009618859,89.28289063819865,446.41445319099324,69.99108160156875,74.98778922573719,0.0,3.5205731856592775,3.771909134121494,-0.2513359484622164,0.0006583708893039215,183.00084304069668,813.3390823789018,0.0,0.0,183.00084304069668,939.2735736835533,7514.1885894684265,183.00084304069668,0.10166713502260927,1464.0067443255734,6441.629675032524,1191.1425562928564,9529.140450342851,41928.21798150855,1374.1433993335531,10993.147194668425,48369.84765654107,0.17176792491669415,0.44000000000000006,2.2,0.09999999999999999,80.52037093790655,80.52037093790655,0.0,644.1629675032524,644.1629675032524,0.0,1464.0067443255734,0.0,1464.0067443255734,6441.629675032524,0.0,9140.863076719648,-0.0666336169629798,105.03869486846901
89,2025,6SB,6,SB,AM-Early,1,OP,AM,4.4,70,8000,1.6,5.0,75,1800,1,4,0.05,0.01,3401.0,0.0,420.0,0.0,0.0,1.0,1.0,1.0,3.66,1.83,0.282574568288854,0.282574568288854,30,4.155,0.715,1017.5103680207421,0.0,125.65549972617222,0.0,0.0,1143.1658677469143,1394.4768671992588,1.0,1.2,0.12021352303441886,1394.4768671992588,0.0,1.0,20.350207360414842,648.1541044292128,0.0,81.67607482201194,0.0,0.0,743.0578140354943,0.1,0.5,,0.2825738924800077,0.28257388451588417,89.28366776417653,446.41833882088264,69.99108714222241,74.98774898947843,0.0,3.5205750746970943,3.771908835528587,-0.2513337608314927,0.0006579618170218679,183.15142821545606,814.0087324448713,0.0,0.0,183.15142821545606,939.6642321710435,939.6642321710435,183.15142821545606,0.10175079345303115,183.15142821545606,805.8662841480068,1190.975231623388,1190.975231623388,5240.291019142907,1374.126659838844,1374.126659838844,6046.157303290915,0.1717658324798555,0.44000000000000006,2.2,0.1,80.58662841480069,80.58662841480069,0.0,80.58662841480069,80.58662841480069,0.0,183.15142821545606,0.0,183.15142821545606,805.8662841480068,0.0,1143.1658677469143,-0.06663304225810414,105.03960913432533
90,2025,6SB,6,SB,AM-Peak,2,Peak,AM,4.4,70,8000,1.6,5.0,75,1800,1,4,0.05,0.01,4170.0,0.0,515.0,0.0,0.0,1.0,1.0,1.0,3.66,1.83,0.282574568288854,0.282574568288854,30,4.155,0.715,3888.0679870021613,0.0,480.18105834678965,0.0,0.0,4368.249045348951,5328.611162042531,1.0,1.2,0.459363031210563,5328.611162042531,0.0,1.0,77.76135974004323,2476.699307720377,0.0,312.1176879254133,0.0,0.0,2839.361879476818,0.5,2.5,,0.1383047187878813,0.13830472385294587,138.7809466758269,693.9047333791345,60.84446302529305,74.77770893153534,4.287345517619558,3.5304638744911534,4.338932203087324,-0.8084683285961702,0.7774799753724914,342.539201276407,3467.7674259857113,0.0,0.0,342.539201276407,3947.948484332501,7895.896968665002,342.539201276407,0.19029955626467057,685.078402552814,3014.3449712323822,4908.31060102608,9816.62120205216,43193.13328902951,5250.849802302487,10501.699604604974,46207.478260261894,0.6563562252878108,2.2,11.0,0.5,753.5862428080956,753.5862428080956,0.0,1507.1724856161911,1507.1724856161911,0.0,685.078402552814,0.0,685.078402552814,3014.3449712323822,0.0,8736.498090697902,-0.18632886866056877,163.27170197156104
91,2025,6SB,6,SB,AM-Shoulder,1,OP,AM,4.4,70,8000,1.6,5.0,75,1800,1,4,0.05,0.01,3163.0,0.0,391.0,0.0,0.0,1.0,1.0,1.0,3.66,1.83,0.282574568288854,0.282574568288854,30,4.155,0.715,1017.2348549241825,0.0,125.7473374250254,0.0,0.0,1142.982192349208,1394.4768671992588,1.0,1.2,0.12021352303441886,1394.4768671992588,0.0,1.0,20.34469709848365,647.9786025867043,0.0,81.73576932626652,0.0,0.0,742.9384250269852,0.1,0.5,,0.28257389293106877,0.28257388571571557,89.28341166623774,446.4170583311887,69.991085317833,74.98776225076746,0.0,3.5205744520973234,3.771908933847259,-0.25133448174993545,0.0006580965136017602,183.10183626895892,813.78832155674,0.0,0.0,183.10183626895892,939.5356589817654,939.5356589817654,183.10183626895892,0.10172324237164385,183.10183626895892,805.6480795834193,1191.0303338318163,1191.0303338318163,5240.533468859992,1374.1321701007753,1374.1321701007753,6046.181548443412,0.17176652126259692,0.44000000000000006,2.2,0.1,80.56480795834193,80.56480795834193,0.0,80.56480795834193,80.56480795834193,0.0,183.10183626895892,0.0,183.10183626895892,805.6480795834193,0.0,1142.982192349208,-0.06663323164951922,105.03930784263262
92,2025,6SB,6,SB,MD,5,OP,MD,4.4,70,8000,1.6,5.0,75,1800,1,4,0.05,0.01,4365.0,0.0,539.0,0.0,0.0,1.0,1.0,1.0,3.66,1.83,0.282574568288854,0.282574568288854,30,4.136,0.708,1017.5345244608434,0.0,125.64744757947184,0.0,0.0,1143.1819720403153,1394.4768671992588,1.0,1.2,0.12021352303441886,1394.4768671992588,0.0,1.0,20.35069048921687,648.1694920815572,0.0,81.6708409266567,0.0,0.0,743.068281826205,0.1,0.5,,0.2825743752378104,0.28257436799547786,89.28369170374864,446.41845851874325,69.99108731367814,74.98774775089228,0.0,3.5205751328470676,3.7719088262886196,-0.251333693441552,0.0006579491582666217,183.15608927315495,814.0277446984716,0.0,0.0,183.15608927315495,939.6751922779434,4698.375961389717,183.15608927315495,0.10175338292953053,915.7804463657748,4029.4339640094095,1190.970087436887,5954.850437184436,26201.34192361152,1374.126176710042,6870.6308835502105,30230.775887620926,0.17176577208875526,0.44000000000000006,2.2,0.1,80.58867928018819,80.58867928018819,0.0,402.94339640094097,402.94339640094097,0.0,915.7804463657748,0.0,915.7804463657748,4029.4339640094095,0.0,5715.9098602015765,-0.06663302455506394,105.03963729852782
93,2025,6SB,6,SB,PM-Shoulder,1,OP,PM,4.4,70,8000,1.6,5.0,75,1800,1,4,0.05,0.01,4521.0,0.0,559.0,0.0,0.0,1.0,1.0,1.0,3.66,1.83,0.282574568288854,0.282574568288854,30,4.135,0.592,1017.171654825403,0.0,125.76840412461851,0.0,0.0,1142.9400589500215,1394.4768671992585,1.0,1.2,0.12021352303441885,1394.4768671992585,0.0,1.0,20.34343309650806,647.9383441237817,0.0,81.74946268100203,0.0,0.0,742.911038317514,0.1,0.5,,0.2735129891377959,0.2735129882892583,89.25663462693741,446.283173134687,69.9908667912687,74.9891174530007,0.0,3.5205108283273443,3.771920710559535,-0.25140988223219063,0.0006742306094204412,177.21955327828937,819.6086684506056,0.0,0.0,177.21955327828937,945.3770725752241,945.3770725752241,177.21955327828937,0.09845530737682742,177.21955327828937,779.7660344244733,1196.913880824461,1196.913880824461,5266.421075627629,1374.1334341027505,1374.1334341027505,6046.187110052102,0.1717666792628438,0.44000000000000006,2.2,0.1,77.97660344244733,77.97660344244733,0.0,77.97660344244733,77.97660344244733,0.0,177.21955327828937,0.0,177.21955327828937,779.7660344244733,0.0,1142.9400589500215,-0.06665301355046138,105.00780544345578
94,2025,6SB,6,SB,PM-Peak,3,Peak,PM,4.4,70,8000,1.6,5.0,75,1800,1,4,0.05,0.01,4840.0,0.0,598.0,0.0,0.0,1.0,1.0,1.0,3.66,1.83,0.282574568288854,0.282574568288854,30,4.135,0.592,1017.3753447760645,0.0,125.70050747439805,0.0,0.0,1143.0758522504625,1394.4768671992588,1.0,1.2,0.12021352303441886,1394.4768671992588,0.0,1.0,20.34750689552129,648.0680946223531,0.0,81.70532985835874,0.0,0.0,742.9993039628007,0.1,0.5,,0.27351193253031697,0.2735119316812671,89.25680239922325,446.2840119961162,69.99086809670244,74.98910888561491,0.0,3.520511230540077,3.771920640207606,-0.251409409667529,0.000674134227277838,177.2543569714001,819.773480909143,0.0,0.0,177.2543569714001,945.473988383541,2836.4219651506232,177.2543569714001,0.09847464276188896,531.7630709142004,2339.757512022482,1196.8750033323372,3590.6250099970116,15798.750043986853,1374.1293603037373,4122.3880809112125,18138.507556009336,0.17176617003796715,0.44000000000000006,2.2,0.09999999999999999,77.99191706741605,77.99191706741605,0.0,233.97575120224815,233.97575120224815,0.0,531.7630709142004,0.0,531.7630709142004,2339.757512022482,0.0,3429.2275567513875,-0.06665288950874944,105.00800282261558
95,2025,6SB,6,SB,PM-Late,3,OP,PM,4.4,70,8000,1.6,5.0,75,1800,1,4,0.05,0.01,4021.0,0.0,497.0,0.0,0.0,1.0,1.0,1.0,3.66,1.83,0.282574568288854,0.282574568288854,30,4.135,0.592,1017.2698626647713,0.0,125.73566817816248,0.0,0.0,1143.0055308429337,1394.4768671992588,1.0,1.2,0.12021352303441886,1394.4768671992588,0.0,1.0,20.345397253295427,648.0009025174593,0.0,81.72818431580562,0.0,0.0,742.9535950479069,0.1,0.5,,0.27351247976303933,0.2735124789142683,89.25671550738025,446.2835775369012,69.99086742069686,74.98911332290379,0.0,3.5205110222228346,3.7719206766386364,-0.25140965441580176,0.0006741841377897152,177.2363337362378,819.688131675238,0.0,0.0,177.2363337362378,945.4237998534004,2836.271399560201,177.2363337362378,0.09846462985346545,531.7090012087134,2339.519605318339,1196.8951362097255,3590.6854086291764,15799.015797968377,1374.1314699459633,4122.39440983789,18138.535403286718,0.1717664337432454,0.44000000000000006,2.2,0.09999999999999999,77.98398684394465,77.98398684394465,0.0,233.95196053183395,233.95196053183395,0.0,531.7090012087134,0.0,531.7090012087134,2339.519605318339,0.0,3429.016592528801,-0.06665295375189241,105.00790059691793
96,2025,7NB,7,NB,Night,8,OP,NT,5.6,70,6000,1.6,6.5,75,1800,1,4,0.05,0.01,769.0,0.0,95.0,0.0,0.0,1.0,1.0,1.0,3.66,1.83,0.35502958579881655,0.35502958579881655,30,4.103,0.708,769.0,0.0,95.0,0.0,0.0,864.0,1054.0,1.0,1.2,0.10979166666666666,1054.0,0.0,1.0,15.38,489.853,0.0,61.75,0.0,0.0,561.6,0.1,0.5,,0.2912762888836752,0.29127628885782214,89.31409227891464,446.5704613945732,69.99946409909816,74.99554075319321,0.0,4.480266381514071,4.800036747771743,-0.3197703662576714,5.0344447287538616e-05,142.68256393853494,610.9374360614651,0.0,0.0,142.68256393853494,705.9374360614651,5647.4994884917205,142.68256393853494,0.07926809107696385,1141.4605115082795,6392.178864446365,895.9374360614651,7167.4994884917205,40137.99713555363,1038.62,8308.96,46530.176,0.1731033333333333,0.5599999999999999,2.8,0.1,79.90223580557956,79.90223580557956,0.0,639.2178864446365,639.2178864446365,0.0,1141.4605115082795,0.0,1141.4605115082795,6392.178864446365,0.0,6912.0,-0.06661831628812304,105.07540268107604
97,2025,7NB,7,NB,AM-Early,1,OP,AM,5.6,70,6000,1.6,6.5,75,1800,1,4,0.05,0.01,930.0,0.0,115.0,0.0,0.0,1.0,1.0,1.0,3.66,1.83,0.35502958579881655,0.35502958579881655,30,4.155,0.715,930.0,0.0,115.0,0.0,0.0,1045.0,1275.0,1.0,1.2,0.1328125,1275.0,0.0,1.0,18.6,592.41,0.0,74.75,0.0,0.0,679.25,0.1,0.5,,0.3179397377583706,0.3179397377310171,89.43655173337842,447.18275866689214,69.99831807881198,74.98689723973641,0.0,4.480782808305739,4.800115334509801,-0.31933252620406183,0.0001580082784275244,188.35068004543632,723.0493199545637,0.0,0.0,188.35068004543632,838.0493199545637,838.0493199545637,188.35068004543632,0.10463926669190907,188.35068004543632,1054.7638082544433,1068.0493199545635,1068.0493199545635,5981.076191745556,1256.3999999999999,1256.3999999999999,7035.839999999999,0.20939999999999998,0.5599999999999999,2.8,0.1,105.47638082544432,105.47638082544432,0.0,105.47638082544432,105.47638082544432,0.0,188.35068004543632,0.0,188.35068004543632,1054.7638082544433,0.0,1045.0,-0.06652601113732881,105.21947262750402
98,2025,7NB,7,NB,AM-Peak,2,Peak,AM,5.6,70,6000,1.6,6.5,75,1800,1,4,0.05,0.01,1497.0,0.0,185.0,0.0,0.0,1.0,1.0,1.0,3.66,1.83,0.35502958579881655,0.35502958579881655,30,4.155,0.715,1216.7333462711306,0.0,150.3645083902199,0.0,0.0,1367.0978546613505,1667.8268714417902,1.0,1.2,0.1737319657751865,1667.8268714417902,0.0,1.0,24.334666925422614,775.0591415747102,0.0,97.73693045364294,0.0,0.0,888.6136055298779,0.1,0.5,,0.31649540584852803,0.316495405857775,89.6961511811505,448.48075590575246,69.99031582457935,74.9622538508201,0.0,4.482255838633967,4.800664149625151,-0.3184083109911837,0.0009098849864573116,245.30265756929967,947.0960217764083,0.0,0.0,245.30265756929967,1097.4605301666281,2194.9210603332563,245.30265756929967,0.13627925420516648,490.60531513859934,2747.389764776156,1398.189546947068,2796.379093894136,15659.72292580716,1643.4922045163678,3286.9844090327356,18407.112690583315,0.27391536741939465,0.5599999999999999,2.8,0.1,137.3694882388078,137.3694882388078,0.0,274.7389764776156,274.7389764776156,0.0,490.60531513859934,0.0,490.60531513859934,2747.389764776156,0.0,2734.195709322701,-0.06632588764120188,105.52488374252998
99,2025,7NB,7,NB,AM-Shoulder,1,OP,AM,5.6,70,6000,1.6,6.5,75,1800,1,4,0.05,0.01,1769.0,0.0,219.0,0.0,0.0,1.0,1.0,1.0,3.66,1.83,0.35502958579881655,0.35502958579881655,30,4.155,0.715,1216.1524054330284,0.0,150.55815533625395,0.0,0.0,1366.7105607692824,1667.8268714417902,1.0,1.2,0.1737319657751865,1667.8268714417902,0.0,1.0,24.32304810866057,774.6890822608392,0.0,97.86280096856507,0.0,0.0,888.3618645000336,0.1,0.5,,0.3165023848138908,0.31650238482306886,89.69489378788754,448.47446893943766,69.99031088074834,74.96232283039424,0.0,4.482251714107308,4.800664488724549,-0.31841277461724093,0.0009103495526332258,245.19094202484004,946.6384152995278,0.0,0.0,245.19094202484004,1097.1965706357817,1097.1965706357817,245.19094202484004,0.13621719001380003,245.19094202484004,1373.0692753391043,1398.3128813082897,1398.3128813082897,7830.552135326421,1643.5038233331297,1643.5038233331297,9203.621410665526,0.27391730388885493,0.5599999999999999,2.8,0.1,137.3069275339104,137.3069275339104,0.0,137.3069275339104,137.3069275339104,0.0,245.19094202484004,0.0,245.19094202484004,1373.0692753391043,0.0,1366.7105607692824,-0.06632681274959032,105.52340445633827
100,2025,7NB,7,NB,MD,5,OP,MD,5.6,70,6000,1.6,6.5,75,1800,1,4,0.05,0.01,2550.0,0.0,315.0,0.0,0.0,1.0,1.0,1.0,3.66,1.83,0.35502958579881655,0.35502958579881655,30,4.136,0.708,1216.8693911807052,0.0,150.31916008702828,0.0,0.0,1367.1885512677334,1667.82687144179,1.0,1.2,0.17373196577518646,1667.82687144179,0.0,1.0,24.337387823614105,775.1458021821093,0.0,97.70745405656838,0.0,0.0,888.6725583240267,0.1,0.5,,0.30579845924253934,0.3057984592531683,89.61467095457468,448.0733547728733,69.98994428796762,74.9666696738104,0.0,4.481991816656377,4.80068963360732,-0.3186978169509427,0.0009447980420287353,237.0383919956112,955.4936113614799,0.0,0.0,237.0383919956112,1105.812771448508,5529.0638572425405,237.0383919956112,0.13168799555311733,1185.191959978056,6637.0749758771135,1406.4510916225647,7032.255458112823,39380.630565431806,1643.4894836181759,8217.44741809088,46017.70554130892,0.27391491393636264,0.5599999999999999,2.8,0.1,132.74149951754225,132.74149951754225,0.0,663.7074975877113,663.7074975877113,0.0,1185.191959978056,0.0,1185.191959978056,6637.0749758771135,0.0,6835.942756338667,-0.0663858406342065,105.42902465244077
101,2025,7NB,7,NB,PM-Shoulder,1,OP,PM,5.6,70,6000,1.6,6.5,75,1800,1,4,0.05,0.01,3265.0,0.0,404.0,0.0,0.0,1.0,1.0,1.0,3.66,1.83,0.35502958579881655,0.35502958579881655,30,4.135,0.592,1216.3177876384734,0.0,150.50302793443896,0.0,0.0,1366.8208155729124,1667.8268714417904,1.0,1.2,0.17373196577518651,1667.8268714417904,0.0,1.0,24.32635575276947,774.7944307257077,0.0,97.82696815738532,0.0,0.0,888.4335301223931,0.1,0.5,,0.27260802689770164,0.272608026909918,89.40056217581484,447.0028108790742,69.98870465621759,74.9780156343506,0.0,4.481313584485746,4.800774662860555,-0.3194610783748093,0.0010612881189613354,211.21518101146316,980.7762508742408,0.0,0.0,211.21518101146316,1131.2792788086797,1131.2792788086797,211.21518101146316,0.11734176722859065,211.21518101146316,1182.8050136641937,1432.2853346775578,1432.2853346775578,8020.797874194323,1643.5005156890209,1643.5005156890209,9203.602887858517,0.27391675261483683,0.5599999999999999,2.8,0.1,118.28050136641936,118.28050136641936,0.0,118.28050136641936,118.28050136641936,0.0,211.21518101146316,0.0,211.21518101146316,1182.8050136641937,0.0,1366.8208155729124,-0.06654365197479556,105.17713197154687
102,2025,7NB,7,NB,PM-Peak,3,Peak,PM,5.6,70,6000,1.6,6.5,75,1800,1,4,0.05,0.01,3772.0,0.0,466.0,0.0,0.0,1.0,1.0,1.0,3.66,1.83,0.35502958579881655,0.35502958579881655,30,4.135,0.592,2932.5413302551465,0.0,362.2916913835891,0.0,0.0,3294.8330216387358,4019.416404405914,1.0,1.2,0.4186892087922827,4019.416404405914,0.0,1.0,58.65082660510293,1868.0288273725284,0.0,235.48959939933295,0.0,0.0,2141.6414640651783,0.5,2.5,,0.04171861108102776,0.04171862482881394,174.1296615195798,870.648307597899,63.39351051838931,74.9975138018528,8.134490436630267,4.48014851382579,5.300227061925092,-0.8200785480993025,0.6853110748373755,77.93156813730285,2795.958935512741,0.0,0.0,77.93156813730285,3158.2506268963302,9474.751880688991,77.93156813730285,0.04329531563183491,233.79470441190853,1309.2503447066877,3882.8340096635084,11648.502028990526,65231.61136234694,3960.765577800811,11882.296733402434,66540.86170705363,0.6601275963001352,2.8,14.0,0.5,218.20839078444797,218.20839078444797,0.0,654.6251723533439,654.6251723533439,0.0,233.79470441190853,0.0,233.79470441190853,1309.2503447066877,0.0,9884.499064916206,-0.15472517281201953,204.85842531715272
103,2025,7NB,7,NB,PM-Late,3,OP,PM,5.6,70,6000,1.6,6.5,75,1800,1,4,0.05,0.01,2896.0,0.0,358.0,0.0,0.0,1.0,1.0,1.0,3.66,1.83,0.35502958579881655,0.35502958579881655,30,4.135,0.592,1216.6313903514922,0.0,150.39849369676594,0.0,0.0,1367.029884048258,1667.82687144179,1.0,1.2,0.17373196577518646,1667.82687144179,0.0,1.0,24.332627807029844,774.9941956539005,0.0,97.75902090289786,0.0,0.0,888.5694246313677,0.1,0.5,,0.27260540736986155,0.27260540738210376,89.40097947123122,447.00489735615605,69.9887072981051,74.97799371763794,0.0,4.481314894412263,4.800774481644083,-0.31945958723182066,0.0010610398523945882,211.26760841550976,981.0311541289525,0.0,0.0,211.26760841550976,1131.4296478257183,3394.288943477155,211.26760841550976,0.11737089356417209,633.8028252465292,3549.295821380563,1432.2266352192503,4296.679905657751,24061.407471683404,1643.49424363476,4930.48273090428,27610.70329306397,0.27391570727246,0.5599999999999999,2.8,0.1,118.30986071268545,118.30986071268545,0.0,354.92958213805633,354.92958213805633,0.0,633.8028252465292,0.0,633.8028252465292,3549.295821380563,0.0,4101.089652144774,-0.06654334388196836,105.17762290733083
104,2025,7SB,7,SB,Night,8,OP,NT,5.6,70,6000,1.6,5.0,75,1800,1,4,0.05,0.01,729.0,0.0,90.0,0.0,0.0,1.0,1.0,1.0,3.66,1.83,0.35502958579881655,0.35502958579881655,30,4.103,0.708,729.0,0.0,90.0,0.0,0.0,819.0,999.0,1.0,1.2,0.1040625,999.0,0.0,1.0,14.58,464.373,0.0,58.5,0.0,0.0,532.35,0.1,0.5,,0.29201308778405816,0.29201308775358004,89.1784446912523,445.8922234562615,69.99309010272924,74.99636559580763,0.0,4.480217105597751,4.800473868304014,-0.32025676270626313,0.0006491995764986432,135.60299361354643,578.8170063864535,0.0,0.0,135.60299361354643,668.8170063864535,5350.536051091628,135.60299361354643,0.07533499645197024,1084.8239489083714,6075.014113886879,848.8170063864535,6790.536051091628,38027.00188611312,984.42,7875.36,44102.015999999996,0.16407,0.5599999999999999,2.8,0.1,75.937676423586,75.937676423586,0.0,607.501411388688,607.501411388688,0.0,1084.8239489083714,0.0,1084.8239489083714,6075.014113886879,0.0,6552.0,-0.06671357276222575,104.91581728382621
105,2025,7SB,7,SB,AM-Early,1,OP,AM,5.6,70,6000,1.6,5.0,75,1800,1,4,0.05,0.01,2298.0,0.0,284.0,0.0,0.0,1.0,1.0,1.0,3.66,1.83,0.35502958579881655,0.35502958579881655,30,4.155,0.715,791.2365039071351,0.0,97.78553834187396,0.0,0.0,889.022042249009,1084.593118932757,1.0,1.2,0.11297844988882887,1084.593118932757,0.0,1.0,15.824730078142702,504.0176529888451,0.0,63.560599922218074,0.0,0.0,577.8643274618559,0.1,0.5,,0.31936741530099616,0.31936741528077767,89.18117075374487,445.9058537687243,69.99031982581707,74.99302126356741,0.0,4.4804169019822275,4.800663875178649,-0.32024697319642126,0.000909508994749196,160.96681510112185,614.4449587278706,0.0,0.0,160.96681510112185,712.2304970697445,712.2304970697445,160.96681510112185,0.08942600838951215,160.96681510112185,901.4141645662824,907.8015737534924,907.8015737534924,5083.6888130195575,1068.7683888546144,1068.7683888546144,5985.10297758584,0.1781280648091024,0.5599999999999999,2.8,0.10000000000000002,90.14141645662824,90.14141645662824,0.0,90.14141645662824,90.14141645662824,0.0,160.96681510112185,0.0,160.96681510112185,901.4141645662824,0.0,889.022042249009,-0.06670889308710533,104.91902441617042
106,2025,7SB,7,SB,AM-Peak,2,Peak,AM,5.6,70,6000,1.6,5.0,75,1800,1,4,0.05,0.01,3435.0,0.0,425.0,0.0,0.0,1.0,1.0,1.0,3.66,1.83,0.35502958579881655,0.35502958579881655,30,4.155,0.715,790.9930708140168,0.0,97.86668270624662,0.0,0.0,888.8597535202634,1084.5931189327566,1.0,1.2,0.11297844988882881,1084.5931189327566,0.0,1.0,15.819861416280338,503.8625861085288,0.0,63.61334375906031,0.0,0.0,577.7588397881713,0.5,2.5,,0.01000205427273465,0.010002202780019509,444.23966305526164,2221.198315276308,69.97888692329923,74.99999864733992,0.0,4.480000080798897,4.801448190627479,-0.32144810982858196,0.0019840211596458134,5.039660932257941,770.1335484654786,0.0,0.0,5.039660932257941,868.0002311717252,1736.0004623434504,5.039660932257941,0.0027998116290321893,10.079321864515881,56.44420244128893,1063.7335965842185,2127.467193168437,11913.816281743246,1068.7732575164764,2137.546515032953,11970.260484184535,0.17812887625274607,2.8,14.0,0.5,14.111050610322232,14.111050610322232,0.0,28.222101220644465,28.222101220644465,0.0,10.079321864515881,0.0,10.079321864515881,56.44420244128893,0.0,1777.7195070405269,-0.06694815752798396,522.6348977120725
107,2025,7SB,7,SB,AM-Shoulder,1,OP,AM,5.6,70,6000,1.6,5.0,75,1800,1,4,0.05,0.01,3333.0,0.0,412.0,0.0,0.0,1.0,1.0,1.0,3.66,1.83,0.35502958579881655,0.35502958579881655,30,4.155,0.715,791.190384198485,0.0,97.80091157809055,0.0,0.0,888.9912957765756,1084.5931189327566,1.0,1.2,0.11297844988882881,1084.5931189327566,0.0,1.0,15.8238076839697,503.98827473443504,0.0,63.57059252575886,0.0,0.0,577.8443422547741,0.1,0.5,,0.31936761751749465,0.31936761749727965,89.1811346672267,445.9056733361335,69.99031933954548,74.99302287429644,0.0,4.4804168057501075,4.800663908532211,-0.3202471027821039,0.000909554689129016,160.95753455868908,614.4090419558263,0.0,0.0,160.95753455868908,712.2099535339169,712.2099535339169,160.95753455868908,0.08942085253260504,160.95753455868908,901.3621935286587,907.811776690098,907.811776690098,5083.745949464548,1068.769311248787,1068.769311248787,5985.108142993207,0.17812821854146452,0.5599999999999999,2.8,0.1,90.13621935286588,90.13621935286588,0.0,90.13621935286588,90.13621935286588,0.0,160.95753455868908,0.0,160.95753455868908,901.3621935286587,0.0,888.9912957765756,-0.06670891961691576,104.91898196144317
108,2025,7SB,7,SB,MD,5,OP,MD,5.6,70,6000,1.6,5.0,75,1800,1,4,0.05,0.01,2635.0,0.0,326.0,0.0,0.0,1.0,1.0,1.0,3.66,1.83,0.35502958579881655,0.35502958579881655,30,4.136,0.708,791.0054991386147,0.0,97.86253993138081,0.0,0.0,888.8680390699956,1084.593118932757,1.0,1.2,0.11297844988882887,1084.593118932757,0.0,1.0,15.820109982772294,503.87050295129757,0.0,63.61065095539753,0.0,0.0,577.7642253954972,0.1,0.5,,0.3083146272430695,0.30831462722968156,89.1614105293033,445.80705264651647,69.99002196278596,74.99386726770459,0.0,4.480366358499494,4.800684305809375,-0.3203179473098805,0.0009374989588430759,155.35064629620726,619.8347428596351,0.0,0.0,155.35064629620726,717.6972827910158,3588.486413955079,155.35064629620726,0.08630591460900404,776.7532314810363,4349.818096293803,913.4223626537776,4567.111813268888,25575.82615430577,1068.7730089499848,5343.865044749924,29925.644250599573,0.17812883482499747,0.5599999999999999,2.8,0.1,86.99636192587606,86.99636192587606,0.0,434.9818096293803,434.9818096293803,0.0,776.7532314810363,0.0,776.7532314810363,4349.818096293803,0.0,4444.340195349978,-0.06672339335503885,104.89577709329798
109,2025,7SB,7,SB,PM-Shoulder,1,OP,PM,5.6,70,6000,1.6,5.0,75,1800,1,4,0.05,0.01,2723.0,0.0,336.0,0.0,0.0,1.0,1.0,1.0,3.66,1.83,0.35502958579881655,0.35502958579881655,30,4.135,0.592,791.5698372698732,0.0,97.67442722096122,0.0,0.0,889.2442644908344,1084.5931189327569,1.0,1.2,0.11297844988882884,1084.5931189327569,0.0,1.0,15.831396745397464,504.22998634090925,0.0,63.4883776936248,0.0,0.0,578.0087719190424,0.1,0.5,,0.2744467444125349,0.27444674440710515,89.1086180748102,445.54309037405096,69.98907732513075,74.99595925057608,0.0,4.480241380437027,4.800749100307879,-0.3205077198708519,0.0010262674217940435,138.3842781864395,637.3541623380363,0.0,0.0,138.3842781864395,735.0285895589975,735.0285895589975,138.3842781864395,0.07688015454802194,138.3842781864395,774.9519578440612,930.3774440009199,930.3774440009199,5210.113686405151,1068.7617221873595,1068.7617221873595,5985.065644249213,0.17812695369789325,0.5599999999999999,2.8,0.1,77.4951957844061,77.4951957844061,0.0,77.4951957844061,77.4951957844061,0.0,138.3842781864395,0.0,138.3842781864395,774.9519578440612,0.0,889.2442644908344,-0.06676202258732856,104.8336683233061
110,2025,7SB,7,SB,PM-Peak,3,Peak,PM,5.6,70,6000,1.6,5.0,75,1800,1,4,0.05,0.01,2613.0,0.0,323.0,0.0,0.0,1.0,1.0,1.0,3.66,1.83,0.35502958579881655,0.35502958579881655,30,4.135,0.592,791.1897877641803,0.0,97.80111038952553,0.0,0.0,888.9908981537059,1084.5931189327569,1.0,1.2,0.11297844988882884,1084.5931189327569,0.0,1.0,15.823795755283607,503.98789480578284,0.0,63.5707217531916,0.0,0.0,577.8440837999088,0.1,0.5,,0.2744480089145287,0.2744480089091046,89.10841796352767,445.5420898176383,69.98907352711713,74.9959669380769,0.0,4.480240921187541,4.800749360824407,-0.3205084396368667,0.0010266243294381108,138.31847424647205,637.0475177624246,0.0,0.0,138.31847424647205,734.8486281519502,2204.5458844558507,138.31847424647205,0.07684359680359558,414.9554227394161,2323.75036734073,930.4508489310012,2791.352546793004,15631.574262040822,1068.7693231774733,3206.30796953242,17955.324629381554,0.17812822052957888,0.5599999999999999,2.8,0.1,77.45834557802434,77.45834557802434,0.0,232.375036734073,232.375036734073,0.0,414.9554227394161,0.0,414.9554227394161,2323.75036734073,0.0,2666.9726944611175,-0.0667621688922805,104.83343289826784
111,2025,7SB,7,SB,PM-Late,3,OP,PM,5.6,70,6000,1.6,5.0,75,1800,1,4,0.05,0.01,2089.0,0.0,258.0,0.0,0.0,1.0,1.0,1.0,3.66,1.83,0.35502958579881655,0.35502958579881655,30,4.135,0.592,791.3779341426928,0.0,97.73839493002141,0.0,0.0,889.1163290727142,1084.593118932757,1.0,1.2,0.11297844988882887,1084.593118932757,0.0,1.0,15.827558682853855,504.10774404889537,0.0,63.52995670451392,0.0,0.0,577.9256138972643,0.1,0.5,,0.2744473830388716,0.2744473830334447,89.10851701013875,445.54258505069373,69.98907540749252,74.99596313367908,0.0,4.480241148461357,4.800749231844121,-0.32050808338276404,0.0010264476264460148,138.35105112384863,637.1993243359904,0.0,0.0,138.35105112384863,734.9377192660118,2204.8131577980353,138.35105112384863,0.0768616950688048,415.05315337154593,2324.297658880657,930.4145091260546,2791.243527378164,15630.963753317717,1068.7655602499033,3206.2966807497096,17955.261412198375,0.17812759337498388,0.5599999999999999,2.8,0.1,77.47658862935523,77.47658862935523,0.0,232.4297658880657,232.4297658880657,0.0,415.05315337154593,0.0,415.05315337154593,2324.297658880657,0.0,2667.3489872181426,-0.06676209647793802,104.83354942369263
112,2030,1NB,1,NB,Night,8,OP,NT,3.0,70,12000,1.6,6.5,75,1800,1,4,0.05,0.01,2352.2,0.0,291.1,0.0,0.0,1.0510100501,1.0510100501,1.0510100501,3.92,1.96,0.17391304347826086,0.17391304347826086,30,4.420096267937589,0.708,2373.9613075953043,0.0,293.79310289983556,0.0,0.0,2667.75441049514,3255.3406162948113,1.0,1.2,0.20867568053171867,3255.3406162948113,0.0,1.0,71.21883922785912,1727.056851275584,0.0,220.34482717487668,0.0,0.0,2000.815807871355,0.12439947311253086,0.6219973655626543,,0.17391302209729143,0.1739130113115163,113.61325175680594,568.0662587840296,69.9876100257729,74.86405090086058,0.0,2.4043582712130647,2.571883793913167,-0.16752552270010224,0.0006236548038958932,300.3576763391692,2002.384792028276,0.0,0.0,300.3576763391692,2296.1778949281115,18369.423159424892,300.3576763391692,0.16686537574398289,2402.8614107133535,7208.5842321400605,2883.7641007277825,23070.11280582226,69210.33841746679,3184.121777066952,25472.974216535615,76418.92264960684,0.265343481422246,0.37319841933759257,1.8659920966879628,0.12439947311253086,112.09301004569016,112.09301004569016,0.0,896.7440803655213,896.7440803655213,0.0,2402.8614107133535,0.0,2402.8614107133535,7208.5842321400605,0.0,21342.03528396112,-0.065137283067214,133.662649125654
113,2030,1NB,1,NB,AM-Early,1,OP,AM,3.0,70,12000,1.6,6.5,75,1800,1,4,0.05,0.01,1934.9,0.0,239.6,0.0,0.0,1.0510100501,1.0510100501,1.0510100501,3.92,1.96,0.17391304347826086,0.17391304347826086,30,4.476115036139577,0.715,2321.88,0.0,287.52,0.0,0.0,2609.4,3184.44,1.0,1.2,0.20413076923076923,3184.44,0.0,1.0,69.6564,1689.1677000000002,0.0,215.64,0.0,0.0,1957.0500000000002,0.1790754458568781,0.8953772292843905,,0.1739128309830354,0.17391277409066608,163.24697191277912,816.2348595638955,69.98926095517325,74.87557542142261,0.0,2.4039882029207122,2.5718231274836074,-0.16783492456289517,0.0005405417953992166,293.76793671210265,1958.4556632878973,0.0,0.0,293.76793671210265,2245.975663287897,2245.975663287897,293.76793671210265,0.16320440928450147,293.76793671210265,881.3038101363079,2821.015663287897,2821.015663287897,8463.046989863691,3114.7835999999998,3114.7835999999998,9344.350799999998,0.2595653,0.5372263375706343,2.6861316878531714,0.1790754458568781,157.8198727355248,157.8198727355248,0.0,157.8198727355248,157.8198727355248,0.0,293.76793671210265,0.0,293.76793671210265,881.3038101363079,0.0,2609.4,-0.06525912407013493,192.05526107385776
114,2030,1NB,1,NB,AM-Peak,2,Peak,AM,3.0,70,12000,1.6,6.5,75,1800,1,4,0.05,0.01,4396.4,0.0,543.4,0.0,0.0,1.0510100501,1.0510100501,1.0510100501,3.92,1.96,0.17391304347826086,0.17391304347826086,30,4.476115036139577,0.715,2637.8399999999997,0.0,326.03999999999996,0.0,0.0,2963.8799999999997,3615.9599999999996,1.0,1.2,0.23179230769230766,3615.9599999999996,0.0,1.0,79.13519999999998,1919.0285999999996,0.0,244.52999999999997,0.0,0.0,2222.91,0.17727353932708945,0.8863676966354472,,0.17391274560854061,0.17391263870307264,163.70051196625423,818.502559831271,69.97548258287453,74.7929569126573,0.0,2.4066437192769734,2.572329526799896,-0.1656858075229226,0.0012343088587145853,333.7435327273138,2224.9612672726857,0.0,0.0,333.7435327273138,2551.0012672726857,5102.002534545371,333.7435327273138,0.18541307373739654,667.4870654546276,2002.4611963638827,3203.0812672726856,6406.162534545371,19218.487603636113,3536.8247999999994,7073.649599999999,21220.948799999995,0.2947353999999999,0.5318206179812683,2.659103089906342,0.17727353932708945,177.49169182229167,177.49169182229167,0.0,354.98338364458334,354.98338364458334,0.0,667.4870654546276,0.0,667.4870654546276,2002.4611963638827,0.0,5927.759999999999,-0.06441080188083206,192.5888376073579
115,2030,1NB,1,NB,AM-Shoulder,1,OP,AM,3.0,70,12000,1.6,6.5,75,1800,1,4,0.05,0.01,5057.5,0.0,625.4,0.0,0.0,1.0510100501,1.0510100501,1.0510100501,3.92,1.96,0.17391304347826086,0.17391304347826086,30,4.476115036139577,0.715,3034.5,0.0,375.23999999999995,0.0,0.0,3409.74,4160.219999999999,1.0,1.2,0.26668076923076917,4160.219999999999,0.0,1.0,91.035,2207.59875,0.0,281.42999999999995,0.0,0.0,2557.305,0.18448432566660708,0.9224216283330354,,0.17082855733500635,0.17082851725647533,173.47017268093683,867.3508634046842,69.93831675415541,74.6583742893009,0.26482387711300537,2.4109820460662688,2.5736964850430897,-0.16271443897682092,0.003107041651890177,377.1209096370634,2566.3440903629366,0.0,0.0,377.1209096370634,2941.5840903629364,2941.5840903629364,377.1209096370634,0.20951161646503522,377.1209096370634,1131.36272891119,3692.0640903629364,3692.0640903629364,11076.19227108881,4069.185,4069.185,12207.555,0.33909875,0.5534529769998212,2.7672648849991064,0.18448432566660708,208.7186901275133,208.7186901275133,0.0,208.7186901275133,208.7186901275133,0.0,377.1209096370634,0.0,377.1209096370634,1131.36272891119,0.0,3409.74,-0.06322207763130884,204.08255609521981
116,2030,1NB,1,NB,MD,5,OP,MD,3.0,70,12000,1.6,6.5,75,1800,1,4,0.05,0.01,5371.7,0.0,664.2,0.0,0.0,1.0510100501,1.0510100501,1.0510100501,3.92,1.96,0.17391304347826086,0.17391304347826086,30,4.4556466400657735,0.708,3223.02,0.0,398.52000000000004,0.0,0.0,3621.54,4418.58,1.0,1.2,0.2832423076923077,4418.58,0.0,1.0,96.69059999999999,2344.74705,0.0,298.89000000000004,0.0,0.0,2716.1549999999997,0.43859945542482676,2.192997277124134,,0.01821584959314486,0.018215850052071835,378.73492160448774,1893.6746080224389,69.84133829987228,74.9973020516741,1.3786082839032388,2.4000863374522154,2.5772702010254744,-0.177183863573259,0.008003032547757567,42.71155959677011,3083.61784040323,0.0,0.0,42.71155959677011,3482.13784040323,17410.68920201615,42.71155959677011,0.02372864422042784,213.55779798385055,640.6733939515516,4279.17784040323,21395.88920201615,64187.66760604845,4321.8894,21609.447,64828.34100000001,0.36015745,1.3157983662744803,6.578991831372402,0.43859945542482676,56.19980033846521,56.19980033846521,0.0,280.99900169232603,280.99900169232603,0.0,213.55779798385055,0.0,213.55779798385055,640.6733939515516,0.0,18107.7,-0.06874865642832444,445.57049600527967
117,2030,1NB,1,NB,PM-Shoulder,1,OP,PM,3.0,70,12000,1.6,6.5,75,1800,1,4,0.05,0.01,7101.7,0.0,877.6,0.0,0.0,1.0510100501,1.0510100501,1.0510100501,3.92,1.96,0.17391304347826086,0.17391304347826086,30,4.454569356061889,0.592,8522.039999999999,0.0,1053.12,0.0,0.0,9575.16,11681.399999999998,1.0,1.2,0.7488076923076922,11681.399999999998,0.0,1.0,255.66119999999995,6199.784099999999,0.0,789.8399999999999,0.0,0.0,7181.37,1.4990951113366489,7.495475556683244,,0.16350226477256555,0.1635023239742344,153.6730164288335,768.3650821441674,40.12441640601899,60.12994513757635,0.882181992883778,2.993516784160752,4.48604655525902,-1.4925297710982681,2.623026637847715,1013.6787414509419,7252.700058549058,0.0,0.0,1013.6787414509419,8305.820058549058,8305.820058549058,1013.6787414509419,0.5631548563616343,1013.6787414509419,3041.0362243528257,10412.060058549057,10412.060058549057,31236.180175647172,11425.7388,11425.7388,34277.2164,0.9521449,4.497285334009947,22.48642667004973,1.4990951113366489,4558.802537324981,4558.802537324981,0.0,4558.802537324981,4558.802537324981,0.0,1013.6787414509419,0.0,1013.6787414509419,3041.0362243528257,0.0,9575.16,-0.3327049224107062,180.79178403392177
118,2030,1NB,1,NB,PM-Peak,3,Peak,PM,3.0,70,12000,1.6,6.5,75,1800,1,4,0.05,0.01,7010.2,0.0,866.0,0.0,0.0,1.0510100501,1.0510100501,1.0510100501,3.92,1.96,0.17391304347826086,0.17391304347826086,30,4.454569356061889,0.592,8412.24,0.0,1039.2,0.0,0.0,9451.44,11529.84,1.0,1.2,0.7390923076923077,11529.84,0.0,1.0,252.3672,6119.9046,0.0,779.4000000000001,0.0,0.0,7088.58,1.2699513088118504,6.349756544059252,,0.16836487769524738,0.1683648959517655,151.90755707081823,759.5377853540912,41.87925191522587,59.62265057855424,1.2173969253815877,3.0189868825580937,4.2980710439710155,-1.2790841614129218,2.365500187383148,1030.3769894855818,7129.495810514419,0.0,0.0,1030.3769894855818,8168.695810514419,24506.087431543256,1030.3769894855818,0.5724316608253233,3091.1309684567454,9273.392905370236,10247.09581051442,30741.28743154326,92223.86229462978,11277.472800000001,33832.4184,101497.25520000001,0.9397894000000001,3.809853926435551,19.049269632177754,1.2699513088118504,3925.5858191004863,3925.5858191004863,0.0,11776.757457301459,11776.757457301459,0.0,3091.1309684567454,0.0,3091.1309684567454,9273.392905370236,0.0,28354.32,-0.29759493231437323,178.71477302449205
119,2030,1NB,1,NB,PM-Late,3,OP,PM,3.0,70,12000,1.6,6.5,75,1800,1,4,0.05,0.01,6719.1,0.0,830.3,0.0,0.0,1.0510100501,1.0510100501,1.0510100501,3.92,1.96,0.17391304347826086,0.17391304347826086,30,4.454569356061889,0.592,6507.536703904931,0.0,804.1564681657161,0.0,0.0,7311.693172070647,8920.006108402078,1.0,1.2,0.5717952633591076,8920.006108402078,0.0,1.0,195.22610111714792,4734.232952090837,0.0,603.1173511242871,0.0,0.0,5483.769879052985,0.19793540016451702,0.9896770008225851,,0.17391304058306883,0.17391299105610847,124.01021113819726,620.0510556909863,62.27743762791556,68.02500788178821,0.5224753079666323,2.646085691203425,2.8902923250541037,-0.24420663385067876,0.4368433424669795,823.3448475266755,5488.965755261107,0.0,0.0,823.3448475266755,6293.122223426823,18879.36667028047,823.3448475266755,0.45741380418148636,2470.0345425800265,7410.10362774008,7901.435159758255,23704.305479274764,71112.91643782429,8724.780007284931,26174.34002185479,78523.02006556437,0.7270650006070776,0.593806200493551,2.9690310024677555,0.19793540016451702,488.90727560575726,488.90727560575726,0.0,1466.721826817272,1466.721826817272,0.0,2470.0345425800265,0.0,2470.0345425800265,7410.10362774008,0.0,21935.07951621194,-0.08449201893310478,145.89436604493798
120,2030,1SB,1,SB,Night,8,OP,NT,3.0,70,12000,1.6,5.0,75,1800,1,4,0.05,0.01,1720.5,0.0,212.3,0.0,0.0,1.0510100501,1.0510100501,1.0510100501,3.92,1.96,0.17391304347826086,0.17391304347826086,30,4.420096267937589,0.708,1545.0322905935616,0.0,190.64827392793558,0.0,0.0,1735.6805645214972,2116.977112377368,1.0,1.2,0.13570366104983128,2116.977112377368,0.0,1.0,46.35096871780684,1124.0109914068162,0.0,142.98620544595167,0.0,0.0,1301.760423391123,0.10562233833660505,0.5281116916830252,,0.17391302581579954,0.17391301053208238,94.46015130523722,472.300756526186,69.98821208054049,74.97557252775167,0.0,2.400781933787492,2.5718616699746666,-0.17107973618717454,0.0005933450081505241,195.48015256577605,1303.2011693099787,0.0,0.0,195.48015256577605,1493.8494432379143,11950.795545903315,195.48015256577605,0.10860008475876447,1563.8412205262084,4691.523661578625,1875.1459910937854,15001.167928750283,45003.50378625085,2070.6261436595614,16565.00914927649,49695.027447829474,0.17255217863829678,0.3168670150098151,1.5843350750490757,0.10562233833660505,61.94121243718071,61.94121243718071,0.0,495.5296994974457,495.5296994974457,0.0,1563.8412205262084,0.0,1563.8412205262084,4691.523661578625,0.0,13885.444516171978,-0.06651980477194938,111.1295897708673
121,2030,1SB,1,SB,AM-Early,1,OP,AM,3.0,70,12000,1.6,5.0,75,1800,1,4,0.05,0.01,4806.3,0.0,593.8,0.0,0.0,1.0510100501,1.0510100501,1.0510100501,3.92,1.96,0.17391304347826086,0.17391304347826086,30,4.476115036139577,0.715,2883.78,0.0,356.28,0.0,0.0,3240.0600000000004,3952.62,1.0,1.2,0.2533730769230769,3952.62,0.0,1.0,86.5134,2097.94995,0.0,267.21,0.0,0.0,2430.045,0.10562233833660505,0.5281116916830252,,0.17391303432210664,0.17391270985164947,94.08197348789705,470.4098674394852,69.73345450841316,74.70460411888094,0.0,2.409490045801696,2.5812574648554585,-0.17176741905376236,0.013465583994835443,364.86084166041195,2432.4057583395884,0.0,0.0,364.86084166041195,2788.6857583395886,2788.6857583395886,364.86084166041195,0.20270046758911775,364.86084166041195,1094.5825249812358,3501.245758339588,3501.245758339588,10503.737275018764,3866.1066,3866.1066,11598.3198,0.32217555000000003,0.3168670150098151,1.5843350750490757,0.10562233833660505,115.61236579090354,115.61236579090354,0.0,115.61236579090354,115.61236579090354,0.0,364.86084166041195,0.0,364.86084166041195,1094.5825249812358,0.0,3240.0600000000004,-0.0665440861256282,110.68467469164358
122,2030,1SB,1,SB,AM-Peak,2,Peak,AM,3.0,70,12000,1.6,5.0,75,1800,1,4,0.05,0.01,8152.7,0.0,1007.9,0.0,0.0,1.0510100501,1.0510100501,1.0510100501,3.92,1.96,0.17391304347826086,0.17391304347826086,30,4.476115036139577,0.715,4891.62,0.0,604.74,0.0,0.0,5496.36,6705.84,1.0,1.2,0.42986153846153846,6705.84,0.0,1.0,146.74859999999998,3558.65355,0.0,453.555,0.0,0.0,4122.2699999999995,0.5281116916830252,2.640558458415126,,0.08309534336604803,0.08309535613727634,236.52807037508865,1182.6403518754432,65.44561906579831,74.72718421351408,2.16276554393015,2.4087619772437217,2.750375083457152,-0.3416131062134302,0.24515672147915551,295.70753865805574,4449.1638613419445,0.0,0.0,295.70753865805574,5053.903861341944,10107.807722683889,295.70753865805574,0.16428196592114208,591.4150773161115,1774.2452319483345,6263.383861341945,12526.76772268389,37580.30316805167,6559.0914,13118.1828,39354.54840000001,0.54659095,1.5843350750490757,7.9216753752453775,0.5281116916830252,468.49982545238817,468.49982545238817,0.0,936.9996509047763,936.9996509047763,0.0,591.4150773161115,0.0,591.4150773161115,1774.2452319483345,0.0,10992.72,-0.12420600676182363,278.2683180883396
123,2030,1SB,1,SB,AM-Shoulder,1,OP,AM,3.0,70,12000,1.6,5.0,75,1800,1,4,0.05,0.01,8225.2,0.0,1016.3,0.0,0.0,1.0510100501,1.0510100501,1.0510100501,3.92,1.96,0.17391304347826086,0.17391304347826086,30,4.476115036139577,0.715,4935.12,0.0,609.78,0.0,0.0,5544.9,6764.46,1.0,1.2,0.43361923076923076,6764.46,0.0,1.0,148.0536,3590.2998,0.0,457.335,0.0,0.0,4158.674999999999,0.5281116916830252,2.640558458415126,,0.0862691818494238,0.08626918369685524,233.09389079873588,1165.4694539936795,65.29577094379027,74.68753063187874,1.3611289058902074,2.4100408525646304,2.7566869553458924,-0.34664610278126196,0.2538039859667301,309.73222634014985,4477.3341736598495,0.0,0.0,309.73222634014985,5087.114173659849,5087.114173659849,309.73222634014985,0.17207345907786104,309.73222634014985,929.1966790204496,6306.67417365985,6306.67417365985,18920.02252097955,6616.4064,6616.4064,19849.2192,0.5513672,1.5843350750490757,7.9216753752453775,0.5281116916830252,490.7196300637386,490.7196300637386,0.0,490.7196300637386,490.7196300637386,0.0,309.73222634014985,0.0,309.73222634014985,929.1966790204496,0.0,5544.9,-0.12574735847646035,274.2281068220422
124,2030,1SB,1,SB,MD,5,OP,MD,3.0,70,12000,1.6,5.0,75,1800,1,4,0.05,0.01,6272.4,0.0,775.6,0.0,0.0,1.0510100501,1.0510100501,1.0510100501,3.92,1.96,0.17391304347826086,0.17391304347826086,30,4.4556466400657735,0.708,3763.4399999999996,0.0,465.36,0.0,0.0,4228.799999999999,5159.5199999999995,1.0,1.2,0.3307384615384615,5159.5199999999995,0.0,1.0,112.90319999999998,2737.9025999999994,0.0,349.02,0.0,0.0,3171.5999999999995,0.10562233833660505,0.5281116916830252,,0.17391303521778106,0.17391302770173594,89.20613869393179,446.0306934696589,69.0003359300681,74.14953394583618,0.30251814935692684,2.4275270581131925,2.6086829516660637,-0.1811558935528712,0.0510385009253644,476.15695129665426,3174.379848703345,0.0,0.0,476.15695129665426,3639.739848703345,18198.699243516727,476.15695129665426,0.26453163960925236,2380.7847564832714,7142.354269449814,4570.459848703345,22852.299243516725,68556.89773055018,5046.6168,25233.083999999995,75699.252,0.42055139999999996,0.3168670150098151,1.5843350750490757,0.10562233833660505,150.87843183354477,150.87843183354477,0.0,754.3921591677238,754.3921591677238,0.0,2380.7847564832714,0.0,2380.7847564832714,7142.354269449814,0.0,21143.999999999996,-0.06944343061588762,104.94839846344917
125,2030,1SB,1,SB,PM-Shoulder,1,OP,PM,3.0,70,12000,1.6,5.0,75,1800,1,4,0.05,0.01,5105.8,0.0,630.6,0.0,0.0,1.0510100501,1.0510100501,1.0510100501,3.92,1.96,0.17391304347826086,0.17391304347826086,30,4.454569356061889,0.592,3063.48,0.0,378.36,0.0,0.0,3441.84,4198.5599999999995,1.0,1.2,0.2691384615384615,4198.5599999999995,0.0,1.0,91.9044,2228.6817,0.0,283.77,0.0,0.0,2581.38,0.10562233833660505,0.5281116916830252,,0.17391303376228914,0.17391302499954892,93.60982604572902,468.0491302286451,69.64004634995732,74.62420717165824,0.24571542640501207,2.4120859279073557,2.5847197041693284,-0.17263377626197274,0.01820885185483737,387.596795737496,2583.978804262504,0.0,0.0,387.596795737496,2962.3388042625043,2962.3388042625043,387.596795737496,0.21533155318749778,387.596795737496,1162.790387212488,3719.058804262504,3719.058804262504,11157.176412787512,4106.6556,4106.6556,12319.9668,0.3422213,0.3168670150098151,1.5843350750490757,0.10562233833660505,122.81663969270939,122.81663969270939,0.0,122.81663969270939,122.81663969270939,0.0,387.596795737496,0.0,387.596795737496,1162.790387212488,0.0,3441.84,-0.06679013433584413,110.12920711262238
126,2030,1SB,1,SB,PM-Peak,3,Peak,PM,3.0,70,12000,1.6,5.0,75,1800,1,4,0.05,0.01,6564.6,0.0,811.4,0.0,0.0,1.0510100501,1.0510100501,1.0510100501,3.92,1.96,0.17391304347826086,0.17391304347826086,30,4.454569356061889,0.592,3938.76,0.0,486.84,0.0,0.0,4425.6,5399.280000000001,1.0,1.2,0.34610769230769234,5399.280000000001,0.0,1.0,118.1628,2865.4479,0.0,365.13,0.0,0.0,3319.2000000000003,0.10562233833660505,0.5281116916830252,,0.17391303547451326,0.17391302888238475,87.28040846985544,436.40204234927717,68.75007370039411,73.98194233440795,0.4943318598936258,2.433026145574507,2.618179011478909,-0.18515286590440194,0.06404810286896263,498.3387422830695,3322.2584577169305,0.0,0.0,498.3387422830695,3809.0984577169306,11427.295373150791,498.3387422830695,0.2768548568239275,1495.0162268492086,4485.048680547626,4782.7784577169305,14348.335373150792,43045.00611945237,5281.1172,15843.351600000002,47530.0548,0.44009309999999996,0.3168670150098151,1.5843350750490757,0.10562233833660505,157.90710973098177,157.90710973098177,0.0,473.7213291929453,473.7213291929453,0.0,1495.0162268492086,0.0,1495.0162268492086,4485.048680547626,0.0,13276.800000000001,-0.07071818431537123,102.68283349394758
127,2030,1SB,1,SB,PM-Late,3,OP,PM,3.0,70,12000,1.6,5.0,75,1800,1,4,0.05,0.01,4808.4,0.0,594.9,0.0,0.0,1.0510100501,1.0510100501,1.0510100501,3.92,1.96,0.17391304347826086,0.17391304347826086,30,4.454569356061889,0.592,2885.0399999999995,0.0,356.94,0.0,0.0,3241.9799999999996,3955.8599999999997,1.0,1.2,0.2535807692307692,3955.8599999999997,0.0,1.0,86.55119999999998,2098.8666,0.0,267.705,0.0,0.0,2431.4849999999997,0.10562233833660505,0.5281116916830252,,0.17391303623282703,0.17391302468213227,94.06791390774592,470.3395695387295,69.73231259759135,74.70408954300879,0.0,2.409506642824019,2.5812997345826942,-0.1717930917586754,0.013523493521148228,365.0202630536704,2433.468536946329,0.0,0.0,365.0202630536704,2790.408536946329,8371.225610838988,365.0202630536704,0.2027890350298169,1095.0607891610111,3285.1823674830334,3504.2885369463293,10512.865610838988,31538.596832516963,3869.3088,11607.926399999998,34823.7792,0.32244239999999996,0.3168670150098151,1.5843350750490757,0.10562233833660503,115.66288117191405,115.66288117191405,0.0,346.9886435157422,346.9886435157422,0.0,1095.0607891610111,0.0,1095.0607891610111,3285.1823674830334,0.0,9725.939999999999,-0.06655294209234804,110.66813400911283
128,2030,2NB,2,NB,Night,8,OP,NT,2.2,70,12000,1.6,6.5,75,1800,1,4,0.05,0.01,3384.3,0.0,418.3,0.0,0.0,1.0510100501,1.0510100501,1.0510100501,3.92,1.96,0.17391304347826086,0.17391304347826086,30,4.420096267937589,0.708,2374.831518326942,0.0,293.5295405596903,0.0,0.0,2668.3610588866322,3255.420140006013,1.0,1.2,0.20868077820551365,3255.420140006013,0.0,1.0,71.24494554980825,1727.6899295828503,0.0,220.14715541976773,0.0,0.0,2001.2707941649742,0.12439947311253086,0.6219973655626543,,0.17391302210503123,0.17391301130745374,113.61760891361185,568.0880445680593,69.98761085894071,74.86385181663054,0.0,1.7632007543950206,1.8860480930838546,-0.12284733868883402,0.00045731609630923385,300.4677769141821,2003.1187958629514,0.0,0.0,300.4677769141821,2296.6483364226415,18373.186691381132,300.4677769141821,0.16692654273010116,2403.7422153134567,5288.232873689605,2883.707417542022,23069.659340336177,50753.25054873959,3184.1751944562043,25473.401555649634,56041.4834224292,0.26534793287135033,0.2736788408475679,1.3683942042378394,0.12439947311253087,82.23167289791897,82.23167289791897,0.0,657.8533831833518,657.8533831833518,0.0,2403.7422153134567,0.0,2403.7422153134567,5288.232873689605,0.0,21346.888471093058,-0.06513478587280763,133.66777519248453
129,2030,2NB,2,NB,AM-Early,1,OP,AM,2.2,70,12000,1.6,6.5,75,1800,1,4,0.05,0.01,3243.4,0.0,400.4,0.0,0.0,1.0510100501,1.0510100501,1.0510100501,3.92,1.96,0.17391304347826086,0.17391304347826086,30,4.476115036139577,0.715,2375.5222704741386,0.0,293.25988687730313,0.0,0.0,2668.7821573514416,3255.301931106048,1.0,1.2,0.20867320071192616,3255.301931106048,0.0,1.0,71.26566811422416,1728.1924517699358,0.0,219.94491515797733,0.0,0.0,2001.5866180135813,0.1790754458568781,0.8953772292843905,,0.1739128159067303,0.1739127534894287,163.5598884534423,817.7994422672115,69.98761645036673,74.86369415487887,0.0,1.7632044676678242,1.8860479424043641,-0.12284347473653989,0.0004571096654075491,300.5548157160657,2003.701786643849,0.0,0.0,300.5548157160657,2296.961673521152,2296.961673521152,300.5548157160657,0.1669748976200365,300.5548157160657,661.2205945753446,2883.481447275758,2883.481447275758,6343.6591840066685,3184.0362629918236,3184.0362629918236,7004.879778582013,0.26533635524931865,0.39396598088513185,1.969829904425659,0.1790754458568781,118.40837278332987,118.40837278332987,0.0,118.40837278332987,118.40837278332987,0.0,300.5548157160657,0.0,300.5548157160657,661.2205945753446,0.0,2668.7821573514416,-0.0651327423734187,192.42339818052037
130,2030,2NB,2,NB,AM-Peak,2,Peak,AM,2.2,70,12000,1.6,6.5,75,1800,1,4,0.05,0.01,6686.5,0.0,826.1,0.0,0.0,1.0510100501,1.0510100501,1.0510100501,3.92,1.96,0.17391304347826086,0.17391304347826086,30,4.476115036139577,0.715,4564.164291152779,0.0,563.8908428806267,0.0,0.0,5128.055134033406,6255.836819794658,1.0,1.2,0.40101518075606785,6255.836819794658,0.0,1.0,136.92492873458335,3320.4295218136463,0.0,422.91813216047,0.0,0.0,3846.0413505250544,0.17727353932708945,0.8863676966354472,,0.16515388809564416,0.16515390836479246,176.2957966270831,881.4789831354154,69.11711588644903,73.45659162474081,0.521923941330821,1.7969796458067797,1.9098019109602296,-0.11282226515344984,0.03300004658694332,548.3818456750842,3878.8575167431113,0.0,0.0,548.3818456750842,4442.748359623738,8885.496719247476,548.3818456750842,0.3046565809306023,1096.7636913501683,2412.8801209703706,5570.530045384991,11141.060090769983,24510.332199693963,6118.9118910600755,12237.823782120151,26923.212320664334,0.5099093242550063,0.3900017865195968,1.9500089325979841,0.17727353932708945,213.86989950819665,213.86989950819665,0.0,427.7397990163933,427.7397990163933,0.0,1096.7636913501683,0.0,1096.7636913501683,2412.8801209703706,0.0,10256.110268066812,-0.059075375569565707,207.40681956127423
131,2030,2NB,2,NB,AM-Shoulder,1,OP,AM,2.2,70,12000,1.6,6.5,75,1800,1,4,0.05,0.01,7645.0,0.0,944.9,0.0,0.0,1.0510100501,1.0510100501,1.0510100501,3.92,1.96,0.17391304347826086,0.17391304347826086,30,4.476115036139577,0.715,5334.9754329453635,0.0,659.3876110647578,0.0,0.0,5994.3630440101215,7313.1382661396365,1.0,1.2,0.46879091449613053,7313.1382661396365,0.0,1.0,160.0492629883609,3881.194627467752,0.0,494.54070829856835,0.0,0.0,4495.772283007591,0.18448432566660708,0.9224216283330354,,0.16809294788727927,0.1680929845404169,174.81897710472165,874.0948855236082,67.64195118407753,72.01119166308372,0.3650236357561899,1.8330484047199753,1.9514516906938655,-0.11840328597389016,0.0900602448220241,652.4014462553251,4522.524723701677,0.0,0.0,652.4014462553251,5181.912334766435,5181.912334766435,652.4014462553251,0.36244524791962507,652.4014462553251,1435.2831817617155,6500.687556895951,6500.687556895951,14301.512625171094,7153.089003151276,7153.089003151276,15736.795806932809,0.5960907502626064,0.4058655164665356,2.029327582332678,0.18448432566660708,264.78724992793235,264.78724992793235,0.0,264.78724992793235,264.78724992793235,0.0,652.4014462553251,0.0,652.4014462553251,1435.2831817617155,0.0,5994.3630440101215,-0.060674464317274614,205.66938482908432
132,2030,2NB,2,NB,MD,5,OP,MD,2.2,70,12000,1.6,6.5,75,1800,1,4,0.05,0.01,8009.7,0.0,990.1,0.0,0.0,1.0510100501,1.0510100501,1.0510100501,3.92,1.96,0.17391304347826086,0.17391304347826086,30,4.4556466400657735,0.708,7122.637208044893,0.0,880.4478444492613,0.0,0.0,8003.085052494154,9763.980741392676,1.0,1.2,0.6258962013713254,9763.980741392676,0.0,1.0,213.67911624134678,5181.71856885266,0.0,660.3358833369459,0.0,0.0,6002.313789370615,0.43859945542482676,2.192997277124134,,0.17302246822512835,0.17302217243205398,167.8024001953037,839.0120009765186,57.1924724484545,65.5174858320239,0.4299898984520238,2.0147293249076497,2.307996041244183,-0.29326671633653323,0.5785260050759595,896.5537364308668,6012.40435537268,0.0,0.0,896.5537364308668,6892.852199821941,34464.260999109705,896.5537364308668,0.4980854091282593,4482.768682154334,9862.091100739535,8653.747888720463,43268.73944360232,95191.22677592511,9550.30162515133,47751.50812575665,105053.31787666465,0.7958584687626109,0.964918801934619,4.8245940096730955,0.43859945542482676,865.1015572268782,865.1015572268782,0.0,4325.507786134391,4325.507786134391,0.0,4482.768682154334,0.0,4482.768682154334,9862.091100739535,0.0,40015.42526247077,-0.12706551965246893,197.41458846506322
133,2030,2NB,2,NB,PM-Shoulder,1,OP,PM,2.2,70,12000,1.6,6.5,75,1800,1,4,0.05,0.01,8695.0,0.0,1074.1,0.0,0.0,1.0510100501,1.0510100501,1.0510100501,3.92,1.96,0.17391304347826086,0.17391304347826086,30,4.454569356061889,0.592,9443.020580232795,0.0,1166.5035543678025,0.0,0.0,10609.524134600597,12942.531243336201,1.0,1.2,0.8296494386753975,12942.531243336201,0.0,1.0,283.2906174069838,6869.797472119359,0.0,874.8776657758519,0.0,0.0,7957.143100950448,1.4990951113366489,7.495475556683244,,0.17391304140001004,0.1739130283943849,86.09611469177223,430.48057345886116,29.24396992169002,51.55971548595233,0.5556312003504753,2.560138254369615,4.513751052044977,-1.9536127976753623,3.6004103698730483,1194.7473721783783,7964.982590647432,0.0,0.0,1194.7473721783783,9131.486145015235,9131.486145015235,1194.7473721783783,0.6637485400990991,1194.7473721783783,2628.4442187924324,11464.49325375084,11464.49325375084,25221.885158251847,12659.240625929218,12659.240625929218,27850.32937704428,1.0549367188274348,3.2980092449406277,16.49004622470314,1.4990951113366489,3940.287878812813,3940.287878812813,0.0,3940.287878812813,3940.287878812813,0.0,1194.7473721783783,0.0,1194.7473721783783,2628.4442187924324,0.0,10609.524134600597,-0.4328135901049014,101.28954669620262
134,2030,2NB,2,NB,PM-Peak,3,Peak,PM,2.2,70,12000,1.6,6.5,75,1800,1,4,0.05,0.01,7574.6,0.0,936.4,0.0,0.0,1.0510100501,1.0510100501,1.0510100501,3.92,1.96,0.17391304347826086,0.17391304347826086,30,4.454569356061889,0.592,9089.52,0.0,1123.6799999999998,0.0,0.0,10213.2,12460.56,1.0,1.2,0.7987538461538461,12460.56,0.0,1.0,272.6856,6612.6258,0.0,842.7599999999999,0.0,0.0,7659.900000000001,1.2699513088118504,6.349756544059252,,0.1739129687505834,0.17391294537394722,95.46118539943863,477.3059269971931,33.50662890146016,53.94612333522871,0.8368366363747289,2.446885741533894,3.93951896468605,-1.492633223152156,2.813712410191317,1150.0213841147015,7666.813015885299,0.0,0.0,1150.0213841147015,8790.493015885299,26371.479047655896,1150.0213841147015,0.6389007689526119,3450.0641523441045,7590.1411351570305,11037.8530158853,33113.5590476559,72849.82990484299,12187.8744,36563.6232,80439.97104000002,1.0156562,2.793892879386071,13.969464396930356,1.2699513088118504,3213.0365562197785,3213.0365562197785,0.0,9639.109668659336,9639.109668659336,0.0,3450.0641523441045,0.0,3450.0641523441045,7590.1411351570305,0.0,30639.600000000002,-0.37888717798598226,112.30727694051603
135,2030,2NB,2,NB,PM-Late,3,OP,PM,2.2,70,12000,1.6,6.5,75,1800,1,4,0.05,0.01,7815.3,0.0,965.9,0.0,0.0,1.0510100501,1.0510100501,1.0510100501,3.92,1.96,0.17391304347826086,0.17391304347826086,30,4.454569356061889,0.592,7844.1790592432035,0.0,969.4691890679834,0.0,0.0,8813.648248311187,10752.586626447153,1.0,1.2,0.6892683734902021,10752.586626447153,0.0,1.0,235.32537177729608,5706.640265599431,0.0,727.1018918009876,0.0,0.0,6610.23618623339,0.19793540016451702,0.9896770008225851,,0.17391300656723166,0.1739128309450196,41.70906885075109,208.54534425375545,49.37447163333633,61.653785950115264,0.461970297660278,2.14098774253381,2.6734463303274545,-0.5324585877936445,1.0791929011200416,992.4589659880224,6616.3947214778855,0.0,0.0,992.4589659880224,7585.863910545869,22757.591731637607,992.4589659880224,0.551366092215568,2977.376897964067,6550.229175520948,9524.802288681836,28574.40686604551,62863.695105300125,10517.261254669858,31551.783764009575,69413.92428082107,0.8764384378891549,0.4354578803619375,2.1772894018096873,0.19793540016451702,432.17407767534445,432.17407767534445,0.0,1296.5222330260333,1296.5222330260333,0.0,2977.376897964067,0.0,2977.376897964067,6550.229175520948,0.0,26440.94474493356,-0.1991656169616941,49.069492765589516
136,2030,2SB,2,SB,Night,8,OP,NT,2.2,70,12000,1.6,5.0,75,1800,1,4,0.05,0.01,2716.9,0.0,335.3,0.0,0.0,1.0510100501,1.0510100501,1.0510100501,3.92,1.96,0.17391304347826086,0.17391304347826086,30,4.420096267937589,0.708,1630.14,0.0,201.18,0.0,0.0,1831.3200000000002,2233.6800000000003,1.0,1.2,0.1431846153846154,2233.6800000000003,0.0,1.0,48.9042,1185.92685,0.0,150.885,0.0,0.0,1373.4900000000002,0.155947160829134,0.7797358041456701,,0.1739129652983398,0.17391295765833767,139.51047629841483,697.5523814920741,69.98458485661638,74.96973131328492,0.0,1.7607105919640544,1.8861296422696525,-0.12541905030559808,0.0005690384808526965,206.24805511041944,1374.9877448895807,0.0,0.0,206.24805511041944,1576.1677448895807,12609.341959116646,206.24805511041944,0.1145822528391219,1649.9844408833555,3629.9657699433824,1978.5277448895806,15828.221959116645,34822.08831005662,2184.7758,17478.2064,38452.05408,0.18206465,0.34308375382409484,1.7154187691204743,0.15594716082913399,70.76035696620148,70.76035696620148,0.0,566.0828557296119,566.0828557296119,0.0,1649.9844408833555,0.0,1649.9844408833555,3629.9657699433824,0.0,14650.560000000001,-0.06649545582385127,164.12997211578218
137,2030,2SB,2,SB,AM-Early,1,OP,AM,2.2,70,12000,1.6,5.0,75,1800,1,4,0.05,0.01,7326.6,0.0,906.0,0.0,0.0,1.0510100501,1.0510100501,1.0510100501,3.92,1.96,0.17391304347826086,0.17391304347826086,30,4.476115036139577,0.715,6320.569722521995,0.0,781.5953059543209,0.0,0.0,7102.1650284763155,8665.355640384958,1.0,1.2,0.5554715154092922,8665.355640384958,0.0,1.0,189.61709167565982,4598.214473134751,0.0,586.1964794657407,0.0,0.0,5326.623771357236,0.8400882403316883,4.200441201658442,,0.12915560710285698,0.12915561884931404,197.2249626812051,986.1248134060257,57.363836188888094,72.40094622159666,0.8354491106821537,1.8231805920876956,2.301101334390353,-0.47792074230265724,0.5690802566862121,593.8851818668624,5537.067448979472,0.0,0.0,593.8851818668624,6318.662754933793,6318.662754933793,593.8851818668624,0.32993621214825686,593.8851818668624,1306.5474001070972,7881.853366842435,7881.853366842435,17340.07740705336,8475.738548709298,8475.738548709298,18646.624807160457,0.7063115457257748,1.8481941287297143,9.240970643648572,0.8400882403316883,1097.6151062659137,1097.6151062659137,0.0,1097.6151062659137,1097.6151062659137,0.0,593.8851818668624,0.0,593.8851818668624,1306.5474001070972,0.0,7102.1650284763155,-0.20769217555091993,232.0293678602413
138,2030,2SB,2,SB,AM-Peak,2,Peak,AM,2.2,70,12000,1.6,5.0,75,1800,1,4,0.05,0.01,9783.9,0.0,1208.7,0.0,0.0,1.0510100501,1.0510100501,1.0510100501,3.92,1.96,0.17391304347826086,0.17391304347826086,30,4.476115036139577,0.715,8020.283273276092,0.0,990.8233314331517,0.0,0.0,9011.106604709243,10992.753267575546,1.0,1.2,0.7046636709984324,10992.753267575546,0.0,1.0,240.60849819828275,5834.756081308356,0.0,743.1174985748637,0.0,0.0,6758.329953531932,1.3031563409324312,6.515781704662156,,0.17391302400528133,0.17391163772552565,160.9234193628371,804.6170968141856,42.788166741429634,60.651437051643484,0.7374687415928461,2.1763705266802607,3.084965074518863,-0.9085945478386024,1.642973580662271,1014.7400744335414,6764.934700644267,0.0,0.0,1014.7400744335414,7755.758032077419,15511.516064154837,1014.7400744335414,0.5637444857964119,2029.4801488670828,4464.856327507582,9737.404694943722,19474.809389887443,42844.580657752376,10752.144769377262,21504.289538754525,47309.436985259956,0.8960120641147719,2.8669439500513487,14.334719750256744,1.3031563409324312,2909.2029172718967,2909.2029172718967,0.0,5818.405834543793,5818.405834543793,0.0,2029.4801488670828,0.0,2029.4801488670828,4464.856327507582,0.0,18022.213209418485,-0.2945234470702423,189.3216698386319
139,2030,2SB,2,SB,AM-Shoulder,1,OP,AM,2.2,70,12000,1.6,5.0,75,1800,1,4,0.05,0.01,8696.1,0.0,1075.2,0.0,0.0,1.0510100501,1.0510100501,1.0510100501,3.92,1.96,0.17391304347826086,0.17391304347826086,30,4.476115036139577,0.715,7649.245914868645,0.0,945.7652519712017,0.0,0.0,8595.011166839846,10486.54167078225,1.0,1.2,0.6722142096655288,10486.54167078225,0.0,1.0,229.47737744605934,5564.82640306694,0.0,709.3239389784012,0.0,0.0,6446.258375129884,0.7220467334495841,3.610233667247921,,0.1739130417073873,0.17391301805906084,111.17117421678266,555.8558710839133,46.589867582921826,62.722581929137824,0.4508310476084503,2.1045052027534488,2.833234066721977,-0.7287288639685281,1.2981020999805368,967.7958863309508,6451.972651091635,0.0,0.0,967.7958863309508,7397.737903062837,7397.737903062837,967.7958863309508,0.5376643812949726,967.7958863309508,2129.150949928092,9289.26840700524,9289.26840700524,20436.39049541153,10257.06429333619,10257.06429333619,22565.541445339622,0.8547553577780159,1.5885028135890853,7.942514067945427,0.7220467334495841,1537.3464884166578,1537.3464884166578,0.0,1537.3464884166578,1537.3464884166578,0.0,967.7958863309508,0.0,967.7958863309508,2129.150949928092,0.0,8595.011166839846,-0.25720743391020284,130.78961672562664
140,2030,2SB,2,SB,MD,5,OP,MD,2.2,70,12000,1.6,5.0,75,1800,1,4,0.05,0.01,8086.5,0.0,999.5,0.0,0.0,1.0510100501,1.0510100501,1.0510100501,3.92,1.96,0.17391304347826086,0.17391304347826086,30,4.4556466400657735,0.708,6733.8807523195355,0.0,832.3148224749119,0.0,0.0,7566.195574794448,9230.82521974427,1.0,1.2,0.5917195653682225,9230.82521974427,0.0,1.0,202.01642256958607,4898.8982473124615,0.0,624.2361168561839,0.0,0.0,5674.646681095835,0.1990683381084403,0.9953416905422015,,0.17391301199078632,0.17391302273947465,53.237870192537315,266.18935096268655,55.312247646600134,67.11032015294094,0.39664120382887996,1.9669105988345583,2.386451565725039,-0.4195409668904806,0.6860100736147323,851.9821496264942,5679.882180123455,0.0,0.0,851.9821496264942,6512.197002598367,32560.985012991838,851.9821496264942,0.4733234164591635,4259.910748132471,9371.803645891438,8176.8266475481905,40884.133237740956,89945.0931230301,9028.808797174685,45144.043985873424,99316.89676892155,0.7524007330978904,0.4379503438385687,2.1897517191928433,0.1990683381084403,373.125875373246,373.125875373246,0.0,1865.62937686623,1865.62937686623,0.0,4259.910748132471,0.0,4259.910748132471,9371.803645891438,0.0,37830.97787397224,-0.1758011655950025,62.63278846180861
141,2030,2SB,2,SB,PM-Shoulder,1,OP,PM,2.2,70,12000,1.6,5.0,75,1800,1,4,0.05,0.01,5387.5,0.0,666.3,0.0,0.0,1.0510100501,1.0510100501,1.0510100501,3.92,1.96,0.17391304347826086,0.17391304347826086,30,4.454569356061889,0.592,5509.952326961658,0.0,681.4443128453926,0.0,0.0,6191.396639807051,7554.285265497836,1.0,1.2,0.4842490554806305,7554.285265497836,0.0,1.0,165.29856980884975,4008.4903178646064,0.0,511.0832346340444,0.0,0.0,4643.547479855288,0.19735440442425226,0.9867720221212612,,0.1739130403566198,0.17391300395484513,102.1402121394809,510.7010606974045,63.78224155437423,71.24545640467578,0.32490806740662387,1.852749728350915,2.0695415649114537,-0.2167918365605388,0.2518433725001203,697.128738419907,4647.525018732902,0.0,0.0,697.128738419907,5328.969331578294,5328.969331578294,697.128738419907,0.387293743566615,697.128738419907,1533.6832245237956,6691.85795726908,6691.85795726908,14722.087505991976,7388.986695688986,7388.986695688986,16255.770730515771,0.6157488913074155,0.434179689733355,2.170898448666775,0.19735440442425226,302.67913935136045,302.67913935136045,0.0,302.67913935136045,302.67913935136045,0.0,697.128738419907,0.0,697.128738419907,1533.6832245237956,0.0,6191.396639807051,-0.10475355520091444,120.16495545821283
142,2030,2SB,2,SB,PM-Peak,3,Peak,PM,2.2,70,12000,1.6,5.0,75,1800,1,4,0.05,0.01,7358.1,0.0,909.1,0.0,0.0,1.0510100501,1.0510100501,1.0510100501,3.92,1.96,0.17391304347826086,0.17391304347826086,30,4.454569356061889,0.592,4414.86,0.0,545.46,0.0,0.0,4960.32,6051.24,1.0,1.2,0.38789999999999997,6051.24,0.0,1.0,132.4458,3211.8106499999994,0.0,409.095,0.0,0.0,3720.24,0.22424698403621884,1.1212349201810943,,0.15759456946187694,0.15759458488604092,155.89302790080586,779.4651395040295,67.7172893499218,73.83026762327384,0.5901857375736845,1.7878846203503271,1.949280623415155,-0.16139600306482782,0.087085882650191,506.16391657982103,3776.2502834201787,0.0,0.0,506.16391657982103,4321.710283420179,12965.130850260535,506.16391657982103,0.2812021758776784,1518.491749739463,3340.681849426819,5412.630283420179,16237.890850260537,35723.359870573186,5918.7942,17756.3826,39064.04172000001,0.49323285,0.4933433648796815,2.4667168243984077,0.22424698403621884,249.71260978616732,249.71260978616732,0.0,749.1378293585019,749.1378293585019,0.0,1518.491749739463,0.0,1518.491749739463,3340.681849426819,0.0,14880.96,-0.08279772605652887,183.40356223624224
143,2030,2SB,2,SB,PM-Late,3,OP,PM,2.2,70,12000,1.6,5.0,75,1800,1,4,0.05,0.01,6692.8,0.0,827.1,0.0,0.0,1.0510100501,1.0510100501,1.0510100501,3.92,1.96,0.17391304347826086,0.17391304347826086,30,4.454569356061889,0.592,4015.68,0.0,496.26,0.0,0.0,4511.94,5504.46,1.0,1.2,0.35285,5504.46,0.0,1.0,120.47039999999998,2921.4071999999996,0.0,372.195,0.0,0.0,3383.955,0.1729211564625828,0.864605782312914,,0.1739129644335557,0.17391171707658246,141.30735284504544,706.5367642252273,68.6260089851786,73.901256763041,0.23646074331740474,1.7861671882421213,1.923468987224778,-0.13730179898265682,0.051723941069374633,508.07058646953345,3387.1390135304664,0.0,0.0,508.07058646953345,3883.3990135304666,11650.1970405914,508.07058646953345,0.2822614369275186,1524.2117594086003,3353.265870698921,4875.919013530466,14627.757040591398,32181.065489301076,5383.9896,16151.968799999999,35534.33136,0.4486658,0.3804265442176822,1.902132721088411,0.1729211564625828,193.2835374292557,193.2835374292557,0.0,579.850612287767,579.850612287767,0.0,1524.2117594086003,0.0,1524.2117594086003,3353.265870698921,0.0,13535.82,-0.07138238250503783,166.24394452358288
144,2030,3NB,3,NB,Night,8,OP,NT,3.4,70,12000,1.6,6.5,75,1800,1,4,0.05,0.01,3519.8,0.0,435.1,0.0,0.0,1.0510100501,1.0510100501,1.0510100501,3.92,1.96,0.17391304347826086,0.17391304347826086,30,4.420096267937589,0.708,2374.6902724993174,0.0,293.5472860857018,0.0,0.0,2668.237558585019,3255.332130756423,1.0,1.2,0.2086751365869502,3255.332130756423,0.0,1.0,71.24070817497952,1727.5871732432536,0.0,220.16046456427634,0.0,0.0,2001.1781689387644,0.12439947311253086,0.6219973655626543,,0.1739130221037168,0.1739130113080617,113.61695234540555,568.0847617270277,69.98761276991941,74.86388414524244,0.0,2.724945443709844,2.9148015188150405,-0.18985607510519653,0.0007066522051764983,300.4499062463516,2002.9996580779864,0.0,0.0,300.4499062463516,2296.5469441636883,18372.375553309506,300.4499062463516,0.16691661458130644,2403.5992499708127,8172.237449900763,2883.6415163350916,23069.132130680733,78435.04924431449,3184.091422581443,25472.731380651545,86607.28669421525,0.2653409518817869,0.4229582085826049,2.1147910429130246,0.12439947311253084,127.07775411476847,127.07775411476847,0.0,1016.6220329181477,1016.6220329181477,0.0,2403.5992499708127,0.0,2403.5992499708127,8172.237449900763,0.0,21345.900468680153,-0.06513516405136878,133.66700275930063
145,2030,3NB,3,NB,AM-Early,1,OP,AM,3.4,70,12000,1.6,6.5,75,1800,1,4,0.05,0.01,3372.7,0.0,417.3,0.0,0.0,1.0510100501,1.0510100501,1.0510100501,3.92,1.96,0.17391304347826086,0.17391304347826086,30,4.476115036139577,0.715,2374.2219467874165,0.0,293.75954528846,0.0,0.0,2667.9814920758763,3255.5005826527968,1.0,1.2,0.20868593478543568,3255.5005826527968,0.0,1.0,71.2266584036225,1727.2464662878456,0.0,220.319658966345,0.0,0.0,2000.9861190569072,0.1790754458568781,0.8953772292843905,,0.1739128164089909,0.1739127541505346,163.55019984578553,817.7509992289276,69.98760655532416,74.86399181462066,0.0,2.7249415246938455,2.9148017776367454,-0.18986025294289988,0.0007070067909125842,300.3902975845964,2002.6049907991978,0.0,0.0,300.3902975845964,2296.364536087658,2296.364536087658,300.3902975845964,0.16688349865810911,300.3902975845964,1021.3270117876277,2883.8836266645776,2883.8836266645776,9805.204330659564,3184.273924249174,3184.273924249174,10826.531342447191,0.2653561603540978,0.6088565159133855,3.0442825795669273,0.1790754458568781,182.89459000154244,182.89459000154244,0.0,182.89459000154244,182.89459000154244,0.0,300.3902975845964,0.0,300.3902975845964,1021.3270117876277,0.0,2667.9814920758763,-0.06513659158559805,192.4119998185712
146,2030,3NB,3,NB,AM-Peak,2,Peak,AM,3.4,70,12000,1.6,6.5,75,1800,1,4,0.05,0.01,6954.5,0.0,859.7,0.0,0.0,1.0510100501,1.0510100501,1.0510100501,3.92,1.96,0.17391304347826086,0.17391304347826086,30,4.476115036139577,0.715,4172.7,0.0,515.82,0.0,0.0,4688.5199999999995,5720.16,1.0,1.2,0.36667692307692307,5720.16,0.0,1.0,125.18099999999998,3035.6392499999997,0.0,386.865,0.0,0.0,3516.3899999999994,0.17727353932708945,0.8863676966354472,,0.16574714042645014,0.16574712727818436,175.9953406544643,879.9767032723214,69.50489317700755,73.90271300548605,0.7282714819995367,2.7603858059291597,2.935045155460852,-0.17465934953169215,0.028440434409938174,503.1485250537937,3544.3704749462063,0.0,0.0,503.1485250537937,4060.1904749462065,8120.380949892413,503.1485250537937,0.2795269583632187,1006.2970501075874,3421.409970365797,5091.830474946206,10183.660949892412,34624.4472296342,5594.978999999999,11189.957999999999,38045.8572,0.4662482499999999,0.6027300337121041,3.0136501685605204,0.17727353932708945,303.26272746786856,303.26272746786856,0.0,606.5254549357371,606.5254549357371,0.0,1006.2970501075874,0.0,1006.2970501075874,3421.409970365797,0.0,9377.039999999999,-0.05950823250767591,207.05334194642862
147,2030,3NB,3,NB,AM-Shoulder,1,OP,AM,3.4,70,12000,1.6,6.5,75,1800,1,4,0.05,0.01,7950.9,0.0,982.7,0.0,0.0,1.0510100501,1.0510100501,1.0510100501,3.92,1.96,0.17391304347826086,0.17391304347826086,30,4.476115036139577,0.715,4770.54,0.0,589.62,0.0,0.0,5360.16,6539.4,1.0,1.2,0.41919230769230764,6539.4,0.0,1.0,143.1162,3470.5678499999995,0.0,442.21500000000003,0.0,0.0,4020.12,0.18448432566660708,0.9224216283330354,,0.1623051994808944,0.162305206555056,177.7556490424974,888.7782452124869,68.81465965274423,73.26215653187168,0.5742491553987957,2.784520817528114,2.964484617513687,-0.17996379998557277,0.06877249742232266,563.2912072062287,4064.132592793771,0.0,0.0,563.2912072062287,4653.752592793771,4653.752592793771,563.2912072062287,0.3129395595590159,563.2912072062287,1915.1901045011775,5832.992592793771,5832.992592793771,19832.17481549882,6396.2838,6396.2838,21747.364919999996,0.53302365,0.627246707266464,3.13623353633232,0.18448432566660708,353.3225549522585,353.3225549522585,0.0,353.3225549522585,353.3225549522585,0.0,563.2912072062287,0.0,563.2912072062287,1915.1901045011775,0.0,5360.16,-0.06070660610696924,209.12429299117338
148,2030,3NB,3,NB,MD,5,OP,MD,3.4,70,12000,1.6,6.5,75,1800,1,4,0.05,0.01,8329.3,0.0,1030.0,0.0,0.0,1.0510100501,1.0510100501,1.0510100501,3.92,1.96,0.17391304347826086,0.17391304347826086,30,4.4556466400657735,0.708,6749.602535635637,0.0,834.6548463501983,0.0,0.0,7584.257381985835,9253.56707468623,1.0,1.2,0.5931773765824507,9253.56707468623,0.0,1.0,202.48807606906908,4910.335844674925,0.0,625.9911347626487,0.0,0.0,5688.193036489376,0.43859945542482676,2.192997277124134,,0.15926001521089397,0.1592600607979895,174.492062402397,872.4603120119851,60.01280576361158,68.83938097253954,0.865031927750448,2.9634200237997037,3.3992744949061224,-0.43585447110641873,0.6644346294499598,782.0201613135265,5765.0942982530405,0.0,0.0,782.0201613135265,6599.749144603239,32998.745723016196,782.0201613135265,0.4344556451741814,3910.1008065676324,13294.342742329949,8269.058837303635,41345.29418651818,140574.0002341618,9051.078998617162,45255.39499308581,153868.34297649175,0.7542565832180969,1.4912381484444108,7.456190742222055,0.43859945542482676,1166.1782974033827,1166.1782974033827,0.0,5830.891487016914,5830.891487016914,0.0,3910.1008065676324,0.0,3910.1008065676324,13294.342742329949,0.0,37921.28690992918,-0.12821985154760374,205.28477929693764
149,2030,3NB,3,NB,PM-Shoulder,1,OP,PM,3.4,70,12000,1.6,6.5,75,1800,1,4,0.05,0.01,9042.9,0.0,1117.2,0.0,0.0,1.0510100501,1.0510100501,1.0510100501,3.92,1.96,0.17391304347826086,0.17391304347826086,30,4.454569356061889,0.592,8766.698817015533,0.0,1083.07688002408,0.0,0.0,9849.775697039613,12015.929457087772,1.0,1.2,0.7702518882748571,12015.929457087772,0.0,1.0,263.00096451046596,6377.773389378801,0.0,812.30766001806,0.0,0.0,7387.331772779709,1.4990951113366489,7.495475556683244,,0.1739130142230929,0.17391090486873353,145.89020726151227,729.4510363075614,37.63586331007731,56.06567577839131,0.7973649498137483,3.6385898710352325,5.4203619117029085,-1.781772040667676,3.4333243904615562,1109.1777941786988,7394.520058326369,0.0,0.0,1109.1777941786988,8477.596938350449,8477.596938350449,1109.1777941786988,0.6162098856548327,1109.1777941786988,3771.204500207576,10643.75069839861,10643.75069839861,36188.75237455527,11752.928492577308,11752.928492577308,39959.956874762844,0.9794107077147757,5.096923378544606,25.48461689272303,1.4990951113366489,5653.394230111947,5653.394230111947,0.0,5653.394230111947,5653.394230111947,0.0,1109.1777941786988,0.0,1109.1777941786988,3771.204500207576,0.0,9849.775697039613,-0.3287182792759126,171.6355379547203
150,2030,3NB,3,NB,PM-Peak,3,Peak,PM,3.4,70,12000,1.6,6.5,75,1800,1,4,0.05,0.01,7877.3,0.0,973.2,0.0,0.0,1.0510100501,1.0510100501,1.0510100501,3.92,1.96,0.17391304347826086,0.17391304347826086,30,4.454569356061889,0.592,9091.274151354144,0.0,1123.1802780264625,0.0,0.0,10214.454429380607,12460.814985433532,1.0,1.2,0.7987701913739443,12460.814985433532,0.0,1.0,272.7382245406243,6613.901945110139,0.0,842.3852085198469,0.0,0.0,7660.840822035455,1.2699513088118504,6.349756544059252,,0.1739129683414194,0.17391294512776073,95.49262171394648,477.46310856973236,33.506297124050946,53.93443252892797,1.2920198604494417,3.782370378896333,6.0884077773418905,-2.3060373984455573,4.3485472263869624,1150.243319593192,7668.292607220328,0.0,0.0,1150.243319593192,8791.47288524679,26374.418655740374,1150.243319593192,0.6390240664406622,3450.729958779576,11732.481859850559,11037.833441299716,33113.50032389915,112585.9011012571,12188.076760892907,36564.23028267873,124318.38296110765,1.0156730634077422,4.317834449960291,21.589172249801457,1.2699513088118504,4966.560231176169,4966.560231176169,0.0,14899.680693528506,14899.680693528506,0.0,3450.729958779576,0.0,3450.729958779576,11732.481859850559,0.0,30643.36328814182,-0.37875869731122697,112.34426083993702
151,2030,3NB,3,NB,PM-Late,3,OP,PM,3.4,70,12000,1.6,6.5,75,1800,1,4,0.05,0.01,8128.5,0.0,1004.8,0.0,0.0,1.0510100501,1.0510100501,1.0510100501,3.92,1.96,0.17391304347826086,0.17391304347826086,30,4.454569356061889,0.592,7119.781373190344,0.0,880.1078087939543,0.0,0.0,7999.889181984298,9760.104799572207,1.0,1.2,0.625647743562321,9760.104799572207,0.0,1.0,213.5934411957103,5179.640948995975,0.0,660.0808565954658,0.0,0.0,5999.916886488224,0.19793540016451702,0.9896770008225851,,0.1739130124320353,0.1739129904185022,77.40518810922988,387.0259405461494,57.254737689122095,65.39264335415646,0.6482493610307605,3.1196169712113866,3.563023921403071,-0.4434069501916844,0.8887713437507788,900.8069607562162,6005.380971238417,0.0,0.0,900.8069607562162,6885.488780032371,20656.466340097115,900.8069607562162,0.5004483115312313,2702.4208822686487,9188.230999713405,8645.70439762028,25937.11319286084,88186.18485572685,9546.511358376496,28639.53407512949,97374.41585544025,0.7955426131980413,0.6729803605593578,3.364901802796789,0.19793540016451702,606.2253932440976,606.2253932440976,0.0,1818.676179732293,1818.676179732293,0.0,2702.4208822686487,0.0,2702.4208822686487,9188.230999713405,0.0,23999.667545952896,-0.12444680697430645,91.06492718732926
152,2030,3SB,3,SB,Night,8,OP,NT,3.4,70,12000,1.6,5.0,75,1800,1,4,0.05,0.01,2825.1,0.0,348.9,0.0,0.0,1.0510100501,1.0510100501,1.0510100501,3.92,1.96,0.17391304347826086,0.17391304347826086,30,4.420096267937589,0.708,1695.06,0.0,209.33999999999997,0.0,0.0,1904.3999999999999,2323.08,1.0,1.2,0.14891538461538462,2323.08,0.0,1.0,50.8518,1233.15615,0.0,157.005,0.0,0.0,1428.3,0.155947160829134,0.7797358041456701,,0.17391296634579206,0.173912957505474,139.54390538268476,697.7195269134238,69.98124206153294,74.96461618630723,0.0,2.7212838586808097,2.9150668663558066,-0.1937830076749969,0.0010701783360270124,214.4618440140565,1429.7463559859434,0.0,0.0,214.4618440140565,1639.0863559859433,13112.690847887547,214.4618440140565,0.11914546889669807,1715.694752112452,5833.362157182337,2057.7663559859434,16462.130847887547,55971.24488281766,2272.2282,18177.8256,61804.607039999995,0.18935235,0.5302203468190556,2.6511017340952785,0.155947160829134,113.71203331258725,113.71203331258725,0.0,909.696266500698,909.696266500698,0.0,1715.694752112452,0.0,1715.694752112452,5833.362157182337,0.0,15235.199999999999,-0.06647635082115615,164.16930045021735
153,2030,3SB,3,SB,AM-Early,1,OP,AM,3.4,70,12000,1.6,5.0,75,1800,1,4,0.05,0.01,7619.8,0.0,941.7,0.0,0.0,1.0510100501,1.0510100501,1.0510100501,3.92,1.96,0.17391304347826086,0.17391304347826086,30,4.476115036139577,0.715,7075.42266392922,0.0,874.4226256098777,0.0,0.0,7949.845289539098,9698.690540758853,1.0,1.2,0.6217109320999264,9698.690540758853,0.0,1.0,212.2626799178766,5147.369988008508,0.0,655.8169692074083,0.0,0.0,5962.383967154324,0.8400882403316883,4.200441201658442,,0.16972033179529056,0.1697203662463634,174.01363598741253,870.0681799370628,52.0757236310199,66.22846425713678,0.7189430185919548,3.080246572047259,3.9173723527191373,-0.8371257806718782,1.3742286946537898,873.6133422379247,5989.546641773419,0.0,0.0,873.6133422379247,6863.969267383296,6863.969267383296,873.6133422379247,0.48534074568773594,873.6133422379247,2970.285363608944,8612.814518603052,8612.814518603052,29283.56936325038,9486.427860840977,9486.427860840977,32253.854726859325,0.7905356550700814,2.85630001712774,14.2815000856387,0.8400882403316883,2495.3018043972065,2495.3018043972065,0.0,2495.3018043972065,2495.3018043972065,0.0,873.6133422379247,0.0,873.6133422379247,2970.285363608944,0.0,7949.845289539098,-0.21369573920916915,204.72192469107355
154,2030,3SB,3,SB,AM-Peak,2,Peak,AM,3.4,70,12000,1.6,5.0,75,1800,1,4,0.05,0.01,10174.8,0.0,1258.1,0.0,0.0,1.0510100501,1.0510100501,1.0510100501,3.92,1.96,0.17391304347826086,0.17391304347826086,30,4.476115036139577,0.715,8607.94472040161,0.0,1064.3605036695822,0.0,0.0,9672.305224071193,11801.026231410357,1.0,1.2,0.7564760404750228,11801.026231410357,0.0,1.0,258.2383416120483,6262.279784092172,0.0,798.2703777521866,0.0,0.0,7254.228918053395,1.3031563409324312,6.515781704662156,,0.17391303852291284,0.17391297031305572,113.93064652382161,569.6532326191082,36.709042932519864,57.08149365952204,1.2252262287359497,3.573837804890198,5.557213800833804,-1.9833759959436055,3.620811478570883,1089.0921053320803,7260.614273457482,0.0,0.0,1089.0921053320803,8324.974777127065,16649.94955425413,1089.0921053320803,0.6050511696289336,2178.1842106641607,7405.826316258146,10453.695784466228,20907.391568932457,71085.13133437035,11542.787889798308,23085.575779596616,78490.9576506285,0.9618989908165256,4.430731559170265,22.15365779585133,1.3031563409324312,4825.474761938035,4825.474761938035,0.0,9650.94952387607,9650.94952387607,0.0,2178.1842106641607,0.0,2178.1842106641607,7405.826316258146,0.0,19344.610448142386,-0.35690114993344685,134.03605473390775
155,2030,3SB,3,SB,AM-Shoulder,1,OP,AM,3.4,70,12000,1.6,5.0,75,1800,1,4,0.05,0.01,9043.9,0.0,1118.3,0.0,0.0,1.0510100501,1.0510100501,1.0510100501,3.92,1.96,0.17391304347826086,0.17391304347826086,30,4.476115036139577,0.715,8182.31250083588,0.0,1011.7626322366197,0.0,0.0,9194.0751330725,11217.600397545739,1.0,1.2,0.7190769485606243,11217.600397545739,0.0,1.0,245.4693750250764,5952.632344358103,0.0,758.8219741774648,0.0,0.0,6895.556349804375,0.7220467334495841,3.610233667247921,,0.173913041671253,0.17391303026133972,80.864071341334,404.32035670667,41.08437143818092,59.70011853797856,0.7454136671620357,3.4170786423183444,4.96539177450861,-1.5483131321902652,2.810015302505366,1035.240396957999,6901.602728852805,0.0,0.0,1035.240396957999,7913.365361089424,7913.365361089424,1035.240396957999,0.5751335538655551,1035.240396957999,3519.8173496571967,9936.890625562664,9936.890625562664,33785.42812691306,10972.131022520663,10972.131022520663,37305.24547657026,0.914344251876722,2.4549588937285862,12.27479446864293,0.7220467334495841,2541.472619659152,2541.472619659152,0.0,2541.472619659152,2541.472619659152,0.0,1035.240396957999,0.0,1035.240396957999,3519.8173496571967,0.0,9194.0751330725,-0.31182094032116753,95.13420157803999
156,2030,3SB,3,SB,MD,5,OP,MD,3.4,70,12000,1.6,5.0,75,1800,1,4,0.05,0.01,8410.2,0.0,1039.4,0.0,0.0,1.0510100501,1.0510100501,1.0510100501,3.92,1.96,0.17391304347826086,0.17391304347826086,30,4.4556466400657735,0.708,6321.698806033947,0.0,781.2862641782223,0.0,0.0,7102.985070212169,8665.557598568614,1.0,1.2,0.555484461446706,8665.557598568614,0.0,1.0,189.65096418101842,4599.035881389696,0.0,585.9646981336667,0.0,0.0,5327.238802659127,0.1990683381084403,0.9953416905422015,,0.17391303761938612,0.17391302358346186,67.66776033579143,338.3388016789571,58.64606277386696,68.72440668762157,0.5753571582801529,2.9683777544600303,3.4784943839555353,-0.5101166294955051,0.7729658774476548,799.8323002530328,5332.215541599896,0.0,0.0,799.8323002530328,6113.501805778118,30567.509028890592,799.8323002530328,0.44435127791835155,3999.161501265164,13597.149104301558,7676.074334134562,38380.371670672816,130493.26368028756,8475.906634387595,42379.53317193798,144090.41278458913,0.7063255528656329,0.676832349568697,3.3841617478434847,0.1990683381084403,541.3523750411957,541.3523750411957,0.0,2706.761875205979,2706.761875205979,0.0,3999.161501265164,0.0,3999.161501265164,13597.149104301558,0.0,35514.92535106085,-0.1466486856636609,79.60912980681344
157,2030,3SB,3,SB,PM-Shoulder,1,OP,PM,3.4,70,12000,1.6,5.0,75,1800,1,4,0.05,0.01,5602.9,0.0,692.6,0.0,0.0,1.0510100501,1.0510100501,1.0510100501,3.92,1.96,0.17391304347826086,0.17391304347826086,30,4.454569356061889,0.592,5896.6966877429195,0.0,728.917547329195,0.0,0.0,6625.614235072115,8083.449329730504,1.0,1.2,0.5181698288288785,8083.449329730504,0.0,1.0,176.90090063228757,4289.846840332973,0.0,546.6881604968962,0.0,0.0,4969.2106763040865,0.19735440442425226,0.9867720221212612,,0.17391304258166923,0.17391302862691088,84.54176776974928,422.7088388487464,61.57916302433845,70.15073399505306,0.5368891196668079,2.9080237423372624,3.3128089110170493,-0.404785168679787,0.5459767795219289,746.0603162116677,4973.735470898964,0.0,0.0,746.0603162116677,5702.653018228159,5702.653018228159,746.0603162116677,0.4144779534509265,746.0603162116677,2536.60507511967,7160.488112886549,7160.488112886549,24345.659583814268,7906.548429098217,7906.548429098217,26882.26465893394,0.6588790357581847,0.6710049750424576,3.355024875212288,0.19735440442425226,500.6101838597781,500.6101838597781,0.0,500.6101838597781,500.6101838597781,0.0,746.0603162116677,0.0,746.0603162116677,2536.60507511967,0.0,6625.614235072115,-0.12218790143121049,99.46090325852857
158,2030,3SB,3,SB,PM-Peak,3,Peak,PM,3.4,70,12000,1.6,5.0,75,1800,1,4,0.05,0.01,7652.4,0.0,945.9,0.0,0.0,1.0510100501,1.0510100501,1.0510100501,3.92,1.96,0.17391304347826086,0.17391304347826086,30,4.454569356061889,0.592,5585.160970486463,0.0,690.3721397186694,0.0,0.0,6275.533110205132,7656.2773896424715,1.0,1.2,0.49078701215656867,7656.2773896424715,0.0,1.0,167.5548291145939,4063.2046060289017,0.0,517.7791047890021,0.0,0.0,4706.649832653849,0.22424698403621884,1.1212349201810943,,0.17391304114840392,0.17391301056211023,112.1446307509614,560.7231537548071,63.392171368102446,71.04725583828932,0.7944943814487888,2.8713283517145896,3.218062981553718,-0.3467346298391285,0.41617485615716515,706.6442698426887,4710.96187152918,0.0,0.0,706.6442698426887,5401.334011247849,16204.002033743547,706.6442698426887,0.3925801499126048,2119.932809528066,7207.771552395425,6782.078290685188,20346.234872055564,69177.19856498891,7488.722560527877,22466.16768158363,76384.97011738434,0.6240602133773231,0.7624397457231441,3.8121987286157206,0.22424698403621884,538.7736774155763,538.7736774155763,0.0,1616.321032246729,1616.321032246729,0.0,2119.932809528066,0.0,2119.932809528066,7207.771552395425,0.0,18826.599330615398,-0.10774637781381177,131.9348597070134
159,2030,3SB,3,SB,PM-Late,3,OP,PM,3.4,70,12000,1.6,5.0,75,1800,1,4,0.05,0.01,6960.8,0.0,860.8,0.0,0.0,1.0510100501,1.0510100501,1.0510100501,3.92,1.96,0.17391304347826086,0.17391304347826086,30,4.454569356061889,0.592,4176.48,0.0,516.4799999999999,0.0,0.0,4692.959999999999,5725.919999999999,1.0,1.2,0.3670461538461538,5725.919999999999,0.0,1.0,125.29439999999998,3038.3891999999996,0.0,387.3599999999999,0.0,0.0,3519.7199999999993,0.1729211564625828,0.864605782312914,,0.17391300294516182,0.17391290243045485,137.51589230443548,687.5794615221773,68.33343813117827,73.7176069258975,0.38054583603319264,2.7673171784464614,2.985361275227883,-0.21804409678142145,0.09737351849077129,528.4153898881478,3522.770210111852,0.0,0.0,528.4153898881478,4039.250210111852,12117.750630335557,528.4153898881478,0.2935641054934155,1585.2461696644436,5389.836976859108,5072.210210111852,15216.630630335556,51736.54414314089,5600.625599999999,16801.8768,57126.38112,0.46671879999999993,0.5879319319727815,2.9396596598639073,0.1729211564625828,310.67228106108934,310.67228106108934,0.0,932.0168431832681,932.0168431832681,0.0,1585.2461696644436,0.0,1585.2461696644436,5389.836976859108,0.0,14078.879999999997,-0.07303775881020544,161.78340271110054
160,2030,4NB,4,NB,Night,8,OP,NT,4.4,70,12000,1.6,6.5,75,1800,1,4,0.05,0.01,3248.7,0.0,401.5,0.0,0.0,1.0510100501,1.0510100501,1.0510100501,3.92,1.96,0.17391304347826086,0.17391304347826086,30,4.420096267937589,0.708,2374.911461758261,0.0,293.51031240063463,0.0,0.0,2668.4217741588955,3255.4423989601646,1.0,1.2,0.20868220506154903,3255.4423989601646,0.0,1.0,71.24734385274782,1727.748088429135,0.0,220.132734300476,0.0,0.0,2001.3163306191716,0.12439947311253086,0.6219973655626543,,0.17391302210575363,0.17391301130709177,113.61799929220665,568.0899964610333,69.98761052803279,74.86383351648287,0.0,3.5264023708039844,3.7720962040025303,-0.24569383319854587,0.0009146566263236301,300.4778914961497,2003.1862264093631,0.0,0.0,300.4778914961497,2296.696538809998,18373.572310479984,300.4778914961497,0.1669321619423054,2403.8231319691977,10576.82178066447,2883.717163611267,23069.737308890137,101506.8441591166,3184.195055107417,25473.560440859335,112083.66593978107,0.2653495879256181,0.5473576816951358,2.736788408475679,0.12439947311253087,164.46888208997507,164.46888208997507,0.0,1315.7510567198005,1315.7510567198005,0.0,2403.8231319691977,0.0,2403.8231319691977,10576.82178066447,0.0,21347.374193271164,-0.06513456176908819,133.6682344614196
161,2030,4NB,4,NB,AM-Early,1,OP,AM,4.4,70,12000,1.6,6.5,75,1800,1,4,0.05,0.01,3113.1,0.0,384.7,0.0,0.0,1.0510100501,1.0510100501,1.0510100501,3.92,1.96,0.17391304347826086,0.17391304347826086,30,4.476115036139577,0.715,2374.998375626695,0.0,293.48940769766136,0.0,0.0,2668.4877833243563,3255.4665987196795,1.0,1.2,0.2086837563281846,3255.4665987196795,0.0,1.0,71.24995126880086,1727.8113182684206,0.0,220.11705577324602,0.0,0.0,2001.3658374932672,0.1790754458568781,0.8953772292843905,,0.17391281611259346,0.1739127537594697,163.55590026804768,817.7795013402382,69.98761015856545,74.8638141392347,0.0,3.526403283554352,3.7720962239155744,-0.24569294036122225,0.0009146839071938035,300.48853207127354,2003.259892286621,0.0,0.0,300.48853207127354,2296.7492999842825,2296.7492999842825,300.48853207127354,0.16693807337292974,300.48853207127354,1322.1495411136036,2883.728115379605,2883.728115379605,12688.403707670263,3184.2166474508786,3184.2166474508786,14010.553248783866,0.26535138728757324,0.7879319617702637,3.939659808851318,0.1790754458568781,236.76451856438536,236.76451856438536,0.0,236.76451856438536,236.76451856438536,0.0,300.48853207127354,0.0,300.48853207127354,1322.1495411136036,0.0,2668.4877833243563,-0.06513432472997308,192.41870619770313
162,2030,4NB,4,NB,AM-Peak,2,Peak,AM,4.4,70,12000,1.6,6.5,75,1800,1,4,0.05,0.01,6419.6,0.0,793.5,0.0,0.0,1.0510100501,1.0510100501,1.0510100501,3.92,1.96,0.17391304347826086,0.17391304347826086,30,4.476115036139577,0.715,3851.76,0.0,476.09999999999997,0.0,0.0,4327.860000000001,5280.06,1.0,1.2,0.33846538461538467,5280.06,0.0,1.0,115.5528,2802.1554,0.0,357.075,0.0,0.0,3245.8950000000004,0.17727353932708945,0.8863676966354472,,0.1680971110084447,0.16809708437594997,174.8169064181466,874.0845320907331,69.70752233318781,74.16356843433482,0.8235751245503241,3.559699264386776,3.7872526689176182,-0.22755340453084205,0.021679013559993986,471.03422733671283,3265.1729726632875,0.0,0.0,471.03422733671283,3741.2729726632874,7482.545945326575,471.03422733671283,0.26168568185372937,942.0684546734257,4145.101200563074,4693.472972663288,9386.945945326575,41302.56215943694,5164.507200000001,10329.014400000002,45447.66336000001,0.4303756000000001,0.7800035730391937,3.9000178651959683,0.17727353932708945,367.4083803463918,367.4083803463918,0.0,734.8167606927836,734.8167606927836,0.0,942.0684546734257,0.0,942.0684546734257,4145.101200563074,0.0,8655.720000000001,-0.060084030410328,205.66694872723133
163,2030,4NB,4,NB,AM-Shoulder,1,OP,AM,4.4,70,12000,1.6,6.5,75,1800,1,4,0.05,0.01,7339.2,0.0,907.0,0.0,0.0,1.0510100501,1.0510100501,1.0510100501,3.92,1.96,0.17391304347826086,0.17391304347826086,30,4.476115036139577,0.715,4403.5199999999995,0.0,544.1999999999999,0.0,0.0,4947.719999999999,6036.119999999999,1.0,1.2,0.3869307692307692,6036.119999999999,0.0,1.0,132.10559999999998,3203.5607999999997,0.0,408.15,0.0,0.0,3710.7899999999995,0.18448432566660708,0.9224216283330354,,0.1605640854685055,0.1605640863655739,178.66215736677964,893.3107868338982,69.2861879446508,73.77247266757053,0.7109581341515957,3.578570575906034,3.810283230055839,-0.2317126541498049,0.05323088231935683,514.3768100947539,3757.037589905246,0.0,0.0,514.3768100947539,4301.237589905246,4301.237589905246,514.3768100947539,0.2857648944970855,514.3768100947539,2263.2579644169173,5389.6375899052455,5389.6375899052455,23714.405395583082,5904.014399999999,5904.014399999999,25977.66336,0.4920011999999999,0.8117310329330713,4.058655164665356,0.18448432566660708,417.5356193750328,417.5356193750328,0.0,417.5356193750328,417.5356193750328,0.0,514.3768100947539,0.0,514.3768100947539,2263.2579644169173,0.0,4947.719999999999,-0.06081244888097445,210.19077337268195
164,2030,4NB,4,NB,MD,5,OP,MD,4.4,70,12000,1.6,6.5,75,1800,1,4,0.05,0.01,7689.2,0.0,950.1,0.0,0.0,1.0510100501,1.0510100501,1.0510100501,3.92,1.96,0.17391304347826086,0.17391304347826086,30,4.4556466400657735,0.708,5056.466584572966,0.0,624.791773136708,0.0,0.0,5681.258357709674,6930.84190398309,1.0,1.2,0.44428473743481345,6930.84190398309,0.0,1.0,151.69399753718898,3678.579440276833,0.0,468.59382985253103,0.0,0.0,4260.943768282255,0.43859945542482676,2.192997277124134,,0.06092026242860283,0.060920264826332615,257.49216968294604,1287.4608484147302,67.5378502443776,74.85778466756445,2.464849725904536,3.5266873201283775,3.9089192067077607,-0.38223188657938323,0.18836217033248934,224.10002486612757,4680.67256216965,0.0,0.0,224.10002486612757,5305.4643353063575,26527.32167653179,224.10002486612757,0.12450001381451532,1120.5001243306378,4930.2005470548065,6555.047881579774,32775.23940789887,144211.05339475506,6779.147906445902,33895.73953222951,149141.25394180987,0.5649289922038252,1.929837603869238,9.649188019346191,0.43859945542482676,432.4766550146843,432.4766550146843,0.0,2162.3832750734214,2162.3832750734214,0.0,1120.5001243306378,0.0,1120.5001243306378,4930.2005470548065,0.0,28406.29178854837,-0.0977845451303951,302.9319643328777
165,2030,4NB,4,NB,PM-Shoulder,1,OP,PM,4.4,70,12000,1.6,6.5,75,1800,1,4,0.05,0.01,8346.1,0.0,1032.1,0.0,0.0,1.0510100501,1.0510100501,1.0510100501,3.92,1.96,0.17391304347826086,0.17391304347826086,30,4.454569356061889,0.592,7239.208859663645,0.0,895.2190201481945,0.0,0.0,8134.427879811839,9924.865920108228,1.0,1.2,0.6362093538530915,9924.865920108228,0.0,1.0,217.17626578990934,5266.524445405302,0.0,671.4142651111459,0.0,0.0,6100.8209098588795,1.4990951113366489,7.495475556683244,,0.06653627549223785,0.06653627590028227,209.30859083576956,1046.5429541788478,51.14313617894397,74.26575473711837,3.3970990538508468,3.5548012800043836,5.161983009338619,-1.6071817293342354,1.905059579936766,350.4149213860923,6671.617672487644,0.0,0.0,350.4149213860923,7566.8366926358385,7566.8366926358385,350.4149213860923,0.19467495632560683,350.4149213860923,1541.8256540988064,9357.274732932228,9357.274732932228,41172.00882490181,9707.689654318321,9707.689654318321,42713.834479000616,0.80897413785986,6.5960184898812555,32.98009244940628,1.4990951113366489,2311.3433005929514,2311.3433005929514,0.0,2311.3433005929514,2311.3433005929514,0.0,350.4149213860923,0.0,350.4149213860923,1541.8256540988064,0.0,8134.427879811839,-0.3113496744229222,246.2454009832583
166,2030,4NB,4,NB,PM-Peak,3,Peak,PM,4.4,70,12000,1.6,6.5,75,1800,1,4,0.05,0.01,7271.9,0.0,898.6,0.0,0.0,1.0510100501,1.0510100501,1.0510100501,3.92,1.96,0.17391304347826086,0.17391304347826086,30,4.454569356061889,0.592,7436.514087547816,0.0,918.9416189813485,0.0,0.0,8355.455706529165,10193.338944491861,1.0,1.2,0.6534191631084526,10193.338944491861,0.0,1.0,223.0954226264345,5410.063998691036,0.0,689.2062142360114,0.0,0.0,6266.591779896873,1.2699513088118504,6.349756544059252,,0.10370967532700318,0.10370969133997537,181.43541400551896,907.1770700275947,50.599198608120695,72.39236531381236,4.0374158068713655,3.6467933994916613,5.217473937573994,-1.5706805380823323,1.981082151619228,561.0759808025559,6652.342684118826,0.0,0.0,561.0759808025559,7571.284303100174,22713.85290930052,561.0759808025559,0.3117088782236422,1683.2279424076678,7406.2029465937385,9409.16754106287,28227.50262318861,124201.0115420299,9970.243521865426,29910.730565596277,131607.21448862363,0.8308536268221188,5.587785758772142,27.93892879386071,1.2699513088118504,3135.1723751176337,3135.1723751176337,0.0,9405.5171253529,9405.5171253529,0.0,1683.2279424076678,0.0,1683.2279424076678,7406.2029465937385,0.0,25066.367119587492,-0.3010423352134008,213.45342824178698
167,2030,4NB,4,NB,PM-Late,3,OP,PM,4.4,70,12000,1.6,6.5,75,1800,1,4,0.05,0.01,7502.1,0.0,927.0,0.0,0.0,1.0510100501,1.0510100501,1.0510100501,3.92,1.96,0.17391304347826086,0.17391304347826086,30,4.454569356061889,0.592,5005.362655869638,0.0,618.4896471642812,0.0,0.0,5623.852303033919,6860.831597362481,1.0,1.2,0.43979689726682575,6860.831597362481,0.0,1.0,150.16087967608914,3641.401332145161,0.0,463.8672353732109,0.0,0.0,4217.889227275439,0.19793540016451702,0.9896770008225851,,0.14469240207066136,0.14469242240010793,161.05997084413758,805.299854220688,68.28350664374743,73.52825763474263,1.0679221947452573,3.5904563564043723,3.8662337799573727,-0.2757774235530004,0.1298831356844577,526.8831056513895,4328.3186705421585,0.0,0.0,526.8831056513895,4946.80831770644,14840.42495311932,526.8831056513895,0.2927128364729942,1580.6493169541686,6954.856994598343,6183.787612035002,18551.362836105007,81625.99647886204,6710.670717686391,20132.012153059175,88580.85347346039,0.5592225598071993,0.870915760723875,4.354578803619375,0.19793540016451702,458.8708007709377,458.8708007709377,0.0,1376.6124023128132,1376.6124023128132,0.0,1580.6493169541686,0.0,1580.6493169541686,6954.856994598343,0.0,16871.556909101757,-0.07132973308097292,189.48231864016188
168,2030,4SB,4,SB,Night,8,OP,NT,4.4,70,12000,1.6,5.0,75,1800,1,4,0.05,0.01,2608.6,0.0,322.7,0.0,0.0,1.0510100501,1.0510100501,1.0510100501,3.92,1.96,0.17391304347826086,0.17391304347826086,30,4.420096267937589,0.708,1565.1599999999999,0.0,193.61999999999998,0.0,0.0,1758.7799999999997,2146.0199999999995,1.0,1.2,0.1375653846153846,2146.0199999999995,0.0,1.0,46.95479999999999,1138.6538999999998,0.0,145.21499999999997,0.0,0.0,1319.0849999999998,0.155947160829134,0.7797358041456701,,0.1739129643672753,0.17391295781778704,139.4754854972862,697.377427486431,69.98737676143456,74.97427500873242,0.0,3.5212077738564505,3.7721088032759793,-0.25090102941952885,0.0009319176309490476,198.026675137359,1320.1785248626409,0.0,0.0,198.026675137359,1513.7985248626408,12110.388198901126,198.026675137359,0.11001481952075501,1584.213401098872,6970.538964835037,1901.0385248626408,15208.308198901126,66916.55607516496,2099.0652,16792.5216,73887.09504,0.1749221,0.6861675076481897,3.4308375382409486,0.155947160829134,135.87947012685936,135.87947012685936,0.0,1087.0357610148749,1087.0357610148749,0.0,1584.213401098872,0.0,1584.213401098872,6970.538964835037,0.0,14070.239999999998,-0.06651479119627403,164.08880646739556
169,2030,4SB,4,SB,AM-Early,1,OP,AM,4.4,70,12000,1.6,5.0,75,1800,1,4,0.05,0.01,7034.4,0.0,869.2,0.0,0.0,1.0510100501,1.0510100501,1.0510100501,3.92,1.96,0.17391304347826086,0.17391304347826086,30,4.476115036139577,0.715,8441.279999999999,0.0,1043.04,0.0,0.0,9484.32,11570.399999999998,1.0,1.2,0.7416923076923075,11570.399999999998,0.0,1.0,253.23839999999996,6141.031199999999,0.0,782.28,0.0,0.0,7113.24,0.8400882403316883,4.200441201658442,,0.17391304166365942,0.17391303023000715,80.97219859605455,404.86099298027284,38.427956263777645,58.12617340003046,0.9938734581210945,4.541843795274878,6.869998450811383,-2.3281546555365047,4.245040734754453,1068.0054149434322,7120.036185056566,0.0,0.0,1068.0054149434322,8163.076185056566,8163.076185056566,1068.0054149434322,0.5933363416352402,1068.0054149434322,4699.223825751103,10249.156185056567,10249.156185056567,45096.2872142489,11317.1616,11317.1616,49795.511040000005,0.9430968,3.6963882574594287,18.481941287297143,0.8400882403316883,3947.7626746999877,3947.7626746999877,0.0,3947.7626746999877,3947.7626746999877,0.0,1068.0054149434322,0.0,1068.0054149434322,4699.223825751103,0.0,9484.32,-0.338887216963133,95.26141011300537
170,2030,4SB,4,SB,AM-Peak,2,Peak,AM,4.4,70,12000,1.6,5.0,75,1800,1,4,0.05,0.01,9391.8,0.0,1160.3,0.0,0.0,1.0510100501,1.0510100501,1.0510100501,3.92,1.96,0.17391304347826086,0.17391304347826086,30,4.476115036139577,0.715,10675.573917060656,0.0,1318.90249110559,0.0,0.0,11994.476408166245,14632.281390377426,1.0,1.2,0.9379667557934247,14632.281390377426,0.0,1.0,320.26721751181964,7766.480024661627,0.0,989.1768683291924,0.0,0.0,8995.857306124684,1.3031563409324312,6.515781704662156,,0.17391304242647496,0.1739130363783344,38.17740491602874,190.88702458014373,19.13905378588515,43.03835086891927,1.9633716392060487,6.134064030567937,13.793785364389185,-7.659721333821248,13.730628806356044,1350.6921700333478,9004.614529515487,0.0,0.0,1350.6921700333478,10323.517020621077,20647.034041242154,1350.6921700333478,0.7503845389074154,2701.3843400666956,11886.091096293461,12961.322002832258,25922.644005664515,114059.63362492388,14312.014172865605,28624.02834573121,125945.72472121734,1.1926678477388004,5.733887900102697,28.669439500513487,1.3031563409324312,7744.717490517668,7744.717490517668,0.0,15489.434981035336,15489.434981035336,0.0,2701.3843400666956,0.0,2701.3843400666956,11886.091096293461,0.0,23988.95281633249,-0.5553023431549121,44.91459401885734
171,2030,4SB,4,SB,AM-Shoulder,1,OP,AM,4.4,70,12000,1.6,5.0,75,1800,1,4,0.05,0.01,8348.2,0.0,1032.1,0.0,0.0,1.0510100501,1.0510100501,1.0510100501,3.92,1.96,0.17391304347826086,0.17391304347826086,30,4.476115036139577,0.715,10017.84,0.0,1238.5199999999998,0.0,0.0,11256.36,13733.4,1.0,1.2,0.8803461538461538,13733.4,0.0,1.0,300.5352,7287.9786,0.0,928.8899999999999,0.0,0.0,8442.27,0.7220467334495841,3.610233667247921,,0.1739130420762648,0.17391303693096938,29.32735620245961,146.63678101229806,23.84445862538512,47.59353769743687,1.180682669957022,5.546971559002591,11.07175483191479,-5.524783272912199,10.001446976866124,1267.4745289127175,8449.830271087283,0.0,0.0,1267.4745289127175,9688.350271087284,9688.350271087284,1267.4745289127175,0.7041525160626209,1267.4745289127175,5576.8879272159575,12165.390271087283,12165.390271087283,53527.717192784046,13432.8648,13432.8648,59104.60512000001,1.1194054,3.1770056271781706,15.885028135890854,0.7220467334495841,4026.773710660704,4026.773710660704,0.0,4026.773710660704,4026.773710660704,0.0,1267.4745289127175,0.0,1267.4745289127175,5576.8879272159575,0.0,11256.36,-0.49899797789838907,34.50277200289366
172,2030,4SB,4,SB,MD,5,OP,MD,4.4,70,12000,1.6,5.0,75,1800,1,4,0.05,0.01,7762.8,0.0,959.6,0.0,0.0,1.0510100501,1.0510100501,1.0510100501,3.92,1.96,0.17391304347826086,0.17391304347826086,30,4.4556466400657735,0.708,6783.222109967432,0.0,838.509292616678,0.0,0.0,7621.73140258411,9298.749987817466,1.0,1.2,0.5960737171677862,9298.749987817466,0.0,1.0,203.49666329902294,4934.7940850013065,0.0,628.8819694625084,0.0,0.0,5716.298551938082,0.1990683381084403,0.9953416905422015,,0.1739130123358668,0.1739130256363097,51.68880892828248,258.44404464141235,54.8820910189115,66.90176934609697,0.7992636944622806,3.946083976258868,4.810312345953251,-0.8642283696943824,1.4232707710988106,858.2249045797948,5721.500542088615,0.0,0.0,858.2249045797948,6560.009834705293,32800.049173526466,858.2249045797948,0.4767916136554416,4291.124522898974,18880.947900755487,8237.028419938648,41185.14209969324,181214.62523865027,9095.253324518442,45476.266622592215,200095.57313940575,0.7579377770432035,0.8759006876771374,4.379503438385687,0.1990683381084403,751.7197841030879,751.7197841030879,0.0,3758.5989205154397,3758.5989205154397,0.0,4291.124522898974,0.0,4291.124522898974,18880.947900755487,0.0,38108.65701292055,-0.17966159108595678,60.810363445038206
173,2030,4SB,4,SB,PM-Shoulder,1,OP,PM,4.4,70,12000,1.6,5.0,75,1800,1,4,0.05,0.01,5173.1,0.0,639.0,0.0,0.0,1.0510100501,1.0510100501,1.0510100501,3.92,1.96,0.17391304347826086,0.17391304347826086,30,4.454569356061889,0.592,5576.495231157798,0.0,688.8288362316276,0.0,0.0,6265.324067389426,7642.981739852681,1.0,1.2,0.4899347269136334,7642.981739852681,0.0,1.0,167.29485693473393,4056.9002806672984,0.0,516.6216271737208,0.0,0.0,4698.99305054207,0.19735440442425226,0.9867720221212612,,0.17391304058127563,0.17391298491812315,99.18779826797876,495.9389913398938,63.444552077546454,71.07044826887774,0.6561763469082547,3.7146241008811463,4.161113781327046,-0.44648968044589976,0.5338687375609101,705.5478631458803,4703.6525110771845,0.0,0.0,705.5478631458803,5392.4813473088125,5392.4813473088125,705.5478631458803,0.39197103508104464,705.5478631458803,3104.410597841874,6770.1390197720675,6770.1390197720675,29788.6116869971,7475.6868829179475,7475.6868829179475,32893.022284838975,0.622973906909829,0.86835937946671,4.34179689733355,0.19735440442425226,612.6691046254199,612.6691046254199,0.0,612.6691046254199,612.6691046254199,0.0,705.5478631458803,0.0,705.5478631458803,3104.410597841874,0.0,6265.324067389426,-0.10730052190582182,116.69152737409267
174,2030,4SB,4,SB,PM-Peak,3,Peak,PM,4.4,70,12000,1.6,5.0,75,1800,1,4,0.05,0.01,7063.8,0.0,873.4,0.0,0.0,1.0510100501,1.0510100501,1.0510100501,3.92,1.96,0.17391304347826086,0.17391304347826086,30,4.454569356061889,0.592,6187.833334638053,0.0,765.0915420132046,0.0,0.0,6952.924876651257,8483.107960677668,1.0,1.2,0.543788971838312,8483.107960677668,0.0,1.0,185.6350000391416,4501.6487509491835,0.0,573.8186565099035,0.0,0.0,5214.693657488443,0.22424698403621884,1.1212349201810943,,0.17391304266646984,0.17391302941280493,82.10725482464468,410.5362741232235,59.62158912684637,69.1994927498168,1.139731071570847,3.8150568668828706,4.427926257355094,-0.6128693904722233,0.8994018297193368,782.895431293286,5219.302903305626,0.0,0.0,782.895431293286,5984.394445318831,17953.18333595649,782.895431293286,0.4349419062740478,2348.686293879858,10334.219693071376,7514.577529345241,22543.732588035724,99192.4233873572,8297.472960638526,24892.418881915582,109526.64308042856,0.6914560800532106,0.986686729759363,4.933433648796815,0.22424698403621884,772.4725328463185,772.4725328463185,0.0,2317.4175985389556,2317.4175985389556,0.0,2348.686293879858,0.0,2348.686293879858,10334.219693071376,0.0,20858.774629953772,-0.13841002646649875,96.59677038193493
175,2030,4SB,4,SB,PM-Late,3,OP,PM,4.4,70,12000,1.6,5.0,75,1800,1,4,0.05,0.01,6425.9,0.0,794.6,0.0,0.0,1.0510100501,1.0510100501,1.0510100501,3.92,1.96,0.17391304347826086,0.17391304347826086,30,4.454569356061889,0.592,3855.5399999999995,0.0,476.76,0.0,0.0,4332.299999999999,5285.82,1.0,1.2,0.33883461538461535,5285.82,0.0,1.0,115.66619999999998,2804.9053499999995,0.0,357.57,0.0,0.0,3249.2249999999995,0.1729211564625828,0.864605782312914,,0.1739127729792177,0.17391271410799944,144.45533773927068,722.2766886963534,68.87390580097696,74.06425829673638,0.4545751565729063,3.5644723389018678,3.8330917483157347,-0.26861940941386697,0.08447855233541426,487.8088673627431,3252.0649326372563,0.0,0.0,487.8088673627431,3728.824932637256,11186.474797911767,487.8088673627431,0.27100492631263506,1463.4266020882294,6439.0770491882095,4682.3449326372565,14047.034797911769,61806.95311081179,5170.1538,15510.461399999998,68246.03016,0.43084615,0.7608530884353644,3.804265442176822,0.1729211564625828,371.1508832991001,371.1508832991001,0.0,1113.4526498973003,1113.4526498973003,0.0,1463.4266020882294,0.0,1463.4266020882294,6439.0770491882095,0.0,12996.899999999998,-0.07007904507683613,169.94745616384787
176,2030,5NB,5,NB,Night,8,OP,NT,3.0,70,8000,1.6,6.5,75,1800,1,4,0.05,0.01,1673.2,0.0,207.0,0.0,0.0,1.0510100501,1.0510100501,1.0510100501,3.92,1.96,0.2448979591836735,0.2448979591836735,30,4.420096267937589,0.708,1643.575112340006,0.0,203.33495592540118,0.0,0.0,1846.910068265407,2253.5799801162093,1.0,1.2,0.19427413621691458,2253.5799801162093,0.0,1.0,49.30725337020018,1195.7008942273542,0.0,152.5012169440509,0.0,0.0,1385.1825511990553,0.10562233833660505,0.5281116916830252,,0.24489793724510586,0.24489793072250207,95.77130806066032,478.85654030330153,69.98798259705828,74.90223594175995,0.0,2.4031325331857722,2.57187010284771,-0.16873756966193776,0.0006048980442198451,292.8246825584076,1301.443176411398,0.0,0.0,292.8246825584076,1504.7781323367992,12038.225058694394,292.8246825584076,0.16268037919911532,2342.5974604672606,7027.792381401781,1911.4480441876017,15291.584353500813,45874.75306050244,2204.272726746009,17634.181813968073,52902.54544190422,0.27553409084325114,0.3168670150098151,1.5843350750490757,0.10562233833660505,92.78648308347928,92.78648308347928,0.0,742.2918646678343,742.2918646678343,0.0,2342.5974604672606,0.0,2342.5974604672606,7027.792381401781,0.0,14775.280546123256,-0.0656089004942756,112.67212713018861
177,2030,5NB,5,NB,AM-Early,1,OP,AM,3.0,70,8000,1.6,6.5,75,1800,1,4,0.05,0.01,2431.0,0.0,300.6,0.0,0.0,1.0510100501,1.0510100501,1.0510100501,3.92,1.96,0.2448979591836735,0.2448979591836735,30,4.476115036139577,0.715,1643.9331495370964,0.0,203.2769661665369,0.0,0.0,1847.2101157036332,2253.764048036707,1.0,1.2,0.19429000414109546,2253.764048036707,0.0,1.0,49.31799448611289,1195.9613662882375,0.0,152.45772462490268,0.0,0.0,1385.4075867777249,0.10562233833660505,0.5281116916830252,,0.24489794061407197,0.24489793506421587,95.77275797355881,478.863789867794,69.98797780553096,74.90215083261586,0.0,2.403135263795652,2.571870278923462,-0.16873501512781042,0.0006051392680006547,292.8884756579812,1301.7266793930023,0.0,0.0,292.8884756579812,1505.003645559539,1505.003645559539,292.8884756579812,0.16271581980998956,292.8884756579812,878.6654269739436,1911.5575778926132,1911.5575778926132,5734.6727336778395,2204.446053550594,2204.446053550594,6613.338160651783,0.27555575669382426,0.3168670150098151,1.5843350750490757,0.10562233833660505,92.8066970125194,92.8066970125194,0.0,92.8066970125194,92.8066970125194,0.0,292.8884756579812,0.0,292.8884756579812,878.6654269739436,0.0,1847.2101157036332,-0.06560790274322849,112.6738329100692
178,2030,5NB,5,NB,AM-Peak,2,Peak,AM,3.0,70,8000,1.6,6.5,75,1800,1,4,0.05,0.01,4637.1,0.0,572.8,0.0,0.0,1.0510100501,1.0510100501,1.0510100501,3.92,1.96,0.2448979591836735,0.2448979591836735,30,4.476115036139577,0.715,2782.26,0.0,343.67999999999995,0.0,0.0,3125.94,3813.3,1.0,1.2,0.3287327586206897,3813.3,0.0,1.0,83.4678,2024.0941500000004,0.0,257.76,0.0,0.0,2344.455,0.10562233833660505,0.5281116916830252,,0.2448978393438204,0.24489792753803388,101.52073231560917,507.6036615780457,69.63505928036915,74.20466938272222,0.697069800603139,2.425723360771568,2.5849048146174822,-0.15918145384591442,0.01846245316880778,495.6962839634668,2203.0959160365337,0.0,0.0,495.6962839634668,2546.7759160365335,5093.551832073067,495.6962839634668,0.2753868244241482,991.3925679269336,2974.1777037808006,3234.1359160365337,6468.271832073067,19404.815496219202,3729.8322000000003,7459.664400000001,22378.993200000004,0.466229025,0.3168670150098151,1.5843350750490757,0.10562233833660505,157.0698018509614,157.0698018509614,0.0,314.1396037019228,314.1396037019228,0.0,991.3925679269336,0.0,991.3925679269336,2974.1777037808006,0.0,6251.88,-0.06158116652719776,119.43615566542253
179,2030,5NB,5,NB,AM-Shoulder,1,OP,AM,3.0,70,8000,1.6,6.5,75,1800,1,4,0.05,0.01,4358.5,0.0,538.1,0.0,0.0,1.0510100501,1.0510100501,1.0510100501,3.92,1.96,0.2448979591836735,0.2448979591836735,30,4.476115036139577,0.715,2615.1,0.0,322.86,0.0,0.0,2937.96,3583.68,1.0,1.2,0.30893793103448275,3583.68,0.0,1.0,78.45299999999999,1902.48525,0.0,242.145,0.0,0.0,2203.4700000000003,0.10562233833660505,0.5281116916830252,,0.24489792647564065,0.244897790691552,100.78033705582466,503.9016852791232,69.75588293588069,74.37781041094085,0.41901200327339655,2.4200766197000374,2.580427519861733,-0.16035090016169562,0.012328559353431464,465.9146928754908,2070.732307124509,0.0,0.0,465.9146928754908,2393.5923071245093,2393.5923071245093,465.9146928754908,0.25884149604193935,465.9146928754908,1397.7440786264724,3039.312307124509,3039.312307124509,9117.936921373526,3505.227,3505.227,10515.680999999999,0.43815337499999996,0.3168670150098151,1.5843350750490757,0.10562233833660505,147.63299798067155,147.63299798067155,0.0,147.63299798067155,147.63299798067155,0.0,465.9146928754908,0.0,465.9146928754908,1397.7440786264724,0.0,2937.96,-0.0621412145574574,118.56510241861723
180,2030,5NB,5,NB,MD,5,OP,MD,3.0,70,8000,1.6,6.5,75,1800,1,4,0.05,0.01,4777.9,0.0,590.7,0.0,0.0,1.0510100501,1.0510100501,1.0510100501,3.92,1.96,0.2448979591836735,0.2448979591836735,30,4.4556466400657735,0.708,2866.74,0.0,354.42,0.0,0.0,3221.16,3930.0,1.0,1.2,0.33879310344827585,3930.0,0.0,1.0,86.00219999999999,2085.55335,0.0,265.815,0.0,0.0,2415.87,0.10562233833660505,0.5281116916830252,,0.24489795191101166,0.24489792830604717,101.74368383758438,508.7184191879219,69.55646794604698,74.10478820085113,0.4602181695472459,2.4289928406803356,2.5878254792871456,-0.15883263860680996,0.0224637637662468,510.7477440161493,2269.9900559838507,0.0,0.0,510.7477440161493,2624.4100559838507,13122.050279919255,510.7477440161493,0.2837487466756385,2553.7387200807466,7661.21616024224,3333.250055983851,16666.250279919255,49998.75083975776,3843.9978,19219.989,57659.967000000004,0.480499725,0.3168670150098151,1.5843350750490757,0.10562233833660505,161.8391130693944,161.8391130693944,0.0,809.195565346972,809.195565346972,0.0,2553.7387200807466,0.0,2553.7387200807466,7661.21616024224,0.0,16105.8,-0.06137687408911467,119.69845157362869
181,2030,5NB,5,NB,PM-Shoulder,1,OP,PM,3.0,70,8000,1.6,6.5,75,1800,1,4,0.05,0.01,5334.9,0.0,659.0,0.0,0.0,1.0510100501,1.0510100501,1.0510100501,3.92,1.96,0.2448979591836735,0.2448979591836735,30,4.454569356061889,0.592,3200.9399999999996,0.0,395.4,0.0,0.0,3596.3399999999997,4387.139999999999,1.0,1.2,0.37820172413793096,4387.139999999999,0.0,1.0,96.02819999999998,2328.6838499999994,0.0,296.54999999999995,0.0,0.0,2697.2549999999997,0.10562233833660505,0.5281116916830252,,0.24489795447967164,0.24489792532600757,101.07600859618319,505.3800429809159,69.09927600441125,73.61764879595961,0.5132617557835016,2.4450658631993556,2.6049476985621225,-0.1598818353627669,0.04592120417296534,570.2899114948464,2534.621888505153,0.0,0.0,570.2899114948464,2930.021888505153,2930.021888505153,570.2899114948464,0.316827728608248,570.2899114948464,1710.869734484539,3720.821888505153,3720.821888505153,11162.465665515458,4291.111799999999,4291.111799999999,12873.335399999996,0.5363889749999998,0.3168670150098151,1.5843350750490757,0.10562233833660505,180.70606194558363,180.70606194558363,0.0,180.70606194558363,180.70606194558363,0.0,570.2899114948464,0.0,570.2899114948464,1710.869734484539,0.0,3596.3399999999997,-0.061376217054575945,118.91295128962727
182,2030,5NB,5,NB,PM-Peak,3,Peak,PM,3.0,70,8000,1.6,6.5,75,1800,1,4,0.05,0.01,5892.0,0.0,728.3,0.0,0.0,1.0510100501,1.0510100501,1.0510100501,3.92,1.96,0.2448979591836735,0.2448979591836735,30,4.454569356061889,0.592,4962.702820985081,0.0,613.4311718471545,0.0,0.0,5576.133992832236,6802.996336526545,1.0,1.2,0.5864652014247022,6802.996336526545,0.0,1.0,148.88108462955245,3610.3663022666465,0.0,460.07337888536586,0.0,0.0,4182.100494624177,0.5281116916830252,2.640558458415126,,0.22551701824112572,0.22551705544823228,134.39121627191287,671.9560813595643,56.28653838373269,69.31915515999033,1.601663596305372,2.5966848497295665,3.1979227212882146,-0.6012378715586482,0.8582969853077114,814.1990432454129,3999.622693110116,0.0,0.0,814.1990432454129,4613.05386495727,13839.16159487181,814.1990432454129,0.45233280180300717,2442.5971297362385,7327.791389208715,5839.916208651579,17519.748625954737,52559.24587786421,6654.115251896992,19962.345755690974,59887.03726707293,0.831764406487124,1.5843350750490757,7.9216753752453775,0.5281116916830252,1289.964102285107,1289.964102285107,0.0,3869.892306855321,3869.892306855321,0.0,2442.5971297362385,0.0,2442.5971297362385,7327.791389208715,0.0,16728.40197849671,-0.1880088807513311,158.10731326107395
183,2030,5NB,5,NB,PM-Late,3,OP,PM,3.0,70,8000,1.6,6.5,75,1800,1,4,0.05,0.01,4803.1,0.0,593.8,0.0,0.0,1.0510100501,1.0510100501,1.0510100501,3.92,1.96,0.2448979591836735,0.2448979591836735,30,4.454569356061889,0.592,2881.86,0.0,356.28,0.0,0.0,3238.1400000000003,3950.7,1.0,1.2,0.34057758620689654,3950.7,0.0,1.0,86.4558,2096.5531499999997,0.0,267.21,0.0,0.0,2428.6050000000005,0.10562233833660505,0.5281116916830252,,0.24489794555557834,0.24489791434002636,101.77384096687567,508.8692048343783,69.54116530753078,74.08598392641223,0.46262877333528474,2.429609360102304,2.5883949341945724,-0.15878557409226834,0.023243916989421493,513.4415591830762,2281.962640816924,0.0,0.0,513.4415591830762,2638.242640816924,7914.727922450772,513.4415591830762,0.28524531065726455,1540.3246775492285,4620.974032647686,3350.8026408169235,10052.40792245077,30157.22376735231,3864.2441999999996,11592.732599999998,34778.197799999994,0.48303052499999993,0.3168670150098151,1.5843350750490757,0.10562233833660505,162.69269424032666,162.69269424032666,0.0,488.07808272098,488.07808272098,0.0,1540.3246775492285,0.0,1540.3246775492285,4620.974032647686,0.0,9714.420000000002,-0.061345188091120044,119.7339305492655
184,2030,5SB,5,SB,Night,8,OP,NT,3.0,70,8000,1.6,5.0,75,1800,1,4,0.05,0.01,1547.1,0.0,191.3,0.0,0.0,1.0510100501,1.0510100501,1.0510100501,3.92,1.96,0.2448979591836735,0.2448979591836735,30,4.420096267937589,0.708,1069.07589754409,0.0,132.19198448722412,0.0,0.0,1201.267882031314,1465.6518510057622,1.0,1.2,0.12634929750049673,1465.6518510057622,0.0,1.0,32.072276926322694,777.7527154633253,0.0,99.1439883654181,0.0,0.0,900.9509115234855,0.155947160829134,0.7797358041456701,,0.23310250060382548,0.2331025004588352,139.21130071519275,696.0565035759638,69.98805680145547,74.98519509098706,0.0,2.4004738506259526,2.571867376038603,-0.1713935254126504,0.0006011623157437519,181.2961028259167,855.7075177918505,0.0,0.0,181.2961028259167,987.8995022790746,7903.1960182325965,181.2961028259167,0.10072005712550929,1450.3688226073336,4351.106467822001,1252.2834712535227,10018.267770028182,30054.803310084546,1433.5795740794395,11468.636592635516,34405.90977790655,0.17919744675992993,0.46784148248740204,2.3392074124370104,0.155947160829134,84.81783751526535,84.81783751526535,0.0,678.5427001221228,678.5427001221228,0.0,1450.3688226073336,0.0,1450.3688226073336,4351.106467822001,0.0,9610.143056250512,-0.06664166551101267,163.7780008414032
185,2030,5SB,5,SB,AM-Early,1,OP,AM,3.0,70,8000,1.6,5.0,75,1800,1,4,0.05,0.01,3660.7,0.0,451.9,0.0,0.0,1.0510100501,1.0510100501,1.0510100501,3.92,1.96,0.2448979591836735,0.2448979591836735,30,4.476115036139577,0.715,4392.839999999999,0.0,542.28,0.0,0.0,4935.119999999999,6019.679999999999,1.0,1.2,0.5189379310344827,6019.679999999999,0.0,1.0,131.78519999999997,3195.7910999999995,0.0,406.71,0.0,0.0,3701.3399999999992,0.8400882403316883,4.200441201658442,,0.17066604130133287,0.17066605058407677,173.54962914805975,867.7481457402987,56.44938176706863,73.52694247379598,1.4786982815140954,2.44808221236929,3.188697455407885,-0.740615243038595,0.84565837105166,545.4130158630319,3715.6417841369675,0.0,0.0,545.4130158630319,4257.921784136967,4257.921784136967,545.4130158630319,0.3030072310350177,545.4130158630319,1636.2390475890957,5342.481784136968,5342.481784136968,16027.445352410903,5887.8948,5887.8948,17663.6844,0.73598685,2.5202647209950646,12.601323604975324,0.8400882403316883,1374.5851822511208,1374.5851822511208,0.0,1374.5851822511208,1374.5851822511208,0.0,545.4130158630319,0.0,545.4130158630319,1636.2390475890957,0.0,4935.119999999999,-0.23226262553775537,204.176034291835
186,2030,5SB,5,SB,AM-Peak,2,Peak,AM,3.0,70,8000,1.6,5.0,75,1800,1,4,0.05,0.01,4487.8,0.0,554.9,0.0,0.0,1.0510100501,1.0510100501,1.0510100501,3.92,1.96,0.2448979591836735,0.2448979591836735,30,4.476115036139577,0.715,5385.36,0.0,665.88,0.0,0.0,6051.24,7383.0,1.0,1.2,0.6364655172413793,7383.0,0.0,1.0,161.56079999999997,3917.8493999999996,0.0,499.40999999999997,0.0,0.0,4538.43,1.3031563409324312,6.515781704662156,,0.22821371061666934,0.22821372408655244,149.695888246426,748.47944123213,44.822254994469446,67.06552290612812,1.6847216134007008,2.683942392456206,4.0158622100162065,-1.3319198175600007,1.9788740848650594,894.1069492112915,4329.6922507887075,0.0,0.0,894.1069492112915,4995.572250788708,9991.144501577415,894.1069492112915,0.49672608289516196,1788.213898422583,5364.641695267749,6327.332250788708,12654.664501577416,37963.99350473225,7221.439199999999,14442.878399999998,43328.6352,0.9026798999999999,3.9094690227972935,19.547345113986466,1.3031563409324312,3495.4834210093372,3495.4834210093372,0.0,6990.9668420186745,6990.9668420186745,0.0,1788.213898422583,0.0,1788.213898422583,5364.641695267749,0.0,12102.48,-0.3316647205270087,176.11280970167763
187,2030,5SB,5,SB,AM-Shoulder,1,OP,AM,3.0,70,8000,1.6,5.0,75,1800,1,4,0.05,0.01,3405.3,0.0,420.4,0.0,0.0,1.0510100501,1.0510100501,1.0510100501,3.92,1.96,0.2448979591836735,0.2448979591836735,30,4.476115036139577,0.715,4086.36,0.0,504.47999999999996,0.0,0.0,4590.84,5599.8,1.0,1.2,0.48274137931034483,5599.8,0.0,1.0,122.5908,2972.8269,0.0,378.35999999999996,0.0,0.0,3443.13,0.7220467334495841,3.610233667247921,,0.15138499935475058,0.1513850065965167,183.63142970935164,918.1571485467583,59.4808309803704,74.2395886456072,1.5628359654282686,2.4245823998197853,3.0261850252126234,-0.6016026253928382,0.6230163416841515,450.0413983382852,3513.727801661715,0.0,0.0,450.0413983382852,4018.207801661715,4018.207801661715,450.0413983382852,0.2500229990768251,450.0413983382852,1350.1241950148556,5027.167801661715,5027.167801661715,15081.503404985146,5477.2092,5477.2092,16431.6276,0.68465115,2.166140200348752,10.830701001743762,0.7220467334495843,974.8527647617257,974.8527647617257,0.0,974.8527647617257,974.8527647617257,0.0,450.0413983382852,0.0,450.0413983382852,1350.1241950148556,0.0,4590.84,-0.1987990226574361,216.036976128649
188,2030,5SB,5,SB,MD,5,OP,MD,3.0,70,8000,1.6,5.0,75,1800,1,4,0.05,0.01,4698.0,0.0,580.2,0.0,0.0,1.0510100501,1.0510100501,1.0510100501,3.92,1.96,0.2448979591836735,0.2448979591836735,30,4.4556466400657735,0.708,2818.7999999999997,0.0,348.12,0.0,0.0,3166.9199999999996,3863.16,1.0,1.2,0.3330310344827586,3863.16,0.0,1.0,84.564,2050.6769999999997,0.0,261.09000000000003,0.0,0.0,2375.1899999999996,0.1990683381084403,0.9953416905422015,,0.22616361482243555,0.22616361242394384,146.60435894897492,733.0217947448746,68.48210996220136,74.35954870300793,0.5773494910327899,2.4206709580624284,2.6284236875784175,-0.2077527295159891,0.07808330912528944,463.7885231532276,2270.447476846772,0.0,0.0,463.7885231532276,2618.567476846772,13092.83738423386,463.7885231532276,0.25766029064068197,2318.942615766138,6956.827847298413,3314.8074768467723,16574.03738423386,49722.11215270158,3778.596,18892.979999999996,56678.93999999999,0.4723245,0.5972050143253209,2.9860250716266044,0.1990683381084403,276.97683161364273,276.97683161364273,0.0,1384.8841580682138,1384.8841580682138,0.0,2318.942615766138,0.0,2318.942615766138,6956.827847298413,0.0,15834.599999999999,-0.07904080704256358,172.47571641055873
189,2030,5SB,5,SB,PM-Shoulder,1,OP,PM,3.0,70,8000,1.6,5.0,75,1800,1,4,0.05,0.01,4866.2,0.0,601.2,0.0,0.0,1.0510100501,1.0510100501,1.0510100501,3.92,1.96,0.2448979591836735,0.2448979591836735,30,4.454569356061889,0.592,2919.72,0.0,360.72,0.0,0.0,3280.4399999999996,4001.88,1.0,1.2,0.3449896551724138,4001.88,0.0,1.0,87.59159999999999,2124.0962999999997,0.0,270.54,0.0,0.0,2460.33,0.19735440442425226,0.9867720221212612,,0.2167200798659434,0.2167200828324058,136.76906089377962,683.845304468898,68.1461457587488,74.361522446511,0.6637916220554141,2.4206067073125865,2.6413819592561634,-0.22077525194357683,0.09583614132380117,460.3343197789548,2371.7940802210446,0.0,0.0,460.3343197789548,2732.5140802210444,2732.5140802210444,460.3343197789548,0.255741288766086,460.3343197789548,1381.0029593368645,3453.954080221045,3453.954080221045,10361.862240663135,3914.2884,3914.2884,11742.8652,0.48928605,0.5920632132727568,2.9603160663637835,0.19735440442425226,272.5470165480568,272.5470165480568,0.0,272.5470165480568,272.5470165480568,0.0,460.3343197789548,0.0,460.3343197789548,1381.0029593368645,0.0,3280.4399999999996,-0.08358323610484154,160.90477752209367
190,2030,5SB,5,SB,PM-Peak,3,Peak,PM,3.0,70,8000,1.6,5.0,75,1800,1,4,0.05,0.01,5209.9,0.0,644.3,0.0,0.0,1.0510100501,1.0510100501,1.0510100501,3.92,1.96,0.2448979591836735,0.2448979591836735,30,4.454569356061889,0.592,3125.9399999999996,0.0,386.58,0.0,0.0,3512.5199999999995,4285.679999999999,1.0,1.2,0.36945517241379305,4285.679999999999,0.0,1.0,93.77819999999998,2274.1213499999994,0.0,289.935,0.0,0.0,2634.3899999999994,0.22424698403621884,1.1212349201810943,,0.2101403048320373,0.2101403109777459,138.61253880180686,693.0626940090344,67.36679900549701,74.24467324618342,1.1878800904178997,2.4244163537921284,2.671939332983779,-0.24752297919165045,0.13769974333063464,477.88455371404405,2554.2772462859552,0.0,0.0,477.88455371404405,2940.857246285955,8822.571738857865,477.88455371404405,0.26549141873002446,1433.653661142132,4300.960983426396,3714.0172462859555,11142.051738857866,33426.1552165736,4191.9018,12575.705399999999,37727.1162,0.5239877249999999,0.6727409521086565,3.363704760543283,0.22424698403621882,321.49250966360637,321.49250966360637,0.0,964.4775289908191,964.4775289908191,0.0,1433.653661142132,0.0,1433.653661142132,4300.960983426396,0.0,10537.559999999998,-0.09263794882469854,163.07357506094928
191,2030,5SB,5,SB,PM-Late,3,OP,PM,3.0,70,8000,1.6,5.0,75,1800,1,4,0.05,0.01,4328.1,0.0,535.0,0.0,0.0,1.0510100501,1.0510100501,1.0510100501,3.92,1.96,0.2448979591836735,0.2448979591836735,30,4.454569356061889,0.592,2596.86,0.0,321.0,0.0,0.0,2917.86,3559.86,1.0,1.2,0.3068844827586207,3559.86,0.0,1.0,77.9058,1889.21565,0.0,240.75,0.0,0.0,2188.395,0.1729211564625828,0.864605782312914,,0.2224173239527538,0.22241732243800497,135.2181917758837,676.0909588794185,68.97254374419566,74.5627814715306,0.5555325218073032,2.4140730327868365,2.609734109091022,-0.1956610763041855,0.052478586597557386,420.19428924266236,2098.759910757338,0.0,0.0,420.19428924266236,2419.759910757338,7259.2797322720135,420.19428924266236,0.23344127180147908,1260.5828677279871,3781.7486031839617,3061.759910757338,9185.279732272014,27555.839196816043,3481.9542,10445.862600000002,31337.587800000005,0.435244275,0.5187634693877484,2.5938173469387418,0.17292115646258277,217.98144730444258,217.98144730444258,0.0,653.9443419133278,653.9443419133278,0.0,1260.5828677279871,0.0,1260.5828677279871,3781.7486031839617,0.0,8753.58,-0.074973567469038,159.08022561868668
192,2030,6NB,6,NB,Night,8,OP,NT,4.4,70,8000,1.6,6.5,75,1800,1,4,0.05,0.01,1633.3,0.0,201.8,0.0,0.0,1.0510100501,1.0510100501,1.0510100501,3.92,1.96,0.282574568288854,0.282574568288854,30,4.420096267937589,0.708,1633.3,0.0,201.8,0.0,0.0,1835.1,2238.7,1.0,1.2,0.19299137931034482,2238.7,0.0,1.0,48.998999999999995,1029.79565,0.0,131.17000000000002,0.0,0.0,1192.815,0.10562233833660505,0.5281116916830252,,0.28257453936197174,0.2825745321100843,95.73791853488402,478.68959267442,69.98849295589949,74.90465479662323,0.0,3.5244805642159016,3.7720486447157717,-0.2475680804998701,0.0008495004034643405,290.99403143571226,1293.3069685642877,0.0,0.0,290.99403143571226,1495.1069685642876,11960.855748514301,290.99403143571226,0.16166335079761793,2327.952251485698,10242.989906537072,1898.7069685642878,15189.655748514302,66834.48529346293,2189.701,17517.608,77077.4752,0.273712625,0.46473828868106226,2.323691443405311,0.10562233833660505,135.23606818583616,135.23606818583616,0.0,1081.8885454866893,1081.8885454866893,0.0,2327.952251485698,0.0,2327.952251485698,10242.989906537072,0.0,14680.8,-0.06563226082640423,112.63284533515767
193,2030,6NB,6,NB,AM-Early,1,OP,AM,4.4,70,8000,1.6,6.5,75,1800,1,4,0.05,0.01,2374.2,0.0,293.2,0.0,0.0,1.0510100501,1.0510100501,1.0510100501,3.92,1.96,0.282574568288854,0.282574568288854,30,4.476115036139577,0.715,1644.4163447579313,0.0,203.07592969548708,0.0,0.0,1847.4922744534183,2253.6441338443924,1.0,1.2,0.19427966671072347,2253.6441338443924,0.0,1.0,49.332490342737934,1036.8045053698756,0.0,131.9993543020666,0.0,0.0,1200.869978394722,0.10562233833660505,0.5281116916830252,,0.28257454487559724,0.2825745388102594,95.77502228608824,478.87511143044117,69.98798601119594,74.90203589279,0.0,3.5246037955212963,3.7720759668347656,-0.24747217131346932,0.0008869317064864701,292.9745612298613,1302.109293185332,0.0,0.0,292.9745612298613,1505.185222880819,1505.185222880819,292.9745612298613,0.16276364512770072,292.9745612298613,1289.0880694113898,1911.3370822717934,1911.3370822717934,8409.883161995891,2204.3116435016545,2204.3116435016545,9698.97123140728,0.27553895543770685,0.46473828868106226,2.323691443405311,0.10562233833660505,136.15649621305084,136.15649621305084,0.0,136.15649621305084,136.15649621305084,0.0,292.9745612298613,0.0,292.9745612298613,1289.0880694113898,0.0,1847.4922744534183,-0.06560635933351279,112.67649680716265
194,2030,6NB,6,NB,AM-Peak,2,Peak,AM,4.4,70,8000,1.6,6.5,75,1800,1,4,0.05,0.01,4527.8,0.0,559.1,0.0,0.0,1.0510100501,1.0510100501,1.0510100501,3.92,1.96,0.282574568288854,0.282574568288854,30,4.476115036139577,0.715,1644.509257080605,0.0,203.06663846321973,0.0,0.0,1847.5758955438248,2253.709172470264,1.0,1.2,0.19428527348881586,2253.709172470264,0.0,1.0,49.33527771241815,1036.8630865893215,0.0,131.99331500109284,0.0,0.0,1200.9243321034862,0.10562233833660505,0.5281116916830252,,0.2825745448764145,0.28257453880989564,95.77538472914945,478.8769236457472,69.9879840802989,74.90201377928592,0.0,3.524604836098665,3.7720760709024916,-0.2474712348038266,0.0008870742792708323,292.99111479213184,1302.182864576055,0.0,0.0,292.99111479213184,1505.2495030392747,3010.4990060785494,292.99111479213184,0.16277284155118435,585.9822295842637,2578.3218101707603,1911.3827799657142,3822.7655599314285,16820.168463698286,2204.373894757846,4408.747789515692,19398.490273869047,0.27554673684473074,0.46473828868106226,2.323691443405311,0.10562233833660505,136.16418928725201,136.16418928725201,0.0,272.32837857450403,272.32837857450403,0.0,585.9822295842637,0.0,585.9822295842637,2578.3218101707603,0.0,3695.1517910876496,-0.06560610924917472,112.67692321076407
195,2030,6NB,6,NB,AM-Shoulder,1,OP,AM,4.4,70,8000,1.6,6.5,75,1800,1,4,0.05,0.01,4255.5,0.0,525.5,0.0,0.0,1.0510100501,1.0510100501,1.0510100501,3.92,1.96,0.282574568288854,0.282574568288854,30,4.476115036139577,0.715,1644.4902624098254,0.0,203.0735831033635,0.0,0.0,1847.5638455131889,2253.711011719916,1.0,1.2,0.19428543204482032,2253.711011719916,0.0,1.0,49.33470787229476,1036.851110449395,0.0,131.99782901718626,0.0,0.0,1200.9164995835729,0.10562233833660505,0.5281116916830252,,0.28257454487626643,0.28257453880998185,95.7752980536012,478.87649026800597,69.98798387226347,74.9020183003972,0.0,3.524604623352319,3.77207608211478,-0.2474714587624609,0.0008870896401058118,292.98773063968923,1302.1678238978413,0.0,0.0,292.98773063968923,1505.2414070012048,1505.2414070012048,292.98773063968923,0.16277096146649403,292.98773063968923,1289.1460148146327,1911.3885732079318,1911.3885732079318,8410.109722114901,2204.376303847621,2204.376303847621,9699.255736929534,0.2755470379809526,0.46473828868106226,2.323691443405311,0.10562233833660505,136.1626165420372,136.1626165420372,0.0,136.1626165420372,136.1626165420372,0.0,292.98773063968923,0.0,292.98773063968923,1289.1460148146327,0.0,1847.5638455131889,-0.06560616842694177,112.67682123953084
196,2030,6NB,6,NB,MD,5,OP,MD,4.4,70,8000,1.6,6.5,75,1800,1,4,0.05,0.01,4665.4,0.0,577.0,0.0,0.0,1.0510100501,1.0510100501,1.0510100501,3.92,1.96,0.282574568288854,0.282574568288854,30,4.4556466400657735,0.708,3169.7857249759127,0.0,392.0277711045359,0.0,0.0,3561.8134960804487,4345.86903828952,1.0,1.2,0.37464388261116555,4345.86903828952,0.0,1.0,95.09357174927737,1998.549899597313,0.0,254.81805121794832,0.0,0.0,2315.178772452292,0.10562233833660505,0.5281116916830252,,0.28257455910466095,0.2825745288388868,101.23951982480804,506.1975991240401,69.15203051086692,73.66974444100322,0.7467142217326685,3.5835606869984264,3.8176753169744395,-0.23411462997601307,0.0633580413978398,564.7393567273751,2509.95279649926,0.0,0.0,564.7393567273751,2901.980567603796,14509.90283801898,564.7393567273751,0.31374408707076396,2823.696783636876,12424.265848002255,3686.0361098128674,18430.18054906434,81092.7944158831,4250.775466540243,21253.877332701213,93517.06026388535,0.5313469333175304,0.46473828868106226,2.323691443405311,0.10562233833660505,262.4560021963243,262.4560021963243,0.0,1312.2800109816214,1312.2800109816214,0.0,2823.696783636876,0.0,2823.696783636876,12424.265848002255,0.0,17809.067480402242,-0.06132387134523324,119.10531744095064
197,2030,6NB,6,NB,PM-Shoulder,1,OP,PM,4.4,70,8000,1.6,6.5,75,1800,1,4,0.05,0.01,5208.8,0.0,644.3,0.0,0.0,1.0510100501,1.0510100501,1.0510100501,3.92,1.96,0.282574568288854,0.282574568288854,30,4.454569356061889,0.592,5208.8,0.0,644.3,0.0,0.0,5853.1,7141.7,1.0,1.2,0.6156637931034482,7141.7,0.0,1.0,156.264,3284.1484,0.0,418.79499999999996,0.0,0.0,3804.5150000000003,0.10562233833660505,0.5281116916830252,,0.2825745614442321,0.28257449971788823,24.802802275509613,124.01401137754804,53.45133908499071,66.27391096609267,1.2272985610315421,3.9834679461586138,4.93907177105937,-0.9556038249007566,1.5996711834941955,928.0167938477765,4124.519206152224,0.0,0.0,928.0167938477765,4768.819206152224,4768.819206152224,928.0167938477765,0.515564885470987,928.0167938477765,4083.273892930217,6057.4192061522235,6057.4192061522235,26652.644507069785,6985.436,6985.436,30735.918400000002,0.8731795,0.46473828868106226,2.323691443405311,0.10562233833660505,431.2849366401018,431.2849366401018,0.0,431.2849366401018,431.2849366401018,0.0,928.0167938477765,0.0,928.0167938477765,4083.273892930217,0.0,5853.1,-0.19347842452910768,29.179767382952484
198,2030,6NB,6,NB,PM-Peak,3,Peak,PM,4.4,70,8000,1.6,6.5,75,1800,1,4,0.05,0.01,5753.2,0.0,711.5,0.0,0.0,1.0510100501,1.0510100501,1.0510100501,3.92,1.96,0.282574568288854,0.282574568288854,30,4.454569356061889,0.592,5753.2,0.0,711.5,0.0,0.0,6464.7,7887.7,1.0,1.2,0.6799741379310345,7887.7,0.0,1.0,172.59599999999998,3627.3926,0.0,462.475,0.0,0.0,4202.055,0.5281116916830252,2.640558458415126,,0.2825745672094896,0.2825745553921993,66.24895274891884,331.24476374459425,44.01022233346428,62.71120324034408,2.1175036959768754,4.209774113059284,5.998606369213022,-1.7888322561537375,3.0512335829646986,1025.0088940439052,4555.595105956095,0.0,0.0,1025.0088940439052,5267.095105956095,15801.285317868285,1025.0088940439052,0.5694493855799474,3075.0266821317155,13530.11740137955,6690.095105956095,20070.285317868285,88309.25539862046,7715.104,23145.312,101839.37280000001,0.964388,2.323691443405311,11.618457217026554,0.5281116916830252,2381.8043965041634,2381.8043965041634,0.0,7145.41318951249,7145.41318951249,0.0,3075.0266821317155,0.0,3075.0266821317155,13530.11740137955,0.0,19394.1,-0.298207974661358,77.93994441049277
199,2030,6NB,6,NB,PM-Late,3,OP,PM,4.4,70,8000,1.6,6.5,75,1800,1,4,0.05,0.01,4690.7,0.0,580.2,0.0,0.0,1.0510100501,1.0510100501,1.0510100501,3.92,1.96,0.282574568288854,0.282574568288854,30,4.454569356061889,0.592,1643.8138713806654,0.0,203.32590192829687,0.0,0.0,1847.1397733089623,2253.791577165556,1.0,1.2,0.19429237734185828,2253.791577165556,0.0,1.0,49.31441614141996,1036.4246459055096,0.0,132.16183625339298,0.0,0.0,1200.6408526508255,0.10562233833660505,0.5281116916830252,,0.28257454202983684,0.2825745339083576,95.77220090947603,478.86100454738005,69.98797586156093,74.90217919661096,0.0,3.5245970522035894,3.772076513860078,-0.24747946165648838,0.0008876811311635191,292.8672196651852,1301.6322355740601,0.0,0.0,292.8672196651852,1504.958137502357,4514.874412507071,292.8672196651852,0.1627040109251029,878.6016589955556,3865.847299580445,1911.609941358951,5734.829824076853,25233.251225938155,2204.477161024136,6613.431483072408,29099.0985255186,0.275559645128017,0.46473828868106226,2.323691443405311,0.10562233833660505,136.1066104779789,136.1066104779789,0.0,408.3198314339367,408.3198314339367,0.0,878.6016589955556,0.0,878.6016589955556,3865.847299580445,0.0,5541.419319926887,-0.06560828253275151,112.67317754056003
200,2030,6SB,6,SB,Night,8,OP,NT,4.4,70,8000,1.6,5.0,75,1800,1,4,0.05,0.01,1510.3,0.0,187.1,0.0,0.0,1.0510100501,1.0510100501,1.0510100501,3.92,1.96,0.282574568288854,0.282574568288854,30,4.420096267937589,0.708,1068.5329338057031,0.0,132.37271529831625,0.0,0.0,1200.9056491040194,1465.6510797006517,1.0,1.2,0.12634923100867687,1465.6510797006517,0.0,1.0,32.05598801417109,673.7100147644958,0.0,86.04226494390556,0.0,0.0,780.5886719176126,0.10562233833660505,0.5281116916830252,,0.28257453650221626,0.2825745001039605,94.34283728784666,471.71418643923323,69.98847288736675,74.98251611915299,0.0,3.5208207681439188,3.772049726315049,-0.2512289581711302,0.0008509821944744811,190.37329515897866,846.1036506325534,0.0,0.0,190.37329515897866,978.4763659308696,7827.810927446957,190.37329515897866,0.10576294175498814,1522.9863612718293,6701.139989596049,1243.2217965275022,9945.774372220018,43761.40723776808,1433.5950916864808,11468.760733491847,50462.54722736413,0.1791993864608101,0.46473828868106226,2.323691443405311,0.10562233833660505,88.4737594027585,88.4737594027585,0.0,707.790075222068,707.790075222068,0.0,1522.9863612718293,0.0,1522.9863612718293,6701.139989596049,0.0,9607.245192832155,-0.06660276942227858,110.9915732798196
201,2030,6SB,6,SB,AM-Early,1,OP,AM,4.4,70,8000,1.6,5.0,75,1800,1,4,0.05,0.01,3574.5,0.0,441.4,0.0,0.0,1.0510100501,1.0510100501,1.0510100501,3.92,1.96,0.282574568288854,0.282574568288854,30,4.476115036139577,0.715,1069.4180565981014,0.0,132.05794661698195,0.0,0.0,1201.4760032150834,1465.5918964490472,1.0,1.2,0.1263441290042282,1465.5918964490472,0.0,1.0,32.08254169794304,674.268084685103,0.0,85.83766530103827,0.0,0.0,780.9594020898043,0.10562233833660505,0.5281116916830252,,0.2825745415421754,0.28257454019310607,94.34405813131738,471.7202906565868,69.98848268434348,74.98245812830515,0.0,3.5208234911192187,3.7720491983041256,-0.2512257071849069,0.000850258819509137,190.53099490641364,846.8045199937447,0.0,0.0,190.53099490641364,978.8624666107266,978.8624666107266,190.53099490641364,0.10585055272578535,190.53099490641364,838.3363775882201,1242.9783598446907,1242.9783598446907,5469.104783316639,1433.5093547511042,1433.5093547511042,6307.441160904859,0.17918866934388802,0.46473828868106226,2.323691443405311,0.10562233833660505,88.54704851350687,88.54704851350687,0.0,88.54704851350687,88.54704851350687,0.0,190.53099490641364,0.0,190.53099490641364,838.3363775882201,0.0,1201.4760032150834,-0.0666019168832303,110.99300956625574
202,2030,6SB,6,SB,AM-Peak,2,Peak,AM,4.4,70,8000,1.6,5.0,75,1800,1,4,0.05,0.01,4382.7,0.0,541.3,0.0,0.0,1.0510100501,1.0510100501,1.0510100501,3.92,1.96,0.282574568288854,0.282574568288854,30,4.476115036139577,0.715,4086.387426051408,0.0,504.7029259866354,0.0,0.0,4591.090352038043,5600.496204011314,1.0,1.2,0.4828013968975271,5600.496204011314,0.0,1.0,122.59162278154224,2576.467272125413,0.0,328.05690189131303,0.0,0.0,2984.2087288247285,0.5281116916830252,2.640558458415126,,0.21878919925359397,0.21878920899897414,153.110760669809,765.553803349045,60.434161218528935,73.44785595907418,2.7315663783895996,3.5943867462530594,4.368390239510074,-0.7740034932570143,0.8178374852716583,563.7032113714107,3400.092591898455,0.0,0.0,563.7032113714107,3904.7955178850902,7809.5910357701805,563.7032113714107,0.3131684507618948,1127.4064227428214,4960.5882600684145,4914.201369858361,9828.402739716723,43244.97205475358,5477.904581229772,10955.809162459544,48205.560314821996,0.6847380726537214,2.323691443405311,11.618457217026554,0.5281116916830252,1309.8723288838423,1309.8723288838423,0.0,2619.7446577676847,2619.7446577676847,0.0,1127.4064227428214,0.0,1127.4064227428214,4960.5882600684145,0.0,9182.180704076087,-0.17718277233029914,180.13030667036355
203,2030,6SB,6,SB,AM-Shoulder,1,OP,AM,4.4,70,8000,1.6,5.0,75,1800,1,4,0.05,0.01,3324.3,0.0,410.9,0.0,0.0,1.0510100501,1.0510100501,1.0510100501,3.92,1.96,0.282574568288854,0.282574568288854,30,4.476115036139577,0.715,1069.1096516675498,0.0,132.14726585151647,0.0,0.0,1201.2569175190663,1465.551449222099,1.0,1.2,0.1263406421743189,1465.551449222099,0.0,1.0,32.073289550026495,674.0736353763903,0.0,85.89572280348571,0.0,0.0,780.8169963873931,0.10562233833660505,0.5281116916830252,,0.28257454154104605,0.28257454019343314,94.34368830235675,471.7184415117837,69.98848202959766,74.9824783501318,0.0,3.5208225415976258,3.7720492335918383,-0.25122669199421255,0.0008503071636756069,190.4760484813897,846.5603136361335,0.0,0.0,190.4760484813897,978.70757948765,978.70757948765,190.4760484813897,0.1058200269341054,190.4760484813897,838.0946133181147,1243.0021111906829,1243.0021111906829,5469.209289239005,1433.4781596720725,1433.4781596720725,6307.30390255712,0.17918476995900906,0.46473828868106226,2.323691443405311,0.10562233833660505,88.52151280597211,88.52151280597211,0.0,88.52151280597211,88.52151280597211,0.0,190.4760484813897,0.0,190.4760484813897,838.0946133181147,0.0,1201.2569175190663,-0.06660217734087959,110.99257447336089
204,2030,6SB,6,SB,MD,5,OP,MD,4.4,70,8000,1.6,5.0,75,1800,1,4,0.05,0.01,4587.7,0.0,566.5,0.0,0.0,1.0510100501,1.0510100501,1.0510100501,3.92,1.96,0.282574568288854,0.282574568288854,30,4.4556466400657735,0.708,1069.448599740896,0.0,132.058031639649,0.0,0.0,1201.506631380545,1465.622694659843,1.0,1.2,0.12634678402240027,1465.622694659843,0.0,1.0,32.08345799222688,674.2873421366351,0.0,85.83772056577185,0.0,0.0,780.9793103973543,0.10562233833660505,0.5281116916830252,,0.28257453966002904,0.2825745379712597,94.34407027855278,471.7203513927638,69.98848153923149,74.9824561250677,0.0,3.5208235851818284,3.7720492600202635,-0.25122567483843516,0.0008503433706184708,190.53643530284415,846.828706445825,0.0,0.0,190.53643530284415,978.886738085474,4894.43369042737,190.53643530284415,0.10585357516824676,952.6821765142208,4191.801576662572,1243.002801364772,6215.01400682386,27346.061630024986,1433.5392366676163,7167.696183338081,31537.863206687558,0.17919240458345204,0.46473828868106226,2.323691443405311,0.10562233833660506,88.54957687403373,88.54957687403373,0.0,442.74788437016866,442.74788437016866,0.0,952.6821765142208,0.0,952.6821765142208,4191.801576662572,0.0,6007.533156902726,-0.06660190721822269,110.9930238571209
205,2030,6SB,6,SB,PM-Shoulder,1,OP,PM,4.4,70,8000,1.6,5.0,75,1800,1,4,0.05,0.01,4751.6,0.0,587.5,0.0,0.0,1.0510100501,1.0510100501,1.0510100501,3.92,1.96,0.282574568288854,0.282574568288854,30,4.454569356061889,0.592,1069.0539338793155,0.0,132.18056784116882,0.0,0.0,1201.2345017204843,1465.595637402822,1.0,1.2,0.12634445150024326,1465.595637402822,0.0,1.0,32.07161801637947,674.0385053109085,0.0,85.91736909675974,0.0,0.0,780.8024261183149,0.10562233833660505,0.5281116916830252,,0.2825745384847813,0.2825745084715415,94.343574437281,471.717872186405,69.98847958554803,74.98248200227947,0.0,3.520822370110053,3.7720493653145954,-0.2512269952045423,0.0008504876238536578,190.4661195592018,846.5161963037342,0.0,0.0,190.4661195592018,978.696764144903,978.696764144903,190.4661195592018,0.10581451086622322,190.4661195592018,838.0509260604879,1243.0578998272408,1243.0578998272408,5469.45475923986,1433.5240193864427,1433.5240193864427,6307.505685300348,0.17919050242330534,0.46473828868106226,2.323691443405311,0.10562233833660506,88.51689845566604,88.51689845566604,0.0,88.51689845566604,88.51689845566604,0.0,190.4661195592018,0.0,190.4661195592018,838.0509260604879,0.0,1201.2345017204843,-0.0666022553985291,110.99244051444825
206,2030,6SB,6,SB,PM-Peak,3,Peak,PM,4.4,70,8000,1.6,5.0,75,1800,1,4,0.05,0.01,5086.9,0.0,628.5,0.0,0.0,1.0510100501,1.0510100501,1.0510100501,3.92,1.96,0.282574568288854,0.282574568288854,30,4.454569356061889,0.592,1069.2740994506946,0.0,132.1116537586274,0.0,0.0,1201.385753209322,1465.609060726577,1.0,1.2,0.1263456086833256,1465.609060726577,0.0,1.0,32.07822298352084,674.177319703663,0.0,85.87257494310781,0.0,0.0,780.9007395860593,0.10562233833660505,0.5281116916830252,,0.2825745384878185,0.28257450840825854,94.34385250581131,471.7192625290565,69.98848075088002,74.98246757026718,0.0,3.5208230477691562,3.7720493025086923,-0.2512262547395361,0.0008504015797656648,190.50534497421702,846.6905314929568,0.0,0.0,190.50534497421702,978.8021852515842,2936.406555754753,190.50534497421702,0.1058363027634539,571.5160349226511,2514.670553659665,1243.0254927688388,3729.0764783065165,16407.936504548674,1433.5308377430558,4300.592513229168,18922.607058208338,0.17919135471788197,0.46473828868106226,2.323691443405311,0.10562233833660505,88.53512800791303,88.53512800791303,0.0,265.6053840237391,265.6053840237391,0.0,571.5160349226511,0.0,571.5160349226511,2514.670553659665,0.0,3604.157259627966,-0.06660206020437008,110.99276765389567
207,2030,6SB,6,SB,PM-Late,3,OP,PM,4.4,70,8000,1.6,5.0,75,1800,1,4,0.05,0.01,4226.1,0.0,522.4,0.0,0.0,1.0510100501,1.0510100501,1.0510100501,3.92,1.96,0.282574568288854,0.282574568288854,30,4.454569356061889,0.592,1069.1579623495625,0.0,132.16159568666413,0.0,0.0,1201.3195580362267,1465.6427494095549,1.0,1.2,0.12634851288013405,1465.6427494095549,0.0,1.0,32.074738870486875,674.1040952613992,0.0,85.90503719633169,0.0,0.0,780.8577127235474,0.10562233833660505,0.5281116916830252,,0.2825745384861831,0.28257450844549825,94.34366853565676,471.71834267828376,69.9884782947362,74.98247518424847,0.0,3.5208226902525395,3.7720494348832747,-0.25122674463073524,0.0008505829329431817,190.48465361013587,846.5985698689398,0.0,0.0,190.48465361013587,978.7601655556039,2936.280496666812,190.48465361013587,0.10582480756118659,571.4539608304076,2514.397427653794,1243.083356928932,3729.250070786796,16408.700311461904,1433.568010539068,4300.704031617204,18923.0977391157,0.1791960013173835,0.46473828868106226,2.323691443405311,0.10562233833660505,88.52551193877947,88.52551193877947,0.0,265.57653581633843,265.57653581633843,0.0,571.4539608304076,0.0,571.4539608304076,2514.397427653794,0.0,3603.95867410868,-0.06660218774108123,110.99255121841972
208,2030,7NB,7,NB,Night,8,OP,NT,5.6,70,6000,1.6,6.5,75,1800,1,4,0.05,0.01,808.2,0.0,99.8,0.0,0.0,1.0510100501,1.0510100501,1.0510100501,3.92,1.96,0.35502958579881655,0.35502958579881655,30,4.420096267937589,0.708,808.2,0.0,99.8,0.0,0.0,908.0,1107.6,1.0,1.2,0.11537499999999999,1107.6,0.0,1.0,24.246000000000002,509.5701000000001,0.0,64.87,0.0,0.0,590.2,0.10562233833660505,0.5281116916830252,,0.3550295191287162,0.3550295065843246,94.47906021540267,472.3953010770133,69.99940255505484,74.9873451965271,0.0,4.480756041161479,4.800040968003041,-0.3192849268415623,5.6126164166721833e-05,180.91242756537187,603.0415724346282,0.0,0.0,180.91242756537187,702.8415724346281,5622.732579477025,180.91242756537187,0.10050690420298437,1447.299420522975,8104.8767549286595,902.4415724346281,7219.532579477025,40429.38244507134,1083.354,8666.832,48534.25919999999,0.180559,0.5914850946849882,2.9574254734249408,0.10562233833660506,107.00700434819505,107.00700434819505,0.0,856.0560347855604,856.0560347855604,0.0,1447.299420522975,0.0,1447.299420522975,8104.8767549286595,0.0,7264.0,-0.06651712536828498,111.15183554753254
209,2030,7NB,7,NB,AM-Early,1,OP,AM,5.6,70,6000,1.6,6.5,75,1800,1,4,0.05,0.01,977.4,0.0,120.9,0.0,0.0,1.0510100501,1.0510100501,1.0510100501,3.92,1.96,0.35502958579881655,0.35502958579881655,30,4.476115036139577,0.715,977.4,0.0,120.9,0.0,0.0,1098.3,1340.1,1.0,1.2,0.13959375,1340.1,0.0,1.0,29.322,616.2507,0.0,78.58500000000001,0.0,0.0,713.895,0.10562233833660505,0.5281116916830252,,0.35502954058447045,0.35502950764224206,94.70468372973698,473.5234186486849,69.9979372520782,74.97293637331276,0.0,4.481617184192374,4.800141449739997,-0.31852426554762303,0.00019378614379607473,218.78720290585835,729.2907970941416,0.0,0.0,218.78720290585835,850.1907970941415,850.1907970941415,218.78720290585835,0.1215484460588102,218.78720290585835,1225.2083362728067,1091.9907970941417,1091.9907970941417,6115.148463727193,1310.778,1310.778,7340.3568,0.218463,0.5914850946849882,2.9574254734249408,0.10562233833660505,129.40936942663535,129.40936942663535,0.0,129.40936942663535,129.40936942663535,0.0,218.78720290585835,0.0,218.78720290585835,1225.2083362728067,0.0,1098.3,-0.06635726652698455,111.41727497616115
210,2030,7NB,7,NB,AM-Peak,2,Peak,AM,5.6,70,6000,1.6,6.5,75,1800,1,4,0.05,0.01,1573.4,0.0,194.4,0.0,0.0,1.0510100501,1.0510100501,1.0510100501,3.92,1.96,0.35502958579881655,0.35502958579881655,30,4.476115036139577,0.715,1278.8298243306594,0.0,158.00465097869593,0.0,0.0,1436.8344753093554,1752.843777266747,1.0,1.2,0.18258789346528614,1752.843777266747,0.0,1.0,38.36489472991978,806.3022042404808,0.0,102.70302313615237,0.0,0.0,933.942408951081,0.10562233833660505,0.5281116916830252,,0.35502954283869037,0.3550295353471209,95.43993623430624,477.19968117153115,69.98819260182397,74.92074161171202,0.0,4.484739376197988,4.8008097867531365,-0.31607041055514884,0.0011094078517976573,286.26110296132623,954.2038266394134,0.0,0.0,286.26110296132623,1112.2084776181093,2224.4169552362187,286.26110296132623,0.15903394608962568,572.5222059226525,3206.124353166854,1428.217779575501,2856.435559151002,15996.03913124561,1714.4788825368273,3428.9577650736546,19202.163484412464,0.28574648042280454,0.5914850946849882,2.9574254734249408,0.10562233833660505,169.3191755897092,169.3191755897092,0.0,338.6383511794184,338.6383511794184,0.0,572.5222059226525,0.0,572.5222059226525,3206.124353166854,0.0,2873.668950618711,-0.06583689514783135,112.2822779227132
211,2030,7NB,7,NB,AM-Shoulder,1,OP,AM,5.6,70,6000,1.6,6.5,75,1800,1,4,0.05,0.01,1859.2,0.0,230.2,0.0,0.0,1.0510100501,1.0510100501,1.0510100501,3.92,1.96,0.35502958579881655,0.35502958579881655,30,4.476115036139577,0.715,1278.1631159870471,0.0,158.2579331434048,0.0,0.0,1436.421049130452,1752.9369154172616,1.0,1.2,0.18259759535596476,1752.9369154172616,0.0,1.0,38.344893479611414,805.8818446298332,0.0,102.86765654321313,0.0,0.0,933.6736819347939,0.10562233833660505,0.5281116916830252,,0.3550295428342632,0.35502953535671616,95.4366915280961,477.18345764048047,69.98817991424737,74.92090659140568,0.0,4.484729500570982,4.800810657052121,-0.31608115648113966,0.0011106001614067129,286.1118628773624,953.7063596300733,0.0,0.0,286.1118628773624,1111.964292773478,1111.964292773478,286.1118628773624,0.158951034931868,286.1118628773624,1602.2264321132293,1428.4801590602879,1428.4801590602879,7999.488890737612,1714.5920219376503,1714.5920219376503,9601.715322850841,0.2857653369896084,0.5914850946849882,2.9574254734249408,0.10562233833660505,169.23090230451507,169.23090230451507,0.0,169.23090230451507,169.23090230451507,0.0,286.1118628773624,0.0,286.1118628773624,1602.2264321132293,0.0,1436.421049130452,-0.06583912156936124,112.27846062128951
212,2030,7NB,7,NB,MD,5,OP,MD,5.6,70,6000,1.6,6.5,75,1800,1,4,0.05,0.01,2680.1,0.0,331.1,0.0,0.0,1.0510100501,1.0510100501,1.0510100501,3.92,1.96,0.35502958579881655,0.35502958579881655,30,4.4556466400657735,0.708,1278.953590315062,0.0,158.0021393803653,0.0,0.0,1436.9557296954272,1752.960008456158,1.0,1.2,0.1826000008808498,1752.960008456158,0.0,1.0,38.36860770945186,806.3802386936466,0.0,102.70139059723745,0.0,0.0,934.0212243020277,0.10562233833660505,0.5281116916830252,,0.355029537022814,0.3550295284697398,95.44039428159775,477.2019714079887,69.98818796888186,74.92071096156215,0.0,4.484741210910076,4.800810104547817,-0.31606889363774116,0.0011098432305095833,286.28880280775155,954.2961797978585,0.0,0.0,286.28880280775155,1112.2983191782237,5561.491595891119,286.28880280775155,0.1590493348931953,1431.4440140387578,8016.086478617043,1428.3025979389545,7141.512989694773,39992.47274229072,1714.591400746706,8572.95700373353,48008.559220907766,0.2857652334577844,0.5914850946849882,2.9574254734249408,0.10562233833660505,169.33555963599485,169.33555963599485,0.0,846.6777981799743,846.6777981799743,0.0,1431.4440140387578,0.0,1431.4440140387578,8016.086478617043,0.0,7184.778648477136,-0.06583657481855583,112.28281680187969
213,2030,7NB,7,NB,PM-Shoulder,1,OP,PM,5.6,70,6000,1.6,6.5,75,1800,1,4,0.05,0.01,3431.5,0.0,424.6,0.0,0.0,1.0510100501,1.0510100501,1.0510100501,3.92,1.96,0.35502958579881655,0.35502958579881655,30,4.454569356061889,0.592,1278.344406824325,0.0,158.17719223010593,0.0,0.0,1436.521599054431,1752.875983514643,1.0,1.2,0.18259124828277531,1752.875983514643,0.0,1.0,38.350332204729746,805.9961485027369,0.0,102.81517494956886,0.0,0.0,933.7390393853801,0.10562233833660505,0.5281116916830252,,0.3550295307853756,0.35502951940231453,95.43761179309652,477.1880589654826,69.98818522896855,74.92086176518968,0.0,4.484732183848357,4.800810292491017,-0.3160781086426603,0.0011101007126945001,286.1524344177466,953.8416402018487,0.0,0.0,286.1524344177466,1112.0188324319547,1112.0188324319547,286.1524344177466,0.15897357467652587,286.1524344177466,1602.4536327393807,1428.3732168921665,1428.3732168921665,7998.890014596132,1714.525651309913,1714.525651309913,9601.343647335512,0.2857542752183188,0.5914850946849882,2.9574254734249408,0.10562233833660505,169.25489976592073,169.25489976592073,0.0,169.25489976592073,169.25489976592073,0.0,286.1524344177466,0.0,286.1524344177466,1602.4536327393807,0.0,1436.521599054431,-0.06583849170983498,112.2795432859959
214,2030,7NB,7,NB,PM-Peak,3,Peak,PM,5.6,70,6000,1.6,6.5,75,1800,1,4,0.05,0.01,3964.4,0.0,489.8,0.0,0.0,1.0510100501,1.0510100501,1.0510100501,3.92,1.96,0.35502958579881655,0.35502958579881655,30,4.454569356061889,0.592,3082.122706697641,0.0,380.7950009435235,0.0,0.0,3462.9177076411647,4224.507709528212,1.0,1.2,0.44005288640918877,4224.507709528212,0.0,1.0,92.46368120092923,1943.2783665728628,0.0,247.5167506132903,0.0,0.0,2250.896509966757,0.5281116916830252,2.640558458415126,,0.11626434315532366,0.11626435212068872,174.39809216584965,871.9904608292481,62.81267406230009,74.92664566886215,6.853579086221211,4.484385988463302,5.349238907847514,-0.8648529193842123,0.7524573037510947,225.93398285754415,2763.7250426391674,0.0,0.0,225.93398285754415,3144.520043582691,9433.560130748072,225.93398285754415,0.12551887936530232,677.8019485726325,3795.6909120067417,3906.110045469738,11718.330136409215,65622.6487638916,4132.044028327282,12396.132084981848,69418.33967589834,0.6886740047212137,2.9574254734249408,14.787127367124704,0.5281116916830252,668.182916215255,668.182916215255,0.0,2004.548748645765,2004.548748645765,0.0,677.8019485726325,0.0,677.8019485726325,3795.6909120067417,0.0,10388.753122923494,-0.16167775159853934,205.17422607747017
215,2030,7NB,7,NB,PM-Late,3,OP,PM,5.6,70,6000,1.6,6.5,75,1800,1,4,0.05,0.01,3043.7,0.0,376.3,0.0,0.0,1.0510100501,1.0510100501,1.0510100501,3.92,1.96,0.35502958579881655,0.35502958579881655,30,4.454569356061889,0.592,1278.6812716895154,0.0,158.0864613913213,0.0,0.0,1436.7677330808367,1752.9406558634792,1.0,1.2,0.1825979849857791,1752.9406558634792,0.0,1.0,38.36043815068546,806.2085418002395,0.0,102.75619990435885,0.0,0.0,933.8990265025438,0.10562233833660505,0.5281116916830252,,0.3550295307872484,0.35502951939300026,95.43913015308894,477.19565076544467,69.98818579085889,74.92077840342905,0.0,4.484737173854851,4.800810253948384,-0.31607308009353297,0.0011100479092874015,286.22784031201076,954.0929932268191,0.0,0.0,286.22784031201076,1112.1794546181404,3336.5383638544213,286.22784031201076,0.15901546684000598,858.6835209360322,4808.62771724178,1428.352377400783,4285.05713220235,23996.319940333156,1714.580217712794,5143.740653138382,28804.947657574936,0.285763369618799,0.5914850946849882,2.9574254734249408,0.10562233833660505,169.29950122842936,169.29950122842936,0.0,507.8985036852881,507.8985036852881,0.0,858.6835209360322,0.0,858.6835209360322,4808.62771724178,0.0,4310.30319924251,-0.06583744480081907,112.28132959186934
216,2030,7SB,7,SB,Night,8,OP,NT,5.6,70,6000,1.6,5.0,75,1800,1,4,0.05,0.01,766.2,0.0,94.6,0.0,0.0,1.0510100501,1.0510100501,1.0510100501,3.92,1.96,0.35502958579881655,0.35502958579881655,30,4.420096267937589,0.708,766.2,0.0,94.6,0.0,0.0,860.8000000000001,1050.0,1.0,1.2,0.109375,1050.0,0.0,1.0,22.986,483.08910000000003,0.0,61.489999999999995,0.0,0.0,559.5200000000001,0.10562233833660505,0.5281116916830252,,0.3550295200404013,0.355029516702108,94.29562377699473,471.4781188849736,69.99246476283398,74.98977736861474,0.0,4.480610715089616,4.800516757604115,-0.31990604251449817,0.0007079579176369235,171.51089130974944,571.7031086902506,0.0,0.0,171.51089130974944,666.3031086902506,5330.424869522005,171.51089130974944,0.09528382850541635,1372.0871304779955,7683.687930676774,855.5031086902505,6844.024869522004,38326.53926932322,1027.014,8216.112,46010.227199999994,0.171169,0.5914850946849882,2.9574254734249408,0.10562233833660505,101.44613578585387,101.44613578585387,0.0,811.569086286831,811.569086286831,0.0,1372.0871304779955,0.0,1372.0871304779955,7683.687930676774,0.0,6886.400000000001,-0.06663991788129071,110.93602797293497
217,2030,7SB,7,SB,AM-Early,1,OP,AM,5.6,70,6000,1.6,5.0,75,1800,1,4,0.05,0.01,2415.2,0.0,298.5,0.0,0.0,1.0510100501,1.0510100501,1.0510100501,3.92,1.96,0.35502958579881655,0.35502958579881655,30,4.476115036139577,0.715,831.5902542369506,0.0,102.77810984172316,0.0,0.0,934.3683640786737,1139.9245837621202,1.0,1.2,0.11874214414188752,1139.9245837621202,0.0,1.0,24.947707627108517,524.3176552963973,0.0,66.80577139712005,0.0,0.0,607.3394366511379,0.10562233833660505,0.5281116916830252,,0.3550295402187048,0.35502953837157486,94.28794336247826,471.4397168123913,69.98863357366906,74.98581567030867,0.0,4.480847437564679,4.800779538670819,-0.31993210110614,0.0010679679790234094,186.1482560884293,620.4942905214127,0.0,0.0,186.1482560884293,723.2724003631358,723.2724003631358,186.1482560884293,0.10341569782690516,186.1482560884293,1042.430234095204,928.8286200465823,928.8286200465823,5201.44027226086,1114.9768761350115,1114.9768761350115,6243.870506356065,0.18582947935583524,0.5914850946849882,2.9574254734249408,0.10562233833660505,110.10391887791003,110.10391887791003,0.0,110.10391887791003,110.10391887791003,0.0,186.1482560884293,0.0,186.1482560884293,1042.430234095204,0.0,934.3683640786737,-0.06664169819277285,110.92699219115089
218,2030,7SB,7,SB,AM-Peak,2,Peak,AM,5.6,70,6000,1.6,5.0,75,1800,1,4,0.05,0.01,3610.2,0.0,446.7,0.0,0.0,1.0510100501,1.0510100501,1.0510100501,3.92,1.96,0.35502958579881655,0.35502958579881655,30,4.476115036139577,0.715,831.3371715437448,0.0,102.8636403879538,0.0,0.0,934.2008119316986,1139.928092707606,1.0,1.2,0.1187425096570423,1139.928092707606,0.0,1.0,24.940115146312344,524.1580866583312,0.0,66.86136625216997,0.0,0.0,607.230527755604,0.5281116916830252,2.640558458415126,,0.010016565186637868,0.010012498151950952,468.61976848182684,2343.098842409134,69.9729195067325,74.99999406466198,0.0,4.480000354537553,4.801857666774523,-0.3218573122369701,0.002545003481096218,5.250263643116555,801.1467927543159,0.0,0.0,5.250263643116555,904.0104331422697,1808.0208662845394,5.250263643116555,0.0029168131350647527,10.50052728623311,58.80295280290541,1109.7377139181772,2219.4754278363544,12429.062395883584,1114.9879775612937,2229.9759551225875,12487.86534868649,0.18583132959354895,2.9574254734249408,14.787127367124704,0.5281116916830252,15.527263440349731,15.527263440349731,0.0,31.054526880699463,31.054526880699463,0.0,10.50052728623311,0.0,10.50052728623311,58.80295280290541,0.0,1868.4016238633972,-0.06702766607681779,551.3173746845022
219,2030,7SB,7,SB,AM-Shoulder,1,OP,AM,5.6,70,6000,1.6,5.0,75,1800,1,4,0.05,0.01,3503.0,0.0,433.0,0.0,0.0,1.0510100501,1.0510100501,1.0510100501,3.92,1.96,0.35502958579881655,0.35502958579881655,30,4.476115036139577,0.715,831.5451292671146,0.0,102.78590949833304,0.0,0.0,934.3310387654476,1139.9028577621139,1.0,1.2,0.11873988101688686,1139.9028577621139,0.0,1.0,24.946353878013436,524.2892040029158,0.0,66.81084117391647,0.0,0.0,607.315175197541,0.10562233833660505,0.5281116916830252,,0.355029540218516,0.35502953837178897,94.28790315801986,471.4395157900993,69.98863426622906,74.98581874823961,0.0,4.48084725364005,4.8007794911655655,-0.31993223752551536,0.0010679028968251139,186.13815503868693,620.4606203504143,0.0,0.0,186.13815503868693,723.2465298487473,723.2465298487473,186.13815503868693,0.10341008613260386,186.13815503868693,1042.3736682166468,928.8183488454134,928.8183488454134,5201.382753534315,1114.9565038841004,1114.9565038841004,6243.7564217509625,0.1858260839806834,0.5914850946849882,2.9574254734249408,0.10562233833660506,110.09794425754676,110.09794425754676,0.0,110.09794425754676,110.09794425754676,0.0,186.13815503868693,0.0,186.13815503868693,1042.3736682166468,0.0,934.3310387654476,-0.06664172726830243,110.92694489178805
220,2030,7SB,7,SB,MD,5,OP,MD,5.6,70,6000,1.6,5.0,75,1800,1,4,0.05,0.01,2769.4,0.0,342.6,0.0,0.0,1.0510100501,1.0510100501,1.0510100501,3.92,1.96,0.35502958579881655,0.35502958579881655,30,4.4556466400657735,0.708,831.3512824722884,0.0,102.84572448003394,0.0,0.0,934.1970069523223,1139.8884559123903,1.0,1.2,0.11873838082420733,1139.8884559123903,0.0,1.0,24.94053847416865,524.1669835987778,0.0,66.84972091202206,0.0,0.0,607.2280545190096,0.10562233833660505,0.5281116916830252,,0.3550295344740624,0.3550295320637592,94.2876354744478,471.43817737223895,69.98863253889837,74.9858319654563,0.0,4.480846463833128,4.800779609649574,-0.31993314581644583,0.0010680652199162174,186.0947601737476,620.3159838243722,0.0,0.0,186.0947601737476,723.1617083044061,3615.8085415220307,186.0947601737476,0.10338597787430423,930.473800868738,5210.653284864932,928.853157264474,4644.26578632237,26007.88840340527,1114.9479174382216,5574.7395871911085,31218.541688270205,0.18582465290637026,0.5914850946849882,2.9574254734249408,0.10562233833660505,110.07227684174927,110.07227684174927,0.0,550.3613842087464,550.3613842087464,0.0,930.473800868738,0.0,930.473800868738,5210.653284864932,0.0,4670.985034761612,-0.06664191482012208,110.92662996993857
221,2030,7SB,7,SB,PM-Shoulder,1,OP,PM,5.6,70,6000,1.6,5.0,75,1800,1,4,0.05,0.01,2861.9,0.0,353.1,0.0,0.0,1.0510100501,1.0510100501,1.0510100501,3.92,1.96,0.35502958579881655,0.35502958579881655,30,4.454569356061889,0.592,831.9477478085386,0.0,102.645357892028,0.0,0.0,934.5931057005665,1139.8838214846226,1.0,1.2,0.11873789807131485,1139.8838214846226,0.0,1.0,24.958432434256157,524.5430549932836,0.0,66.7194826298182,0.0,0.0,607.4855187053682,0.10562233833660505,0.5281116916830252,,0.355029528303779,0.35502952413897,94.28851850184456,471.44259250922283,69.98864076750357,74.98579126999114,0.0,4.480848895628913,4.800779045219123,-0.3199301495902098,0.001067291950198971,186.22827338928866,620.7610419849938,0.0,0.0,186.22827338928866,723.4063998770217,723.4063998770217,186.22827338928866,0.10346015188293814,186.22827338928866,1042.8783309800165,928.6971156610778,928.6971156610778,5200.703847702035,1114.9253890503664,1114.9253890503664,6243.582178682052,0.18582089817506106,0.5914850946849882,2.9574254734249408,0.10562233833660505,110.15124791868527,110.15124791868527,0.0,110.15124791868527,110.15124791868527,0.0,186.22827338928866,0.0,186.22827338928866,1042.8783309800165,0.0,934.5931057005665,-0.06664129854274665,110.92766882569948
222,2030,7SB,7,SB,PM-Peak,3,Peak,PM,5.6,70,6000,1.6,5.0,75,1800,1,4,0.05,0.01,2746.3,0.0,339.5,0.0,0.0,1.0510100501,1.0510100501,1.0510100501,3.92,1.96,0.35502958579881655,0.35502958579881655,30,4.454569356061889,0.592,831.5516701633251,0.0,102.79714234440843,0.0,0.0,934.3488125077336,1139.9430971965503,1.0,1.2,0.11874407262464065,1139.9430971965503,0.0,1.0,24.94655010489975,524.2933280379765,0.0,66.81814252386548,0.0,0.0,607.3267281300268,0.10562233833660505,0.5281116916830252,,0.3550295283034125,0.3550295241510596,94.28786427621523,471.4393213810761,69.98863195567611,74.98581830380088,0.0,4.4808472801978985,4.80077964965495,-0.3199323694570513,0.00106812002728181,186.1396129459491,620.4655071124762,0.0,0.0,186.1396129459491,723.2626494568847,2169.787948370654,186.1396129459491,0.10341089608108284,558.4188388378473,3127.1454974919443,928.8569341457014,2786.5708024371042,15604.796493647782,1114.9965470916504,3344.9896412749513,18731.941991139727,0.1858327578486084,0.5914850946849882,2.9574254734249408,0.10562233833660505,110.09880658796176,110.09880658796176,0.0,330.2964197638853,330.2964197638853,0.0,558.4188388378473,0.0,558.4188388378473,3127.1454974919443,0.0,2803.0464375232004,-0.06664175254951475,110.9268991484885
223,2030,7SB,7,SB,PM-Late,3,OP,PM,5.6,70,6000,1.6,5.0,75,1800,1,4,0.05,0.01,2195.6,0.0,271.2,0.0,0.0,1.0510100501,1.0510100501,1.0510100501,3.92,1.96,0.35502958579881655,0.35502958579881655,30,4.454569356061889,0.592,831.7613174742442,0.0,102.73896397295273,0.0,0.0,934.5002814471969,1139.9782093931024,1.0,1.2,0.11874773014511483,1139.9782093931024,0.0,1.0,24.952839524227322,524.4255106675109,0.0,66.78032658241928,0.0,0.0,607.425182940678,0.10562233833660505,0.5281116916830252,,0.3550295283041188,0.35502952414561634,94.28813042174197,471.4406521087098,69.98863265973,74.9858039993809,0.0,4.480848134971975,4.800779601361285,-0.3199314663893098,0.001068053864960326,186.18654168293304,620.6219362670838,0.0,0.0,186.18654168293304,723.3609002400366,2170.0827007201096,186.18654168293304,0.10343696760162947,558.5596250487991,3127.933900273275,928.838828185942,2786.516484557826,15604.492313523824,1115.025369868875,3345.0761096066253,18732.426213797098,0.1858375616448125,0.5914850946849882,2.9574254734249408,0.10562233833660505,110.12656423640016,110.12656423640016,0.0,330.37969270920047,330.37969270920047,0.0,558.5596250487991,0.0,558.5596250487991,3127.933900273275,0.0,2803.500844341591,-0.06664156511133976,110.92721226087289
224,2040,1NB,1,NB,Night,8,OP,NT,3.0,70,12000,1.6,6.5,75,1800,1,4,0.05,0.01,2547.3,0.0,315.3,0.0,0.0,1.1381832498834479,1.1381832498834479,1.1381832498834479,4.25,2.125,0.17391304347826086,0.17391304347826086,30,5.129702169482871,0.708,2570.8662693808005,0.0,318.21698847240856,0.0,0.0,2889.083257853209,3525.517234798026,1.12,1.2,0.225994694538335,3525.517234798026,0.0,1.0,102.83465077523202,1851.0237139541764,0.0,238.66274135430643,0.0,0.0,2166.8124433899065,0.13878102694502278,0.693905134725114,,0.17391303643996794,0.17391303296200142,128.87794209490193,644.3897104745097,69.97905603582564,74.76817104861786,0.0,2.4074415286011925,2.572198171805138,-0.16475664320394534,0.0010543525158959563,321.91715461615746,2146.114463989411,0.0,0.0,321.91715461615746,2464.3314524618195,19714.651619694556,321.91715461615746,0.17884286367564303,2575.3372369292597,7726.0117107877795,3100.765429406637,24806.123435253096,74418.37030575928,3422.6825840227943,27381.460672182355,82144.38201654705,0.2852235486685662,0.4163430808350683,2.081715404175342,0.13878102694502278,134.02797992655005,134.02797992655005,0.0,1072.2238394124004,1072.2238394124004,0.0,2575.3372369292597,0.0,2575.3372369292597,7726.0117107877795,0.0,23112.666062825672,-0.06405285759468568,151.62110834694346
225,2040,1NB,1,NB,AM-Early,1,OP,AM,3.0,70,12000,1.6,6.5,75,1800,1,4,0.05,0.01,2095.4,0.0,259.5,0.0,0.0,1.1381832498834479,1.1381832498834479,1.1381832498834479,4.25,2.125,0.17391304347826086,0.17391304347826086,30,5.194714236948899,0.715,2514.48,0.0,311.4,0.0,0.0,2825.88,3448.68,1.12,1.2,0.22106923076923077,3448.68,0.0,1.0,100.5792,1810.4256,0.0,233.54999999999998,0.0,0.0,2119.41,0.19977797055598603,0.9988898527799301,,0.17391303466109923,0.17391302745018092,184.92846573158454,924.6423286579227,69.9818485360199,74.78779460335723,0.0,2.406809840491269,2.572095532848827,-0.16528569235755786,0.0009137371457503076,314.85661012414135,2099.0441898758586,0.0,0.0,314.85661012414135,2410.4441898758587,2410.4441898758587,314.85661012414135,0.1749203389578563,314.85661012414135,944.5698303724241,3033.2441898758584,3033.2441898758584,9099.732569627575,3348.1007999999997,3348.1007999999997,10044.302399999999,0.2790084,0.5993339116679581,2.99666955833979,0.19977797055598603,188.70424376021487,188.70424376021487,0.0,188.70424376021487,188.70424376021487,0.0,314.85661012414135,0.0,314.85661012414135,944.5698303724241,0.0,2825.88,-0.06426110159854331,217.5629008606877
226,2040,1NB,1,NB,AM-Peak,2,Peak,AM,3.0,70,12000,1.6,6.5,75,1800,1,4,0.05,0.01,4761.0,0.0,588.4,0.0,0.0,1.1381832498834479,1.1381832498834479,1.1381832498834479,4.25,2.125,0.17391304347826086,0.17391304347826086,30,5.194714236948899,0.715,2856.6,0.0,353.03999999999996,0.0,0.0,3209.64,3915.72,1.12,1.2,0.2510076923076923,3915.72,0.0,1.0,114.264,2056.752,0.0,264.78,0.0,0.0,2407.23,0.19776774951239048,0.9888387475619524,,0.17391303665844104,0.17391302707456358,187.2343909417763,936.1719547088816,69.95858662764621,74.64718735160183,0.0,2.4113433658547274,2.572950779552594,-0.1616074136978667,0.0020854251299111263,357.6959859733219,2384.640014026678,0.0,0.0,357.6959859733219,2737.680014026678,5475.360028053356,357.6959859733219,0.19871999220740105,715.3919719466438,2146.1759158399313,3443.7600140266777,6887.520028053355,20662.560084160068,3801.4559999999997,7602.911999999999,22808.736,0.31678799999999996,0.5933032485371714,2.9665162426858576,0.19776774951239046,212.2221904666784,212.2221904666784,0.0,424.4443809333568,424.4443809333568,0.0,715.3919719466438,0.0,715.3919719466438,2146.1759158399313,0.0,6419.28,-0.06281014583806703,220.27575404914856
227,2040,1NB,1,NB,AM-Shoulder,1,OP,AM,3.0,70,12000,1.6,6.5,75,1800,1,4,0.05,0.01,5476.9,0.0,677.2,0.0,0.0,1.1381832498834479,1.1381832498834479,1.1381832498834479,4.25,2.125,0.17391304347826086,0.17391304347826086,30,5.194714236948899,0.715,3286.14,0.0,406.32,0.0,0.0,3692.46,4505.1,1.12,1.2,0.28878846153846155,4505.1,0.0,1.0,131.44559999999998,2366.0208,0.0,304.74,0.0,0.0,2769.3450000000003,0.20581215925337187,1.0290607962668594,,0.17391303807811695,0.17391302432230743,202.6978475042683,1013.4892375213416,69.8970566250157,74.38431496711041,0.18964067918234895,2.419864995457555,2.5752157342714086,-0.15535073881385353,0.005188413094686717,411.4818654840167,2743.212534515983,0.0,0.0,411.4818654840167,3149.532534515983,3149.532534515983,411.4818654840167,0.22860103638000925,411.4818654840167,1234.44559645205,3962.172534515983,3962.172534515983,11886.517603547949,4373.654399999999,4373.654399999999,13120.963199999998,0.36447119999999994,0.6174364777601156,3.0871823888005783,0.20581215925337185,254.06391368661292,254.06391368661292,0.0,254.06391368661292,254.06391368661292,0.0,411.4818654840167,0.0,411.4818654840167,1234.44559645205,0.0,3692.46,-0.06032532993116635,238.4680558873745
228,2040,1NB,1,NB,MD,5,OP,MD,3.0,70,12000,1.6,6.5,75,1800,1,4,0.05,0.01,5817.3,0.0,719.3,0.0,0.0,1.1381832498834479,1.1381832498834479,1.1381832498834479,4.25,2.125,0.17391304347826086,0.17391304347826086,30,5.1709598276824655,0.708,3490.38,0.0,431.58,0.0,0.0,3921.96,4785.12,1.12,1.2,0.3067384615384615,4785.12,0.0,1.0,139.61520000000002,2513.0735999999997,0.0,323.685,0.0,0.0,2941.4700000000003,0.4893049891483326,2.446524945741663,,0.10216248551723012,0.10216248706467021,432.5259380835372,2162.629690417686,69.80187629387638,74.82408708097532,0.7543991411912179,2.405642447801633,2.578727242834748,-0.17308479503311514,0.009999179826462446,256.7418452637333,3094.0229547362665,0.0,0.0,256.7418452637333,3525.6029547362664,17628.01477368133,256.7418452637333,0.14263435847985184,1283.7092263186664,3851.1276789559993,4388.762954736267,21943.814773681333,65831.444321044,4645.5048,23227.524,69682.57199999999,0.38712539999999995,1.4679149674449978,7.339574837224989,0.4893049891483326,376.87519743208173,376.87519743208173,0.0,1884.3759871604086,1884.3759871604086,0.0,1283.7092263186664,0.0,1283.7092263186664,3851.1276789559993,0.0,19609.8,-0.06712024139584695,508.85404480416145
229,2040,1NB,1,NB,PM-Shoulder,1,OP,PM,3.0,70,12000,1.6,6.5,75,1800,1,4,0.05,0.01,7690.7,0.0,950.4,0.0,0.0,1.1381832498834479,1.1381832498834479,1.1381832498834479,4.25,2.125,0.17391304347826086,0.17391304347826086,30,5.169709595615811,0.592,9228.84,0.0,1140.48,0.0,0.0,10369.32,12650.28,1.12,1.2,0.8109153846153847,12650.28,0.0,1.0,369.15360000000004,6644.764800000001,0.0,855.36,0.0,0.0,7776.99,1.672402252470688,8.362011262353441,,0.17391301152738622,0.17391300841453752,125.04597920576013,625.2298960288008,31.678858093608415,49.50828209807339,0.5318284910718776,3.6357553195529824,5.68202299047885,-2.0462676709258676,4.261514354098882,1155.6110572591704,7704.07534274083,0.0,0.0,1155.6110572591704,8844.55534274083,8844.55534274083,1155.6110572591704,0.6420061429217613,1155.6110572591704,3466.833171777511,11125.51534274083,11125.51534274083,33376.54602822249,12281.1264,12281.1264,36843.379199999996,1.0234272,5.0172067574120645,25.086033787060323,1.672402252470688,5797.93960542081,5797.93960542081,0.0,5797.93960542081,5797.93960542081,0.0,1155.6110572591704,0.0,1155.6110572591704,3466.833171777511,0.0,10369.32,-0.3601301287155509,147.112916712659
230,2040,1NB,1,NB,PM-Peak,3,Peak,PM,3.0,70,12000,1.6,6.5,75,1800,1,4,0.05,0.01,7591.7,0.0,937.9,0.0,0.0,1.1381832498834479,1.1381832498834479,1.1381832498834479,4.25,2.125,0.17391304347826086,0.17391304347826086,30,5.169709595615811,0.592,9110.039999999999,0.0,1125.48,0.0,0.0,10235.519999999999,12486.48,1.12,1.2,0.8004153846153846,12486.48,0.0,1.0,364.4016,6559.2288,0.0,844.11,0.0,0.0,7676.639999999999,1.4167676309018953,7.083838154509476,,0.1739130207639308,0.17391303437893918,116.79935820670181,583.9967910335091,33.1539190285544,50.372988900755665,0.8196867139031725,3.5733436496022524,5.429222404897949,-1.8558787552956968,3.915177551853049,1140.735294489773,7604.903105510226,0.0,0.0,1140.735294489773,8730.383105510226,26191.149316530675,1140.735294489773,0.6337418302720961,3422.205883469319,10266.617650407956,10981.343105510226,32944.02931653068,98832.08794959204,12122.078399999999,36366.235199999996,109098.70559999999,1.0101731999999999,4.250302892705686,21.25151446352843,1.4167676309018953,4848.470521981354,4848.470521981354,0.0,14545.411565944061,14545.411565944061,0.0,3422.205883469319,0.0,3422.205883469319,10266.617650407956,0.0,30706.559999999998,-0.341831410999377,137.4110096549433
231,2040,1NB,1,NB,PM-Late,3,OP,PM,3.0,70,12000,1.6,6.5,75,1800,1,4,0.05,0.01,7276.4,0.0,899.2,0.0,0.0,1.1381832498834479,1.1381832498834479,1.1381832498834479,4.25,2.125,0.17391304347826086,0.17391304347826086,30,5.169709595615811,0.592,7047.289082212474,0.0,870.8870241775406,0.0,0.0,7918.176106390014,9659.950154745096,1.12,1.2,0.6192275740221216,9659.950154745096,0.0,1.0,281.89156328849896,5074.048139192981,0.0,653.1652681331555,0.0,0.0,5938.632079792511,0.22081828336006562,1.1040914168003282,,0.17391304323368334,0.17391303490241317,116.42956223080004,582.1478111540002,57.87121763857899,63.82577385675245,0.40611022269817876,2.820177322158028,3.1103544619390497,-0.2901771397810218,0.7383284699993555,882.4431534012593,5882.954365522715,0.0,0.0,882.4431534012593,6753.841389700256,20261.52416910077,882.4431534012593,0.490246196334033,2647.329460203778,7941.988380611334,8495.615438055338,25486.846314166014,76460.53894249804,9378.058591456598,28134.175774369793,84402.52732310937,0.7815048826213832,0.6624548500801969,3.3122742504009848,0.22081828336006562,584.5787468907274,584.5787468907274,0.0,1753.7362406721822,1753.7362406721822,0.0,2647.329460203778,0.0,2647.329460203778,7941.988380611334,0.0,23754.528319170044,-0.0932939133889326,136.97595556564713
232,2040,1SB,1,SB,Night,8,OP,NT,3.0,70,12000,1.6,5.0,75,1800,1,4,0.05,0.01,1863.2,0.0,229.9,0.0,0.0,1.1381832498834479,1.1381832498834479,1.1381832498834479,4.25,2.125,0.17391304347826086,0.17391304347826086,30,5.129702169482871,0.708,1673.178822338811,0.0,206.45331218102868,0.0,0.0,1879.6321345198396,2292.538758881897,1.12,1.2,0.14695761274883956,2292.538758881897,0.0,1.0,66.92715289355245,1204.6887520839439,0.0,154.83998413577152,0.0,0.0,1409.7241008898798,0.11783310825946053,0.5891655412973027,,0.17391303577428932,0.17391303474805042,105.58899316235349,527.9449658117676,69.9823527313389,74.95830133644994,0.0,2.4013350995251477,2.572077001912425,-0.17074190238727738,0.0008883497628796717,209.51107803805888,1396.7405914071996,0.0,0.0,209.51107803805888,1603.1939035882283,12825.551228705826,209.51107803805888,0.11639504335447716,1676.088624304471,5028.265872913413,2016.1005279502856,16128.804223602285,48386.41267080685,2225.6116059883443,17804.892847906754,53414.67854372026,0.18546763383236203,0.3534993247783816,1.767496623891908,0.11783310825946054,74.06202462004462,74.06202462004462,0.0,592.496196960357,592.496196960357,0.0,1676.088624304471,0.0,1676.088624304471,5028.265872913413,0.0,15037.057076158717,-0.06638288910492379,124.22234489688647
233,2040,1SB,1,SB,AM-Early,1,OP,AM,3.0,70,12000,1.6,5.0,75,1800,1,4,0.05,0.01,5204.9,0.0,643.1,0.0,0.0,1.1381832498834479,1.1381832498834479,1.1381832498834479,4.25,2.125,0.17391304347826086,0.17391304347826086,30,5.194714236948899,0.715,3122.9399999999996,0.0,385.86,0.0,0.0,3508.7999999999997,4280.5199999999995,1.12,1.2,0.27439230769230766,4280.5199999999995,0.0,1.0,124.9176,2248.5168,0.0,289.395,0.0,0.0,2631.6,0.11783310825946053,0.5891655412973027,,0.17391303367722635,0.17391298926161428,106.08522381791806,530.4261190895904,69.60162937089382,74.49704796135781,0.17988550758255847,2.4162031238253547,2.586146353569028,-0.16994322974367337,0.020163361532425397,391.0463779622092,2606.9760220377902,0.0,0.0,391.0463779622092,2992.8360220377904,2992.8360220377904,391.0463779622092,0.2172479877567829,391.0463779622092,1173.1391338866276,3764.55602203779,3764.55602203779,11293.66806611337,4155.6024,4155.6024,12466.807199999997,0.3463002,0.3534993247783816,1.767496623891908,0.11783310825946053,138.23463056667273,138.23463056667273,0.0,138.23463056667273,138.23463056667273,0.0,391.0463779622092,0.0,391.0463779622092,1173.1391338866276,0.0,3508.7999999999997,-0.06571292050395451,124.80614566813888
234,2040,1SB,1,SB,AM-Peak,2,Peak,AM,3.0,70,12000,1.6,5.0,75,1800,1,4,0.05,0.01,8828.9,0.0,1091.5,0.0,0.0,1.1381832498834479,1.1381832498834479,1.1381832498834479,4.25,2.125,0.17391304347826086,0.17391304347826086,30,5.194714236948899,0.715,5297.339999999999,0.0,654.9,0.0,0.0,5952.239999999999,7262.039999999999,1.12,1.2,0.46551538461538455,7262.039999999999,0.0,1.0,211.89359999999996,3814.084799999999,0.0,491.17499999999995,0.0,0.0,4464.179999999999,0.5891655412973026,2.945827706486513,,0.17076568497194652,0.1707652319234996,355.9472145676616,1779.7360728383078,64.7439614457369,71.23252023771056,0.5350015669789452,2.526935722607044,2.780182058381789,-0.2532463357747452,0.2859922771259082,651.3148034130895,4434.13159658691,0.0,0.0,651.3148034130895,5089.0315965869095,10178.063193173819,651.3148034130895,0.3618415574517164,1302.629606826179,3907.888820478537,6398.83159658691,12797.66319317382,38392.989579521454,7050.1464,14100.2928,42300.878399999994,0.5875121999999999,1.7674966238919079,8.837483119459538,0.5891655412973026,1151.1967161234575,1151.1967161234575,0.0,2302.393432246915,2302.393432246915,0.0,1302.629606826179,0.0,1302.629606826179,3907.888820478537,0.0,11904.479999999998,-0.09108983888707914,418.7614289031312
235,2040,1SB,1,SB,AM-Shoulder,1,OP,AM,3.0,70,12000,1.6,5.0,75,1800,1,4,0.05,0.01,8907.4,0.0,1100.6,0.0,0.0,1.1381832498834479,1.1381832498834479,1.1381832498834479,4.25,2.125,0.17391304347826086,0.17391304347826086,30,5.194714236948899,0.715,5344.44,0.0,660.3599999999999,0.0,0.0,6004.799999999999,7325.5199999999995,1.12,1.2,0.4695846153846154,7325.5199999999995,0.0,1.0,213.77759999999998,3847.9967999999994,0.0,495.2699999999999,0.0,0.0,4503.599999999999,0.5891655412973026,2.945827706486513,,0.17203934904584614,0.17203936556632968,354.6750746195832,1773.3753730979158,64.54734029266811,71.02003016745867,0.3299800152190029,2.534496248108831,2.7886509216933,-0.25415467358446886,0.29759461986267827,662.0068646024989,4468.6555353975,0.0,0.0,662.0068646024989,5129.0155353975,5129.0155353975,662.0068646024989,0.3677815914458327,662.0068646024989,1986.0205938074969,6449.7355353975,6449.7355353975,19349.2066061925,7111.742399999999,7111.742399999999,21335.227199999998,0.5926452,1.7674966238919079,8.837483119459538,0.5891655412973026,1170.0948981781842,1170.0948981781842,0.0,1170.0948981781842,1170.0948981781842,0.0,662.0068646024989,0.0,662.0068646024989,1986.0205938074969,0.0,6004.799999999999,-0.09113893446015943,417.2647936700978
236,2040,1SB,1,SB,MD,5,OP,MD,3.0,70,12000,1.6,5.0,75,1800,1,4,0.05,0.01,6792.7,0.0,840.0,0.0,0.0,1.1381832498834479,1.1381832498834479,1.1381832498834479,4.25,2.125,0.17391304347826086,0.17391304347826086,30,5.1709598276824655,0.708,4075.62,0.0,504.0,0.0,0.0,4579.62,5587.62,1.12,1.2,0.35818076923076925,5587.62,0.0,1.0,163.0248,2934.4464,0.0,378.0,0.0,0.0,3434.715,0.11783310825946053,0.5891655412973027,,0.17391301559546088,0.1739130068155311,100.03877488110463,500.1938744055232,68.51356284879223,73.55939245971376,0.23527737091645173,2.447002265530952,2.62721704310219,-0.18021477757123838,0.0764302061928579,510.338422527244,3402.256777472756,0.0,0.0,510.338422527244,3906.256777472756,19531.28388736378,510.338422527244,0.2835213458484689,2551.69211263622,7655.07633790866,4914.256777472756,24571.28388736378,73713.85166209134,5424.5952,27122.976000000002,81368.928,0.4520496,0.3534993247783816,1.767496623891908,0.11783310825946053,180.40428777184516,180.40428777184516,0.0,902.0214388592258,902.0214388592258,0.0,2551.69211263622,0.0,2551.69211263622,7655.07633790866,0.0,22898.1,-0.0685953138300453,117.69267633071132
237,2040,1SB,1,SB,PM-Shoulder,1,OP,PM,3.0,70,12000,1.6,5.0,75,1800,1,4,0.05,0.01,5529.3,0.0,682.9,0.0,0.0,1.1381832498834479,1.1381832498834479,1.1381832498834479,4.25,2.125,0.17391304347826086,0.17391304347826086,30,5.169709595615811,0.592,3317.58,0.0,409.73999999999995,0.0,0.0,3727.3199999999997,4546.799999999999,1.12,1.2,0.29146153846153844,4546.799999999999,0.0,1.0,132.7032,2388.6576,0.0,307.30499999999995,0.0,0.0,2795.49,0.11783310825946053,0.5891655412973027,,0.1739130080216546,0.17391301725594482,105.6193010059921,528.0965050299607,69.46242369249805,74.36061660577268,0.19089433972732162,2.4206361944829067,2.591329101858564,-0.17069290737565712,0.02726372668908985,415.4186283497862,2769.458171650214,0.0,0.0,415.4186283497862,3179.1981716502137,3179.1981716502137,415.4186283497862,0.23078812686099234,415.4186283497862,1246.2558850493588,3998.6781716502137,3998.6781716502137,11996.034514950641,4414.0968,4414.0968,13242.2904,0.36784140000000004,0.3534993247783816,1.767496623891908,0.11783310825946051,146.85020462201086,146.85020462201086,0.0,146.85020462201086,146.85020462201086,0.0,415.4186283497862,0.0,415.4186283497862,1246.2558850493588,0.0,3727.3199999999997,-0.06587079474129011,124.25800118352012
238,2040,1SB,1,SB,PM-Peak,3,Peak,PM,3.0,70,12000,1.6,5.0,75,1800,1,4,0.05,0.01,7109.1,0.0,878.7,0.0,0.0,1.1381832498834479,1.1381832498834479,1.1381832498834479,4.25,2.125,0.17391304347826086,0.17391304347826086,30,5.169709595615811,0.592,4265.46,0.0,527.22,0.0,0.0,4792.68,5847.12,1.12,1.2,0.3748153846153846,5847.12,0.0,1.0,170.6184,3071.1312000000003,0.0,395.415,0.0,0.0,3594.51,0.11783310825946053,0.5891655412973027,,0.1739130119356978,0.1739130338067707,97.4317760106324,487.15888005316214,68.14497034012177,73.2782450602504,0.38426446417521604,2.4563907043898427,2.641427519912225,-0.18503681552238227,0.09589855942260558,534.109677041694,3560.7319229583063,0.0,0.0,534.109677041694,4087.9519229583066,12263.85576887492,534.109677041694,0.29672759835649665,1602.329031125082,4806.987093375246,5142.391922958306,15427.175768874919,46281.527306624754,5676.5016000000005,17029.504800000002,51088.5144,0.47304180000000007,0.3534993247783816,1.767496623891908,0.11783310825946053,188.80741019183827,188.80741019183827,0.0,566.4222305755148,566.4222305755148,0.0,1602.329031125082,0.0,1602.329031125082,4806.987093375246,0.0,14378.04,-0.07005182392001848,114.62561883603813
239,2040,1SB,1,SB,PM-Late,3,OP,PM,3.0,70,12000,1.6,5.0,75,1800,1,4,0.05,0.01,5207.2,0.0,644.2,0.0,0.0,1.1381832498834479,1.1381832498834479,1.1381832498834479,4.25,2.125,0.17391304347826086,0.17391304347826086,30,5.169709595615811,0.592,3124.3199999999997,0.0,386.52000000000004,0.0,0.0,3510.8399999999997,4283.88,1.12,1.2,0.27460769230769233,4283.88,0.0,1.0,124.97279999999999,2249.5103999999997,0.0,289.89000000000004,0.0,0.0,2633.1299999999997,0.11783310825946053,0.5891655412973027,,0.17391300801160967,0.1739130286078587,106.06540787505257,530.327039375263,69.6000037971902,74.49616457140456,0.18055256466664257,2.4162317756301404,2.5862067554551875,-0.16997497982504717,0.0202461121164645,391.2191202173992,2608.1280797826007,0.0,0.0,391.2191202173992,2994.6480797826007,8983.944239347802,391.2191202173992,0.2173439556763329,1173.6573606521977,3520.972081956593,3767.6880797826007,11303.064239347801,33909.1927180434,4158.9072,12476.721599999999,37430.16479999999,0.3465756,0.3534993247783816,1.767496623891908,0.11783310825946053,138.2956948372431,138.2956948372431,0.0,414.8870845117293,414.8870845117293,0.0,1173.6573606521977,0.0,1173.6573606521977,3520.972081956593,0.0,10532.519999999999,-0.06572366245139229,124.78283279417948
240,2040,2NB,2,NB,Night,8,OP,NT,2.2,70,12000,1.6,6.5,75,1800,1,4,0.05,0.01,3665.0,0.0,453.0,0.0,0.0,1.1381832498834479,1.1381832498834479,1.1381832498834479,4.25,2.125,0.17391304347826086,0.17391304347826086,30,5.129702169482871,0.708,2571.804365649689,0.0,317.8792299152276,0.0,0.0,2889.6835955649167,3525.4420553953714,1.12,1.2,0.22598987534585716,3525.4420553953714,0.0,1.0,102.87217462598755,1851.699143267776,0.0,238.4094224364207,0.0,0.0,2167.2626966736875,0.13878102694502278,0.693905134725114,,0.17391303631634938,0.1739130329629454,128.88667881325182,644.4333940662592,69.9790642184058,74.7678335389817,0.0,1.7654650904279467,1.88627843876314,-0.1208133483351932,0.0007728896769303631,322.03462035008175,2146.8975706736196,0.0,0.0,322.03462035008175,2464.7768005888474,19718.21440471078,322.03462035008175,0.17890812241671208,2576.276962800654,5667.8093181614395,3100.535260419302,24804.282083354417,54569.420583379724,3422.569880769384,27380.55904615507,60237.22990154116,0.285214156730782,0.30531825927905015,1.5265912963952508,0.13878102694502278,98.32304971287674,98.32304971287674,0.0,786.5843977030139,786.5843977030139,0.0,2576.276962800654,0.0,2576.276962800654,5667.8093181614395,0.0,23117.468764519333,-0.06404852319385693,151.63138683911978
241,2040,2NB,2,NB,AM-Early,1,OP,AM,2.2,70,12000,1.6,6.5,75,1800,1,4,0.05,0.01,3512.4,0.0,433.6,0.0,0.0,1.1381832498834479,1.1381832498834479,1.1381832498834479,4.25,2.125,0.17391304347826086,0.17391304347826086,30,5.194714236948899,0.715,2572.5425241454536,0.0,317.5761412337629,0.0,0.0,2890.1186653792165,3525.2709478467423,1.12,1.2,0.2259789069132527,3525.2709478467423,0.0,1.0,102.90170096581815,1852.2306173847264,0.0,238.18210592532216,0.0,0.0,2167.588999034412,0.19977797055598603,0.9988898527799301,,0.1739130335211832,0.17391302736467024,185.54496827320918,927.724841366046,69.97907540754541,74.7675677165157,0.0,1.7654713672174467,1.886278137161087,-0.12080676994364037,0.0007724764821181254,322.12704545019176,2147.5137777294435,0.0,0.0,322.12704545019176,2465.0899189632064,2465.0899189632064,322.12704545019176,0.17895946969455098,322.12704545019176,708.679499990422,3100.242201430732,3100.242201430732,6820.532843147611,3422.369246880924,3422.369246880924,7529.212343138033,0.285197437240077,0.4395115352231693,2.1975576761158466,0.19977797055598603,141.57855228271742,141.57855228271742,0.0,141.57855228271742,141.57855228271742,0.0,322.12704545019176,0.0,322.12704545019176,708.679499990422,0.0,2890.1186653792165,-0.06404504593657576,218.28819796848143
242,2040,2NB,2,NB,AM-Peak,2,Peak,AM,2.2,70,12000,1.6,6.5,75,1800,1,4,0.05,0.01,7241.1,0.0,894.6,0.0,0.0,1.1381832498834479,1.1381832498834479,1.1381832498834479,4.25,2.125,0.17391304347826086,0.17391304347826086,30,5.194714236948899,0.715,4942.730882923262,0.0,610.6485268623758,0.0,0.0,5553.379409785637,6774.676463510389,1.12,1.2,0.434274132276307,6774.676463510389,0.0,1.0,197.70923531693046,3558.7662357047484,0.0,457.98639514678183,0.0,0.0,4165.034557339228,0.19776774951239048,0.9888387475619524,,0.17391304166680296,0.17391301221041033,245.10556515175801,1225.52782575879,68.56815651267804,71.95180624336959,0.32614692758455105,1.834561311129891,1.925091860615993,-0.09053054948610195,0.053947277615339156,618.9158606325315,4126.1057869738,0.0,0.0,618.9158606325315,4736.754313836175,9473.50862767235,618.9158606325315,0.3438421447958508,1237.831721265063,2723.2297867831385,5958.051367560927,11916.102735121854,26215.42601726808,6576.967228193459,13153.934456386918,28938.655804051217,0.5480806023494549,0.4350890489272591,2.1754452446362955,0.19776774951239048,269.28351316860414,269.28351316860414,0.0,538.5670263372083,538.5670263372083,0.0,1237.831721265063,0.0,1237.831721265063,2723.2297867831385,0.0,11106.758819571274,-0.04702661277531654,288.35948841383293
243,2040,2NB,2,NB,AM-Shoulder,1,OP,AM,2.2,70,12000,1.6,6.5,75,1800,1,4,0.05,0.01,8279.1,0.0,1023.2,0.0,0.0,1.1381832498834479,1.1381832498834479,1.1381832498834479,4.25,2.125,0.17391304347826086,0.17391304347826086,30,5.194714236948899,0.715,5777.474834126614,0.0,714.0283666435181,0.0,0.0,6491.503200770132,7919.559934057168,1.12,1.2,0.507664098336998,7919.559934057168,0.0,1.0,231.09899336506456,4159.781880571162,0.0,535.5212749826386,0.0,0.0,4868.6274005775995,0.20581215925337187,1.0290607962668594,,0.17391303764144164,0.1739130167430634,242.604059144802,1213.02029572401,66.18627596221198,69.50343349603742,0.2442071349444851,1.8991867503570983,1.9943711605010581,-0.09518441014395984,0.1488599184578786,723.4403027759595,4822.935537985591,0.0,0.0,723.4403027759595,5536.963904629109,5536.963904629109,723.4403027759595,0.4019112793199775,723.4403027759595,1591.568666107111,6965.020637916145,6965.020637916145,15323.04540341552,7688.4609406921045,7688.4609406921045,16914.61406952263,0.6407050783910087,0.45278675035741817,2.263933751787091,0.2058121592533719,327.5641837715134,327.5641837715134,0.0,327.5641837715134,327.5641837715134,0.0,723.4403027759595,0.0,723.4403027759595,1591.568666107111,0.0,6491.503200770132,-0.04772652755370072,285.41654017035535
244,2040,2NB,2,NB,MD,5,OP,MD,2.2,70,12000,1.6,6.5,75,1800,1,4,0.05,0.01,8674.1,0.0,1072.2,0.0,0.0,1.1381832498834479,1.1381832498834479,1.1381832498834479,4.25,2.125,0.17391304347826086,0.17391304347826086,30,5.1709598276824655,0.708,7713.455860556851,0.0,953.4553871512959,0.0,0.0,8666.911247708147,10573.82202201074,1.12,1.2,0.6778091039750475,10573.82202201074,0.0,1.0,308.53823442227406,5553.688219600932,0.0,715.091540363472,0.0,0.0,6500.18343578111,0.4893049891483326,2.446524945741663,,0.17391301276749477,0.17391300295923695,139.07899285641665,695.3949642820833,50.82860306204776,59.93943044890863,0.3261820145972638,2.2022231277708686,2.596962970610549,-0.3947398428396802,0.9744106983078809,965.8586502421422,6439.058975892434,0.0,0.0,965.8586502421422,7392.514363043731,36962.57181521865,965.8586502421422,0.5365881390234123,4829.293251210711,10624.445152663564,9299.425137346323,46497.12568673161,102293.67651080956,10265.283787588465,51326.41893794232,112918.12166347312,0.8554403156323721,1.0764709761263318,5.382354880631659,0.4893049891483326,1039.7188040262201,1039.7188040262201,0.0,5198.5940201311005,5198.5940201311005,0.0,4829.293251210711,0.0,4829.293251210711,10624.445152663564,0.0,43334.55623854074,-0.15200056654903957,163.62234453696075
245,2040,2NB,2,NB,PM-Shoulder,1,OP,PM,2.2,70,12000,1.6,6.5,75,1800,1,4,0.05,0.01,9416.2,0.0,1163.2,0.0,0.0,1.1381832498834479,1.1381832498834479,1.1381832498834479,4.25,2.125,0.17391304347826086,0.17391304347826086,30,5.169709595615811,0.592,10226.264564414956,0.0,1263.2687221307403,0.0,0.0,11489.533286545697,14016.070730807176,1.12,1.2,0.8984660724876394,14016.070730807176,0.0,1.0,409.05058257659823,7362.910486378769,0.0,947.4515415980552,0.0,0.0,8617.149964909273,1.672402252470688,8.362011262353441,,0.1739129597246237,0.1739128520613892,58.61873070176654,293.09365350883274,20.862040589696125,42.22383401244216,0.43174489392679427,3.1261964501163813,6.327281333408751,-3.20108488329237,6.084946855341419,1280.5055548736004,8536.708426964758,0.0,0.0,1280.5055548736004,9799.977149095499,9799.977149095499,1280.5055548736004,0.711391974929778,1280.5055548736004,2817.1122207219214,12326.51459335698,12326.51459335698,27118.332105385358,13607.02014823058,13607.02014823058,29935.44432610728,1.1339183456858817,3.6792849554355143,18.39642477717757,1.672402252470688,4711.344823398043,4711.344823398043,0.0,4711.344823398043,4711.344823398043,0.0,1280.5055548736004,0.0,1280.5055548736004,2817.1122207219214,0.0,11489.533286545697,-0.5059178997447584,68.96321259031357
246,2040,2NB,2,NB,PM-Peak,3,Peak,PM,2.2,70,12000,1.6,6.5,75,1800,1,4,0.05,0.01,8202.9,0.0,1014.1,0.0,0.0,1.1381832498834479,1.1381832498834479,1.1381832498834479,4.25,2.125,0.17391304347826086,0.17391304347826086,30,5.169709595615811,0.592,9843.48,0.0,1216.92,0.0,0.0,11060.4,13494.24,1.12,1.2,0.8650153846153846,13494.24,0.0,1.0,393.7392,7087.3056,0.0,912.69,0.0,0.0,8295.3,1.4167676309018953,7.083838154509476,,0.17391300862863507,0.17391300760418116,65.57411099651222,327.8705549825611,24.640697544708473,45.00751518036205,0.6506376678952345,2.9328435367077326,5.35699120369856,-2.4241476669908275,4.7556493776384565,1232.5746399665736,8217.166160033426,0.0,0.0,1232.5746399665736,9434.086160033426,28302.25848010028,1232.5746399665736,0.6847636888703187,3697.723919899721,8134.992623779386,11867.926160033427,35603.77848010028,78328.31265622062,13100.5008,39301.5024,86463.30528,1.0917084,3.11688878798417,15.584443939920849,1.4167676309018953,3841.798075665438,3841.798075665438,0.0,11525.394226996314,11525.394226996314,0.0,3697.723919899721,0.0,3697.723919899721,8134.992623779386,0.0,33181.2,-0.4525203747426641,77.14601293707321
247,2040,2NB,2,NB,PM-Late,3,OP,PM,2.2,70,12000,1.6,6.5,75,1800,1,4,0.05,0.01,8463.5,0.0,1046.0,0.0,0.0,1.1381832498834479,1.1381832498834479,1.1381832498834479,4.25,2.125,0.17391304347826086,0.17391304347826086,30,5.169709595615811,0.592,8494.774284788153,0.0,1049.8651742055188,0.0,0.0,9544.639458993672,11644.36980740471,1.12,1.2,0.7464339620131224,11644.36980740471,0.0,1.0,339.7909713915261,6116.23748504747,0.0,787.398880654139,0.0,0.0,7158.479594245254,0.22081828336006562,1.1040914168003282,,0.17391303900241312,0.17391303741385405,30.722381444566835,153.6119072228342,41.03265077639817,54.760228181382,0.3590733113075024,2.4105085823013215,3.216950343259956,-0.8064417609586347,1.8237933988375692,1063.6934482850818,7091.289865111545,0.0,0.0,1063.6934482850818,8141.155039317064,24423.465117951193,1063.6934482850818,0.5909408046028232,3191.080344855245,7020.37675868154,10240.8853877281,30722.6561631843,67589.84355900546,11304.578836013181,33913.73650803955,74610.220317687,0.9420482363344318,0.4858002233921444,2.4290011169607224,0.22081828336006562,516.7425147976531,516.7425147976531,0.0,1550.2275443929593,1550.2275443929593,0.0,3191.080344855245,0.0,3191.080344855245,7020.37675868154,0.0,28633.918376981015,-0.25068517537060026,36.14397817007863
248,2040,2SB,2,SB,Night,8,OP,NT,2.2,70,12000,1.6,5.0,75,1800,1,4,0.05,0.01,2942.2,0.0,363.1,0.0,0.0,1.1381832498834479,1.1381832498834479,1.1381832498834479,4.25,2.125,0.17391304347826086,0.17391304347826086,30,5.129702169482871,0.708,1765.32,0.0,217.86,0.0,0.0,1983.1799999999998,2418.9,1.12,1.2,0.1550576923076923,2418.9,0.0,1.0,70.6128,1271.0303999999999,0.0,163.395,0.0,0.0,1487.3849999999998,0.17397587455575633,0.8698793727787817,,0.1739130144406239,0.17391303059735824,156.0073458623994,780.0367293119971,69.97692402271183,74.94833593631606,0.0,1.7612132190921623,1.886336129281102,-0.12512291018893973,0.0008519256865386627,221.04872830967196,1473.658471690328,0.0,0.0,221.04872830967196,1691.5184716903282,13532.147773522625,221.04872830967196,0.12280484906092887,1768.3898264773757,3890.457618250227,2127.238471690328,17017.907773522624,37439.397101749775,2348.2871999999998,18786.297599999998,41329.85472,0.1956906,0.38274692402266397,1.9137346201133199,0.17397587455575633,84.6057208196485,84.6057208196485,0.0,676.845766557188,676.845766557188,0.0,1768.3898264773757,0.0,1768.3898264773757,3890.457618250227,0.0,15865.439999999999,-0.06633118469539417,183.53805395576404
249,2040,2SB,2,SB,AM-Early,1,OP,AM,2.2,70,12000,1.6,5.0,75,1800,1,4,0.05,0.01,7934.3,0.0,981.1,0.0,0.0,1.1381832498834479,1.1381832498834479,1.1381832498834479,4.25,2.125,0.17391304347826086,0.17391304347826086,30,5.194714236948899,0.715,6844.825205334843,0.0,846.3831729269142,0.0,0.0,7691.208378261757,9383.974724115586,1.12,1.2,0.6015368412894606,9383.974724115586,0.0,1.0,273.79300821339376,4928.274147841087,0.0,634.7873796951857,0.0,0.0,5768.4062836963185,0.9372090234835952,4.686045117417976,,0.173912974883924,0.17391281281450033,264.16728665918083,1320.836433295904,54.270095423833794,64.88982739326727,0.28971312987501535,2.0342171539463187,2.4322787525822105,-0.39806159863589174,0.7487933196090573,857.0908180945789,5713.941379026871,0.0,0.0,857.0908180945789,6560.324551953785,6560.324551953785,857.0908180945789,0.4761615656080994,857.0908180945789,1885.5997998080738,8253.090897807613,8253.090897807613,18156.79997517675,9110.181715902192,9110.181715902192,20042.399774984824,0.759181809658516,2.0618598516639097,10.309299258319548,0.9372090234835952,1767.2011470589875,1767.2011470589875,0.0,1767.2011470589875,1767.2011470589875,0.0,857.0908180945789,0.0,857.0908180945789,1885.5997998080738,0.0,7691.208378261757,-0.16365788592828542,310.785043128448
250,2040,2SB,2,SB,AM-Peak,2,Peak,AM,2.2,70,12000,1.6,5.0,75,1800,1,4,0.05,0.01,10595.3,0.0,1308.9,0.0,0.0,1.1381832498834479,1.1381832498834479,1.1381832498834479,4.25,2.125,0.17391304347826086,0.17391304347826086,30,5.194714236948899,0.715,8685.422721546845,0.0,1072.9615773251032,0.0,0.0,9758.384298871948,11904.307453522155,1.12,1.2,0.7630966316360356,11904.307453522155,0.0,1.0,347.4169088618738,6253.504359513729,0.0,804.7211829938274,0.0,0.0,7318.788224153961,1.453811424915943,7.2690571245797155,,0.17391296814768054,0.17391289611761798,134.7792227301102,673.896113650551,35.85827374438167,53.421814271175016,0.5730049080733793,2.4709007322355894,3.6811588014797274,-1.210258069244138,2.4597589865986556,1087.5655044874925,7250.440308197479,0.0,0.0,1087.5655044874925,8323.401885522582,16646.803771045164,1087.5655044874925,0.604203058048607,2175.131008974985,4785.288219744967,10469.32504017279,20938.65008034558,46065.03017676028,11556.890544660282,23113.781089320564,50850.318396505245,0.9630742120550235,3.198385134815075,15.991925674075375,1.453811424915943,3478.453342690454,3478.453342690454,0.0,6956.906685380908,6956.906685380908,0.0,2175.131008974985,0.0,2175.131008974985,4785.288219744967,0.0,19516.768597743896,-0.3287709480932055,158.5637914471885
251,2040,2SB,2,SB,AM-Shoulder,1,OP,AM,2.2,70,12000,1.6,5.0,75,1800,1,4,0.05,0.01,9417.3,0.0,1164.4,0.0,0.0,1.1381832498834479,1.1381832498834479,1.1381832498834479,4.25,2.125,0.17391304347826086,0.17391304347826086,30,5.194714236948899,0.715,8283.626401960933,0.0,1024.2271757768483,0.0,0.0,9307.853577737782,11356.307929291477,1.12,1.2,0.7279684570058639,11356.307929291477,0.0,1.0,331.3450560784373,5964.211009411872,0.0,768.1703818326362,0.0,0.0,6980.890183303336,0.805520993483521,4.027604967417605,,0.17391304283756806,0.17391303569996322,94.51884675279766,472.5942337639882,39.94662548963084,56.21318286777729,0.35055080784009474,2.3482036288620383,3.3044092806853973,-0.956205651823359,1.9436121431104232,1037.2540847721418,6915.027261110354,0.0,0.0,1037.2540847721418,7939.254436887202,7939.254436887202,1037.2540847721418,0.5762522693178566,1037.2540847721418,2281.9589864987124,9987.708788440897,9987.708788440897,21972.959334569976,11024.962873213039,11024.962873213039,24254.91832106869,0.9187469061010866,1.7721461856637464,8.860730928318732,0.805520993483521,1838.1658698930914,1838.1658698930914,0.0,1838.1658698930914,1838.1658698930914,0.0,1037.2540847721418,0.0,1037.2540847721418,2281.9589864987124,0.0,9307.853577737782,-0.28937264442769745,111.19864323858548
252,2040,2SB,2,SB,MD,5,OP,MD,2.2,70,12000,1.6,5.0,75,1800,1,4,0.05,0.01,8757.2,0.0,1082.4,0.0,0.0,1.1381832498834479,1.1381832498834479,1.1381832498834479,4.25,2.125,0.17391304347826086,0.17391304347826086,30,5.1709598276824655,0.708,7292.3935601573785,0.0,901.3482379658277,0.0,0.0,8193.741798123207,9996.43827405486,1.12,1.2,0.6407973252599269,9996.43827405486,0.0,1.0,291.69574240629515,5250.523363313313,0.0,676.0111784743708,0.0,0.0,6145.306348592405,0.22208219780752014,1.1104109890376006,,0.17391301093736067,0.1739130269919555,47.719765899245694,238.59882949622843,50.086300754903036,62.461980966582765,0.3083236884924369,2.1132855211655897,2.6354511714878104,-0.5221656503222207,1.0271395335097289,913.1343271107759,6087.5634906403075,0.0,0.0,913.1343271107759,6988.9117286061355,34944.55864303068,913.1343271107759,0.5072968483948754,4565.671635553879,10044.477598218535,8791.608204537792,43958.04102268896,96707.69024991571,9704.742531648568,48523.71265824284,106752.16784813425,0.8087285443040473,0.4885808351765444,2.4429041758827217,0.22208219780752014,446.13993216815476,446.13993216815476,0.0,2230.699660840774,2230.699660840774,0.0,4565.671635553879,0.0,4565.671635553879,10044.477598218535,0.0,40968.70899061603,-0.198131407620593,56.14090105793612
253,2040,2SB,2,SB,PM-Shoulder,1,OP,PM,2.2,70,12000,1.6,5.0,75,1800,1,4,0.05,0.01,5834.3,0.0,721.6,0.0,0.0,1.1381832498834479,1.1381832498834479,1.1381832498834479,4.25,2.125,0.17391304347826086,0.17391304347826086,30,5.169709595615811,0.592,5966.907630847778,0.0,738.0012248975468,0.0,0.0,6704.908855745325,8180.911305540418,1.12,1.2,0.524417391380796,8180.911305540418,0.0,1.0,238.6763052339111,4296.1734942104,0.0,553.5009186731601,0.0,0.0,5028.681641808994,0.22017011995979388,1.1008505997989695,,0.17391304292320858,0.17391303576259656,101.82361690992595,509.11808454962977,61.08380072721561,68.80880748425278,0.2527080247948422,1.9183590709693497,2.1609657295144045,-0.2426066585450548,0.3770944780061628,747.1606053041644,4981.070720309703,0.0,0.0,747.1606053041644,5719.07194520725,5719.07194520725,747.1606053041644,0.4150892251689802,747.1606053041644,1643.7533316691618,7195.0743950023425,7195.0743950023425,15829.163669005155,7942.235000306507,7942.235000306507,17472.917000674315,0.6618529166922089,0.4843742639115466,2.421871319557733,0.22017011995979388,361.9053682179102,361.9053682179102,0.0,361.9053682179102,361.9053682179102,0.0,747.1606053041644,0.0,747.1606053041644,1643.7533316691618,0.0,6704.908855745325,-0.11226770292168008,119.79249048226582
254,2040,2SB,2,SB,PM-Peak,3,Peak,PM,2.2,70,12000,1.6,5.0,75,1800,1,4,0.05,0.01,7968.4,0.0,984.5,0.0,0.0,1.1381832498834479,1.1381832498834479,1.1381832498834479,4.25,2.125,0.17391304347826086,0.17391304347826086,30,5.169709595615811,0.592,4781.04,0.0,590.6999999999999,0.0,0.0,5371.74,6553.139999999999,1.12,1.2,0.4200730769230769,6553.139999999999,0.0,1.0,191.2416,3442.3487999999998,0.0,443.025,0.0,0.0,4028.805,0.2501716924935731,1.2508584624678654,,0.17391303120503446,0.17391302566884015,185.6391706359463,928.1958531797316,66.78551192200305,72.31794002821069,0.3155157151239962,1.8252732302456043,1.976476577048015,-0.15120334680241077,0.12434433912720924,598.6693142730129,3991.1290857269873,0.0,0.0,598.6693142730129,4581.829085726988,13745.487257180963,598.6693142730129,0.33259406348500714,1796.0079428190388,3951.2174742018856,5763.229085726987,17289.68725718096,38037.31196579812,6361.8984,19085.695200000002,41988.529440000006,0.5301582,0.5503777234858608,2.7518886174293042,0.2501716924935731,329.4942543104222,329.4942543104222,0.0,988.4827629312666,988.4827629312666,0.0,1796.0079428190388,0.0,1796.0079428190388,3951.2174742018856,0.0,16115.22,-0.0765014615190846,218.3990242775839
255,2040,2SB,2,SB,PM-Late,3,OP,PM,2.2,70,12000,1.6,5.0,75,1800,1,4,0.05,0.01,7248.0,0.0,895.8,0.0,0.0,1.1381832498834479,1.1381832498834479,1.1381832498834479,4.25,2.125,0.17391304347826086,0.17391304347826086,30,5.169709595615811,0.592,4348.8,0.0,537.4799999999999,0.0,0.0,4886.28,5961.24,1.12,1.2,0.3821307692307692,5961.24,0.0,1.0,173.952,3131.136,0.0,403.1099999999999,0.0,0.0,3664.71,0.19291219708534962,0.9645609854267481,,0.17391304223898935,0.17391303099208655,157.33172662447845,786.6586331223922,67.96223927099805,73.14311834899365,0.1838355287264257,1.8046810551633548,1.9422550141947599,-0.13757395903140512,0.07746079801824976,544.5453874240202,3630.3026125759798,0.0,0.0,544.5453874240202,4167.782612575979,12503.347837727939,544.5453874240202,0.30252521523556675,1633.6361622720606,3593.9995569985335,5242.742612575979,15728.227837727938,34602.10124300147,5787.288,17361.863999999998,38196.1008,0.482274,0.4244068335877692,2.1220341679388457,0.19291219708534962,231.10878362145345,231.10878362145345,0.0,693.3263508643604,693.3263508643604,0.0,1633.6361622720606,0.0,1633.6361622720606,3593.9995569985335,0.0,14658.84,-0.07083207819053666,185.09614896997465
256,2040,3NB,3,NB,Night,8,OP,NT,3.4,70,12000,1.6,6.5,75,1800,1,4,0.05,0.01,3811.8,0.0,471.2,0.0,0.0,1.1381832498834479,1.1381832498834479,1.1381832498834479,4.25,2.125,0.17391304347826086,0.17391304347826086,30,5.129702169482871,0.708,2571.6928179762767,0.0,317.90273776966825,0.0,0.0,2889.595555745945,3525.4010312852815,1.12,1.2,0.22598724559521036,3525.4010312852815,0.0,1.0,102.86771271905107,1851.6188289429192,0.0,238.4270533272512,0.0,0.0,2167.1966668094587,0.13878102694502278,0.693905134725114,,0.17391303633107025,0.173913032962821,128.8857004121977,644.4285020609885,69.97906536740797,74.76787369095824,0.0,2.7284445836082396,2.9151575393147633,-0.1867129557065237,0.0011944002897975945,322.02065266924365,2146.804452587982,0.0,0.0,322.02065266924365,2464.7071903576502,19717.657522861202,322.02065266924365,0.17890036259402425,2576.165221353949,8758.961752603427,3100.5126658969866,24804.101327175893,84333.94451239804,3422.5333185662303,27380.266548529842,93092.90626500147,0.2852111098805192,0.47185549161307744,2.3592774580653875,0.13878102694502278,151.94721337481002,151.94721337481002,0.0,1215.5777069984802,1215.5777069984802,0.0,2576.165221353949,0.0,2576.165221353949,8758.961752603427,0.0,23116.76444596756,-0.06404901045259201,151.6302357790561
257,2040,3NB,3,NB,AM-Early,1,OP,AM,3.4,70,12000,1.6,6.5,75,1800,1,4,0.05,0.01,3652.4,0.0,451.9,0.0,0.0,1.1381832498834479,1.1381832498834479,1.1381832498834479,4.25,2.125,0.17391304347826086,0.17391304347826086,30,5.194714236948899,0.715,2571.117572996816,0.0,318.11631563828195,0.0,0.0,2889.2338886350976,3525.4665199116616,1.12,1.2,0.22599144358408088,3525.4665199116616,0.0,1.0,102.84470291987263,1851.2046525577073,0.0,238.58723672871145,0.0,0.0,2166.9254164763233,0.19977797055598603,0.9988898527799301,,0.1739130335366361,0.1739130273673837,185.52570949732794,927.6285474866396,69.97905952661905,74.76808068172909,0.0,2.728437030079482,2.915157782627834,-0.18672075254835185,0.001194733628704071,321.9486168234453,2146.324253253498,0.0,0.0,321.9486168234453,2464.4405688917795,2464.4405688917795,321.9486168234453,0.17886034267969184,321.9486168234453,1094.6252971997142,3100.6732001683436,3100.6732001683436,10542.288880572367,3422.621816991789,3422.621816991789,11636.914177772082,0.2852184847493157,0.6792450998903525,3.3962254994517624,0.19977797055598603,218.68202039380193,218.68202039380193,0.0,218.68202039380193,218.68202039380193,0.0,321.9486168234453,0.0,321.9486168234453,1094.6252971997142,0.0,2889.2338886350976,-0.06405167969331481,218.26554058509168
258,2040,3NB,3,NB,AM-Peak,2,Peak,AM,3.4,70,12000,1.6,6.5,75,1800,1,4,0.05,0.01,7531.4,0.0,931.0,0.0,0.0,1.1381832498834479,1.1381832498834479,1.1381832498834479,4.25,2.125,0.17391304347826086,0.17391304347826086,30,5.194714236948899,0.715,4518.839999999999,0.0,558.6,0.0,0.0,5077.44,6194.639999999999,1.12,1.2,0.39709230769230763,6194.639999999999,0.0,1.0,180.75359999999998,3253.564799999999,0.0,418.95000000000005,0.0,0.0,3808.08,0.19776774951239048,0.9888387475619524,,0.17391303007241835,0.17391282319933205,232.0244635854603,1160.1223179273015,69.19238505417086,72.84406843146076,0.4615003701966661,2.8005025583098,2.94830131726617,-0.14779875895637007,0.04660137608322492,565.8373129049617,3772.249087095038,0.0,0.0,565.8373129049617,4330.849087095038,8661.698174190076,565.8373129049617,0.3143540627249787,1131.6746258099233,3847.693727753739,5448.049087095038,10896.098174190076,37046.733792246254,6013.886399999999,12027.772799999999,40894.42751999999,0.5011572,0.6724103483421277,3.3620517417106384,0.19776774951239048,380.47486467539875,380.47486467539875,0.0,760.9497293507975,760.9497293507975,0.0,1131.6746258099233,0.0,1131.6746258099233,3847.693727753739,0.0,10154.88,-0.05013014039332226,272.96995715936504
259,2040,3NB,3,NB,AM-Shoulder,1,OP,AM,3.4,70,12000,1.6,6.5,75,1800,1,4,0.05,0.01,8610.4,0.0,1064.2,0.0,0.0,1.1381832498834479,1.1381832498834479,1.1381832498834479,4.25,2.125,0.17391304347826086,0.17391304347826086,30,5.194714236948899,0.715,5166.24,0.0,638.52,0.0,0.0,5804.76,7081.799999999999,1.12,1.2,0.4539615384615384,7081.799999999999,0.0,1.0,206.6496,3719.6928,0.0,478.89,0.0,0.0,4353.57,0.20581215925337187,1.0290607962668594,,0.1739130416088568,0.1739130058376617,258.7137375854881,1293.5686879274406,68.10274009446314,71.39030462068044,0.3375273628343207,2.857530880193289,2.995474186751342,-0.1379433065580531,0.11122820727791022,646.9030886985649,4312.687311301435,0.0,0.0,646.9030886985649,4951.207311301436,4951.207311301436,646.9030886985649,0.3593906048325361,646.9030886985649,2199.4705015751206,6228.247311301435,6228.247311301435,21176.040858424876,6875.1503999999995,6875.1503999999995,23375.511359999997,0.5729291999999999,0.6997613414614644,3.498806707307322,0.20581215925337187,452.6777731432725,452.6777731432725,0.0,452.6777731432725,452.6777731432725,0.0,646.9030886985649,0.0,646.9030886985649,2199.4705015751206,0.0,5804.76,-0.04605057428575462,304.3691030417507
260,2040,3NB,3,NB,MD,5,OP,MD,3.4,70,12000,1.6,6.5,75,1800,1,4,0.05,0.01,9020.1,0.0,1115.4,0.0,0.0,1.1381832498834479,1.1381832498834479,1.1381832498834479,4.25,2.125,0.17391304347826086,0.17391304347826086,30,5.1709598276824655,0.708,7309.388523847984,0.0,903.8582675912731,0.0,0.0,8213.246791439258,10020.963326621804,1.12,1.2,0.6423694440142182,10020.963326621804,0.0,1.0,292.37554095391937,5262.759737170549,0.0,677.8937006934549,0.0,0.0,6159.935093579444,0.4893049891483326,2.446524945741663,,0.1739130378795435,0.17391301775938442,202.7057743124291,1013.5288715621452,55.289659108638936,62.36444725029638,0.47816706779094675,3.2710944936504753,3.689659210941405,-0.4185647172909297,1.0622616904182967,915.262533521478,6101.750449372587,0.0,0.0,915.262533521478,7005.60871696386,35028.0435848193,915.262533521478,0.50847918528971,4576.31266760739,15559.463069865125,8813.325252146407,44066.62626073204,149826.52928648892,9728.587785667885,48642.93892833943,165385.99235635405,0.8107156488056572,1.6636369631043308,8.318184815521654,0.4893049891483326,1522.6645817108474,1522.6645817108474,0.0,7613.322908554237,7613.322908554237,0.0,4576.31266760739,0.0,4576.31266760739,15559.463069865125,0.0,41066.233957196295,-0.11344264967607516,238.4773815440342
261,2040,3NB,3,NB,PM-Shoulder,1,OP,PM,3.4,70,12000,1.6,6.5,75,1800,1,4,0.05,0.01,9792.9,0.0,1209.9,0.0,0.0,1.1381832498834479,1.1381832498834479,1.1381832498834479,4.25,2.125,0.17391304347826086,0.17391304347826086,30,5.169709595615811,0.592,9493.791244529013,0.0,1172.9455040647463,0.0,0.0,10666.73674859376,13012.627756723252,1.12,1.2,0.8341428049181572,13012.627756723252,0.0,1.0,379.75164978116055,6835.529696060888,0.0,879.7091280485597,0.0,0.0,8000.05256144532,1.672402252470688,8.362011262353441,,0.1739130166108663,0.17391303351217524,101.34808594881089,506.7404297440545,28.532327458213235,47.570045100338206,0.6196667301637722,4.288413003807508,7.149784759016466,-2.8613717552089577,5.80263369128113,1188.7875895751072,7925.252005172745,0.0,0.0,1188.7875895751072,9098.197509237492,9098.197509237492,1188.7875895751072,0.6604375497639484,1188.7875895751072,4041.8778045553645,11444.088517366985,11444.088517366985,38909.90095904775,12632.876106942093,12632.876106942093,42951.77876360311,1.0527396755785077,5.686167658400339,28.4308382920017,1.672402252470688,6759.64554454967,6759.64554454967,0.0,6759.64554454967,6759.64554454967,0.0,1188.7875895751072,0.0,1188.7875895751072,4041.8778045553645,0.0,10666.73674859376,-0.4002039014671781,119.23304229271868
262,2040,3NB,3,NB,PM-Peak,3,Peak,PM,3.4,70,12000,1.6,6.5,75,1800,1,4,0.05,0.01,8530.7,0.0,1054.0,0.0,0.0,1.1381832498834479,1.1381832498834479,1.1381832498834479,4.25,2.125,0.17391304347826086,0.17391304347826086,30,5.169709595615811,0.592,9845.369911385475,0.0,1216.4324013973403,0.0,0.0,11061.802312782815,13494.667115577497,1.12,1.2,0.8650427638190703,13494.667115577497,0.0,1.0,393.814796455419,7088.666336197542,0.0,912.3243010480053,0.0,0.0,8296.351734587111,1.4167676309018953,7.083838154509476,,0.17391300862144307,0.17391300724756775,65.58900520215107,327.9450260107554,24.639085442404813,44.99369287144953,1.0041913590239195,4.533968807202463,8.279528088689045,-3.7455592814865817,7.350382052932564,1232.8112896416562,8218.743825288399,0.0,0.0,1232.8112896416562,9435.176226685739,28305.528680057214,1232.8112896416562,0.6848951609120313,3698.433868924969,12574.675154344894,11868.04102948042,35604.123088441265,121054.0185007003,13100.852319122077,39302.556957366236,133628.6936550452,1.0917376932601732,4.817009945066443,24.08504972533222,1.4167676309018953,5938.464242594046,5938.464242594046,0.0,17815.392727782135,17815.392727782135,0.0,3698.433868924969,0.0,3698.433868924969,12574.675154344894,0.0,33185.406938348446,-0.45238801552029545,77.16353553194244
263,2040,3NB,3,NB,PM-Late,3,OP,PM,3.4,70,12000,1.6,6.5,75,1800,1,4,0.05,0.01,8802.7,0.0,1088.1,0.0,0.0,1.1381832498834479,1.1381832498834479,1.1381832498834479,4.25,2.125,0.17391304347826086,0.17391304347826086,30,5.169709595615811,0.592,7710.315494098868,0.0,953.0705680221952,0.0,0.0,8663.386062121062,10569.527198165453,1.12,1.2,0.6775337947541957,10569.527198165453,0.0,1.0,308.41261976395475,5551.427155751186,0.0,714.8029260166463,0.0,0.0,6497.539546590797,0.22081828336006562,1.1040914168003282,,0.17391302158722927,0.17391297753003898,62.949198826598774,314.74599413299387,50.86533318206451,59.959024300880436,0.5038986427774362,3.402323543096822,4.01059006671231,-0.6082665236154878,1.501936962824437,965.4654707780867,6436.437403556827,0.0,0.0,965.4654707780867,7389.5079715790225,22168.523914737067,965.4654707780867,0.536369705987826,2896.3964123342603,9847.747801936484,9295.649107623412,27886.947322870237,94815.62089775881,10261.114578401499,30783.343735204497,104663.36869969529,0.8550928815334582,0.7507821634242231,3.7539108171211155,0.22081828336006562,724.854254862158,724.854254862158,0.0,2174.562764586474,2174.562764586474,0.0,2896.3964123342603,0.0,2896.3964123342603,9847.747801936484,0.0,25990.158186363187,-0.15166509503528383,74.05788097246914
264,2040,3SB,3,SB,Night,8,OP,NT,3.4,70,12000,1.6,5.0,75,1800,1,4,0.05,0.01,3059.4,0.0,377.9,0.0,0.0,1.1381832498834479,1.1381832498834479,1.1381832498834479,4.25,2.125,0.17391304347826086,0.17391304347826086,30,5.129702169482871,0.708,1835.64,0.0,226.73999999999998,0.0,0.0,2062.38,2515.86,1.12,1.2,0.16127307692307694,2515.86,0.0,1.0,73.4256,1321.6608,0.0,170.05499999999998,0.0,0.0,1546.785,0.17397587455575633,0.8698793727787817,,0.1739130202060132,0.1739130303013598,156.0947329538376,780.473664769188,69.97191177459442,74.93960592947838,0.0,2.722192056787347,2.915455571046279,-0.19326351425893185,0.0016027037619733423,229.8540214158956,1532.3603785841044,0.0,0.0,229.8540214158956,1759.1003785841044,14072.803028672835,229.8540214158956,0.12769667856438643,1838.8321713271648,6252.02938251236,2212.5803785841044,17700.643028672835,60182.18629748764,2442.4344,19539.4752,66434.21568000001,0.2035362,0.5915179734895715,2.9575898674478576,0.17397587455575633,135.96278494635914,135.96278494635914,0.0,1087.702279570873,1087.702279570873,0.0,1838.8321713271648,0.0,1838.8321713271648,6252.02938251236,0.0,16499.04,-0.06628930180869631,183.64086229863244
265,2040,3SB,3,SB,AM-Early,1,OP,AM,3.4,70,12000,1.6,5.0,75,1800,1,4,0.05,0.01,8251.8,0.0,1019.8,0.0,0.0,1.1381832498834479,1.1381832498834479,1.1381832498834479,4.25,2.125,0.17391304347826086,0.17391304347826086,30,5.194714236948899,0.715,7662.271022626726,0.0,946.94296867044,0.0,0.0,8609.213991297167,10503.099928638047,1.12,1.2,0.6732756364511568,10503.099928638047,0.0,1.0,306.49084090506904,5516.835136291243,0.0,710.20722650283,0.0,0.0,6456.910493472875,0.9372090234835952,4.686045117417976,,0.17391303972526662,0.1739130069697983,160.51902746068433,802.5951373034217,46.38586602868522,60.257418069583096,0.5005015936047176,3.3854752914309763,4.397891372209059,-1.0124160807780824,2.032539751354981,959.4495682155656,6396.330613506092,0.0,0.0,959.4495682155656,7343.273582176532,7343.273582176532,959.4495682155656,0.5330275378975364,959.4495682155656,3262.128531932923,9237.159519517412,9237.159519517412,31406.3423663592,10196.609087732977,10196.609087732977,34668.47089829212,0.8497174239777481,3.1865106798442238,15.932553399221117,0.9372090234835952,3057.296295890829,3057.296295890829,0.0,3057.296295890829,3057.296295890829,0.0,959.4495682155656,0.0,959.4495682155656,3262.128531932923,0.0,8609.213991297167,-0.23020488572675826,188.84591465962862
266,2040,3SB,3,SB,AM-Peak,2,Peak,AM,3.4,70,12000,1.6,5.0,75,1800,1,4,0.05,0.01,11018.8,0.0,1362.4,0.0,0.0,1.1381832498834479,1.1381832498834479,1.1381832498834479,4.25,2.125,0.17391304347826086,0.17391304347826086,30,5.194714236948899,0.715,9321.97402260106,0.0,1152.5989589058413,0.0,0.0,10474.5729815069,12779.770899318584,1.12,1.2,0.8192160832896528,12779.770899318584,0.0,1.0,372.8789609040424,6711.821296272763,0.0,864.449219179381,0.0,0.0,7855.929736130176,1.453811424915943,7.2690571245797155,,0.17391304277686384,0.17391303574349243,93.59441588981744,467.97207944908723,29.688451100202702,48.82813361542672,0.9525780951669056,4.177919262831467,6.871358809237682,-2.693439546406215,5.421190140084197,1167.2732642093508,7781.821797487667,0.0,0.0,1167.2732642093508,8934.420756393509,17868.841512787018,1167.2732642093508,0.6484851467829726,2334.5465284187017,7937.4581966235855,11239.61867420519,22479.23734841038,76429.40698459529,12406.891938414541,24813.783876829082,84366.86518121888,1.033907661534545,4.942958844714206,24.714794223571033,1.453811424915943,5769.783705522033,5769.783705522033,0.0,11539.567411044067,11539.567411044067,0.0,2334.5465284187017,0.0,2334.5465284187017,7937.4581966235855,0.0,20949.1459630138,-0.3919806287491817,110.11107751743226
267,2040,3SB,3,SB,AM-Shoulder,1,OP,AM,3.4,70,12000,1.6,5.0,75,1800,1,4,0.05,0.01,9794.1,0.0,1211.0,0.0,0.0,1.1381832498834479,1.1381832498834479,1.1381832498834479,4.25,2.125,0.17391304347826086,0.17391304347826086,30,5.194714236948899,0.715,8861.043008484912,0.0,1095.6313579885061,0.0,0.0,9956.674366473419,12147.93708245043,1.12,1.2,0.7787139155416942,12147.93708245043,0.0,1.0,354.4417203393965,6379.950966109136,0.0,821.7235184913795,0.0,0.0,7467.505774855064,0.805520993483521,4.027604967417605,,0.17391304253764214,0.17391303673936814,67.31513969099998,336.57569845499984,34.08387403449036,52.17046373085684,0.5795372705829903,3.9102585143275577,5.98523512302525,-2.074976608697692,4.207200689973164,1109.5566837570093,7397.044604388506,0.0,0.0,1109.5566837570093,8492.675962377012,8492.675962377012,1109.5566837570093,0.6164203798650052,1109.5566837570093,3772.4927247738315,10683.938678354025,10683.938678354025,36325.391506403685,11793.495362111034,11793.495362111034,40097.884231177515,0.9827912801759195,2.7387713778439715,13.693856889219855,0.805520993483521,3038.8220875691723,3038.8220875691723,0.0,3038.8220875691723,3038.8220875691723,0.0,1109.5566837570093,0.0,1109.5566837570093,3772.4927247738315,0.0,9956.674366473419,-0.34668255566355943,79.19428198941173
268,2040,3SB,3,SB,MD,5,OP,MD,3.4,70,12000,1.6,5.0,75,1800,1,4,0.05,0.01,9107.7,0.0,1125.7,0.0,0.0,1.1381832498834479,1.1381832498834479,1.1381832498834479,4.25,2.125,0.17391304347826086,0.17391304347826086,30,5.1709598276824655,0.708,6845.988943867611,0.0,846.1554238843802,0.0,0.0,7692.144367751991,9384.455215520751,1.12,1.2,0.601567642020561,9384.455215520751,0.0,1.0,273.83955775470446,4929.11203958468,0.0,634.6165679132852,0.0,0.0,5769.108275813993,0.22208219780752014,1.1104109890376006,,0.1739130106049922,0.17391303248515116,62.6099018377847,313.0495091889235,54.26770264377236,64.88387220501278,0.4473085423936537,3.1440786911641725,3.7591419953615928,-0.6150633041974203,1.1574531050739538,857.2367144134852,5714.9126716994215,0.0,0.0,857.2367144134852,6561.068095583802,32805.34047791901,857.2367144134852,0.4762426191186029,4286.183572067426,14573.024145029249,8253.378943352562,41266.89471676281,140307.44203699354,9110.615657766048,45553.078288830235,154880.4661820228,0.759217971480504,0.7550794725455685,3.775397362727842,0.22208219780752014,647.2818461660305,647.2818461660305,0.0,3236.4092308301524,3236.4092308301524,0.0,4286.183572067426,0.0,4286.183572067426,14573.024145029249,0.0,38460.72183875996,-0.16361800244745933,73.65870804445258
269,2040,3SB,3,SB,PM-Shoulder,1,OP,PM,3.4,70,12000,1.6,5.0,75,1800,1,4,0.05,0.01,6067.7,0.0,750.1,0.0,0.0,1.1381832498834479,1.1381832498834479,1.1381832498834479,4.25,2.125,0.17391304347826086,0.17391304347826086,30,5.169709595615811,0.592,6385.8691913505,0.0,789.4326483563806,0.0,0.0,7175.301839706881,8754.16713641964,1.12,1.2,0.5611645600269001,8754.16713641964,0.0,1.0,255.43476765402,4597.82581777236,0.0,592.0744862672855,0.0,0.0,5381.476379780161,0.22017011995979388,1.1008505997989695,,0.17391300670568763,0.17391292822162313,81.22515394007188,406.12576970035946,58.10182488412495,67.0819458413598,0.4174454529280367,3.0410566873303564,3.511077326862732,-0.47002063953237583,0.817604509230515,799.6217122778281,5330.812711418652,0.0,0.0,799.6217122778281,6120.245359775033,6120.245359775033,799.6217122778281,0.4442342845987934,799.6217122778281,2718.7138217446154,7699.110656487794,7699.110656487794,26176.9762320585,8498.732368765623,8498.732368765623,28895.690053803115,0.7082276973971352,0.7485784078632992,3.742892039316496,0.22017011995979388,598.5795482698617,598.5795482698617,0.0,598.5795482698617,598.5795482698617,0.0,799.6217122778281,0.0,799.6217122778281,2718.7138217446154,0.0,7175.301839706881,-0.13386792593154176,95.55900463537867
270,2040,3SB,3,SB,PM-Peak,3,Peak,PM,3.4,70,12000,1.6,5.0,75,1800,1,4,0.05,0.01,8287.1,0.0,1024.4,0.0,0.0,1.1381832498834479,1.1381832498834479,1.1381832498834479,4.25,2.125,0.17391304347826086,0.17391304347826086,30,5.169709595615811,0.592,6048.40147908086,0.0,747.665947698282,0.0,0.0,6796.067426779142,8291.399322175705,1.12,1.2,0.5314999565497247,8291.399322175705,0.0,1.0,241.9360591632344,4354.849064938219,0.0,560.7494607737115,0.0,0.0,5097.050570084357,0.2501716924935731,1.2508584624678654,,0.17391304237803756,0.17391303536451724,111.01133723080297,555.0566861540149,60.54935911951232,68.49353581475371,0.6176857051814326,2.9783832528624954,3.3691520928792134,-0.39076884001671797,0.6231669386730937,757.3650499805577,5049.100369937067,0.0,0.0,757.3650499805577,5796.766317635349,17390.298952906047,757.3650499805577,0.42075836110030984,2272.0951499416733,7725.123509801689,7292.098213031913,21876.294639095737,74379.4017729255,8049.463263012471,24148.38978903741,82104.52528272719,0.6707886052510392,0.8505837544781484,4.252918772390742,0.2501716924935731,644.2024077229933,644.2024077229933,0.0,1932.6072231689798,1932.6072231689798,0.0,2272.0951499416733,0.0,2272.0951499416733,7725.123509801689,0.0,20388.202280337428,-0.11598432758278192,130.60157321270935
271,2040,3SB,3,SB,PM-Late,3,OP,PM,3.4,70,12000,1.6,5.0,75,1800,1,4,0.05,0.01,7538.2,0.0,932.2,0.0,0.0,1.1381832498834479,1.1381832498834479,1.1381832498834479,4.25,2.125,0.17391304347826086,0.17391304347826086,30,5.169709595615811,0.592,4522.92,0.0,559.32,0.0,0.0,5082.24,6200.88,1.12,1.2,0.3974923076923077,6200.88,0.0,1.0,180.9168,3256.5024000000003,0.0,419.49,0.0,0.0,3811.68,0.19291219708534962,0.9645609854267481,,0.1739130420967261,0.17391303167980093,152.10872925928004,760.5436462964002,67.53382299468427,72.83649610483374,0.2959200583030913,2.800793707956274,3.020708601319035,-0.21991489336276082,0.14579935523564916,566.3482389792896,3775.6549610207103,0.0,0.0,566.3482389792896,4334.97496102071,13004.924883062129,566.3482389792896,0.31463791054404977,1699.0447169378688,5776.752037588753,5453.61496102071,16360.844883062131,55626.87260241125,6019.9632,18059.8896,61403.62464,0.5016636,0.6559014700901887,3.2795073504509435,0.19291219708534962,371.4686425295056,371.4686425295056,0.0,1114.4059275885168,1114.4059275885168,0.0,1699.0447169378688,0.0,1699.0447169378688,5776.752037588753,0.0,15246.72,-0.07280241903066449,178.95144618738826
272,2040,4NB,4,NB,Night,8,OP,NT,4.4,70,12000,1.6,6.5,75,1800,1,4,0.05,0.01,3518.1,0.0,434.8,0.0,0.0,1.1381832498834479,1.1381832498834479,1.1381832498834479,4.25,2.125,0.17391304347826086,0.17391304347826086,30,5.129702169482871,0.708,2571.852129655474,0.0,317.8537579870385,0.0,0.0,2889.7058876425126,3525.4134036165897,1.12,1.2,0.22598803869337114,3525.4134036165897,0.0,1.0,102.87408518621896,1851.7335333519413,0.0,238.39031849027884,0.0,0.0,2167.2794157318845,0.13878102694502278,0.693905134725114,,0.17391303631007016,0.17391303296299376,128.8871542440183,644.4357712200915,69.97906568913692,74.76781634457566,0.0,3.5309309928663306,3.772556798239471,-0.2416258053731406,0.0015456707309328046,322.04060122241066,2146.9374432468444,0.0,0.0,322.04060122241066,2464.791201233883,19718.329609871063,322.04060122241066,0.17891144512356147,2576.3248097792853,11335.829163028857,3100.49871720796,24803.98973766368,109137.5548457202,3422.5393184303707,27380.314547442966,120473.38400874905,0.2852116098691976,0.6106365185581003,3.0531825927905016,0.13878102694502278,196.64975156481034,196.64975156481034,0.0,1573.1980125184828,1573.1980125184828,0.0,2576.3248097792853,0.0,2576.3248097792853,11335.829163028857,0.0,23117.6471011401,-0.06404828828180915,151.63194616943326
273,2040,4NB,4,NB,AM-Early,1,OP,AM,4.4,70,12000,1.6,6.5,75,1800,1,4,0.05,0.01,3371.3,0.0,416.6,0.0,0.0,1.1381832498834479,1.1381832498834479,1.1381832498834479,4.25,2.125,0.17391304347826086,0.17391304347826086,30,5.194714236948899,0.715,2571.9803487681984,0.0,317.82606510747524,0.0,0.0,2889.8064138756736,3525.458544090624,1.12,1.2,0.22599093231350154,3525.458544090624,0.0,1.0,102.87921395072794,1851.825851113103,0.0,238.36954883060645,0.0,0.0,2167.354810406755,0.19977797055598603,0.9988898527799301,,0.17391303352744591,0.1739130273657695,185.53717200003854,927.6858600001927,69.97906445377376,74.76777019386539,0.0,3.530933172347848,3.7725568648376417,-0.24162369248979365,0.0015457619704268163,322.05665133162415,2147.0444834858463,0.0,0.0,322.05665133162415,2464.8705485933215,2464.8705485933215,322.05665133162415,0.17892036185090232,322.05665133162415,1417.0492658591463,3100.522678808272,3100.522678808272,13642.299786756397,3422.5793301398962,3422.5793301398962,15059.349052615544,0.28521494417832466,0.8790230704463387,4.395115352231693,0.19977797055598603,283.09522651119016,283.09522651119016,0.0,283.09522651119016,283.09522651119016,0.0,322.05665133162415,0.0,322.05665133162415,1417.0492658591463,0.0,2889.8064138756736,-0.06404772708447758,218.27902588239832
274,2040,4NB,4,NB,AM-Peak,2,Peak,AM,4.4,70,12000,1.6,6.5,75,1800,1,4,0.05,0.01,6952.0,0.0,859.3,0.0,0.0,1.1381832498834479,1.1381832498834479,1.1381832498834479,4.25,2.125,0.17391304347826086,0.17391304347826086,30,5.194714236948899,0.715,4171.2,0.0,515.5799999999999,0.0,0.0,4686.78,5717.94,1.12,1.2,0.36653461538461535,5717.94,0.0,1.0,166.84799999999998,3003.264,0.0,386.68499999999995,0.0,0.0,3515.085,0.19776774951239048,0.9888387475619524,,0.17391298751623757,0.17391276229595337,219.75088033675195,1098.7544016837596,69.51784306895314,73.42237036826668,0.5511635144830189,3.5956343914783417,3.7975861785318124,-0.2019517870534706,0.035835921731440554,522.3066145399657,3482.045385460034,0.0,0.0,522.3066145399657,3997.625385460034,7995.250770920068,522.3066145399657,0.29017034141109205,1044.6132290799314,4596.298207951699,5028.785385460034,10057.570770920069,44253.31139204831,5551.092000000001,11102.184000000001,48849.60960000001,0.46259100000000003,0.8701780978545182,4.350890489272591,0.19776774951239048,454.4997763372204,454.4997763372204,0.0,908.9995526744408,908.9995526744408,0.0,1044.6132290799314,0.0,1044.6132290799314,4596.298207951699,0.0,9373.56,-0.053178987272264444,258.5304474550023
275,2040,4NB,4,NB,AM-Shoulder,1,OP,AM,4.4,70,12000,1.6,6.5,75,1800,1,4,0.05,0.01,7947.9,0.0,982.3,0.0,0.0,1.1381832498834479,1.1381832498834479,1.1381832498834479,4.25,2.125,0.17391304347826086,0.17391304347826086,30,5.194714236948899,0.715,4768.74,0.0,589.38,0.0,0.0,5358.12,6536.879999999999,1.12,1.2,0.4190307692307692,6536.879999999999,0.0,1.0,190.7496,3433.4928,0.0,442.03499999999997,0.0,0.0,4018.59,0.20581215925337187,1.0290607962668594,,0.17391304117777603,0.17391301007229398,250.10801927654558,1250.540096382728,68.86000639617845,72.34445991332244,0.40317238752658824,3.649208250587598,3.833865458581359,-0.18465720799376095,0.08553853539931885,597.1291747099975,3980.861225290002,0.0,0.0,597.1291747099975,4570.241225290002,4570.241225290002,597.1291747099975,0.33173843039444306,597.1291747099975,2627.3683687239895,5749.0012252900015,5749.0012252900015,25295.605391276007,6346.130399999999,6346.130399999999,27922.973759999997,0.5288441999999999,0.9055735007148363,4.527867503574182,0.20581215925337187,540.7443571210936,540.7443571210936,0.0,540.7443571210936,540.7443571210936,0.0,597.1291747099975,0.0,597.1291747099975,2627.3683687239895,0.0,5358.12,-0.048164759558904674,294.2447285606419
276,2040,4NB,4,NB,MD,5,OP,MD,4.4,70,12000,1.6,6.5,75,1800,1,4,0.05,0.01,8326.9,0.0,1028.9,0.0,0.0,1.1381832498834479,1.1381832498834479,1.1381832498834479,4.25,2.125,0.17391304347826086,0.17391304347826086,30,5.1709598276824655,0.708,5475.822140545262,0.0,676.6111518580769,0.0,0.0,6152.433292403339,7505.655596119494,1.12,1.2,0.4811317689820188,7505.655596119494,0.0,1.0,219.0328856218105,3942.591941192589,0.0,507.4583638935577,0.0,0.0,4614.3249693025045,0.4893049891483326,2.446524945741663,,0.1441051771219353,0.1441052174996302,373.4914937405507,1867.4574687027537,66.95861802793779,72.35352594316544,0.9912529529575395,3.6487509980837034,3.942733702924525,-0.29398270484082145,0.23468803014945638,568.1479100050727,4688.641344918379,0.0,0.0,568.1479100050727,5365.252496776457,26826.26248388228,568.1479100050727,0.31563772778059596,2840.7395500253638,12499.2540201116,6718.47480049261,33592.374002463046,147806.44561083743,7286.622710497682,36433.11355248841,160305.69963094904,0.6072185592081402,2.1529419522526636,10.764709761263317,0.4893049891483326,1223.189470534592,1223.189470534592,0.0,6115.94735267296,6115.94735267296,0.0,2840.7395500253638,0.0,2840.7395500253638,12499.2540201116,0.0,30762.166462016692,-0.07456316530400205,439.40175734182435
277,2040,4NB,4,NB,PM-Shoulder,1,OP,PM,4.4,70,12000,1.6,6.5,75,1800,1,4,0.05,0.01,9038.3,0.0,1117.7,0.0,0.0,1.1381832498834479,1.1381832498834479,1.1381832498834479,4.25,2.125,0.17391304347826086,0.17391304347826086,30,5.169709595615811,0.592,7839.606694899164,0.0,969.4664265280857,0.0,0.0,8809.07312142725,10748.005974483422,1.12,1.2,0.6889747419540655,10748.005974483422,0.0,1.0,313.5842677959666,5644.516820327398,0.0,727.0998198960642,0.0,0.0,6606.804841070437,1.672402252470688,8.362011262353441,,0.15994251631546358,0.15994258799575567,316.8943497914706,1584.4717489573532,48.544327740432884,62.058320539197986,1.0184481362653341,4.254062915435317,5.438328478079071,-1.1842655626437537,2.283652872111185,902.7982236281234,6623.224203475074,0.0,0.0,902.7982236281234,7592.69063000316,7592.69063000316,902.7982236281234,0.5015545686822908,902.7982236281234,3972.3121839637433,9531.623483059331,9531.623483059331,41939.14332546106,10434.421706687455,10434.421706687455,45911.455509424806,0.8695351422239546,7.3585699108710285,36.79284955435514,1.6724022524706879,6643.303843977723,6643.303843977723,0.0,6643.303843977723,6643.303843977723,0.0,902.7982236281234,0.0,902.7982236281234,3972.3121839637433,0.0,8809.07312142725,-0.21776278638138838,372.81688210761246
278,2040,4NB,4,NB,PM-Peak,3,Peak,PM,4.4,70,12000,1.6,6.5,75,1800,1,4,0.05,0.01,7875.1,0.0,973.1,0.0,0.0,1.1381832498834479,1.1381832498834479,1.1381832498834479,4.25,2.125,0.17391304347826086,0.17391304347826086,30,5.169709595615811,0.592,8053.368733184974,0.0,995.128076375195,0.0,0.0,9048.496809560169,11038.752962310558,1.12,1.2,0.707612369378882,11038.752962310558,0.0,1.0,322.134749327399,5798.4254878931815,0.0,746.3460572813963,0.0,0.0,6786.372607170127,1.4167676309018953,7.083838154509476,,0.1739130229197877,0.17391277737563493,293.8454492085945,1469.2272460429726,46.70171308276068,57.755929769549894,1.0632919887842984,4.570959225370936,5.652897561426973,-1.0819383360560364,2.5776125162978096,1008.421704774648,6722.8122790829275,0.0,0.0,1008.421704774648,7717.940355458122,23153.821066374367,1008.421704774648,0.5602342804303599,3025.265114323944,13311.166503025355,9708.196508208512,29124.589524625535,128148.19390835236,10716.61821298316,32149.85463894948,141459.3604113777,0.8930515177485966,6.23377757596834,31.168887879841698,1.4167676309018953,6286.276610343965,6286.276610343965,0.0,18858.829831031897,18858.829831031897,0.0,3025.265114323944,0.0,3025.265114323944,13311.166503025355,0.0,27145.490428680507,-0.19139535508988073,345.70052848069946
279,2040,4NB,4,NB,PM-Late,3,OP,PM,4.4,70,12000,1.6,6.5,75,1800,1,4,0.05,0.01,8124.4,0.0,1003.9,0.0,0.0,1.1381832498834479,1.1381832498834479,1.1381832498834479,4.25,2.125,0.17391304347826086,0.17391304347826086,30,5.169709595615811,0.592,5420.5580252658965,0.0,669.7969328891282,0.0,0.0,6090.354958155025,7429.948823933281,1.12,1.2,0.47627877076495395,7429.948823933281,0.0,1.0,216.82232101063587,3902.801778191445,0.0,502.3476996668462,0.0,0.0,4567.766218616269,0.22081828336006562,1.1040914168003282,,0.17391303935017438,0.1739129403861033,276.435872849777,1382.1793642488851,67.4337678890828,70.66947221295113,0.4580289138336704,3.7357007450753033,3.9149525269629835,-0.1792517818876802,0.1966278190821448,678.7481192265393,4524.987585028721,0.0,0.0,678.7481192265393,5194.784517917849,15584.353553753548,678.7481192265393,0.3770822884591885,2036.244357679618,8959.475173790319,6534.378383696106,19603.135151088318,86253.7946647886,7213.126502922645,21639.379508767935,95213.26983857891,0.6010938752435537,0.9716004467842888,4.858002233921445,0.22081828336006562,659.4719758945013,659.4719758945013,0.0,1978.415927683504,1978.415927683504,0.0,2036.244357679618,0.0,2036.244357679618,8959.475173790319,0.0,18271.064874465075,-0.04578645096029668,325.21867394091413
280,2040,4SB,4,SB,Night,8,OP,NT,4.4,70,12000,1.6,5.0,75,1800,1,4,0.05,0.01,2825.0,0.0,349.4,0.0,0.0,1.1381832498834479,1.1381832498834479,1.1381832498834479,4.25,2.125,0.17391304347826086,0.17391304347826086,30,5.129702169482871,0.708,1695.0,0.0,209.64,0.0,0.0,1904.6399999999999,2323.92,1.12,1.2,0.14896923076923077,2323.92,0.0,1.0,67.8,1220.4,0.0,157.23,0.0,0.0,1428.48,0.17397587455575633,0.8698793727787817,,0.17391300599760723,0.17391303114785184,155.92092901470266,779.6046450735133,69.98110566740381,74.95608443848079,0.0,3.5220623112547256,3.7724468266434865,-0.25038451538876094,0.0013950096444335287,212.24343251947988,1414.95656748052,0.0,0.0,212.24343251947988,1624.5965674805202,12996.772539844162,212.24343251947988,0.11791301806637772,1697.947460155839,7470.968824685692,2043.87656748052,16351.01253984416,71944.4551753143,2256.12,18048.96,79415.424,0.18800999999999998,0.7654938480453279,3.8274692402266397,0.17397587455575633,162.47104188168555,162.47104188168555,0.0,1299.7683350534844,1299.7683350534844,0.0,1697.947460155839,0.0,1697.947460155839,7470.968824685692,0.0,15237.119999999999,-0.06637191374584309,183.4363870761208
281,2040,4SB,4,SB,AM-Early,1,OP,AM,4.4,70,12000,1.6,5.0,75,1800,1,4,0.05,0.01,7617.9,0.0,941.3,0.0,0.0,1.1381832498834479,1.1381832498834479,1.1381832498834479,4.25,2.125,0.17391304347826086,0.17391304347826086,30,5.194714236948899,0.715,9141.48,0.0,1129.56,0.0,0.0,10271.039999999999,12530.16,1.12,1.2,0.8032153846153846,12530.16,0.0,1.0,365.6592,6581.865599999999,0.0,847.17,0.0,0.0,7703.279999999999,0.9372090234835952,4.686045117417976,,0.17391304250831002,0.1739130367529768,66.84529661916646,334.2264830958323,31.387469922560545,50.14450498680921,0.7724119327142014,5.264784248432538,8.410999696737049,-3.1462154483045106,6.356212441672617,1144.6722718767833,7631.148528123216,0.0,0.0,1144.6722718767833,8760.708528123216,8760.708528123216,1144.6722718767833,0.6359290399315463,1144.6722718767833,5036.557996257847,11019.828528123217,11019.828528123217,48487.24552374216,12164.5008,12164.5008,53523.80352000001,1.0137084,4.1237197033278195,20.618598516639096,0.9372090234835952,4720.30760139131,4720.30760139131,0.0,4720.30760139131,4720.30760139131,0.0,1144.6722718767833,0.0,1144.6722718767833,5036.557996257847,0.0,10271.039999999999,-0.37405963164224687,78.6415254343135
282,2040,4SB,4,SB,AM-Peak,2,Peak,AM,4.4,70,12000,1.6,5.0,75,1800,1,4,0.05,0.01,10170.8,0.0,1256.6,0.0,0.0,1.1381832498834479,1.1381832498834479,1.1381832498834479,4.25,2.125,0.17391304347826086,0.17391304347826086,30,5.194714236948899,0.715,11561.056154905396,0.0,1428.3658280817756,0.0,0.0,12989.421982987173,15846.153639150723,1.12,1.2,1.0157790794327386,15846.153639150723,0.0,1.0,462.4422461962159,8323.960431531885,0.0,1071.2743710613317,0.0,0.0,9742.06648724038,1.453811424915943,7.2690571245797155,,0.173913032367074,0.17391296529449132,30.219592232887457,151.0979611644373,14.058340726575688,33.068624408540124,1.5258761205872398,7.98339830343293,18.778887575326593,-10.795489271893663,20.560218835340294,1447.645199951248,9650.968708757931,0.0,0.0,1447.645199951248,11079.334536839708,22158.669073679415,1447.645199951248,0.8042473333062489,2895.290399902496,12739.277759570983,13936.066193003258,27872.132386006517,122637.38249842868,15383.711392954507,30767.422785909013,135376.66025799967,1.2819759494128755,6.39677026963015,31.98385134815075,1.453811424915943,9260.253776020938,9260.253776020938,0.0,18520.507552041876,18520.507552041876,0.0,2895.290399902496,0.0,2895.290399902496,12739.277759570983,0.0,25978.843965974345,-0.5748737367211121,35.55246145045584
283,2040,4SB,4,SB,AM-Shoulder,1,OP,AM,4.4,70,12000,1.6,5.0,75,1800,1,4,0.05,0.01,9040.6,0.0,1117.7,0.0,0.0,1.1381832498834479,1.1381832498834479,1.1381832498834479,4.25,2.125,0.17391304347826086,0.17391304347826086,30,5.194714236948899,0.715,10848.72,0.0,1341.24,0.0,0.0,12189.96,14872.439999999999,1.12,1.2,0.9533615384615384,14872.439999999999,0.0,1.0,433.9488,7811.078399999999,0.0,1005.9300000000001,0.0,0.0,9142.47,0.805520993483521,4.027604967417605,,0.17391303685143583,0.1739129922873276,23.411426558444944,117.0571327922247,17.956894238781892,37.81744808936446,0.9179439554835631,6.98090467067358,14.701874193246264,-7.720969522572684,14.974710501890241,1358.4483656286543,9056.322834371345,0.0,0.0,1358.4483656286543,10397.562834371345,10397.562834371345,1358.4483656286543,0.7546935364603635,1358.4483656286543,5977.1728087660795,13080.042834371347,13080.042834371347,57552.18847123393,14438.4912,14438.4912,63529.36128000001,1.2032076,3.5442923713274928,17.721461856637465,0.8055209934835211,4814.73817913994,4814.73817913994,0.0,4814.73817913994,4814.73817913994,0.0,1358.4483656286543,0.0,1358.4483656286543,5977.1728087660795,0.0,12189.96,-0.5251690649155152,27.542854774641114
284,2040,4SB,4,SB,MD,5,OP,MD,4.4,70,12000,1.6,5.0,75,1800,1,4,0.05,0.01,8406.6,0.0,1039.2,0.0,0.0,1.1381832498834479,1.1381832498834479,1.1381832498834479,4.25,2.125,0.17391304347826086,0.17391304347826086,30,5.1709598276824655,0.708,7345.781804201089,0.0,908.0646695365274,0.0,0.0,8253.846473737616,10069.97581281067,1.12,1.2,0.645511270051966,10069.97581281067,0.0,1.0,293.83127216804354,5288.962899024784,0.0,681.0485021523955,0.0,0.0,6190.384855303212,0.22208219780752014,1.1104109890376006,,0.17391301187436067,0.17391302986706034,46.16897757789078,230.84488788945387,49.55977566096831,62.1543420724481,0.6213688298330932,4.247490862219688,5.32690062614464,-1.0794097639249527,2.130996714961015,919.8194674611503,6132.131064571895,0.0,0.0,919.8194674611503,7040.195734108423,35200.978670542114,919.8194674611503,0.5110108152561946,4599.097337305751,20236.028284145308,8856.325073181477,44281.625365907385,194839.15160999252,9776.144540642626,48880.722703213134,215075.17989413784,0.8146787117202189,0.9771616703530888,4.885808351765443,0.22208219780752014,898.8123272476263,898.8123272476263,0.0,4494.0616362381315,4494.0616362381315,0.0,4599.097337305751,0.0,4599.097337305751,20236.028284145308,0.0,41269.232368688085,-0.20263373388780084,54.316444209283276
285,2040,4SB,4,SB,PM-Shoulder,1,OP,PM,4.4,70,12000,1.6,5.0,75,1800,1,4,0.05,0.01,5602.1,0.0,692.0,0.0,0.0,1.1381832498834479,1.1381832498834479,1.1381832498834479,4.25,2.125,0.17391304347826086,0.17391304347826086,30,5.169709595615811,0.592,6038.948393510487,0.0,745.961744401074,0.0,0.0,6784.910137911561,8276.83362671371,1.12,1.2,0.5305662581226737,8276.83362671371,0.0,1.0,241.55793574041948,4348.042843327551,0.0,559.4713083008055,0.0,0.0,5088.682603433671,0.22017011995979388,1.1008505997989695,,0.17391300939018123,0.1739130034051066,98.30561921922813,491.5280960961407,60.62178739067634,68.53061950302485,0.509847399306753,3.8522926235673003,4.354869946322357,-0.502577322755057,0.799314683604486,756.1812158405347,5041.209241929533,0.0,0.0,756.1812158405347,5787.170986330607,5787.170986330607,756.1812158405347,0.4201006754669637,756.1812158405347,3327.197349698353,7279.094475132755,7279.094475132755,32028.015690584125,8035.27569097329,8035.27569097329,35355.21304028248,0.6696063075811075,0.9687485278230932,4.843742639115466,0.22017011995979388,732.5494396129947,732.5494396129947,0.0,732.5494396129947,732.5494396129947,0.0,756.1812158405347,0.0,756.1812158405347,3327.197349698353,0.0,6784.910137911561,-0.11540581669481963,115.65366966968016
286,2040,4SB,4,SB,PM-Peak,3,Peak,PM,4.4,70,12000,1.6,5.0,75,1800,1,4,0.05,0.01,7649.7,0.0,945.8,0.0,0.0,1.1381832498834479,1.1381832498834479,1.1381832498834479,4.25,2.125,0.17391304347826086,0.17391304347826086,30,5.169709595615811,0.592,6701.077134117714,0.0,828.5133735242603,0.0,0.0,7529.590507641975,9186.617254690495,1.12,1.2,0.5888857214545189,9186.617254690495,0.0,1.0,268.0430853647086,4824.7755365647545,0.0,621.3850301431952,0.0,0.0,5647.192880731482,0.2501716924935731,1.2508584624678654,,0.17391300681188798,0.17391292559626234,76.84611431309942,384.2305715654971,55.5283663439589,65.60970383803144,0.8860781048104729,4.023795026597411,4.7543267951501935,-0.7305317685527823,1.3465705664986232,839.0912207564166,5593.942827996589,0.0,0.0,839.0912207564166,6422.4562015208485,19267.368604562544,839.0912207564166,0.46616178930912033,2517.27366226925,11076.004113984702,8079.48294856937,24238.44884570811,106649.17492111569,8918.574169325786,26755.72250797736,117725.17903510039,0.7432145141104821,1.1007554469717216,5.5037772348586085,0.2501716924935731,923.6342317537769,923.6342317537769,0.0,2770.902695261331,2770.902695261331,0.0,2517.27366226925,0.0,2517.27366226925,11076.004113984702,0.0,22588.771522925927,-0.15365619572007233,90.40719330952874
287,2040,4SB,4,SB,PM-Late,3,OP,PM,4.4,70,12000,1.6,5.0,75,1800,1,4,0.05,0.01,6958.9,0.0,860.5,0.0,0.0,1.1381832498834479,1.1381832498834479,1.1381832498834479,4.25,2.125,0.17391304347826086,0.17391304347826086,30,5.169709595615811,0.592,4175.339999999999,0.0,516.3,0.0,0.0,4691.639999999999,5724.239999999999,1.12,1.2,0.3669384615384615,5724.239999999999,0.0,1.0,167.01359999999997,3006.2447999999995,0.0,387.22499999999997,0.0,0.0,3518.7299999999996,0.19291219708534962,0.9645609854267481,,0.17391298703326502,0.17391302336614292,161.63645937810801,808.18229689054,68.32730947925107,73.41623019279162,0.3534613285498887,3.595935112804537,3.8637552394795933,-0.26782012667505617,0.12648753522990017,522.8250129212203,3485.5013870787793,0.0,0.0,522.8250129212203,4001.801387078779,12005.404161236336,522.8250129212203,0.29045834051178904,1568.475038763661,6901.290170560109,5034.401387078779,15103.20416123634,66454.0983094399,5557.2264,16671.6792,73355.38848000001,0.46310219999999996,0.8488136671755384,4.244068335877691,0.19291219708534962,443.78101650875925,443.78101650875925,0.0,1331.3430495262778,1331.3430495262778,0.0,1568.475038763661,0.0,1568.475038763661,6901.290170560109,0.0,14074.919999999998,-0.06931601772764692,190.16054044483298
288,2040,5NB,5,NB,Night,8,OP,NT,3.0,70,8000,1.6,6.5,75,1800,1,4,0.05,0.01,1812.0,0.0,224.2,0.0,0.0,1.1381832498834479,1.1381832498834479,1.1381832498834479,4.25,2.125,0.2448979591836735,0.2448979591836735,30,5.129702169482871,0.708,1779.9175852020624,0.0,220.23042086219778,0.0,0.0,2000.1480060642602,2440.6088477886556,1.12,1.2,0.21039731446453927,2440.6088477886556,0.0,1.0,71.1967034080825,1281.540661345485,0.0,165.17281564664833,0.0,0.0,1500.111004548195,0.11783310825946053,0.5891655412973027,,0.2448979518477024,0.24489794902146494,107.85663427871577,539.283171393579,69.97962115011042,74.84328826692347,0.0,2.4050252757206807,2.5721774002446995,-0.16715212452401884,0.0010258954780955768,313.84668317305926,1394.8741986209207,0.0,0.0,313.84668317305926,1615.1046194831183,12920.836955864947,313.84668317305926,0.17435926842947735,2510.773465384474,7532.320396153422,2055.565461207514,16444.523689660113,49333.57106898034,2369.4121443805734,18955.297155044587,56865.89146513376,0.29617651804757167,0.3534993247783816,1.767496623891908,0.11783310825946054,110.94459058561111,110.94459058561111,0.0,887.5567246848889,887.5567246848889,0.0,2510.773465384474,0.0,2510.773465384474,7532.320396153422,0.0,16001.184048514082,-0.064984679714594,126.89015797495973
289,2040,5NB,5,NB,AM-Early,1,OP,AM,3.0,70,8000,1.6,6.5,75,1800,1,4,0.05,0.01,2632.6,0.0,325.5,0.0,0.0,1.1381832498834479,1.1381832498834479,1.1381832498834479,4.25,2.125,0.2448979591836735,0.2448979591836735,30,5.194714236948899,0.715,1780.2626118763308,0.0,220.1152777352221,0.0,0.0,2000.3778896115527,2440.608445081997,1.12,1.2,0.21039727974844802,2440.608445081997,0.0,1.0,71.21050447505323,1281.789080550958,0.0,165.08645830141657,0.0,0.0,1500.2834172086646,0.11783310825946053,0.5891655412973027,,0.24489795210116103,0.2448979495477422,107.859239759557,539.2961987977851,69.97962496297343,74.84316697459231,0.0,2.4050291733526756,2.572177260098763,-0.16714808674608728,0.0010257034781626835,313.90752085255974,1395.1445865487176,0.0,0.0,313.90752085255974,1615.2598642839398,1615.2598642839398,313.90752085255974,0.17439306714031097,313.90752085255974,941.7225625576792,2055.4904197543838,2055.4904197543838,6166.471259263151,2369.3979406069434,2369.3979406069434,7108.193821820831,0.2961747425758679,0.3534993247783816,1.767496623891908,0.11783310825946054,110.96609666423561,110.96609666423561,0.0,110.96609666423561,110.96609666423561,0.0,313.90752085255974,0.0,313.90752085255974,941.7225625576792,0.0,2000.3778896115527,-0.06498311346538743,126.89322324653764
290,2040,5NB,5,NB,AM-Peak,2,Peak,AM,3.0,70,8000,1.6,6.5,75,1800,1,4,0.05,0.01,5021.7,0.0,620.3,0.0,0.0,1.1381832498834479,1.1381832498834479,1.1381832498834479,4.25,2.125,0.2448979591836735,0.2448979591836735,30,5.194714236948899,0.715,3013.02,0.0,372.17999999999995,0.0,0.0,3385.2,4129.5599999999995,1.12,1.2,0.3559965517241379,4129.5599999999995,0.0,1.0,120.52080000000001,2169.3744,0.0,279.135,0.0,0.0,2538.8999999999996,0.11783310825946053,0.5891655412973027,,0.24489795705577402,0.2448979487487068,117.82393520358742,589.1196760179373,69.38352949332568,73.73230442717734,0.6575745235619078,2.441263722847281,2.594275634497882,-0.15301191165060102,0.031300476404955875,531.2753586490956,2361.223841350904,0.0,0.0,531.2753586490956,2733.403841350904,5466.807682701808,531.2753586490956,0.29515297702727533,1062.550717298191,3187.6521518945733,3477.763841350904,6955.527682701808,20866.58304810542,4009.0391999999993,8018.0783999999985,24054.235199999996,0.5011298999999999,0.3534993247783816,1.767496623891908,0.11783310825946053,187.8054805538478,187.8054805538478,0.0,375.6109611076956,375.6109611076956,0.0,1062.550717298191,0.0,1062.550717298191,3187.6521518945733,0.0,6770.4,-0.058980591582442336,138.61639435716168
291,2040,5NB,5,NB,AM-Shoulder,1,OP,AM,3.0,70,8000,1.6,6.5,75,1800,1,4,0.05,0.01,4720.0,0.0,582.7,0.0,0.0,1.1381832498834479,1.1381832498834479,1.1381832498834479,4.25,2.125,0.2448979591836735,0.2448979591836735,30,5.194714236948899,0.715,2832.0,0.0,349.62,0.0,0.0,3181.62,3880.86,1.12,1.2,0.33455689655172416,3880.86,0.0,1.0,113.28,2039.04,0.0,262.21500000000003,0.0,0.0,2386.215,0.11783310825946053,0.5891655412973027,,0.24489795134206538,0.24489794930458728,116.70555012397088,583.5277506198546,69.58716359481834,74.00689706159261,0.39520405223188515,2.432205742259321,2.586683961543208,-0.15447821928388716,0.020899884457052417,499.356718704525,2219.3632812954747,0.0,0.0,499.356718704525,2568.9832812954746,2568.9832812954746,499.356718704525,0.27742039928029166,499.356718704525,1498.070156113575,3268.223281295475,3268.223281295475,9804.669843886424,3767.58,3767.58,11302.74,0.47094749999999996,0.3534993247783816,1.767496623891908,0.11783310825946053,176.52226288559783,176.52226288559783,0.0,176.52226288559783,176.52226288559783,0.0,499.356718704525,0.0,499.356718704525,1498.070156113575,0.0,3181.62,-0.05972056176191154,137.30064720467163
292,2040,5NB,5,NB,MD,5,OP,MD,3.0,70,8000,1.6,6.5,75,1800,1,4,0.05,0.01,5174.2,0.0,639.7,0.0,0.0,1.1381832498834479,1.1381832498834479,1.1381832498834479,4.25,2.125,0.2448979591836735,0.2448979591836735,30,5.1709598276824655,0.708,3104.52,0.0,383.82,0.0,0.0,3488.34,4255.98,1.12,1.2,0.36689482758620684,4255.98,0.0,1.0,124.1808,2235.2544,0.0,287.865,0.0,0.0,2616.255,0.11783310825946053,0.5891655412973027,,0.24489795476809054,0.2448979488103529,118.04920663237995,590.2460331618998,69.25130362370467,73.57421970608972,0.4342357122418407,2.4465091266894055,2.5992290481357254,-0.15271992144631996,0.038086653088800757,547.4092309463753,2432.9299690536245,0.0,0.0,547.4092309463753,2816.7499690536247,14083.749845268123,547.4092309463753,0.30411623941465293,2737.0461547318764,8211.138464195628,3584.3899690536246,17921.949845268122,53765.849535804366,4131.7991999999995,20658.996,61976.988,0.5164749,0.3534993247783816,1.767496623891908,0.11783310825946053,193.5087935169968,193.5087935169968,0.0,967.543967584984,967.543967584984,0.0,2737.0461547318764,0.0,2737.0461547318764,8211.138464195628,0.0,17441.7,-0.058755853608152386,138.88141956750582
293,2040,5NB,5,NB,PM-Shoulder,1,OP,PM,3.0,70,8000,1.6,6.5,75,1800,1,4,0.05,0.01,5777.4,0.0,713.6,0.0,0.0,1.1381832498834479,1.1381832498834479,1.1381832498834479,4.25,2.125,0.2448979591836735,0.2448979591836735,30,5.169709595615811,0.592,3466.4399999999996,0.0,428.16,0.0,0.0,3894.5999999999995,4750.92,1.12,1.2,0.4095620689655172,4750.92,0.0,1.0,138.65759999999997,2495.8367999999996,0.0,321.12,0.0,0.0,2920.95,0.11783310825946053,0.5891655412973027,,0.24489795810274673,0.24489794948798424,115.59964430603561,577.9982215301782,68.48666492704199,72.80690995539719,0.48412896881286865,2.472292809985635,2.628248874313734,-0.15595606432809905,0.0778438149526733,611.2253360776933,2716.5570639223065,0.0,0.0,611.2253360776933,3144.7170639223064,3144.7170639223064,611.2253360776933,0.3395696311542741,611.2253360776933,1833.67600823308,4001.0370639223065,4001.0370639223065,12003.111191766919,4612.2624,4612.2624,13836.787199999999,0.5765328,0.3534993247783816,1.767496623891908,0.11783310825946051,216.06774359090394,216.06774359090394,0.0,216.06774359090394,216.06774359090394,0.0,611.2253360776933,0.0,611.2253360776933,1833.67600823308,0.0,3894.5999999999995,-0.059338392894326256,135.9995815365125
294,2040,5NB,5,NB,PM-Peak,3,Peak,PM,3.0,70,8000,1.6,6.5,75,1800,1,4,0.05,0.01,6380.7,0.0,788.8,0.0,0.0,1.1381832498834479,1.1381832498834479,1.1381832498834479,4.25,2.125,0.2448979591836735,0.2448979591836735,30,5.169709595615811,0.592,5374.324149670656,0.0,664.3889995235967,0.0,0.0,6038.713149194253,7367.491148241446,1.12,1.2,0.6351285472621937,7367.491148241446,0.0,1.0,214.97296598682624,3869.5133877628723,0.0,498.2917496426975,0.0,0.0,4529.03486189569,0.5891655412973026,2.945827706486513,,0.24489795850814236,0.24489794889477978,122.1394389914463,610.6971949572314,50.62266354862558,63.882078935816516,1.1744105385031616,2.8176916437057296,3.555719659577001,-0.7380280158712713,1.3484787907633486,947.6359290830533,4211.7152546007765,0.0,0.0,947.6359290830533,4876.104254124373,14628.31276237312,947.6359290830533,0.5264644050461407,2842.90778724916,8528.72336174748,6204.882253171567,18614.6467595147,55843.940278544105,7152.51818225462,21457.55454676386,64372.66364029158,0.8940647727818275,1.7674966238919079,8.837483119459538,0.5891655412973026,1674.943305332968,1674.943305332968,0.0,5024.829915998904,5024.829915998904,0.0,2842.90778724916,0.0,2842.90778724916,8528.72336174748,0.0,18116.13944758276,-0.20756079964950594,143.69345763699562
295,2040,5NB,5,NB,PM-Late,3,OP,PM,3.0,70,8000,1.6,6.5,75,1800,1,4,0.05,0.01,5201.5,0.0,643.1,0.0,0.0,1.1381832498834479,1.1381832498834479,1.1381832498834479,4.25,2.125,0.2448979591836735,0.2448979591836735,30,5.169709595615811,0.592,3120.9,0.0,385.86,0.0,0.0,3506.76,4278.48,1.12,1.2,0.36883448275862063,4278.48,0.0,1.0,124.83600000000001,2247.0480000000002,0.0,289.395,0.0,0.0,2630.07,0.11783310825946053,0.5891655412973027,,0.24489795759668653,0.24489794927363226,118.06447685327869,590.3223842663936,69.22548000851917,73.54447859199735,0.4365536116490498,2.4474984858970292,2.6001986548572646,-0.15270016896023542,0.039415014297309786,550.2974658217194,2445.7665341782804,0.0,0.0,550.2974658217194,2831.6265341782805,8494.879602534842,550.2974658217194,0.30572081434539966,1650.892397465158,4952.677192395474,3603.3465341782803,10810.039602534842,32430.118807604526,4153.643999999999,12460.932,37382.796,0.5192054999999999,0.3534993247783816,1.767496623891908,0.11783310825946053,194.52978259523232,194.52978259523232,0.0,583.589347785697,583.589347785697,0.0,1650.892397465158,0.0,1650.892397465158,4952.677192395474,0.0,10520.28,-0.058726347186968196,138.89938453326903
296,2040,5SB,5,SB,Night,8,OP,NT,3.0,70,8000,1.6,5.0,75,1800,1,4,0.05,0.01,1675.4,0.0,207.1,0.0,0.0,1.1381832498834479,1.1381832498834479,1.1381832498834479,4.25,2.125,0.2448979591836735,0.2448979591836735,30,5.129702169482871,0.708,1157.7336686351034,0.0,143.11008879928966,0.0,0.0,1300.843757434393,1587.0639350329725,1.12,1.2,0.1368158564683597,1587.0639350329725,0.0,1.0,46.309346745404135,833.5682414172745,0.0,107.33256659946724,0.0,0.0,975.6328180757947,0.17397587455575633,0.8698793727787817,,0.2448979439930506,0.24489794260928424,155.51331605181755,777.5665802590877,69.98271562651837,74.9719015597619,0.0,2.4008994870767375,2.5720636644142036,-0.17116417733746614,0.000870077390316244,204.13914850099337,907.285173388706,0.0,0.0,204.13914850099337,1050.3952621879957,8403.162097503966,204.13914850099337,0.11341063805610743,1633.113188007947,4899.339564023841,1336.6154397865748,10692.923518292599,32078.770554877796,1540.7545882875681,12326.036706300545,36978.11011890163,0.19259432353594602,0.521927623667269,2.609638118336345,0.17397587455575633,106.54586067458321,106.54586067458321,0.0,852.3668853966657,852.3668853966657,0.0,1633.113188007947,0.0,1633.113188007947,4899.339564023841,0.0,10406.750059475144,-0.06654741082252696,182.956842413903
297,2040,5SB,5,SB,AM-Early,1,OP,AM,3.0,70,8000,1.6,5.0,75,1800,1,4,0.05,0.01,3964.3,0.0,489.4,0.0,0.0,1.1381832498834479,1.1381832498834479,1.1381832498834479,4.25,2.125,0.2448979591836735,0.2448979591836735,30,5.194714236948899,0.715,4757.16,0.0,587.28,0.0,0.0,5344.44,6519.0,1.12,1.2,0.5619827586206897,6519.0,0.0,1.0,190.2864,3425.1552,0.0,440.46,0.0,0.0,4008.33,0.9372090234835952,4.686045117417976,,0.24489795593655828,0.24489792587881096,218.10733960399554,1090.5366980199774,54.317289892725825,67.76037702506119,0.6638454763314533,2.656419693966977,3.313861946269628,-0.6574422523026513,1.0171337235322477,838.8135072454735,3728.0600927545265,0.0,0.0,838.8135072454735,4315.340092754526,4315.340092754526,838.8135072454735,0.46600750402526303,838.8135072454735,2516.4405217364206,5489.900092754527,5489.900092754527,16469.70027826358,6328.7136,6328.7136,18986.1408,0.7910892,2.8116270704507857,14.058135352253927,0.9372090234835952,2358.4307640311395,2358.4307640311395,0.0,2358.4307640311395,2358.4307640311395,0.0,838.8135072454735,0.0,838.8135072454735,2516.4405217364206,0.0,5344.44,-0.1983915633669428,256.5968701223477
298,2040,5SB,5,SB,AM-Peak,2,Peak,AM,3.0,70,8000,1.6,5.0,75,1800,1,4,0.05,0.01,4860.0,0.0,601.0,0.0,0.0,1.1381832498834479,1.1381832498834479,1.1381832498834479,4.25,2.125,0.2448979591836735,0.2448979591836735,30,5.194714236948899,0.715,5832.0,0.0,721.1999999999999,0.0,0.0,6553.2,7995.6,1.12,1.2,0.6892758620689655,7995.6,0.0,1.0,233.28,4199.04,0.0,540.9,0.0,0.0,4914.9,1.453811424915943,7.2690571245797155,,0.24489795793112146,0.2448979471100709,134.51487947411928,672.5743973705964,38.85341330074625,60.41885401402956,1.2750750268454467,2.9792024846780953,4.632797602792412,-1.6535951181143163,2.824075572968461,1028.3363212710963,4570.383678728904,0.0,0.0,1028.3363212710963,5291.583678728904,10583.167357457807,1028.3363212710963,0.5712979562617202,2056.6726425421925,6170.017927626577,6733.983678728904,13467.967357457808,40403.90207237343,7762.320000000001,15524.640000000001,46573.920000000006,0.9702900000000001,4.361434274747829,21.807171373739145,1.453811424915943,4485.021277559854,4485.021277559854,0.0,8970.042555119708,8970.042555119708,0.0,2056.6726425421925,0.0,2056.6726425421925,6170.017927626577,0.0,13106.4,-0.3569323030899546,158.25279938131678
299,2040,5SB,5,SB,AM-Shoulder,1,OP,AM,3.0,70,8000,1.6,5.0,75,1800,1,4,0.05,0.01,3687.7,0.0,455.3,0.0,0.0,1.1381832498834479,1.1381832498834479,1.1381832498834479,4.25,2.125,0.2448979591836735,0.2448979591836735,30,5.194714236948899,0.715,4425.24,0.0,546.36,0.0,0.0,4971.599999999999,6064.32,1.12,1.2,0.5227862068965518,6064.32,0.0,1.0,177.0096,3186.1727999999994,0.0,409.77,0.0,0.0,3728.7,0.805520993483521,4.027604967417605,,0.2448978960092082,0.24489789654565072,248.15600337812006,1240.7800168906003,58.27798719849967,69.44437236179476,0.6176288175302258,2.5920026904732754,3.088644763706492,-0.49664207323321685,0.7085861834207519,780.2870150417675,3467.9433849582324,0.0,0.0,780.2870150417675,4014.3033849582325,4014.3033849582325,780.2870150417675,0.4334927861343153,780.2870150417675,2340.8610451253026,5107.023384958233,5107.023384958233,15321.070154874698,5887.3104,5887.3104,17661.9312,0.7359138000000001,2.4165629804505633,12.082814902252814,0.8055209934835209,1885.6127146762071,1885.6127146762071,0.0,1885.6127146762071,1885.6127146762071,0.0,780.2870150417675,0.0,780.2870150417675,2340.8610451253026,0.0,4971.599999999999,-0.16079611325623194,291.9482392683766
300,2040,5SB,5,SB,MD,5,OP,MD,3.0,70,8000,1.6,5.0,75,1800,1,4,0.05,0.01,5087.7,0.0,628.3,0.0,0.0,1.1381832498834479,1.1381832498834479,1.1381832498834479,4.25,2.125,0.2448979591836735,0.2448979591836735,30,5.1709598276824655,0.708,3052.62,0.0,376.97999999999996,0.0,0.0,3429.6,4183.5599999999995,1.12,1.2,0.360651724137931,4183.5599999999995,0.0,1.0,122.1048,2197.8864,0.0,282.73499999999996,0.0,0.0,2572.2,0.22208219780752014,1.1104109890376006,,0.24489793410307142,0.2448979383832881,162.75511843201744,813.7755921600871,67.86697376436196,73.66554370333196,0.42621426007275964,2.4434761620018888,2.652247330564206,-0.20877116856231703,0.11072170001581946,538.2578387532368,2392.257361246763,0.0,0.0,538.2578387532368,2769.237361246763,13846.186806233816,538.2578387532368,0.2990321326406871,2691.289193766184,8073.867581298551,3523.1973612467627,17615.986806233814,52847.96041870144,4061.4551999999994,20307.275999999998,60921.827999999994,0.5076818999999999,0.6662465934225604,3.331232967112802,0.22208219780752014,358.61245145233386,358.61245145233386,0.0,1793.0622572616694,1793.0622572616694,0.0,2691.289193766184,0.0,2691.289193766184,8073.867581298551,0.0,17148.0,-0.07871481899763311,191.4766099200205
301,2040,5SB,5,SB,PM-Shoulder,1,OP,PM,3.0,70,8000,1.6,5.0,75,1800,1,4,0.05,0.01,5269.8,0.0,651.0,0.0,0.0,1.1381832498834479,1.1381832498834479,1.1381832498834479,4.25,2.125,0.2448979591836735,0.2448979591836735,30,5.169709595615811,0.592,3161.88,0.0,390.59999999999997,0.0,0.0,3552.48,4333.68,1.12,1.2,0.3735931034482759,4333.68,0.0,1.0,126.4752,2276.5536,0.0,292.95,0.0,0.0,2664.36,0.22017011995979388,1.1008505997989695,,0.2448979302395281,0.24489788194524012,154.6723104493164,773.3615522465822,67.47050363290725,73.46810387148108,0.4416981352501348,2.4500428147006064,2.6678324646773346,-0.21778964997672823,0.1320733337508052,557.5232647193466,2477.8815352806537,0.0,0.0,557.5232647193466,2868.4815352806536,2868.4815352806536,557.5232647193466,0.3097351470663037,557.5232647193466,1672.5697941580397,3649.6815352806534,3649.6815352806534,10949.04460584196,4207.2047999999995,4207.2047999999995,12621.6144,0.5259005999999999,0.6605103598793817,3.3025517993969085,0.22017011995979388,368.2498922209034,368.2498922209034,0.0,368.2498922209034,368.2498922209034,0.0,557.5232647193466,0.0,557.5232647193466,1672.5697941580397,0.0,3552.48,-0.08163542983313578,181.96742405801928
302,2040,5SB,5,SB,PM-Peak,3,Peak,PM,3.0,70,8000,1.6,5.0,75,1800,1,4,0.05,0.01,5642.0,0.0,697.7,0.0,0.0,1.1381832498834479,1.1381832498834479,1.1381832498834479,4.25,2.125,0.2448979591836735,0.2448979591836735,30,5.169709595615811,0.592,3385.2,0.0,418.62,0.0,0.0,3803.8199999999997,4641.0599999999995,1.12,1.2,0.4000913793103448,4641.0599999999995,0.0,1.0,135.408,2437.344,0.0,313.96500000000003,0.0,0.0,2852.865,0.2501716924935731,1.2508584624678654,,0.24489795281802124,0.2448979442673348,158.4904502006871,792.4522510034355,66.48799878631948,73.0000928859879,0.7401138291925968,2.465750287210256,2.707255494010096,-0.24150520679984,0.1860828839366886,596.9005559132871,2652.891444086713,0.0,0.0,596.9005559132871,3071.511444086713,9214.534332260138,596.9005559132871,0.3316114199518262,1790.7016677398615,5372.105003219584,3908.751444086713,11726.25433226014,35178.76299678042,4505.652,13516.956000000002,40550.868,0.5632065,0.7505150774807192,3.752575387403596,0.2501716924935731,447.98286696954506,447.98286696954506,0.0,1343.9486009086352,1343.9486009086352,0.0,1790.7016677398615,0.0,1790.7016677398615,5372.105003219584,0.0,11411.46,-0.08920665498109775,186.45935317727896
303,2040,5SB,5,SB,PM-Late,3,OP,PM,3.0,70,8000,1.6,5.0,75,1800,1,4,0.05,0.01,4687.0,0.0,579.3,0.0,0.0,1.1381832498834479,1.1381832498834479,1.1381832498834479,4.25,2.125,0.2448979591836735,0.2448979591836735,30,5.169709595615811,0.592,2812.2,0.0,347.58,0.0,0.0,3159.7799999999997,3854.9399999999996,1.12,1.2,0.3323224137931034,3854.9399999999996,0.0,1.0,112.488,2024.784,0.0,260.685,0.0,0.0,2369.835,0.19291219708534962,0.9645609854267481,,0.24489794753570493,0.24489794603453666,152.29109057331647,761.4554528665823,68.56817205329727,74.03402644184051,0.393168877043093,2.431314473236222,2.6251246695053796,-0.1938101962691574,0.07356365436522717,495.8654458031348,2203.8465541968653,0.0,0.0,495.8654458031348,2551.4265541968653,7654.279662590596,495.8654458031348,0.2754808032239638,1487.5963374094044,4462.789012228213,3246.586554196865,9739.759662590595,29219.278987771788,3742.4519999999998,11227.356,33682.068,0.46780649999999996,0.5787365912560489,2.8936829562802444,0.19291219708534962,286.9754778257673,286.9754778257673,0.0,860.926433477302,860.926433477302,0.0,1487.5963374094044,0.0,1487.5963374094044,4462.789012228213,0.0,9479.34,-0.07382894935259388,179.1659889097841
304,2040,6NB,6,NB,Night,8,OP,NT,4.4,70,8000,1.6,6.5,75,1800,1,4,0.05,0.01,1768.7,0.0,218.5,0.0,0.0,1.1381832498834479,1.1381832498834479,1.1381832498834479,4.25,2.125,0.282574568288854,0.282574568288854,30,5.129702169482871,0.708,1768.7,0.0,218.5,0.0,0.0,1987.2,2424.2,1.12,1.2,0.20898275862068963,2424.2,0.0,1.0,70.748,1103.6688000000001,0.0,142.025,0.0,0.0,1291.68,0.11783310825946053,0.5891655412973027,,0.2825745599878733,0.2825745572903068,107.79661094229506,538.9830547114753,69.98050311110529,74.84719368458948,0.0,3.52718635133485,3.7724793087134225,-0.24529295737857248,0.0014395100802461172,311.8687255323442,1386.0832744676559,0.0,0.0,311.8687255323442,1604.5832744676559,12836.666195741247,311.8687255323442,0.17326040307352453,2494.9498042587534,10977.779138738515,2041.5832744676559,16332.666195741247,71863.73126126149,2353.452,18827.616,82841.5104,0.29418150000000004,0.5184656763416263,2.592328381708132,0.11783310825946053,161.69322971292786,161.69322971292786,0.0,1293.5458377034229,1293.5458377034229,0.0,2494.9498042587534,0.0,2494.9498042587534,10977.779138738515,0.0,15897.6,-0.06502168396577049,126.81954228505302
305,2040,6NB,6,NB,AM-Early,1,OP,AM,4.4,70,8000,1.6,6.5,75,1800,1,4,0.05,0.01,2571.2,0.0,317.6,0.0,0.0,1.1381832498834479,1.1381832498834479,1.1381832498834479,4.25,2.125,0.282574568288854,0.282574568288854,30,5.194714236948899,0.715,1780.8623138916657,0.0,219.97583653235574,0.0,0.0,2000.8381504240215,2440.789823488733,1.12,1.2,0.21041291581799423,2440.789823488733,0.0,1.0,71.23449255566663,1111.2580838683996,0.0,142.98429374603123,0.0,0.0,1300.544797775614,0.11783310825946053,0.5891655412973027,,0.28257456037460266,0.2825745578967978,107.86350329824198,539.31751649121,69.97962025382128,74.84295598597947,0.0,3.527386064888402,3.7725269020102195,-0.24514083712181733,0.0015047128968580293,314.0132645118363,1395.6145568241627,0.0,0.0,314.0132645118363,1615.5903933565185,1615.5903933565185,314.0132645118363,0.17445181361768686,314.0132645118363,1381.65836385208,2055.5420664212297,2055.5420664212297,9044.385092253411,2369.555330933066,2369.555330933066,10426.043456105492,0.2961944163666333,0.5184656763416263,2.592328381708132,0.11783310825946053,162.80509956537122,162.80509956537122,0.0,162.80509956537122,162.80509956537122,0.0,314.0132645118363,0.0,314.0132645118363,1381.65836385208,0.0,2000.8381504240215,-0.06498054049427512,126.89823917440232
306,2040,6NB,6,NB,AM-Peak,2,Peak,AM,4.4,70,8000,1.6,6.5,75,1800,1,4,0.05,0.01,4903.3,0.0,605.5,0.0,0.0,1.1381832498834479,1.1381832498834479,1.1381832498834479,4.25,2.125,0.282574568288854,0.282574568288854,30,5.194714236948899,0.715,1780.8918769034256,0.0,219.91924448127264,0.0,0.0,2000.8111213846983,2440.6496103472437,1.12,1.2,0.21040082847821065,2440.6496103472437,0.0,1.0,71.23567507613703,1111.2765311877374,0.0,142.94750891282723,0.0,0.0,1300.5272289000538,0.11783310825946053,0.5891655412973027,,0.2825745603746813,0.2825745578952281,107.86393385986467,539.3196692993234,69.97962930747565,74.84294557958849,0.0,3.527386555346898,3.7725264139374044,-0.24513985859050624,0.0015040442371011982,314.0184772550757,1395.6377245722126,0.0,0.0,314.0184772550757,1615.5569690534853,3231.1139381069706,314.0184772550757,0.17445470958615317,628.0369545101514,2763.3625998446664,2055.3954580160307,4110.790916032061,18087.48003054107,2369.4139352711063,4738.827870542213,20850.842630385738,0.29617674190888826,0.5184656763416263,2.592328381708132,0.11783310825946051,162.80780219382044,162.80780219382044,0.0,325.6156043876409,325.6156043876409,0.0,628.0369545101514,0.0,628.0369545101514,2763.3625998446664,0.0,4001.6222427693965,-0.06498028951761602,126.89874571748784
307,2040,6NB,6,NB,AM-Shoulder,1,OP,AM,4.4,70,8000,1.6,6.5,75,1800,1,4,0.05,0.01,4608.5,0.0,569.1,0.0,0.0,1.1381832498834479,1.1381832498834479,1.1381832498834479,4.25,2.125,0.282574568288854,0.282574568288854,30,5.194714236948899,0.715,1780.9031545801154,0.0,219.92231426094037,0.0,0.0,2000.8254688410557,2440.6700973629368,1.12,1.2,0.21040259460025318,2440.6700973629368,0.0,1.0,71.23612618320462,1111.283568457992,0.0,142.94950426961125,0.0,0.0,1300.5365547466863,0.11783310825946053,0.5891655412973027,,0.28257456037472756,0.2825745578981522,107.86398887543747,539.3199443771874,69.97962815602166,74.84294160963002,0.0,3.5273867424530945,3.7725264760110493,-0.24513973355795482,0.001504129277994984,314.02046580867557,1395.6465625882354,0.0,0.0,314.02046580867557,1615.5688768491757,1615.5688768491757,314.02046580867557,0.1744558143381531,314.02046580867557,1381.6900495581726,2055.4135053710565,2055.4135053710565,9043.819423632649,2369.433971179732,2369.433971179732,10425.509473190821,0.2961792463974665,0.5184656763416263,2.592328381708132,0.11783310825946053,162.80883319060752,162.80883319060752,0.0,162.80883319060752,162.80883319060752,0.0,314.02046580867557,0.0,314.02046580867557,1381.6900495581726,0.0,2000.8254688410557,-0.06498025530549963,126.89881044169114
308,2040,6NB,6,NB,MD,5,OP,MD,4.4,70,8000,1.6,6.5,75,1800,1,4,0.05,0.01,5052.4,0.0,624.9,0.0,0.0,1.1381832498834479,1.1381832498834479,1.1381832498834479,4.25,2.125,0.282574568288854,0.282574568288854,30,5.1709598276824655,0.708,3432.722895543426,0.0,424.57219092413254,0.0,0.0,3857.2950864675586,4706.439468315824,1.12,1.2,0.40572754037205383,4706.439468315824,0.0,1.0,137.30891582173706,2142.019086819098,0.0,275.9719241006862,0.0,0.0,2507.2418062039133,0.11783310825946053,0.5891655412973027,,0.28257456666325736,0.28257455690952055,116.03064442724964,580.1532221362484,68.57410224122587,72.88863217314426,0.7046720203207548,3.621963976122885,3.849849890434097,-0.2278859143112122,0.1074372070375703,605.2801152423328,2690.133864479356,0.0,0.0,605.2801152423328,3114.7060554034883,15573.530277017442,605.2801152423328,0.3362667306901849,3026.400576211664,13316.162535331323,3963.8504372517536,19819.252186258767,87204.70961953858,4569.130552494086,22845.652762470432,100520.87215486991,0.5711413190617608,0.5184656763416263,2.592328381708132,0.11783310825946054,313.8169643252536,313.8169643252536,0.0,1569.084821626268,1569.084821626268,0.0,3026.400576211664,0.0,3026.400576211664,13316.162535331323,0.0,19286.475432337793,-0.05919345449739509,136.50664050264663
309,2040,6NB,6,NB,PM-Shoulder,1,OP,PM,4.4,70,8000,1.6,6.5,75,1800,1,4,0.05,0.01,5640.8,0.0,697.7,0.0,0.0,1.1381832498834479,1.1381832498834479,1.1381832498834479,4.25,2.125,0.282574568288854,0.282574568288854,30,5.169709595615811,0.592,5640.8,0.0,697.7,0.0,0.0,6338.5,7733.900000000001,1.12,1.2,0.6667155172413793,7733.900000000001,0.0,1.0,225.632,3519.8592000000003,0.0,453.50500000000005,0.0,0.0,4120.025000000001,0.11783310825946053,0.5891655412973027,,0.2825745224049497,0.2825745557082732,17.777792791715015,88.88896395857509,45.90664373184766,61.92161862565156,1.1580131115656163,4.263454442236362,5.750801595126207,-1.4873471528898454,2.7117410424657615,994.6225323726684,4420.545467627332,0.0,0.0,994.6225323726684,5118.245467627332,5118.245467627332,994.6225323726684,0.5525680735403713,994.6225323726684,4376.339142439741,6513.645467627332,6513.645467627332,28660.040057560265,7508.268000000001,7508.268000000001,33036.37920000001,0.9385335000000001,0.5184656763416263,2.592328381708132,0.11783310825946053,515.6776439512166,515.6776439512166,0.0,515.6776439512166,515.6776439512166,0.0,994.6225323726684,0.0,994.6225323726684,4376.339142439741,0.0,6338.5,-0.25863301459580335,20.915050343194135
310,2040,6NB,6,NB,PM-Peak,3,Peak,PM,4.4,70,8000,1.6,6.5,75,1800,1,4,0.05,0.01,6230.4,0.0,770.6,0.0,0.0,1.1381832498834479,1.1381832498834479,1.1381832498834479,4.25,2.125,0.282574568288854,0.282574568288854,30,5.169709595615811,0.592,6230.4,0.0,770.6,0.0,0.0,7001.0,8542.2,1.12,1.2,0.736396551724138,8542.2,0.0,1.0,249.21599999999998,3887.7695999999996,0.0,500.89000000000004,0.0,0.0,4550.650000000001,0.5891655412973026,2.945827706486513,,0.2825745605702238,0.28257450862549016,45.24866909202331,226.24334546011656,34.9745933030368,57.06244714364021,1.998410557978474,4.626510309581485,7.548336522817471,-2.9218262132359865,5.174363893402794,1098.5847863182746,4882.599213681725,0.0,0.0,1098.5847863182746,5653.199213681725,16959.597641045177,1098.5847863182746,0.6103248812879304,3295.754358954824,14501.319179401227,7194.399213681725,21583.197641045175,94966.06962059878,8292.984,24878.951999999997,109467.3888,1.036623,2.5923283817081315,12.961641908540658,0.5891655412973026,2847.892521285626,2847.892521285626,0.0,8543.677563856878,8543.677563856878,0.0,3295.754358954824,0.0,3295.754358954824,14501.319179401227,0.0,21003.0,-0.3870821345078814,53.233728343556834
311,2040,6NB,6,NB,PM-Late,3,OP,PM,4.4,70,8000,1.6,6.5,75,1800,1,4,0.05,0.01,5079.7,0.0,628.3,0.0,0.0,1.1381832498834479,1.1381832498834479,1.1381832498834479,4.25,2.125,0.282574568288854,0.282574568288854,30,5.169709595615811,0.592,1780.1354429940875,0.0,220.18211682445522,0.0,0.0,2000.3175598185428,2440.681793467453,1.12,1.2,0.21040360288512527,2440.681793467453,0.0,1.0,71.2054177197635,1110.8045164283105,0.0,143.1183759358959,0.0,0.0,1300.2064138820529,0.11783310825946053,0.5891655412973027,,0.28257456105369755,0.2825745585410208,107.85817119513096,539.2908559756548,69.97961899997313,74.84321168642619,0.0,3.5273740136392346,3.7725269696038413,-0.24515295596460662,0.001504805500119644,313.8850986461946,1395.0449266281294,0.0,0.0,313.8850986461946,1615.2270434525847,4845.681130357754,313.8850986461946,0.174380610358997,941.6552959385838,4143.283302129769,2055.591277101495,6166.773831304485,27133.804857739735,2369.4763757476894,7108.429127243068,31277.088159869505,0.2961845469684612,0.5184656763416263,2.592328381708132,0.11783310825946053,162.73864996315737,162.73864996315737,0.0,488.2159498894721,488.2159498894721,0.0,941.6552959385838,0.0,941.6552959385838,4143.283302129769,0.0,6000.952679455629,-0.06498375172394076,126.89196611191878
312,2040,6SB,6,SB,Night,8,OP,NT,4.4,70,8000,1.6,5.0,75,1800,1,4,0.05,0.01,1635.6,0.0,202.6,0.0,0.0,1.1381832498834479,1.1381832498834479,1.1381832498834479,4.25,2.125,0.282574568288854,0.282574568288854,30,5.129702169482871,0.708,1157.182325718472,0.0,143.3389210018112,0.0,0.0,1300.5212467202832,1587.1990887239056,1.12,1.2,0.13682750764861254,1587.1990887239056,0.0,1.0,46.28729302873888,722.0817712483264,0.0,93.17029865117729,0.0,0.0,845.3388103681841,0.11783310825946053,0.5891655412973027,,0.2825745414984858,0.2825743901122124,105.32711500727605,526.6355750363804,69.9827011035168,74.97195502937026,0.0,3.5213167363259767,3.772360823991307,-0.2510440876653304,0.0012771860109482322,204.04192543491035,906.8531072548227,0.0,0.0,204.04192543491035,1050.1920282566339,8401.536226053071,204.04192543491035,0.11335662524161687,1632.3354034792828,7182.275775308845,1336.8698702602564,10694.958962082052,47057.81943316103,1540.9117956951668,12327.294365561334,54240.09520846987,0.19261397446189585,0.5184656763416263,2.592328381708132,0.11783310825946053,105.78873487265848,105.78873487265848,0.0,846.3098789812678,846.3098789812678,0.0,1632.3354034792828,0.0,1632.3354034792828,7182.275775308845,0.0,10404.169973762266,-0.06654827026851472,123.91425294973652
313,2040,6SB,6,SB,AM-Early,1,OP,AM,4.4,70,8000,1.6,5.0,75,1800,1,4,0.05,0.01,3871.0,0.0,478.0,0.0,0.0,1.1381832498834479,1.1381832498834479,1.1381832498834479,4.25,2.125,0.282574568288854,0.282574568288854,30,5.194714236948899,0.715,1158.124855809554,0.0,143.0079258788341,0.0,0.0,1301.1327816883881,1587.1486334460562,1.12,1.2,0.1368231580556945,1587.1486334460562,0.0,1.0,46.32499423238216,722.6699100251618,0.0,92.95515182124217,0.0,0.0,845.7363080974524,0.11783310825946053,0.5891655412973027,,0.28257454277715055,0.28257440670549877,105.32922336015292,526.6461168007646,69.98271464389367,74.97186358057405,0.0,3.521321031539691,3.7723600941083997,-0.2510390625687089,0.0012761860713648024,204.20811940416462,907.5917421730072,0.0,0.0,204.20811940416462,1050.5996680518413,1050.5996680518413,204.20811940416462,0.1134489552245359,204.20811940416462,898.5157253783244,1336.6155198095096,1336.6155198095096,5881.108287161843,1540.8236392136741,1540.8236392136741,6779.624012540167,0.19260295490170926,0.5184656763416263,2.592328381708132,0.11783310825946053,105.8749007413318,105.8749007413318,0.0,105.8749007413318,105.8749007413318,0.0,204.20811940416462,0.0,204.20811940416462,898.5157253783244,0.0,1301.1327816883881,-0.06654695106142622,123.91673336488579
314,2040,6SB,6,SB,AM-Peak,2,Peak,AM,4.4,70,8000,1.6,5.0,75,1800,1,4,0.05,0.01,4746.2,0.0,586.2,0.0,0.0,1.1381832498834479,1.1381832498834479,1.1381832498834479,4.25,2.125,0.282574568288854,0.282574568288854,30,5.194714236948899,0.715,4425.311338107831,0.0,546.5672551512391,0.0,0.0,4971.87859325907,6065.013103561549,1.12,1.2,0.5228459572035817,6065.013103561549,0.0,1.0,177.01245352431326,2761.394274979287,0.0,355.2687158483054,0.0,0.0,3231.7210856183956,0.5891655412973026,2.945827706486513,,0.2825745656972968,0.28257454484756567,181.38654788705927,906.9327394352962,58.27170374782563,69.44403647621617,1.4162393331302636,3.801622333552243,4.530500792330977,-0.7288784587787336,1.039928942636296,780.2997879712736,3467.999096612244,0.0,0.0,780.2997879712736,4014.566351763483,8029.132703526966,780.2997879712736,0.4334998822062631,1560.5995759425473,6866.638134147209,5107.700862065962,10215.401724131923,44947.76758618047,5888.000650037236,11776.001300074471,51814.405720327675,0.7360000812546544,2.5923283817081315,12.961641908540658,0.5891655412973026,2022.79328659877,2022.79328659877,0.0,4045.58657319754,4045.58657319754,0.0,1560.5995759425473,0.0,1560.5995759425473,6866.638134147209,0.0,9943.75718651814,-0.16088253643229586,213.39593869065794
315,2040,6SB,6,SB,AM-Shoulder,1,OP,AM,4.4,70,8000,1.6,5.0,75,1800,1,4,0.05,0.01,3600.1,0.0,445.0,0.0,0.0,1.1381832498834479,1.1381832498834479,1.1381832498834479,4.25,2.125,0.282574568288854,0.282574568288854,30,5.194714236948899,0.715,1157.8081571965063,0.0,143.1139773763077,0.0,0.0,1300.922134572814,1587.1500893254292,1.12,1.2,0.136823283562537,1587.1500893254292,0.0,1.0,46.31232628786025,722.4722900906199,0.0,93.02408529460001,0.0,0.0,845.5993874723291,0.11783310825946053,0.5891655412973027,,0.28257454278565314,0.28257440681369544,105.32853636187124,526.6426818093563,69.98271106363178,74.97189433294717,0.0,3.521319587145372,3.772360287099452,-0.2510406999540802,0.0012764504691070316,204.15227704766068,907.3435538609854,0.0,0.0,204.15227704766068,1050.457531237293,1050.457531237293,204.15227704766068,0.11341793169314482,204.15227704766068,898.2700190097071,1336.6854859899086,1336.6854859899086,5881.416138355598,1540.8377630375692,1540.8377630375692,6779.686157365306,0.19260472037969614,0.5184656763416263,2.592328381708132,0.11783310825946054,105.84594839619847,105.84594839619847,0.0,105.84594839619847,105.84594839619847,0.0,204.15227704766068,0.0,204.15227704766068,898.2700190097071,0.0,1300.922134572814,-0.06654738170491771,123.91592513161322
316,2040,6SB,6,SB,MD,5,OP,MD,4.4,70,8000,1.6,5.0,75,1800,1,4,0.05,0.01,4968.2,0.0,613.5,0.0,0.0,1.1381832498834479,1.1381832498834479,1.1381832498834479,4.25,2.125,0.282574568288854,0.282574568288854,30,5.1709598276824655,0.708,1158.1477719189834,0.0,143.01430257886082,0.0,0.0,1301.1620744978443,1587.1906796555659,1.12,1.2,0.1368267827289281,1587.1906796555659,0.0,1.0,46.32591087675934,722.6842096774457,0.0,92.95929667625954,0.0,0.0,845.7553484235988,0.11783310825946053,0.5891655412973027,,0.28257454258734355,0.28257440413691237,105.3292135220629,526.6460676103145,69.98271226919036,74.9718613544353,0.0,3.521321136098242,3.772360222114813,-0.2510390860165712,0.00127636144015154,204.2121599847001,907.609701057524,0.0,0.0,204.2121599847001,1050.624003636385,5253.120018181925,204.2121599847001,0.11345119999150005,1021.0607999235004,4492.667519663402,1336.6526087941065,6683.263043970533,29406.357393470345,1540.8647687788066,7704.323843894033,33899.02491313375,0.19260809609735083,0.5184656763416263,2.592328381708132,0.11783310825946053,105.87699564365194,105.87699564365194,0.0,529.3849782182597,529.3849782182597,0.0,1021.0607999235004,0.0,1021.0607999235004,4492.667519663402,0.0,6505.810372489222,-0.06654695501900845,123.91672179066224
317,2040,6SB,6,SB,PM-Shoulder,1,OP,PM,4.4,70,8000,1.6,5.0,75,1800,1,4,0.05,0.01,5145.7,0.0,636.2,0.0,0.0,1.1381832498834479,1.1381832498834479,1.1381832498834479,4.25,2.125,0.282574568288854,0.282574568288854,30,5.169709595615811,0.592,1157.7217837281744,0.0,143.13749320944956,0.0,0.0,1300.859276937624,1587.1342633565232,1.12,1.2,0.1368219192548727,1587.1342633565232,0.0,1.0,46.308871349126974,722.4183930463809,0.0,93.03937058614221,0.0,0.0,845.5585300094556,0.11783310825946053,0.5891655412973027,,0.28257454163610096,0.2825743917595355,105.32837200165925,526.6418600082962,69.98271110082607,74.97190271606584,0.0,3.5213191934026646,3.7723602850945253,-0.2510410916918606,0.0012764477223566203,204.1370462845697,907.2758660944777,0.0,0.0,204.1370462845697,1050.4133593039273,1050.4133593039273,204.1370462845697,0.11340947015809427,204.1370462845697,898.2030036521068,1336.6883457228264,1336.6883457228264,5881.428721180437,1540.8253920073962,1540.8253920073962,6779.631724832543,0.19260317400092453,0.5184656763416263,2.592328381708132,0.11783310825946054,105.8380517683113,105.8380517683113,0.0,105.8380517683113,105.8380517683113,0.0,204.1370462845697,0.0,204.1370462845697,898.2030036521068,0.0,1300.859276937624,-0.06654748558449798,123.91573176665793
318,2040,6SB,6,SB,PM-Peak,3,Peak,PM,4.4,70,8000,1.6,5.0,75,1800,1,4,0.05,0.01,5508.8,0.0,680.6,0.0,0.0,1.1381832498834479,1.1381832498834479,1.1381832498834479,4.25,2.125,0.282574568288854,0.282574568288854,30,5.169709595615811,0.592,1157.9581196905754,0.0,143.06315282119618,0.0,0.0,1301.0212725117715,1587.147578154164,1.12,1.2,0.1368230670822555,1587.147578154164,0.0,1.0,46.31832478762301,722.5658666869191,0.0,92.99104933377753,0.0,0.0,845.6638271326515,0.11783310825946053,0.5891655412973027,,0.2825745416297226,0.28257439166710924,105.32886417249621,526.6443208624811,69.98271287280608,74.97187977466051,0.0,3.521320270926813,3.7723601895774075,-0.2510399186505943,0.0012763168639057497,204.17871857633943,907.4610763266129,0.0,0.0,204.17871857633943,1050.5242291478091,3151.5726874434276,204.17871857633943,0.11343262143129969,612.5361557290183,2695.159085207681,1336.6505347902014,4009.9516043706044,17643.78705923066,1540.8292533665408,4622.487760099622,20338.94614443834,0.1926036566708176,0.5184656763416263,2.592328381708132,0.11783310825946051,105.85965742124841,105.85965742124841,0.0,317.57897226374524,317.57897226374524,0.0,612.5361557290183,0.0,612.5361557290183,2695.159085207681,0.0,3903.0638175353142,-0.06654717631264066,123.91631079117201
319,2040,6SB,6,SB,PM-Late,3,OP,PM,4.4,70,8000,1.6,5.0,75,1800,1,4,0.05,0.01,4576.6,0.0,565.7,0.0,0.0,1.1381832498834479,1.1381832498834479,1.1381832498834479,4.25,2.125,0.282574568288854,0.282574568288854,30,5.169709595615811,0.592,1157.8307021814455,0.0,143.11603116375557,0.0,0.0,1300.9467333452012,1587.178795672712,1.12,1.2,0.1368257582476476,1587.178795672712,0.0,1.0,46.31322808725782,722.486358161222,0.0,93.02542025644112,0.0,0.0,845.6153766743809,0.11783310825946053,0.5891655412973027,,0.2825745416329605,0.2825743917140898,105.32854452439639,526.6427226219821,69.98270951808362,74.97189214496915,0.0,3.5213196899114845,3.772360370410952,-0.2510406804994676,0.001276564605861505,204.15625149347423,907.3612226007135,0.0,0.0,204.15625149347423,1050.477253764469,3151.431761293407,204.15625149347423,0.1134201397185968,612.4687544804227,2694.8625197138604,1336.7093160919803,4010.127948275941,17644.56297241414,1540.8655675854545,4622.596702756364,20339.425492128,0.19260819594818182,0.5184656763416263,2.592328381708132,0.11783310825946053,105.84800900993528,105.84800900993528,0.0,317.5440270298059,317.5440270298059,0.0,612.4687544804227,0.0,612.4687544804227,2694.8625197138604,0.0,3902.8402000356036,-0.06654737507809197,123.915934734584
320,2040,7NB,7,NB,Night,8,OP,NT,5.6,70,6000,1.6,6.5,75,1800,1,4,0.05,0.01,875.3,0.0,108.1,0.0,0.0,1.1381832498834479,1.1381832498834479,1.1381832498834479,4.25,2.125,0.35502958579881655,0.35502958579881655,30,5.129702169482871,0.708,875.3,0.0,108.1,0.0,0.0,983.4,1199.6,1.12,1.2,0.12495833333333332,1199.6,0.0,1.0,35.012,546.1872000000001,0.0,70.265,0.0,0.0,639.21,0.11783310825946053,0.5891655412973027,,0.3550295734405833,0.3550295730399987,105.52958433420834,527.6479216710418,69.99898319395164,74.98038322743407,0.0,4.481172081780761,4.800069724856125,-0.3188976430753643,9.552305289139862e-05,193.91260863470657,646.3753913652934,0.0,0.0,193.91260863470657,754.4753913652934,6035.803130922347,193.91260863470657,0.10772922701928143,1551.3008690776526,8687.284866834854,970.6753913652933,7765.4031309223465,43486.25753316514,1164.588,9316.704,52173.54239999999,0.194098,0.659865406252979,3.299327031264895,0.11783310825946053,127.95622227431556,127.95622227431556,0.0,1023.6497781945245,1023.6497781945245,0.0,1551.3008690776526,0.0,1551.3008690776526,8687.284866834854,0.0,7867.2,-0.06643604392328338,124.15245215789217
321,2040,7NB,7,NB,AM-Early,1,OP,AM,5.6,70,6000,1.6,6.5,75,1800,1,4,0.05,0.01,1058.5,0.0,130.9,0.0,0.0,1.1381832498834479,1.1381832498834479,1.1381832498834479,4.25,2.125,0.35502958579881655,0.35502958579881655,30,5.194714236948899,0.715,1058.5,0.0,130.9,0.0,0.0,1189.4,1451.2,1.12,1.2,0.15116666666666667,1451.2,0.0,1.0,42.34,660.504,0.0,85.08500000000001,0.0,0.0,773.1100000000001,0.11783310825946053,0.5891655412973027,,0.3550295530714914,0.3550292967441753,105.91612450944194,529.5806225472098,69.99649321161263,74.95805947261506,0.0,4.48250664923834,4.800240477536617,-0.3177338282982767,0.0003294542251661886,234.49843992193237,781.6615600780676,0.0,0.0,234.49843992193237,912.5615600780676,912.5615600780676,234.49843992193237,0.1302769110677402,234.49843992193237,1313.1912635628212,1174.3615600780677,1174.3615600780677,6576.424736437179,1408.8600000000001,1408.8600000000001,7889.616,0.23481000000000002,0.659865406252979,3.299327031264895,0.11783310825946053,154.73740832477569,154.73740832477569,0.0,154.73740832477569,154.73740832477569,0.0,234.49843992193237,0.0,234.49843992193237,1313.1912635628212,0.0,1189.4,-0.06619123141541672,124.60720530522583
322,2040,7NB,7,NB,AM-Peak,2,Peak,AM,5.6,70,6000,1.6,6.5,75,1800,1,4,0.05,0.01,1703.9,0.0,210.6,0.0,0.0,1.1381832498834479,1.1381832498834479,1.1381832498834479,4.25,2.125,0.35502958579881655,0.35502958579881655,30,5.194714236948899,0.715,1384.8977613302468,0.0,171.17170522692058,0.0,0.0,1556.0694665571673,1898.4128770110085,1.12,1.2,0.1977513413553134,1898.4128770110085,0.0,1.0,55.39591045320987,864.176203070074,0.0,111.26160839749838,0.0,0.0,1011.4451532621588,0.11783310825946053,0.5891655412973027,,0.35502955330992997,0.3550292554717151,107.16431918766571,535.8215959383286,69.9799072558688,74.87723551153013,0.0,4.487345155100716,4.801378183761764,-0.314033028661048,0.0018881117536164384,306.8080913570397,1022.6937595199971,0.0,0.0,306.8080913570397,1193.8654647469177,2387.7309294938354,306.8080913570397,0.17044893964279983,613.6161827140794,3436.2506231988446,1536.208875200759,3072.417750401518,17205.539402248498,1843.0169665577987,3686.0339331155974,20641.790025447342,0.30716949442629976,0.659865406252979,3.299327031264895,0.11783310825946054,202.45204584501408,202.45204584501408,0.0,404.90409169002817,404.90409169002817,0.0,613.6161827140794,0.0,613.6161827140794,3436.2506231988446,0.0,3112.1389331143346,-0.06540476851482062,126.07566963254791
323,2040,7NB,7,NB,AM-Shoulder,1,OP,AM,5.6,70,6000,1.6,6.5,75,1800,1,4,0.05,0.01,2013.4,0.0,249.3,0.0,0.0,1.1381832498834479,1.1381832498834479,1.1381832498834479,4.25,2.125,0.35502958579881655,0.35502958579881655,30,5.194714236948899,0.715,1384.1725568676425,0.0,171.3888042252425,0.0,0.0,1555.561361092885,1898.33896954337,1.12,1.2,0.19774364266076772,1898.33896954337,0.0,1.0,55.3669022747057,863.7236754854089,0.0,111.40272274640762,0.0,0.0,1011.1148847103752,0.11783310825946053,0.5891655412973027,,0.3550295533214764,0.35502925599001894,107.158906698515,535.794533492575,69.97990013811113,74.8774920333807,0.0,4.4873297819618445,4.801378672116939,-0.3140488901550942,0.0018887808002062555,306.64743070076855,1022.1582238921682,0.0,0.0,306.64743070076855,1193.5470281174107,1193.5470281174107,306.64743070076855,0.1703596837226492,306.64743070076855,1717.2256119243038,1536.3246365678956,1536.3246365678956,8603.417964780214,1842.9720672686642,1842.9720672686642,10320.643576704519,0.30716201121144404,0.659865406252979,3.299327031264895,0.11783310825946051,202.34603143579486,202.34603143579486,0.0,202.34603143579486,202.34603143579486,0.0,306.64743070076855,0.0,306.64743070076855,1717.2256119243038,0.0,1555.561361092885,-0.06540806539148251,126.06930199825294
324,2040,7NB,7,NB,MD,5,OP,MD,5.6,70,6000,1.6,6.5,75,1800,1,4,0.05,0.01,2902.4,0.0,358.5,0.0,0.0,1.1381832498834479,1.1381832498834479,1.1381832498834479,4.25,2.125,0.35502958579881655,0.35502958579881655,30,5.1709598276824655,0.708,1385.0359690050504,0.0,171.07752028952268,0.0,0.0,1556.1134892945731,1898.2685298736185,1.12,1.2,0.1977363051951686,1898.2685298736185,0.0,1.0,55.40143876020202,864.2624446591516,0.0,111.20038818818975,0.0,0.0,1011.4737680414726,0.11783310825946053,0.5891655412973027,,0.35502955322301916,0.355029250205201,107.16565588341103,535.8282794170552,69.97992160460359,74.8771865787873,0.0,4.487348087610823,4.801377199283636,-0.3140291116728129,0.001886763018581509,306.8387095947729,1022.7958206500756,0.0,0.0,306.8387095947729,1193.8733409395982,5969.366704697991,306.8387095947729,0.17046594977487384,1534.1935479738645,8591.48386865364,1536.0283815186435,7680.141907593217,43008.79468252201,1842.8670911134163,9214.335455567081,51600.27855117565,0.3071445151855694,0.659865406252979,3.299327031264895,0.11783310825946054,202.47224976089467,202.47224976089467,0.0,1012.3612488044733,1012.3612488044733,0.0,1534.1935479738645,0.0,1534.1935479738645,8591.48386865364,0.0,7780.567446472865,-0.06540396612031771,126.0772422157777
325,2040,7NB,7,NB,PM-Shoulder,1,OP,PM,5.6,70,6000,1.6,6.5,75,1800,1,4,0.05,0.01,3716.2,0.0,459.8,0.0,0.0,1.1381832498834479,1.1381832498834479,1.1381832498834479,4.25,2.125,0.35502958579881655,0.35502958579881655,30,5.169709595615811,0.592,1384.404337648421,0.0,171.29032733726496,0.0,0.0,1555.694664985686,1898.275319660216,1.12,1.2,0.19773701246460582,1898.275319660216,0.0,1.0,55.37617350593684,863.8683066926147,0.0,111.33871276922223,0.0,0.0,1011.2015322406959,0.11783310825946053,0.5891655412973027,,0.3550295766082987,0.35502957452748574,107.16080383514063,535.8040191757033,69.97990957445376,74.87741006350485,0.0,4.487334694336148,4.8013780246817745,-0.31404333034562626,0.0018878938140313739,306.6987991704069,1022.3293649720773,0.0,0.0,306.6987991704069,1193.6196923093423,1193.6196923093423,306.6987991704069,0.17038822176133717,306.6987991704069,1717.5132753542787,1536.2003469838724,1536.2003469838724,8602.721943109684,1842.8991461542792,1842.8991461542792,10320.235218463962,0.30714985769237985,0.659865406252979,3.299327031264895,0.11783310825946054,202.37992771188135,202.37992771188135,0.0,202.37992771188135,202.37992771188135,0.0,306.6987991704069,0.0,306.6987991704069,1717.5132753542787,0.0,1555.694664985686,-0.06540691625014058,126.07153392369487
326,2040,7NB,7,NB,PM-Peak,3,Peak,PM,5.6,70,6000,1.6,6.5,75,1800,1,4,0.05,0.01,4293.2,0.0,530.4,0.0,0.0,1.1381832498834479,1.1381832498834479,1.1381832498834479,4.25,2.125,0.35502958579881655,0.35502958579881655,30,5.169709595615811,0.592,3337.748260618079,0.0,412.3594701928233,0.0,0.0,3750.107730810902,4574.826671196549,1.12,1.2,0.47654444491630715,4574.826671196549,0.0,1.0,133.50993042472317,2082.754914625681,0.0,268.03365562533514,0.0,0.0,2437.5700250270866,0.5891655412973026,2.945827706486513,,0.29657982141012734,0.2965798451286242,241.28847479971301,1206.4423739985648,63.237897183245224,72.79176822855565,3.3905205143231893,4.615906553403243,5.313269652632008,-0.6973630992287649,0.7031794241058509,617.7030806207495,2586.535249572606,0.0,0.0,617.7030806207495,2998.8947197654293,8996.684159296288,617.7030806207495,0.34316837812263856,1853.1092418622484,10377.411754428591,3823.613660151076,11470.840980453228,64236.70949053807,4441.316740771826,13323.950222315476,74614.12124496666,0.7402194567953043,3.299327031264894,16.49663515632447,0.5891655412973026,2038.004471187637,2038.004471187637,0.0,6114.0134135629105,6114.0134135629105,0.0,1853.1092418622484,0.0,1853.1092418622484,10377.411754428591,0.0,11250.323192432706,-0.1312493332393389,283.86879388201527
327,2040,7NB,7,NB,PM-Late,3,OP,PM,5.6,70,6000,1.6,6.5,75,1800,1,4,0.05,0.01,3296.2,0.0,407.5,0.0,0.0,1.1381832498834479,1.1381832498834479,1.1381832498834479,4.25,2.125,0.35502958579881655,0.35502958579881655,30,5.169709595615811,0.592,1384.7584215734075,0.0,171.19381614925175,0.0,0.0,1555.9522377226592,1898.3398700211628,1.12,1.2,0.1977437364605378,1898.3398700211628,0.0,1.0,55.3903368629363,864.0892550618064,0.0,111.27598049701363,0.0,0.0,1011.3689545197285,0.11783310825946053,0.5891655412973027,,0.35502957660980367,0.355029574527194,107.16339209979209,535.8169604989606,69.9799107139978,74.87728480318556,0.0,4.487342201085065,4.801377946496741,-0.314035745411676,0.0018877867005347524,306.77724237767376,1022.5908423327975,0.0,0.0,306.77724237767376,1193.7846584820493,3581.353975446148,306.77724237767376,0.17043180132092986,920.3317271330213,5153.857671944919,1536.1722907805529,4608.516872341659,25807.69448511329,1842.9495331582266,5528.848599474681,30961.55215705821,0.3071582555263711,0.659865406252979,3.299327031264895,0.11783310825946051,202.43168967071227,202.43168967071227,0.0,607.2950690121368,607.2950690121368,0.0,920.3317271330213,0.0,920.3317271330213,5153.857671944919,0.0,4667.856713167977,-0.06540533757414532,126.07457894093189
328,2040,7SB,7,SB,Night,8,OP,NT,5.6,70,6000,1.6,5.0,75,1800,1,4,0.05,0.01,829.7,0.0,102.4,0.0,0.0,1.1381832498834479,1.1381832498834479,1.1381832498834479,4.25,2.125,0.35502958579881655,0.35502958579881655,30,5.129702169482871,0.708,829.7,0.0,102.4,0.0,0.0,932.1,1136.9,1.12,1.2,0.11842708333333335,1136.9,0.0,1.0,33.188,517.7328000000001,0.0,66.56,0.0,0.0,605.865,0.11783310825946053,0.5891655412973027,,0.35502957347000463,0.3550295730827582,105.22179456935828,526.1089728467915,69.98867443110619,74.98416179029675,0.0,4.480946268889008,4.800776736109552,-0.31983046722054365,0.0010641284700861728,183.81045515543124,612.7015448445688,0.0,0.0,183.81045515543124,715.1015448445688,5720.812358756551,183.81045515543124,0.10211691953079513,1470.48364124345,8234.708390963318,919.9015448445689,7359.212358756551,41211.58920903668,1103.7120000000002,8829.696000000002,49446.297600000005,0.18395200000000003,0.659865406252979,3.299327031264895,0.11783310825946053,121.29016066468361,121.29016066468361,0.0,970.3212853174689,970.3212853174689,0.0,1470.48364124345,0.0,1470.48364124345,8234.708390963318,0.0,7456.8,-0.06662056679597383,123.79034655218622
329,2040,7SB,7,SB,AM-Early,1,OP,AM,5.6,70,6000,1.6,5.0,75,1800,1,4,0.05,0.01,2615.5,0.0,323.2,0.0,0.0,1.1381832498834479,1.1381832498834479,1.1381832498834479,4.25,2.125,0.35502958579881655,0.35502958579881655,30,5.194714236948899,0.715,900.55660399004,0.0,111.28269715525937,0.0,0.0,1011.8393011452994,1234.404695455818,1.12,1.2,0.12858382244331437,1234.404695455818,0.0,1.0,36.0222641596016,561.947320889785,0.0,72.3337531509186,0.0,0.0,657.6955457444446,0.11783310825946053,0.5891655412973027,,0.35502953168863466,0.355029299552993,105.21237276679615,526.0618638339809,69.98290610913881,74.97801988084163,0.0,4.481313330679924,4.8011724388239285,-0.3198591081440041,0.0016062411887824723,199.5078941691833,665.0264456612551,0.0,0.0,199.5078941691833,776.3091428165145,776.3091428165145,199.5078941691833,0.1108377189828796,199.5078941691833,1117.2442073474263,998.8745371270332,998.8745371270332,5593.697407911386,1198.3824312962165,1198.3824312962165,6710.941615258813,0.19973040521603608,0.659865406252979,3.299327031264895,0.11783310825946053,131.64835763662447,131.64835763662447,0.0,131.64835763662447,131.64835763662447,0.0,199.5078941691833,0.0,199.5078941691833,1117.2442073474263,0.0,1011.8393011452994,-0.06662104146843666,123.77926207858373
330,2040,7SB,7,SB,AM-Peak,2,Peak,AM,5.6,70,6000,1.6,5.0,75,1800,1,4,0.05,0.01,3909.7,0.0,483.7,0.0,0.0,1.1381832498834479,1.1381832498834479,1.1381832498834479,4.25,2.125,0.35502958579881655,0.35502958579881655,30,5.194714236948899,0.715,900.3043985332057,0.0,111.38379864708585,0.0,0.0,1011.6881971802916,1234.4557944744633,1.12,1.2,0.1285891452577566,1234.4557944744633,0.0,1.0,36.01217594132823,561.7899446847204,0.0,72.3994691206058,0.0,0.0,657.5973281671895,0.5891655412973026,2.945827706486513,,0.06858539779323176,0.06858539844252827,521.9110528388222,2609.555264194111,69.96478211128581,74.9997794069094,0.0,4.4800131767993685,4.802416156539431,-0.3224029797400627,0.00331013445902169,38.53058683243921,825.7616357594383,0.0,0.0,38.53058683243921,937.1454344065241,1874.2908688130483,38.53058683243921,0.02140588157357734,77.06117366487842,431.54257252331917,1159.9130317006957,2319.8260634013914,12991.025955047791,1198.443618533135,2396.88723706627,13422.568527571111,0.19974060308885583,3.299327031264894,16.49663515632447,0.5891655412973026,127.12500666676588,127.12500666676588,0.0,254.25001333353177,254.25001333353177,0.0,77.06117366487842,0.0,77.06117366487842,431.54257252331917,0.0,2023.3763943605832,-0.06713349473078209,614.0130033397909
331,2040,7SB,7,SB,AM-Shoulder,1,OP,AM,5.6,70,6000,1.6,5.0,75,1800,1,4,0.05,0.01,3793.6,0.0,468.9,0.0,0.0,1.1381832498834479,1.1381832498834479,1.1381832498834479,4.25,2.125,0.35502958579881655,0.35502958579881655,30,5.194714236948899,0.715,900.5280052491368,0.0,111.30788213341422,0.0,0.0,1011.8358873825509,1234.4516516493795,1.12,1.2,0.12858871371347702,1234.4516516493795,0.0,1.0,36.021120209965474,561.9294752754613,0.0,72.35012338671925,0.0,0.0,657.6933267986582,0.11783310825946053,0.5891655412973027,,0.35502953168939644,0.3550292995559553,105.21221858778206,526.0610929389104,69.9829017085192,74.97802267195796,0.0,4.481313163859483,4.801172740728153,-0.3198595768686694,0.0016066547975689468,199.5015584495153,665.005326589656,0.0,0.0,199.5015584495153,776.3132087230701,776.3132087230701,199.5015584495153,0.11083419913861961,199.5015584495153,1117.2087273172856,998.9289729898986,998.9289729898986,5594.002248743432,1198.430531439414,1198.430531439414,6711.210976060717,0.19973842190656899,0.659865406252979,3.299327031264895,0.11783310825946053,131.64417691439183,131.64417691439183,0.0,131.64417691439183,131.64417691439183,0.0,199.5015584495153,0.0,199.5015584495153,1117.2087273172856,0.0,1011.8358873825509,-0.0666211349063352,123.77908069150831
332,2040,7SB,7,SB,MD,5,OP,MD,5.6,70,6000,1.6,5.0,75,1800,1,4,0.05,0.01,2999.1,0.0,371.0,0.0,0.0,1.1381832498834479,1.1381832498834479,1.1381832498834479,4.25,2.125,0.35502958579881655,0.35502958579881655,30,5.1709598276824655,0.708,900.3053481846753,0.0,111.37117274399472,0.0,0.0,1011.67652092867,1234.4188664166595,1.12,1.2,0.1285852985850687,1234.4188664166595,0.0,1.0,36.01221392738701,561.7905372672374,0.0,72.39126228359657,0.0,0.0,657.5897386036355,0.11783310825946053,0.5891655412973027,,0.35502952664146153,0.3550292702468413,105.2117606993856,526.058803496928,69.98290034214399,74.97804439432015,0.0,4.481311865549979,4.801172834468242,-0.3198609689182632,0.0016067832214925074,199.45222851763964,664.8409057396485,0.0,0.0,199.45222851763964,776.2120784836433,3881.0603924182165,199.45222851763964,0.1108067936209109,997.2611425881983,5584.66239849391,998.9544239716327,4994.772119858163,27970.72387120571,1198.4066524892723,5992.033262446361,33555.38626969962,0.1997344420815454,0.659865406252979,3.299327031264895,0.11783310825946053,131.61162579885428,131.61162579885428,0.0,658.0581289942713,658.0581289942713,0.0,997.2611425881983,0.0,997.2611425881983,5584.66239849391,0.0,5058.38260464335,-0.06662142354508462,123.77854199927718
333,2040,7SB,7,SB,PM-Shoulder,1,OP,PM,5.6,70,6000,1.6,5.0,75,1800,1,4,0.05,0.01,3099.3,0.0,382.4,0.0,0.0,1.1381832498834479,1.1381832498834479,1.1381832498834479,4.25,2.125,0.35502958579881655,0.35502958579881655,30,5.169709595615811,0.592,900.9593818033486,0.0,111.16280050385586,0.0,0.0,1012.1221823072044,1234.4477833149163,1.12,1.2,0.12858831076197044,1234.4477833149163,0.0,1.0,36.03837527213395,562.1986542452895,0.0,72.25582032750631,0.0,0.0,657.8794184996829,0.11783310825946053,0.5891655412973027,,0.3550295609288209,0.3550294346755144,105.21323226462498,526.066161323125,69.98290992004908,74.97798053705142,0.0,4.4813156821949995,4.801172177376707,-0.3198564951817078,0.001605883006088964,199.5971413714791,665.3238651597355,0.0,0.0,199.5971413714791,776.4866656635913,776.4866656635913,199.5971413714791,0.11088730076193283,199.5971413714791,1117.7439916802828,998.8122666713032,998.8122666713032,5593.348693359298,1198.4094080427822,1198.4094080427822,6711.092685039581,0.1997349013404637,0.659865406252979,3.299327031264895,0.11783310825946053,131.70724877802434,131.70724877802434,0.0,131.70724877802434,131.70724877802434,0.0,199.5971413714791,0.0,199.5971413714791,1117.7439916802828,0.0,1012.1221823072044,-0.06662050086203591,123.7802732525
334,2040,7SB,7,SB,PM-Peak,3,Peak,PM,5.6,70,6000,1.6,5.0,75,1800,1,4,0.05,0.01,2974.1,0.0,367.6,0.0,0.0,1.1381832498834479,1.1381832498834479,1.1381832498834479,4.25,2.125,0.35502958579881655,0.35502958579881655,30,5.169709595615811,0.592,900.5271901222535,0.0,111.3055361584817,0.0,0.0,1011.8327262807352,1234.4437985976986,1.12,1.2,0.12858789568726026,1234.4437985976986,0.0,1.0,36.02108760489014,561.9289666362862,0.0,72.34859850301311,0.0,0.0,657.6912720824779,0.11783310825946053,0.5891655412973027,,0.35502956091173715,0.355029434506962,105.21223147335546,526.0611573667774,69.982902343491,74.9780227453797,0.0,4.481313159471187,4.80117269716595,-0.3198595376947635,0.001606595117352076,199.50139428846688,665.0047082288964,0.0,0.0,199.50139428846688,776.3102443873781,2328.9307331621344,199.50139428846688,0.11083410793803716,598.5041828654007,3351.6234240462436,998.9213167043415,2996.7639501130243,16781.878120632937,1198.4227109928083,3595.268132978425,20133.50154467918,0.19973711849880138,0.659865406252979,3.299327031264895,0.11783310825946054,131.64406859019493,131.64406859019493,0.0,394.9322057705848,394.9322057705848,0.0,598.5041828654007,0.0,598.5041828654007,3351.6234240462436,0.0,3035.4981788422056,-0.0666211273515679,123.77909585100643
335,2040,7SB,7,SB,PM-Late,3,OP,PM,5.6,70,6000,1.6,5.0,75,1800,1,4,0.05,0.01,2377.7,0.0,293.7,0.0,0.0,1.1381832498834479,1.1381832498834479,1.1381832498834479,4.25,2.125,0.35502958579881655,0.35502958579881655,30,5.169709595615811,0.592,900.7464404074104,0.0,111.26266120522205,0.0,0.0,1012.0091016126324,1234.5344240230766,1.12,1.2,0.12859733583573715,1234.5344240230766,0.0,1.0,36.02985761629642,562.0657788142241,0.0,72.32072978339433,0.0,0.0,657.8059160482111,0.11783310825946053,0.5891655412973027,,0.3550295609199183,0.3550294345868223,105.21257390942847,526.0628695471424,69.9828988703923,74.97800134073609,0.0,4.481314438791912,4.801172935437684,-0.3198584966457716,0.0016069215496272132,199.54996666052588,665.1666161305881,0.0,0.0,199.54996666052588,776.4292773358101,2329.28783200743,199.54996666052588,0.11086109258918105,598.6498999815776,3352.4394398968343,998.9545997462542,2996.8637992387626,16782.43727573707,1198.50456640678,3595.51369922034,20134.8767156339,0.19975076106779666,0.659865406252979,3.299327031264895,0.11783310825946053,131.6761198182163,131.6761198182163,0.0,395.0283594546489,395.0283594546489,0.0,598.6498999815776,0.0,598.6498999815776,3352.4394398968343,0.0,3036.027304837897,-0.06662090721308557,123.77949871697469
336,2050,1NB,1,NB,Night,8,OP,NT,3.0,70,12000,1.6,6.5,75,1800,1,4,0.05,0.01,2704.3,0.0,334.7,0.0,0.0,1.2083479154605756,1.2083479154605756,1.2083479154605756,4.69,2.345,0.17391304347826086,0.17391304347826086,30,5.953228787904948,0.708,2729.318750161543,0.0,337.7964669892647,0.0,0.0,3067.1152171508074,3742.7081511293372,1.12,1.2,0.23991718917495752,3742.7081511293372,0.0,1.0,136.46593750807716,1944.6396094900992,0.0,253.3473502419485,0.0,0.0,2300.3364128631056,0.1548252010882114,0.774126005441057,,0.17391292545918335,0.17391303154621246,147.16326912480503,735.8163456240253,69.96890417358969,74.63907162606257,0.0,2.4116055583031577,2.572571374755679,-0.16096581645252117,0.0015656405581375963,338.19796345022706,2254.6548492032384,0.0,0.0,338.19796345022706,2592.4513161925033,20739.610529540027,338.19796345022706,0.18788775747234837,2705.5837076018165,8116.75112280545,3268.044250171032,26144.354001368258,78433.06200410478,3606.2422136212595,28849.937708970076,86549.81312691023,0.3005201844684383,0.4644756032646342,2.322378016323171,0.1548252010882114,157.08470309641493,157.08470309641493,0.0,1256.6776247713194,1256.6776247713194,0.0,2705.5837076018165,0.0,2705.5837076018165,8116.75112280545,0.0,24536.92173720646,-0.06257000992550045,173.13325779388828
337,2050,1NB,1,NB,AM-Early,1,OP,AM,3.0,70,12000,1.6,6.5,75,1800,1,4,0.05,0.01,2224.6,0.0,275.5,0.0,0.0,1.2083479154605756,1.2083479154605756,1.2083479154605756,4.69,2.345,0.17391304347826086,0.17391304347826086,30,6.028677946318562,0.715,2669.52,0.0,330.59999999999997,0.0,0.0,3000.12,3661.3199999999997,1.12,1.2,0.2347,3661.3199999999997,0.0,1.0,133.476,1902.033,0.0,247.95,0.0,0.0,2250.09,0.22287386932637632,1.1143693466318816,,0.17391303794990506,0.17391276935110372,210.75493544538762,1053.774677226938,69.9730405633299,74.66954314039819,0.0,2.410621418448391,2.572419299645682,-0.1617978811972911,0.0013572976574412704,330.78833731097177,2205.255662689028,0.0,0.0,330.78833731097177,2535.855662689028,2535.855662689028,330.78833731097177,0.18377129850609542,330.78833731097177,992.3650119329153,3197.0556626890284,3197.0556626890284,9591.166988067085,3527.844,3527.844,10583.532000000001,0.293987,0.668621607979129,3.343108039895645,0.22287386932637634,221.17222999360445,221.17222999360445,0.0,221.17222999360445,221.17222999360445,0.0,330.78833731097177,0.0,330.78833731097177,992.3650119329153,0.0,3000.12,-0.06289716502266046,247.9469828769266
338,2050,1NB,1,NB,AM-Peak,2,Peak,AM,3.0,70,12000,1.6,6.5,75,1800,1,4,0.05,0.01,5054.5,0.0,624.7,0.0,0.0,1.2083479154605756,1.2083479154605756,1.2083479154605756,4.69,2.345,0.17391304347826086,0.17391304347826086,30,6.028677946318562,0.715,3032.7,0.0,374.82,0.0,0.0,3407.52,4157.16,1.12,1.2,0.2664846153846154,4157.16,0.0,1.0,151.635,2160.79875,0.0,281.115,0.0,0.0,2555.64,0.22063125097891495,1.1031562548945748,,0.17391304026028054,0.17391303572439548,216.39093520474478,1081.954676023724,69.93849973002625,74.45118246007996,0.16574690831841266,2.4176916209022514,2.5736897516364903,-0.15599813073423885,0.003097816884848892,375.79108000311385,2505.2739199968855,0.0,0.0,375.79108000311385,2880.0939199968857,5760.187839993771,375.79108000311385,0.20877282222395213,751.5821600062277,2254.746480018683,3629.7339199968856,7259.467839993771,21778.403519981315,4005.5249999999996,8011.049999999999,24033.149999999998,0.33379374999999994,0.6618937529367448,3.309468764683724,0.22063125097891495,248.73376826341354,248.73376826341354,0.0,497.4675365268271,497.4675365268271,0.0,751.5821600062277,0.0,751.5821600062277,2254.746480018683,0.0,6815.04,-0.06061264013467313,254.5775708291115
339,2050,1NB,1,NB,AM-Shoulder,1,OP,AM,3.0,70,12000,1.6,6.5,75,1800,1,4,0.05,0.01,5814.6,0.0,719.0,0.0,0.0,1.2083479154605756,1.2083479154605756,1.2083479154605756,4.69,2.345,0.17391304347826086,0.17391304347826086,30,6.028677946318562,0.715,3488.76,0.0,431.4,0.0,0.0,3920.1600000000003,4782.96,1.12,1.2,0.3066,4782.96,0.0,1.0,174.43800000000002,2485.7415,0.0,323.54999999999995,0.0,0.0,2940.1200000000003,0.22960565751848322,1.1480282875924162,,0.17391304141602174,0.1739130351925905,240.4970193996889,1202.4850969984445,69.84717397899655,74.04409791268645,0.12228721572032618,2.4309837660829876,2.5770548720285666,-0.14607110594557904,0.0077080318219938625,432.302864439024,2882.019135560976,0.0,0.0,432.302864439024,3313.419135560976,3313.419135560976,432.302864439024,0.24016825802168001,432.302864439024,1296.908593317072,4176.219135560976,4176.219135560976,12528.657406682927,4608.522,4608.522,13825.565999999999,0.3840435,0.6888169725554496,3.4440848627772485,0.22960565751848322,297.77755030993745,297.77755030993745,0.0,297.77755030993745,297.77755030993745,0.0,432.302864439024,0.0,432.302864439024,1296.908593317072,0.0,3920.1600000000003,-0.05668141083491832,282.93766988198695
340,2050,1NB,1,NB,MD,5,OP,MD,3.0,70,12000,1.6,6.5,75,1800,1,4,0.05,0.01,6175.9,0.0,763.7,0.0,0.0,1.2083479154605756,1.2083479154605756,1.2083479154605756,4.69,2.345,0.17391304347826086,0.17391304347826086,30,6.001109984590511,0.708,3705.5399999999995,0.0,458.22,0.0,0.0,4163.759999999999,5080.2,1.12,1.2,0.3256538461538461,5080.2,0.0,1.0,185.277,2640.1972499999997,0.0,343.665,0.0,0.0,3122.8199999999997,0.5458724798769954,2.7293623993849767,,0.17391303025376742,0.1739129995897502,595.1931522409345,2975.9657612046726,69.7740869066545,73.78764947340757,0.1299029070734984,2.4394326324877778,2.5797542895947667,-0.14032165710698896,0.011406233887687795,459.1647042151635,3061.098295784836,0.0,0.0,459.1647042151635,3519.3182957848358,17596.59147892418,459.1647042151635,0.2550915023417575,2295.8235210758176,6887.470563227453,4435.758295784836,22178.79147892418,66536.37443677254,4894.923,24474.614999999998,73423.845,0.40791025,1.6376174396309862,8.18808719815493,0.5458724798769954,751.9361272857551,751.9361272857551,0.0,3759.6806364287754,3759.6806364287754,0.0,2295.8235210758176,0.0,2295.8235210758176,6887.470563227453,0.0,20818.799999999996,-0.05439341943260456,700.2272379305111
341,2050,1NB,1,NB,PM-Shoulder,1,OP,PM,3.0,70,12000,1.6,6.5,75,1800,1,4,0.05,0.01,8164.8,0.0,1009.0,0.0,0.0,1.2083479154605756,1.2083479154605756,1.2083479154605756,4.69,2.345,0.17391304347826086,0.17391304347826086,30,5.999659039236403,0.592,9797.76,0.0,1210.8,0.0,0.0,11008.56,13430.16,1.12,1.2,0.8609076923076923,13430.16,0.0,1.0,489.88800000000003,6980.9039999999995,0.0,908.0999999999999,0.0,0.0,8256.42,1.8657450570799239,9.328725285399619,,0.17391303964285354,0.17391298663090587,99.65564718914324,498.27823594571623,25.028546950313547,41.59604879281466,0.3425472821088061,4.327334091191213,7.191787855576851,-2.8644537643856376,6.329892219283144,1214.0702340949547,8093.801765905045,0.0,0.0,1214.0702340949547,9304.601765905045,9304.601765905045,1214.0702340949547,0.6744834633860859,1214.0702340949547,3642.210702284864,11726.201765905043,11726.201765905043,35178.60529771513,12940.271999999997,12940.271999999997,38820.81599999999,1.0783559999999999,5.597235171239772,27.986175856198855,1.8657450570799239,6795.436614631584,6795.436614631584,0.0,6795.436614631584,6795.436614631584,0.0,1214.0702340949547,0.0,1214.0702340949547,3642.210702284864,0.0,11008.56,-0.398295086271824,117.2419378695803
342,2050,1NB,1,NB,PM-Peak,3,Peak,PM,3.0,70,12000,1.6,6.5,75,1800,1,4,0.05,0.01,8059.7,0.0,995.7,0.0,0.0,1.2083479154605756,1.2083479154605756,1.2083479154605756,4.69,2.345,0.17391304347826086,0.17391304347826086,30,5.999659039236403,0.592,9671.64,0.0,1194.84,0.0,0.0,10866.48,13256.16,1.12,1.2,0.8497538461538462,13256.16,0.0,1.0,483.582,6891.0435,0.0,896.1299999999999,0.0,0.0,8149.86,1.5805570702150047,7.902785351075023,,0.17391303908756897,0.17391299269677168,93.51109421859162,467.55547109295816,26.40823393448385,42.553224869400424,0.5276388949788169,4.229996681859854,6.816055948556111,-2.5860592666962576,5.815139506664731,1198.4423175696381,7989.615682430362,0.0,0.0,1198.4423175696381,9184.455682430362,27553.367047291085,1198.4423175696381,0.6658012875386878,3595.326952708914,10785.980858126743,11574.135682430362,34722.40704729108,104167.22114187325,12772.578,38317.734,114953.20199999999,1.0643814999999999,4.7416712106450145,23.708356053225067,1.5805570702150047,5682.619434838643,5682.619434838643,0.0,17047.858304515932,17047.858304515932,0.0,3595.326952708914,0.0,3595.326952708914,10785.980858126743,0.0,32599.44,-0.3794069893519696,110.0130520218725
343,2050,1NB,1,NB,PM-Late,3,OP,PM,3.0,70,12000,1.6,6.5,75,1800,1,4,0.05,0.01,7725.0,0.0,954.6,0.0,0.0,1.2083479154605756,1.2083479154605756,1.2083479154605756,4.69,2.345,0.17391304347826086,0.17391304347826086,30,5.999659039236403,0.592,7481.76408115158,0.0,924.542652668906,0.0,0.0,8406.306733820486,10255.392039158298,1.12,1.2,0.6573969255870704,10255.392039158298,0.0,1.0,374.08820405757905,5330.7569078205015,0.0,693.4069895016795,0.0,0.0,6304.730050365364,0.246346607153435,1.231733035767175,,0.17391304154872053,0.17391288455451084,119.07229409089099,595.3614704544549,53.3827170257494,58.91327051773639,0.26151795221563284,3.0553387788207975,3.3718778291703693,-0.31653905034957175,1.0966154831062631,927.0881475959159,6180.5877294980855,0.0,0.0,927.0881475959159,7105.130382166992,21315.391146500973,927.0881475959159,0.5150489708866199,2781.2644427877476,8343.793328363243,8954.215687504804,26862.647062514414,80587.94118754324,9881.30383510072,29643.91150530216,88931.73451590649,0.8234419862583934,0.739039821460305,3.6951991073015247,0.24634660715343498,685.1550590772506,685.1550590772506,0.0,2055.465177231752,2055.465177231752,0.0,2781.2644427877476,0.0,2781.2644427877476,8343.793328363243,0.0,25218.920201461457,-0.09387619195783684,140.08505187163647
344,2050,1SB,1,SB,Night,8,OP,NT,3.0,70,12000,1.6,5.0,75,1800,1,4,0.05,0.01,1978.1,0.0,244.1,0.0,0.0,1.2083479154605756,1.2083479154605756,1.2083479154605756,4.69,2.345,0.17391304347826086,0.17391304347826086,30,5.953228787904948,0.708,1776.3605777524697,0.0,219.20510440795604,0.0,0.0,1995.5656821604257,2433.9758909763377,1.12,1.2,0.15602409557540625,2433.9758909763377,0.0,1.0,88.81802888762348,1265.6569116486346,0.0,164.40382830596704,0.0,0.0,1496.6742616203192,0.13145553886373115,0.6572776943186558,,0.17391303742073205,0.17391303705527128,118.1533068026006,590.7665340130029,69.97607148767455,74.9349798961817,0.0,2.4020824486692347,2.572307878582536,-0.17022542991330125,0.0012046508009318454,220.11423783735714,1467.428311027489,0.0,0.0,220.11423783735714,1686.633415435445,13493.06732348356,220.11423783735714,0.12228568768742064,1760.913902698857,5282.7417080965715,2125.043624251357,17000.348994010856,51001.04698203257,2345.157862088714,18761.26289670971,56283.788690129135,0.19542982184072616,0.39436661659119343,1.9718330829559674,0.13145553886373115,86.80570723946778,86.80570723946778,0.0,694.4456579157422,694.4456579157422,0.0,1760.913902698857,0.0,1760.913902698857,5282.7417080965715,0.0,15964.525457283406,-0.06617614918129612,139.00389035600068
345,2050,1SB,1,SB,AM-Early,1,OP,AM,3.0,70,12000,1.6,5.0,75,1800,1,4,0.05,0.01,5525.8,0.0,682.7,0.0,0.0,1.2083479154605756,1.2083479154605756,1.2083479154605756,4.69,2.345,0.17391304347826086,0.17391304347826086,30,6.028677946318562,0.715,3315.48,0.0,409.62,0.0,0.0,3725.1,4544.34,1.12,1.2,0.29130384615384614,4544.34,0.0,1.0,165.774,2362.2795,0.0,307.21500000000003,0.0,0.0,2793.825,0.13145553886373115,0.6572776943186558,,0.17391303976219075,0.17391303709799835,121.08158955951205,605.4079477975603,69.46104883213833,74.21848679655201,0.11578962692041515,2.425271758684823,2.5913803927002808,-0.16610863401545783,0.02733399514224167,410.8312086129081,2738.874791387092,0.0,0.0,410.8312086129081,3148.494791387092,3148.494791387092,410.8312086129081,0.2282395603405045,410.8312086129081,1232.4936258387243,3967.734791387092,3967.734791387092,11903.204374161276,4378.566000000001,4378.566000000001,13135.698,0.36488050000000005,0.39436661659119343,1.9718330829559674,0.13145553886373115,162.01811373074332,162.01811373074332,0.0,162.01811373074332,162.01811373074332,0.0,410.8312086129081,0.0,410.8312086129081,1232.4936258387243,0.0,3725.1,-0.06410044410437506,142.44892889354358
346,2050,1SB,1,SB,AM-Peak,2,Peak,AM,3.0,70,12000,1.6,5.0,75,1800,1,4,0.05,0.01,9373.2,0.0,1158.8,0.0,0.0,1.2083479154605756,1.2083479154605756,1.2083479154605756,4.69,2.345,0.17391304347826086,0.17391304347826086,30,6.028677946318562,0.715,5623.92,0.0,695.28,0.0,0.0,6319.2,7709.76,1.12,1.2,0.4942153846153846,7709.76,0.0,1.0,281.196,4007.043,0.0,521.46,0.0,0.0,4739.4,0.6572776943186557,3.2863884715932783,,0.17391301775236825,0.1739130268857946,414.4088877924912,2072.044438962456,63.11606655004933,68.98609559311136,0.3077479939477984,2.6092214445888136,2.8518887478082124,-0.2426673032193989,0.3842304416401084,696.876940393503,4645.847059606497,0.0,0.0,696.876940393503,5341.127059606497,10682.254119212994,696.876940393503,0.38715385577416833,1393.753880787006,4181.261642361018,6731.687059606497,13463.374119212995,40390.12235763898,7428.564,14857.128,44571.384,0.619047,1.9718330829559672,9.859165414779834,0.6572776943186557,1374.1250058170428,1374.1250058170428,0.0,2748.2500116340857,2748.2500116340857,0.0,1393.753880787006,0.0,1393.753880787006,4181.261642361018,0.0,12638.4,-0.08509003144175878,487.5398679911661
347,2050,1SB,1,SB,AM-Shoulder,1,OP,AM,3.0,70,12000,1.6,5.0,75,1800,1,4,0.05,0.01,9456.5,0.0,1168.5,0.0,0.0,1.2083479154605756,1.2083479154605756,1.2083479154605756,4.69,2.345,0.17391304347826086,0.17391304347826086,30,6.028677946318562,0.715,5673.9,0.0,701.1,0.0,0.0,6375.0,7777.2,1.12,1.2,0.49853846153846154,7777.2,0.0,1.0,283.695,4042.65375,0.0,525.825,0.0,0.0,4781.25,0.6572776943186557,3.2863884715932783,,0.17391303683459736,0.17391301247014979,406.1648302257948,2030.8241511289737,62.8414498355691,68.78738996606045,0.19827808236462874,2.6167586833693157,2.864351482516522,-0.24759279914720622,0.4013043881904924,703.0701905332731,4687.134809466726,0.0,0.0,703.0701905332731,5388.234809466727,5388.234809466727,703.0701905332731,0.3905945502962629,703.0701905332731,2109.2105715998196,6790.434809466727,6790.434809466727,20371.30442840018,7493.505,7493.505,22480.515,0.6244587500000001,1.9718330829559672,9.859165414779834,0.6572776943186557,1386.3370613336633,1386.3370613336633,0.0,1386.3370613336633,1386.3370613336633,0.0,703.0701905332731,0.0,703.0701905332731,2109.2105715998196,0.0,6375.0,-0.08643939148476276,477.8409767362291
348,2050,1SB,1,SB,MD,5,OP,MD,3.0,70,12000,1.6,5.0,75,1800,1,4,0.05,0.01,7211.4,0.0,891.8,0.0,0.0,1.2083479154605756,1.2083479154605756,1.2083479154605756,4.69,2.345,0.17391304347826086,0.17391304347826086,30,6.001109984590511,0.708,4326.839999999999,0.0,535.0799999999999,0.0,0.0,4861.919999999999,5932.079999999999,1.12,1.2,0.3802615384615384,5932.079999999999,0.0,1.0,216.34199999999998,3082.8734999999997,0.0,401.30999999999995,0.0,0.0,3646.4399999999996,0.13145553886373115,0.6572776943186558,,0.173913041315265,0.17391303712743364,115.75121765437046,578.7560882718523,67.99989514740703,72.77711614515141,0.15172082044927715,2.473304927897889,2.6470629051677848,-0.17375797726989584,0.10361903722272223,536.1519063752355,3574.3460936247634,0.0,0.0,536.1519063752355,4109.426093624763,20547.130468123814,536.1519063752355,0.29786217020846417,2680.759531876178,8042.278595628533,5179.586093624763,25897.930468123814,77693.79140437144,5715.7379999999985,28578.68999999999,85736.06999999998,0.4763114999999999,0.39436661659119343,1.9718330829559674,0.13145553886373115,211.44041329611994,211.44041329611994,0.0,1057.2020664805998,1057.2020664805998,0.0,2680.759531876178,0.0,2680.759531876178,8042.278595628533,0.0,24309.599999999995,-0.06564180130765807,136.17790312278876
349,2050,1SB,1,SB,PM-Shoulder,1,OP,PM,3.0,70,12000,1.6,5.0,75,1800,1,4,0.05,0.01,5870.2,0.0,725.0,0.0,0.0,1.2083479154605756,1.2083479154605756,1.2083479154605756,4.69,2.345,0.17391304347826086,0.17391304347826086,30,5.999659039236403,0.592,3522.12,0.0,435.0,0.0,0.0,3957.12,4827.12,1.12,1.2,0.30943076923076923,4827.12,0.0,1.0,176.106,2509.5105000000003,0.0,326.25,0.0,0.0,2967.84,0.13145553886373115,0.6572776943186558,,0.17391302038197112,0.17391282770356706,120.99824199402465,604.9912099701232,69.27315905847193,74.00749943913654,0.12282657774517008,2.432185945534226,2.598409000635672,-0.16622305510144608,0.03696318801372761,436.4365507352706,2909.5774492647297,0.0,0.0,436.4365507352706,3344.5774492647297,3344.5774492647297,436.4365507352706,0.24246475040848367,436.4365507352706,1309.3096522058117,4214.57744926473,4214.57744926473,12643.73234779419,4651.014,4651.014,13953.042000000001,0.3875845,0.39436661659119343,1.9718330829559674,0.13145553886373115,172.1160058701994,172.1160058701994,0.0,172.1160058701994,172.1160058701994,0.0,436.4365507352706,0.0,436.4365507352706,1309.3096522058117,0.0,3957.12,-0.06397108964015344,142.35087293414665
350,2050,1SB,1,SB,PM-Peak,3,Peak,PM,3.0,70,12000,1.6,5.0,75,1800,1,4,0.05,0.01,7547.3,0.0,932.8,0.0,0.0,1.2083479154605756,1.2083479154605756,1.2083479154605756,4.69,2.345,0.17391304347826086,0.17391304347826086,30,5.999659039236403,0.592,4528.38,0.0,559.68,0.0,0.0,5088.06,6207.42,1.12,1.2,0.3979115384615385,6207.42,0.0,1.0,226.419,3226.4707500000004,0.0,419.76,0.0,0.0,3816.045,0.13145553886373115,0.6572776943186558,,0.1739130321879222,0.17391291072065101,112.75933376841294,563.7966688420647,67.50889266092244,72.34880697192168,0.24749954955058204,2.487947037880768,2.6663153979445005,-0.17836836006373247,0.12999495232682307,561.1253113981395,3740.835688601861,0.0,0.0,561.1253113981395,4300.515688601861,12901.547065805584,561.1253113981395,0.3117362841100775,1683.3759341944185,5050.127802583255,5419.875688601861,16259.627065805584,48778.88119741675,5981.001,17943.003,53829.009000000005,0.49841675,0.39436661659119343,1.9718330829559674,0.13145553886373115,221.2890905397641,221.2890905397641,0.0,663.8672716192923,663.8672716192923,0.0,1683.3759341944185,0.0,1683.3759341944185,5050.127802583255,0.0,15264.18,-0.06689694707581822,132.65803972754463
351,2050,1SB,1,SB,PM-Late,3,OP,PM,3.0,70,12000,1.6,5.0,75,1800,1,4,0.05,0.01,5528.2,0.0,683.9,0.0,0.0,1.2083479154605756,1.2083479154605756,1.2083479154605756,4.69,2.345,0.17391304347826086,0.17391304347826086,30,5.999659039236403,0.592,3316.9199999999996,0.0,410.34,0.0,0.0,3727.2599999999998,4547.94,1.12,1.2,0.29153461538461534,4547.94,0.0,1.0,165.846,2363.3054999999995,0.0,307.755,0.0,0.0,2795.4449999999997,0.13145553886373115,0.6572776943186558,,0.1739130190486536,0.17391283910668928,121.05332087157953,605.2666043578976,69.4588317589867,74.21714262923895,0.11649057705285087,2.425315683456214,2.591463107594108,-0.16614742413789374,0.027447314546785208,411.00959443928775,2740.0644055607117,0.0,0.0,411.00959443928775,3150.404405560712,9451.213216682136,411.00959443928775,0.22833866357738208,1233.0287833178631,3699.0863499535894,3971.0844055607117,11913.253216682135,35739.759650046406,4382.093999999999,13146.281999999997,39438.846,0.3651744999999999,0.39436661659119343,1.9718330829559674,0.13145553886373115,162.0884631455405,162.0884631455405,0.0,486.2653894366215,486.2653894366215,0.0,1233.0287833178631,0.0,1233.0287833178631,3699.0863499535894,0.0,11181.779999999999,-0.06411336655768315,142.41567161362295
352,2050,2NB,2,NB,Night,8,OP,NT,2.2,70,12000,1.6,6.5,75,1800,1,4,0.05,0.01,3890.9,0.0,480.9,0.0,0.0,1.2083479154605756,1.2083479154605756,1.2083479154605756,4.69,2.345,0.17391304347826086,0.17391304347826086,30,5.953228787904948,0.708,2730.3229485147,0.0,337.4572222212648,0.0,0.0,3067.7801707359645,3742.694615178494,1.12,1.2,0.23991632148580092,3742.694615178494,0.0,1.0,136.516147425735,1945.3551008167235,0.0,253.09291666594856,0.0,0.0,2300.8351280519732,0.1548252010882114,0.774126005441057,,0.1739129255137307,0.1739130315395166,147.17917020210268,735.8958510105134,69.96891236015627,74.6385427083733,0.0,1.7685232751093307,1.8865521207553781,-0.11802884564604743,0.0011478340062966485,338.3223967460949,2255.4844043428698,0.0,0.0,338.3223967460949,2592.9416265641344,20743.533012513075,338.3223967460949,0.18795688708116384,2706.5791739687593,5954.474182731271,3267.856071006664,26142.848568053312,57514.26684971729,3606.178467752759,28849.42774202207,63468.74103244856,0.3005148723127299,0.3406154423940651,1.7030772119703257,0.1548252010882114,115.23783283949153,115.23783283949153,0.0,921.9026627159323,921.9026627159323,0.0,2706.5791739687593,0.0,2706.5791739687593,5954.474182731271,0.0,24542.241365887716,-0.06256325724983867,173.1519649436502
353,2050,2NB,2,NB,AM-Early,1,OP,AM,2.2,70,12000,1.6,6.5,75,1800,1,4,0.05,0.01,3729.0,0.0,460.4,0.0,0.0,1.2083479154605756,1.2083479154605756,1.2083479154605756,4.69,2.345,0.17391304347826086,0.17391304347826086,30,6.028677946318562,0.715,2731.1841113023565,0.0,337.204924870905,0.0,0.0,3068.3890361732615,3742.798885915072,1.12,1.2,0.2399230055073764,3742.798885915072,0.0,1.0,136.55920556511782,1945.968679302929,0.0,252.90369365317878,0.0,0.0,2301.2917771299462,0.22287386932637632,1.1143693466318816,,0.17391302524955587,0.17391303631608213,211.8866060799051,1059.4330303995257,69.96891251634551,74.63808808095365,0.0,1.768534047346319,1.8865521165440915,-0.11801806919777258,0.0011478282368340199,338.4293000584552,2256.1956056787835,0.0,0.0,338.4293000584552,2593.4005305496885,2593.4005305496885,338.4293000584552,0.1880162778102529,338.4293000584552,744.5444601286016,3267.8103802914984,3267.8103802914984,7189.182836641297,3606.2396803499537,3606.2396803499537,7933.727296769899,0.30051997336249614,0.49032251251802794,2.4516125625901397,0.22287386932637632,165.93950471437935,165.93950471437935,0.0,165.93950471437935,165.93950471437935,0.0,338.4293000584552,0.0,338.4293000584552,744.5444601286016,0.0,3068.3890361732615,-0.06255754514429515,249.27836009400605
354,2050,2NB,2,NB,AM-Peak,2,Peak,AM,2.2,70,12000,1.6,6.5,75,1800,1,4,0.05,0.01,7687.5,0.0,949.8,0.0,0.0,1.2083479154605756,1.2083479154605756,1.2083479154605756,4.69,2.345,0.17391304347826086,0.17391304347826086,30,6.028677946318562,0.715,5247.440811820382,0.0,648.3277116184714,0.0,0.0,5895.768523438854,7192.423946675796,1.12,1.2,0.46105281709460233,7192.423946675796,0.0,1.0,262.37204059101913,3738.8015784220224,0.0,486.2457837138536,0.0,0.0,4421.82639257914,0.22063125097891495,1.1031562548945748,,0.17391301534286688,0.17391301259977482,364.4705410207199,1822.3527051035999,67.8939119301469,70.3516092185235,0.21001247879791476,1.8762897034805073,1.9442096683986787,-0.06791996491817143,0.08013867427761866,650.2262562720441,4334.842514957319,0.0,0.0,650.2262562720441,4983.17022657579,9966.34045315158,650.2262562720441,0.36123680904002453,1300.4525125440882,2860.995527596994,6279.825649812733,12559.651299625466,27631.232859176027,6930.051906084777,13860.103812169555,30492.228386773022,0.5775043255070648,0.48538875215361293,2.4269437607680646,0.22063125097891498,315.61251114940285,315.61251114940285,0.0,631.2250222988057,631.2250222988057,0.0,1300.4525125440882,0.0,1300.4525125440882,2860.995527596994,0.0,11791.537046877707,-0.03493448573070453,428.7888717890823
355,2050,2NB,2,NB,AM-Shoulder,1,OP,AM,2.2,70,12000,1.6,6.5,75,1800,1,4,0.05,0.01,8789.5,0.0,1086.3,0.0,0.0,1.2083479154605756,1.2083479154605756,1.2083479154605756,4.69,2.345,0.17391304347826086,0.17391304347826086,30,6.028677946318562,0.715,6133.651611232606,0.0,758.06197682257,0.0,0.0,6891.713588055176,8407.837541700315,1.12,1.2,0.5389639449807895,8407.837541700315,0.0,1.0,306.68258056163035,4370.226773003233,0.0,568.5464826169275,0.0,0.0,5168.785191041382,0.22960565751848322,1.1480282875924162,,0.17391304164758134,0.1739130156731387,367.8637035811799,1839.3185179058996,64.48100059261694,66.76499567772248,0.15731995701806323,1.977083929386736,2.0471146351149208,-0.07003070572818482,0.22111847867887002,760.0394307826862,5066.92959988829,0.0,0.0,760.0394307826862,5824.99157671086,5824.99157671086,760.0394307826862,0.42224412821260343,760.0394307826862,1672.0867477219097,7341.115530356,7341.115530356,16150.454166783202,8101.154961138686,8101.154961138686,17822.540914505113,0.6750962467615572,0.5051324465406631,2.525662232703316,0.22960565751848322,383.92057713863124,383.92057713863124,0.0,383.92057713863124,383.92057713863124,0.0,760.0394307826862,0.0,760.0394307826862,1672.0867477219097,0.0,6891.713588055176,-0.034209469526973235,432.78082774256467
356,2050,2NB,2,NB,MD,5,OP,MD,2.2,70,12000,1.6,6.5,75,1800,1,4,0.05,0.01,9208.8,0.0,1138.3,0.0,0.0,1.2083479154605756,1.2083479154605756,1.2083479154605756,4.69,2.345,0.17391304347826086,0.17391304347826086,30,6.001109984590511,0.708,8188.938602125399,0.0,1012.2349069150531,0.0,0.0,9201.17350904045,11225.643322870557,1.12,1.2,0.7195925206968306,11225.643322870557,0.0,1.0,409.44693010627,5834.618754014346,0.0,759.1761801862898,0.0,0.0,6900.880131780338,0.5458724798769954,2.7293623993849767,,0.1739130166543823,0.1739129559896131,124.37333114086026,621.8666557043011,44.86521040455054,53.88410326669435,0.21017528400902524,2.4497020827585883,2.9421460149134093,-0.4924439321548211,1.4473114690028002,1014.7161485388683,6764.77552348026,0.0,0.0,1014.7161485388683,7777.010430395313,38885.05215197657,1014.7161485388683,0.5637311936327046,5073.580742694341,11161.877633927552,9801.480244225419,49007.40122112709,107816.28268647961,10816.196392764286,54080.98196382143,118978.16032040716,0.9013496993970239,1.2009194557293899,6.0045972786469495,0.5458724798769954,1218.5923648231205,1218.5923648231205,0.0,6092.961824115602,6092.961824115602,0.0,5073.580742694341,0.0,5073.580742694341,11161.877633927552,0.0,46005.86754520226,-0.16737576233765347,146.32156604807088
357,2050,2NB,2,NB,PM-Shoulder,1,OP,PM,2.2,70,12000,1.6,6.5,75,1800,1,4,0.05,0.01,9996.7,0.0,1234.9,0.0,0.0,1.2083479154605756,1.2083479154605756,1.2083479154605756,4.69,2.345,0.17391304347826086,0.17391304347826086,30,5.999659039236403,0.592,10856.704293779549,0.0,1341.1369884450235,0.0,0.0,12197.841282224572,14880.11525911462,1.12,1.2,0.9538535422509372,14880.11525911462,0.0,1.0,542.8352146889774,7735.401809317928,0.0,1005.8527413337677,0.0,0.0,9148.380961668428,1.8657450570799239,9.328725285399619,,0.1739129747495496,0.17391302708694187,45.58595099204674,227.9297549602337,15.560660799700827,33.92617939248078,0.277888988579561,3.8908006254678877,8.482930236647654,-4.592129611179766,9.038185852778717,1345.286739541529,8968.582339549042,0.0,0.0,1345.286739541529,10309.719327994066,10309.719327994066,1345.286739541529,0.7473815219675161,1345.286739541529,2959.630826991364,12991.993304884112,12991.993304884112,28582.38527074505,14337.28004442564,14337.28004442564,31542.016097736414,1.19477333703547,4.104639125575833,20.523195627879165,1.8657450570799239,5521.916586240505,5521.916586240505,0.0,5521.916586240505,5521.916586240505,0.0,1345.286739541529,0.0,1345.286739541529,2959.630826991364,0.0,12197.841282224572,-0.5413376608168968,53.63053057887851
358,2050,2NB,2,NB,PM-Peak,3,Peak,PM,2.2,70,12000,1.6,6.5,75,1800,1,4,0.05,0.01,8708.6,0.0,1076.6,0.0,0.0,1.2083479154605756,1.2083479154605756,1.2083479154605756,4.69,2.345,0.17391304347826086,0.17391304347826086,30,5.999659039236403,0.592,10450.32,0.0,1291.9199999999998,0.0,0.0,11742.24,14326.079999999998,1.12,1.2,0.9183384615384614,14326.079999999998,0.0,1.0,522.516,7445.853,0.0,968.9399999999998,0.0,0.0,8806.68,1.5805570702150047,7.902785351075023,,0.17391295110248792,0.17391301985744578,51.36681769592514,256.8340884796257,18.745667873094078,36.776662095722905,0.41930225024383067,3.58923274919372,7.041626945149362,-3.4523941959556423,7.063600343426057,1294.930268705313,8632.873731294687,0.0,0.0,1294.930268705313,9924.793731294687,29774.38119388406,1294.930268705313,0.719405704836285,3884.7908061159387,8546.539773455066,12508.633731294685,37525.901193884056,82556.98262654492,13803.563999999998,41410.691999999995,91103.52239999999,1.150297,3.4772255544730104,17.38612777236505,1.5805570702150047,4502.764621602716,4502.764621602716,0.0,13508.293864808147,13508.293864808147,0.0,3884.7908061159387,0.0,3884.7908061159387,8546.539773455066,0.0,35226.72,-0.49028359821501627,60.431550230500164
359,2050,2NB,2,NB,PM-Late,3,OP,PM,2.2,70,12000,1.6,6.5,75,1800,1,4,0.05,0.01,8985.3,0.0,1110.5,0.0,0.0,1.2083479154605756,1.2083479154605756,1.2083479154605756,4.69,2.345,0.17391304347826086,0.17391304347826086,30,5.999659039236403,0.592,9018.502437656642,0.0,1114.6035142975418,0.0,0.0,10133.105951954183,12362.312980549268,1.12,1.2,0.7924559602916198,12362.312980549268,0.0,1.0,450.9251218828321,6425.682986830358,0.0,835.9526357231564,0.0,0.0,7599.829463965638,0.246346607153435,1.231733035767175,,0.1739130367779792,0.1739130384979403,25.391077970402865,126.95538985201432,34.16890972587934,47.57466264324329,0.23131343125333528,2.774586148720638,3.863161015641771,-1.088574866921133,2.709102020000655,1117.5100416122632,7450.067274161546,0.0,0.0,1117.5100416122632,8564.670788459089,25694.012365377268,1117.5100416122632,0.6208389120068128,3352.5301248367896,7375.566274640938,10793.877817054172,32381.633451162517,71239.59359255755,11911.387858666436,35734.16357599931,78615.15986719848,0.9926156548888697,0.541962535737557,2.709812678687785,0.246346607153435,605.6485758643651,605.6485758643651,0.0,1816.9457275930952,1816.9457275930952,0.0,3352.5301248367896,0.0,3352.5301248367896,7375.566274640938,0.0,30399.31785586255,-0.281783457255222,29.871856435768073
360,2050,2SB,2,SB,Night,8,OP,NT,2.2,70,12000,1.6,5.0,75,1800,1,4,0.05,0.01,3123.6,0.0,385.5,0.0,0.0,1.2083479154605756,1.2083479154605756,1.2083479154605756,4.69,2.345,0.17391304347826086,0.17391304347826086,30,5.953228787904948,0.708,1874.1599999999999,0.0,231.29999999999998,0.0,0.0,2105.46,2568.06,1.12,1.2,0.16461923076923077,2568.06,0.0,1.0,93.708,1335.339,0.0,173.475,0.0,0.0,1579.095,0.19408884885441063,0.9704442442720531,,0.17391303729232496,0.17391303982515813,174.68206704580305,873.4103352290151,69.96871608069767,74.91945106519373,0.0,1.7618922472501257,1.8865574129981062,-0.12466516574798048,0.001155084378834305,232.23286130489592,1548.2191386951038,0.0,0.0,232.23286130489592,1779.5191386951037,14236.15310956083,232.23286130489592,0.12901825628049773,1857.8628904391674,4087.2983589661685,2242.1191386951036,17936.95310956083,39461.29684103383,2474.3519999999994,19794.815999999995,43548.595199999996,0.20619599999999996,0.4269954674797034,2.134977337398517,0.19408884885441066,99.16237917703316,99.16237917703316,0.0,793.2990334162653,793.2990334162653,0.0,1857.8628904391674,0.0,1857.8628904391674,4087.2983589661685,0.0,16843.68,-0.06608076960131487,205.50831417153302
361,2050,2SB,2,SB,AM-Early,1,OP,AM,2.2,70,12000,1.6,5.0,75,1800,1,4,0.05,0.01,8423.4,0.0,1041.6,0.0,0.0,1.2083479154605756,1.2083479154605756,1.2083479154605756,4.69,2.345,0.17391304347826086,0.17391304347826086,30,6.028677946318562,0.715,7266.765894233583,0.0,898.5757954547688,0.0,0.0,8165.341689688352,9962.49328059789,1.12,1.2,0.6386213641408903,9962.49328059789,0.0,1.0,363.33829471167917,5177.570699641428,0.0,673.9318465910766,0.0,0.0,6124.006267266264,1.0455577301644823,5.227788650822411,,0.17391301702018225,0.1739130297695776,267.19883527927533,1335.9941763963768,50.252803727418254,60.337978682157576,0.1867980204181955,2.1876768642737687,2.6267191123503415,-0.43904224807657277,1.0151766124913966,900.4469412099367,6002.980658311967,0.0,0.0,900.4469412099367,6901.556453766736,6901.556453766736,900.4469412099367,0.5002483006721871,900.4469412099367,1980.9832706618608,8698.708044676274,8698.708044676274,19137.157698287803,9599.15498588621,9599.15498588621,21118.140968949665,0.7999295821571842,2.3002270063618613,11.501135031809307,1.0455577301644823,2071.2323719670276,2071.2323719670276,0.0,2071.2323719670276,2071.2323719670276,0.0,900.4469412099367,0.0,900.4469412099367,1980.9832706618608,0.0,8165.341689688352,-0.16714472667148852,314.3515709167945
362,2050,2SB,2,SB,AM-Peak,2,Peak,AM,2.2,70,12000,1.6,5.0,75,1800,1,4,0.05,0.01,11248.5,0.0,1389.6,0.0,0.0,1.2083479154605756,1.2083479154605756,1.2083479154605756,4.69,2.345,0.17391304347826086,0.17391304347826086,30,6.028677946318562,0.715,9220.878831493179,0.0,1139.11483524407,0.0,0.0,10359.99366673725,12638.223337225389,1.12,1.2,0.8101425216170121,12638.223337225389,0.0,1.0,461.04394157465896,6569.87616743889,0.0,854.3361264330525,0.0,0.0,7769.995250052937,1.6218834170762888,8.109417085381445,,0.17391300840568832,0.17391299299385787,125.40173192422561,627.0086596211281,30.556222033989688,46.012799720511175,0.36885013766088526,2.868766969230047,4.319905774122461,-1.4511388048924139,3.3348423391191995,1142.586929132131,7617.24796078639,0.0,0.0,1142.586929132131,8756.36279603046,17512.72559206092,1142.586929132131,0.6347705161845172,2285.173858264262,5027.382488181377,11034.5924665186,22069.1849330372,48552.20685268184,12177.17939565073,24354.35879130146,53579.58934086322,1.0147649496375608,3.5681435175678358,17.84071758783918,1.6218834170762888,4076.914144440553,4076.914144440553,0.0,8153.828288881106,8153.828288881106,0.0,2285.173858264262,0.0,2285.173858264262,5027.382488181377,0.0,20719.9873334745,-0.3359190873062957,147.53144932261836
363,2050,2SB,2,SB,AM-Shoulder,1,OP,AM,2.2,70,12000,1.6,5.0,75,1800,1,4,0.05,0.01,9997.9,0.0,1236.1,0.0,0.0,1.2083479154605756,1.2083479154605756,1.2083479154605756,4.69,2.345,0.17391304347826086,0.17391304347826086,30,6.028677946318562,0.715,8794.332601081544,0.0,1087.295784934526,0.0,0.0,9881.62838601607,12056.21995588512,1.12,1.2,0.7728346125567385,12056.21995588512,0.0,1.0,439.7166300540772,6265.9619782705995,0.0,815.4718387008945,0.0,0.0,7411.221289512052,0.8986455320457242,4.493227660228621,,0.17391302042152912,0.17391303513820808,89.10855401447289,445.5427700723645,34.655426056710674,49.30140892885815,0.22591386168866293,2.6774082702276476,3.8089273461533315,-1.131519075925684,2.6348018928014936,1089.7323734874997,7264.883597539966,0.0,0.0,1089.7323734874997,8352.179382474493,8352.179382474493,1089.7323734874997,0.605406874159722,1089.7323734874997,2397.4112216724993,10526.770952343544,10526.770952343544,23158.8960951558,11616.503325831043,11616.503325831043,25556.3073168283,0.9680419438192536,1.9770201705005934,9.885100852502967,0.8986455320457242,2154.422882832273,2154.422882832273,0.0,2154.422882832273,2154.422882832273,0.0,1089.7323734874997,0.0,1089.7323734874997,2397.4112216724993,0.0,9881.62838601607,-0.2970702702083343,104.8335929582034
364,2050,2SB,2,SB,MD,5,OP,MD,2.2,70,12000,1.6,5.0,75,1800,1,4,0.05,0.01,9297.0,0.0,1149.1,0.0,0.0,1.2083479154605756,1.2083479154605756,1.2083479154605756,4.69,2.345,0.17391304347826086,0.17391304347826086,30,6.001109984590511,0.708,7741.901855476995,0.0,956.8914082100263,0.0,0.0,8698.793263687021,10612.576080107074,1.12,1.2,0.6802933384684021,10612.576080107074,0.0,1.0,387.09509277384973,5516.105072027359,0.0,717.6685561575197,0.0,0.0,6524.094947765266,0.24775664001450443,1.238783200072522,,0.17391303853312526,0.17391303741686565,47.02715999190083,235.13579995950414,45.48431752424909,57.11843546093779,0.1986264352478962,2.3109876686008373,2.9020991670288714,-0.5911114984280341,1.3924472874009832,959.3225939442617,6395.484168758883,0.0,0.0,959.3225939442617,7352.37557696891,36761.87788484455,959.3225939442617,0.532956996635701,4796.612969721308,10552.548533386878,9266.158393388961,46330.79196694481,101927.74232727858,10225.480987333223,51127.40493666612,112480.29086066547,0.8521234156111019,0.5450646080319098,2.725323040159549,0.24775664001450443,522.892793644384,522.892793644384,0.0,2614.4639682219204,2614.4639682219204,0.0,4796.612969721308,0.0,4796.612969721308,10552.548533386878,0.0,43493.96631843511,-0.20368411429344982,55.32607057870686
365,2050,2SB,2,SB,PM-Shoulder,1,OP,PM,2.2,70,12000,1.6,5.0,75,1800,1,4,0.05,0.01,6194.0,0.0,766.1,0.0,0.0,1.2083479154605756,1.2083479154605756,1.2083479154605756,4.69,2.345,0.17391304347826086,0.17391304347826086,30,5.999659039236403,0.592,6334.78324142933,0.0,783.5126640715224,0.0,0.0,7118.295905500852,8685.321233643897,1.12,1.2,0.5567513611310191,8685.321233643897,0.0,1.0,316.7391620714665,4513.533059518398,0.0,587.6344980536418,0.0,0.0,5338.721929125639,0.2456235109853627,1.2281175549268135,,0.1739130299546249,0.17391303338794764,109.40018700891272,547.0009350445636,58.43554900769507,65.77015502546237,0.1630004078104809,2.0069893396008767,2.2588989449319214,-0.2519096053310448,0.5112629831281615,784.9622101812129,5233.081869176651,0.0,0.0,784.9622101812129,6016.594533248173,6016.594533248173,784.9622101812129,0.4360901167673405,784.9622101812129,1726.9168623986684,7583.619861391218,7583.619861391218,16683.96369506068,8368.582071572431,8368.582071572431,18410.88055745935,0.6973818392977026,0.540371724167798,2.70185862083899,0.24562351098536267,424.17138292218743,424.17138292218743,0.0,424.17138292218743,424.17138292218743,0.0,784.9622101812129,0.0,784.9622101812129,1726.9168623986684,0.0,7118.295905500852,-0.11151875824114692,128.70610236342674
366,2050,2SB,2,SB,PM-Peak,3,Peak,PM,2.2,70,12000,1.6,5.0,75,1800,1,4,0.05,0.01,8459.6,0.0,1045.2,0.0,0.0,1.2083479154605756,1.2083479154605756,1.2083479154605756,4.69,2.345,0.17391304347826086,0.17391304347826086,30,5.999659039236403,0.592,5075.76,0.0,627.12,0.0,0.0,5702.88,6957.120000000001,1.12,1.2,0.44596923076923084,6957.120000000001,0.0,1.0,253.788,3616.479,0.0,470.34000000000003,0.0,0.0,4277.16,0.27909350038344527,1.3954675019172265,,0.17391304149535475,0.17391303657741128,213.07773358623598,1065.38866793118,65.71206148131847,70.89906031821275,0.20314619186525035,1.8618018265341025,2.0087636428439666,-0.14696181630986405,0.16857761926766293,628.952862394079,4193.019137605921,0.0,0.0,628.952862394079,4820.139137605921,14460.417412817762,628.952862394079,0.34941825688559947,1886.858587182237,4151.088891800921,6074.379137605922,18223.137412817763,40090.90230819908,6703.332,20109.996,44241.991200000004,0.5586110000000001,0.6140057008435796,3.0700285042178983,0.27909350038344527,386.180643071852,386.180643071852,0.0,1158.541929215556,1158.541929215556,0.0,1886.858587182237,0.0,1886.858587182237,4151.088891800921,0.0,17108.64,-0.07316033264212135,250.67968657204236
367,2050,2SB,2,SB,PM-Late,3,OP,PM,2.2,70,12000,1.6,5.0,75,1800,1,4,0.05,0.01,7694.8,0.0,951.0,0.0,0.0,1.2083479154605756,1.2083479154605756,1.2083479154605756,4.69,2.345,0.17391304347826086,0.17391304347826086,30,5.999659039236403,0.592,4616.88,0.0,570.6,0.0,0.0,5187.4800000000005,6328.68,1.12,1.2,0.4056846153846154,6328.68,0.0,1.0,230.84400000000002,3289.527,0.0,427.95000000000005,0.0,0.0,3890.6100000000006,0.215214358645291,1.076071793226455,,0.1739130424502457,0.17391303669008557,181.99621110235762,909.9810555117881,67.26577787095852,72.14352581366684,0.11841398093836407,1.8296860114784406,1.9623648782182594,-0.13267886673981888,0.1050113117304442,572.0916487922294,3813.9443512077705,0.0,0.0,572.0916487922294,4384.544351207771,13153.633053623313,572.0916487922294,0.3178286937734608,1716.2749463766881,3775.804882028714,5525.744351207771,16577.233053623313,36469.91271797129,6097.836,18293.508,40245.7176,0.508153,0.47347158901964026,2.367357945098201,0.215214358645291,270.86914201852284,270.86914201852284,0.0,812.6074260555686,812.6074260555686,0.0,1716.2749463766881,0.0,1716.2749463766881,3775.804882028714,0.0,15562.440000000002,-0.06761172104766032,214.11318953218546
368,2050,3NB,3,NB,Night,8,OP,NT,3.4,70,12000,1.6,6.5,75,1800,1,4,0.05,0.01,4046.8,0.0,500.3,0.0,0.0,1.2083479154605756,1.2083479154605756,1.2083479154605756,4.69,2.345,0.17391304347826086,0.17391304347826086,30,5.953228787904948,0.708,2730.239387110131,0.0,337.53552569220085,0.0,0.0,3067.7749128023315,3742.8459641867335,1.12,1.2,0.2399260233453034,3742.8459641867335,0.0,1.0,136.51196935550655,1945.2955633159681,0.0,253.15164426915064,0.0,0.0,2300.8311846017486,0.1548252010882114,0.774126005441057,,0.17391292550862458,0.1739130315400471,147.1775465584123,735.8877327920615,69.9689027651146,74.63858674268346,0.0,2.733170721778134,2.9155809500804577,-0.18241022830232367,0.001774473038798527,338.3120423952279,2255.4153753593964,0.0,0.0,338.3120423952279,2592.950901051597,20743.607208412777,338.3120423952279,0.18795113466401547,2706.496339161823,9202.087553150199,3268.021952435999,26144.175619487993,88890.19710625918,3606.333994831227,28850.671958649815,98092.28465940937,0.3005278329026022,0.5264056836999188,2.6320284184995937,0.1548252010882114,178.08938198097584,178.08938198097584,0.0,1424.7150558478068,1424.7150558478068,0.0,2706.496339161823,0.0,2706.496339161823,9202.087553150199,0.0,24542.199302418652,-0.06256393886003746,173.15005477460267
369,2050,3NB,3,NB,AM-Early,1,OP,AM,3.4,70,12000,1.6,6.5,75,1800,1,4,0.05,0.01,3877.6,0.0,479.7,0.0,0.0,1.2083479154605756,1.2083479154605756,1.2083479154605756,4.69,2.345,0.17391304347826086,0.17391304347826086,30,6.028677946318562,0.715,2729.647766140744,0.0,337.6862062661736,0.0,0.0,3067.3339724069174,3742.706384939265,1.12,1.2,0.2399170759576452,3742.706384939265,0.0,1.0,136.4823883070372,1944.87403337528,0.0,253.2646546996302,0.0,0.0,2300.500479305188,0.22287386932637632,1.1143693466318816,,0.173913025201248,0.17391303619900983,211.85188443891425,1059.2594221945715,69.96890670919053,74.63889780742626,0.0,2.7331593310278337,2.915580785732132,-0.18242145470429838,0.0017742478815927192,338.2389267796479,2254.926451054059,0.0,0.0,338.2389267796479,2592.6126573202323,2592.6126573202323,338.2389267796479,0.18791051487758217,338.2389267796479,1150.0123510508029,3267.9850698525797,3267.9850698525797,11111.14923749877,3606.2239966322277,3606.2239966322277,12261.161588549574,0.300518666386019,0.7577711557096795,3.788855778548397,0.22287386932637632,256.30770245181543,256.30770245181543,0.0,256.30770245181543,256.30770245181543,0.0,338.2389267796479,0.0,338.2389267796479,1150.0123510508029,0.0,3067.3339724069174,-0.06256779287235235,249.23751110460503
370,2050,3NB,3,NB,AM-Peak,2,Peak,AM,3.4,70,12000,1.6,6.5,75,1800,1,4,0.05,0.01,7995.6,0.0,988.4,0.0,0.0,1.2083479154605756,1.2083479154605756,1.2083479154605756,4.69,2.345,0.17391304347826086,0.17391304347826086,30,6.028677946318562,0.715,4797.36,0.0,593.04,0.0,0.0,5390.4,6576.48,1.12,1.2,0.42156923076923075,6576.48,0.0,1.0,239.868,3418.1189999999997,0.0,444.78,0.0,0.0,4042.7999999999997,0.22063125097891495,1.1031562548945748,,0.17391301508427148,0.173913023971986,320.79426442926285,1603.9713221463144,68.80714219129688,71.69088704700603,0.2974070270573264,2.8455499492737757,2.9648084995717654,-0.11925855029798971,0.06921621584189008,594.4553812068349,3963.0366187931645,0.0,0.0,594.4553812068349,4556.076618793164,9112.153237586328,594.4553812068349,0.3302529895593527,1188.9107624136698,4042.2965922064773,5742.156618793164,11484.313237586328,39046.66500779351,6336.611999999999,12673.223999999998,43088.96159999999,0.5280509999999999,0.7501462533283109,3.750731266641554,0.22063125097891492,445.92847698315995,445.92847698315995,0.0,891.8569539663199,891.8569539663199,0.0,1188.9107624136698,0.0,1188.9107624136698,4042.2965922064773,0.0,10780.8,-0.04022470601902798,377.4050169756033
371,2050,3NB,3,NB,AM-Shoulder,1,OP,AM,3.4,70,12000,1.6,6.5,75,1800,1,4,0.05,0.01,9141.2,0.0,1129.8,0.0,0.0,1.2083479154605756,1.2083479154605756,1.2083479154605756,4.69,2.345,0.17391304347826086,0.17391304347826086,30,6.028677946318562,0.715,5484.72,0.0,677.88,0.0,0.0,6162.6,7518.360000000001,1.12,1.2,0.48194615384615386,7518.360000000001,0.0,1.0,274.23600000000005,3907.8630000000003,0.0,508.40999999999997,0.0,0.0,4621.950000000001,0.22960565751848322,1.1480282875924162,,0.17391301744498158,0.1739130136399585,396.63749940437623,1983.1874970218814,67.21854406645434,69.51783035861047,0.21743534025053463,2.9344989472148075,3.0348768012338865,-0.10037785401907895,0.1652097891189963,679.6282460915982,4530.855753908402,0.0,0.0,679.6282460915982,5208.735753908402,5208.735753908402,679.6282460915982,0.37757124782866563,679.6282460915982,2310.736036711434,6564.495753908403,6564.495753908403,22319.28556328857,7244.124000000001,7244.124000000001,24630.021600000004,0.603677,0.7806592355628429,3.903296177814215,0.22960565751848322,530.5580670607827,530.5580670607827,0.0,530.5580670607827,530.5580670607827,0.0,679.6282460915982,0.0,679.6282460915982,2310.736036711434,0.0,6162.6,-0.03307477060626265,466.63235224044263
372,2050,3NB,3,NB,MD,5,OP,MD,3.4,70,12000,1.6,6.5,75,1800,1,4,0.05,0.01,9576.2,0.0,1184.2,0.0,0.0,1.2083479154605756,1.2083479154605756,1.2083479154605756,4.69,2.345,0.17391304347826086,0.17391304347826086,30,6.001109984590511,0.708,7760.02110642599,0.0,959.6099699494222,0.0,0.0,8719.631076375412,10638.851016274257,1.12,1.2,0.6819776292483498,10638.851016274257,0.0,1.0,388.00105532129953,5529.015038328518,0.0,719.7074774620667,0.0,0.0,6539.723307281559,0.5458724798769954,2.7293623993849767,,0.17391300763666664,0.17391278916987035,194.54365815714752,972.7182907857374,50.17128437579106,56.9907909265576,0.30833864798553834,3.5795256862269023,4.066070911639553,-0.4865452254126508,1.5779457203747587,961.5676345840723,6410.4524165206185,0.0,0.0,961.5676345840723,7370.062386470041,36850.3119323502,961.5676345840723,0.5342042414355958,4807.838172920361,16346.649787929227,9289.282326368884,46446.41163184442,157917.79954827102,10250.849960952957,51254.24980476478,174264.44933620025,0.8542374967460797,1.8559664315817843,9.27983215790892,0.5458724798769954,1784.6372514835377,1784.6372514835377,0.0,8923.186257417688,8923.186257417688,0.0,4807.838172920361,0.0,4807.838172920361,16346.649787929227,0.0,43598.15538187706,-0.119659798362066,228.87489194958525
373,2050,3NB,3,NB,PM-Shoulder,1,OP,PM,3.4,70,12000,1.6,6.5,75,1800,1,4,0.05,0.01,10396.6,0.0,1284.5,0.0,0.0,1.2083479154605756,1.2083479154605756,1.2083479154605756,4.69,2.345,0.17391304347826086,0.17391304347826086,30,5.999659039236403,0.592,10079.052175848865,0.0,1245.266964188087,0.0,0.0,11324.319140036952,13814.853068413126,1.12,1.2,0.8855675043854567,13814.853068413126,0.0,1.0,503.95260879244324,7181.324675292317,0.0,933.9502231410653,0.0,0.0,8493.239355027714,1.8657450570799239,9.328725285399619,,0.17391303944810654,0.17391303740236339,80.0913438953125,400.4567194765625,22.1605250335161,39.48768349085374,0.3989649146313177,5.166167826665525,9.205558067395316,-4.039390240729791,8.619043123760154,1248.9260015437735,8326.173565512647,0.0,0.0,1248.9260015437735,9571.440529700734,9571.440529700734,1248.9260015437735,0.6938477786354297,1248.9260015437735,4246.34840524883,12061.974458076907,12061.974458076907,41010.71315746148,13310.900459620681,13310.900459620681,45257.06156271031,1.10924170496839,6.343533194071741,31.717665970358702,1.8657450570799237,7922.603547732221,7922.603547732221,0.0,7922.603547732221,7922.603547732221,0.0,1248.9260015437735,0.0,1248.9260015437735,4246.34840524883,0.0,11324.319140036952,-0.43879906151879,94.22511046507351
374,2050,3NB,3,NB,PM-Peak,3,Peak,PM,3.4,70,12000,1.6,6.5,75,1800,1,4,0.05,0.01,9056.6,0.0,1118.9,0.0,0.0,1.2083479154605756,1.2083479154605756,1.2083479154605756,4.69,2.345,0.17391304347826086,0.17391304347826086,30,5.999659039236403,0.592,10452.316590602612,0.0,1291.3341688078597,0.0,0.0,11743.650759410471,14326.31909702619,1.12,1.2,0.9183537882709096,14326.31909702619,0.0,1.0,522.6158295301306,7447.2755708043605,0.0,968.5006266058947,0.0,0.0,8807.738069557854,1.5805570702150047,7.902785351075023,,0.17391295110304147,0.17391301985744578,51.38794958524743,256.93974792623715,18.74572474278358,36.76233974250478,0.6463669733248231,5.549157138225734,10.882481355037102,-5.333324216811368,10.916428027829404,1295.177672196174,8634.523088876307,0.0,0.0,1295.177672196174,9925.857257684167,29777.5717730525,1295.177672196174,0.7195431512200966,3885.5330165885216,13210.812256400974,12508.525595299885,37525.576785899655,127586.96107205882,13803.70326749606,41411.10980248818,140797.7733284598,1.1503086056246716,5.373894038731016,26.86947019365508,1.5805570702150047,6960.147571712533,6960.147571712533,0.0,20880.4427151376,20880.4427151376,0.0,3885.5330165885216,0.0,3885.5330165885216,13210.812256400974,0.0,35230.952278231416,-0.4900834692763124,60.456411276761685
375,2050,3NB,3,NB,PM-Late,3,OP,PM,3.4,70,12000,1.6,6.5,75,1800,1,4,0.05,0.01,9345.4,0.0,1155.2,0.0,0.0,1.2083479154605756,1.2083479154605756,1.2083479154605756,4.69,2.345,0.17391304347826086,0.17391304347826086,30,5.999659039236403,0.592,8185.668308422592,0.0,1011.8436910019667,0.0,0.0,9197.51199942456,11221.199381428492,1.12,1.2,0.7193076526556725,11221.199381428492,0.0,1.0,409.28341542112963,5832.288669751097,0.0,758.882768251475,0.0,0.0,6898.133999568419,0.246346607153435,1.231733035767175,,0.17391299802372104,0.17391303900968091,56.31270170515397,281.5635085257698,44.90661936555564,53.9083384381282,0.3247047228645115,3.784201218409567,4.542760129400265,-0.7585589109906983,2.231009948706935,1014.3108078961931,6762.07408510527,0.0,0.0,1014.3108078961931,7773.917776107236,23321.75332832171,1014.3108078961931,0.5635060043867739,3042.932423688579,10345.970240541168,9797.60515811117,29392.81547433351,99935.57261273393,10811.915966007362,32435.74789802209,110281.5428532751,0.9009929971672802,0.837578464321679,4.187892321608395,0.246346607153435,849.564888822575,849.564888822575,0.0,2548.694666467725,2548.694666467725,0.0,3042.932423688579,0.0,3042.932423688579,10345.970240541168,0.0,27592.535998273677,-0.1669819425598514,66.25023730018113
376,2050,3SB,3,SB,Night,8,OP,NT,3.4,70,12000,1.6,5.0,75,1800,1,4,0.05,0.01,3248.0,0.0,401.2,0.0,0.0,1.2083479154605756,1.2083479154605756,1.2083479154605756,4.69,2.345,0.17391304347826086,0.17391304347826086,30,5.953228787904948,0.708,1948.8,0.0,240.71999999999997,0.0,0.0,2189.52,2670.96,1.12,1.2,0.17121538461538463,2670.96,0.0,1.0,97.44,1388.52,0.0,180.53999999999996,0.0,0.0,1642.1399999999999,0.19408884885441063,0.9704442442720531,,0.1739130327811234,0.17391304040209482,174.8739706819311,874.3698534096555,69.96192493946461,74.90584934596136,0.0,2.7234188221777225,2.9158717427588425,-0.19245292058112007,0.0021728590081856337,241.48172427724546,1609.8782757227546,0.0,0.0,241.48172427724546,1850.5982757227546,14804.786205782037,241.48172427724546,0.1341565134873586,1931.8537942179637,6568.302900341077,2332.0382757227544,18656.306205782035,63431.44109965892,2573.52,20588.16,69999.74399999999,0.21446,0.6599020861049961,3.2995104305249807,0.19408884885441063,159.35429360678577,159.35429360678577,0.0,1274.8343488542862,1274.8343488542862,0.0,1931.8537942179637,0.0,1931.8537942179637,6568.302900341077,0.0,17516.16,-0.06600184698076993,205.73408315521306
377,2050,3SB,3,SB,AM-Early,1,OP,AM,3.4,70,12000,1.6,5.0,75,1800,1,4,0.05,0.01,8760.5,0.0,1082.7,0.0,0.0,1.2083479154605756,1.2083479154605756,1.2083479154605756,4.69,2.345,0.17391304347826086,0.17391304347826086,30,6.028677946318562,0.715,8134.628237926446,0.0,1005.3492372813154,0.0,0.0,9139.977475207761,11150.675949770392,1.12,1.2,0.7147869198570764,11150.675949770392,0.0,1.0,406.7314118963223,5795.922619522593,0.0,754.0119279609866,0.0,0.0,6854.983106405821,1.0455577301644823,5.227788650822411,,0.1739130066929856,0.1739129132371359,155.24358105205584,776.2179052602793,41.415042831274114,54.28554949816223,0.3224278989244994,3.757906144192317,4.925746445104522,-1.1678403009122054,2.7557012012217674,1007.9863293210593,6719.910496709064,0.0,0.0,1007.9863293210593,7725.25973399038,7725.25973399038,1007.9863293210593,0.5599924051783662,1007.9863293210593,3427.1535196916016,9735.958208553011,9735.958208553011,33102.25790908024,10743.944537874071,10743.944537874071,36529.41142877184,0.8953287114895059,3.55489628255924,17.7744814127962,1.0455577301644823,3583.2868549739674,3583.2868549739674,0.0,3583.2868549739674,3583.2868549739674,0.0,1007.9863293210593,0.0,1007.9863293210593,3427.1535196916016,0.0,9139.977475207761,-0.23708900040375996,182.63950712006567
378,2050,3SB,3,SB,AM-Peak,2,Peak,AM,3.4,70,12000,1.6,5.0,75,1800,1,4,0.05,0.01,11698.0,0.0,1446.4,0.0,0.0,1.2083479154605756,1.2083479154605756,1.2083479154605756,4.69,2.345,0.17391304347826086,0.17391304347826086,30,6.028677946318562,0.715,9896.581489489527,0.0,1223.6634866128957,0.0,0.0,11120.244976102422,13567.571949328214,1.12,1.2,0.8697161505979625,13567.571949328214,0.0,1.0,494.82907447447633,7051.314311261287,0.0,917.7476149596718,0.0,0.0,8340.183732076817,1.6218834170762888,8.109417085381445,,0.17391304036835695,0.1739129523574365,85.60722778177768,428.03613890888846,24.640798055393116,40.85082438243413,0.6140961042062957,4.993779270895695,8.278952635438309,-3.2851733645426133,7.349593681979057,1226.3155104643572,8175.436904550693,0.0,0.0,1226.3155104643572,9399.100391163589,18798.200782327178,1226.3155104643572,0.6812863947024207,2452.6310209287144,8338.945471157629,11846.42736438938,23692.85472877876,80555.70607784778,13072.742874853737,26145.485749707474,88894.6515490054,1.0893952395711448,5.514403618059382,27.57201809029691,1.6218834170762888,6762.398687786989,6762.398687786989,0.0,13524.797375573979,13524.797375573979,0.0,2452.6310209287144,0.0,2452.6310209287144,8338.945471157629,0.0,22240.489952204844,-0.3968102620227985,100.71438562562079
379,2050,3SB,3,SB,AM-Shoulder,1,OP,AM,3.4,70,12000,1.6,5.0,75,1800,1,4,0.05,0.01,10397.8,0.0,1285.7,0.0,0.0,1.2083479154605756,1.2083479154605756,1.2083479154605756,4.69,2.345,0.17391304347826086,0.17391304347826086,30,6.028677946318562,0.715,9407.230168532526,0.0,1163.214894274007,0.0,0.0,10570.445062806533,12896.874851354547,1.12,1.2,0.8267227468817018,12896.874851354547,0.0,1.0,470.3615084266263,6702.651495079424,0.0,872.4111707055054,0.0,0.0,7927.8337971049,0.8986455320457242,4.493227660228621,,0.17391303741110073,0.1739129913348588,62.2939914830711,311.46995741535557,28.822619172220104,44.57723157305489,0.3736659447916225,4.5763272594817135,7.077774534682811,-2.501447275201097,5.703979683944023,1165.678480217318,7771.19017988858,0.0,0.0,1165.678480217318,8934.405074162587,8934.405074162587,1165.678480217318,0.6475991556762878,1165.678480217318,3963.3068327388814,11260.834862710602,11260.834862710602,38286.83853321605,12426.513342927921,12426.513342927921,42250.14536595493,1.0355427785773268,3.055394808955462,15.276974044777312,0.8986455320457242,3561.607977367086,3561.607977367086,0.0,3561.607977367086,3561.607977367086,0.0,1165.678480217318,0.0,1165.678480217318,3963.3068327388814,0.0,10570.445062806533,-0.35342285388484745,73.28704880361306
380,2050,3SB,3,SB,MD,5,OP,MD,3.4,70,12000,1.6,5.0,75,1800,1,4,0.05,0.01,9669.2,0.0,1195.1,0.0,0.0,1.2083479154605756,1.2083479154605756,1.2083479154605756,4.69,2.345,0.17391304347826086,0.17391304347826086,30,6.001109984590511,0.708,7268.051900704317,0.0,898.321353010769,0.0,0.0,8166.373253715085,9963.015959736624,1.12,1.2,0.6386548692138861,9963.015959736624,0.0,1.0,363.4025950352159,5178.486979251826,0.0,673.7410147580767,0.0,0.0,6124.779940286314,0.24775664001450443,1.238783200072522,,0.17391303890835283,0.17391299484927383,63.33804733525045,316.69023667625225,50.249962651245305,60.329623410757144,0.2881762337650404,3.3814233947899224,4.059704509948415,-0.6782811151584927,1.569223750057901,900.6064075090213,6004.042898160079,0.0,0.0,900.6064075090213,6902.364251170848,34511.82125585424,900.6064075090213,0.5003368930605674,4503.0320375451065,15310.308927653361,8699.006957192385,43495.03478596192,147883.11827227054,9599.613364701407,47998.066823507026,163193.4271999239,0.7999677803917838,0.842372576049315,4.211862880246575,0.24775664001450443,758.6461394998935,758.6461394998935,0.0,3793.230697499467,3793.230697499467,0.0,4503.0320375451065,0.0,4503.0320375451065,15310.308927653361,0.0,40831.866268575424,-0.16707647403803566,74.515349806177
381,2050,3SB,3,SB,PM-Shoulder,1,OP,PM,3.4,70,12000,1.6,5.0,75,1800,1,4,0.05,0.01,6441.7,0.0,796.3,0.0,0.0,1.2083479154605756,1.2083479154605756,1.2083479154605756,4.69,2.345,0.17391304347826086,0.17391304347826086,30,5.999659039236403,0.592,6779.480457162107,0.0,838.0552164860495,0.0,0.0,7617.535673648156,9293.646106620256,1.12,1.2,0.5957465452961702,9293.646106620256,0.0,1.0,338.9740228581054,4830.379825728001,0.0,628.5414123645371,0.0,0.0,5713.151755236117,0.2456235109853627,1.2281175549268135,,0.1739130402321048,0.17391303739464975,84.746784876921,423.733924384605,54.79029631730349,63.33991522211541,0.26896854797616265,3.2207179198871505,3.7232870364231654,-0.5025691165360149,1.1083318113283085,840.0660409681813,5600.440393335821,0.0,0.0,840.0660409681813,6438.49560982187,6438.49560982187,840.0660409681813,0.46670335609343405,840.0660409681813,2856.224539291816,8114.606042793969,8114.606042793969,27589.660545499493,8954.67208376215,8954.67208376215,30445.88508479131,0.7462226736468459,0.8351199373502332,4.175599686751166,0.2456235109853627,701.555899503406,701.555899503406,0.0,701.555899503406,701.555899503406,0.0,840.0660409681813,0.0,840.0660409681813,2856.224539291816,0.0,7617.535673648156,-0.13497995497516513,99.70209985520117
382,2050,3SB,3,SB,PM-Peak,3,Peak,PM,3.4,70,12000,1.6,5.0,75,1800,1,4,0.05,0.01,8798.0,0.0,1087.5,0.0,0.0,1.2083479154605756,1.2083479154605756,1.2083479154605756,4.69,2.345,0.17391304347826086,0.17391304347826086,30,5.999659039236403,0.592,6421.285638275562,0.0,793.7199513099197,0.0,0.0,7215.005589585481,8802.445492205321,1.12,1.2,0.564259326423418,8802.445492205321,0.0,1.0,321.06428191377813,4575.166017271337,0.0,595.2899634824398,0.0,0.0,5411.254192189111,0.27909350038344527,1.3954675019172265,,0.1739130254202099,0.1739130127446298,118.6339359497921,593.1696797489606,57.77522951260133,65.32199448454828,0.39793899140557093,3.1229909865697008,3.530924960765507,-0.4079339741958061,0.844795767677316,795.6809638633905,5304.540392498393,0.0,0.0,795.6809638633905,6098.260343808312,18294.781031424936,795.6809638633905,0.44204497992410585,2387.0428915901716,8115.945831406583,7685.700246428152,23057.100739284455,78394.14251356715,8481.381210291544,25444.143630874627,86510.08834497373,0.7067817675242953,0.9489179013037139,4.74458950651857,0.27909350038344527,755.0359103365647,755.0359103365647,0.0,2265.1077310096944,2265.1077310096944,0.0,2387.0428915901716,0.0,2387.0428915901716,8115.945831406583,0.0,21645.016768756443,-0.11553175973112886,139.5693364115201
383,2050,3SB,3,SB,PM-Late,3,OP,PM,3.4,70,12000,1.6,5.0,75,1800,1,4,0.05,0.01,8002.9,0.0,989.6,0.0,0.0,1.2083479154605756,1.2083479154605756,1.2083479154605756,4.69,2.345,0.17391304347826086,0.17391304347826086,30,5.999659039236403,0.592,4801.74,0.0,593.76,0.0,0.0,5395.5,6583.0199999999995,1.12,1.2,0.42198846153846153,6583.0199999999995,0.0,1.0,240.087,3421.23975,0.0,445.32,0.0,0.0,4046.625,0.215214358645291,1.076071793226455,,0.17391304250082257,0.17391303677583128,175.58008592066315,877.9004296033156,66.69824374207981,71.67931995295145,0.1907567849557675,2.8460091436958472,3.05855129842492,-0.21254215472907267,0.19764385027071177,594.9982140472536,3966.654785952746,0.0,0.0,594.9982140472536,4560.414785952746,13681.244357858237,594.9982140472536,0.33055456335958533,1784.9946421417608,6068.981783281986,5747.934785952746,17243.804357858236,58628.934816718,6342.933,19028.799,64697.91659999998,0.52857775,0.7317288193939894,3.658644096969947,0.215214358645291,435.37734070632905,435.37734070632905,0.0,1306.1320221189872,1306.1320221189872,0.0,1784.9946421417608,0.0,1784.9946421417608,6068.981783281986,0.0,16186.5,-0.06949111981169868,206.56480696548607
384,2050,4NB,4,NB,Night,8,OP,NT,4.4,70,12000,1.6,6.5,75,1800,1,4,0.05,0.01,3735.0,0.0,461.6,0.0,0.0,1.2083479154605756,1.2083479154605756,1.2083479154605756,4.69,2.345,0.17391304347826086,0.17391304347826086,30,5.953228787904948,0.708,2730.413491447996,0.0,337.4454799604806,0.0,0.0,3067.8589714084765,3742.749931329438,1.12,1.2,0.23991986739291268,3742.749931329438,0.0,1.0,136.5206745723998,1945.4196126566972,0.0,253.08410997036046,0.0,0.0,2300.894228556357,0.1548252010882114,0.774126005441057,,0.1739129255185498,0.17391303153890428,147.18049214406986,735.9024607203493,69.96890974382528,74.6384949905094,0.0,3.5370488115223746,3.773104382597556,-0.23605557107518127,0.002295861301508945,338.3336161982902,2255.559200677306,0.0,0.0,338.3336161982902,2593.0046806377864,20744.03744510229,338.3336161982902,0.18796312011016122,2706.6689295863216,11909.343290179817,3267.895640558748,26143.165124469982,115029.92654766793,3606.229256757038,28849.834054056304,126939.26983784775,0.3005191047297532,0.6812308847881302,3.4061544239406514,0.1548252010882114,230.4833087163289,230.4833087163289,0.0,1843.8664697306313,1843.8664697306313,0.0,2706.6689295863216,0.0,2706.6689295863216,11909.343290179817,0.0,24542.87177126781,-0.06256269298138822,173.15352016949396
385,2050,4NB,4,NB,AM-Early,1,OP,AM,4.4,70,12000,1.6,6.5,75,1800,1,4,0.05,0.01,3579.1,0.0,442.3,0.0,0.0,1.2083479154605756,1.2083479154605756,1.2083479154605756,4.69,2.345,0.17391304347826086,0.17391304347826086,30,6.028677946318562,0.715,2730.511929011437,0.0,337.43271386710586,0.0,0.0,3067.944642878543,3742.8100706127548,1.12,1.2,0.2399237224751766,3742.8100706127548,0.0,1.0,136.52559645057187,1945.4897494206489,0.0,253.0745354003294,0.0,0.0,2300.9584821589074,0.22287386932637632,1.1143693466318816,,0.17391302522737742,0.17391303626670213,211.87125775424337,1059.356288771217,69.96890691066959,74.63844251880889,0.0,3.5370512981091746,3.773104535376735,-0.23605323726756033,0.0022960706089841403,338.3460078705975,2255.640324690268,0.0,0.0,338.3460078705975,2593.073038557374,2593.073038557374,338.3460078705975,0.18797000437255415,338.3460078705975,1488.722434630629,3267.9384662915854,3267.9384662915854,14378.929251682977,3606.284474162183,3606.284474162183,15867.651686313606,0.3005237061801819,0.9806450250360559,4.903225125180279,0.22287386932637634,331.79732935911164,331.79732935911164,0.0,331.79732935911164,331.79732935911164,0.0,338.3460078705975,0.0,338.3460078705975,1488.722434630629,0.0,3067.944642878543,-0.06256207191036413,249.26030324028636
386,2050,4NB,4,NB,AM-Peak,2,Peak,AM,4.4,70,12000,1.6,6.5,75,1800,1,4,0.05,0.01,7380.6,0.0,912.3,0.0,0.0,1.2083479154605756,1.2083479154605756,1.2083479154605756,4.69,2.345,0.17391304347826086,0.17391304347826086,30,6.028677946318562,0.715,4428.36,0.0,547.38,0.0,0.0,4975.74,6070.5,1.12,1.2,0.3891346153846154,6070.5,0.0,1.0,221.418,3155.2065000000002,0.0,410.53499999999997,0.0,0.0,3731.805,0.22063125097891495,1.1031562548945748,,0.17391301013492844,0.17391295701776208,287.3130895509823,1436.5654477549117,69.2861668605839,72.56804538370412,0.35515223935805856,3.637964872887204,3.810284389540772,-0.17231951665356782,0.05323247081371496,548.7314600122921,3658.2105399877073,0.0,0.0,548.7314600122921,4205.590539987707,8411.181079975415,548.7314600122921,0.30485081111794005,1097.4629200245843,4828.836848108172,5300.350539987707,10600.701079975413,46643.08475189182,5849.0819999999985,11698.163999999997,51471.921599999994,0.4874234999999999,0.9707775043072259,4.853887521536129,0.22063125097891495,532.6961572855932,532.6961572855932,0.0,1065.3923145711865,1065.3923145711865,0.0,1097.4629200245843,0.0,1097.4629200245843,4828.836848108172,0.0,9951.48,-0.04522484387952374,338.0153994717439
387,2050,4NB,4,NB,AM-Shoulder,1,OP,AM,4.4,70,12000,1.6,6.5,75,1800,1,4,0.05,0.01,8437.9,0.0,1042.8,0.0,0.0,1.2083479154605756,1.2083479154605756,1.2083479154605756,4.69,2.345,0.17391304347826086,0.17391304347826086,30,6.028677946318562,0.715,5062.74,0.0,625.68,0.0,0.0,5688.42,6939.78,1.12,1.2,0.4448576923076923,6939.78,0.0,1.0,253.137,3607.2022500000003,0.0,469.26,0.0,0.0,4266.3150000000005,0.22960565751848322,1.1480282875924162,,0.1739130142548495,0.17391301158531916,361.2181770322464,1806.090885161232,68.32013994896282,70.93870844507802,0.25965738079880935,3.721522505648568,3.864160702791532,-0.142638197142964,0.12704301996725662,627.3394163243753,4182.263583675624,0.0,0.0,627.3394163243753,4807.943583675625,4807.943583675625,627.3394163243753,0.34852189795798627,627.3394163243753,2760.2934318272514,6059.303583675624,6059.303583675624,26660.93576817275,6686.643,6686.643,29421.2292,0.55722025,1.0102648930813263,5.051324465406632,0.22960565751848325,633.7789883586466,633.7789883586466,0.0,633.7789883586466,633.7789883586466,0.0,627.3394163243753,0.0,627.3394163243753,2760.2934318272514,0.0,5688.42,-0.03691311208664791,424.96256121440763
388,2050,4NB,4,NB,MD,5,OP,MD,4.4,70,12000,1.6,6.5,75,1800,1,4,0.05,0.01,8840.3,0.0,1092.3,0.0,0.0,1.2083479154605756,1.2083479154605756,1.2083479154605756,4.69,2.345,0.17391304347826086,0.17391304347826086,30,6.001109984590511,0.708,5813.437229828901,0.0,718.3033931135944,0.0,0.0,6531.740622942495,7968.347409169684,1.12,1.2,0.5107915005878003,7968.347409169684,0.0,1.0,290.67186149144504,4142.074026253092,0.0,538.7275448351959,0.0,0.0,4898.805467206871,0.5458724798769954,2.7293623993849767,,0.1699542733554806,0.1699540155712493,793.7645970707772,3968.8229853538855,65.9588304314222,68.60391934113758,0.37164391291411225,3.848176642609037,4.0024966827524695,-0.15432004014343237,0.3165633125137408,703.9631813164541,4818.802187021001,0.0,0.0,703.9631813164541,5537.105580134596,27685.527900672976,703.9631813164541,0.39109065628691897,3519.8159065822706,15487.189988961993,6973.712366361785,34868.561831808925,153421.6720599593,7677.675547678239,38388.377738391195,168908.8620489213,0.6398062956398533,2.4018389114587797,12.009194557293899,0.5458724798769954,1690.8061611201717,1690.8061611201717,0.0,8454.030805600858,8454.030805600858,0.0,3519.8159065822706,0.0,3519.8159065822706,15487.189988961993,0.0,32658.703114712476,-0.03855594454542016,933.8407024362085
389,2050,4NB,4,NB,PM-Shoulder,1,OP,PM,4.4,70,12000,1.6,6.5,75,1800,1,4,0.05,0.01,9595.5,0.0,1186.6,0.0,0.0,1.2083479154605756,1.2083479154605756,1.2083479154605756,4.69,2.345,0.17391304347826086,0.17391304347826086,30,5.999659039236403,0.592,8322.90873736266,0.0,1029.2286496539557,0.0,0.0,9352.137387016617,11410.594686324528,1.12,1.2,0.7314483773284954,11410.594686324528,0.0,1.0,416.14543686813306,5930.0724753708955,0.0,771.9214872404668,0.0,0.0,7014.103040262463,1.8657450570799239,9.328725285399619,,0.17391301503575657,0.1739130083706176,370.72535585497775,1853.6267792748886,43.128471839670745,52.8855567824842,0.42799079633648085,4.991911139100218,6.121246330763002,-1.1293351916627836,3.219250330288171,1031.3167835723048,6875.446516922222,0.0,0.0,1031.3167835723048,7904.675166576178,7904.675166576178,1031.3167835723048,0.5729537686512804,1031.3167835723048,4537.7938477181415,9963.13246588409,9963.13246588409,43837.78284989,10994.449249456395,10994.449249456395,48375.576697608136,0.9162041041213662,8.209278251151666,41.04639125575833,1.8657450570799239,8466.366441427812,8466.366441427812,0.0,8466.366441427812,8466.366441427812,0.0,1031.3167835723048,0.0,1031.3167835723048,4537.7938477181415,0.0,9352.137387016617,-0.18449432201203608,436.1474774764444
390,2050,4NB,4,NB,PM-Peak,3,Peak,PM,4.4,70,12000,1.6,6.5,75,1800,1,4,0.05,0.01,8360.6,0.0,1033.1,0.0,0.0,1.2083479154605756,1.2083479154605756,1.2083479154605756,4.69,2.345,0.17391304347826086,0.17391304347826086,30,5.999659039236403,0.592,8549.859002509973,0.0,1056.4862970950712,0.0,0.0,9606.345299605044,11719.317893795187,1.12,1.2,0.7512383265253325,11719.317893795187,0.0,1.0,427.4929501254987,6091.774539288356,0.0,792.3647228213034,0.0,0.0,7204.758974703783,1.5805570702150047,7.902785351075023,,0.17391304317621917,0.17391303531340832,252.08038054233182,1260.401902711659,40.20624882943783,51.17128089391397,0.6847489501237841,5.159143867188181,6.566143514654542,-1.4069996474663613,3.828759472219581,1059.4390484710484,7062.927003913426,0.0,0.0,1059.4390484710484,8119.413301008497,24358.23990302549,1059.4390484710484,0.5885772491505824,3178.317145413145,13984.59543981784,10232.38589519864,30697.15768559592,135067.49381662207,11291.82494366969,33875.474831009065,149052.0892564399,0.9409854119724741,6.954451108946021,34.7722555447301,1.5805570702150047,7367.8170655001995,7367.8170655001995,0.0,22103.4511965006,22103.4511965006,0.0,3178.317145413145,0.0,3178.317145413145,13984.59543981784,0.0,28819.03589881513,-0.21428097700365087,296.5651535792139
391,2050,4NB,4,NB,PM-Late,3,OP,PM,4.4,70,12000,1.6,6.5,75,1800,1,4,0.05,0.01,8625.2,0.0,1065.8,0.0,0.0,1.2083479154605756,1.2083479154605756,1.2083479154605756,4.69,2.345,0.17391304347826086,0.17391304347826086,30,5.999659039236403,0.592,5754.689217606643,0.0,711.0962955207021,0.0,0.0,6465.785513127345,7887.978104168749,1.12,1.2,0.5056396220620993,7887.978104168749,0.0,1.0,287.73446088033216,4100.216067544733,0.0,533.3222216405265,0.0,0.0,4849.339134845509,0.246346607153435,1.231733035767175,,0.17391304321205384,0.17391302568693073,431.20181921878265,2156.0090960939133,66.25491348276141,68.45745323857842,0.2949722550769514,3.8564098941855725,3.9846101386682675,-0.12820024448269507,0.2920587471183836,713.0810541336646,4753.873702592646,0.0,0.0,713.0810541336646,5464.969998113348,16394.909994340043,713.0810541336646,0.3961561411853692,2139.2431624009937,9412.669914564372,6887.162589154752,20661.487767464256,90910.54617684273,7600.243643288417,22800.73092986525,100323.21609140711,0.6333536369407015,1.083925071475114,5.41962535737557,0.24634660715343498,772.9264325693821,772.9264325693821,0.0,2318.7792977081463,2318.7792977081463,0.0,2139.2431624009937,0.0,2139.2431624009937,9412.669914564372,0.0,19397.356539382035,-0.03217384888890084,507.29625790445016
392,2050,4SB,4,SB,Night,8,OP,NT,4.4,70,12000,1.6,5.0,75,1800,1,4,0.05,0.01,2999.1,0.0,371.0,0.0,0.0,1.2083479154605756,1.2083479154605756,1.2083479154605756,4.69,2.345,0.17391304347826086,0.17391304347826086,30,5.953228787904948,0.708,1799.4599999999998,0.0,222.6,0.0,0.0,2022.0599999999997,2467.2599999999998,1.12,1.2,0.1581576923076923,2467.2599999999998,0.0,1.0,89.973,1282.1152499999998,0.0,166.95,0.0,0.0,1516.5449999999998,0.19408884885441063,0.9704442442720531,,0.1739130371437854,0.17391303627523577,174.4982003037246,872.4910015186229,69.9743822281921,74.93153447055768,0.0,3.5232162515466925,3.772809299538719,-0.2495930479920263,0.001891597510901695,222.97655709586365,1486.5104429041362,0.0,0.0,222.97655709586365,1709.110442904136,13672.883543233089,222.97655709586365,0.12387586505325758,1783.8124567669092,7848.774809774402,2154.310442904136,17234.483543233087,75831.7275902256,2377.2869999999994,19018.295999999995,83680.5024,0.19810724999999996,0.8539909349594068,4.269954674797034,0.19408884885441063,190.41995846832614,190.41995846832614,0.0,1523.3596677466091,1523.3596677466091,0.0,1783.8124567669092,0.0,1783.8124567669092,7848.774809774402,0.0,16176.479999999998,-0.06615575508217252,205.29200035732305
393,2050,4SB,4,SB,AM-Early,1,OP,AM,4.4,70,12000,1.6,5.0,75,1800,1,4,0.05,0.01,8087.5,0.0,999.3,0.0,0.0,1.2083479154605756,1.2083479154605756,1.2083479154605756,4.69,2.345,0.17391304347826086,0.17391304347826086,30,6.028677946318562,0.715,9705.0,0.0,1199.1599999999999,0.0,0.0,10904.16,13302.48,1.12,1.2,0.8527230769230769,13302.48,0.0,1.0,485.25,6914.8125,0.0,899.3699999999999,0.0,0.0,8178.12,1.0455577301644823,5.227788650822411,,0.17391303730745136,0.17391299141686445,61.421273952937646,307.1063697646882,26.239626628745455,42.29943390335232,0.49733512525347046,6.24121827736984,10.06111877029487,-3.81990049292503,8.61687557244683,1202.576044286531,8017.17395571347,0.0,0.0,1202.576044286531,9216.33395571347,9216.33395571347,1202.576044286531,0.6680978023814061,1202.576044286531,5291.334594860737,11614.65395571347,11614.65395571347,51104.47740513927,12817.23,12817.23,56395.812000000005,1.0681025,4.600454012723723,23.002270063618614,1.0455577301644823,5532.395788543393,5532.395788543393,0.0,5532.395788543393,5532.395788543393,0.0,1202.576044286531,0.0,1202.576044286531,5291.334594860737,0.0,10904.16,-0.3796695556564906,72.2603222975737
394,2050,4SB,4,SB,AM-Peak,2,Peak,AM,4.4,70,12000,1.6,5.0,75,1800,1,4,0.05,0.01,10797.8,0.0,1334.0,0.0,0.0,1.2083479154605756,1.2083479154605756,1.2083479154605756,4.69,2.345,0.17391304347826086,0.17391304347826086,30,6.028677946318562,0.715,12273.761370731654,0.0,1516.3457063990838,0.0,0.0,13790.107077130739,16822.798489928908,1.12,1.2,1.0783845185851864,16822.798489928908,0.0,1.0,613.6880685365827,8745.054976646303,0.0,1137.259279799313,0.0,0.0,10342.580307848053,1.6218834170762888,8.109417085381445,,0.17391303801502214,0.1739130374195294,43.821296259034185,219.10648129517094,14.0525227088767,25.18765453169344,0.1554229897395376,10.48132527257791,18.786662399999997,-8.305337127422087,20.570870345142858,1520.879078596947,10139.194223598124,0.0,0.0,1520.879078596947,11655.539929997209,23311.079859994417,1520.879078596947,0.8449328214427484,3041.758157193894,13383.735891653134,14688.231342795376,29376.46268559075,129256.43581659932,16209.110421392323,32418.220842784645,142640.17170825246,1.3507592017826935,7.1362870351356715,35.68143517567836,1.6218834170762888,10853.42965060048,10853.42965060048,0.0,21706.85930120096,21706.85930120096,0.0,3041.758157193894,0.0,3041.758157193894,13383.735891653134,0.0,27580.214154261477,-0.44208688859081685,51.55446618709904
395,2050,4SB,4,SB,AM-Shoulder,1,OP,AM,4.4,70,12000,1.6,5.0,75,1800,1,4,0.05,0.01,9597.9,0.0,1186.6,0.0,0.0,1.2083479154605756,1.2083479154605756,1.2083479154605756,4.69,2.345,0.17391304347826086,0.17391304347826086,30,6.028677946318562,0.715,11517.48,0.0,1423.9199999999998,0.0,0.0,12941.4,15789.239999999998,1.12,1.2,1.012130769230769,15789.239999999998,0.0,1.0,575.874,8206.2045,0.0,1067.9399999999998,0.0,0.0,9706.05,0.8986455320457242,4.493227660228621,,0.17391299129837384,0.17391303559849472,20.84893695753509,104.24468478767545,14.201205156544152,29.60396266984104,0.5916400059431549,8.917725067561625,18.589971561557533,-9.672246493995909,20.301403896476685,1427.1655718011762,9514.440428198825,0.0,0.0,1427.1655718011762,10938.360428198825,10938.360428198825,1427.1655718011762,0.7928697621117645,1427.1655718011762,6279.528515925175,13786.200428198823,13786.200428198823,60659.28188407482,15213.365999999998,15213.365999999998,66938.8104,1.2677804999999998,3.954040341001187,19.770201705005935,0.8986455320457242,5643.070244189877,5643.070244189877,0.0,5643.070244189877,5643.070244189877,0.0,1427.1655718011762,0.0,1427.1655718011762,6279.528515925175,0.0,12941.4,-0.5202937757041697,24.528161126511872
396,2050,4SB,4,SB,MD,5,OP,MD,4.4,70,12000,1.6,5.0,75,1800,1,4,0.05,0.01,8924.9,0.0,1103.2,0.0,0.0,1.2083479154605756,1.2083479154605756,1.2083479154605756,4.69,2.345,0.17391304347826086,0.17391304347826086,30,6.001109984590511,0.708,7798.678184321163,0.0,963.988590678115,0.0,0.0,8762.666774999278,10690.643956355507,1.12,1.2,0.6852976895099684,10690.643956355507,0.0,1.0,389.93390921605817,5556.558206328828,0.0,722.9914430085862,0.0,0.0,6572.000081249458,0.24775664001450443,1.238783200072522,,0.17391303839582506,0.17391303741823344,45.36874229049803,226.8437114524901,44.8972197091632,56.71737075663887,0.40030642842072156,4.654658642988988,5.880096845865925,-1.225438202876937,2.888875535979175,966.3579206859024,6442.386354419203,0.0,0.0,966.3579206859024,7406.374945097317,37031.87472548659,966.3579206859024,0.536865511492168,4831.789603429512,21259.874255089853,9334.352126453548,46671.760632267746,205355.7467819781,10300.710047139451,51503.55023569726,226615.62103706793,0.8583925039282876,1.0901292160638196,5.450646080319098,0.24775664001450443,1053.4550025143856,1053.4550025143856,0.0,5267.275012571928,5267.275012571928,0.0,4831.789603429512,0.0,4831.789603429512,21259.874255089853,0.0,43813.33387499639,-0.20840442513093924,53.37499092999768
397,2050,4SB,4,SB,PM-Shoulder,1,OP,PM,4.4,70,12000,1.6,5.0,75,1800,1,4,0.05,0.01,5947.5,0.0,734.7,0.0,0.0,1.2083479154605756,1.2083479154605756,1.2083479154605756,4.69,2.345,0.17391304347826086,0.17391304347826086,30,5.999659039236403,0.592,6411.28247807137,0.0,791.9914647564583,0.0,0.0,7203.273942827828,8787.256872340746,1.12,1.2,0.5632856969449196,8787.256872340746,0.0,1.0,320.56412390356854,4568.038765625851,0.0,593.9935985673437,0.0,0.0,5402.455457120871,0.2456235109853627,1.2281175549268135,,0.17391293045313963,0.17391298565048344,105.14059062041052,525.7029531020526,57.86294486164882,65.37445118373932,0.3282096793887168,4.038274818675114,4.562505427804064,-0.5242306091289501,1.0837752932344242,794.4410081535344,5296.277346014267,0.0,0.0,794.4410081535344,6088.268810770725,6088.268810770725,794.4410081535344,0.4413561156408525,794.4410081535344,3495.540435875552,7672.251740283642,7672.251740283642,33757.907657248026,8466.692748437177,8466.692748437177,37253.44809312358,0.7055577290364314,1.080743448335596,5.40371724167798,0.2456235109853627,858.5869146510581,858.5869146510581,0.0,858.5869146510581,858.5869146510581,0.0,794.4410081535344,0.0,794.4410081535344,3495.540435875552,0.0,7203.273942827828,-0.11489972284400385,123.69481249460063
398,2050,4SB,4,SB,PM-Peak,3,Peak,PM,4.4,70,12000,1.6,5.0,75,1800,1,4,0.05,0.01,8121.3,0.0,1004.1,0.0,0.0,1.2083479154605756,1.2083479154605756,1.2083479154605756,4.69,2.345,0.17391304347826086,0.17391304347826086,30,5.999659039236403,0.592,7114.195031087519,0.0,879.5837157493231,0.0,0.0,7993.778746836842,9752.94617833549,1.12,1.2,0.6251888575856083,9752.94617833549,0.0,1.0,355.709751554376,5068.863959649857,0.0,659.6877868119923,0.0,0.0,5995.334060127632,0.27909350038344527,1.3954675019172265,,0.17391303971746686,0.17391303740471772,78.46002600763188,392.30013003815947,51.72441514824349,61.31336221830792,0.5711408094844944,4.305749847154372,5.1039726450916705,-0.7982227979372984,1.8255853809184466,881.5415391370219,5876.943740396122,0.0,0.0,881.5415391370219,6756.527456145445,20269.582368436335,881.5415391370219,0.4897452995205677,2644.6246174110656,11636.34831660869,8515.694887644091,25547.084662932273,112407.172516902,9397.236426781114,28191.70928034334,124043.5208335107,0.7831030355650928,1.2280114016871593,6.140057008435797,0.27909350038344527,1082.54306112111,1082.54306112111,0.0,3247.62918336333,3247.62918336333,0.0,2644.6246174110656,0.0,2644.6246174110656,11636.34831660869,0.0,23981.33624051053,-0.15639245220189887,92.30591295015516
399,2050,4SB,4,SB,PM-Late,3,OP,PM,4.4,70,12000,1.6,5.0,75,1800,1,4,0.05,0.01,7387.8,0.0,913.5,0.0,0.0,1.2083479154605756,1.2083479154605756,1.2083479154605756,4.69,2.345,0.17391304347826086,0.17391304347826086,30,5.999659039236403,0.592,4432.68,0.0,548.1,0.0,0.0,4980.780000000001,6076.9800000000005,1.12,1.2,0.38955,6076.9800000000005,0.0,1.0,221.63400000000001,3158.2845,0.0,411.07500000000005,0.0,0.0,3735.5850000000005,0.215214358645291,1.076071793226455,,0.17391304236650243,0.17391303661777424,187.07235914011181,935.361795700559,67.75166405921817,72.5588497897358,0.2278460957928196,3.638425922751404,3.8965832598480747,-0.25815733709667077,0.17146192313472028,549.266866053968,3661.7791339460323,0.0,0.0,549.266866053968,4209.879133946032,12629.637401838096,549.266866053968,0.3051482589188711,1647.800598161904,7250.322631912378,5306.079133946032,15918.237401838096,70040.24456808763,5855.346,17566.038,77290.5672,0.4879455,0.9469431780392805,4.734715890196402,0.215214358645291,520.1245117328202,520.1245117328202,0.0,1560.3735351984606,1560.3735351984606,0.0,1647.800598161904,0.0,1647.800598161904,7250.322631912378,0.0,14942.340000000002,-0.06625223173256053,220.08512840013157
400,2050,5NB,5,NB,Night,8,OP,NT,3.0,70,8000,1.6,6.5,75,1800,1,4,0.05,0.01,1923.7,0.0,238.0,0.0,0.0,1.2083479154605756,1.2083479154605756,1.2083479154605756,4.69,2.345,0.2448979591836735,0.2448979591836735,30,5.953228787904948,0.708,1889.6398778439334,0.0,233.78608459055786,0.0,0.0,2123.4259624344913,2590.9981316156072,1.12,1.2,0.22336190789789717,2590.9981316156072,0.0,1.0,94.48199389219667,1346.3684129638025,0.0,175.3395634429184,0.0,0.0,1592.5694718258685,0.13145553886373115,0.6572776943186558,,0.24489795315196655,0.24489795207097645,121.7911384309718,608.955692154859,69.96964417505914,74.76935916213459,0.0,2.4074032734408846,2.5725441671484366,-0.16514089370755203,0.0015283661362158172,329.7228685232969,1465.4350154284398,0.0,0.0,329.7228685232969,1699.2211000189977,13593.768800151982,329.7228685232969,0.1831793714018316,2637.782948186375,7913.348844559125,2166.793269200113,17334.346153600905,52003.038460802716,2496.51613772341,19972.12910178728,59916.387305361844,0.3120645172154262,0.39436661659119343,1.9718330829559674,0.13145553886373115,130.0316920722755,130.0316920722755,0.0,1040.253536578204,1040.253536578204,0.0,2637.782948186375,0.0,2637.782948186375,7913.348844559125,0.0,16987.40769947593,-0.06419360873038156,143.28369227173152
401,2050,5NB,5,NB,AM-Early,1,OP,AM,3.0,70,8000,1.6,6.5,75,1800,1,4,0.05,0.01,2794.9,0.0,345.6,0.0,0.0,1.2083479154605756,1.2083479154605756,1.2083479154605756,4.69,2.345,0.2448979591836735,0.2448979591836735,30,6.028677946318562,0.715,1890.0159439083632,0.0,233.7076497244017,0.0,0.0,2123.7235936327647,2591.1388930815683,1.12,1.2,0.22337404250703174,2591.1388930815683,0.0,1.0,94.50079719541816,1346.6363600347086,0.0,175.28073729330129,0.0,0.0,1592.7926952245734,0.13145553886373115,0.6572776943186558,,0.24489795309122733,0.24489795215979934,121.7953085443199,608.9765427215995,69.96963762062553,74.76917606908724,0.0,2.40740916863493,2.572544408132534,-0.16513523949760422,0.001528696284428779,329.7884881307212,1465.726658582224,0.0,0.0,329.7884881307212,1699.4343083066258,1699.4343083066258,329.7884881307212,0.18321582673928954,329.7884881307212,989.3654643921636,2166.849607755429,2166.849607755429,6500.548823266287,2496.6380958861505,2496.6380958861505,7489.914287658451,0.3120797619857688,0.39436661659119343,1.9718330829559674,0.13145553886373115,130.05757025483746,130.05757025483746,0.0,130.05757025483746,130.05757025483746,0.0,329.7884881307212,0.0,329.7884881307212,989.3654643921636,0.0,2123.7235936327647,-0.06419140481134764,143.28859828743515
402,2050,5NB,5,NB,AM-Peak,2,Peak,AM,3.0,70,8000,1.6,6.5,75,1800,1,4,0.05,0.01,5331.2,0.0,658.5,0.0,0.0,1.2083479154605756,1.2083479154605756,1.2083479154605756,4.69,2.345,0.2448979591836735,0.2448979591836735,30,6.028677946318562,0.715,3198.72,0.0,395.09999999999997,0.0,0.0,3593.8199999999997,4384.0199999999995,1.12,1.2,0.3779327586206896,4384.0199999999995,0.0,1.0,159.936,2279.0879999999997,0.0,296.325,0.0,0.0,2695.365,0.13145553886373115,0.6572776943186558,,0.24489795689846985,0.24489795195926084,139.01598648629695,695.0799324314846,69.08552275253766,73.14732292800076,0.5947587765834195,2.4607872550192273,2.6054662804645017,-0.14467902544527433,0.04663166137922476,558.1439947918198,2480.64000520818,0.0,0.0,558.1439947918198,2875.74000520818,5751.48001041636,558.1439947918198,0.31007999710656653,1116.2879895836395,3348.8639687509185,3665.94000520818,7331.88001041636,21995.64003124908,4224.084,8448.168,25344.504,0.5280104999999999,0.39436661659119343,1.9718330829559674,0.13145553886373115,220.11335879674263,220.11335879674263,0.0,440.22671759348526,440.22671759348526,0.0,1116.2879895836395,0.0,1116.2879895836395,3348.8639687509185,0.0,7187.639999999999,-0.05552903391230264,163.54821939564346
403,2050,5NB,5,NB,AM-Shoulder,1,OP,AM,3.0,70,8000,1.6,6.5,75,1800,1,4,0.05,0.01,5011.0,0.0,618.7,0.0,0.0,1.2083479154605756,1.2083479154605756,1.2083479154605756,4.69,2.345,0.2448979591836735,0.2448979591836735,30,6.028677946318562,0.715,3006.6,0.0,371.22,0.0,0.0,3377.8199999999997,4120.26,1.12,1.2,0.3551948275862069,4120.26,0.0,1.0,150.33,2142.2025,0.0,278.415,0.0,0.0,2533.365,0.13145553886373115,0.6572776943186558,,0.24489795639341513,0.2448979519841047,137.0826438165843,685.4132190829215,69.38644397972979,73.5460208534198,0.3575140195258415,2.4474471618083498,2.5941666653587885,-0.14671950355043872,0.031151188684397153,524.6210144308649,2331.648985569135,0.0,0.0,524.6210144308649,2702.8689855691355,2702.8689855691355,524.6210144308649,0.29145611912825825,524.6210144308649,1573.8630432925947,3445.308985569135,3445.308985569135,10335.926956707404,3969.93,3969.93,11909.789999999999,0.49624124999999997,0.39436661659119343,1.9718330829559674,0.13145553886373115,206.89301445373985,206.89301445373985,0.0,206.89301445373985,206.89301445373985,0.0,524.6210144308649,0.0,524.6210144308649,1573.8630432925947,0.0,3377.8199999999997,-0.05655747007686823,161.27369860774624
404,2050,5NB,5,NB,MD,5,OP,MD,3.0,70,8000,1.6,6.5,75,1800,1,4,0.05,0.01,5493.1,0.0,679.1,0.0,0.0,1.2083479154605756,1.2083479154605756,1.2083479154605756,4.69,2.345,0.2448979591836735,0.2448979591836735,30,6.001109984590511,0.708,3295.86,0.0,407.46,0.0,0.0,3703.32,4518.24,1.12,1.2,0.38950344827586203,4518.24,0.0,1.0,164.793,2348.3002500000002,0.0,305.59499999999997,0.0,0.0,2777.4900000000002,0.13145553886373115,0.6572776943186558,,0.2448979571667281,0.24489795192320868,139.35027510142714,696.7513755071357,68.89038504476649,72.91834751316561,0.39285581547221815,2.4685145253394625,2.612846478982982,-0.14433195364351947,0.05674253334954234,575.0939340391169,2555.973065960883,0.0,0.0,575.0939340391169,2963.433065960883,14817.165329804415,575.0939340391169,0.3194966300217316,2875.4696701955845,8626.409010586754,3778.353065960883,18891.765329804417,56675.29598941325,4353.447,21767.235,65301.705,0.544180875,0.39436661659119343,1.9718330829559674,0.13145553886373115,226.7978489891255,226.7978489891255,0.0,1133.9892449456274,1133.9892449456274,0.0,2875.4696701955845,0.0,2875.4696701955845,8626.409010586754,0.0,18516.600000000002,-0.055239354782030244,163.94150011932604
405,2050,5NB,5,NB,PM-Shoulder,1,OP,PM,3.0,70,8000,1.6,6.5,75,1800,1,4,0.05,0.01,6133.6,0.0,757.6,0.0,0.0,1.2083479154605756,1.2083479154605756,1.2083479154605756,4.69,2.345,0.2448979591836735,0.2448979591836735,30,5.999659039236403,0.592,3680.1600000000003,0.0,454.56,0.0,0.0,4134.72,5043.84,1.12,1.2,0.4348137931034483,5043.84,0.0,1.0,184.00800000000004,2622.114,0.0,340.92,0.0,0.0,3101.04,0.13145553886373115,0.6572776943186558,,0.24489795179451046,0.24489783797225576,134.44882824106548,672.2441412053273,67.76853844942283,71.81311124007485,0.43792486329241087,2.506506080738529,2.6560997790196996,-0.14959369828117053,0.11599955439984569,642.150347971711,2854.0016520282898,0.0,0.0,642.150347971711,3308.5616520282897,3308.5616520282897,642.150347971711,0.3567501933176172,642.150347971711,1926.451043915133,4217.68165202829,4217.68165202829,12653.04495608487,4859.832000000001,4859.832000000001,14579.496000000003,0.6074790000000001,0.39436661659119343,1.9718330829559674,0.13145553886373115,253.24266007246118,253.24266007246118,0.0,253.24266007246118,253.24266007246118,0.0,642.150347971711,0.0,642.150347971711,1926.451043915133,0.0,4134.72,-0.0563208127431048,158.1750920483123
406,2050,5NB,5,NB,PM-Peak,3,Peak,PM,3.0,70,8000,1.6,6.5,75,1800,1,4,0.05,0.01,6774.0,0.0,837.4,0.0,0.0,1.2083479154605756,1.2083479154605756,1.2083479154605756,4.69,2.345,0.2448979591836735,0.2448979591836735,30,5.999659039236403,0.592,5705.5921434747015,0.0,705.323717293433,0.0,0.0,6410.915860768135,7821.563295355,1.12,1.2,0.6742726978754311,7821.563295355,0.0,1.0,285.2796071737351,4065.234402225725,0.0,528.9927879700747,0.0,0.0,4808.186895576101,0.6572776943186557,3.2863884715932783,,0.24489795530153935,0.24489790928776164,98.3393272811272,491.69663640563596,44.57706801326612,59.69489074077439,1.0625076372754565,3.015333435848834,4.037950632967427,-1.0226171971185933,2.009135224308233,995.5675929265556,4424.744943374411,0.0,0.0,995.5675929265556,5130.068660667845,15390.205982003534,995.5675929265556,0.5530931071814198,2986.702778779667,8960.108336339,6540.71609525471,19622.14828576413,58866.444857292394,7536.2836881812655,22608.8510645438,67826.5531936314,0.9420354610226582,1.9718330829559672,9.859165414779834,0.6572776943186557,1963.0931160514215,1963.0931160514215,0.0,5889.279348154265,5889.279348154265,0.0,2986.702778779667,0.0,2986.702778779667,8960.108336339,0.0,19232.747582304404,-0.2532515352638395,115.69332621309081
407,2050,5NB,5,NB,PM-Late,3,OP,PM,3.0,70,8000,1.6,6.5,75,1800,1,4,0.05,0.01,5522.1,0.0,682.7,0.0,0.0,1.2083479154605756,1.2083479154605756,1.2083479154605756,4.69,2.345,0.2448979591836735,0.2448979591836735,30,5.999659039236403,0.592,3313.26,0.0,409.62,0.0,0.0,3722.88,4542.120000000001,1.12,1.2,0.3915620689655173,4542.120000000001,0.0,1.0,165.663,2360.6977500000003,0.0,307.21500000000003,0.0,0.0,2792.16,0.13145553886373115,0.6572776943186558,,0.24489794127605052,0.24489775152031126,139.36415256421333,696.8207628210666,68.85233456862676,72.87529472931848,0.3949459380966518,2.469972857997707,2.6142904394997633,-0.1443175815020563,0.058720759257533124,578.1300189500047,2569.4669810499954,0.0,0.0,578.1300189500047,2979.0869810499953,8937.260943149986,578.1300189500047,0.3211833438611137,1734.390056850014,5203.170170550042,3798.3269810499955,11394.980943149987,34184.94282944996,4376.457,13129.371000000001,39388.113,0.547057125,0.39436661659119343,1.9718330829559674,0.13145553886373115,227.9951795231159,227.9951795231159,0.0,683.9855385693477,683.9855385693477,0.0,1734.390056850014,0.0,1734.390056850014,5203.170170550042,0.0,11168.64,-0.05520334669841468,163.95782654613333
408,2050,5SB,5,SB,Night,8,OP,NT,3.0,70,8000,1.6,5.0,75,1800,1,4,0.05,0.01,1778.7,0.0,219.9,0.0,0.0,1.2083479154605756,1.2083479154605756,1.2083479154605756,4.69,2.345,0.2448979591836735,0.2448979591836735,30,5.953228787904948,0.708,1229.1159582196838,0.0,151.95513533058326,0.0,0.0,1381.071093550267,1684.9813642114336,1.12,1.2,0.14525701415615808,1684.9813642114336,0.0,1.0,61.45579791098419,875.7451202315248,0.0,113.96635149793744,0.0,0.0,1035.8033201627004,0.19408884885441063,0.9704442442720531,,0.2448979300595986,0.24489774444643758,173.69223387712668,868.4611693856332,69.97650546087138,74.95861059367965,0.0,2.4013251923212304,2.572291925904334,-0.17096673358310355,0.001182795631795294,214.4681672044947,953.1919931042049,0.0,0.0,214.4681672044947,1105.147128434788,8841.177027478305,214.4681672044947,0.11914898178027483,1715.7453376359576,5147.236012907873,1409.0573990959547,11272.459192767637,33817.37757830291,1623.5255663004493,12988.204530403595,38964.613591210786,0.20294069578755616,0.582266546563232,2.9113327328161596,0.19408884885441063,124.87763906590693,124.87763906590693,0.0,999.0211125272555,999.0211125272555,0.0,1715.7453376359576,0.0,1715.7453376359576,5147.236012907873,0.0,11048.568748402136,-0.06646474759002993,204.3438045613255
409,2050,5SB,5,SB,AM-Early,1,OP,AM,3.0,70,8000,1.6,5.0,75,1800,1,4,0.05,0.01,4208.7,0.0,519.6,0.0,0.0,1.2083479154605756,1.2083479154605756,1.2083479154605756,4.69,2.345,0.2448979591836735,0.2448979591836735,30,6.028677946318562,0.715,5050.44,0.0,623.52,0.0,0.0,5673.959999999999,6921.0,1.12,1.2,0.5966379310344827,6921.0,0.0,1.0,252.522,3598.4384999999997,0.0,467.64,0.0,0.0,4255.469999999999,1.0455577301644823,5.227788650822411,,0.24489795806324244,0.24489795088782115,199.27222714738727,996.3611357369364,50.27174300541603,64.80024163747231,0.6004572131705537,2.7777674195571307,3.580540264549962,-0.8027728449928313,1.3824830195763054,881.250240866157,3916.667759133843,0.0,0.0,881.250240866157,4540.187759133843,4540.187759133843,881.250240866157,0.489583467147865,881.250240866157,2643.750722598471,5787.2277591338425,5787.2277591338425,17361.683277401527,6668.477999999999,6668.477999999999,20005.433999999997,0.8335597499999999,3.136673190493447,15.683365952467234,1.0455577301644823,2764.194004640767,2764.194004640767,0.0,2764.194004640767,2764.194004640767,0.0,881.250240866157,0.0,881.250240866157,2643.750722598471,0.0,5673.959999999999,-0.22420438975114607,234.43791429104385
410,2050,5SB,5,SB,AM-Peak,2,Peak,AM,3.0,70,8000,1.6,5.0,75,1800,1,4,0.05,0.01,5159.6,0.0,638.0,0.0,0.0,1.2083479154605756,1.2083479154605756,1.2083479154605756,4.69,2.345,0.2448979591836735,0.2448979591836735,30,6.028677946318562,0.715,6191.52,0.0,765.6,0.0,0.0,6957.120000000001,8488.32,1.12,1.2,0.731751724137931,8488.32,0.0,1.0,309.576,4411.4580000000005,0.0,574.2,0.0,0.0,5217.84,1.6218834170762888,8.109417085381445,,0.24489794065123646,0.24489773369683687,117.08953838747276,585.4476919373639,33.503377832893506,55.3286056728186,1.1535779172914902,3.253290008145443,5.372592605372363,-2.11930259722692,3.837594726502995,1080.3569794694224,4801.587020530578,0.0,0.0,1080.3569794694224,5567.187020530579,11134.374041061157,1080.3569794694224,0.6001983219274569,2160.713958938845,6482.141876816535,7098.387020530578,14196.774041061157,42590.32212318347,8178.744000000001,16357.488000000001,49072.46400000001,1.022343,4.865650251228867,24.328251256144334,1.6218834170762888,5256.639208572255,5256.639208572255,0.0,10513.27841714451,10513.27841714451,0.0,2160.713958938845,0.0,2160.713958938845,6482.141876816535,0.0,13914.240000000002,-0.39446553142847796,137.75239810290913
411,2050,5SB,5,SB,AM-Shoulder,1,OP,AM,3.0,70,8000,1.6,5.0,75,1800,1,4,0.05,0.01,3915.0,0.0,483.3,0.0,0.0,1.2083479154605756,1.2083479154605756,1.2083479154605756,4.69,2.345,0.2448979591836735,0.2448979591836735,30,6.028677946318562,0.715,4698.0,0.0,579.96,0.0,0.0,5277.96,6437.88,1.12,1.2,0.5549896551724138,6437.88,0.0,1.0,234.9,3347.3250000000003,0.0,434.97,0.0,0.0,3958.4700000000003,0.8986455320457242,4.493227660228621,,0.24489795813444057,0.24489795002964457,232.51501358293785,1162.5750679146893,54.97558294456881,67.09277333520154,0.5584680114729365,2.6828522812837647,3.274180833725615,-0.5913285524418503,0.9627705993469501,819.7530577123664,3643.3469422876337,0.0,0.0,819.7530577123664,4223.306942287634,4223.306942287634,819.7530577123664,0.4554183653957591,819.7530577123664,2459.2591731370994,5383.226942287634,5383.226942287634,16149.680826862903,6202.9800000000005,6202.9800000000005,18608.940000000002,0.7753725,2.6959365961371726,13.479682980685864,0.8986455320457242,2210.002268082116,2210.002268082116,0.0,2210.002268082116,2210.002268082116,0.0,819.7530577123664,0.0,819.7530577123664,2459.2591731370994,0.0,5277.96,-0.18060351045699305,273.5470748034562
412,2050,5SB,5,SB,MD,5,OP,MD,3.0,70,8000,1.6,5.0,75,1800,1,4,0.05,0.01,5401.3,0.0,667.0,0.0,0.0,1.2083479154605756,1.2083479154605756,1.2083479154605756,4.69,2.345,0.2448979591836735,0.2448979591836735,30,6.001109984590511,0.708,3240.78,0.0,400.2,0.0,0.0,3640.98,4441.38,1.12,1.2,0.38287758620689655,4441.38,0.0,1.0,162.03900000000002,2309.05575,0.0,300.15,0.0,0.0,2730.735,0.24775664001450443,1.238783200072522,,0.2448979571873673,0.24489795133492762,174.51936135706612,872.5968067853305,67.1327497422898,73.05052386156008,0.3854794150579688,2.464048038055451,2.681254688523659,-0.2172066504682082,0.15046178042027022,565.4830362067443,2513.257963793256,0.0,0.0,565.4830362067443,2913.4579637932557,14567.289818966277,565.4830362067443,0.31415724233708014,2827.415181033721,8482.245543101164,3713.8579637932557,18569.289818966277,55707.86945689883,4279.341,21396.704999999998,64190.11499999999,0.5349176250000001,0.7432699200435133,3.7163496002175664,0.24775664001450443,420.30653110734994,420.30653110734994,0.0,2101.5326555367496,2101.5326555367496,0.0,2827.415181033721,0.0,2827.415181033721,8482.245543101164,0.0,18204.9,-0.08100933171246241,205.31689571419543
413,2050,5SB,5,SB,PM-Shoulder,1,OP,PM,3.0,70,8000,1.6,5.0,75,1800,1,4,0.05,0.01,5594.7,0.0,691.2,0.0,0.0,1.2083479154605756,1.2083479154605756,1.2083479154605756,4.69,2.345,0.2448979591836735,0.2448979591836735,30,5.999659039236403,0.592,3356.8199999999997,0.0,414.72,0.0,0.0,3771.54,4600.98,1.12,1.2,0.3966362068965517,4600.98,0.0,1.0,167.841,2391.73425,0.0,311.04,0.0,0.0,2828.6549999999997,0.2456235109853627,1.2281175549268135,,0.2448979570985744,0.2448979519418659,164.29044514019,821.45222570095,66.60574666836433,72.76473230886228,0.3996246162908758,2.4737258598844205,2.7024695165754284,-0.22874365669100793,0.17952609485119403,585.730831747691,2603.248168252309,0.0,0.0,585.730831747691,3017.9681682523087,3017.9681682523087,585.730831747691,0.3254060176376061,585.730831747691,1757.1924952430732,3847.408168252309,3847.408168252309,11542.224504756927,4433.139,4433.139,13299.417,0.554142375,0.7368705329560881,3.6843526647804405,0.24562351098536273,431.60779015873385,431.60779015873385,0.0,431.60779015873385,431.60779015873385,0.0,585.730831747691,0.0,585.730831747691,1757.1924952430732,0.0,3771.54,-0.08464245583086986,193.28287663551762
414,2050,5SB,5,SB,PM-Peak,3,Peak,PM,3.0,70,8000,1.6,5.0,75,1800,1,4,0.05,0.01,5989.8,0.0,740.7,0.0,0.0,1.2083479154605756,1.2083479154605756,1.2083479154605756,4.69,2.345,0.2448979591836735,0.2448979591836735,30,5.999659039236403,0.592,3593.88,0.0,444.42,0.0,0.0,4038.3,4927.14,1.12,1.2,0.4247534482758621,4927.14,0.0,1.0,179.69400000000002,2560.6395,0.0,333.315,0.0,0.0,3028.7250000000004,0.27909350038344527,1.3954675019172265,,0.24489795734892228,0.24489795193534117,164.7711904160622,823.8559520803112,65.31159473527565,72.09043332705373,0.6696693989800704,2.496863892930028,2.756019061080737,-0.25915516815070916,0.2528889708234671,627.0953830569657,2787.0906169430345,0.0,0.0,627.0953830569657,3231.5106169430346,9694.531850829104,627.0953830569657,0.34838632392053653,1881.2861491708973,5643.858447512692,4120.350616943035,12361.051850829104,37083.15555248731,4747.446000000001,14242.338000000002,42727.014,0.5934307500000001,0.8372805011503358,4.18640250575168,0.27909350038344527,525.0547365949981,525.0547365949981,0.0,1575.1642097849942,1575.1642097849942,0.0,1881.2861491708973,0.0,1881.2861491708973,5643.858447512692,0.0,12114.900000000001,-0.09403242953228517,193.8484593130144
415,2050,5SB,5,SB,PM-Late,3,OP,PM,3.0,70,8000,1.6,5.0,75,1800,1,4,0.05,0.01,4976.0,0.0,615.0,0.0,0.0,1.2083479154605756,1.2083479154605756,1.2083479154605756,4.69,2.345,0.2448979591836735,0.2448979591836735,30,5.999659039236403,0.592,2985.6,0.0,369.0,0.0,0.0,3354.6,4092.6,1.12,1.2,0.3528103448275862,4092.6,0.0,1.0,149.28,2127.24,0.0,276.75,0.0,0.0,2515.95,0.215214358645291,1.076071793226455,,0.24489795656591304,0.24489795191720146,166.07553542379,830.3776771189499,68.06823230394035,73.58546111783883,0.3556880181907756,2.4461353814410467,2.6444053842364896,-0.19827000279544293,0.0999782335468479,520.9567291252728,2315.363270874727,0.0,0.0,520.9567291252728,2684.363270874727,8053.089812624181,520.9567291252728,0.289420405069596,1562.8701873758182,4688.610562127455,3422.363270874727,10267.089812624181,30801.269437872543,3943.3199999999997,11829.96,35489.88,0.49291499999999994,0.645643075935873,3.228215379679365,0.215214358645291,336.3521050219325,336.3521050219325,0.0,1009.0563150657975,1009.0563150657975,0.0,1562.8701873758182,0.0,1562.8701873758182,4688.610562127455,0.0,10063.8,-0.07497715893990617,195.38298285151765
416,2050,6NB,6,NB,Night,8,OP,NT,4.4,70,8000,1.6,6.5,75,1800,1,4,0.05,0.01,1877.8,0.0,232.0,0.0,0.0,1.2083479154605756,1.2083479154605756,1.2083479154605756,4.69,2.345,0.282574568288854,0.282574568288854,30,5.953228787904948,0.708,1877.8,0.0,232.0,0.0,0.0,2109.8,2573.8,1.12,1.2,0.2218793103448276,2573.8,0.0,1.0,93.89,1159.5415,0.0,150.8,0.0,0.0,1371.3700000000001,0.13145553886373115,0.6572776943186558,,0.28257456176000356,0.2825745607757268,121.69079729236013,608.4539864618007,69.97093997557167,74.77506837198322,0.0,3.530588547063311,3.7729949046299502,-0.2424063575666393,0.002145876485889477,327.6569312050372,1456.2530687949627,0.0,0.0,327.6569312050372,1688.2530687949627,13506.024550359702,327.6569312050372,0.18203162844724288,2621.2554496402977,11533.52397841731,2152.253068794963,17218.024550359703,75759.3080215827,2479.9100000000003,19839.280000000002,87292.83200000002,0.30998875000000004,0.5784043710004171,2.8920218550020858,0.13145553886373115,189.51820119757647,189.51820119757647,0.0,1516.1456095806118,1516.1456095806118,0.0,2621.2554496402977,0.0,2621.2554496402977,11533.52397841731,0.0,16878.4,-0.06424772990527379,143.16564387336484
417,2050,6NB,6,NB,AM-Early,1,OP,AM,4.4,70,8000,1.6,6.5,75,1800,1,4,0.05,0.01,2729.7,0.0,337.1,0.0,0.0,1.2083479154605756,1.2083479154605756,1.2083479154605756,4.69,2.345,0.282574568288854,0.282574568288854,30,6.028677946318562,0.715,1890.642446418046,0.0,233.4819096191975,0.0,0.0,2124.124356037243,2591.0881752756386,1.12,1.2,0.22336967028238264,2591.0881752756386,0.0,1.0,94.5321223209023,1167.4717106631433,0.0,151.76324125247837,0.0,0.0,1380.680831424208,0.13145553886373115,0.6572776943186558,,0.28257456174110607,0.2825745608730492,121.80293681423636,609.0146840711818,69.96965157877767,74.76887080521976,0.0,3.530881196370424,3.7730643792440035,-0.24218318287357965,0.0022410567071423195,329.8978069857771,1466.2125171113664,0.0,0.0,329.8978069857771,1699.694426730564,1699.694426730564,329.8978069857771,0.18327655943654284,329.8978069857771,1451.5503507374194,2166.658245968959,2166.658245968959,9533.29628226342,2496.556052954736,2496.556052954736,10984.84663300084,0.312069506619342,0.5784043710004171,2.8920218550020858,0.13145553886373115,190.8143335440254,190.8143335440254,0.0,190.8143335440254,190.8143335440254,0.0,329.8978069857771,0.0,329.8978069857771,1451.5503507374194,0.0,2124.124356037243,-0.06418739743902942,143.297572722631
418,2050,6NB,6,NB,AM-Peak,2,Peak,AM,4.4,70,8000,1.6,6.5,75,1800,1,4,0.05,0.01,5205.6,0.0,642.8,0.0,0.0,1.2083479154605756,1.2083479154605756,1.2083479154605756,4.69,2.345,0.282574568288854,0.282574568288854,30,6.028677946318562,0.715,1890.6880579219041,0.0,233.4667057845781,0.0,0.0,2124.1547637064823,2591.0881752756386,1.12,1.2,0.22336967028238264,2591.0881752756386,0.0,1.0,94.53440289609522,1167.4998757667759,0.0,151.75335875997575,0.0,0.0,1380.7005964092136,0.13145553886373115,0.6572776943186558,,0.28257456174118184,0.282574560873043,121.80348375673786,609.0174187836893,69.96965227278528,74.7688485693084,0.0,3.5308822464382366,3.7730643418201306,-0.24218209538189406,0.0022410054364359663,329.90576572768094,1466.247889298128,0.0,0.0,329.90576572768094,1699.7145950827062,3399.4291901654124,329.90576572768094,0.18328098095982276,659.8115314553619,2903.1707384035926,2166.6480066518625,4333.296013303725,19066.50245853639,2496.5537723795433,4993.1075447590865,21969.673196939984,0.31206922154744293,0.5784043710004171,2.8920218550020858,0.13145553886373115,190.81893691513025,190.81893691513025,0.0,381.6378738302605,381.6378738302605,0.0,659.8115314553619,0.0,659.8115314553619,2903.1707384035926,0.0,4248.309527412965,-0.06418710985062745,143.2982161843975
419,2050,6NB,6,NB,AM-Shoulder,1,OP,AM,4.4,70,8000,1.6,6.5,75,1800,1,4,0.05,0.01,4892.6,0.0,604.2,0.0,0.0,1.2083479154605756,1.2083479154605756,1.2083479154605756,4.69,2.345,0.282574568288854,0.282574568288854,30,6.028677946318562,0.715,1890.6904142559777,0.0,233.48631572036578,0.0,0.0,2124.1767299763433,2591.149361417075,1.12,1.2,0.22337494494974783,2591.149361417075,0.0,1.0,94.5345207127989,1167.5013308030661,0.0,151.76610521823775,0.0,0.0,1380.7148744846231,0.13145553886373115,0.6572776943186558,,0.28257456174118867,0.2825745608730443,121.8033673021846,609.016836510923,69.96964697282597,74.76884742053652,0.0,3.5308823006878125,3.773064627616735,-0.24218232692892228,0.0022413969777839134,329.9061768839309,1466.249716659248,0.0,0.0,329.9061768839309,1699.7360323796138,1699.7360323796138,329.9061768839309,0.18328120937996162,329.9061768839309,1451.5871782892962,2166.7086638203455,2166.7086638203455,9533.51812080952,2496.6148407042765,2496.6148407042765,10985.105299098816,0.31207685508803457,0.5784043710004171,2.8920218550020858,0.13145553886373115,190.8191747297024,190.8191747297024,0.0,190.8191747297024,190.8191747297024,0.0,329.9061768839309,0.0,329.9061768839309,1451.5871782892962,0.0,2124.1767299763433,-0.0641871663570993,143.2980791790407
420,2050,6NB,6,NB,MD,5,OP,MD,4.4,70,8000,1.6,6.5,75,1800,1,4,0.05,0.01,5363.9,0.0,663.4,0.0,0.0,1.2083479154605756,1.2083479154605756,1.2083479154605756,4.69,2.345,0.282574568288854,0.282574568288854,30,6.001109984590511,0.708,3644.363538002807,0.0,450.7300231382133,0.0,0.0,4095.0935611410205,4996.553607417447,1.12,1.2,0.4307373799497799,4996.553607417447,0.0,1.0,182.21817690014038,2250.3944847167336,0.0,292.97451503983865,0.0,0.0,2661.8108147416633,0.13145553886373115,0.6572776943186558,,0.28257455274757004,0.2825743089331856,135.2788706891193,676.3943534455965,67.89639410078695,71.93030654387034,0.6376038880008713,3.67021930928358,3.8882771831463154,-0.21805787386273545,0.1600825980533097,635.9042150244294,2826.2411460782373,0.0,0.0,635.9042150244294,3276.9711692164506,16384.855846082253,635.9042150244294,0.35328011945801635,3179.521075122147,13989.89273053745,4178.4312154928775,20892.156077464388,91925.48674084332,4814.335430517307,24071.677152586533,105915.37947138077,0.6017919288146634,0.5784043710004171,2.8920218550020858,0.13145553886373115,367.80977750771905,367.80977750771905,0.0,1839.0488875385952,1839.0488875385952,0.0,3179.521075122147,0.0,3179.521075122147,13989.89273053745,0.0,20475.467805705102,-0.05608084598698476,159.15161257543446
421,2050,6NB,6,NB,PM-Shoulder,1,OP,PM,4.4,70,8000,1.6,6.5,75,1800,1,4,0.05,0.01,5988.6,0.0,740.7,0.0,0.0,1.2083479154605756,1.2083479154605756,1.2083479154605756,4.69,2.345,0.282574568288854,0.282574568288854,30,5.999659039236403,0.592,5988.6,0.0,740.7,0.0,0.0,6729.3,8210.7,1.12,1.2,0.7078189655172414,8210.7,0.0,1.0,299.43,3697.9605,0.0,481.45500000000004,0.0,0.0,4374.045,0.13145553886373115,0.6572776943186558,,0.28257452381071446,0.28257452126839044,14.009824339805613,70.04912169902806,39.28054375597748,57.20083028116506,1.0478431880343053,4.615317622180202,6.7208845590337845,-2.1055669368535828,4.040754703019143,1044.9494273583316,4644.220572641669,0.0,0.0,1044.9494273583316,5384.9205726416685,5384.9205726416685,1044.9494273583316,0.5805274596435176,1044.9494273583316,4597.77748037666,6866.320572641669,6866.320572641669,30211.810519623345,7911.27,7911.27,34809.588,0.98890875,0.5784043710004171,2.8920218550020858,0.13145553886373115,604.4033162584418,604.4033162584418,0.0,604.4033162584418,604.4033162584418,0.0,1044.9494273583316,0.0,1044.9494273583316,4597.77748037666,0.0,6729.3,-0.31328717497809333,16.48214628212425
422,2050,6NB,6,NB,PM-Peak,3,Peak,PM,4.4,70,8000,1.6,6.5,75,1800,1,4,0.05,0.01,6614.5,0.0,818.1,0.0,0.0,1.2083479154605756,1.2083479154605756,1.2083479154605756,4.69,2.345,0.282574568288854,0.282574568288854,30,5.999659039236403,0.592,6614.5,0.0,818.1,0.0,0.0,7432.6,9068.8,1.12,1.2,0.7817931034482758,9068.8,0.0,1.0,330.725,4084.45375,0.0,531.765,0.0,0.0,4831.1900000000005,0.6572776943186557,3.2863884715932783,,0.2825745613345615,0.2825745613185314,34.71136089829121,173.55680449145603,28.087260294279016,51.26065988510239,1.808312365416916,5.150148292896341,9.399279147698614,-4.2491308548022735,7.71015528948996,1154.1627266975547,5129.612273302445,0.0,0.0,1154.1627266975547,5947.712273302445,17843.136819907337,1154.1627266975547,0.6412015148319749,3462.488180092664,15234.947992407724,7583.912273302445,22751.736819907335,100107.64200759228,8738.075,26214.225,115342.59,1.092259375,2.8920218550020853,14.460109275010426,0.6572776943186557,3337.863829838127,3337.863829838127,0.0,10013.591489514381,10013.591489514381,0.0,3462.488180092664,0.0,3462.488180092664,15234.947992407724,0.0,22297.800000000003,-0.4520698649366809,40.836895174460246
423,2050,6NB,6,NB,PM-Late,3,OP,PM,4.4,70,8000,1.6,6.5,75,1800,1,4,0.05,0.01,5392.9,0.0,667.0,0.0,0.0,1.2083479154605756,1.2083479154605756,1.2083479154605756,4.69,2.345,0.282574568288854,0.282574568288854,30,5.999659039236403,0.592,1889.8935824010894,0.0,233.744185774171,0.0,0.0,2123.63776817526,2591.126139723602,1.12,1.2,0.22337294307962088,2591.126139723602,0.0,1.0,94.49467912005447,1167.0092871326726,0.0,151.93372075321116,0.0,0.0,1380.364549313919,0.13145553886373115,0.6572776943186558,,0.28257456169658507,0.28257456110341533,121.79387324726602,608.9693662363302,69.96963687065777,74.76923565335487,0.0,3.530863966885482,3.773065172369219,-0.2422012054837368,0.0022421432886873312,329.7671378073592,1465.6317654736756,0.0,0.0,329.7671378073592,1699.3759512478466,5098.12785374354,329.7671378073592,0.18320396544853287,989.3014134220775,4352.926219057142,2166.8643227961884,6500.592968388565,28602.60906090969,2496.6314606035476,7489.894381810643,32955.53527996683,0.31207893257544345,0.5784043710004171,2.8920218550020858,0.13145553886373115,190.73875392007344,190.73875392007344,0.0,572.2162617602203,572.2162617602203,0.0,989.3014134220775,0.0,989.3014134220775,4352.926219057142,0.0,6370.91330452578,-0.06419216059595693,143.2869097026659
424,2050,6SB,6,SB,Night,8,OP,NT,4.4,70,8000,1.6,5.0,75,1800,1,4,0.05,0.01,1736.4,0.0,215.1,0.0,0.0,1.2083479154605756,1.2083479154605756,1.2083479154605756,4.69,2.345,0.282574568288854,0.282574568288854,30,5.953228787904948,0.708,1228.498037648297,0.0,152.18263527882326,0.0,0.0,1380.6806729271202,1685.0459434847667,1.12,1.2,0.14526258133489367,1685.0459434847667,0.0,1.0,61.42490188241485,758.5975382478234,0.0,98.91871293123512,0.0,0.0,897.4424374026281,0.13145553886373115,0.6572776943186558,,0.28257454868266263,0.28257446331613933,117.63881922946916,588.1940961473458,69.97649169084706,74.95869371051347,0.0,3.5219397101496206,3.772695567053289,-0.2507558569036683,0.0017357840058634028,214.3603570021576,952.7127787637246,0.0,0.0,214.3603570021576,1104.8954140425478,8839.163312340383,214.3603570021576,0.11908908722342089,1714.8828560172608,7545.484566475948,1409.2606846001945,11274.085476801556,49605.976097926854,1623.621041602352,12988.968332818817,57151.4606644028,0.202952630200294,0.5784043710004171,2.8920218550020858,0.13145553886373115,123.98696745925781,123.98696745925781,0.0,991.8957396740625,991.8957396740625,0.0,1714.8828560172608,0.0,1714.8828560172608,7545.484566475948,0.0,11045.445383416962,-0.06646596642822265,138.39861085819902
425,2050,6SB,6,SB,AM-Early,1,OP,AM,4.4,70,8000,1.6,5.0,75,1800,1,4,0.05,0.01,4109.6,0.0,507.5,0.0,0.0,1.2083479154605756,1.2083479154605756,1.2083479154605756,4.69,2.345,0.282574568288854,0.282574568288854,30,6.028677946318562,0.715,1229.50914684447,0.0,151.83372883579142,0.0,0.0,1381.3428756802614,1685.0103333518443,1.12,1.2,0.14525951149584865,1685.0103333518443,0.0,1.0,61.47545734222351,759.2218981764603,0.0,98.69192374326443,0.0,0.0,897.8728691921699,0.13145553886373115,0.6572776943186558,,0.2825745500276972,0.28257447218610443,117.64224726013066,588.2112363006534,69.9765086270904,74.95855762941319,0.0,3.5219461039416844,3.7726946539570023,-0.25074855001531793,0.0017345330639507298,214.53678624838741,953.496903253859,0.0,0.0,214.53678624838741,1105.3306320896504,1105.3306320896504,214.53678624838741,0.11918710347132634,214.53678624838741,943.9618594929048,1408.9980897612334,1408.9980897612334,6199.591594949427,1623.5348760096208,1623.5348760096208,7143.553454442332,0.2029418595012026,0.5784043710004171,2.8920218550020858,0.13145553886373115,124.08901490644945,124.08901490644945,0.0,124.08901490644945,124.08901490644945,0.0,214.53678624838741,0.0,214.53678624838741,943.9618594929048,0.0,1381.3428756802614,-0.06646404573248979,138.40264383544783
426,2050,6SB,6,SB,AM-Peak,2,Peak,AM,4.4,70,8000,1.6,5.0,75,1800,1,4,0.05,0.01,5038.8,0.0,622.3,0.0,0.0,1.2083479154605756,1.2083479154605756,1.2083479154605756,4.69,2.345,0.282574568288854,0.282574568288854,30,6.028677946318562,0.715,4698.128770481173,0.0,580.2265487557421,0.0,0.0,5278.355319236915,6438.808416748399,1.12,1.2,0.555069691099,6438.808416748399,0.0,1.0,234.90643852405867,2901.0945157721244,0.0,377.14725669123237,0.0,0.0,3430.930957503995,0.6572776943186557,3.2863884715932783,,0.28257456673381576,0.28257456011432713,169.90969303613034,849.5484651806515,54.966067779121424,67.09199780307841,1.280891553824293,3.934895496402803,4.802963185594277,-0.868067689191474,1.4132024214070176,819.775525848157,3643.4468061089574,0.0,0.0,819.775525848157,4223.6733548647,8447.3467097294,819.775525848157,0.45543084769342057,1639.551051696314,7214.024627463782,5384.126452376184,10768.252904752368,47380.31278091042,6203.901978224341,12407.803956448683,54594.3374083742,0.7754877472780427,2.8920218550020853,14.460109275010426,0.6572776943186557,2370.808736948697,2370.808736948697,0.0,4741.617473897394,4741.617473897394,0.0,1639.551051696314,0.0,1639.551051696314,7214.024627463782,0.0,10556.71063847383,-0.18073586151880255,199.89375651309447
427,2050,6SB,6,SB,AM-Shoulder,1,OP,AM,4.4,70,8000,1.6,5.0,75,1800,1,4,0.05,0.01,3822.0,0.0,472.5,0.0,0.0,1.2083479154605756,1.2083479154605756,1.2083479154605756,4.69,2.345,0.282574568288854,0.282574568288854,30,6.028677946318562,0.715,1229.1721832185349,0.0,151.95809957371998,0.0,0.0,1381.1302827922548,1685.0464819396948,1.12,1.2,0.14526262775342197,1685.0464819396948,0.0,1.0,61.45860916092675,759.0138231374453,0.0,98.77276472291798,0.0,0.0,897.7346838149656,0.13145553886373115,0.6572776943186558,,0.2825745500361549,0.2825744722384708,117.64105496582232,588.2052748291117,69.9765010447219,74.95860301704086,0.0,3.521943971394225,3.772695062750821,-0.25075109135659623,0.001735093111482708,214.47798954428526,953.2355845133229,0.0,0.0,214.47798954428526,1105.1936840870428,1105.1936840870428,214.47798954428526,0.11915443863571404,214.47798954428526,943.7031539948553,1409.1098832344828,1409.1098832344828,6200.083486231725,1623.587872778768,1623.587872778768,7143.786640226581,0.202948484097346,0.5784043710004171,2.8920218550020858,0.13145553886373115,124.05500663579635,124.05500663579635,0.0,124.05500663579635,124.05500663579635,0.0,214.47798954428526,0.0,214.47798954428526,943.7031539948553,0.0,1381.1302827922548,-0.06646471214500005,138.40124113626155
428,2050,6SB,6,SB,MD,5,OP,MD,4.4,70,8000,1.6,5.0,75,1800,1,4,0.05,0.01,5274.4,0.0,651.3,0.0,0.0,1.2083479154605756,1.2083479154605756,1.2083479154605756,4.69,2.345,0.282574568288854,0.282574568288854,30,6.001109984590511,0.708,1229.5267115272102,0.0,151.82594175975882,0.0,0.0,1381.352653286969,1685.0045368064866,1.12,1.2,0.14525901179366263,1685.0045368064866,0.0,1.0,61.47633557636051,759.2327443680523,0.0,98.68686214384324,0.0,0.0,897.8792246365298,0.13145553886373115,0.6572776943186558,,0.28257454962861855,0.2825744696606647,117.6423173289961,588.2115866449805,69.97650933464153,74.95855526268163,0.0,3.521946215143147,3.7726946158102814,-0.25074840066713433,0.0017344808029422887,214.53985080310247,953.5105251477472,0.0,0.0,214.53985080310247,1105.336466907506,5526.682334537531,214.53985080310247,0.11918880600172359,1072.6992540155125,4719.876717668255,1408.9883504270238,7044.941752135119,30997.743709394526,1623.5282012301263,8117.641006150631,35717.62042706278,0.2029410251537658,0.5784043710004171,2.8920218550020858,0.13145553886373115,124.09078745829181,124.09078745829181,0.0,620.453937291459,620.453937291459,0.0,1072.6992540155125,0.0,1072.6992540155125,4719.876717668255,0.0,6906.763266434845,-0.06646400681791727,138.40272626940717
429,2050,6SB,6,SB,PM-Shoulder,1,OP,PM,4.4,70,8000,1.6,5.0,75,1800,1,4,0.05,0.01,5462.9,0.0,675.5,0.0,0.0,1.2083479154605756,1.2083479154605756,1.2083479154605756,4.69,2.345,0.282574568288854,0.282574568288854,30,5.999659039236403,0.592,1229.0880409523763,0.0,151.97952949227155,0.0,0.0,1381.0675704446478,1685.026629429191,1.12,1.2,0.14526091633010266,1685.026629429191,0.0,1.0,61.45440204761882,758.9618652880924,0.0,98.78669416997651,0.0,0.0,897.6939207890211,0.13145553886373115,0.6572776943186558,,0.2825745532676216,0.28257448994027834,117.64081574688744,588.2040787344372,69.9765014578899,74.95861434337758,0.0,3.5219434392242577,3.7726950404753885,-0.25075160125113083,0.0017350625941397859,214.46331003094352,953.170328873814,0.0,0.0,214.46331003094352,1105.1498583660855,1105.1498583660855,214.46331003094352,0.11914628335052417,214.46331003094352,943.6385641361516,1409.1089173506286,1409.1089173506286,6200.079236342766,1623.5722273815722,1623.5722273815722,7143.7178004789175,0.20294652842269653,0.5784043710004171,2.8920218550020858,0.13145553886373115,124.04651594111533,124.04651594111533,0.0,124.04651594111533,124.04651594111533,0.0,214.46331003094352,0.0,214.46331003094352,943.6385641361516,0.0,1381.0675704446478,-0.066464847691356,138.40095970222052
430,2050,6SB,6,SB,PM-Peak,3,Peak,PM,4.4,70,8000,1.6,5.0,75,1800,1,4,0.05,0.01,5848.4,0.0,722.6,0.0,0.0,1.2083479154605756,1.2083479154605756,1.2083479154605756,4.69,2.345,0.282574568288854,0.282574568288854,30,5.999659039236403,0.592,1229.3425550389122,0.0,151.89161655685623,0.0,0.0,1381.2341715957684,1685.017404709481,1.12,1.2,0.14526012109564493,1685.017404709481,0.0,1.0,61.46712775194561,759.1190277365283,0.0,98.72955076195656,0.0,0.0,897.8022115372495,0.13145553886373115,0.6572776943186558,,0.282574553261735,0.2825744899124173,117.64167955422364,588.2083977711183,69.97650574136833,74.95858007183743,0.0,3.5219450494792257,3.772694809537052,-0.25074976005782634,0.0017347462086182164,214.5077201351321,953.3677071518346,0.0,0.0,214.5077201351321,1105.2593237086908,3315.7779711260723,214.5077201351321,0.11917095563062895,643.5231604053963,2831.501905783744,1409.0425568224032,4227.127670467209,18599.361750055723,1623.5502769575353,4870.650830872605,21430.86365583947,0.20294378461969192,0.5784043710004171,2.8920218550020858,0.13145553886373115,124.07220293949459,124.07220293949459,0.0,372.2166088184838,372.2166088184838,0.0,643.5231604053963,0.0,643.5231604053963,2831.501905783744,0.0,4143.7025147873055,-0.06646436372853491,138.40197594614546
431,2050,6SB,6,SB,PM-Late,3,OP,PM,4.4,70,8000,1.6,5.0,75,1800,1,4,0.05,0.01,4858.8,0.0,600.5,0.0,0.0,1.2083479154605756,1.2083479154605756,1.2083479154605756,4.69,2.345,0.282574568288854,0.282574568288854,30,5.999659039236403,0.592,1229.224274736531,0.0,151.92005782894682,0.0,0.0,1381.1443325654777,1684.9844482233716,1.12,1.2,0.14525728001925617,1684.9844482233716,0.0,1.0,61.46121373682655,759.045989649808,0.0,98.74803758881544,0.0,0.0,897.7438161675606,0.13145553886373115,0.6572776943186558,,0.2825745532645774,0.2825744899258699,117.64135328955071,588.2067664477536,69.97650672502462,74.95859600149022,0.0,3.5219443010212133,3.7726947565044675,-0.25075045548325425,0.0017346735539777497,214.48708143256354,953.2759795671409,0.0,0.0,214.48708143256354,1105.1960373960878,3315.5881121882635,214.48708143256354,0.11915948968475752,643.4612442976907,2831.229474909839,1409.0361530539813,4227.108459161944,18599.277220312553,1623.5232344865449,4870.569703459634,21430.506695222393,0.2029404043108181,0.5784043710004171,2.8920218550020858,0.13145553886373115,124.06026542371715,124.06026542371715,0.0,372.18079627115145,372.18079627115145,0.0,643.4612442976907,0.0,643.4612442976907,2831.229474909839,0.0,4143.432997696433,-0.06646454899404139,138.40159210535379
432,2050,7NB,7,NB,Night,8,OP,NT,5.6,70,6000,1.6,6.5,75,1800,1,4,0.05,0.01,929.2,0.0,114.8,0.0,0.0,1.2083479154605756,1.2083479154605756,1.2083479154605756,4.69,2.345,0.35502958579881655,0.35502958579881655,30,5.953228787904948,0.708,929.2,0.0,114.8,0.0,0.0,1044.0,1273.6,1.12,1.2,0.13266666666666665,1273.6,0.0,1.0,46.46000000000001,573.7810000000001,0.0,74.62,0.0,0.0,678.6,0.13145553886373115,0.6572776943186558,,0.35502957402729873,0.355029520668886,117.90153317654192,589.5076658827096,69.99847969107826,74.97202663216224,0.0,4.481671565963236,4.800104252018852,-0.31843268605561637,0.00014282526582747146,203.70922401495753,679.0307759850425,0.0,0.0,203.70922401495753,793.8307759850425,6350.64620788034,203.70922401495753,0.11317179111942084,1629.6737921196602,9126.173235870097,1023.4307759850425,8187.44620788034,45849.6987641299,1227.14,9817.12,54975.871999999996,0.20452333333333336,0.7361510176368944,3.680755088184472,0.13145553886373115,149.96075256063307,149.96075256063307,0.0,1199.6860204850645,1199.6860204850645,0.0,1629.6737921196602,0.0,1629.6737921196602,9126.173235870097,0.0,8352.0,-0.06633870210666536,138.70768609004932
433,2050,7NB,7,NB,AM-Early,1,OP,AM,5.6,70,6000,1.6,6.5,75,1800,1,4,0.05,0.01,1123.8,0.0,139.0,0.0,0.0,1.2083479154605756,1.2083479154605756,1.2083479154605756,4.69,2.345,0.35502958579881655,0.35502958579881655,30,6.028677946318562,0.715,1123.8,0.0,139.0,0.0,0.0,1262.8,1540.8,1.12,1.2,0.1605,1540.8,0.0,1.0,56.19,693.9465,0.0,90.35000000000001,0.0,0.0,820.82,0.13145553886373115,0.6572776943186558,,0.3550295692894743,0.3550294994654689,118.51541446409682,592.5770723204841,69.99475543190717,74.9401754420154,0.0,4.483576372996063,4.800359654472542,-0.3167832814764795,0.0004927266273835185,246.3715270049382,821.2384729950618,0.0,0.0,246.3715270049382,960.2384729950618,960.2384729950618,246.3715270049382,0.136873070558299,246.3715270049382,1379.680551227654,1238.2384729950618,1238.2384729950618,6934.135448772346,1484.61,1484.61,8313.815999999999,0.247435,0.7361510176368944,3.680755088184472,0.13145553886373115,181.36665032144086,181.36665032144086,0.0,181.36665032144086,181.36665032144086,0.0,246.3715270049382,0.0,246.3715270049382,1379.680551227654,0.0,1262.8,-0.0659915723567357,139.42989936952569
434,2050,7NB,7,NB,AM-Peak,2,Peak,AM,5.6,70,6000,1.6,6.5,75,1800,1,4,0.05,0.01,1808.9,0.0,223.5,0.0,0.0,1.2083479154605756,1.2083479154605756,1.2083479154605756,4.69,2.345,0.35502958579881655,0.35502958579881655,30,6.028677946318562,0.715,1470.2397796057771,0.0,181.6565817579143,0.0,0.0,1651.8963613636915,2015.20952487952,1.12,1.2,0.20991765884161664,2015.20952487952,0.0,1.0,73.51198898028886,907.8730639065674,0.0,118.0767781426443,0.0,0.0,1073.7326348863996,0.13145553886373115,0.6572776943186558,,0.3550295583466435,0.35502939865192107,120.49418873685477,602.4709436842738,69.96999927270275,74.82501206335645,0.0,4.490477057531234,4.802058074782387,-0.31158101725115284,0.0028195624518707733,322.32177291356265,1074.4060177119256,0.0,0.0,322.32177291356265,1256.0625994698398,2512.1251989396796,322.32177291356265,0.1790676516186459,644.6435458271253,3610.0038566319013,1619.3757629856686,3238.7515259713373,18137.008545439487,1941.6975358992313,3883.3950717984626,21747.01240207139,0.3236162559832052,0.7361510176368944,3.680755088184472,0.13145553886373115,237.27750113684712,237.27750113684712,0.0,474.55500227369424,474.55500227369424,0.0,644.6435458271253,0.0,644.6435458271253,3610.0038566319013,0.0,3303.792722727383,-0.06488489151919985,141.7578691021821
435,2050,7NB,7,NB,AM-Shoulder,1,OP,AM,5.6,70,6000,1.6,6.5,75,1800,1,4,0.05,0.01,2137.6,0.0,264.6,0.0,0.0,1.2083479154605756,1.2083479154605756,1.2083479154605756,4.69,2.345,0.35502958579881655,0.35502958579881655,30,6.028677946318562,0.715,1469.5575929076547,0.0,181.9072506939397,0.0,0.0,1651.4648436015943,2015.2793449894739,1.12,1.2,0.20992493176973687,2015.2793449894739,0.0,1.0,73.47787964538274,907.4518136204769,0.0,118.2397129510608,0.0,0.0,1073.4521483410363,0.13145553886373115,0.6572776943186558,,0.35502955836387706,0.35502939891782115,120.4860040350543,602.4300201752715,69.96997400444377,74.82533585696757,0.0,4.490457625773723,4.8020598089497755,-0.3116021831760527,0.002821938261192365,322.1722166261772,1073.9074966360947,0.0,0.0,322.1722166261772,1255.8147473300344,1255.8147473300344,322.1722166261772,0.17898456479232067,322.1722166261772,1804.1644131065923,1619.629248717914,1619.629248717914,9069.923792820317,1941.8014653440912,1941.8014653440912,10874.08820592691,0.3236335775573485,0.7361510176368944,3.680755088184472,0.13145553886373115,237.16740512369432,237.16740512369432,0.0,237.16740512369432,237.16740512369432,0.0,322.1722166261772,0.0,322.1722166261772,1804.1644131065923,0.0,1651.4648436015943,-0.06488927576356052,141.74824004124034
436,2050,7NB,7,NB,MD,5,OP,MD,5.6,70,6000,1.6,6.5,75,1800,1,4,0.05,0.01,3081.3,0.0,380.6,0.0,0.0,1.2083479154605756,1.2083479154605756,1.2083479154605756,4.69,2.345,0.35502958579881655,0.35502958579881655,30,6.001109984590511,0.708,1470.4077078608263,0.0,181.62372167975545,0.0,0.0,1652.0314295405817,2015.2788729000927,1.12,1.2,0.20992488259375966,2015.2788729000927,0.0,1.0,73.52038539304132,907.9767596040602,0.0,118.05541909184105,0.0,0.0,1073.8204292013781,0.13145553886373115,0.6572776943186558,,0.35502955794203145,0.3550293920450556,120.4959407406675,602.4797037033376,69.96999552657552,74.82493228967162,0.0,4.4904818449983335,4.8020583318800245,-0.31157648688169104,0.0028199146756335953,322.3585875838677,1074.5287348839172,0.0,0.0,322.3585875838677,1256.1524565636726,6280.762282818363,322.3585875838677,0.17908810421325982,1611.7929379193383,9026.040452348294,1619.3998999231835,8096.999499615918,45343.197197849135,1941.758487507051,9708.792437535256,54369.23765019743,0.3236264145845085,0.7361510176368944,3.680755088184472,0.13145553886373115,237.30460229385614,237.30460229385614,0.0,1186.5230114692806,1186.5230114692806,0.0,1611.7929379193383,0.0,1611.7929379193383,9026.040452348294,0.0,8260.157147702908,-0.06488394462291082,141.75993028313826
437,2050,7NB,7,NB,PM-Shoulder,1,OP,PM,5.6,70,6000,1.6,6.5,75,1800,1,4,0.05,0.01,3945.3,0.0,488.2,0.0,0.0,1.2083479154605756,1.2083479154605756,1.2083479154605756,4.69,2.345,0.35502958579881655,0.35502958579881655,30,5.999659039236403,0.592,1469.7514755191637,0.0,181.87024316235917,0.0,0.0,1651.621718681523,2015.3622050062413,1.12,1.2,0.20993356302148347,2015.3622050062413,0.0,1.0,73.48757377595818,907.5715361330836,0.0,118.21565805553347,0.0,0.0,1073.55411714299,0.13145553886373115,0.6572776943186558,,0.35502956167342614,0.35502944246680307,120.48801515856508,602.4400757928254,69.96996935465401,74.82524387264462,0.0,4.490463145992343,4.80206012806623,-0.31159698207388686,0.0028223754507348173,322.2147246606067,1074.0491770825988,0.0,0.0,322.2147246606067,1255.919420244958,1255.919420244958,322.2147246606067,0.17900818036700372,322.2147246606067,1804.4024580993973,1619.6599065696764,1619.6599065696764,9070.095476790188,1941.874631230283,1941.874631230283,10874.497934889585,0.32364577187171384,0.7361510176368944,3.680755088184472,0.13145553886373115,237.19869745649734,237.19869745649734,0.0,237.19869745649734,237.19869745649734,0.0,322.2147246606067,0.0,322.2147246606067,1804.4024580993973,0.0,1651.621718681523,-0.06488818835331113,141.7506060689001
438,2050,7NB,7,NB,PM-Peak,3,Peak,PM,5.6,70,6000,1.6,6.5,75,1800,1,4,0.05,0.01,4557.9,0.0,563.1,0.0,0.0,1.2083479154605756,1.2083479154605756,1.2083479154605756,4.69,2.345,0.35502958579881655,0.35502958579881655,30,5.999659039236403,0.592,3543.5392707237356,0.0,437.78208458819535,0.0,0.0,3981.321355311931,4856.885524488322,1.12,1.2,0.5059255754675335,4856.885524488322,0.0,1.0,177.1769635361868,2188.135499671907,0.0,284.558354982327,0.0,0.0,2587.858880952755,0.6572776943186557,3.2863884715932783,,0.35502958446462307,0.35502956930461554,316.7541471455044,1583.7707357275222,61.92213726652977,69.5143018333691,2.0998444868275756,4.833537720128683,5.426169296349775,-0.5926315762210921,0.8578519359991912,776.8528372008075,2589.5094699867414,0.0,0.0,776.8528372008075,3027.2915545749365,9081.87466372481,776.8528372008075,0.43158490955600415,2330.558511602422,13051.127664973563,3902.8557237513273,11708.567171253982,65567.97615902229,4679.708560952135,14039.125682856404,78619.10382399586,0.7799514268253558,3.6807550881844717,18.403775440922356,0.6572776943186557,2859.4050332974152,2859.4050332974152,0.0,8578.215099892246,8578.215099892246,0.0,2330.558511602422,0.0,2330.558511602422,13051.127664973563,0.0,11943.964065935792,-0.1092173030096499,372.6519378182405
439,2050,7NB,7,NB,PM-Late,3,OP,PM,5.6,70,6000,1.6,6.5,75,1800,1,4,0.05,0.01,3499.4,0.0,432.6,0.0,0.0,1.2083479154605756,1.2083479154605756,1.2083479154605756,4.69,2.345,0.35502958579881655,0.35502958579881655,30,5.999659039236403,0.592,1470.1242705096724,0.0,181.73851500899707,0.0,0.0,1651.8627855186696,2015.3398155366635,1.12,1.2,0.20993123078506912,2015.3398155366635,0.0,1.0,73.50621352548363,907.8017370397228,0.0,118.1300347558481,0.0,0.0,1073.7108105871353,0.13145553886373115,0.6572776943186558,,0.3550295616628323,0.3550294423576533,120.49244010603194,602.4622005301596,69.96998135096192,74.82506691488689,0.0,4.490473765726106,4.802059304756137,-0.3115855390300304,0.0028212475159065846,322.2964527779705,1074.3216042062184,0.0,0.0,322.2964527779705,1256.0601192152153,3768.180357645646,322.2964527779705,0.17905358487665027,966.8893583339116,5414.580406669905,1619.5371492332097,4858.611447699629,27208.22410711792,1941.8336020111801,5825.50080603354,32622.804513787825,0.32363893366853,0.7361510176368944,3.680755088184472,0.13145553886373115,237.25886169326427,237.25886169326427,0.0,711.7765850797928,711.7765850797928,0.0,966.8893583339116,0.0,966.8893583339116,5414.580406669905,0.0,4955.588356556009,-0.06488581653321619,141.75581188944935
440,2050,7SB,7,SB,Night,8,OP,NT,5.6,70,6000,1.6,5.0,75,1800,1,4,0.05,0.01,880.9,0.0,108.8,0.0,0.0,1.2083479154605756,1.2083479154605756,1.2083479154605756,4.69,2.345,0.35502958579881655,0.35502958579881655,30,5.953228787904948,0.708,880.9,0.0,108.8,0.0,0.0,989.6999999999999,1207.3,1.12,1.2,0.12576041666666665,1207.3,0.0,1.0,44.045,543.9557500000001,0.0,70.72,0.0,0.0,643.305,0.13145553886373115,0.6572776943186558,,0.3550295734052247,0.3550295184942141,117.43067101111203,587.1533550555602,69.9845495795345,74.97740327327095,0.0,4.48135018460665,4.801059691298722,-0.3197095066920719,0.0014517770792487883,193.12037787381908,643.734622126181,0.0,0.0,193.12037787381908,752.5346221261809,6020.276977009447,193.12037787381908,0.10728909881878838,1544.9630229905526,8651.792928747094,970.134622126181,7761.076977009448,43462.0310712529,1163.255,9306.04,52113.82399999999,0.19387583333333336,0.7361510176368944,3.680755088184472,0.13145553886373115,142.1657626982335,142.1657626982335,0.0,1137.326101585868,1137.326101585868,0.0,1544.9630229905526,0.0,1544.9630229905526,8651.792928747094,0.0,7917.599999999999,-0.06659144589922567,138.15373060130827
441,2050,7SB,7,SB,AM-Early,1,OP,AM,5.6,70,6000,1.6,5.0,75,1800,1,4,0.05,0.01,2776.8,0.0,343.2,0.0,0.0,1.2083479154605756,1.2083479154605756,1.2083479154605756,4.69,2.345,0.35502958579881655,0.35502958579881655,30,6.028677946318562,0.715,956.0946579849142,0.0,118.16900267229275,0.0,0.0,1074.2636606572069,1310.6016660017924,1.12,1.2,0.1365210068751867,1310.6016660017924,0.0,1.0,47.804732899245714,590.3884513056846,0.0,76.80985173699028,0.0,0.0,698.2713794271845,0.13145553886373115,0.6572776943186558,,0.35502957206189273,0.3550295130902449,117.42527954122706,587.1263977061353,69.97670586779833,74.96864607412691,0.0,4.48187365779252,4.80159784364213,-0.3197241858496094,0.0021890457897174964,209.6053592173408,698.6845658683277,0.0,0.0,209.6053592173408,816.8535685406205,816.8535685406205,209.6053592173408,0.11644742178741156,209.6053592173408,1173.7900116171083,1053.1915738852058,1053.1915738852058,5897.8728137571525,1262.7969331025465,1262.7969331025465,7071.662825374261,0.21046615551709108,0.7361510176368944,3.680755088184472,0.13145553886373115,154.30119848999223,154.30119848999223,0.0,154.30119848999223,154.30119848999223,0.0,209.6053592173408,0.0,209.6053592173408,1173.7900116171083,0.0,1074.2636606572069,-0.06658703961910536,138.14738769556124
442,2050,7SB,7,SB,AM-Peak,2,Peak,AM,5.6,70,6000,1.6,5.0,75,1800,1,4,0.05,0.01,4150.7,0.0,513.5,0.0,0.0,1.2083479154605756,1.2083479154605756,1.2083479154605756,4.69,2.345,0.35502958579881655,0.35502958579881655,30,6.028677946318562,0.715,955.8005644913361,0.0,118.24598016390033,0.0,0.0,1074.0465446552364,1310.538504983037,1.12,1.2,0.13651442760239968,1310.538504983037,0.0,1.0,47.79002822456681,590.2068485734001,0.0,76.85988710653521,0.0,0.0,698.1302540259037,0.6572776943186557,3.2863884715932783,,0.3151488243410053,0.31514882429617125,585.7031634521325,2928.5158172606625,69.97410791811583,74.97866101079806,0.0,4.481275011721147,4.801776114004761,-0.3205011022836137,0.0024332761865224458,186.00299444591676,722.0075418208526,0.0,0.0,186.00299444591676,840.2535219847529,1680.5070439695057,186.00299444591676,0.1033349969143982,372.0059888918335,2083.2335377942677,1076.7454823125536,2153.490964625107,12059.5494019006,1262.7484767584704,2525.4969535169407,14142.782939694867,0.21045807945974507,3.6807550881844717,18.403775440922356,0.6572776943186557,684.6314682243561,684.6314682243561,0.0,1369.2629364487123,1369.2629364487123,0.0,372.0059888918335,0.0,372.0059888918335,2083.2335377942677,0.0,2148.093089310473,-0.06674636523532342,689.062545237803
443,2050,7SB,7,SB,AM-Shoulder,1,OP,AM,5.6,70,6000,1.6,5.0,75,1800,1,4,0.05,0.01,4027.4,0.0,497.8,0.0,0.0,1.2083479154605756,1.2083479154605756,1.2083479154605756,4.69,2.345,0.35502958579881655,0.35502958579881655,30,6.028677946318562,0.715,956.0276487611696,0.0,118.16818879508126,0.0,0.0,1074.1958375562508,1310.5322151464134,1.12,1.2,0.13651377241108473,1310.5322151464134,0.0,1.0,47.80138243805848,590.3470731100223,0.0,76.80932271680282,0.0,0.0,698.2272944115631,0.13145553886373115,0.6572776943186558,,0.35502957206387303,0.3550295130987241,117.4252325690667,587.1261628453335,69.97671165820903,74.96865485946306,0.0,4.4818731325761245,4.801597446321037,-0.3197243137449126,0.0021885014598207347,209.59066873541119,698.6355975877,0.0,0.0,209.59066873541119,816.8037863827813,816.8037863827813,209.59066873541119,0.11643926040856177,209.59066873541119,1173.7077449183025,1053.1401639729438,1053.1401639729438,5897.584918248485,1262.730832708355,1262.730832708355,7071.292663166788,0.21045513878472583,0.7361510176368944,3.680755088184472,0.13145553886373115,154.29038407677018,154.29038407677018,0.0,154.29038407677018,154.29038407677018,0.0,209.59066873541119,0.0,209.59066873541119,1173.7077449183025,0.0,1074.1958375562508,-0.06658707176501936,138.14733243419613
444,2050,7SB,7,SB,MD,5,OP,MD,5.6,70,6000,1.6,5.0,75,1800,1,4,0.05,0.01,3184.0,0.0,393.9,0.0,0.0,1.2083479154605756,1.2083479154605756,1.2083479154605756,4.69,2.345,0.35502958579881655,0.35502958579881655,30,6.001109984590511,0.708,955.8108194525046,0.0,118.24556588641379,0.0,0.0,1074.0563853389183,1310.547517111746,1.12,1.2,0.13651536636580686,1310.547517111746,0.0,1.0,47.79054097262523,590.2131810119216,0.0,76.85961782616896,0.0,0.0,698.1366504702969,0.13145553886373115,0.6572776943186558,,0.355029571734732,0.35502951166504665,117.42444122239958,587.1222061119979,69.97670501358516,74.96868327461996,0.0,4.48187143382509,4.801597902255751,-0.31972646843066155,0.002189126090378892,209.54313288685637,698.477145593023,0.0,0.0,209.54313288685637,816.7227114794368,4083.613557397184,209.54313288685637,0.1164128516038091,1047.7156644342817,5867.207720831977,1053.2138432522643,5266.069216261321,29489.987611063396,1262.7569761391205,6313.784880695603,35357.195331895375,0.21045949602318675,0.7361510176368944,3.680755088184472,0.13145553886373115,154.2553905134823,154.2553905134823,0.0,771.2769525674115,771.2769525674115,0.0,1047.7156644342817,0.0,1047.7156644342817,5867.207720831977,0.0,5370.281926694592,-0.06658751418573736,138.14640143811715
445,2050,7SB,7,SB,PM-Shoulder,1,OP,PM,5.6,70,6000,1.6,5.0,75,1800,1,4,0.05,0.01,3290.3,0.0,406.0,0.0,0.0,1.2083479154605756,1.2083479154605756,1.2083479154605756,4.69,2.345,0.35502958579881655,0.35502958579881655,30,5.999659039236403,0.592,956.4826425152642,0.0,118.02326622532814,0.0,0.0,1074.5059087405923,1310.5524411912486,1.12,1.2,0.13651587929075507,1310.5524411912486,0.0,1.0,47.824132125763214,590.6280317531756,0.0,76.71512304646329,0.0,0.0,698.428840681385,0.13145553886373115,0.6572776943186558,,0.35502957480737973,0.35502952352281614,117.4267550359377,587.1337751796885,69.97672006511972,74.96859516980707,0.0,4.481876701023217,4.801596869463464,-0.31972016844024687,0.0021877111649454386,209.6904189826495,698.9680914068515,0.0,0.0,209.6904189826495,816.9913576321796,816.9913576321796,209.6904189826495,0.11649467721258305,209.6904189826495,1174.266346302837,1053.037890082836,1053.037890082836,5897.012184463881,1262.7283090654855,1262.7283090654855,7071.278530766718,0.2104547181775809,0.7361510176368944,3.680755088184472,0.13145553886373115,154.36381532278418,154.36381532278418,0.0,154.36381532278418,154.36381532278418,0.0,209.6904189826495,0.0,209.6904189826495,1174.266346302837,0.0,1074.5059087405923,-0.06658621644677405,138.14912357169143
446,2050,7SB,7,SB,PM-Peak,3,Peak,PM,5.6,70,6000,1.6,5.0,75,1800,1,4,0.05,0.01,3157.4,0.0,390.3,0.0,0.0,1.2083479154605756,1.2083479154605756,1.2083479154605756,4.69,2.345,0.35502958579881655,0.35502958579881655,30,5.999659039236403,0.592,956.0285632937707,0.0,118.17886496913876,0.0,0.0,1074.2074282629094,1310.565158201187,1.12,1.2,0.13651720397929032,1310.565158201187,0.0,1.0,47.80142816468854,590.3476378339034,0.0,76.8162622299402,0.0,0.0,698.2348283708911,0.13145553886373115,0.6572776943186558,,0.3550295748162747,0.3550295235524528,117.42514797502294,587.1257398751147,69.97670819629163,74.96865473878324,0.0,4.481873139790761,4.801597683867703,-0.3197245440769416,0.0021888268987535027,209.59087085396283,698.6362642751194,0.0,0.0,209.59087085396283,816.8151292442582,2450.4453877327746,209.59087085396283,0.11643937269664602,628.7726125618885,3521.1266303465754,1053.1728591825356,3159.5185775476066,17693.304034266595,1262.7637300364984,3788.291190109495,21214.43066461317,0.21046062167274973,0.7361510176368944,3.680755088184472,0.13145553886373115,154.29053286654764,154.29053286654764,0.0,462.8715985996429,462.8715985996429,0.0,628.7726125618885,0.0,628.7726125618885,3521.1266303465754,0.0,3222.6222847887284,-0.06658711644066823,138.1472329117917
447,2050,7SB,7,SB,PM-Late,3,OP,PM,5.6,70,6000,1.6,5.0,75,1800,1,4,0.05,0.01,2524.2,0.0,311.8,0.0,0.0,1.2083479154605756,1.2083479154605756,1.2083479154605756,4.69,2.345,0.35502958579881655,0.35502958579881655,30,5.999659039236403,0.592,956.2451801641862,0.0,118.11950208984759,0.0,0.0,1074.3646822540338,1310.6036864337289,1.12,1.2,0.13652121733684675,1310.6036864337289,0.0,1.0,47.81225900820931,590.481398751385,0.0,76.77767635840094,0.0,0.0,698.3370434651221,0.13145553886373115,0.6572776943186558,,0.35502957481174835,0.35502952353739076,117.42579556960209,587.1289778480104,69.97670914382253,74.96862633218922,0.0,4.481874838031172,4.801597618850896,-0.31972278081972405,0.0021887378257279973,209.63835993295064,698.7945612230262,0.0,0.0,209.63835993295064,816.9140633128739,2450.742189938622,209.63835993295064,0.1164657555183059,628.9150797988519,3521.9244468735706,1053.1530674925689,3159.4592024777066,17692.971533875156,1262.7914274255195,3788.3742822765585,21214.895980748726,0.21046523790425326,0.7361510176368944,3.680755088184472,0.13145553886373115,154.32549200037116,154.32549200037116,0.0,462.9764760011135,462.9764760011135,0.0,628.9150797988519,0.0,628.9150797988519,3521.9244468735706,0.0,3223.0940467621012,-0.06658675011927366,138.14799478776717
