,index,Year,SegDir,Segment,Direction,Period,Hours/Day,Peak,4Periods,Length,Speed GP,Capacity GP,Alpha GP,Beta GP,Speed ML,Capacity ML,Alpha ML,Beta ML,MinToll,MinCapture,AADT Lights,AADT MediumA,AADT MediumB,AADT HeavyA,AADT HeavyB,GrowthFactor,GrowthFactor_medium,GrowthFactor_heavy,MaxToll,Soft Cap,MaxCapture,MaxCap_aux,Min Speed,B1,B2,TotalLights,TotalMediumA,TotalMediumB,TotalHeavyA,TotalHeavyB,TotalVeh,Corridor PCE pre-fix,Suppressed ratio ref,Max VC,Suppressed ratio,Corridor PCE,Suppressed Demand,PCE ratio,HOV3,InScopeLights,InScopeMediumA,InScopeMediumB,InScopeHeavyA,InScopeHeavyB,InScopeVeh,TollLights,TollMediumA,TollMediumB,CaptureRateLights,CaptureRateMediumA,VOT Lights,VOT MediumA,Speed GP Real,Speed ML Real,Bounus Seg,Time ML,Time GP,Time Savings,BonusRel,MLVeh_Lights,GPVeh_Lights,MLVeh_MediumA,GPVeh_MediumA,MLVeh,GPVeh,GPVehDay,ML PCE,ML V/C,ML Volume,ML PCE Total,GP PCE,GP Volume,GP PCE Total,Highway PCE,Highway Volume,Highway PCE Total,Highway V/C,TollLightsPerSeg,TollMediumAPerSeg,TollBlend,RevenuePerHour,RevenuePerHourLights,RevenuePerHourMediumA,RevenuePerDay,RevenuePerDayLights,RevenuePerDayMediumA,TransactionsDay_Lights,TransactionsDay_MediumA,TransactionsDay,TransactionsLightsLength,TransactionsMediumALength,TotalVeh_hours,Difference in Travel Time,Implied Min VOT
0,0,2025,1NB,1,NB,Night,8,OP,NT,3.0,65,12000,1,6,70,1800,1,6,0.1,0.01,1830.0,226.0,0.0,0.0,0.0,1.0,1.0,1.0,3.66,1.83,0.13729977116704806,0.13729977116704806,30,4.009,0.708,1830.0,226.0,0.0,0.0,0.0,2056.0,2508.0,1.0,1.2,0.16076923076923078,2508.0,0.0,1.0,36.6,1703.73,214.7,0.0,0.0,0.0,1953.1999999999998,0.1543123978459728,0.7715619892298641,,0.13729915411265292,0.13729944203414116,119.39723538795143,596.9861769397571,64.9976270561619,69.99559772047452,0.0,2.5715902979902396,2.769331868753748,-0.19774157076350818,0.00013850634648029936,233.92068783635017,1559.4793121636499,29.478190204730105,196.5218097952699,263.39887804108025,1756.0011219589198,14048.008975671359,322.3552584505405,0.1790862546947447,2578.842067604324,7736.526202812971,2149.0447415494596,17192.357932395676,51577.073797187026,2471.4,19771.2,59313.6,0.20595,0.4629371935379184,2.3146859676895923,0.22339166270058047,176.523339957193,108.29058673741943,68.23275321977357,1412.186719657544,866.3246938993555,545.8620257581886,1871.3655026908013,235.82552163784084,2107.191024328642,5614.096508072404,707.4765649135225,16448.0,-0.07140407149992307,46.82244525017703
1,1,2025,1NB,1,NB,AM-Early,1,OP,AM,3.0,65,12000,1,6,70,1800,1,6,0.1,0.01,3467.0,429.0,0.0,0.0,0.0,1.0,1.0,1.0,3.66,1.83,0.13729977116704806,0.13729977116704806,30,3.82,0.715,3467.0,429.0,0.0,0.0,0.0,3896.0,4754.0,1.0,1.2,0.3047435897435897,4754.0,0.0,1.0,69.34,3227.7769999999996,407.54999999999995,0.0,0.0,0.0,3701.2,0.12692869805682067,0.6346434902841034,,0.1372921378117658,0.13729288003995413,99.5931512941546,497.965756470773,64.89010584272617,69.79648748245597,-0.1570692697708599,2.5789263398855815,2.773920579452669,-0.1949942395670874,0.006425040004002337,443.14840470964793,2954.511595290352,55.9537132602833,373.0462867397167,499.1021179699312,3327.557882030069,3327.557882030069,611.0095444904978,0.3394497469391654,611.0095444904978,1833.0286334714933,4073.650455509502,4073.650455509502,12220.951366528507,4684.66,4684.66,14053.98,0.39038833333333334,0.380786094170462,1.9039304708523102,0.1838479674396871,275.27672980084435,168.744750167258,106.53197963358633,275.27672980084435,168.744750167258,106.53197963358633,443.14840470964793,55.9537132602833,499.1021179699312,1329.445214128944,167.8611397808499,3896.0,-0.07029553802350114,39.05613776241357
2,2,2025,1NB,1,NB,AM-Peak,2,Peak,AM,3.0,65,12000,1,6,70,1800,1,6,0.1,0.01,4855.0,600.0,0.0,0.0,0.0,1.0,1.0,1.0,3.66,1.83,0.13729977116704806,0.13729977116704806,30,3.82,0.715,4855.0,600.0,0.0,0.0,0.0,5455.0,6655.0,1.0,1.2,0.4266025641025641,6655.0,0.0,1.0,97.10000000000001,4520.004999999999,570.0,0.0,0.0,0.0,5182.25,0.1570176015246402,0.785088007623201,,0.1116383194662429,0.11168373549336999,108.90720175101421,544.5360087550711,64.03931501697994,69.49311385884357,0.4217804485267518,2.5901846960782504,2.81077334996905,-0.2205886538907995,0.05691333561144437,504.6057621790152,4253.294237820985,63.659729231220894,536.3402707687791,568.2654914102361,4789.634508589764,9579.269017179528,695.5849498726778,0.3864360832625988,1391.1698997453557,4173.509699236067,5862.315050127321,11724.630100254642,35173.89030076393,6557.899999999999,13115.799999999997,39347.399999999994,0.5464916666666666,0.4710528045739206,2.355264022869603,0.22737695396596833,387.6314294425009,237.6959594785859,149.93546996391498,775.2628588850018,475.3919189571718,299.87093992782997,1009.2115243580304,127.31945846244179,1136.5309828204722,3027.6345730740913,381.95837538732536,10910.0,-0.0784797016426915,42.70870656902519
3,3,2025,1NB,1,NB,AM-Shoulder,1,OP,AM,3.0,65,12000,1,6,70,1800,1,6,0.1,0.01,4132.0,511.0,0.0,0.0,0.0,1.0,1.0,1.0,3.66,1.83,0.13729977116704806,0.13729977116704806,30,3.82,0.715,4132.0,511.0,0.0,0.0,0.0,4643.0,5665.0,1.0,1.2,0.3631410256410256,5665.0,0.0,1.0,82.64,3846.892,485.45,0.0,0.0,0.0,4410.849999999999,0.1279781078786919,0.6398905393934595,,0.13275333365439912,0.13278361788956725,101.08569882150967,505.4284941075484,64.67711841778474,69.51546515289188,-0.11351262130719048,2.5893518744945334,2.7830553432712004,-0.193703468776667,0.01893966643539068,510.6877372084387,3538.6722627915615,64.45980730449041,446.5401926955096,575.1475445129291,3985.212455487071,3985.212455487071,704.06715912191,0.39114842173439446,704.06715912191,2112.20147736573,4878.29284087809,4878.29284087809,14634.87852263427,5582.36,5582.36,16747.08,0.46519666666666665,0.3839343236360757,1.9196716181803786,0.1853508238139736,319.81221357016636,196.0705509743599,123.74166259580649,319.81221357016636,196.0705509743599,123.74166259580649,510.6877372084387,64.45980730449041,575.1475445129291,1532.0632116253162,193.37942191347122,4643.0,-0.06960101215557868,39.64145051823908
4,4,2025,1NB,1,NB,MD,5,OP,MD,3.0,65,12000,1,6,70,1800,1,6,0.1,0.01,5636.0,697.0,0.0,0.0,0.0,1.0,1.0,1.0,3.66,1.83,0.13729977116704806,0.13729977116704806,30,3.823,0.708,5636.0,697.0,0.0,0.0,0.0,6333.0,7727.0,1.0,1.2,0.4953205128205128,7727.0,0.0,1.0,112.72,5247.115999999999,662.15,0.0,0.0,0.0,6016.349999999999,0.21784612966614686,1.0892306483307344,,0.09586454025285929,0.09594030216627158,115.21195800465307,576.0597900232655,62.46743443166403,69.43896481106583,0.6631948728897229,2.592204542359697,2.881501403693955,-0.2892968613342579,0.1538107692145639,503.0123629934219,5020.267637006577,63.52687107939673,633.4731289206032,566.5392340728187,5653.74076592718,28268.703829635902,693.592976231612,0.38532943123978447,3467.96488115806,10403.894643474181,6920.687023768387,34603.43511884194,103810.30535652582,7614.279999999999,38071.4,114214.2,0.6345233333333332,0.6535383889984405,3.267691944992203,0.31555574737405717,536.3241342737226,328.73788935701975,207.5862449167028,2681.6206713686133,1643.6894467850989,1037.931224583514,2515.0618149671095,317.63435539698366,2832.696170364093,7545.185444901328,952.903066190951,31665.0,-0.10039795953713311,45.181160001824736
5,5,2025,1NB,1,NB,PM-Shoulder,1,OP,PM,3.0,65,12000,1,6,70,1800,1,6,0.1,0.01,7121.0,880.0,0.0,0.0,0.0,1.0,1.0,1.0,3.66,1.83,0.13729977116704806,0.13729977116704806,30,4.005,0.592,7121.0,880.0,0.0,0.0,0.0,8001.0,9761.0,1.0,1.2,0.6257051282051282,9761.0,0.0,1.0,142.42000000000002,6629.651,836.0,0.0,0.0,0.0,7600.95,0.5343608439185737,2.6718042195928686,,0.08217326663649853,0.08243860970990374,124.7826442584992,623.913221292496,55.126586646744634,68.96511610011864,1.2199025883874053,2.610015181279313,3.2652121408033787,-0.6551969595240656,0.679494479054475,544.7800793299291,6433.799920670071,68.91867771747953,811.0813222825204,613.6987570474087,7244.8812429525915,7244.8812429525915,751.5361124823677,0.4175200624902043,751.5361124823677,2254.608337447103,8867.043887517631,8867.043887517631,26601.131662552893,9618.58,9618.58,28855.739999999994,0.8015483333333333,1.6030825317557214,8.015412658778606,0.7743968053016248,1425.739070625274,873.3274288223055,552.4116418029685,1425.739070625274,873.3274288223055,552.4116418029685,544.7800793299291,68.91867771747953,613.6987570474087,1634.3402379897873,206.7560331524386,8001.0,-0.2006598442215947,48.93437029745067
6,6,2025,1NB,1,NB,PM-Peak,3,Peak,PM,3.0,65,12000,1,6,70,1800,1,6,0.1,0.01,6508.0,804.0,0.0,0.0,0.0,1.0,1.0,1.0,3.66,1.83,0.13729977116704806,0.13729977116704806,30,4.005,0.592,6508.0,804.0,0.0,0.0,0.0,7312.0,8920.0,1.0,1.2,0.5717948717948718,8920.0,0.0,1.0,130.16,6058.947999999999,763.8,0.0,0.0,0.0,6946.4,0.35929071235301,1.79645356176505,,0.08699054419304358,0.087152560652348,122.59229497123906,612.9614748561952,59.02074249861631,69.19440672756753,1.5502148107434808,2.6013663316559192,3.0497752549321104,-0.4484089232761912,0.38434594541083733,527.071183757353,5850.7688162426475,66.56712582626339,737.4328741737366,593.6383095836163,6588.201690416384,19764.605071249152,726.7725612361431,0.4037625340200795,2180.3176837084293,6540.953051125288,8063.067438763857,24189.202316291572,72567.60694887472,8789.84,26369.52,79108.56,0.7324866666666667,1.07787213705903,5.38936068529515,0.520445743430342,926.8695940799303,568.1153432187708,358.7542508611594,2780.608782239791,1704.3460296563126,1076.2627525834782,1581.2135512720588,199.70137747879016,1780.914928750849,4743.640653816176,599.1041324363705,21936.0,-0.14703015330425487,48.075409792642766
7,7,2025,1NB,1,NB,PM-Late,3,OP,PM,3.0,65,12000,1,6,70,1800,1,6,0.1,0.01,5882.0,727.0,0.0,0.0,0.0,1.0,1.0,1.0,3.66,1.83,0.13729977116704806,0.13729977116704806,30,4.005,0.592,5882.0,727.0,0.0,0.0,0.0,6609.0,8063.0,1.0,1.2,0.5168589743589743,8063.0,0.0,1.0,117.64,5476.142,690.65,0.0,0.0,0.0,6278.549999999999,0.2491072184612262,1.245536092306131,,0.09440850012768344,0.09450897428675742,119.38708468887033,596.9354234443517,61.739628119745504,69.33137487727697,0.7255358525957101,2.5962271816853026,2.915469455871772,-0.31924227418646955,0.20034700069817413,516.9943527062127,5247.365647293787,65.27262309114901,661.7273769088509,582.2669757973617,5909.093024202638,17727.279072607915,712.8122219796597,0.39600678998869987,2138.4366659389793,6415.3099978169375,7232.54777802034,21697.64333406102,65092.93000218306,7945.36,23836.079999999998,71508.23999999999,0.6621133333333333,0.7473216553836786,3.7366082769183926,0.36080774248725533,630.2592991869822,386.3610754884202,243.898223698562,1890.7778975609465,1159.0832264652606,731.694671095686,1550.983058118638,195.81786927344706,1746.800927392085,4652.949174355914,587.4536078203412,19827.0,-0.10949944049096923,46.81846458387072
8,8,2025,1SB,1,SB,Night,8,OP,NT,3.0,65,12000,1,6,70,1800,1,6,0.1,0.01,1785.0,221.0,0.0,0.0,0.0,1.0,1.0,1.0,3.66,1.83,0.13729977116704806,0.13729977116704806,30,4.009,0.708,1785.0,221.0,0.0,0.0,0.0,2006.0,2448.0,1.0,1.2,0.15692307692307692,2448.0,0.0,1.0,35.7,1661.8349999999998,209.95,0.0,0.0,0.0,1905.6999999999998,0.15431915128935042,0.7715957564467522,,0.13729893620113792,0.13729923702413344,119.39747962405607,596.9873981202804,64.99794794213274,69.99619440000677,0.0,2.57156837657995,2.7693181969414304,-0.19774982036148048,0.00011977596360565058,228.168177641818,1521.131822358182,28.825974813216813,192.17402518678318,256.9941524550348,1713.3058475449652,13706.446780359722,314.6461020814684,0.17480339004526024,2517.1688166517474,7551.506449955243,2097.6538979185316,16781.231183348253,50343.69355004476,2412.3,19298.4,57895.2,0.201025,0.46295745386805126,2.3147872693402567,0.2235565238251653,172.35815809872645,105.63215857476928,66.72599952395716,1378.8652647898116,845.0572685981542,533.8079961916573,1825.345421134544,230.6077985057345,2055.9532196402783,5476.036263403632,691.8233955172035,16048.0,-0.07140740294123116,46.822541029041595
9,9,2025,1SB,1,SB,AM-Early,1,OP,AM,3.0,65,12000,1,6,70,1800,1,6,0.1,0.01,7354.0,909.0,0.0,0.0,0.0,1.0,1.0,1.0,3.66,1.83,0.13729977116704806,0.13729977116704806,30,3.82,0.715,7354.0,909.0,0.0,0.0,0.0,8263.0,10081.0,1.0,1.2,0.6462179487179487,10081.0,0.0,1.0,147.08,6846.574,863.55,0.0,0.0,0.0,7849.849999999999,0.6363675975129733,3.1818379875648666,,0.07830484990270552,0.07860122621368539,125.27607140145581,626.380357007279,53.16944497684442,69.01296473516116,1.3716254706013666,2.6082055841355913,3.3854030275920874,-0.7771974434564961,0.8441559939550061,536.1199494177661,6670.800050582234,67.87608889682801,841.123911103172,603.9960383145941,7511.923961685406,7511.923961685406,739.7482161082501,0.41097123117125006,739.7482161082501,2219.2446483247504,9194.17178389175,9194.17178389175,27582.51535167525,9933.92,9933.92,29801.760000000002,0.8278266666666667,1.9091027925389201,9.5455139626946,0.9224234050337078,1671.4202468670533,1023.5080925692818,647.9121542977716,1671.4202468670533,1023.5080925692818,647.9121542977716,536.1199494177661,67.87608889682801,603.9960383145941,1608.3598482532982,203.62826669048403,8263.0,-0.2295730928111351,49.12787113782581
10,10,2025,1SB,1,SB,AM-Peak,2,Peak,AM,3.0,65,12000,1,6,70,1800,1,6,0.1,0.01,7993.0,988.0,0.0,0.0,0.0,1.0,1.0,1.0,3.66,1.83,0.13729977116704806,0.13729977116704806,30,3.82,0.715,7993.0,988.0,0.0,0.0,0.0,8981.0,10957.0,1.0,1.2,0.7023717948717949,10957.0,0.0,1.0,159.86,7441.483,938.5999999999999,0.0,0.0,0.0,8531.949999999999,0.9780017871850851,4.890008935925426,,0.07550254560130386,0.07599996064822165,126.81481754049258,634.0740877024629,47.3420527372694,68.64534673028868,2.4644194226941525,2.6221733675150602,3.8021165030365784,-1.1799431355215182,1.4150534553139589,561.8509095488274,7271.289090451173,71.33356306442083,916.6664369355792,633.1844726132482,8187.955527386753,16375.911054773505,775.8515987420899,0.43102866596782774,1551.7031974841798,4655.10959245254,10021.28840125791,20042.57680251582,60127.73040754747,10797.140000000001,21594.280000000002,64782.84000000001,0.8997616666666668,2.9340053615552555,14.670026807776278,1.4187223366032065,2694.9388634602096,1648.4735810109564,1046.4652824492532,5389.877726920419,3296.947162021913,2092.9305648985064,1123.7018190976548,142.66712612884166,1266.3689452264964,3371.1054572929643,428.00137838652495,17962.0,-0.3103385008268818,49.73130099627159
11,11,2025,1SB,1,SB,AM-Shoulder,1,OP,AM,3.0,65,12000,1,6,70,1800,1,6,0.1,0.01,6891.0,852.0,0.0,0.0,0.0,1.0,1.0,1.0,3.66,1.83,0.13729977116704806,0.13729977116704806,30,3.82,0.715,6891.0,852.0,0.0,0.0,0.0,7743.0,9447.0,1.0,1.2,0.6055769230769231,9447.0,0.0,1.0,137.82,6415.521,809.4,0.0,0.0,0.0,7355.849999999999,0.4668585867814405,2.3342929339072023,,0.08124521536242317,0.08144785072645591,123.6091736153361,618.0458680766804,56.617878909483636,69.19502266750798,1.2063403602472058,2.6013431755767438,3.179207760286646,-0.5778645847099022,0.5616684777465506,521.2303853071485,6231.949614692852,65.92389037799342,786.0761096220066,587.1542756851419,7018.025724314859,7018.025724314859,719.0020564411287,0.3994455869117382,719.0020564411287,2157.006169323386,8590.177943558872,8590.177943558872,25770.533830676617,9309.18,9309.18,27927.540000000005,0.775765,1.4005757603443214,7.002878801721607,0.6765284168177881,1191.6796576711922,730.0226432161231,461.65701445506915,1191.6796576711922,730.0226432161231,461.65701445506915,521.2303853071485,65.92389037799342,587.1542756851419,1563.6911559214454,197.77167113398025,7743.0,-0.1817637060176905,48.47418573150435
12,12,2025,1SB,1,SB,MD,5,OP,MD,3.0,65,12000,1,6,70,1800,1,6,0.1,0.01,5561.0,687.0,0.0,0.0,0.0,1.0,1.0,1.0,3.66,1.83,0.13729977116704806,0.13729977116704806,30,3.823,0.708,5561.0,687.0,0.0,0.0,0.0,6248.0,7622.0,1.0,1.2,0.4885897435897436,7622.0,0.0,1.0,111.22,5177.290999999999,652.65,0.0,0.0,0.0,5935.599999999999,0.20965666461617166,1.0482833230808584,,0.09715159167833973,0.09722340328756578,114.60319944162323,573.0159972081162,62.677687003712236,69.4461833671656,0.6259687539902472,2.591935096682428,2.871835394776758,-0.2799002980943297,0.14056833699800397,502.9820612319431,4946.797938768057,63.4528541556298,623.5471458443702,566.4349153875729,5570.345084612427,27851.725423062133,693.3406236988325,0.38518923538824024,3466.7031184941625,10400.109355482487,6817.439376301168,34087.196881505835,102261.5906445175,7510.78,37553.899999999994,112661.7,0.6258983333333333,0.6289699938485149,3.144849969242575,0.3036008294354832,515.9103303986545,316.3606239589686,199.54970643968596,2579.5516519932726,1581.8031197948428,997.7485321984298,2514.910306159715,317.264270778149,2832.174576937864,7544.730918479146,951.792812334447,31240.0,-0.09746390709001194,44.94243115357774
13,13,2025,1SB,1,SB,PM-Shoulder,1,OP,PM,3.0,65,12000,1,6,70,1800,1,6,0.1,0.01,6430.0,795.0,0.0,0.0,0.0,1.0,1.0,1.0,3.66,1.83,0.13729977116704806,0.13729977116704806,30,4.005,0.592,6430.0,795.0,0.0,0.0,0.0,7225.0,8815.0,1.0,1.2,0.5650641025641026,8815.0,0.0,1.0,128.6,5986.329999999999,755.25,0.0,0.0,0.0,6863.75,0.3426058630286612,1.713029315143306,,0.08774840688298072,0.08790082949505097,122.25422079121444,611.2711039560722,59.41907752916994,69.2158051872426,0.9614131766537697,2.6005621044653604,3.0293300987655796,-0.42876799430021917,0.35633608146268986,525.2909205757938,5776.109079424205,66.38710147613725,728.6128985238628,591.6780220519311,6504.721977948068,6504.721977948068,724.4522250042056,0.4024734583356698,724.4522250042056,2173.356675012617,7961.947774995793,7961.947774995793,23885.843324987378,8686.4,8686.4,26059.199999999993,0.7238666666666667,1.0278175890859835,5.139087945429918,0.496369290754608,881.072400483019,539.9032475549693,341.16915292804964,881.072400483019,539.9032475549693,341.16915292804964,525.2909205757938,66.38710147613725,591.6780220519311,1575.8727617273817,199.16130442841174,7225.0,-0.14153888164084122,47.94283168282919
14,14,2025,1SB,1,SB,PM-Peak,3,Peak,PM,3.0,65,12000,1,6,70,1800,1,6,0.1,0.01,6004.0,742.0,0.0,0.0,0.0,1.0,1.0,1.0,3.66,1.83,0.13729977116704806,0.13729977116704806,30,4.005,0.592,6004.0,742.0,0.0,0.0,0.0,6746.0,8230.0,1.0,1.2,0.5275641025641026,8230.0,0.0,1.0,120.08,5589.724,704.9,0.0,0.0,0.0,6408.7,0.2663494972189619,1.3317474860948095,,0.0927252373026492,0.09283515782508105,120.09363173442053,600.4681586721026,61.30100807036896,69.31076083751937,1.2191623270818153,2.5969993378367624,2.9363301789976033,-0.3393308411608409,0.22892619138056242,518.3084843563136,5365.611515643686,65.43950275089962,676.5604972491004,583.7479871072131,6042.172012892786,18126.51603867836,714.6269926090124,0.3970149958938958,2143.880977827037,6431.642933481111,7395.293007390987,22185.87902217296,66557.63706651889,8109.92,24329.76,72989.28,0.6758266666666667,0.7990484916568856,3.9952424582844284,0.38578308185424237,675.6002924772936,414.15361263787884,261.4466798394148,2026.8008774318807,1242.4608379136366,784.3400395182443,1554.9254530689407,196.31850825269885,1751.2439613216395,4664.776359206822,588.9555247580965,20238.0,-0.11556290351403219,47.0955418566355
15,15,2025,1SB,1,SB,PM-Late,3,OP,PM,3.0,65,12000,1,6,70,1800,1,6,0.1,0.01,3804.0,470.0,0.0,0.0,0.0,1.0,1.0,1.0,3.66,1.83,0.13729977116704806,0.13729977116704806,30,4.005,0.592,3804.0,470.0,0.0,0.0,0.0,4274.0,5214.0,1.0,1.2,0.3342307692307692,5214.0,0.0,1.0,76.08,3541.524,446.5,0.0,0.0,0.0,4060.2999999999997,0.1320922381131346,0.6604611905656731,,0.13728769753493167,0.13729912175074935,104.76278924126639,523.8139462063319,64.80896680945729,69.64649531122052,-0.1723142045501458,2.5844803704142856,2.7773934512675087,-0.19291308085322312,0.011182874390332704,486.20767572470135,3241.7123242752987,61.30405786170958,408.69594213829043,547.511733586411,3650.408266413589,10951.224799240767,670.1198493098301,0.3722888051721278,2010.3595479294904,6031.078643788471,4467.80015069017,13403.40045207051,40210.20135621153,5137.92,15413.76,46241.28,0.42816,0.3962767143394038,1.9813835716970192,0.1912529078239129,314.13963334833784,192.67278022278296,121.46685312555486,942.4189000450135,578.0183406683489,364.4005593766646,1458.623027174104,183.91217358512876,1642.5352007592328,4375.869081522312,551.7365207553862,12822.0,-0.06945831918959271,41.08344676128094
16,16,2025,2NB,2,NB,Night,8,OP,NT,2.2,65,12000,1,6,70,1800,1,6,0.1,0.01,2760.0,341.0,0.0,0.0,0.0,1.0,1.0,1.0,3.66,1.83,0.13729977116704806,0.13729977116704806,30,4.009,0.708,2760.0,341.0,0.0,0.0,0.0,3101.0,3783.0,1.0,1.2,0.2425,3783.0,0.0,1.0,55.2,2569.56,323.95,0.0,0.0,0.0,2945.95,0.15380414738257508,0.7690207369128754,,0.13729582282523373,0.13729383330931844,119.39824944461687,596.9912472230843,64.9720629929363,69.94819856211524,0.0,1.8871107864598067,2.031642430906818,-0.14453164444701128,0.0011962841884941072,352.7898544988076,2352.0101455011927,44.47633730055371,296.5236626994463,397.2661917993613,2648.533808200639,21188.270465605114,486.2188664004687,0.27012159244470485,3889.7509312037496,8557.45204864825,3241.5811335995313,25932.64906879625,57051.827951351755,3727.8,29822.4,65609.28,0.31065000000000004,0.3383691242416652,1.6918456212083262,0.22268134134894554,194.62029061743237,119.37319410810602,75.24709650932634,1556.962324939459,954.9855528648482,601.9767720746107,2822.3188359904607,355.8106984044297,3178.1295343948905,6209.101439179014,782.7835364897453,24808.0,-0.07114029626881734,63.8493312538058
17,17,2025,2NB,2,NB,AM-Early,1,OP,AM,2.2,65,12000,1,6,70,1800,1,6,0.1,0.01,5911.0,731.0,0.0,0.0,0.0,1.0,1.0,1.0,3.66,1.83,0.13729977116704806,0.13729977116704806,30,3.82,0.715,5911.0,731.0,0.0,0.0,0.0,6642.0,8104.0,1.0,1.2,0.5194871794871795,8104.0,0.0,1.0,118.22,5503.141,694.4499999999999,0.0,0.0,0.0,6309.9,0.2542912826518501,1.2714564132592505,,0.09153323766579315,0.09160135559729454,118.09093260709152,590.4546630354577,61.58716155705856,69.41165912178005,0.5840037928623687,1.901697807977924,2.1433038422741104,-0.24160603429618632,0.154172417761685,503.7203130613705,5289.059686938629,63.61256139454119,667.3874386054588,567.3328744559117,5956.447125544088,5956.447125544088,694.5579972449941,0.3858655540249967,694.5579972449941,1528.0275939389871,7291.222002755006,7291.222002755006,16040.688406061014,7985.78,7985.78,17568.716,0.6654816666666666,0.5594408218340702,2.7972041091703512,0.36834157346428226,459.7390240412301,281.80170591356824,177.93731812766185,459.7390240412301,281.80170591356824,177.93731812766185,503.7203130613705,63.61256139454119,567.3328744559117,1108.1846887350152,139.94763506799063,6642.0,-0.11272598384363226,63.150231340690645
18,18,2025,2NB,2,NB,AM-Peak,2,Peak,AM,2.2,65,12000,1,6,70,1800,1,6,0.1,0.01,7043.0,871.0,0.0,0.0,0.0,1.0,1.0,1.0,3.66,1.83,0.13729977116704806,0.13729977116704806,30,3.82,0.715,7043.0,871.0,0.0,0.0,0.0,7914.0,9656.0,1.0,1.2,0.6189743589743589,9656.0,0.0,1.0,140.86,6557.033,827.4499999999999,0.0,0.0,0.0,7518.299999999999,0.5167212780978858,2.583606390489429,,0.08021561679315209,0.0803840425758351,124.24942277434968,621.2471138717484,55.56088753136557,69.1403134553471,1.4458722645473239,1.90916114497007,2.375771983942527,-0.4666108389724568,0.4726537718474159,525.9764464280524,6376.163553571948,66.51377602937475,804.4862239706252,592.4902224574272,7180.649777542573,14361.299555085146,725.5177745161767,0.40306543028676484,1451.0355490323534,3192.2782078711775,8789.622225483823,17579.244450967646,38674.33779212883,9515.14,19030.28,41866.616,0.7929283333333332,1.1367868118153488,5.683934059076744,0.7487526741163043,975.9830045960778,597.9230876249123,378.0599169711655,1951.9660091921555,1195.8461752498247,756.119833942331,1051.9528928561049,133.0275520587495,1184.9804449148544,2314.296364283431,292.66061452924896,15828.0,-0.1964038814020061,66.44354159056132
19,19,2025,2NB,2,NB,AM-Shoulder,1,OP,AM,2.2,65,12000,1,6,70,1800,1,6,0.1,0.01,6733.0,832.0,0.0,0.0,0.0,1.0,1.0,1.0,3.66,1.83,0.13729977116704806,0.13729977116704806,30,3.82,0.715,6733.0,832.0,0.0,0.0,0.0,7565.0,9229.0,1.0,1.2,0.5916025641025641,9229.0,0.0,1.0,134.66,6268.423,790.4,0.0,0.0,0.0,7186.75,0.4205089343031432,2.102544671515716,,0.08252629448802654,0.08265682063149342,122.93220106550709,614.6610053275355,57.638811269309244,69.24314775676936,0.8396932389742783,1.906325813836148,2.2901235659293624,-0.3837977520932143,0.3553154391693799,517.3097224735187,6081.030277526482,65.33195102713239,766.6680489728676,582.6416735006511,6847.69832649935,6847.69832649935,713.3055755549159,0.3962808753082866,713.3055755549159,1569.272266220815,8381.034424445084,8381.034424445084,18438.275733779188,9094.34,9094.34,20007.548000000003,0.7578616666666667,0.9251196554669151,4.625598277334575,0.6091165835795994,780.7727523503975,478.5733922243871,302.1993601260104,780.7727523503975,478.5733922243871,302.1993601260104,517.3097224735187,65.33195102713239,582.6416735006511,1138.0813894417413,143.73029225969128,7565.0,-0.16758822877640844,65.73914495481662
20,20,2025,2NB,2,NB,MD,5,OP,MD,2.2,65,12000,1,6,70,1800,1,6,0.1,0.01,7928.0,980.0,0.0,0.0,0.0,1.0,1.0,1.0,3.66,1.83,0.13729977116704806,0.13729977116704806,30,3.823,0.708,7928.0,980.0,0.0,0.0,0.0,8908.0,10868.0,1.0,1.2,0.6966666666666667,10868.0,0.0,1.0,158.56,7380.967999999999,931.0,0.0,0.0,0.0,8462.6,0.9280778482284041,4.640389241142021,,0.07599125071587054,0.07633648030907703,125.77727227590846,628.8863613795423,47.998275440265346,68.67116669743568,1.137016131846946,1.9222041265381493,2.7500988064514154,-0.827894679913266,0.9854815186845924,560.8889898138175,7208.551010186182,71.0692631677507,908.9307368322493,631.9582529815682,8117.481747018432,40587.40873509216,774.0967793170696,0.4300537662872609,3870.483896585348,8515.064572487765,9935.34322068293,49676.71610341465,109288.77542751224,10709.439999999999,53547.2,117803.84000000001,0.8924533333333332,2.041771266102489,10.208856330512447,1.3455599114799968,1870.7429200700512,1145.2070228751043,725.5358971949469,9353.714600350257,5726.0351143755215,3627.6794859747342,2804.4449490690877,355.3463158387535,3159.791264907841,6169.778887951993,781.7618948452579,44540.0,-0.301041794560661,67.26057340957671
21,21,2025,2NB,2,NB,PM-Shoulder,1,OP,PM,2.2,65,12000,1,6,70,1800,1,6,0.1,0.01,7153.0,884.0,0.0,0.0,0.0,1.0,1.0,1.0,3.66,1.83,0.13729977116704806,0.13729977116704806,30,4.005,0.592,7153.0,884.0,0.0,0.0,0.0,8037.0,9805.0,1.0,1.2,0.628525641025641,9805.0,0.0,1.0,143.06,6659.442999999999,839.8,0.0,0.0,0.0,7635.15,0.545858549965284,2.72929274982642,,0.08202412508301123,0.08222385974752133,124.90637406362751,624.5318703181376,54.88981001598333,68.94793632719173,0.9020816551167874,1.9144880475261123,2.4048179427395175,-0.4903298952134052,0.512446735399293,546.2349856151835,6463.705014384816,69.05159741596842,814.9484025840316,615.286583031152,7278.6534169688475,7278.6534169688475,753.3897778630887,0.41854987659060483,753.3897778630887,1657.4575112987955,8908.550222136912,8908.550222136912,19598.81048870121,9661.94,9661.94,21256.268000000004,0.8051616666666667,1.200888809923625,6.004444049618125,0.7908982168637817,1070.583935035004,655.9674818140662,414.61645322093784,1070.583935035004,655.9674818140662,414.61645322093784,546.2349856151835,69.05159741596842,615.286583031152,1201.716968353404,151.91351431513053,8037.0,-0.20389480904106685,66.79485244044251
22,22,2025,2NB,2,NB,PM-Peak,3,Peak,PM,2.2,65,12000,1,6,70,1800,1,6,0.1,0.01,7219.0,892.0,0.0,0.0,0.0,1.0,1.0,1.0,3.66,1.83,0.13729977116704806,0.13729977116704806,30,4.005,0.592,7219.0,892.0,0.0,0.0,0.0,8111.0,9895.0,1.0,1.2,0.6342948717948718,9895.0,0.0,1.0,144.38,6720.888999999999,847.4,0.0,0.0,0.0,7705.45,0.5701993819079837,2.8509969095399184,,0.08163128756404132,0.08184198444307736,125.08943746084465,625.4471873042232,54.391829166368304,68.91546638101255,1.435110285825876,1.915390070353908,2.4268350967982997,-0.5114450264443917,0.5426102364598246,548.634822645002,6525.985177354998,69.35289761706375,822.6471023829363,617.9877202620657,7348.632279737934,22045.896839213805,756.6935154961933,0.4203852863867741,2270.08054648858,4994.1772022748755,8993.926484503807,26981.779453511423,59359.914797725134,9750.62,29251.86,64354.09200000001,0.8125516666666668,1.2544386401975642,6.272193200987821,0.826159026789004,1123.2234937863798,688.2287208838281,434.9947729025517,3369.6704813591396,2064.6861626514847,1304.9843187076551,1645.904467935006,208.05869285119124,1853.9631607861972,3620.989829457014,457.72912427262077,24333.0,-0.21074568565418236,66.89274730526452
23,23,2025,2NB,2,NB,PM-Late,3,OP,PM,2.2,65,12000,1,6,70,1800,1,6,0.1,0.01,7295.0,902.0,0.0,0.0,0.0,1.0,1.0,1.0,3.66,1.83,0.13729977116704806,0.13729977116704806,30,4.005,0.592,7295.0,902.0,0.0,0.0,0.0,8197.0,10001.0,1.0,1.2,0.6410897435897436,10001.0,0.0,1.0,145.9,6791.645,856.9,0.0,0.0,0.0,7787.15,0.6003284285394973,3.0016421426974866,,0.0811933846355016,0.08141760494119746,125.29343897966427,626.4671948983214,53.78755437558309,68.87532020542714,0.9374983902291135,1.9165065165039892,2.454099308518134,-0.5375927920141448,0.5799622065159972,551.4366447927813,6597.663355207219,69.7667456741121,832.2332543258879,621.2033904668934,7429.896609533107,22289.689828599323,760.7368818151176,0.4226316010083987,2282.210645445353,5020.863419979777,9094.363118184883,27283.08935455465,60022.79658002024,9855.1,29565.300000000003,65043.66000000001,0.8212583333333333,1.3207225427868943,6.603612713934472,0.8700176249450445,1189.007376439995,728.2948076965955,460.71256874339946,3567.0221293199847,2184.8844230897867,1382.1377062301983,1654.3099343783438,209.30023702233632,1863.61017140068,3639.4818556323567,460.46052144913995,24591.0,-0.21905910251804808,67.00183902655844
24,24,2025,2SB,2,SB,Night,8,OP,NT,2.2,65,12000,1,6,70,1800,1,6,0.1,0.01,2817.0,348.0,0.0,0.0,0.0,1.0,1.0,1.0,3.66,1.83,0.13729977116704806,0.13729977116704806,30,4.009,0.708,2817.0,348.0,0.0,0.0,0.0,3165.0,3861.0,1.0,1.2,0.2475,3861.0,0.0,1.0,56.34,2622.627,330.59999999999997,0.0,0.0,0.0,3006.75,0.15373568964802248,0.7686784482401123,,0.1372898186535386,0.13728449232365952,119.40105326749722,597.005266337486,64.96842409026664,69.941471085406,0.0,1.887292302428325,2.0317562238634603,-0.1444639214351353,0.0013521805390940033,360.05998522587396,2400.600014774126,45.38625316220183,302.61374683779815,405.4462383880758,2703.2137616119244,21625.710092895395,496.21874471247946,0.27567708039582195,3969.7499576998357,8733.449906939639,3308.4412552875206,26467.530042300164,58228.56609306037,3804.66,30437.28,66962.016,0.317055,0.3382185172256495,1.6910925861282473,0.22257329394467187,198.53131055012358,121.77895431538435,76.75235623473924,1588.2504844009886,974.2316345230748,614.0188498779139,2880.4798818069917,363.09002529761466,3243.5699071046065,6337.0557399753825,798.7980556547523,25320.0,-0.0711029796480366,63.85083062433006
25,25,2025,2SB,2,SB,AM-Early,1,OP,AM,2.2,65,12000,1,6,70,1800,1,6,0.1,0.01,9535.0,1178.0,0.0,0.0,0.0,1.0,1.0,1.0,3.66,1.83,0.13729977116704806,0.13729977116704806,30,3.82,0.715,9535.0,1178.0,0.0,0.0,0.0,10713.0,13069.0,1.0,1.2,0.8377564102564102,13069.0,0.0,1.0,190.70000000000002,8877.085,1119.1,0.0,0.0,0.0,10177.35,1.8299962247027732,9.149981123513866,,0.09387259757678452,0.09492393666486358,116.12717666959479,580.635883347974,33.17664608759716,59.712491061493864,0.8699217814445449,2.2105927529310763,3.978702357419643,-1.7681096044885667,2.6686683835110645,833.3150278599102,8510.98497214009,106.22937752164883,1071.7706224783512,939.544405381559,9582.75559461844,9582.75559461844,1152.0031604248566,0.640001755791587,1152.0031604248566,2534.406952934685,11726.296839575143,11726.296839575143,25797.853047065317,12878.3,12878.3,28332.260000000002,1.0731916666666665,4.025991694346102,20.129958471730507,2.6576286759361785,5493.312338926362,3354.919380937789,2138.392957988573,5493.312338926362,3354.919380937789,2138.392957988573,833.3150278599102,106.22937752164883,939.544405381559,1833.2930612918026,233.70463054762743,10713.0,-0.4443935347893831,62.10009447571914
26,26,2025,2SB,2,SB,AM-Peak,2,Peak,AM,2.2,65,12000,1,6,70,1800,1,6,0.1,0.01,8678.0,1073.0,0.0,0.0,0.0,1.0,1.0,1.0,3.66,1.83,0.13729977116704806,0.13729977116704806,30,3.82,0.715,8678.0,1073.0,0.0,0.0,0.0,9751.0,11897.0,1.0,1.2,0.7626282051282052,11897.0,0.0,1.0,173.56,8079.218,1019.3499999999999,0.0,0.0,0.0,9263.449999999999,1.5334628796163858,7.667314398081929,,0.07366978374285273,0.07429261338372507,127.85858510735483,639.2929255367742,40.17673010746372,68.04751035284781,2.032700741457579,1.9398211531257845,3.2854839019235684,-1.345662748797784,1.7189590994814425,595.1942428713631,7909.245757128637,75.73017545270015,997.2698245472999,670.9244183240633,8906.515581675936,17813.031163351872,822.3847692294636,0.45688042734970197,1644.7695384589272,3618.49298460964,10901.055230770537,21802.110461541073,47964.643015390364,11723.44,23446.88,51583.136000000006,0.9769533333333333,3.373618335156049,16.868091675780246,2.225817545816417,3285.3817528892223,2007.9582107301533,1277.423542159069,6570.763505778445,4015.9164214603065,2554.847084318138,1190.3884857427263,151.4603509054003,1341.8488366481265,2618.8546686339982,333.2127719918807,19502.0,-0.40957825056148717,68.37357492371915
27,27,2025,2SB,2,SB,AM-Shoulder,1,OP,AM,2.2,65,12000,1,6,70,1800,1,6,0.1,0.01,8461.0,1046.0,0.0,0.0,0.0,1.0,1.0,1.0,3.66,1.83,0.13729977116704806,0.13729977116704806,30,3.82,0.715,8461.0,1046.0,0.0,0.0,0.0,9507.0,11599.0,1.0,1.2,0.743525641025641,11599.0,0.0,1.0,169.22,7877.191,993.6999999999999,0.0,0.0,0.0,9031.65,1.3321579378270605,6.660789689135303,,0.07420298433146542,0.074730171893279,127.61356167642546,638.0678083821273,42.511491333235405,68.25984360202023,1.2559505197125007,1.9337870266683899,3.1050427980822835,-1.1712557714138936,1.471754787218882,584.5110803489605,7707.268919651039,74.25937181035134,971.7406281896486,658.7704521593118,8679.009547840687,8679.009547840687,807.2891957800146,0.44849399765556364,807.2891957800146,1776.0362307160322,10622.490804219986,10622.490804219986,23369.47976928397,11429.78,11429.78,25145.516000000003,0.9524816666666667,2.930747463219533,14.653737316097667,1.9328236859094428,2801.231693723741,1713.0543659564246,1088.1773277673167,2801.231693723741,1713.0543659564246,1088.1773277673167,584.5110803489605,74.25937181035134,658.7704521593118,1285.9243767677133,163.37061798277296,9507.0,-0.3772108301171491,68.24254635102966
28,28,2025,2SB,2,SB,MD,5,OP,MD,2.2,65,12000,1,6,70,1800,1,6,0.1,0.01,7027.0,868.0,0.0,0.0,0.0,1.0,1.0,1.0,3.66,1.83,0.13729977116704806,0.13729977116704806,30,3.823,0.708,7027.0,868.0,0.0,0.0,0.0,7895.0,9631.0,1.0,1.2,0.6173717948717948,9631.0,0.0,1.0,140.54,6542.137,824.5999999999999,0.0,0.0,0.0,7500.25,0.5060669464045389,2.5303347320226943,,0.0804862046963394,0.08065180752129386,123.25059604306001,616.2529802153,55.698745678429844,69.13895744090034,0.9174128048670477,1.9091985891287555,2.369891788265511,-0.46069319913675555,0.46459790376990373,526.5517777334957,6359.908222266505,66.50548048205891,801.4945195179411,593.0572582155546,7161.402741784445,35807.013708922226,726.0682191796724,0.40337123287759574,3630.341095898362,7986.750410976397,8764.391780820328,43821.95890410164,96408.30958902361,9490.460000000001,47452.299999999996,104395.06000000001,0.7908716666666668,1.1133472820899857,5.566736410449928,0.7330684708643536,956.4534703131822,586.2349906192377,370.2184796939444,4782.267351565911,2931.1749530961883,1851.092398469722,2632.7588886674785,332.5274024102946,2965.286291077773,5792.069555068453,731.5602853026481,39475.0,-0.1943941919280332,65.90940964869519
29,29,2025,2SB,2,SB,PM-Shoulder,1,OP,PM,2.2,65,12000,1,6,70,1800,1,6,0.1,0.01,6866.0,849.0,0.0,0.0,0.0,1.0,1.0,1.0,3.66,1.83,0.13729977116704806,0.13729977116704806,30,4.005,0.592,6866.0,849.0,0.0,0.0,0.0,7715.0,9413.0,1.0,1.2,0.6033974358974359,9413.0,0.0,1.0,137.32,6392.246,806.55,0.0,0.0,0.0,7329.25,0.45218568767533224,2.260928438376661,,0.08396381823672583,0.08412217669838508,124.00571204521613,620.0285602260806,56.892214666390174,69.07231614424401,0.8278391791331436,1.9110405929394902,2.3201768602968578,-0.4091362673573675,0.3964884524528487,536.7173812684377,6191.9626187315625,67.84874161608248,781.1512583839175,604.5661228845203,6973.11387711548,6973.11387711548,740.2636061166852,0.411257558953714,740.2636061166852,1628.5799334567075,8535.416393883315,8535.416393883315,18777.916066543294,9275.68,9275.68,20406.496000000003,0.7729733333333334,0.994808512885731,4.974042564428655,0.6551757575733407,871.4135486408945,533.9310198995785,337.48252874131606,871.4135486408945,533.9310198995785,337.48252874131606,536.7173812684377,67.84874161608248,604.5661228845203,1180.7782387905631,149.26723155538147,7715.0,-0.17633839659318906,66.31321499744179
30,30,2025,2SB,2,SB,PM-Peak,3,Peak,PM,2.2,65,12000,1,6,70,1800,1,6,0.1,0.01,7013.0,867.0,0.0,0.0,0.0,1.0,1.0,1.0,3.66,1.83,0.13729977116704806,0.13729977116704806,30,4.005,0.592,7013.0,867.0,0.0,0.0,0.0,7880.0,9614.0,1.0,1.2,0.6162820512820513,9614.0,0.0,1.0,140.26,6529.102999999999,823.65,0.0,0.0,0.0,7486.0,0.49780423225731535,2.4890211612865767,,0.08292064793758666,0.08309898589805326,124.48913329533754,622.4456664766876,55.89959863681991,69.01189324435177,1.3539150656214314,1.9127137917029027,2.361376525395199,-0.44866273369229615,0.4529319936375763,541.3974512112408,6331.342548788759,68.44447973493156,798.5555202650685,609.8419309461723,7129.898069053827,21389.694207161483,746.7308904160354,0.4148504946755752,2240.1926712481063,4928.423876745835,8727.009109583963,26181.02732875189,57598.260123254164,9473.739999999998,28421.219999999998,62526.684,0.7894783333333332,1.0951693109660938,5.475846554830469,0.7212847766917474,967.7133421555027,592.9218736018139,374.79146855368884,2903.140026466508,1778.7656208054418,1124.3744056610665,1624.1923536337222,205.33343920479467,1829.5257928385167,3573.223177994189,451.73356625054834,23640.0,-0.19000050558104373,66.57172903493986
31,31,2025,2SB,2,SB,PM-Late,3,OP,PM,2.2,65,12000,1,6,70,1800,1,6,0.1,0.01,5774.0,714.0,0.0,0.0,0.0,1.0,1.0,1.0,3.66,1.83,0.13729977116704806,0.13729977116704806,30,4.005,0.592,5774.0,714.0,0.0,0.0,0.0,6488.0,7916.0,1.0,1.2,0.5074358974358975,7916.0,0.0,1.0,115.48,5375.594,678.3,0.0,0.0,0.0,6163.599999999999,0.23536180412639948,1.1768090206319974,,0.09601239434497241,0.0960805750964028,118.74158282887835,593.7079141443918,62.09246736757547,69.34717225901076,0.4958042902468905,1.9034662221983871,2.125861728421668,-0.22239550622328075,0.1302767217838383,516.1236509664676,5142.396349033533,65.17145408789001,648.82854591211,581.2951050543576,5791.2248949456425,17373.67468483693,711.6380132301376,0.3953544517945209,2134.914039690413,4696.810887318909,7088.881986769863,21266.64596030959,46786.6211126811,7800.52,23401.560000000005,51483.432000000015,0.6500433333333334,0.5177959690780789,2.5889798453903947,0.34091143548090574,435.97432714463093,267.24674601629823,168.7275811283327,1307.9229814338928,801.7402380488948,506.1827433849981,1548.3709528994027,195.51436226367002,1743.8853151630728,3406.4160963786862,430.1315969800741,19464.0,-0.10461428570351884,63.49817263576383
32,32,2025,3NB,3,NB,Night,8,OP,NT,3.4,65,12000,1,6,70,1800,1,6,0.1,0.01,2870.0,355.0,0.0,0.0,0.0,1.0,1.0,1.0,3.66,1.83,0.13729977116704806,0.13729977116704806,30,4.009,0.708,2870.0,355.0,0.0,0.0,0.0,3225.0,3935.0,1.0,1.2,0.25224358974358974,3935.0,0.0,1.0,57.4,2671.97,337.25,0.0,0.0,0.0,3063.75,0.1536515375123897,0.7682576875619485,,0.13729064484624218,0.13729418497225926,119.39456969553056,596.9728484776529,64.96461746487135,69.9344198901315,0.0,2.9170185485271554,3.1401708800996166,-0.22315233157246128,0.002341798044167064,366.83648430981367,2445.763515690186,46.30246388189443,308.6975361181056,413.1389481917081,2754.461051808292,22035.688414466335,505.74387595549695,0.28096881997527606,4045.9510076439756,13756.233425989516,3371.856124044503,26974.848992356023,91714.48657401047,3877.6,31020.8,105470.71999999999,0.32313333333333333,0.5224152275421249,2.6120761377106247,0.2225333972083065,312.58652644456896,191.64096542146444,120.94556102310452,2500.6922115565517,1533.1277233717155,967.5644881848361,2934.6918744785094,370.41971105515546,3305.1115855336648,9977.952373226932,1259.4270175875286,25800.0,-0.07106375420097588,41.31299989464725
33,33,2025,3NB,3,NB,AM-Early,1,OP,AM,3.4,65,12000,1,6,70,1800,1,6,0.1,0.01,6148.0,760.0,0.0,0.0,0.0,1.0,1.0,1.0,3.66,1.83,0.13729977116704806,0.13729977116704806,30,3.82,0.715,6148.0,760.0,0.0,0.0,0.0,6908.0,8428.0,1.0,1.2,0.5402564102564102,8428.0,0.0,1.0,122.96000000000001,5723.788,722.0,0.0,0.0,0.0,6562.599999999999,0.2914293416785824,1.4571467083929122,,0.08840830634755742,0.08853453194442412,119.67614352449603,598.3807176224801,60.664932111201495,69.37646310726039,1.0238514322385655,2.9404785263354105,3.362733508479973,-0.4222549821445627,0.3072525989252556,506.0304029724729,5519.009597027527,63.921932063874216,696.0780679361258,569.9523350363471,6215.087664963653,6215.087664963653,697.7961991640956,0.3876645550911642,697.7961991640956,2372.507077157925,7607.243800835904,7607.243800835904,25864.628922842072,8305.039999999999,8305.039999999999,28237.136,0.6920866666666666,0.9908597617071802,4.954298808535901,0.4221681802448632,818.0935163692577,501.40516450589286,316.68835186336486,818.0935163692577,501.40516450589286,316.68835186336486,506.0304029724729,63.921932063874216,569.9523350363471,1720.5033701064078,217.33456901717233,6908.0,-0.1255689697324338,41.41043028529275
34,34,2025,3NB,3,NB,AM-Peak,2,Peak,AM,3.4,65,12000,1,6,70,1800,1,6,0.1,0.01,7325.0,905.0,0.0,0.0,0.0,1.0,1.0,1.0,3.66,1.83,0.13729977116704806,0.13729977116704806,30,3.82,0.715,7325.0,905.0,0.0,0.0,0.0,8230.0,10040.0,1.0,1.2,0.6435897435897436,10040.0,0.0,1.0,146.5,6819.575,859.75,0.0,0.0,0.0,7818.5,0.6236609485240473,3.1183047426202366,,0.07843765015076104,0.07876549783905486,125.16450090760897,625.8225045380448,53.41239416654426,69.02775847388504,2.4117453722729283,2.955332818422293,3.8193382487950482,-0.8640054303727553,0.9328010931569077,534.9114380268762,6643.588561973123,67.7186367671274,837.2813632328725,602.6300747940036,7480.869925205996,14961.739850411992,738.0673483282585,0.4100374157379214,1476.134696656517,5018.857968632157,9155.432651671741,18310.865303343482,62256.942031367835,9893.5,19787.0,67275.79999999999,0.8244583333333333,2.1204472249817607,10.602236124908805,0.9039886056087272,1852.2204514371087,1134.2514743750928,717.9689770620158,3704.4409028742175,2268.5029487501856,1435.9379541240316,1069.8228760537525,135.4372735342548,1205.2601495880072,3637.3977785827583,460.48673001646637,16460.0,-0.2262186206328643,43.30951588498579
35,35,2025,3NB,3,NB,AM-Shoulder,1,OP,AM,3.4,65,12000,1,6,70,1800,1,6,0.1,0.01,7003.0,865.0,0.0,0.0,0.0,1.0,1.0,1.0,3.66,1.83,0.13729977116704806,0.13729977116704806,30,3.82,0.715,7003.0,865.0,0.0,0.0,0.0,7868.0,9598.0,1.0,1.2,0.6152564102564102,9598.0,0.0,1.0,140.06,6519.793,821.75,0.0,0.0,0.0,7474.599999999999,0.5023120315518425,2.511560157759212,,0.08043320598497165,0.0806847873036446,124.04109115999042,620.205455799952,55.86027778990459,69.15781760689944,1.413875858913455,2.9497749793025307,3.65196894951475,-0.7021939702122193,0.7035051531428999,524.4078533483763,6338.532146651623,66.30272396676995,798.6972760332301,590.7105773151462,7137.2294226848535,7137.2294226848535,723.3160252486862,0.4018422362492701,723.3160252486862,2459.274485845533,8734.623974751314,8734.623974751314,29697.721514154466,9457.94,9457.94,32156.996,0.7881616666666668,1.7078609072762643,8.539304536381321,0.7278346969799314,1461.7948237462333,895.6156722023561,566.1791515438772,1461.7948237462333,895.6156722023561,566.1791515438772,524.4078533483763,66.30272396676995,590.7105773151462,1782.9867013844794,225.4292614870178,7868.0,-0.1922781874433851,42.92079278892401
36,36,2025,3NB,3,NB,MD,5,OP,MD,3.4,65,12000,1,6,70,1800,1,6,0.1,0.01,8246.0,1019.0,0.0,0.0,0.0,1.0,1.0,1.0,3.66,1.83,0.13729977116704806,0.13729977116704806,30,3.823,0.708,8246.0,1019.0,0.0,0.0,0.0,9265.0,11303.0,1.0,1.2,0.724551282051282,11303.0,0.0,1.0,164.92000000000002,7677.026,968.05,0.0,0.0,0.0,8801.75,1.1458934491612447,5.729467245806223,,0.07476383751332094,0.07545000938781835,126.20004309833134,631.0002154916566,44.786048534298885,68.4443872573152,1.86920098611244,2.980521970823793,4.554989928253414,-1.5744679574296208,1.9406438940148696,573.9639244495402,7507.11607555046,73.03938158787754,945.9606184121225,647.0033060374177,8453.076693962583,42265.383469812914,793.0820692131729,0.44060114956287383,3965.4103460658644,13482.395176623939,10344.997930786827,51724.989653934135,175864.96482337607,11138.08,55690.4,189347.36000000002,0.9281733333333333,3.896037727148232,19.480188635741158,1.6633272743757141,3659.0060348471998,2236.185103677466,1422.820931169734,18295.030174236,11180.92551838733,7114.10465584867,2869.819622247701,365.1969079393877,3235.0165301870884,9757.386715642182,1241.669486993918,46325.0,-0.34565783508402664,43.66783498212156
37,37,2025,3NB,3,NB,PM-Shoulder,1,OP,PM,3.4,65,12000,1,6,70,1800,1,6,0.1,0.01,7439.0,919.0,0.0,0.0,0.0,1.0,1.0,1.0,3.66,1.83,0.13729977116704806,0.13729977116704806,30,4.005,0.592,7439.0,919.0,0.0,0.0,0.0,8358.0,10196.0,1.0,1.2,0.6535897435897436,10196.0,0.0,1.0,148.78,6925.709,873.05,0.0,0.0,0.0,7940.099999999999,0.6601536017812492,3.3007680089062457,,0.08034599099323775,0.0807350624578124,125.58097065954969,627.9048532977486,52.62265389189241,68.79970756421474,1.5036259112629646,2.965128882409784,3.8766573882627826,-0.9115285058529987,1.0113283142277043,556.4529529357856,6733.767047064214,70.4857462787931,848.5142537212068,626.9386992145787,7582.281300785421,7582.281300785421,767.9101917721648,0.4266167732067582,767.9101917721648,2610.8946520253603,9279.309808227834,9279.309808227834,31549.653347974636,10047.22,10047.22,34160.547999999995,0.8372683333333333,2.2445222460562473,11.222611230281235,0.9570337869634913,2040.0051595111977,1248.9710317480606,791.0341277631372,2040.0051595111977,1248.9710317480606,791.0341277631372,556.4529529357856,70.4857462787931,626.9386992145787,1891.940039981671,239.65153734789655,8358.0,-0.2351325935102754,43.453623065588125
38,38,2025,3NB,3,NB,PM-Peak,3,Peak,PM,3.4,65,12000,1,6,70,1800,1,6,0.1,0.01,7508.0,928.0,0.0,0.0,0.0,1.0,1.0,1.0,3.66,1.83,0.13729977116704806,0.13729977116704806,30,4.005,0.592,7508.0,928.0,0.0,0.0,0.0,8436.0,10292.0,1.0,1.2,0.6597435897435897,10292.0,0.0,1.0,150.16,6989.947999999999,881.5999999999999,0.0,0.0,0.0,8014.2,0.6918048338258137,3.4590241691290684,,0.07999754204962042,0.08040911577129811,125.73591934065065,628.6795967032532,52.02783464193173,68.75809722934801,2.3895323169081064,2.9669232893333572,3.9209780957439,-0.954054806410543,1.0720476834768355,559.1786590546601,6798.66134094534,70.88867646397641,857.1113235360236,630.0673355186365,7655.772664481364,22967.317993444092,771.8446884465893,0.4288026046925496,2315.534065339768,7872.815822155211,9369.995311553412,28109.985934660235,95573.9521778448,10141.84,30425.520000000004,103446.76800000001,0.8451533333333333,2.3521364350077665,11.760682175038832,1.0031438052449566,2148.9636913432337,1315.2644976412516,833.6991937019822,6446.8910740297015,3945.793492923755,2501.0975811059466,1677.5359771639803,212.66602939192921,1890.2020065559095,5703.6223223575325,723.0644999325593,25308.0,-0.24332061621209763,43.50723852617669
39,39,2025,3NB,3,NB,PM-Late,3,OP,PM,3.4,65,12000,1,6,70,1800,1,6,0.1,0.01,7587.0,938.0,0.0,0.0,0.0,1.0,1.0,1.0,3.66,1.83,0.13729977116704806,0.13729977116704806,30,4.005,0.592,7587.0,938.0,0.0,0.0,0.0,8525.0,10401.0,1.0,1.2,0.6667307692307692,10401.0,0.0,1.0,151.74,7063.497,891.0999999999999,0.0,0.0,0.0,8098.75,0.7295804327296742,3.647902163648371,,0.0796220654661301,0.08006083180405879,125.90129880318418,629.5064940159209,51.33493502783347,68.70830909348516,1.557978619499545,2.9690732124179586,3.973901980968565,-1.0048287685506065,1.144553406234626,562.4102205538136,6872.849779446186,71.34220722059678,866.6577927794033,633.7524277744103,7739.50757222559,23218.52271667677,776.436842215604,0.4313538012308911,2329.310526646812,7919.65579059916,9472.823157784396,28418.469473353187,96622.79620940084,10249.26,30747.78,104542.452,0.854105,2.4805734712808922,12.402867356404462,1.0580991169021676,2279.947806153208,1395.0998730830256,884.8479330701824,6839.843418459624,4185.299619249077,2654.543799210547,1687.2306616614408,214.02662166179033,1901.2572833232311,5736.584249648899,727.6905136500872,25575.0,-0.2528569585668789,43.56446325369694
40,40,2025,3SB,3,SB,Night,8,OP,NT,3.4,65,12000,1,6,70,1800,1,6,0.1,0.01,2929.0,362.0,0.0,0.0,0.0,1.0,1.0,1.0,3.66,1.83,0.13729977116704806,0.13729977116704806,30,4.009,0.708,2929.0,362.0,0.0,0.0,0.0,3291.0,4015.0,1.0,1.2,0.25737179487179485,4015.0,0.0,1.0,58.58,2726.899,343.9,0.0,0.0,0.0,3126.45,0.15355706041759748,0.7677853020879875,,0.13729862307955695,0.13729772546360464,119.39211674369592,596.9605837184797,64.96008043152226,69.92598303997096,0.0,2.917370498508257,3.140390200333062,-0.22301970182480524,0.0026422667639870584,374.39947797702075,2496.020522022979,47.21668778693363,314.7833122130664,421.61616576395437,2810.8038342360455,22486.430673888364,516.0495413378217,0.2866941896321231,4128.396330702573,14036.547524388749,3440.370458662178,27522.963669297424,93578.07647561123,3956.4199999999996,31651.359999999997,107614.62399999998,0.3297016666666666,0.5220940054198314,2.6104700270991574,0.22234432587815614,318.72947133080584,195.47172308411672,123.2577482466891,2549.8357706464467,1563.7737846729337,986.0619859735128,2995.195823816166,377.73350229546907,3372.929326111635,10183.665800974964,1284.2939078045947,26328.0,-0.07101655768800715,41.31215112238614
41,41,2025,3SB,3,SB,AM-Early,1,OP,AM,3.4,65,12000,1,6,70,1800,1,6,0.1,0.01,9916.0,1226.0,0.0,0.0,0.0,1.0,1.0,1.0,3.66,1.83,0.13729977116704806,0.13729977116704806,30,3.82,0.715,9916.0,1226.0,0.0,0.0,0.0,11142.0,13594.0,1.0,1.2,0.8714102564102564,13594.0,0.0,1.0,198.32,9231.796,1164.7,0.0,0.0,0.0,10584.9,3.285558943613453,16.427794718067265,,0.07064050417087296,0.07299817902813337,128.01307846363997,640.0653923181998,27.123476977599864,66.43417477801705,2.410216448681991,3.070708723057748,7.521159627450234,-4.450450904392486,6.0042963819145125,652.1387238426483,9065.541276157352,85.02097911406693,1140.979020885933,737.1597029567153,10206.520297043284,10206.520297043284,907.2016611848492,0.5040009228804717,907.2016611848492,3084.485648028487,12488.478338815152,12488.478338815152,42460.82635197152,13395.68,13395.68,45545.312000000005,1.1163066666666668,11.17090040828574,55.854502041428695,4.801330558380614,12033.781187923702,7284.976736432783,4748.804451490918,12033.781187923702,7284.976736432783,4748.804451490918,652.1387238426483,85.02097911406693,737.1597029567153,2217.2716610650045,289.07132898782754,11142.0,-0.5917240325746476,44.29518285939099
42,42,2025,3SB,3,SB,AM-Peak,2,Peak,AM,3.4,65,12000,1,6,70,1800,1,6,0.1,0.01,9025.0,1116.0,0.0,0.0,0.0,1.0,1.0,1.0,3.66,1.83,0.13729977116704806,0.13729977116704806,30,3.82,0.715,9025.0,1116.0,0.0,0.0,0.0,10141.0,12373.0,1.0,1.2,0.7931410256410256,12373.0,0.0,1.0,180.5,8402.275,1060.2,0.0,0.0,0.0,9633.949999999999,1.8299994214738584,9.149997107369291,,0.07579839004654788,0.07704182713281103,125.87919699371929,629.3959849685964,36.701557755680206,67.16043781347908,3.1225416963218335,3.0375025333598593,5.558347178558857,-2.5208446451989976,3.3152433269333264,636.8789177283581,8207.621082271642,81.67974512620626,1034.3202548737938,718.5586628545644,9241.941337145436,18483.88267429087,881.9181531069769,0.489954529503876,1763.8363062139538,5997.043441127443,11310.581846893023,22621.163693786046,76911.95655887255,12192.5,24385.0,82909.0,1.0160416666666667,6.221998033011118,31.10999016505559,2.662075598710583,6503.715440932618,3962.6593733720943,2541.056067560524,13007.430881865235,7925.3187467441885,5082.112135121048,1273.7578354567163,163.3594902524125,1437.1173257091289,4330.7766405528355,555.4222668582025,20282.0,-0.4535241438179813,43.556815568761
43,43,2025,3SB,3,SB,AM-Shoulder,1,OP,AM,3.4,65,12000,1,6,70,1800,1,6,0.1,0.01,8799.0,1088.0,0.0,0.0,0.0,1.0,1.0,1.0,3.66,1.83,0.13729977116704806,0.13729977116704806,30,3.82,0.715,8799.0,1088.0,0.0,0.0,0.0,9887.0,12063.0,1.0,1.2,0.7732692307692308,12063.0,0.0,1.0,175.98,8191.869,1033.6,0.0,0.0,0.0,9392.65,1.6573762031089607,8.286881015544804,,0.07309494922285109,0.0741495016093429,127.78097432413631,638.9048716206814,38.8461733465803,67.94548034856305,2.056492034973068,3.0024072087425355,5.2514825123169695,-2.249075303574434,2.89483873418194,598.784248595248,8024.235751404753,76.64092486341681,1011.3590751365832,675.4251734586647,9035.594826541335,9035.594826541335,828.7070231854984,0.4603927906586102,828.7070231854984,2817.6038788306946,11058.312976814503,11058.312976814503,37598.26412116931,11887.02,11887.02,40415.86800000001,0.990585,5.635079090570466,28.17539545285233,2.4096303389886775,5533.584964921141,3374.1965990220297,2159.3883658991112,5533.584964921141,3374.1965990220297,2159.3883658991112,598.784248595248,76.64092486341681,675.4251734586647,2035.866445223843,260.57914453561716,9887.0,-0.4282743583929665,44.21487000835166
44,44,2025,3SB,3,SB,MD,5,OP,MD,3.4,65,12000,1,6,70,1800,1,6,0.1,0.01,7308.0,903.0,0.0,0.0,0.0,1.0,1.0,1.0,3.66,1.83,0.13729977116704806,0.13729977116704806,30,3.823,0.708,7308.0,903.0,0.0,0.0,0.0,8211.0,10017.0,1.0,1.2,0.6421153846153846,10017.0,0.0,1.0,146.16,6803.748,857.8499999999999,0.0,0.0,0.0,7800.45,0.6112459552417646,3.056229776208823,,0.0786840161843158,0.07900638287947086,124.16396992688898,620.8198496344448,53.556850459086775,69.02602904616704,1.532012622999661,2.9554068634537503,3.809036533166564,-0.8536296697128138,0.9186877427458852,535.3462177460062,6626.493782253994,67.77562555315407,835.2243744468459,603.1218432991603,7461.71815670084,37308.5907835042,738.6730944054684,0.41037394133637134,3693.365472027342,12557.442604892964,9132.166905594531,45660.834527972656,155246.83739510702,9870.84,49354.2,167804.28,0.82257,2.078236247822,10.391181239109999,0.8860002354497651,1816.8447235710382,1112.5759148541592,704.2688087168789,9084.22361785519,5562.879574270796,3521.3440435843945,2676.731088730031,338.8781277657704,3015.6092164958013,9100.885701682106,1152.1856344036194,41055.0,-0.22410645376592553,42.96331139338719
45,45,2025,3SB,3,SB,PM-Shoulder,1,OP,PM,3.4,65,12000,1,6,70,1800,1,6,0.1,0.01,7141.0,883.0,0.0,0.0,0.0,1.0,1.0,1.0,3.66,1.83,0.13729977116704806,0.13729977116704806,30,4.005,0.592,7141.0,883.0,0.0,0.0,0.0,8024.0,9790.0,1.0,1.2,0.6275641025641026,9790.0,0.0,1.0,142.82,6648.271,838.8499999999999,0.0,0.0,0.0,7622.799999999999,0.5419012980695201,2.709506490347601,,0.0820174200652047,0.0823231890156623,124.8266379809094,624.1331899045471,54.969156141938676,68.95613121057669,1.3913370440623276,2.9584026310442124,3.7111721248410863,-0.7527694937968739,0.7846135033399805,545.2740353143184,6452.905964685682,69.05680710578831,813.9431928942117,614.3308424201067,7266.849157579894,7266.849157579894,752.4444566316834,0.41802469812871296,752.4444566316834,2558.3111525477234,8894.735543368317,8894.735543368317,30242.100847452275,9647.18,9647.18,32800.412,0.8039316666666667,1.8424644134363684,9.212322067181843,0.7855613641260595,1640.821553627251,1004.6480056374774,636.1735479897735,1640.821553627251,1004.6480056374774,636.1735479897735,545.2740353143184,69.05680710578831,614.3308424201067,1853.9317200686826,234.79314415968025,8024.0,-0.2028387443304338,43.19260829789252
46,46,2025,3SB,3,SB,PM-Peak,3,Peak,PM,3.4,65,12000,1,6,70,1800,1,6,0.1,0.01,7293.0,901.0,0.0,0.0,0.0,1.0,1.0,1.0,3.66,1.83,0.13729977116704806,0.13729977116704806,30,4.005,0.592,7293.0,901.0,0.0,0.0,0.0,8194.0,9996.0,1.0,1.2,0.6407692307692308,9996.0,0.0,1.0,145.86,6789.783,855.9499999999999,0.0,0.0,0.0,7784.299999999999,0.5988849717056294,2.9944248585281468,,0.08112517805522633,0.0814708489197597,125.23107603248955,626.1553801624477,53.81338513235195,68.88079897764352,2.2643463302234466,2.961638120170641,3.790878412466896,-0.8292402922962547,0.8938111173873396,550.8223548313488,6596.317645168651,69.7349731328683,831.2650268671317,620.557327964217,7427.582672035783,22282.748016107347,760.0272742299537,0.4222373745721965,2280.081822689861,7752.278197145527,9090.112725770046,27270.33817731014,92719.14980285447,9850.14,29550.42,100471.428,0.8208449999999999,2.0362089037991398,10.181044518995698,0.8680831619748697,1831.5642493159025,1121.5893833192015,709.974865996701,5494.692747947707,3364.7681499576047,2129.9245979901034,1652.4670644940463,209.20491939860491,1861.6719838926513,5618.388019279757,711.2967259552566,24582.0,-0.21874621184609047,43.33255226037701
47,47,2025,3SB,3,SB,PM-Late,3,OP,PM,3.4,65,12000,1,6,70,1800,1,6,0.1,0.01,6005.0,742.0,0.0,0.0,0.0,1.0,1.0,1.0,3.66,1.83,0.13729977116704806,0.13729977116704806,30,4.005,0.592,6005.0,742.0,0.0,0.0,0.0,6747.0,8231.0,1.0,1.2,0.5276282051282051,8231.0,0.0,1.0,120.10000000000001,5590.655,704.9,0.0,0.0,0.0,6409.65,0.26645474804116004,1.3322737402058002,,0.09270601900905437,0.09283067353830457,120.09172382520875,600.4586191260437,61.29813691668123,69.31081282799224,0.8847983105111438,2.9432637084528817,3.3279967428257176,-0.3847330343728359,0.25966322997892544,518.2873687030649,5366.6126312969345,65.43634177715089,676.5636582228491,583.7237104802158,6043.1762895197835,18129.52886855935,714.5963940345175,0.39699799668584307,2143.789182103553,7288.88321915208,7396.303605965482,22188.910817896445,75442.29678084792,8110.9,24332.699999999997,82731.18,0.6759083333333333,0.905946143339944,4.529730716699721,0.3859347256259111,765.9494501547708,469.5404428183493,296.40900733642155,2297.8483504643127,1408.621328455048,889.2270220092646,1554.8621061091947,196.30902533145266,1751.1711314406473,5286.531160771262,667.450686126939,20241.0,-0.11560499126155059,41.55422969730406
48,48,2025,4NB,4,NB,Night,8,OP,NT,4.4,65,12000,1,6,70,1800,1,6,0.1,0.01,2650.0,327.0,0.0,0.0,0.0,1.0,1.0,1.0,3.66,1.83,0.13729977116704806,0.13729977116704806,30,4.009,0.708,2650.0,327.0,0.0,0.0,0.0,2977.0,3631.0,1.0,1.2,0.23275641025641025,3631.0,0.0,1.0,53.0,2467.15,310.65,0.0,0.0,0.0,2828.15,0.15391383335878994,0.7695691667939497,,0.1372996051728602,0.13729946528250928,119.38943897101387,596.9471948550694,64.97815510507954,69.95947691121252,0.0,3.773613120850655,4.062903903212886,-0.28929078236223127,0.0018706550939621702,338.73872090222204,2258.261279097778,42.6520788900115,284.3479211099885,381.39079979223357,2542.609200207766,20340.87360166213,466.69495757225656,0.2592749764290314,3733.5596605780524,16427.66250654343,3111.3050424277435,24890.440339421948,109517.93749345659,3578.0,28624.0,125945.60000000002,0.2981666666666667,0.6772208667786758,3.386104333893379,0.22276441880824915,373.825319359933,229.40093018090275,144.42438917903024,2990.602554879464,1835.207441447222,1155.395113432242,2709.9097672177763,341.216631120092,3051.1263983378685,11923.602975758216,1501.353176928405,23816.0,-0.071202959571223,31.92230988529782
49,49,2025,4NB,4,NB,AM-Early,1,OP,AM,4.4,65,12000,1,6,70,1800,1,6,0.1,0.01,5675.0,701.0,0.0,0.0,0.0,1.0,1.0,1.0,3.66,1.83,0.13729977116704806,0.13729977116704806,30,3.82,0.715,5675.0,701.0,0.0,0.0,0.0,6376.0,7778.0,1.0,1.2,0.4985897435897436,7778.0,0.0,1.0,113.5,5283.425,665.9499999999999,0.0,0.0,0.0,6057.2,0.2237410562997746,1.118705281498873,,0.09508259136507857,0.09519696675312797,116.27264080800217,581.3632040400108,62.35755556167602,69.44004888350618,1.0042417230466383,3.8018406415999353,4.233648955961486,-0.4318083143615503,0.23579137735954261,502.36174028304026,5059.1382597169595,63.39642000924557,637.6035799907544,565.7581602922859,5696.741839707714,5696.741839707714,692.551000310777,0.38475055572820943,692.551000310777,3047.224401367419,6971.948999689223,6971.948999689223,30676.575598632582,7664.5,7664.5,33723.8,0.6387083333333333,0.9844606477190083,4.922303238595041,0.3240268884734704,806.6117677551309,494.55536422829005,312.0564035268409,806.6117677551309,494.55536422829005,312.0564035268409,502.36174028304026,63.39642000924557,565.7581602922859,2210.3916572453772,278.9442480406805,6376.0,-0.10199435967725014,31.088941392513945
50,50,2025,4NB,4,NB,AM-Peak,2,Peak,AM,4.4,65,12000,1,6,70,1800,1,6,0.1,0.01,6762.0,836.0,0.0,0.0,0.0,1.0,1.0,1.0,3.66,1.83,0.13729977116704806,0.13729977116704806,30,3.82,0.715,6762.0,836.0,0.0,0.0,0.0,7598.0,9270.0,1.0,1.2,0.5942307692307692,9270.0,0.0,1.0,135.24,6295.422,794.1999999999999,0.0,0.0,0.0,7218.099999999999,0.4287608929812281,2.1438044649061405,,0.08218724729261162,0.08245455956923706,123.00079730028321,615.0039865014161,57.451182921461395,69.23712057331446,2.6541864304495,3.8129835240686125,4.595205643735849,-0.7822221196672361,0.7311240396104195,517.4034047253476,6109.356595274652,65.48541120988807,770.5145887901119,582.8888159352357,6879.871184064764,13759.742368129528,713.8596383550118,0.39658868797500657,1427.7192767100237,6281.964817524105,8420.900361644988,16841.800723289976,74103.9231824759,9134.76,18269.52,80385.888,0.7612300000000001,1.8865479291174039,9.432739645587018,0.6214397203664783,1593.8131562299782,976.1063217028985,617.7068345270798,3187.6263124599564,1952.212643405797,1235.4136690541595,1034.8068094506953,130.97082241977614,1165.7776318704714,4553.14996158306,576.2716186470151,15196.0,-0.17022570485687744,32.887913716653266
51,51,2025,4NB,4,NB,AM-Shoulder,1,OP,AM,4.4,65,12000,1,6,70,1800,1,6,0.1,0.01,6463.0,799.0,0.0,0.0,0.0,1.0,1.0,1.0,3.66,1.83,0.13729977116704806,0.13729977116704806,30,3.82,0.715,6463.0,799.0,0.0,0.0,0.0,7262.0,8860.0,1.0,1.2,0.5679487179487179,8860.0,0.0,1.0,129.26,6017.053,759.05,0.0,0.0,0.0,6898.9,0.3536264957924607,1.7681324789623034,,0.08489511835013235,0.08510480460657625,121.51753946571893,607.5876973285947,59.16984846751257,69.31483313895838,1.5231155095455535,3.808708584362427,4.461731892806016,-0.653023308443589,0.548265000836549,510.81842655401886,5822.921573445981,64.5988019366217,734.4011980633783,575.4172284906406,6557.32277150936,6557.32277150936,704.6148323638839,0.39145268464660216,704.6148323638839,3100.3052624010893,8026.125167636116,8026.125167636116,35314.95073759891,8730.74,8730.74,38415.256,0.7275616666666667,1.5559565814868273,7.779782907434136,0.5124249942048892,1297.3759478887237,794.8112927414711,502.5646551472526,1297.3759478887237,794.8112927414711,502.5646551472526,510.81842655401886,64.5988019366217,575.4172284906406,2247.601076837683,284.2347285211355,7262.0,-0.146360947751367,32.49132071275908
52,52,2025,4NB,4,NB,MD,5,OP,MD,4.4,65,12000,1,6,70,1800,1,6,0.1,0.01,7611.0,941.0,0.0,0.0,0.0,1.0,1.0,1.0,3.66,1.83,0.13729977116704806,0.13729977116704806,30,3.823,0.708,7611.0,941.0,0.0,0.0,0.0,8552.0,10434.0,1.0,1.2,0.6688461538461539,10434.0,0.0,1.0,152.22,7085.840999999999,893.9499999999999,0.0,0.0,0.0,8124.4,0.7503341568852719,3.7516707844263597,,0.07705520178796466,0.07758968669856663,124.93815738299008,624.6907869149504,50.95989483924256,68.87774996253083,2.134224768545049,3.8328778182158207,5.180544442503484,-1.3476666242876632,1.533038193922081,546.0009080924332,6912.779091907567,69.36130042418363,871.6386995758164,615.3622085166168,7784.417791483384,38922.08895741692,754.084809364984,0.4189360052027689,3770.42404682492,16589.865806029648,9527.695190635015,47638.475953175075,209609.29419397036,10281.779999999999,51408.899999999994,226199.16,0.8568149999999999,3.301470290295197,16.507351451475984,1.0886334684383994,2947.577139774776,1802.6057765413666,1144.9713632334094,14737.885698873879,9013.028882706833,5724.856816167047,2730.004540462166,346.80650212091814,3076.811042583084,12012.019978033532,1525.94860933204,42760.0,-0.2601399600456679,33.40592443395457
53,53,2025,4NB,4,NB,PM-Shoulder,1,OP,PM,4.4,65,12000,1,6,70,1800,1,6,0.1,0.01,6867.0,849.0,0.0,0.0,0.0,1.0,1.0,1.0,3.66,1.83,0.13729977116704806,0.13729977116704806,30,4.005,0.592,6867.0,849.0,0.0,0.0,0.0,7716.0,9414.0,1.0,1.2,0.6034615384615385,9414.0,0.0,1.0,137.34,6393.177,806.55,0.0,0.0,0.0,7330.2,0.45238471907476147,2.2619235953738075,,0.08384949283034807,0.08416634641326662,123.93895085722878,619.694754286144,56.884622919581375,69.0756024388267,1.6586419461644952,3.8218993491051805,4.6409730160859235,-0.819073666980743,0.7938253397300225,536.0646490246461,6193.5953509753535,67.88436669962019,781.1156333003798,603.9490157242662,6974.710984275734,6974.710984275734,739.7177491235067,0.4109543050686148,739.7177491235067,3254.7580961434296,8536.942250876493,8536.942250876493,37562.545903856575,9276.66,9276.66,40817.304000000004,0.7730549999999999,1.9904927639289507,9.952463819644754,0.6557783788667092,1742.6495083791378,1067.0328048816707,675.616703497467,1742.6495083791378,1067.0328048816707,675.616703497467,536.0646490246461,67.88436669962019,603.9490157242662,2358.684455708443,298.69121347832885,7716.0,-0.17648748746044823,33.13875691369753
54,54,2025,4NB,4,NB,PM-Peak,3,Peak,PM,4.4,65,12000,1,6,70,1800,1,6,0.1,0.01,6930.0,857.0,0.0,0.0,0.0,1.0,1.0,1.0,3.66,1.83,0.13729977116704806,0.13729977116704806,30,4.005,0.592,6930.0,857.0,0.0,0.0,0.0,7787.0,9501.0,1.0,1.2,0.6090384615384615,9501.0,0.0,1.0,138.6,6451.829999999999,814.15,0.0,0.0,0.0,7397.65,0.471543719680227,2.357718598401135,,0.08337934713822241,0.08371281695065111,124.14977242666171,620.7488621333086,56.46342243724383,69.05064464342298,2.644731194972151,3.8232807436236698,4.67559330632893,-0.8523125627052606,0.8412551373629428,537.9493732467974,6253.450626753202,68.1547899203726,788.8452100796273,606.1041631671701,7042.29583683283,21126.88751049849,742.4137430079152,0.41245207944884177,2227.2412290237453,9799.86140770448,8619.986256992084,25859.958770976253,113783.81859229552,9362.4,28087.199999999997,123583.68,0.7802,2.074792366592999,10.373961832964994,0.6836390333645379,1823.168442593636,1116.1332532259435,707.0351893676926,5469.5053277809075,3348.3997596778304,2121.105568103078,1613.8481197403923,204.46436976111778,1818.31248950151,7100.931726857727,899.6432269489183,23361.0,-0.18228971316892803,33.19512631728923
55,55,2025,4NB,4,NB,PM-Late,3,OP,PM,4.4,65,12000,1,6,70,1800,1,6,0.1,0.01,7003.0,866.0,0.0,0.0,0.0,1.0,1.0,1.0,3.66,1.83,0.13729977116704806,0.13729977116704806,30,4.005,0.592,7003.0,866.0,0.0,0.0,0.0,7869.0,9601.0,1.0,1.2,0.6154487179487179,9601.0,0.0,1.0,140.06,6519.793,822.6999999999999,0.0,0.0,0.0,7475.549999999999,0.49469236232188063,2.473461811609403,,0.08286273360750998,0.08321650555940183,124.38128155913651,621.9064077956826,55.96249535139268,69.02040570759694,1.7310980344838087,3.824955783633449,4.7174451093062295,-0.8924893256727806,0.8985921074418421,540.2478705351083,6322.692129464891,68.46221912371988,797.5377808762801,608.7100896588281,7120.2299103411715,21360.689731023514,745.634527906268,0.4142414043923711,2236.903583718804,9842.375768362737,8715.30547209373,26145.916416281194,115042.03223163726,9460.939999999999,28382.82,124884.408,0.7884116666666665,2.176646394216275,10.883231971081374,0.7172464975890883,1921.018791361711,1175.9285793832644,745.0902119784467,5763.056374085133,3527.7857381497934,2235.27063593534,1620.743611605325,205.38665737115963,1826.1302689764846,7131.27189106343,903.7012924331025,23607.0,-0.189189127799737,33.25702715484934
56,56,2025,4SB,4,SB,Night,8,OP,NT,4.4,65,12000,1,6,70,1800,1,6,0.1,0.01,2704.0,334.0,0.0,0.0,0.0,1.0,1.0,1.0,3.66,1.83,0.13729977116704806,0.13729977116704806,30,4.009,0.708,2704.0,334.0,0.0,0.0,0.0,3038.0,3706.0,1.0,1.2,0.23756410256410257,3706.0,0.0,1.0,54.08,2517.424,317.3,0.0,0.0,0.0,2886.1,0.15385676210537694,0.7692838105268847,,0.1372994916021835,0.13729958668174572,119.38914015279263,596.9457007639631,64.97530525790877,69.9541983667413,0.0,3.7738978669436793,4.063082104071624,-0.2891842371279445,0.00211479027043152,345.6410353471352,2304.278964652865,43.56515885411792,290.4348411458821,389.2061942012531,2594.713805798747,20757.710446389978,476.33651190948893,0.26463139550527165,3810.6920952759115,16767.04521921401,3175.5834880905113,25404.66790472409,111780.53878078601,3651.92,29215.36,128547.58400000002,0.3043266666666667,0.6769697532636586,3.3848487663182927,0.2227435823231976,381.45000061856706,233.9885264167456,147.4614742018215,3051.6000049485365,1871.9082113339648,1179.691793614572,2765.1282827770815,348.52127083294334,3113.6495536100247,12166.564444219159,1533.4935916649508,24304.0,-0.07117361395137753,31.922229987377712
57,57,2025,4SB,4,SB,AM-Early,1,OP,AM,4.4,65,12000,1,6,70,1800,1,6,0.1,0.01,9153.0,1131.0,0.0,0.0,0.0,1.0,1.0,1.0,3.66,1.83,0.13729977116704806,0.13729977116704806,30,3.82,0.715,9153.0,1131.0,0.0,0.0,0.0,10284.0,12546.0,1.0,1.2,0.8042307692307692,12546.0,0.0,1.0,183.06,8521.443,1074.45,0.0,0.0,0.0,9769.8,1.8299998470288585,9.149999235144293,,0.0806999760113892,0.08244315751145302,122.49214236988902,612.4607118494451,35.85581303014541,65.82971696803223,2.356065430149662,4.010346879179229,7.36282286439983,-3.352475985220601,4.522759631920076,687.6802456824204,8282.25975431758,88.5810505881807,1042.4189494118193,776.2612962706011,9324.6787037294,9324.6787037294,953.4233974469626,0.5296796652483126,953.4233974469626,4195.062948766636,11409.516602553038,11409.516602553038,50201.87305123337,12362.94,12362.94,54396.93600000001,1.030245,8.051999326926978,40.25999663463489,2.665302649344629,9103.473673948407,5537.200875375828,3566.272798572578,9103.473673948407,5537.200875375828,3566.272798572578,687.6802456824204,88.5810505881807,776.2612962706011,3025.79308100265,389.75662258799514,10284.0,-0.4553248186141,32.75190972456926
58,58,2025,4SB,4,SB,AM-Peak,2,Peak,AM,4.4,65,12000,1,6,70,1800,1,6,0.1,0.01,8331.0,1030.0,0.0,0.0,0.0,1.0,1.0,1.0,3.66,1.83,0.13729977116704806,0.13729977116704806,30,3.82,0.715,8331.0,1030.0,0.0,0.0,0.0,9361.0,11421.0,1.0,1.2,0.7321153846153846,11421.0,0.0,1.0,166.62,7756.161,978.5,0.0,0.0,0.0,8892.949999999999,1.2238011519856162,6.119005759928081,,0.0741741555577599,0.07512665133374007,127.19335255389521,635.9667627694761,43.86365225106873,68.4014398049815,3.8580231300996735,3.8595678797505895,6.018650669782467,-2.1590827900318774,2.6812437252942867,575.3066925450306,7589.07330745497,73.51142833006466,956.4885716699354,648.8181208750952,8545.561879124905,17091.12375824981,795.8409775352246,0.44213387640845814,1591.6819550704492,7003.400602309977,10458.539022464776,20917.078044929553,92035.14339769004,11254.380000000001,22508.760000000002,99038.54400000002,0.9378650000000001,5.384725068736712,26.923625343683558,1.7784303633467466,5077.062524396937,3097.8683695592304,1979.1941548377063,10154.125048793874,6195.736739118461,3958.3883096754125,1150.6133850900612,147.02285666012932,1297.6362417501905,5062.69889439627,646.9005693045691,18722.0,-0.3587320328910057,34.00891779515915
59,59,2025,4SB,4,SB,AM-Shoulder,1,OP,AM,4.4,65,12000,1,6,70,1800,1,6,0.1,0.01,8123.0,1004.0,0.0,0.0,0.0,1.0,1.0,1.0,3.66,1.83,0.13729977116704806,0.13729977116704806,30,3.82,0.715,8123.0,1004.0,0.0,0.0,0.0,9127.0,11135.0,1.0,1.2,0.7137820512820513,11135.0,0.0,1.0,162.46,7562.513,953.8,0.0,0.0,0.0,8670.65,1.0663002020667711,5.331501010333856,,0.07485633733884618,0.07566493724744554,126.90699641529127,634.5349820764565,46.02597866420016,68.56370963895137,2.3771298141972563,3.8504334346871505,5.735891069826267,-1.8854576351391166,2.2938630733542933,566.1020242574097,7394.43797574259,72.16921714661355,931.8307828533865,638.2712414040232,8326.268758595977,8326.268758595977,782.6096756972503,0.43478315316513905,782.6096756972503,3443.4825730679017,10189.93032430275,10189.93032430275,44835.6934269321,10972.54,10972.54,48279.176,0.9143783333333334,4.691720889093793,23.458604445468968,1.5485657082309328,4348.981810748333,2655.99269256677,1692.9891181815638,4348.981810748333,2655.99269256677,1692.9891181815638,566.1020242574097,72.16921714661355,638.2712414040232,2490.8489067326027,317.54455544509966,9127.0,-0.32871224578472075,33.93235198269821
60,60,2025,4SB,4,SB,MD,5,OP,MD,4.4,65,12000,1,6,70,1800,1,6,0.1,0.01,6746.0,834.0,0.0,0.0,0.0,1.0,1.0,1.0,3.66,1.83,0.13729977116704806,0.13729977116704806,30,3.823,0.708,6746.0,834.0,0.0,0.0,0.0,7580.0,9248.0,1.0,1.2,0.5928205128205128,9248.0,0.0,1.0,134.92000000000002,6280.526,792.3,0.0,0.0,0.0,7201.0,0.42068023647879266,2.1034011823939633,,0.08247018272826094,0.08273332690589154,122.02119895336486,610.1059947668243,57.557094740150745,69.23484993267631,1.6836718611952277,3.8131085754748155,4.586749925302233,-0.7736413498274177,0.7195397053563672,517.9561268495937,6093.123873150406,65.54961490753786,768.4503850924622,583.5057417571315,6861.574258242868,34307.87129121434,714.6049715722073,0.39700276198455964,3573.0248578610367,15721.309374588564,8398.475028427792,41992.37514213896,184766.45062541144,9113.08,45565.399999999994,200487.76,0.7594233333333333,1.850993040506688,9.25496520253344,0.6097130121793913,1565.3925910951273,958.7331860863972,606.6594050087301,7826.962955475637,4793.6659304319855,3033.2970250436506,2589.7806342479685,327.74807453768926,2917.5287087856577,11395.034790691063,1442.091527965833,37900.0,-0.16866874419285904,32.625989024963864
61,61,2025,4SB,4,SB,PM-Shoulder,1,OP,PM,4.4,65,12000,1,6,70,1800,1,6,0.1,0.01,6591.0,815.0,0.0,0.0,0.0,1.0,1.0,1.0,3.66,1.83,0.13729977116704806,0.13729977116704806,30,4.005,0.592,6591.0,815.0,0.0,0.0,0.0,7406.0,9036.0,1.0,1.2,0.5792307692307692,9036.0,0.0,1.0,131.82,6136.221,774.25,0.0,0.0,0.0,7035.7,0.37889687776803194,1.8944843888401597,,0.08614772769612071,0.08640164086314613,122.91143352594884,614.5571676297442,58.55738829971657,69.17071785728761,1.505278942260608,3.8166439235845777,4.508397790023668,-0.6917538664390905,0.6121972800247336,528.6214957912175,5930.558504208782,66.89647043829089,748.1035295617091,595.5179662295084,6678.662033770492,6678.662033770492,729.3109071060902,0.4051727261700501,729.3109071060902,3208.967991266797,8174.8690928939095,8174.8690928939095,35969.42400873321,8904.18,8904.18,39178.39200000001,0.742015,1.6671462621793407,8.335731310896703,0.5491477532756325,1438.9203540369174,881.2893508159804,557.631003220937,1438.9203540369174,881.2893508159804,557.631003220937,528.6214957912175,66.89647043829089,595.5179662295084,2325.9345814813573,294.34446992847995,7406.0,-0.15343674153372766,32.86401965934461
62,62,2025,4SB,4,SB,PM-Peak,3,Peak,PM,4.4,65,12000,1,6,70,1800,1,6,0.1,0.01,6732.0,832.0,0.0,0.0,0.0,1.0,1.0,1.0,3.66,1.83,0.13729977116704806,0.13729977116704806,30,4.005,0.592,6732.0,832.0,0.0,0.0,0.0,7564.0,9228.0,1.0,1.2,0.5915384615384616,9228.0,0.0,1.0,134.64000000000001,6267.491999999999,790.4,0.0,0.0,0.0,7185.799999999999,0.41432014416804064,2.071600720840203,,0.0849257690021646,0.08520990070794567,123.45673029076168,617.2836514538084,57.73958932645544,69.12501063458218,2.4755531256522327,3.819167586036144,4.572252817860606,-0.7530852318244619,0.6996786681613367,532.2715778149145,6065.088422185086,67.34990551956025,764.6500944804397,599.6214833344748,6829.738516665526,20489.215549996577,734.3212943735953,0.40795627465199735,2202.963883120786,9693.041085731458,8359.038705626404,25077.116116879213,110339.31091426854,9093.36,27280.079999999998,120032.352,0.75778,1.823008634339379,9.115043171696895,0.600467060782119,1584.2329785905326,970.3356821700338,613.8972964204987,4752.6989357715975,2911.0070465101016,1841.6918892614963,1596.8147334447435,202.04971655868076,1798.8644500034243,7025.984827156872,889.0187528581954,22692.0,-0.16470769702031407,33.00982093335873
63,63,2025,4SB,4,SB,PM-Late,3,OP,PM,4.4,65,12000,1,6,70,1800,1,6,0.1,0.01,5543.0,685.0,0.0,0.0,0.0,1.0,1.0,1.0,3.66,1.83,0.13729977116704806,0.13729977116704806,30,4.005,0.592,5543.0,685.0,0.0,0.0,0.0,6228.0,7598.0,1.0,1.2,0.48705128205128206,7598.0,0.0,1.0,110.86,5160.533,650.75,0.0,0.0,0.0,5916.599999999999,0.2096955993083193,1.0484779965415965,,0.09976501319586793,0.09988105172196825,117.19527966789852,585.9763983394926,62.755167893218285,69.37674664158463,0.8312345458678774,3.805309599827179,4.206824853838524,-0.4015152540113447,0.1990423574510839,514.840642842712,4917.299357157289,64.99759440807084,620.0024055919291,579.8382372507829,5537.301762749218,16611.905288247654,709.8334260669245,0.3943519033705136,2129.5002782007737,9369.801224083405,6777.306573933076,20331.919721799226,89460.4467759166,7487.14,22461.42,98830.248,0.6239283333333333,0.9226606369566049,4.613303184783025,0.303719819426142,774.8768047423931,475.0231954564046,299.8536092859885,2324.6304142271792,1425.0695863692138,899.5608278579655,1544.521928528136,194.99278322421253,1739.5147117523484,6795.896485523799,857.9682461865352,18684.0,-0.09544377718625045,31.335636274839175
64,64,2025,5NB,5,NB,Night,8,OP,NT,3.0,65,8000,1,6,70,1800,1,6,0.1,0.01,1487.0,184.0,0.0,0.0,0.0,1.0,1.0,1.0,3.66,1.83,0.1933404940923738,0.1933404940923738,30,4.009,0.708,1487.0,184.0,0.0,0.0,0.0,1671.0,2039.0,1.0,1.2,0.1757758620689655,2039.0,0.0,1.0,29.740000000000002,1384.397,174.79999999999998,0.0,0.0,0.0,1587.4499999999998,0.1314086640670218,0.657043320335109,,0.19333721460178094,0.1933371700799471,101.68312467474618,508.4156233737309,64.99462260894649,69.99172398075102,0.0,2.571732624410041,2.7694598841354465,-0.1977272597254056,0.00031388741940736983,267.6554598830617,1189.6045401169383,33.79533732997475,150.20466267002524,301.4507972130365,1339.8092027869636,10718.473622295709,369.041471872986,0.20502303992943666,2952.331774983888,8856.995324951664,1640.218528127014,13121.748225016112,39365.244675048336,2009.26,16074.08,48222.24,0.2511575,0.39422599220106547,1.9711299610053272,0.19033702214448095,172.1317411938275,105.51673924043249,66.61500195339501,1377.05392955062,844.1339139234599,532.9200156271601,2141.243679064494,270.362698639798,2411.606377704292,6423.731037193482,811.0880959193939,13368.0,-0.07139560347418823,39.875735166567125
65,65,2025,5NB,5,NB,AM-Early,1,OP,AM,3.0,65,8000,1,6,70,1800,1,6,0.1,0.01,4065.0,502.0,0.0,0.0,0.0,1.0,1.0,1.0,3.66,1.83,0.1933404940923738,0.1933404940923738,30,3.82,0.715,4065.0,502.0,0.0,0.0,0.0,4567.0,5571.0,1.0,1.2,0.4802586206896552,5571.0,0.0,1.0,81.3,3784.515,476.9,0.0,0.0,0.0,4338.65,0.2243704763460078,1.121852381730039,,0.1268753841652262,0.12692822100603102,103.10292907062816,515.5146453531408,61.70491600386271,69.65528883229372,0.9640571990285274,2.5841540968034584,2.917109553941084,-0.33295545713762564,0.20259393505313114,480.16179450406105,3503.5382054959387,60.53206859777619,441.4679314022238,540.6938631018372,3945.0061368981624,3945.0061368981624,661.7580002973896,0.3676433334985498,661.7580002973896,1985.2740008921687,4827.941999702611,4827.941999702611,14483.825999107832,5489.700000000001,5489.700000000001,16469.100000000002,0.6862125000000001,0.6731114290380233,3.3655571451901167,0.32484588390900604,526.9265276504741,323.20239166809023,203.72413598238393,526.9265276504741,323.20239166809023,203.72413598238393,480.16179450406105,60.53206859777619,540.6938631018372,1440.485383512183,181.59620579332858,4567.0,-0.11413882508724944,40.432521204167905
66,66,2025,5NB,5,NB,AM-Peak,2,Peak,AM,3.0,65,8000,1,6,70,1800,1,6,0.1,0.01,4453.0,550.0,0.0,0.0,0.0,1.0,1.0,1.0,3.66,1.83,0.1933404940923738,0.1933404940923738,30,3.82,0.715,4453.0,550.0,0.0,0.0,0.0,5003.0,6103.0,1.0,1.2,0.5261206896551724,6103.0,0.0,1.0,89.06,4145.7429999999995,522.5,0.0,0.0,0.0,4752.849999999999,0.32525380134811976,1.626269006740599,,0.11438141001893123,0.11446725188955398,107.7732428762966,538.8662143814831,59.096583651913605,69.6563252343474,2.014276665062866,2.5841156477092238,3.0458613489440083,-0.46174570123478453,0.3789838942071373,474.195929916114,3889.744070083886,59.80913911229195,490.190860887708,534.005069028406,4379.934930971594,8759.869861943189,653.6233472529898,0.36312408180721656,1307.2466945059796,3921.7400835179387,5360.31665274701,10720.63330549402,32161.899916482063,6013.9400000000005,12027.880000000001,36083.64,0.7517425000000001,0.9757614040443593,4.878807020221797,0.47096889642783835,754.49933414154,462.702086367068,291.797247774472,1508.99866828308,925.404172734136,583.594495548944,948.391859832228,119.6182782245839,1068.010138056812,2845.175579496684,358.8548346737517,10006.0,-0.1515977414385164,42.26401681423397
67,67,2025,5NB,5,NB,AM-Shoulder,1,OP,AM,3.0,65,8000,1,6,70,1800,1,6,0.1,0.01,4266.0,527.0,0.0,0.0,0.0,1.0,1.0,1.0,3.66,1.83,0.1933404940923738,0.1933404940923738,30,3.82,0.715,4266.0,527.0,0.0,0.0,0.0,4793.0,5847.0,1.0,1.2,0.5040517241379311,5847.0,0.0,1.0,85.32000000000001,3971.646,500.65,0.0,0.0,0.0,4553.349999999999,0.2705559449609026,1.3527797248045128,,0.1198950019027821,0.11996271653930891,105.64681727881865,528.2340863940932,60.487164444002005,69.65909219673797,1.1365755443442527,2.584013002805528,2.9758379592523463,-0.39182495644681836,0.2830518503295606,476.1805047271769,3704.499495272823,60.05933403540501,466.940665964595,536.2398387625819,4171.440161237418,4171.440161237418,656.358506833392,0.36464361490743996,656.358506833392,1969.075520500176,5105.321493166608,5105.321493166608,15315.964479499824,5761.68,5761.68,17285.04,0.72021,0.8116678348827078,4.058339174413538,0.3917659610698762,630.2415473903352,386.5003992852627,243.74114810507245,630.2415473903352,386.5003992852627,243.74114810507245,476.1805047271769,60.05933403540501,536.2398387625819,1428.5415141815308,180.17800210621502,4793.0,-0.13166878096590348,41.43012442306614
68,68,2025,5NB,5,NB,MD,5,OP,MD,3.0,65,8000,1,6,70,1800,1,6,0.1,0.01,4708.0,582.0,0.0,0.0,0.0,1.0,1.0,1.0,3.66,1.83,0.1933404940923738,0.1933404940923738,30,3.823,0.708,4708.0,582.0,0.0,0.0,0.0,5290.0,6454.0,1.0,1.2,0.5563793103448276,6454.0,0.0,1.0,94.16,4383.148,552.9,0.0,0.0,0.0,5025.5,0.419129204753325,2.095646023766625,,0.10857229372300747,0.10869127075597293,109.51436813397449,547.5718406698725,56.7738073873337,69.63464058999207,1.4778028332248732,2.5849203568068635,3.170476110083084,-0.5855557532762203,0.5497061169676707,475.88843208741275,4137.951567912587,60.09540360097743,521.9045963990226,535.9838356883902,4659.85616431161,23299.28082155805,656.174642890345,0.3645414682724139,3280.8732144517253,9842.619643355176,5703.665357109655,28518.326785548274,85554.98035664482,6359.84,31799.199999999997,95397.6,0.79498,1.257387614259975,6.2869380712998755,0.6071030729447635,976.1923010854287,598.376220276312,377.8160808091166,4880.9615054271435,2991.88110138156,1889.080404045583,2379.4421604370636,300.47701800488716,2679.919178441951,7138.326481311191,901.4310540146614,26450.0,-0.1846901641724957,42.946811032931166
69,69,2025,5NB,5,NB,PM-Shoulder,1,OP,PM,3.0,65,8000,1,6,70,1800,1,6,0.1,0.01,5570.0,688.0,0.0,0.0,0.0,1.0,1.0,1.0,3.66,1.83,0.1933404940923738,0.1933404940923738,30,4.005,0.592,5570.0,688.0,0.0,0.0,0.0,6258.0,7634.0,1.0,1.2,0.6581034482758621,7634.0,0.0,1.0,111.4,5185.67,653.6,0.0,0.0,0.0,5945.099999999999,0.9990364357635817,4.995182178817909,,0.10195851720958733,0.1023360256393634,116.17574285664138,580.8787142832069,45.990660757216176,69.28041654323656,1.9006799034944453,2.5981368037483654,3.913838093134095,-1.3157012893857294,1.5681120337475556,528.7232239382407,4929.876776061759,66.88682635788793,621.1131736421121,595.6100502961286,5550.989949703871,5550.989949703871,729.3837030119046,0.40521316833994697,729.3837030119046,2188.1511090357135,6793.216296988096,6793.216296988096,20379.648890964287,7522.6,7522.6,22567.8,0.9403250000000001,2.997109307290745,14.985546536453725,1.447802379661935,2586.976944507899,1584.64129544607,1002.3356490618291,2586.976944507899,1584.64129544607,1002.3356490618291,528.7232239382407,66.88682635788793,595.6100502961286,1586.1696718147223,200.6604790736638,6258.0,-0.3361665092109499,45.55911484574172
70,70,2025,5NB,5,NB,PM-Peak,3,Peak,PM,3.0,65,8000,1,6,70,1800,1,6,0.1,0.01,5539.0,685.0,0.0,0.0,0.0,1.0,1.0,1.0,3.66,1.83,0.1933404940923738,0.1933404940923738,30,4.005,0.592,5539.0,685.0,0.0,0.0,0.0,6224.0,7594.0,1.0,1.2,0.6546551724137931,7594.0,0.0,1.0,110.78,5156.809,650.75,0.0,0.0,0.0,5912.799999999999,0.9703577078854184,4.851788539427092,,0.10221584649236193,0.10258012645747729,116.08486199705865,580.4243099852932,46.43278324369929,69.29370173947167,2.945175749839481,2.59763868117132,3.87657140980075,-1.2789327286294299,1.5170566775808734,527.1075971344304,4901.1124028655695,66.75401729220334,618.2459827077967,593.8616144266338,5519.358385573366,16558.075156720097,727.3696490110405,0.40409424945057804,2182.1089470331212,6546.326841099364,6755.85035098896,20267.55105296688,60802.65315890063,7483.22,22449.66,67348.98,0.9354025,2.911073123656255,14.555365618281277,1.4066564929102479,2506.0778874701596,1534.4487592930693,971.6291281770904,7518.233662410479,4603.346277879208,2914.887384531271,1581.3227914032914,200.26205187661003,1781.5848432799014,4743.968374209874,600.7861556298301,18672.0,-0.32991336762068446,45.52347529296418
71,71,2025,5NB,5,NB,PM-Late,3,OP,PM,3.0,65,8000,1,6,70,1800,1,6,0.1,0.01,3830.0,473.0,0.0,0.0,0.0,1.0,1.0,1.0,3.66,1.83,0.1933404940923738,0.1933404940923738,30,4.005,0.592,3830.0,473.0,0.0,0.0,0.0,4303.0,5249.0,1.0,1.2,0.4525,5249.0,0.0,1.0,76.60000000000001,3565.73,449.34999999999997,0.0,0.0,0.0,4087.85,0.1868459026045309,0.9342295130226546,,0.1415003362605129,0.1415463814845681,103.58343989669116,517.9171994834558,62.86204439520178,69.56713744599848,0.6736122609900623,2.5874285849367467,2.8634130775062623,-0.2759844925695156,0.12902976233742522,504.55199401419867,3248.8480059858016,63.603866520090676,409.39613347990934,568.1558605342893,3658.2441394657108,10974.732418397132,695.3635935744708,0.38631310754137266,2086.0907807234125,6258.272342170238,4477.03640642553,13431.10921927659,40293.32765782977,5172.400000000001,15517.200000000003,46551.600000000006,0.6465500000000001,0.5605377078135927,2.8026885390679634,0.27051394283496144,461.08224593376315,282.82041819749645,178.2618277362667,1383.2467378012893,848.4612545924894,534.7854832088001,1513.655982042596,190.81159956027204,1704.467581602868,4540.967946127788,572.4347986808161,12909.0,-0.09638305235717848,40.620956822231825
72,72,2025,5SB,5,SB,Night,8,OP,NT,3.0,65,8000,1,6,70,1800,1,6,0.1,0.01,1525.0,188.0,0.0,0.0,0.0,1.0,1.0,1.0,3.66,1.83,0.1933404940923738,0.1933404940923738,30,4.009,0.708,1525.0,188.0,0.0,0.0,0.0,1713.0,2089.0,1.0,1.2,0.18008620689655172,2089.0,0.0,1.0,30.5,1419.7749999999999,178.6,0.0,0.0,0.0,1627.35,0.13140577615489304,0.6570288807744652,,0.19332292542168772,0.19332219789785207,101.68689470022315,508.4344735011157,64.99378065012824,69.99042981926347,0.0,2.5717801771587148,2.769495760970859,-0.19771558381214405,0.00036303868392250466,274.4750564405767,1220.0249435594233,34.52734454455638,153.47265545544363,309.0024009851331,1373.4975990148669,10987.980792118935,378.0570900742458,0.21003171670791435,3024.4567205939666,9073.370161781899,1680.442909925754,13443.543279406033,40330.6298382181,2058.5,16468.0,49404.0,0.2573125,0.39421732846467916,1.9710866423233955,0.19013790890182447,176.2592111068688,108.20282348019617,68.05638762667263,1410.0736888549504,865.6225878415694,544.451101013381,2195.8004515246134,276.218756356451,2472.0192078810646,6587.40135457384,828.6562690693531,13704.0,-0.07139046269665854,39.87721360793065
73,73,2025,5SB,5,SB,AM-Early,1,OP,AM,3.0,65,8000,1,6,70,1800,1,6,0.1,0.01,4818.0,595.0,0.0,0.0,0.0,1.0,1.0,1.0,3.66,1.83,0.1933404940923738,0.1933404940923738,30,3.82,0.715,4818.0,595.0,0.0,0.0,0.0,5413.0,6603.0,1.0,1.2,0.5692241379310344,6603.0,0.0,1.0,96.36,4485.558,565.25,0.0,0.0,0.0,5142.349999999999,0.4734733829352821,2.3673669146764107,,0.10606400162876368,0.10620128357162575,111.19326045015549,555.9663022507774,55.61366151515169,69.62916511628566,1.562406278393972,2.5851236288613713,3.236614801040565,-0.6514911721791936,0.64031612357942,475.756231017914,4245.883768982087,60.03027553886146,534.9697244611385,535.7865065567754,4780.8534934432255,4780.8534934432255,655.8470576344984,0.3643594764636102,655.8470576344984,1967.541172903495,5850.792942365502,5850.792942365502,17552.37882709651,6506.64,6506.64,19519.920000000006,0.81333,1.4204201488058463,7.102100744029232,0.6856678842158775,1102.1148010266018,675.773736457774,426.3410645688278,1102.1148010266018,675.773736457774,426.3410645688278,475.756231017914,60.03027553886146,535.7865065567754,1427.268693053742,180.09082661658437,5413.0,-0.20128783072046155,43.60520017653156
74,74,2025,5SB,5,SB,AM-Peak,2,Peak,AM,3.0,65,8000,1,6,70,1800,1,6,0.1,0.01,3481.0,430.0,0.0,0.0,0.0,1.0,1.0,1.0,3.66,1.83,0.1933404940923738,0.1933404940923738,30,3.82,0.715,3481.0,430.0,0.0,0.0,0.0,3911.0,4771.0,1.0,1.2,0.41129310344827585,4771.0,0.0,1.0,69.62,3240.811,408.5,0.0,0.0,0.0,3715.45,0.1443497195606605,0.7217485978033025,,0.15321659491123316,0.153244310317957,94.73852810732183,473.6926405366091,63.86517008577012,69.62395704915632,0.6897083859572173,2.585317003354396,2.818437651669326,-0.23312064831492973,0.06741342894082261,496.54602617086846,2914.8339738291315,62.60030076488543,367.39969923511455,559.1463269357539,3282.233673064246,6564.467346128492,684.3469284655248,0.3801927380364027,1368.6938569310496,4106.081570793149,4017.0330715344753,8034.066143068951,24102.198429206852,4701.38,9402.76,28208.28,0.5876725,0.4330491586819815,2.165245793409907,0.20899351975761674,350.57387677753894,215.02883888017575,135.5450378973632,701.1477535550779,430.0576777603515,271.0900757947264,993.0920523417369,125.20060152977086,1118.2926538715078,2979.2761570252105,375.60180458931256,7822.0,-0.08271272141743326,37.15236396365562
75,75,2025,5SB,5,SB,AM-Shoulder,1,OP,AM,3.0,65,8000,1,6,70,1800,1,6,0.1,0.01,3793.0,469.0,0.0,0.0,0.0,1.0,1.0,1.0,3.66,1.83,0.1933404940923738,0.1933404940923738,30,3.82,0.715,3793.0,469.0,0.0,0.0,0.0,4262.0,5200.0,1.0,1.2,0.4482758620689655,5200.0,0.0,1.0,75.86,3531.283,445.54999999999995,0.0,0.0,0.0,4048.8999999999996,0.17903547507324466,0.8951773753662233,,0.13797648586291625,0.13801500123037938,99.36101114674551,496.8050557337276,62.93022223431481,69.64259774251457,0.723448216947993,2.5846250116272698,2.8603108905254904,-0.2756858788982206,0.12477976617376785,487.2340189274565,3229.9059810725435,61.492583798195525,407.50741620180446,548.726602725652,3637.413397274348,3637.413397274348,671.7117703220431,0.3731732057344684,671.7117703220431,2015.1353109661293,4452.428229677957,4452.428229677957,13357.28468903387,5124.139999999999,5124.139999999999,15372.419999999998,0.6405175,0.537106425219734,2.68553212609867,0.2592893129524744,426.83683145843895,261.6965221515703,165.14030930686866,426.83683145843895,261.6965221515703,165.14030930686866,487.2340189274565,61.492583798195525,548.726602725652,1461.7020567823695,184.47775139458656,4262.0,-0.0963831868107079,38.96510241048844
76,76,2025,5SB,5,SB,MD,5,OP,MD,3.0,65,8000,1,6,70,1800,1,6,0.1,0.01,4637.0,573.0,0.0,0.0,0.0,1.0,1.0,1.0,3.66,1.83,0.1933404940923738,0.1933404940923738,30,3.823,0.708,4637.0,573.0,0.0,0.0,0.0,5210.0,6356.0,1.0,1.2,0.5479310344827586,6356.0,0.0,1.0,92.74,4317.047,544.35,0.0,0.0,0.0,4949.5,0.38927818996776403,1.94639094983882,,0.1101337436631317,0.11024229618772104,108.87735736301532,544.3867868150766,57.476260963014006,69.64073313140463,1.4250464837344383,2.58469421423751,3.1317277252225932,-0.5470335109850835,0.49662082970879934,475.45254767969163,4068.8074523203086,60.01039392978595,512.989606070214,535.4629416094776,4581.797058390523,22908.985291952613,655.4837294690494,0.3641576274828052,3277.4186473452473,9832.255942035743,5607.776270530951,28038.881352654753,84116.64405796427,6263.26,31316.3,93948.90000000001,0.7829075,1.1678345699032922,5.83917284951646,0.5637869054207707,905.6609844525308,555.2499215289372,350.41106292359353,4528.304922262654,2776.249607644686,1752.0553146179677,2377.262738398458,300.05196964892974,2677.3147080473877,7131.7882151953745,900.1559089467892,26050.0,-0.17467467129384692,42.69700288745699
77,77,2025,5SB,5,SB,PM-Shoulder,1,OP,PM,3.0,65,8000,1,6,70,1800,1,6,0.1,0.01,4858.0,600.0,0.0,0.0,0.0,1.0,1.0,1.0,3.66,1.83,0.1933404940923738,0.1933404940923738,30,4.005,0.592,4858.0,600.0,0.0,0.0,0.0,5458.0,6658.0,1.0,1.2,0.5739655172413793,6658.0,0.0,1.0,97.16,4522.798,570.0,0.0,0.0,0.0,5185.099999999999,0.484542424545284,2.42271212272642,,0.11093423360371538,0.11109206586812533,112.99897697372977,564.9948848686489,55.45771608471476,69.50750915186156,1.4761514958042246,2.5896482581001714,3.2457160645606096,-0.6560678064604382,0.6527848546018811,501.73312987441665,4259.106870125584,63.322477544831436,536.6775224551685,565.0556074192481,4795.784392580752,4795.784392580752,691.7005625089109,0.3842780902827283,691.7005625089109,2075.101687526733,5869.139437491089,5869.139437491089,17607.418312473266,6560.84,6560.84,19682.52,0.820105,1.453627273635852,7.26813636817926,0.7017417684323137,1189.569363638935,729.3329616721311,460.2364019668039,1189.569363638935,729.3329616721311,460.2364019668039,501.73312987441665,63.322477544831436,565.0556074192481,1505.19938962325,189.96743263449432,5458.0,-0.2021334563500254,44.31332430342344
78,78,2025,5SB,5,SB,PM-Peak,3,Peak,PM,3.0,65,8000,1,6,70,1800,1,6,0.1,0.01,4919.0,608.0,0.0,0.0,0.0,1.0,1.0,1.0,3.66,1.83,0.1933404940923738,0.1933404940923738,30,4.005,0.592,4919.0,608.0,0.0,0.0,0.0,5527.0,6743.0,1.0,1.2,0.5812931034482759,6743.0,0.0,1.0,98.38,4579.589,577.6,0.0,0.0,0.0,5250.65,0.5162853672639932,2.581426836319966,,0.10986116220828228,0.1100316242129247,113.37247264513002,566.86236322565,54.76359336837568,69.49510340036333,2.3704680570616006,2.590110542940194,3.286855170171221,-0.6967446272310274,0.7091454292884191,503.11896997626525,4317.5010300237345,63.55426614538531,544.4457338546147,566.6732361216506,4861.946763878349,14585.840291635046,693.7817684124211,0.3854343157846784,2081.3453052372633,6244.03591571179,5950.838231587579,17852.514694762736,53557.54408428821,6644.62,19933.86,59801.58,0.8305775,1.5488561017919795,7.744280508959898,0.7478977713551571,1271.4409511459914,779.2588865750341,492.1820645709574,3814.322853437974,2337.7766597251025,1476.546193712872,1509.3569099287956,190.66279843615592,1700.0197083649516,4528.070729786386,571.9883953084677,16581.0,-0.2119791080404471,44.45979319416863
79,79,2025,5SB,5,SB,PM-Late,3,OP,PM,3.0,65,8000,1,6,70,1800,1,6,0.1,0.01,3555.0,439.0,0.0,0.0,0.0,1.0,1.0,1.0,3.66,1.83,0.1933404940923738,0.1933404940923738,30,4.005,0.592,3555.0,439.0,0.0,0.0,0.0,3994.0,4872.0,1.0,1.2,0.42,4872.0,0.0,1.0,71.10000000000001,3309.705,417.04999999999995,0.0,0.0,0.0,3794.2999999999997,0.15507238450163294,0.7753619225081647,,0.15440135260686064,0.15443619416242907,100.21932904205491,501.0966452102745,63.72594272869717,69.55570617714933,0.43306380801702504,2.587853820958462,2.824595326369995,-0.23674150541153294,0.07584944328073921,511.0229287296897,2972.8770712703104,64.40761477544103,374.59238522455894,575.4305435051307,3347.4694564948695,10042.408369484609,704.2457730560128,0.3912476516977849,2112.7373191680385,6338.211957504116,4096.654226943987,12289.96268083196,36869.888042495884,4800.9,14402.699999999999,43208.1,0.6001124999999999,0.4652171535048988,2.326085767524494,0.22450104112073496,387.5542683287167,237.736632279363,149.8176360493537,1162.6628049861501,713.209896838089,449.45290814806106,1533.068786189069,193.2228443263231,1726.2916305153922,4599.206358567207,579.6685329789693,11982.0,-0.08381430897422722,39.30169766355094
80,80,2025,6NB,6,NB,Night,8,OP,NT,4.4,65,10000,1,6,70,1800,1,6,0.1,0.01,1452.0,179.0,0.0,0.0,0.0,1.0,1.0,1.0,3.66,1.83,0.16057091882247995,0.16057091882247995,30,4.009,0.708,1452.0,179.0,0.0,0.0,0.0,1631.0,1989.0,1.0,1.2,0.14625,1989.0,0.0,1.0,29.04,1351.812,170.04999999999998,0.0,0.0,0.0,1549.4499999999998,0.14374977176711257,0.7187488588355628,,0.16056071542570682,0.16055950972154992,111.20709541929716,556.0354770964858,64.99848543036082,69.9974374697152,0.0,3.771566639339064,4.061633101941257,-0.29006646260219293,0.00012965735182952855,217.04790184105556,1205.9120981589444,27.30314462814956,151.69685537185043,244.35104646920513,1357.608953530795,10860.87162824636,298.9573357255042,0.16608740873639122,2391.6586858040337,10523.29821753775,1661.0026642744956,13288.021314195965,58467.29378246225,1959.9599999999998,15679.679999999998,68990.592,0.19599599999999998,0.6324989957752953,3.162494978876477,0.20799866065927614,223.62863774366375,137.2825799496025,86.34605779406124,1789.02910194931,1098.26063959682,690.7684623524899,1736.3832147284445,218.42515702519648,1954.808371753641,7640.086144805156,961.0706909108646,13048.0,-0.07141621493668537,29.734517491790683
81,81,2025,6NB,6,NB,AM-Early,1,OP,AM,4.4,65,10000,1,6,70,1800,1,6,0.1,0.01,3969.0,491.0,0.0,0.0,0.0,1.0,1.0,1.0,3.66,1.83,0.16057091882247995,0.16057091882247995,30,3.82,0.715,3969.0,491.0,0.0,0.0,0.0,4460.0,5442.0,1.0,1.2,0.4001470588235294,5442.0,0.0,1.0,79.38,3695.1389999999997,466.45,0.0,0.0,0.0,4237.0,0.13858441140447653,0.6929220570223826,,0.13696922493950345,0.1370150435882192,99.68313552959255,498.4156776479628,64.26727821813661,69.54922234617392,0.30003797581390085,3.795872780373702,4.107844727824457,-0.31197194745075496,0.0634395848118124,506.12032487373176,3383.499675126268,63.910667081724846,427.08933291827515,570.0309919554566,3810.589008044543,3810.589008044543,697.8523261189063,0.3876957367327257,697.8523261189063,3070.550234923188,4664.767673881093,4664.767673881093,20524.977765076812,5362.62,5362.62,23595.528,0.536262,0.6097714101796967,3.048857050898484,0.20073557374464907,503.47219217860413,308.61770421886166,194.85448795974244,503.47219217860413,308.61770421886166,194.85448795974244,506.12032487373176,63.910667081724846,570.0309919554566,2226.92942944442,281.20693515958936,4460.0,-0.07594540887527107,26.653244794008703
82,82,2025,6NB,6,NB,AM-Peak,2,Peak,AM,4.4,65,10000,1,6,70,1800,1,6,0.1,0.01,4348.0,537.0,0.0,0.0,0.0,1.0,1.0,1.0,3.66,1.83,0.16057091882247995,0.16057091882247995,30,3.82,0.715,4348.0,537.0,0.0,0.0,0.0,4885.0,5959.0,1.0,1.2,0.43816176470588236,5959.0,0.0,1.0,86.96000000000001,4047.988,510.15,0.0,0.0,0.0,4640.75,0.16352806748061585,0.8176403374030793,,0.12389386905827901,0.12395460613147273,104.16878047958288,520.8439023979145,63.640142669980136,69.54591083298845,1.0389614756463026,3.796053525475923,4.148325081058188,-0.3522715555822655,0.11889766874202498,501.5208952214847,3759.519104778515,63.23544231797081,473.7645576820292,564.7563375394554,4233.283662460544,8466.567324921089,691.2272221753972,0.3840151234307762,1382.4544443507943,6082.799555143496,5180.812777824603,10361.625555649205,45591.1524448565,5872.04,11744.08,51673.952,0.587204,0.7195234969147098,3.5976174845735494,0.2367686421581318,588.3530012334323,360.85606830555844,227.4969329278739,1176.7060024668647,721.7121366111169,454.9938658557478,1003.0417904429694,126.47088463594162,1129.512675078911,4413.383877949065,556.4718923981432,9770.0,-0.08491898505996671,27.852615101492752
83,83,2025,6NB,6,NB,AM-Shoulder,1,OP,AM,4.4,65,10000,1,6,70,1800,1,6,0.1,0.01,4165.0,515.0,0.0,0.0,0.0,1.0,1.0,1.0,3.66,1.83,0.16057091882247995,0.16057091882247995,30,3.82,0.715,4165.0,515.0,0.0,0.0,0.0,4680.0,5710.0,1.0,1.2,0.4198529411764706,5710.0,0.0,1.0,83.3,3877.615,489.25,0.0,0.0,0.0,4446.0,0.15019162666812563,0.7509581333406281,,0.12988096513661865,0.12993378864026423,102.05222588398547,510.26112941992733,63.98135549280163,69.5478155266033,0.4895942094838738,3.7959495636353267,4.126202046933844,-0.330252483298517,0.08858911199167259,503.6283786282295,3578.0716213717706,63.57010609224927,451.42989390775074,567.1984847204787,4029.5015152795213,4029.5015152795213,694.3386969049773,0.3857437205027652,694.3386969049773,3055.0902663819,4932.361303095023,4932.361303095023,21702.389733618103,5626.7,5626.7,24757.480000000003,0.56267,0.6608431573397529,3.304215786698764,0.21752394788309112,542.8687159707049,332.81936785857965,210.0493481121253,542.8687159707049,332.81936785857965,210.0493481121253,503.6283786282295,63.57010609224927,567.1984847204787,2215.96486596421,279.7084668058968,4680.0,-0.08003788460720813,27.286691412830336
84,84,2025,6NB,6,NB,MD,5,OP,MD,4.4,65,10000,1,6,70,1800,1,6,0.1,0.01,4597.0,568.0,0.0,0.0,0.0,1.0,1.0,1.0,3.66,1.83,0.16057091882247995,0.16057091882247995,30,3.823,0.708,4597.0,568.0,0.0,0.0,0.0,5165.0,6301.0,1.0,1.2,0.4633088235294118,6301.0,0.0,1.0,91.94,4279.807,539.6,0.0,0.0,0.0,4906.75,0.18558742717365914,0.9279371358682957,,0.1167675143724848,0.11684184738750508,106.27292064579716,531.3646032289859,63.03070372938656,69.53665509867746,0.8970309749353215,3.7965588023376338,4.1884349115543245,-0.3918761092166907,0.17384813652173203,499.742425383961,4005.317574616039,63.047860850297745,504.95213914970225,562.7902862342587,4510.2697137657415,22551.348568828707,688.8860079348542,0.3827144488526968,3444.430039674271,15155.492174566794,5520.173992065145,27600.869960325726,121443.82782543321,6209.0599999999995,31045.299999999996,136599.32,0.620906,0.8165846795641003,4.082923397820502,0.26875084040385266,665.50159454496,408.0820082967481,257.4195862482119,3327.5079727248,2040.4100414837403,1287.0979312410595,2498.712126919805,315.2393042514887,2813.9514311712937,10994.333358447144,1387.0529387065503,25825.0,-0.09356146567674985,28.415219424009937
85,85,2025,6NB,6,NB,PM-Shoulder,1,OP,PM,4.4,65,10000,1,6,70,1800,1,6,0.1,0.01,5439.0,672.0,0.0,0.0,0.0,1.0,1.0,1.0,3.66,1.83,0.16057091882247995,0.16057091882247995,30,4.005,0.592,5439.0,672.0,0.0,0.0,0.0,6111.0,7455.0,1.0,1.2,0.5481617647058824,7455.0,0.0,1.0,108.78,5063.709,638.4,0.0,0.0,0.0,5805.45,0.3301307065707449,1.6506535328537244,,0.10212761406510071,0.10230628962837272,116.23371693651195,581.1685846825596,59.420006712880195,69.37145314555083,1.5319188670103656,3.8055999698621243,4.442948000252817,-0.6373480303906924,0.5225310680386657,517.144518489977,4813.075481510024,65.31233529875314,606.6876647012468,582.4568537887302,5419.76314621127,5419.76314621127,713.0815243862364,0.396156402436798,713.0815243862364,3137.5587072994404,6633.138475613764,6633.138475613764,29185.809292700564,7346.22,7346.22,32323.368000000002,0.734622,1.4525751089112777,7.262875544556388,0.47820421457196516,1225.5466180676299,751.1912552684487,474.3553627991811,1225.5466180676299,751.1912552684487,474.3553627991811,517.144518489977,65.31233529875314,582.4568537887302,2275.4358813558993,287.37427531451385,6111.0,-0.14345160698581785,31.078533940243837
86,86,2025,6NB,6,NB,PM-Peak,3,Peak,PM,4.4,65,10000,1,6,70,1800,1,6,0.1,0.01,5409.0,668.0,0.0,0.0,0.0,1.0,1.0,1.0,3.66,1.83,0.16057091882247995,0.16057091882247995,30,4.005,0.592,5409.0,668.0,0.0,0.0,0.0,6077.0,7413.0,1.0,1.2,0.5450735294117647,7413.0,0.0,1.0,108.18,5035.7789999999995,634.6,0.0,0.0,0.0,5773.15,0.32264002931822344,1.6132001465911172,,0.10260826399841583,0.10278184845964382,116.05213991522099,580.2606995761049,59.60525259623007,69.37731003326813,2.3560864768391205,3.8052786980845106,4.4291398576624355,-0.6238611595779249,0.5036139126898441,516.7125410696784,4784.107458930322,65.22536103248997,602.77463896751,581.9379021021684,5386.882097897832,16160.646293693495,712.3886241671484,0.395771457870638,2137.165872501445,9403.529839006358,6592.431375832852,19777.294127498557,87020.09416099366,7304.82,21914.460000000003,96423.62400000001,0.730482,1.4196161290001832,7.098080645000916,0.46728991254318386,1196.508330067099,733.533457359185,462.974872707914,3589.524990201297,2200.600372077555,1388.924618123742,1550.1376232090352,195.67608309746993,1745.813706306505,6820.605542119755,860.9747656288678,18231.0,-0.14085379546067883,31.029983934551066
87,87,2025,6NB,6,NB,PM-Late,3,OP,PM,4.4,65,10000,1,6,70,1800,1,6,0.1,0.01,3740.0,462.0,0.0,0.0,0.0,1.0,1.0,1.0,3.66,1.83,0.16057091882247995,0.16057091882247995,30,4.005,0.592,3740.0,462.0,0.0,0.0,0.0,4202.0,5126.0,1.0,1.2,0.37691176470588234,5126.0,0.0,1.0,74.8,3481.9399999999996,438.9,0.0,0.0,0.0,3991.8999999999996,0.13184459528473086,0.6592229764236543,,0.14996448950860386,0.15001048288864255,101.33895984799271,506.6947992399635,64.52772072703429,69.48621475002493,-0.005278692728691469,3.7993147410566825,4.091264917240375,-0.29195017618369246,0.04072524431162137,522.1673545995881,3143.0326454004116,65.83960093982522,396.16039906017477,588.0069555394133,3539.1930444605864,10617.57913338176,719.6861574190636,0.3998256430105909,2159.058472257191,9499.857277931642,4331.513842580936,12994.54152774281,57175.982722068366,5051.2,15153.6,66675.84000000001,0.50512,0.5801162192528159,2.9005810962640792,0.19089556709955385,493.8908534391852,302.9177515675575,190.97310187162773,1481.6725603175555,908.7532547026725,572.9193056148832,1566.502063798764,197.51880281947564,1764.0208666182398,6892.609080714563,869.0827324056929,12606.0,-0.07135939179920366,27.095978568982005
88,88,2025,6SB,6,SB,Night,8,OP,NT,4.4,65,10000,1,6,70,1800,1,6,0.1,0.01,1489.0,184.0,0.0,0.0,0.0,1.0,1.0,1.0,3.66,1.83,0.16057091882247995,0.16057091882247995,30,4.009,0.708,1489.0,184.0,0.0,0.0,0.0,1673.0,2041.0,1.0,1.2,0.15007352941176472,2041.0,0.0,1.0,29.78,1386.259,174.79999999999998,0.0,0.0,0.0,1589.35,0.14374147902340303,0.7187073951170152,,0.16057083775601072,0.16057083106262984,111.2034757889615,556.0173789448075,64.99823191770506,69.99700811987523,0.0,3.771589773492601,4.061648943532082,-0.29005917003948056,0.0001513603312600673,222.59276897680968,1236.6272310231905,28.067781269747694,155.93221873025232,250.66055024655736,1392.5594497534428,11140.475598027542,306.79611278605273,0.1704422848811404,2454.368902288422,10799.223170069057,1704.4238872139474,13635.39109771158,59995.72082993096,2011.2200000000003,16089.760000000002,70794.94400000002,0.20112200000000002,0.6324625077029734,3.162312538514867,0.20812343922656132,229.54067750123755,140.78158086362168,88.75909663761587,1836.3254200099004,1126.2526469089735,710.072773100927,1780.7421518144774,224.54225015798156,2005.284401972459,7835.2654679837015,987.985900695119,13384.0,-0.0714141409245576,29.73354967619291
89,89,2025,6SB,6,SB,AM-Early,1,OP,AM,4.4,65,10000,1,6,70,1800,1,6,0.1,0.01,4705.0,581.0,0.0,0.0,0.0,1.0,1.0,1.0,3.66,1.83,0.16057091882247995,0.16057091882247995,30,3.82,0.715,4705.0,581.0,0.0,0.0,0.0,5286.0,6448.0,1.0,1.2,0.47411764705882353,6448.0,0.0,1.0,94.10000000000001,4380.355,551.9499999999999,0.0,0.0,0.0,5021.7,0.19911796374598809,0.9955898187299405,,0.11371726866849921,0.11379882078489428,108.04133586778077,540.2066793389039,62.70648989057684,69.53725683376867,1.0028252182542152,3.7965259491196437,4.210090541835166,-0.4135645927155225,0.20351635000648433,498.1220063984038,4112.777993601596,62.81125913222239,518.1887408677776,560.9332655306262,4630.9667344693735,4630.9667344693735,686.555783795071,0.38141987988615056,686.555783795071,3020.8454486983123,5667.344216204929,5667.344216204929,24936.31455130169,6353.9,6353.9,27957.160000000003,0.63539,0.8761190404823477,4.3805952024117385,0.2883039741844927,711.5648747009652,436.4141742889114,275.1507004120539,711.5648747009652,436.4141742889114,275.1507004120539,498.1220063984038,62.81125913222239,560.9332655306262,2191.736828152977,276.3695401817785,5286.0,-0.09823175739475923,28.88805771865796
90,90,2025,6SB,6,SB,AM-Peak,2,Peak,AM,4.4,65,10000,1,6,70,1800,1,6,0.1,0.01,3399.0,420.0,0.0,0.0,0.0,1.0,1.0,1.0,3.66,1.83,0.16057091882247995,0.16057091882247995,30,3.82,0.715,3399.0,420.0,0.0,0.0,0.0,3819.0,4659.0,1.0,1.2,0.3425735294117647,4659.0,0.0,1.0,67.98,3164.469,399.0,0.0,0.0,0.0,3628.0499999999997,0.1168796201071682,0.584398100535841,,0.16054321435940322,0.1605708314391742,92.6935964104296,463.467982052148,64.7507691820086,69.57951462259855,-0.34002238157180303,3.794220201620322,4.077171643442871,-0.2829514418225494,0.021417459209040642,508.03402500068637,2822.9859749993134,64.06776174423051,355.9322382557695,572.1017867449169,3178.9182132550827,6357.836426510165,700.2373102333779,0.3890207279074322,1400.4746204667558,6162.088330053726,3890.782689766622,7781.565379533244,34238.88766994628,4591.0199999999995,9182.039999999999,40400.976,0.45910199999999995,0.5142703284715401,2.5713516423577003,0.16923544787962014,426.0075692950305,261.2668249118216,164.74074438320895,852.015138590061,522.5336498236431,329.4814887664179,1016.0680500013727,128.13552348846102,1144.2035734898338,4470.699420006041,563.7963033492285,7638.0,-0.06939895264836526,24.784384066959785
91,91,2025,6SB,6,SB,AM-Shoulder,1,OP,AM,4.4,65,10000,1,6,70,1800,1,6,0.1,0.01,3704.0,458.0,0.0,0.0,0.0,1.0,1.0,1.0,3.66,1.83,0.16057091882247995,0.16057091882247995,30,3.82,0.715,3704.0,458.0,0.0,0.0,0.0,4162.0,5078.0,1.0,1.2,0.37338235294117644,5078.0,0.0,1.0,74.08,3448.424,435.09999999999997,0.0,0.0,0.0,3953.8999999999996,0.12631772564675142,0.631588628233757,,0.14777872558879346,0.14781692596631096,96.3228109054589,481.61405452729446,64.54708831860714,69.55130386628956,0.042834558432787696,3.7957591781102,4.090037318134087,-0.29427814002388697,0.03904343353600684,509.60370400980946,3120.3162959901906,64.3151444879419,393.6848555120581,573.9188484977514,3514.001151502249,3514.001151502249,702.5491374736351,0.3903050763742417,702.5491374736351,3091.216204883995,4301.370862526364,4301.370862526364,18926.031795116003,5003.919999999999,5003.919999999999,22017.248,0.500392,0.5557979928457063,2.7789899642285314,0.18293996621350883,461.967856915288,283.23671583538953,178.73114107989846,461.967856915288,283.23671583538953,178.73114107989846,509.60370400980946,64.3151444879419,573.9188484977514,2242.256297643162,282.98663574694433,4162.0,-0.07194998899377754,25.75476227418687
92,92,2025,6SB,6,SB,MD,5,OP,MD,4.4,65,10000,1,6,70,1800,1,6,0.1,0.01,4528.0,560.0,0.0,0.0,0.0,1.0,1.0,1.0,3.66,1.83,0.16057091882247995,0.16057091882247995,30,3.823,0.708,4528.0,560.0,0.0,0.0,0.0,5088.0,6208.0,1.0,1.2,0.45647058823529413,6208.0,0.0,1.0,90.56,4215.567999999999,532.0,0.0,0.0,0.0,4833.599999999999,0.1786294053099836,0.8931470265499181,,0.11866969421160534,0.11873992355376597,105.55313487833106,527.7656743916552,63.215075377748,69.5384098982446,0.8328808165081214,3.796462996296732,4.1762190177333745,-0.37975602143664267,0.15711236198703063,500.2601654882286,3937.1798345117713,63.1696393306035,496.8303606693965,563.429804818832,4434.010195181168,22170.050975905837,689.7690834800392,0.38320504637779956,3448.845417400196,15174.919836560863,5427.670916519961,27138.354582599804,119408.76016343915,6117.4400000000005,30587.2,134583.68000000002,0.6117440000000001,0.785969383363928,3.9298469168196397,0.2587384447023896,641.4361861503005,393.1891737903196,248.24701235998083,3207.1809307515023,1965.9458689515982,1241.235061799904,2501.300827441143,315.8481966530175,2817.1490240941607,11005.723640741031,1389.7320652732772,25440.0,-0.09093297545557218,28.222763336452154
93,93,2025,6SB,6,SB,PM-Shoulder,1,OP,PM,4.4,65,10000,1,6,70,1800,1,6,0.1,0.01,4744.0,586.0,0.0,0.0,0.0,1.0,1.0,1.0,3.66,1.83,0.16057091882247995,0.16057091882247995,30,4.005,0.592,4744.0,586.0,0.0,0.0,0.0,5330.0,6502.0,1.0,1.2,0.47808823529411765,6502.0,0.0,1.0,94.88,4416.664,556.6999999999999,0.0,0.0,0.0,5063.5,0.20550111358710296,1.0275055679355147,,0.11610325439873745,0.11619847244718336,111.25172003299922,556.2586001649961,62.627784290310714,69.45767335560417,0.9441206456885957,3.8008759471166367,4.215381447573327,-0.41450550045669,0.21076489086776476,512.7890639857453,4136.330936014255,64.68768961134697,521.312310388653,577.4767535970923,4657.643246402908,4657.643246402908,706.8521328197862,0.39269562934432567,706.8521328197862,3110.1493844070596,5700.267867180214,5700.267867180214,25081.178615592944,6407.120000000001,6407.120000000001,28191.328000000005,0.6407120000000001,0.9042048997832531,4.521024498916265,0.29758026425562334,756.1210137223699,463.66638421117904,292.45462951119083,756.1210137223699,463.66638421117904,292.45462951119083,512.7890639857453,64.68768961134697,577.4767535970923,2256.2718815372796,284.6258342899267,5330.0,-0.09833167071874571,29.746449206684286
94,94,2025,6SB,6,SB,PM-Peak,3,Peak,PM,4.4,65,10000,1,6,70,1800,1,6,0.1,0.01,4804.0,594.0,0.0,0.0,0.0,1.0,1.0,1.0,3.66,1.83,0.16057091882247995,0.16057091882247995,30,4.005,0.592,4804.0,594.0,0.0,0.0,0.0,5398.0,6586.0,1.0,1.2,0.48426470588235293,6586.0,0.0,1.0,96.08,4472.523999999999,564.3,0.0,0.0,0.0,5128.099999999999,0.2132450114770112,1.066225057385056,,0.11459694640917756,0.11469715536723801,111.75964292766213,558.7982146383107,62.4219728210073,69.45340573437512,1.5612915950726727,3.801109495042896,4.229279980576876,-0.42817048553397985,0.22980588108262723,512.5375931417603,4195.38240685824,64.7236047737324,529.2763952262676,577.2611979154927,4724.658802084507,14173.976406253521,706.7084074629576,0.3926157819238653,2120.1252223888728,9328.55097851104,5783.211592537043,17349.63477761113,76338.39302148897,6489.92,19469.760000000002,85666.94400000002,0.648992,0.9382780504988493,4.691390252494247,0.30888272897922675,784.5464622422016,480.90277370042327,303.6436885417783,2353.639386726605,1442.7083211012698,910.9310656253349,1537.6127794252811,194.1708143211972,1731.7835937464783,6765.496229471238,854.3515830132678,16194.0,-0.10123956973772572,29.882257467289342
95,95,2025,6SB,6,SB,PM-Late,3,OP,PM,4.4,65,10000,1,6,70,1800,1,6,0.1,0.01,3472.0,429.0,0.0,0.0,0.0,1.0,1.0,1.0,3.66,1.83,0.16057091882247995,0.16057091882247995,30,4.005,0.592,3472.0,429.0,0.0,0.0,0.0,3901.0,4759.0,1.0,1.2,0.3499264705882353,4759.0,0.0,1.0,69.44,3232.432,407.54999999999995,0.0,0.0,0.0,3705.95,0.1240886392949813,0.6204431964749065,,0.16048379168763185,0.1605196168484389,98.7304135532478,493.652067766239,64.71694100055741,69.52368218630083,-0.22111255021258042,3.797267228921592,4.079302821153524,-0.282035592231932,0.024337172672635146,518.7529437324351,2883.807056267565,65.41976984658127,363.5802301534187,584.1727135790164,3247.3872864209834,9742.16185926295,715.0122532721789,0.3972290295956549,2145.0367598165367,9438.161743192763,3974.547746727821,11923.643240183463,52464.03025680724,4689.5599999999995,14068.68,61902.191999999995,0.46895599999999993,0.5459900128979178,2.729950064489589,0.17967391422860812,461.8266313508737,283.2339264393051,178.5927049115686,1385.4798940526211,849.7017793179152,535.7781147347058,1556.2588311973054,196.2593095397438,1752.5181407370492,6847.538857268144,863.5409619748729,11703.0,-0.06913818478231519,26.398506297659836
96,96,2025,7NB,7,NB,Night,8,OP,NT,5.6,65,6000,1,6,70,1800,1,6,0.1,0.01,663.0,82.0,0.0,0.0,0.0,1.0,1.0,1.0,3.66,1.83,0.24291497975708504,0.24291497975708504,30,4.009,0.708,663.0,82.0,0.0,0.0,0.0,745.0,909.0,1.0,1.2,0.0946875,909.0,0.0,1.0,13.26,617.2529999999999,77.89999999999999,0.0,0.0,0.0,707.75,0.1166585479671228,0.583292739835614,,0.24291482124489172,0.24291468353986598,90.23604533360351,451.18022666801755,64.99983284971614,69.9997668522652,0.0,4.800015987326493,5.1692440621632665,-0.3692280748367738,1.8211317520882287e-05,149.93990215787312,499.8000978421269,18.923053847755558,63.076946152244446,168.8629560056287,562.8770439943713,4503.016351954971,206.7090637011398,0.11483836872285544,1653.6725096091184,9260.566053811062,689.0309362988603,5512.247490390882,30868.585946188938,895.7400000000001,7165.920000000001,40129.152,0.14929000000000003,0.6532878686158876,3.2664393430794383,0.16895032438039972,159.76492668071114,97.95391910119166,61.8110075795195,1278.1194134456891,783.6313528095333,494.488060636156,1199.519217262985,151.38443078204446,1350.9036480450295,6717.307616672715,847.752812379449,5960.0,-0.07142786651134755,18.957152381009145
97,97,2025,7NB,7,NB,AM-Early,1,OP,AM,5.6,65,6000,1,6,70,1800,1,6,0.1,0.01,1357.0,168.0,0.0,0.0,0.0,1.0,1.0,1.0,3.66,1.83,0.24291497975708504,0.24291497975708504,30,3.82,0.715,1357.0,168.0,0.0,0.0,0.0,1525.0,1861.0,1.0,1.2,0.19385416666666666,1861.0,0.0,1.0,27.14,1263.3669999999997,159.6,0.0,0.0,0.0,1448.75,0.10000000061136512,0.5000000030568256,,0.23020444806218,0.2302052847034833,77.30750304102705,386.53751520513526,64.98651239897497,69.98731665453815,0.0,4.800869872730189,5.170303615266785,-0.36943374253659567,0.0014697990693411757,290.8327029349721,1039.0272970650278,36.740763438675934,131.25923656132406,327.573466373648,1170.286533626352,1170.286533626352,401.05499325099987,0.22280832958388883,401.05499325099987,2245.9079622055992,1432.8050067489999,1432.8050067489999,8023.7080377943985,1833.8599999999997,1833.8599999999997,10269.615999999998,0.30564333333333327,0.5600000034236446,2.800000017118223,0.1448641516307125,265.7404528965214,162.8663146392922,102.8741382572292,265.7404528965214,162.8663146392922,102.8741382572292,290.8327029349721,36.740763438675934,327.573466373648,1628.6631364358436,205.74827525658523,1525.0,-0.07145300741057797,16.241072067442662
98,98,2025,7NB,7,NB,AM-Peak,2,Peak,AM,5.6,65,6000,1,6,70,1800,1,6,0.1,0.01,1703.0,211.0,0.0,0.0,0.0,1.0,1.0,1.0,3.66,1.83,0.24291497975708504,0.24291497975708504,30,3.82,0.715,1703.0,211.0,0.0,0.0,0.0,1914.0,2336.0,1.0,1.2,0.24333333333333335,2336.0,0.0,1.0,34.06,1585.493,200.45,0.0,0.0,0.0,1818.3,0.10000000012128031,0.5000000006064016,,0.230801554964232,0.2308053353714845,77.19815684231935,385.99078421159675,64.94749863672389,69.94968896346396,0.08238416920446645,4.803452380974834,5.173409400712659,-0.369957019737825,0.005724725130188942,365.93424978490503,1303.005750215095,46.26492947521407,164.73507052478593,412.1991792601191,1467.740820739881,2935.481641479762,504.72903821054723,0.2804050212280818,1009.4580764210945,5652.965227958129,1797.210961789453,3594.421923578906,20128.76277204187,2301.94,4603.88,25781.728,0.3836566666666667,0.5600000006791697,2.8000000033958488,0.14489570283894995,334.46498281578636,204.92318012807826,129.5418026877081,668.9299656315727,409.8463602561565,259.0836053754162,731.8684995698101,92.52985895042814,824.3983585202382,4098.463597590936,518.1672101223975,3828.0,-0.07151125903294293,16.218100176957847
99,99,2025,7NB,7,NB,AM-Shoulder,1,OP,AM,5.6,65,6000,1,6,70,1800,1,6,0.1,0.01,2051.0,253.0,0.0,0.0,0.0,1.0,1.0,1.0,3.66,1.83,0.24291497975708504,0.24291497975708504,30,3.82,0.715,2051.0,253.0,0.0,0.0,0.0,2304.0,2810.0,1.0,1.2,0.29270833333333335,2810.0,0.0,1.0,41.02,1909.481,240.35,0.0,0.0,0.0,2188.7999999999997,0.10000000101754998,0.5000000050877499,,0.23200013104220193,0.2320114545884427,76.97914411308169,384.89572056540845,64.84254982730545,69.84324454585985,0.04281281127987121,4.810773070248457,5.181782654982965,-0.37100958473450785,0.01719608348050751,442.9998422225948,1566.980157777405,55.763953110332196,197.23604688966782,498.763795332927,1764.2162046670728,1764.2162046670728,610.2917015535913,0.33905094530755076,610.2917015535913,3417.633528700111,2158.6882984464087,2158.6882984464087,12088.654471299888,2768.98,2768.98,15506.287999999999,0.46149666666666667,0.5600000056982799,2.8000000284913993,0.14472173439078778,404.2189844667134,248.07991416899017,156.1390702977232,404.2189844667134,248.07991416899017,156.1390702977232,442.9998422225948,55.763953110332196,498.763795332927,2480.7991164465307,312.27813741786025,2304.0,-0.07159883179927151,16.172089099386913
100,100,2025,7NB,7,NB,MD,5,OP,MD,5.6,65,6000,1,6,70,1800,1,6,0.1,0.01,2793.0,345.0,0.0,0.0,0.0,1.0,1.0,1.0,3.66,1.83,0.24291497975708504,0.24291497975708504,30,3.823,0.708,2793.0,345.0,0.0,0.0,0.0,3138.0,3828.0,1.0,1.2,0.39875,3828.0,0.0,1.0,55.86,2600.283,327.75,0.0,0.0,0.0,2981.1,0.14166285525414218,0.7083142762707109,,0.18195317070753367,0.18199202910517606,86.97831481277642,434.89157406388205,63.601121445893874,69.74188510657564,1.2187819144807004,4.817764812157624,5.282925715167439,-0.4651609030098145,0.15576207593323693,473.12973658689776,2264.010263413102,59.64788753922146,285.3521124607785,532.7776241261192,2549.362375873881,12746.811879369405,652.0733992045621,0.36226299955809005,3260.3669960228103,18258.055177727736,3120.066600795438,15600.33300397719,87361.86482227225,3772.14,18860.7,105619.91999999998,0.62869,0.7933119894231961,3.9665599471159805,0.2051031325934459,611.9364142301788,375.3394925870246,236.59692164315422,3059.682071150894,1876.697462935123,1182.984608215771,2365.648682934489,298.2394376961073,2663.8881206305964,13247.632624433138,1670.1408510982008,15690.0,-0.08804986632205021,18.272755212768157
101,101,2025,7NB,7,NB,PM-Shoulder,1,OP,PM,5.6,65,6000,1,6,70,1800,1,6,0.1,0.01,3717.0,459.0,0.0,0.0,0.0,1.0,1.0,1.0,3.66,1.83,0.24291497975708504,0.24291497975708504,30,4.005,0.592,3717.0,459.0,0.0,0.0,0.0,4176.0,5094.0,1.0,1.2,0.530625,5094.0,0.0,1.0,74.34,3460.5269999999996,436.04999999999995,0.0,0.0,0.0,3967.2,0.4772923973164297,2.3864619865821486,,0.12649703260496473,0.12671443438456623,107.8480802188809,539.2404010944045,55.28460736797857,69.80092367842879,3.3316254256250786,4.8136898810672495,6.077641064963315,-1.263951183896065,1.244522105153587,437.7463967493607,3204.913603250639,55.2538291133901,403.7461708866099,493.0002258627508,3608.659774137249,3608.659774137249,603.507884089531,0.3352821578275172,603.507884089531,3379.6441509013735,4416.152115910469,4416.152115910469,24730.451849098623,5019.66,5019.66,28110.095999999998,0.83661,2.672837424972006,13.364187124860031,0.6912657886047673,1908.4474635147194,1170.0249518783353,738.4225116363842,1908.4474635147194,1170.0249518783353,738.4225116363842,437.7463967493607,55.2538291133901,493.0002258627508,2451.37982179642,309.4214430349845,4176.0,-0.20796739563686203,22.65715970984893
102,102,2025,7NB,7,NB,PM-Peak,3,Peak,PM,5.6,65,6000,1,6,70,1800,1,6,0.1,0.01,3647.0,451.0,0.0,0.0,0.0,1.0,1.0,1.0,3.66,1.83,0.24291497975708504,0.24291497975708504,30,4.005,0.592,3647.0,451.0,0.0,0.0,0.0,4098.0,5000.0,1.0,1.2,0.5208333333333334,5000.0,0.0,1.0,72.94,3395.357,428.45,0.0,0.0,0.0,3893.1,0.43240773455480835,2.1620386727740417,,0.12923266533997724,0.12942507436203726,107.02966438491383,535.1483219245692,56.30438144708943,69.80050217905207,4.98064139619984,4.813718949157323,5.967564004157424,-1.153845055000101,1.0937165318495174,438.7910348907491,3135.268965109251,55.45217311041486,395.54782688958517,494.2432080011639,3530.8167919988364,10592.450375996508,605.1475542219937,0.3361930856788854,1815.442662665981,10166.478910929492,4321.912445778006,12965.73733733402,72608.1290890705,4927.0599999999995,14781.18,82774.608,0.8211766666666666,2.4214833135069265,12.107416567534633,0.6264656247808615,1733.90772852722,1062.5251691043845,671.3825594228354,5201.72318558166,3187.5755073131536,2014.147678268506,1316.3731046722473,166.35651933124458,1482.7296240034918,7371.689386164585,931.5965082549696,12294.0,-0.1933527741296535,22.48522361027602
103,103,2025,7NB,7,NB,PM-Late,3,OP,PM,5.6,65,6000,1,6,70,1800,1,6,0.1,0.01,2375.0,294.0,0.0,0.0,0.0,1.0,1.0,1.0,3.66,1.83,0.24291497975708504,0.24291497975708504,30,4.005,0.592,2375.0,294.0,0.0,0.0,0.0,2669.0,3257.0,1.0,1.2,0.33927083333333335,3257.0,0.0,1.0,47.5,2211.125,279.3,0.0,0.0,0.0,2535.5499999999997,0.10986800625907382,0.5493400312953691,,0.2337878301391867,0.2338152166725963,84.34882521969293,421.7441260984646,64.62438118376241,69.60456351188385,0.014424346812482584,4.827269693927948,5.199276091241299,-0.37200639731335094,0.041162091154425956,516.9341159165092,1810.5658840834908,65.30459001665615,228.69540998334384,582.2387059331653,2039.2612940668346,6117.783882200503,712.8478859664776,0.3960266033147098,2138.543657899433,11975.844484236824,2496.6521140335226,7489.956342100568,41943.75551576318,3209.5,9628.5,53919.600000000006,0.5349166666666667,0.6152608350508134,3.0763041752540667,0.15915971449888863,518.9460987565398,318.0493158250454,200.89678293149436,1556.8382962696191,954.1479474751363,602.690348794483,1550.8023477495276,195.91377004996843,1746.716117799496,8684.493147397354,1097.1171122798232,8007.0,-0.07154965244873858,17.720341432708597
104,104,2025,7SB,7,SB,Night,8,OP,NT,5.6,65,6000,1,6,70,1800,1,6,0.1,0.01,826.0,102.0,0.0,0.0,0.0,1.0,1.0,1.0,3.66,1.83,0.24291497975708504,0.24291497975708504,30,4.009,0.708,826.0,102.0,0.0,0.0,0.0,928.0,1132.0,1.0,1.2,0.11791666666666667,1132.0,0.0,1.0,16.52,769.006,96.89999999999999,0.0,0.0,0.0,881.5999999999999,0.11666339643072494,0.5833169821536247,,0.24287670213469598,0.2428950015905212,90.24158083690374,451.2079041845186,64.99937639652758,69.99913095867792,0.0,4.8000595921447715,5.169280362787449,-0.3692207706426771,6.794317265022331e-05,186.77364120179402,622.706358798206,23.5365256541215,78.4634743458785,210.31016685591553,701.1698331440845,5609.358665152676,257.3832181641585,0.14299067675786584,2059.065745313268,11530.7681737543,858.0967818358415,6864.774254686732,38442.7358262457,1115.48,8923.84,49973.504,0.18591333333333335,0.6533150200120597,3.2665751000602983,0.16888818544665302,198.90585378315905,122.02202513947532,76.88382864368371,1591.2468302652724,976.1762011158025,615.0706291494697,1494.1891296143522,188.292205232972,1682.4813348473242,8367.459125840373,1054.4363493046433,7424.0,-0.07142595191791473,18.958315301870535
105,105,2025,7SB,7,SB,AM-Early,1,OP,AM,5.6,65,6000,1,6,70,1800,1,6,0.1,0.01,3408.0,421.0,0.0,0.0,0.0,1.0,1.0,1.0,3.66,1.83,0.24291497975708504,0.24291497975708504,30,3.82,0.715,3408.0,421.0,0.0,0.0,0.0,3829.0,4671.0,1.0,1.2,0.4865625,4671.0,0.0,1.0,68.16,3172.848,399.95,0.0,0.0,0.0,3637.5499999999997,0.31418439054621705,1.5709219527310854,,0.1311967479354462,0.13131156132179653,101.56690909504333,507.83454547521666,59.01625040497898,69.85621778096831,2.922811877743273,4.80987964526674,5.693347132261268,-0.8834674869945278,0.7180394173517836,416.2673392934846,2923.5726607065153,52.51805895065252,368.4819410493475,468.7853982441371,3292.0546017558627,3292.0546017558627,573.8215161454422,0.3187897311919123,573.8215161454422,3213.400490414476,4029.018483854558,4029.018483854558,22562.503509585524,4602.84,4602.84,25775.904,0.76714,1.7594325870588154,8.797162935294077,0.454976782168346,1194.404243315495,732.3943216812253,462.0099216342697,1194.404243315495,732.3943216812253,462.0099216342697,416.2673392934846,52.51805895065252,468.7853982441371,2331.097100043514,294.10113012365406,3829.0,-0.15517541201525764,21.337585944336837
106,106,2025,7SB,7,SB,AM-Peak,2,Peak,AM,5.6,65,6000,1,6,70,1800,1,6,0.1,0.01,3398.0,420.0,0.0,0.0,0.0,1.0,1.0,1.0,3.66,1.83,0.24291497975708504,0.24291497975708504,30,3.82,0.715,3398.0,420.0,0.0,0.0,0.0,3818.0,4658.0,1.0,1.2,0.48520833333333335,4658.0,0.0,1.0,67.96000000000001,3163.538,399.0,0.0,0.0,0.0,3627.1,0.30983777261200757,1.549188863060038,,0.13175676185211488,0.13186950668003064,101.37762973604436,506.88814868022183,59.125668837506645,69.85535225592014,4.529583962681975,4.80993924086217,5.682810978822396,-0.8728717379602262,0.7036048871405285,416.8175228761158,2913.2224771238843,52.61593316533222,367.3840668346678,469.43345604144804,3280.6065439585523,6561.2130879171045,574.6653223721124,0.31925851242895137,1149.3306447442249,6436.251610567659,4015.3746776278876,8030.749355255775,44972.19638943234,4590.04,9180.08,51408.448000000004,0.7650066666666666,1.7350915266272422,8.675457633136212,0.4487490779400998,1179.6838510958714,723.2165520921052,456.4672990037662,2359.367702191743,1446.4331041842104,912.9345980075324,833.6350457522316,105.23186633066445,938.8669120828961,4668.356256212496,589.2984514517209,7636.0,-0.15359858725075956,21.297821373118566
107,107,2025,7SB,7,SB,AM-Shoulder,1,OP,AM,5.6,65,6000,1,6,70,1800,1,6,0.1,0.01,2823.0,349.0,0.0,0.0,0.0,1.0,1.0,1.0,3.66,1.83,0.24291497975708504,0.24291497975708504,30,3.82,0.715,2823.0,349.0,0.0,0.0,0.0,3172.0,3870.0,1.0,1.2,0.403125,3870.0,0.0,1.0,56.46,2628.2129999999997,331.55,0.0,0.0,0.0,3013.3999999999996,0.14702502097694026,0.7351251048847013,,0.17841328654259647,0.17845394295329636,88.11496437511215,440.5748218755608,63.47340014901513,69.75273288948411,1.3151809890527952,4.8170155645708785,5.2935560283706256,-0.476540463799747,0.17032560502160324,468.90811906397704,2297.6318809360228,59.16640478616541,289.8335952138346,528.0745238501424,2587.4654761498573,2587.4654761498573,646.4073334224732,0.35911518523470737,646.4073334224732,3619.88106716585,3167.132666577527,3167.132666577527,17735.94293283415,3813.54,3813.54,21355.824,0.63559,0.8233401174708654,4.116700587354327,0.21291679580745418,629.6412391680284,386.07086583317744,243.57037333485098,629.6412391680284,386.07086583317744,243.57037333485098,468.90811906397704,59.16640478616541,528.0745238501424,2625.8854667582714,331.3318668025263,3172.0,-0.09002274864868631,18.511547137628604
108,108,2025,7SB,7,SB,MD,5,OP,MD,5.6,65,6000,1,6,70,1800,1,6,0.1,0.01,2615.0,323.0,0.0,0.0,0.0,1.0,1.0,1.0,3.66,1.83,0.24291497975708504,0.24291497975708504,30,3.823,0.708,2615.0,323.0,0.0,0.0,0.0,2938.0,3584.0,1.0,1.2,0.37333333333333335,3584.0,0.0,1.0,52.300000000000004,2434.5649999999996,306.84999999999997,0.0,0.0,0.0,2791.1,0.12112229149308824,0.6056114574654412,,0.19994543700925577,0.1999754478407133,83.00357805006608,415.0178902503304,64.15954369469253,69.70686065319015,0.7505103584738947,4.820185514761421,5.236944975775987,-0.41675946101456596,0.09276846296694856,486.7801628524387,2075.9198371475613,61.36246616992287,261.63753383007713,548.1426290223616,2337.5573709776386,11687.786854888192,670.8675613622073,0.37270420075678184,3354.3378068110364,18784.2917181418,2860.8324386377926,14304.162193188964,80103.30828185819,3531.7,17658.5,98887.59999999999,0.5886166666666667,0.6782848323612941,3.3914241618064707,0.17535899647203967,538.2817515538784,330.1756011571698,208.10615039670859,2691.4087577693917,1650.878005785849,1040.5307519835428,2433.9008142621933,306.81233084961434,2740.7131451118075,13629.844559868281,1718.1490527578403,14690.0,-0.07958064538434689,17.43772648110632
109,109,2025,7SB,7,SB,PM-Shoulder,1,OP,PM,5.6,65,6000,1,6,70,1800,1,6,0.1,0.01,2670.0,330.0,0.0,0.0,0.0,1.0,1.0,1.0,3.66,1.83,0.24291497975708504,0.24291497975708504,30,4.005,0.592,2670.0,330.0,0.0,0.0,0.0,3000.0,3660.0,1.0,1.2,0.38125,3660.0,0.0,1.0,53.4,2485.77,313.5,0.0,0.0,0.0,2850.0,0.13230374583138982,0.6615187291569491,,0.20223118027753517,0.20227015092587994,89.87374458837913,449.3687229418956,64.06316521160625,69.64611213578164,0.715725490280579,4.824389900543715,5.244823587628906,-0.4204336870851906,0.10356216120544663,502.7002009984886,2113.8997990015114,63.41169231526336,266.58830768473666,566.1118933137519,2380.488106686248,2380.488106686248,692.9352779442786,0.384964043302377,692.9352779442786,3880.4375564879597,2913.6647220557215,2913.6647220557215,16316.52244351204,3606.6000000000004,3606.6000000000004,20196.96,0.6011000000000001,0.7409009766557829,3.7045048832789145,0.19158251755058556,607.3599937237117,372.45106988483855,234.90892383887314,607.3599937237117,372.45106988483855,234.90892383887314,502.7002009984886,63.41169231526336,566.1118933137519,2815.121125591536,355.1054769654748,3000.0,-0.08016164510792657,18.881038779071247
110,110,2025,7SB,7,SB,PM-Peak,3,Peak,PM,5.6,65,6000,1,6,70,1800,1,6,0.1,0.01,2493.0,308.0,0.0,0.0,0.0,1.0,1.0,1.0,3.66,1.83,0.24291497975708504,0.24291497975708504,30,4.005,0.592,2493.0,308.0,0.0,0.0,0.0,2801.0,3417.0,1.0,1.2,0.3559375,3417.0,0.0,1.0,49.86,2320.9829999999997,292.59999999999997,0.0,0.0,0.0,2660.95,0.1172131755286205,0.5860658776431025,,0.22074673881580306,0.22077811532722855,86.5347607505614,432.673803752807,64.45177130710542,69.61783981586123,0.44525448294049214,4.826349120982754,5.213200400637524,-0.3868512796547696,0.06023839502725302,512.3494280969189,1930.7905719030812,64.59967654474707,243.40032345525293,576.949104641666,2174.1908953583343,6522.572686075003,706.1484577311601,0.3923046987395334,2118.44537319348,11863.294089883488,2660.99154226884,7982.97462680652,44704.65791011651,3367.1400000000003,10101.42,56567.952,0.5611900000000001,0.6563937829602747,3.2819689148013738,0.16970954420318046,548.3171096321531,336.30297930606986,212.0141303260833,1644.9513288964595,1008.9089379182096,636.0423909782498,1537.0482842907568,193.7990296342412,1730.847313924998,8607.470392028237,1085.2745659517507,8403.0,-0.07420610180407826,18.179571586252397
111,111,2025,7SB,7,SB,PM-Late,3,OP,PM,5.6,65,6000,1,6,70,1800,1,6,0.1,0.01,1825.0,226.0,0.0,0.0,0.0,1.0,1.0,1.0,3.66,1.83,0.24291497975708504,0.24291497975708504,30,4.005,0.592,1825.0,226.0,0.0,0.0,0.0,2051.0,2503.0,1.0,1.2,0.2607291666666667,2503.0,0.0,1.0,36.5,1699.0749999999998,214.7,0.0,0.0,0.0,1948.4499999999998,0.10682661332646931,0.5341330666323465,,0.24291220169895156,0.24291290040542948,82.89381355992461,414.46906779962296,64.92722081687343,69.8985342853231,-0.12714301091578853,4.806967748829483,5.1750251400361735,-0.36805739120669045,0.007938288003403803,412.7260491016461,1375.7739508983539,52.15339971704571,173.84660028295428,464.8794488186918,1549.6205511813082,4648.861653543925,569.1862482527832,0.31621458236265737,1707.5587447583498,9562.328970646759,1897.3137517472167,5691.94125524165,31874.871029353235,2466.5,7399.5,41437.2,0.41108333333333336,0.5982290346282281,2.99114517314114,0.1547648139020472,402.90309574654214,246.9047059200004,155.99838982654177,1208.7092872396265,740.7141177600012,467.9951694796253,1238.1781473049382,156.46019915113712,1394.6383464560754,6933.797624907654,876.1771152463679,6153.0,-0.07112185569094988,17.414666714269877
