,index,Year,SegDir,Segment,Direction,Period,Hours/Day,Peak,4Periods,Length,Speed GP,Capacity GP,Alpha GP,Beta GP,Speed ML,Capacity ML,Alpha ML,Beta ML,MinToll,MinCapture,AADT Lights,AADT MediumA,AADT MediumB,AADT HeavyA,AADT HeavyB,GrowthFactor,GrowthFactor_medium,GrowthFactor_heavy,MaxToll,Soft Cap,MaxCapture,MaxCap_aux,Min Speed,B1,B2,TotalLights,TotalMediumA,TotalMediumB,TotalHeavyA,TotalHeavyB,TotalVeh,Corridor PCE pre-fix,Suppressed ratio ref,Max VC,Suppressed ratio,Corridor PCE,Suppressed Demand,PCE ratio,HOV3,InScopeLights,InScopeMediumA,InScopeMediumB,InScopeHeavyA,InScopeHeavyB,InScopeVeh,TollLights,TollMediumA,TollMediumB,CaptureRateLights,CaptureRateMediumA,VOT Lights,VOT MediumA,Speed GP Real,Speed ML Real,Bounus Seg,Time ML,Time GP,Time Savings,BonusRel,MLVeh_Lights,GPVeh_Lights,MLVeh_MediumA,GPVeh_MediumA,MLVeh,GPVeh,GPVehDay,ML PCE,ML V/C,ML Volume,ML PCE Total,GP PCE,GP Volume,GP PCE Total,Highway PCE,Highway Volume,Highway PCE Total,Highway V/C,TollLightsPerSeg,TollMediumAPerSeg,TollBlend,RevenuePerHour,RevenuePerHourLights,RevenuePerHourMediumA,RevenuePerDay,RevenuePerDayLights,RevenuePerDayMediumA,TransactionsDay_Lights,TransactionsDay_MediumA,TransactionsDay,TransactionsLightsLength,TransactionsMediumALength,TotalVeh_hours,Difference in Travel Time,Implied Min VOT
0,0,2025,1NB,1,NB,Night,8,OP,NT,3.0,70,12000,1.6,6.5,75,1800,1,4,0.05,0.01,2238.0,0.0,277.0,0.0,0.0,1.0,1.0,1.0,3.66,1.83,0.17391304347826086,0.17391304347826086,30,4.103,0.708,2258.704789728038,0.0,279.5626571736669,0.0,0.0,2538.267446901705,3097.392761249039,1.0,1.2,0.19855081802878455,3097.392761249039,0.0,1.0,45.17409579456076,1660.148020450108,0.0,209.67199288025017,0.0,0.0,1903.7005851762788,0.117777617,0.588888085,,0.1739129399401991,0.17391289933275764,106.68122281067247,533.4061140533623,69.99109280716615,74.91130509681467,0.0,2.4028415973713138,2.571755816071076,-0.1689142186997623,0.0004483251602313339,288.7212229723801,1924.8094709610973,0.0,0.0,288.7212229723801,2204.3721281347644,17634.977025078115,288.7212229723801,0.16040067942910005,2309.7697837790406,6929.309351337122,2763.497442482098,22107.979539856784,66323.93861957036,3052.218665454478,24417.749323635824,73253.24797090748,0.25435155545453986,0.353332851,1.766664255,0.117777617,102.01469285703774,102.01469285703774,0.0,816.117542856302,816.117542856302,0.0,2309.7697837790406,0.0,2309.7697837790406,6929.309351337122,0.0,20306.13957521364,-0.06568050420813902,41.835773651244104
1,1,2025,1NB,1,NB,AM-Early,1,OP,AM,3.0,70,12000,1.6,6.5,75,1800,1,4,0.05,0.01,1841.0,0.0,228.0,0.0,0.0,1.0,1.0,1.0,3.66,1.83,0.17391304347826086,0.17391304347826086,30,4.155,0.715,2209.2,0.0,273.59999999999997,0.0,0.0,2482.7999999999997,3030.0,1.0,1.2,0.19423076923076923,3030.0,0.0,1.0,44.184,1623.7619999999997,0.0,205.2,0.0,0.0,1862.1,0.169543156,0.84771578,,0.11294515932244055,0.11294515931665744,151.54376491882863,757.7188245941431,69.99028136157612,74.98083992988049,0.0,2.4006132789167185,2.571785632209474,-0.17117235329275537,0.0004891732698365129,183.39605779172467,1981.6199422082752,0.0,0.0,183.39605779172467,2255.2199422082754,2255.2199422082754,183.39605779172467,0.10188669877318038,183.39605779172467,550.1881733751741,2802.419942208275,2802.419942208275,8407.259826624826,2985.816,2985.816,8957.448,0.24881799999999998,0.508629468,2.54314734,0.169543156,93.28063930790216,93.28063930790216,0.0,93.28063930790216,93.28063930790216,0.0,183.39605779172467,0.0,183.39605779172467,550.1881733751741,0.0,2482.7999999999997,-0.06655778426823922,59.42892741914848
2,2,2025,1NB,1,NB,AM-Peak,2,Peak,AM,3.0,70,12000,1.6,6.5,75,1800,1,4,0.05,0.01,4183.0,0.0,517.0,0.0,0.0,1.0,1.0,1.0,3.66,1.83,0.17391304347826086,0.17391304347826086,30,4.155,0.715,2509.7999999999997,0.0,310.2,0.0,0.0,2819.9999999999995,3440.3999999999996,1.0,1.2,0.22053846153846152,3440.3999999999996,0.0,1.0,50.196,1844.703,0.0,232.64999999999998,0.0,0.0,2114.9999999999995,0.167837166,0.83918583,,0.11561758130226739,0.11561758133590108,150.05260750881166,750.2630375440582,69.97803648748557,74.96558586814514,0.0,2.4011017577665164,2.572235647569078,-0.1711338898025616,0.0011056943124940464,213.28009908103655,2246.3239009189633,0.0,0.0,213.28009908103655,2556.523900918963,5113.047801837926,213.28009908103655,0.1184889439339092,426.5601981620731,1279.6805944862194,3176.923900918963,6353.847801837926,19061.54340551378,3390.2039999999997,6780.407999999999,20341.224000000002,0.28251699999999996,0.5035114980000001,2.51755749,0.167837166,107.38898218188115,107.38898218188115,0.0,214.7779643637623,214.7779643637623,0.0,426.5601981620731,0.0,426.5601981620731,1279.6805944862194,0.0,5639.999999999999,-0.06653118658249439,58.84415980737712
3,3,2025,1NB,1,NB,AM-Shoulder,1,OP,AM,3.0,70,12000,1.6,6.5,75,1800,1,4,0.05,0.01,4812.0,0.0,595.0,0.0,0.0,1.0,1.0,1.0,3.66,1.83,0.17391304347826086,0.17391304347826086,30,4.155,0.715,2887.2,0.0,357.0,0.0,0.0,3244.2,3958.2,1.0,1.2,0.2537307692307692,3958.2,0.0,1.0,57.744,2122.0919999999996,0.0,267.75,0.0,0.0,2433.1499999999996,0.174664118,0.8733205900000001,,0.10644248945889047,0.10644248951587042,155.3460446843629,776.7302234218145,69.94349962391713,74.95379593898726,0.7365950169548927,2.401479441368398,2.573505772056752,-0.17202633068835382,0.0028457648606072497,225.88075534079576,2603.5752446592037,0.0,0.0,225.88075534079576,2960.5752446592037,2960.5752446592037,225.88075534079576,0.12548930852266432,225.88075534079576,677.6422660223873,3674.5752446592037,3674.5752446592037,11023.725733977612,3900.455999999999,3900.455999999999,11701.367999999999,0.32503799999999994,0.523992354,2.61996177,0.174664118,118.35978871432164,118.35978871432164,0.0,118.35978871432164,118.35978871432164,0.0,225.88075534079576,0.0,225.88075534079576,677.6422660223873,0.0,3244.2,-0.066845131087804,60.92001752327957
4,4,2025,1NB,1,NB,MD,5,OP,MD,3.0,70,12000,1.6,6.5,75,1800,1,4,0.05,0.01,5111.0,0.0,632.0,0.0,0.0,1.0,1.0,1.0,3.66,1.83,0.17391304347826086,0.17391304347826086,30,4.136,0.708,3066.6,0.0,379.2,0.0,0.0,3445.7999999999997,4204.2,1.0,1.2,0.26949999999999996,4204.2,0.0,1.0,61.332,2253.951,0.0,284.4,0.0,0.0,2584.35,0.415252552,2.07626276,,0.010001554462908869,0.01000188419650872,361.46682650175626,1807.334132508781,69.88181273530064,74.99964641029513,1.4489960913714341,2.4000113149239004,2.575777487081033,-0.17576617215713242,0.005958014443872184,22.543013683227908,2982.724986316772,0.0,0.0,22.543013683227908,3361.924986316772,16809.62493158386,22.543013683227908,0.012523896490682172,112.71506841613954,338.1452052484186,4120.324986316772,20601.62493158386,61804.87479475158,4142.868,20714.34,62143.02,0.345239,1.2457576559999999,6.22878828,0.415252552,28.08313188519392,28.08313188519392,0.0,140.4156594259696,140.4156594259696,0.0,112.71506841613954,0.0,112.71506841613954,338.1452052484186,0.0,17229.0,-0.06823810404380745,141.7516966673554
5,5,2025,1NB,1,NB,PM-Shoulder,1,OP,PM,3.0,70,12000,1.6,6.5,75,1800,1,4,0.05,0.01,6757.0,0.0,835.0,0.0,0.0,1.0,1.0,1.0,3.66,1.83,0.17391304347826086,0.17391304347826086,30,4.135,0.592,8108.4,0.0,1002.0,0.0,0.0,9110.4,11114.4,1.0,1.2,0.7124615384615385,11114.4,0.0,1.0,162.168,5959.674,0.0,751.5,0.0,0.0,6832.799999999999,1.419297409,7.096487045,,0.11491658179963099,0.11491659885129588,127.21350976372133,636.0675488186067,42.606796850224185,71.49423290359316,1.9130582148582558,2.5176855907066256,4.22467806328541,-1.7069924725787842,2.2649518038438687,684.865364720134,7261.366635279866,0.0,0.0,684.865364720134,8263.366635279866,8263.366635279866,684.865364720134,0.38048075817785226,684.865364720134,2054.596094160402,10267.366635279866,10267.366635279866,30802.099905839597,10952.232,10952.232,32856.695999999996,0.912686,4.257892226999999,21.289461135,1.419297409,2916.0829129833783,2916.0829129833783,0.0,2916.0829129833783,2916.0829129833783,0.0,684.865364720134,0.0,684.865364720134,2054.596094160402,0.0,9110.4,-0.4040526750223674,49.88765088773386
6,6,2025,1NB,1,NB,PM-Peak,3,Peak,PM,3.0,70,12000,1.6,6.5,75,1800,1,4,0.05,0.01,6670.0,0.0,824.0,0.0,0.0,1.0,1.0,1.0,3.66,1.83,0.17391304347826086,0.17391304347826086,30,4.135,0.592,8004.0,0.0,988.8,0.0,0.0,8992.8,10970.4,1.0,1.2,0.7032307692307692,10970.4,0.0,1.0,160.08,5882.9400000000005,0.0,741.5999999999999,0.0,0.0,6744.599999999999,1.202351064,6.01175532,,0.1248072763009084,0.12480729528736907,123.53954286140855,617.6977143070428,44.60612268211839,70.69233542109151,2.6712967677170156,2.5462449207229874,4.0353204711997535,-1.489075550476766,2.00553190268652,734.2337180416662,7109.686281958334,0.0,0.0,734.2337180416662,8098.486281958334,24295.458845875,734.2337180416662,0.407907621134259,2202.7011541249985,6608.103462374996,10076.086281958334,30228.258845875003,90684.776537625,10810.32,32430.960000000003,97292.88,0.90086,3.6070531919999995,18.03526596,1.202351064,2648.4200763362196,2648.4200763362196,0.0,7945.260229008659,7945.260229008659,0.0,2202.7011541249985,0.0,2202.7011541249985,6608.103462374996,0.0,26978.399999999998,-0.3690104815972756,48.44687955349356
7,7,2025,1NB,1,NB,PM-Late,3,OP,PM,3.0,70,12000,1.6,6.5,75,1800,1,4,0.05,0.01,6393.0,0.0,790.0,0.0,0.0,1.0,1.0,1.0,3.66,1.83,0.17391304347826086,0.17391304347826086,30,4.135,0.592,6191.704565799619,0.0,765.1253882342717,0.0,0.0,6956.82995403389,8487.080730502434,1.0,1.2,0.5440436365706688,8487.080730502434,0.0,1.0,123.83409131599238,4550.90285586272,0.0,573.8440411757038,0.0,0.0,5217.622465525417,0.187399184,0.93699592,,0.168872953357533,0.16887302113570857,110.22326210464254,551.1163105232127,64.16889392560331,70.72774427616633,0.707799871172503,2.5449701788475667,2.8050974387791374,-0.2601272599315707,0.3201263482702754,768.5244057127687,5299.3460687708575,0.0,0.0,768.5244057127687,6064.471457005129,18193.414371015388,768.5244057127687,0.4269580031737604,2305.573217138306,6916.719651414918,7594.7222334736725,22784.166700421018,68352.50010126305,8363.246639186442,25089.739917559324,75269.21975267798,0.6969372199322035,0.562197552,2.8109877599999997,0.187399184,432.0625395439734,432.0625395439734,0.0,1296.1876186319203,1296.1876186319203,0.0,2305.573217138306,0.0,2305.573217138306,6916.719651414918,0.0,20870.48986210167,-0.09273376972059334,43.22480866848727
8,8,2025,1SB,1,SB,Night,8,OP,NT,3.0,70,12000,1.6,5.0,75,1800,1,4,0.05,0.01,1637.0,0.0,202.0,0.0,0.0,1.0,1.0,1.0,3.66,1.83,0.17391304347826086,0.17391304347826086,30,4.103,0.708,1470.0481602450802,0.0,181.39873449572767,0.0,0.0,1651.446894740808,2014.244363732263,1.0,1.2,0.12911822844437584,2014.244363732263,0.0,1.0,29.400963204901604,1080.485397780134,0.0,136.04905087179574,0.0,0.0,1238.585171055606,0.147646003,0.738230015,,0.13616041051284383,0.1361604104960546,131.6563849429131,658.2819247145654,69.98978789120703,74.99306399032253,0.0,2.400221972837756,2.5718037648548697,-0.17158179201711388,0.0005140149940283452,147.1193353148764,1293.527861725302,0.0,0.0,147.1193353148764,1474.9265962210297,11799.412769768238,147.1193353148764,0.08173296406382022,1176.9546825190112,3530.8640475570337,1837.7240652124851,14701.792521699881,44105.37756509964,1984.8434005273616,15878.747204218893,47636.241612656675,0.16540361671061346,0.442938009,2.2146900449999998,0.147646003,65.16474546977474,65.16474546977474,0.0,521.317963758198,521.317963758198,0.0,1176.9546825190112,0.0,1176.9546825190112,3530.8640475570337,0.0,13211.575157926463,-0.06671651794039443,51.62995487957376
9,9,2025,1SB,1,SB,AM-Early,1,OP,AM,3.0,70,12000,1.6,5.0,75,1800,1,4,0.05,0.01,4573.0,0.0,565.0,0.0,0.0,1.0,1.0,1.0,3.66,1.83,0.17391304347826086,0.17391304347826086,30,4.155,0.715,2743.7999999999997,0.0,339.0,0.0,0.0,3082.7999999999997,3760.7999999999997,1.0,1.2,0.24107692307692305,3760.7999999999997,0.0,1.0,54.876,2016.6929999999998,0.0,254.25,0.0,0.0,2312.1,0.795369856,3.9768492799999997,,0.010000530547913397,0.010000533492179638,663.0593661559542,3315.2968307797714,69.67190744389535,74.99977341360547,1.2961354668130598,2.4000072507865307,2.5835377070011822,-0.18353045621465158,0.01658951573447687,20.16799995226311,2668.7560000477365,0.0,0.0,20.16799995226311,3007.7560000477365,3007.7560000477365,20.16799995226311,0.01120444441792395,20.16799995226311,60.50399985678933,3685.7560000477365,3685.7560000477365,11057.268000143209,3705.9239999999995,3705.9239999999995,11117.771999999999,0.30882699999999996,2.386109568,11.93054784,0.795369856,48.12305765351855,48.12305765351855,0.0,48.12305765351855,48.12305765351855,0.0,20.16799995226311,0.0,20.16799995226311,60.50399985678933,0.0,3082.7999999999997,-0.07103842754735053,260.02328084547224
10,10,2025,1SB,1,SB,AM-Peak,2,Peak,AM,3.0,70,12000,1.6,5.0,75,1800,1,4,0.05,0.01,7757.0,0.0,959.0,0.0,0.0,1.0,1.0,1.0,3.66,1.83,0.17391304347826086,0.17391304347826086,30,4.155,0.715,4654.2,0.0,575.4,0.0,0.0,5229.599999999999,6380.4,1.0,1.2,0.409,6380.4,0.0,1.0,93.084,3420.837,0.0,431.54999999999995,0.0,0.0,3922.2,1.233788573,6.168942865,,0.010000567745920008,0.010001277793942444,552.6591228191539,2763.2956140957695,65.65446488599783,74.99812415748187,3.4359755875367197,2.400060028461966,2.7416261835741307,-0.3415661551121647,0.2331707286394166,34.210312166249764,4526.905687833751,0.0,0.0,34.210312166249764,5102.30568783375,10204.6113756675,34.210312166249764,0.01900572898124987,68.42062433249953,205.26187299749859,6253.10568783375,12506.2113756675,37518.6341270025,6287.316,12574.632,37723.896,0.5239429999999999,3.701365719,18.506828595,1.233788573,126.62487668844551,126.62487668844551,0.0,253.24975337689102,253.24975337689102,0.0,68.42062433249953,0.0,68.42062433249953,205.26187299749859,0.0,10459.199999999999,-0.12458523965031613,216.72906777221723
11,11,2025,1SB,1,SB,AM-Shoulder,1,OP,AM,3.0,70,12000,1.6,5.0,75,1800,1,4,0.05,0.01,7826.0,0.0,967.0,0.0,0.0,1.0,1.0,1.0,3.66,1.83,0.17391304347826086,0.17391304347826086,30,4.155,0.715,4695.599999999999,0.0,580.1999999999999,0.0,0.0,5275.799999999999,6436.199999999999,1.0,1.2,0.412576923076923,6436.199999999999,0.0,1.0,93.91199999999999,3451.2659999999996,0.0,435.15,0.0,0.0,3956.8499999999995,0.683611767,3.418058835,,0.01486655997372752,0.014866565943205623,301.61265609202843,1508.0632804601423,65.52890124555158,74.99682265779029,2.1667020775455206,2.400101679258308,2.746879568840921,-0.3467778895826128,0.24036786645491856,51.30845297428668,4550.379547025713,0.0,0.0,51.30845297428668,5130.579547025713,5130.579547025713,51.30845297428668,0.028504696096825932,51.30845297428668,153.92535892286003,6290.979547025712,6290.979547025712,18872.938641077137,6342.287999999999,6342.287999999999,19026.863999999998,0.5285239999999999,2.050835301,10.254176505,0.683611767,105.22518659936559,105.22518659936559,0.0,105.22518659936559,105.22518659936559,0.0,51.30845297428668,0.0,51.30845297428668,153.92535892286003,0.0,5275.799999999999,-0.1262443004477768,118.27947297726605
12,12,2025,1SB,1,SB,MD,5,OP,MD,3.0,70,12000,1.6,5.0,75,1800,1,4,0.05,0.01,5968.0,0.0,738.0,0.0,0.0,1.0,1.0,1.0,3.66,1.83,0.17391304347826086,0.17391304347826086,30,4.136,0.708,3580.7999999999997,0.0,442.8,0.0,0.0,4023.6,4909.2,1.0,1.2,0.31469230769230766,4909.2,0.0,1.0,71.616,2631.888,0.0,332.1,0.0,0.0,3017.7,0.188471815,0.9423590749999999,,0.11941935760419235,0.11941935882998603,144.01956975264324,720.0978487632161,69.09006484982538,74.84186848868643,0.8088556523117065,2.405070899949671,2.6052949927207214,-0.20022409277105035,0.04639699717024577,314.2983742461826,3194.8856257538173,0.0,0.0,314.2983742461826,3637.6856257538175,18188.428128769086,314.2983742461826,0.1746102079145459,1571.4918712309131,4714.475613692739,4523.285625753817,22616.428128769083,67849.28438630725,4837.584,24187.919999999995,72563.75999999998,0.403132,0.565415445,2.827077225,0.188471815,177.70915513718188,177.70915513718188,0.0,888.5457756859093,888.5457756859093,0.0,1571.4918712309131,0.0,1571.4918712309131,4714.475613692739,0.0,20118.0,-0.0768527530780518,56.478262648095395
13,13,2025,1SB,1,SB,PM-Shoulder,1,OP,PM,3.0,70,12000,1.6,5.0,75,1800,1,4,0.05,0.01,4858.0,0.0,600.0,0.0,0.0,1.0,1.0,1.0,3.66,1.83,0.17391304347826086,0.17391304347826086,30,4.135,0.592,2914.7999999999997,0.0,360.0,0.0,0.0,3274.7999999999997,3994.7999999999997,1.0,1.2,0.25607692307692304,3994.7999999999997,0.0,1.0,58.29599999999999,2142.3779999999997,0.0,270.0,0.0,0.0,2456.1,0.186849115,0.934245575,,0.0633757605465753,0.06337576278056443,154.31663970090455,771.5831985045227,69.61689619770469,74.98986663561432,1.0260878389400307,2.40032431147856,2.585579217562628,-0.1852549060840678,0.019386385203657878,135.77483512825088,2720.729164871749,0.0,0.0,135.77483512825088,3080.729164871749,3080.729164871749,135.77483512825088,0.07543046396013937,135.77483512825088,407.3245053847527,3800.729164871749,3800.729164871749,11402.187494615247,3936.504,3936.504,11809.512,0.328042,0.560547345,2.802736725,0.186849115,76.10822334895377,76.10822334895377,0.0,76.10822334895377,76.10822334895377,0.0,135.77483512825088,0.0,135.77483512825088,407.3245053847527,0.0,3274.7999999999997,-0.07164928648316711,60.51632929447237
14,14,2025,1SB,1,SB,PM-Peak,3,Peak,PM,3.0,70,12000,1.6,5.0,75,1800,1,4,0.05,0.01,6246.0,0.0,772.0,0.0,0.0,1.0,1.0,1.0,3.66,1.83,0.17391304347826086,0.17391304347826086,30,4.135,0.592,3747.6,0.0,463.2,0.0,0.0,4210.8,5137.2,1.0,1.2,0.3293076923076923,5137.2,0.0,1.0,74.952,2754.486,0.0,347.4,0.0,0.0,3158.1000000000004,0.212310187,1.061550935,,0.07187431271369639,0.07187431481098133,148.48559553837774,742.4279776918886,68.70140819753297,74.96037775004672,1.9498112235461522,2.4012685821862445,2.6200336313697816,-0.21876504918353712,0.06658893211945811,197.97678812949871,3474.671211870501,0.0,0.0,197.97678812949871,3937.8712118705007,11813.613635611502,197.97678812949871,0.10998710451638817,593.9303643884962,1781.7910931654885,4864.2712118705,14592.813635611501,43778.440906834505,5062.247999999999,15186.743999999997,45560.231999999996,0.4218539999999999,0.636930561,3.1846528050000003,0.212310187,126.09746672829976,126.09746672829976,0.0,378.2924001848993,378.2924001848993,0.0,593.9303643884962,0.0,593.9303643884962,1781.7910931654885,0.0,12632.400000000001,-0.08349703857395312,58.229645309167736
15,15,2025,1SB,1,SB,PM-Late,3,OP,PM,3.0,70,12000,1.6,5.0,75,1800,1,4,0.05,0.01,4575.0,0.0,566.0,0.0,0.0,1.0,1.0,1.0,3.66,1.83,0.17391304347826086,0.17391304347826086,30,4.135,0.592,2745.0,0.0,339.59999999999997,0.0,0.0,3084.6,3763.8,1.0,1.2,0.2412692307692308,3763.8,0.0,1.0,54.9,2017.5749999999998,0.0,254.7,0.0,0.0,2313.45,0.163716463,0.818582315,,0.08891070431337529,0.0889107044945786,138.75586305614132,693.7793152807066,69.73468937010362,74.97848123982295,0.0,2.4006887979533715,2.581211755955263,-0.18052295800189144,0.013402962801567655,179.38401425505813,2510.715985744942,0.0,0.0,179.38401425505813,2850.315985744942,8550.947957234825,179.38401425505813,0.09965778569725452,538.1520427651744,1614.4561282955233,3529.5159857449416,10588.547957234825,31765.643871704473,3708.8999999999996,11126.699999999999,33380.1,0.309075,0.49114938900000005,2.455746945,0.163716463,88.1043489977391,88.1043489977391,0.0,264.3130469932173,264.3130469932173,0.0,538.1520427651744,0.0,538.1520427651744,1614.4561282955233,0.0,9253.8,-0.06993729111352313,54.41406394358483
16,16,2025,2NB,2,NB,Night,8,OP,NT,2.2,70,12000,1.6,6.5,75,1800,1,4,0.05,0.01,3220.0,0.0,398.0,0.0,0.0,1.0,1.0,1.0,3.66,1.83,0.17391304347826086,0.17391304347826086,30,4.103,0.708,2259.5388969691676,0.0,279.2846214266238,0.0,0.0,2538.8235183957913,3097.392761249039,1.0,1.2,0.19855081802878455,3097.392761249039,0.0,1.0,45.19077793938335,1660.7610892723383,0.0,209.46346606996786,0.0,0.0,1904.1176387968435,0.117777617,0.588888085,,0.17391293994421791,0.17391289920936895,106.68392632189394,533.4196316094697,69.99109500448876,74.91117416445373,0.0,1.7620869179038396,1.8859542059105434,-0.12386728800670377,0.00032869066887340374,288.8278435803141,1925.52027544947,0.0,0.0,288.8278435803141,2204.804896876094,17638.439175008752,288.8278435803141,0.1604599131001745,2310.6227486425128,5083.370047013528,2763.3741397293416,22106.993117834732,48635.384859236416,3052.2019833096556,24417.615866477245,53718.754906249946,0.2543501652758046,0.2591107574,1.295553787,0.11777761699999999,74.83840130830392,74.83840130830392,0.0,598.7072104664313,598.7072104664313,0.0,2310.6227486425128,0.0,2310.6227486425128,5083.370047013528,0.0,20310.58814716633,-0.06567884183958769,57.05022797962242
17,17,2025,2NB,2,NB,AM-Early,1,OP,AM,2.2,70,12000,1.6,6.5,75,1800,1,4,0.05,0.01,3086.0,0.0,381.0,0.0,0.0,1.0,1.0,1.0,3.66,1.83,0.17391304347826086,0.17391304347826086,30,4.155,0.715,2260.239787470923,0.0,279.0509912593719,0.0,0.0,2539.290778730295,3097.392761249039,1.0,1.2,0.19855081802878455,3097.392761249039,0.0,1.0,45.204795749418466,1661.2762437911288,0.0,209.28824344452894,0.0,0.0,1904.4680840477213,0.169543156,0.84771578,,0.11293920065731419,0.11293920065232388,151.54713432906354,757.7356716453178,69.98879140328258,74.97901105698173,0.0,1.7604926784068153,1.886016279941205,-0.12552360153438968,0.00041373209087957783,187.6232110447555,2027.4117806767492,0.0,0.0,187.6232110447555,2306.462771936121,2306.462771936121,187.6232110447555,0.10423511724708638,187.6232110447555,412.77106429846214,2864.564754454865,2864.564754454865,6302.042459800704,3052.1879654996205,3052.1879654996205,6714.813524099166,0.2543489971249684,0.37299494320000004,1.8649747160000003,0.169543156,69.9825089466402,69.9825089466402,0.0,69.9825089466402,69.9825089466402,0.0,187.6232110447555,0.0,187.6232110447555,412.77106429846214,0.0,2539.290778730295,-0.06655488760590274,81.04124830431205
18,18,2025,2NB,2,NB,AM-Peak,2,Peak,AM,2.2,70,12000,1.6,6.5,75,1800,1,4,0.05,0.01,6362.0,0.0,786.0,0.0,0.0,1.0,1.0,1.0,3.66,1.83,0.17391304347826086,0.17391304347826086,30,4.155,0.715,4342.662561925368,0.0,536.5188264183181,0.0,0.0,4879.181388343686,5952.219041180322,1.0,1.2,0.38155250263976426,5952.219041180322,0.0,1.0,86.85325123850737,3191.8569830151455,0.0,402.3891198137386,0.0,0.0,3659.3860412577646,0.167837166,0.83918583,,0.13357775006231684,0.13357775251208134,140.94790847517206,704.7395423758602,69.28275880998959,74.50761397589059,0.9645300178552638,1.771631018042169,1.905235909586318,-0.133604891544149,0.026744624704684458,426.3610743118578,3829.448236375003,0.0,0.0,426.3610743118578,4365.967062793321,8731.934125586642,426.3610743118578,0.23686726350658768,852.7221486237156,1875.9887269721744,5439.004715629957,10878.009431259914,23931.620748771813,5865.365789941815,11730.73157988363,25807.609475743986,0.48878048249515127,0.36924176520000007,1.8462088260000002,0.167837166,157.43031569147877,157.43031569147877,0.0,314.86063138295754,314.86063138295754,0.0,852.7221486237156,0.0,852.7221486237156,1875.9887269721744,0.0,9758.362776687372,-0.07012511724763706,75.37321308832729
19,19,2025,2NB,2,NB,AM-Shoulder,1,OP,AM,2.2,70,12000,1.6,6.5,75,1800,1,4,0.05,0.01,7274.0,0.0,899.0,0.0,0.0,1.0,1.0,1.0,3.66,1.83,0.17391304347826086,0.17391304347826086,30,4.155,0.715,5076.077344570906,0.0,627.3568233116915,0.0,0.0,5703.434167882597,6958.14781450598,1.0,1.2,0.4460351163144859,6958.14781450598,0.0,1.0,101.52154689141811,3730.916848259615,0.0,470.5176174837686,0.0,0.0,4277.575625911948,0.174664118,0.8733205900000001,,0.14837668554009845,0.14837666279165568,134.43031137309538,672.151556865477,68.15860901250696,73.70683162419701,0.5975833363738309,1.790878770546231,1.936659241032608,-0.145780470486377,0.06979458878610169,553.581075970472,4420.974721709015,0.0,0.0,553.581075970472,5048.3315450207065,5048.3315450207065,553.581075970472,0.3075450422058178,553.581075970472,1217.8783671350386,6303.04519164409,6303.04519164409,13866.699421616999,6856.626267614562,6856.626267614562,15084.577788752038,0.5713855223012134,0.38426105960000007,1.9213052980000003,0.174664118,212.71965082692174,212.71965082692174,0.0,212.71965082692174,212.71965082692174,0.0,553.581075970472,0.0,553.581075970472,1217.8783671350386,0.0,5703.434167882597,-0.07527419764803242,71.88786704443604
20,20,2025,2NB,2,NB,MD,5,OP,MD,2.2,70,12000,1.6,6.5,75,1800,1,4,0.05,0.01,7621.0,0.0,942.0,0.0,0.0,1.0,1.0,1.0,3.66,1.83,0.17391304347826086,0.17391304347826086,30,4.136,0.708,6776.985175788123,0.0,837.6748504910657,0.0,0.0,7614.660026279189,9290.00972726132,1.0,1.2,0.5955134440552128,9290.00972726132,0.0,1.0,135.53970351576248,4981.084104204271,0.0,628.2561378682993,0.0,0.0,5710.995019709391,0.415252552,2.07626276,,0.14951006797802285,0.1495100815069113,130.4883699223799,652.4418496118997,59.520678379179415,70.94245040617616,0.7852165671211283,1.8606631043083937,2.2177166590590165,-0.35705355475062284,0.45484325148228105,744.7222230238297,5896.723249248532,0.0,0.0,744.7222230238297,6734.3980997395975,33671.99049869799,744.7222230238297,0.413734568346572,3723.611115119148,8191.944453262126,8409.747800721729,42048.73900360864,92507.22580793903,9154.470023745558,45772.350118727794,100699.17026120116,0.7628725019787965,0.9135556144000001,4.567778072,0.415252552,680.3451680118686,680.3451680118686,0.0,3401.725840059343,3401.725840059343,0.0,3723.611115119148,0.0,3723.611115119148,8191.944453262126,0.0,38073.30013139595,-0.1610005287610193,69.77987696383953
21,21,2025,2NB,2,NB,PM-Shoulder,1,OP,PM,2.2,70,12000,1.6,6.5,75,1800,1,4,0.05,0.01,8273.0,0.0,1022.0,0.0,0.0,1.0,1.0,1.0,3.66,1.83,0.17391304347826086,0.17391304347826086,30,4.135,0.592,8984.71641866198,0.0,1109.921452903728,0.0,0.0,10094.637871565708,12314.480777373163,1.0,1.2,0.7893897934213566,12314.480777373163,0.0,1.0,179.69432837323959,6603.766567716555,0.0,832.4410896777961,0.0,0.0,7570.978403674281,1.419297409,7.096487045,,0.17391286908825068,0.1739107919035375,106.65568544202692,533.2784272101346,34.9687053112023,57.85092798838824,0.6780415626159624,2.281726578811231,3.774803751676603,-1.4930771728653722,2.5880525683683753,1148.4799905806558,7656.542099708084,0.0,0.0,1148.4799905806558,8766.46355261181,8766.46355261181,1148.4799905806558,0.6380444392114755,1148.4799905806558,2526.655979277443,10986.306458419269,10986.306458419269,24169.874208522393,12134.786448999925,12134.786448999925,26696.530187799835,1.011232204083327,3.1224542998,15.612271499000002,1.419297409,3586.0762848228323,3586.0762848228323,0.0,3586.0762848228323,3586.0762848228323,0.0,1148.4799905806558,0.0,1148.4799905806558,2526.655979277443,0.0,10094.637871565708,-0.3955376944303959,57.03512590482723
22,22,2025,2NB,2,NB,PM-Peak,3,Peak,PM,2.2,70,12000,1.6,6.5,75,1800,1,4,0.05,0.01,7207.0,0.0,891.0,0.0,0.0,1.0,1.0,1.0,3.66,1.83,0.17391304347826086,0.17391304347826086,30,4.135,0.592,8648.4,0.0,1069.2,0.0,0.0,9717.6,11856.0,1.0,1.2,0.76,11856.0,0.0,1.0,172.968,6356.573999999999,0.0,801.9000000000001,0.0,0.0,7288.200000000001,1.202351064,6.01175532,,0.16901435364517664,0.16901434835756768,110.1866647317215,550.9333236586076,38.93642800773872,60.946864493297156,1.130332246667265,2.1658210163464138,3.390141488422221,-1.2243204720758074,2.0610652677098718,1074.352246007735,7401.079753992265,0.0,0.0,1074.352246007735,8470.279753992265,25410.839261976795,1074.352246007735,0.5968623588931861,3223.056738023205,7090.724823651051,10608.679753992266,31826.0392619768,70017.28637634896,11683.032000000001,35049.096000000005,77108.01120000001,0.9735860000000001,2.6451723408,13.225861704000001,1.202351064,2841.8468454160175,2841.8468454160175,0.0,8525.540536248052,8525.540536248052,0.0,3223.056738023205,0.0,3223.056738023205,7090.724823651051,0.0,29152.800000000003,-0.36114140848015425,58.92335012391525
23,23,2025,2NB,2,NB,PM-Late,3,OP,PM,2.2,70,12000,1.6,6.5,75,1800,1,4,0.05,0.01,7436.0,0.0,919.0,0.0,0.0,1.0,1.0,1.0,3.66,1.83,0.17391304347826086,0.17391304347826086,30,4.135,0.592,7463.4774716943,0.0,922.3958844119232,0.0,0.0,8385.873356106224,10230.66512493007,1.0,1.2,0.6558118669826968,10230.66512493007,0.0,1.0,149.269549433886,5485.6559416953105,0.0,691.7969133089424,0.0,0.0,6289.405017079667,0.187399184,0.93699592,,0.17391301138221368,0.17391299752170788,47.412410816340774,237.06205408170385,53.835861366227,65.72321051142828,0.5635896120694694,2.008422883983234,2.451897241915552,-0.4434743579323177,0.7756706499957349,954.0269442269647,6360.18097803345,0.0,0.0,954.0269442269647,7282.576862445373,21847.73058733612,954.0269442269647,0.5300149690149804,2862.080832680894,6296.577831897967,9127.368631269219,27382.105893807657,60240.63296637685,10081.395575496184,30244.18672648855,66537.21079827481,0.8401162979580153,0.41227820480000005,2.061391024,0.187399184,393.3245158967228,393.3245158967228,0.0,1179.9735476901683,1179.9735476901683,0.0,2862.080832680894,0.0,2862.080832680894,6296.577831897967,0.0,25157.62006831867,-0.180869879190309,25.35423038306993
24,24,2025,2SB,2,SB,Night,8,OP,NT,2.2,70,12000,1.6,5.0,75,1800,1,4,0.05,0.01,2585.0,0.0,319.0,0.0,0.0,1.0,1.0,1.0,3.66,1.83,0.17391304347826086,0.17391304347826086,30,4.103,0.708,1551.0,0.0,191.4,0.0,0.0,1742.4,2125.2,1.0,1.2,0.1362307692307692,2125.2,0.0,1.0,31.02,1139.9850000000001,0.0,143.55,0.0,0.0,1306.8000000000002,0.147646003,0.738230015,,0.13627078366381062,0.13627078364285738,131.60929837701795,658.0464918850897,69.98665254541676,74.99138224532659,0.0,1.7602022532159174,1.886073918370944,-0.12587166515502668,0.0004926967396221885,155.34664931498918,1364.6333506850108,0.0,0.0,155.34664931498918,1556.0333506850109,12448.266805480087,155.34664931498918,0.08630369406388287,1242.7731945199134,2734.1010279438096,1938.8333506850108,15510.666805480087,34123.466972056194,2094.18,16753.44,36857.56800000001,0.17451499999999998,0.3248212066,1.6241060330000001,0.147646003,50.45988607176185,50.45988607176185,0.0,403.6790885740948,403.6790885740948,0.0,1242.7731945199134,0.0,1242.7731945199134,2734.1010279438096,0.0,13939.2,-0.06673739768574162,70.37930394492938
25,25,2025,2SB,2,SB,AM-Early,1,OP,AM,2.2,70,12000,1.6,5.0,75,1800,1,4,0.05,0.01,6971.0,0.0,862.0,0.0,0.0,1.0,1.0,1.0,3.66,1.83,0.17391304347826086,0.17391304347826086,30,4.155,0.715,6013.797878374802,0.0,743.637035024972,0.0,0.0,6757.434913399774,8244.708983449718,1.0,1.2,0.5285069861185717,8244.708983449718,0.0,1.0,120.27595756749605,4420.141440605479,0.0,557.727776268729,0.0,0.0,5068.07618504983,0.795369856,3.9768492799999997,,0.07366356285228999,0.07366356939661592,179.65920145155002,898.2960072577501,58.320692333630724,74.71867490221311,1.4509958576177786,1.7666266187503048,2.2633476167408593,-0.49672099799055447,0.5173576635064062,325.60336682605333,5567.918553981252,0.0,0.0,325.60336682605333,6311.555589006224,6311.555589006224,325.60336682605333,0.1808907593478074,325.60336682605333,716.3274070173173,7798.829659056169,7798.829659056169,17157.425249923574,8124.433025882222,8124.433025882222,17873.75265694089,0.6770360854901851,1.7498136832000002,8.749068416,0.7953698560000001,569.7452265682172,569.7452265682172,0.0,569.7452265682172,569.7452265682172,0.0,325.60336682605333,0.0,325.60336682605333,716.3274070173173,0.0,6757.434913399774,-0.21946297348076615,96.07443927890375
26,26,2025,2SB,2,SB,AM-Peak,2,Peak,AM,2.2,70,12000,1.6,5.0,75,1800,1,4,0.05,0.01,9309.0,0.0,1150.0,0.0,0.0,1.0,1.0,1.0,3.66,1.83,0.17391304347826086,0.17391304347826086,30,4.155,0.715,7630.987335410945,0.0,942.7044189196032,0.0,0.0,8573.691754330548,10459.100592169754,1.0,1.2,0.6704551661647279,10459.100592169754,0.0,1.0,152.6197467082189,5608.775691527044,0.0,707.0283141897024,0.0,0.0,6430.2688157479115,1.233788573,6.168942865,,0.14217608481389407,0.14217609741652373,137.06762225213123,685.3381112606562,45.41488454603055,69.59864132045551,1.525322664657884,1.8965887479358639,2.906536068944765,-1.0099473210089012,1.3985258430257572,797.4337684206564,6680.933820282069,0.0,0.0,797.4337684206564,7623.638239201672,15247.276478403344,797.4337684206564,0.443018760233698,1594.8675368413128,3508.7085810508884,9509.04707704088,19018.09415408176,41839.80713897987,10306.480845461536,20612.96169092307,45348.51572003076,0.8588734037884613,2.7143348606,13.571674303000002,1.233788573,2164.502276643815,2164.502276643815,0.0,4329.00455328763,4329.00455328763,0.0,1594.8675368413128,0.0,1594.8675368413128,3508.7085810508884,0.0,17147.383508661096,-0.347474552887819,73.29819371771725
27,27,2025,2SB,2,SB,AM-Shoulder,1,OP,AM,2.2,70,12000,1.6,5.0,75,1800,1,4,0.05,0.01,8274.0,0.0,1023.0,0.0,0.0,1.0,1.0,1.0,3.66,1.83,0.17391304347826086,0.17391304347826086,30,4.155,0.715,7277.959165559638,0.0,899.8491934212605,0.0,0.0,8177.808358980898,9977.506745823419,1.0,1.2,0.6395837657579114,9977.506745823419,0.0,1.0,145.55918331119275,5349.299986686334,0.0,674.8868950659453,0.0,0.0,6133.356269235674,0.683611767,3.418058835,,0.17391299787306988,0.17391264040067614,120.59223265411973,602.9611632705987,50.368864663694765,66.51118526664584,0.5499161296919214,1.984628592481205,2.6206665741096984,-0.6360379816284933,1.0068846351017158,930.3127972069931,6202.087185041451,0.0,0.0,930.3127972069931,7101.936378462712,7101.936378462712,930.3127972069931,0.516840442892774,930.3127972069931,2046.688153855385,8901.634765305233,8901.634765305233,19583.596483671514,9831.947562512225,9831.947562512225,21630.2846375269,0.8193289635426854,1.5039458874000002,7.5197294370000005,0.683611767,1399.1401053550476,1399.1401053550476,0.0,1399.1401053550476,1399.1401053550476,0.0,930.3127972069931,0.0,930.3127972069931,2046.688153855385,0.0,8177.808358980898,-0.24270084104253906,64.48782494872712
28,28,2025,2SB,2,SB,MD,5,OP,MD,2.2,70,12000,1.6,5.0,75,1800,1,4,0.05,0.01,7694.0,0.0,951.0,0.0,0.0,1.0,1.0,1.0,3.66,1.83,0.17391304347826086,0.17391304347826086,30,4.136,0.708,6407.0337610024735,0.0,791.9273598535681,0.0,0.0,7198.961120856042,8782.815840563177,1.0,1.2,0.5630010154207165,8782.815840563177,0.0,1.0,128.14067522004947,4709.1698143368185,0.0,593.945519890176,0.0,0.0,5399.220840642031,0.188471815,0.9423590749999999,,0.17391303750500434,0.17391302512640475,55.76338354361872,278.81691771809363,58.044113391614935,69.66017684127614,0.48389786200898677,1.8949133634955875,2.274132419069196,-0.3792190555736086,0.5321328426962274,818.9860265381934,5459.907059244231,0.0,0.0,818.9860265381934,6251.8344190978,31259.172095488997,818.9860265381934,0.454992236965663,4094.930132690967,9008.846291920128,7835.689138804935,39178.445694024675,86192.58052685429,8654.67516534313,43273.375826715645,95201.42681877442,0.7212229304452608,0.414637993,2.073189965,0.188471815,339.5827223388412,339.5827223388412,0.0,1697.913611694206,1697.913611694206,0.0,4094.930132690967,0.0,4094.930132690967,9008.846291920128,0.0,35994.805604280205,-0.16675328683314897,29.81999119979611
29,29,2025,2SB,2,SB,PM-Shoulder,1,OP,PM,2.2,70,12000,1.6,5.0,75,1800,1,4,0.05,0.01,5126.0,0.0,634.0,0.0,0.0,1.0,1.0,1.0,3.66,1.83,0.17391304347826086,0.17391304347826086,30,4.135,0.592,5242.508701253914,0.0,648.4101671078778,0.0,0.0,5890.918868361792,7187.739202577548,1.0,1.2,0.46075251298574027,7187.739202577548,0.0,1.0,104.85017402507829,3853.243895421627,0.0,486.3076253309083,0.0,0.0,4418.189151271345,0.186849115,0.934245575,,0.17391302703187017,0.17391290193784079,100.86727409234584,504.3363704617292,65.07854625273998,72.50850648458024,0.39631680030306493,1.8204760572205594,2.0283182031658007,-0.2078421459452413,0.19536736690857523,670.12930974485,4467.529217483986,0.0,0.0,670.12930974485,5115.939384591864,5115.939384591864,670.12930974485,0.37229406096936113,670.12930974485,1474.2844814386701,6412.75971880762,6412.75971880762,14108.071381376765,7082.889028552469,7082.889028552469,15582.355862815435,0.5902407523793725,0.41106805300000004,2.0553402650000003,0.186849115,275.4687506150495,275.4687506150495,0.0,275.4687506150495,275.4687506150495,0.0,670.12930974485,0.0,670.12930974485,1474.2844814386701,0.0,5890.918868361792,-0.10247018718307666,53.939718765960336
30,30,2025,2SB,2,SB,PM-Peak,3,Peak,PM,2.2,70,12000,1.6,5.0,75,1800,1,4,0.05,0.01,7001.0,0.0,865.0,0.0,0.0,1.0,1.0,1.0,3.66,1.83,0.17391304347826086,0.17391304347826086,30,4.135,0.592,4200.599999999999,0.0,519.0,0.0,0.0,4719.599999999999,5757.599999999999,1.0,1.2,0.369076923076923,5757.599999999999,0.0,1.0,84.01199999999999,3087.441,0.0,389.25,0.0,0.0,3539.7,0.212310187,1.061550935,,0.10162704786233231,0.10162704969021584,132.7174358277418,663.5871791387091,67.91221668198034,74.82155418909868,1.2796524845469561,1.764197515416381,1.9436856349149998,-0.17948811949861887,0.07942074840497837,313.7675142791271,3802.820485720872,0.0,0.0,313.7675142791271,4321.820485720872,12965.461457162615,313.7675142791271,0.17431528571062618,941.3025428373813,2070.8655942422392,5359.820485720872,16079.461457162615,35374.81520575775,5673.587999999999,17020.763999999996,37445.680799999995,0.4727989999999999,0.46708241140000006,2.3354120570000005,0.212310187,146.55528718847864,146.55528718847864,0.0,439.66586156543593,439.66586156543593,0.0,941.3025428373813,0.0,941.3025428373813,2070.8655942422392,0.0,14158.8,-0.09234421260023777,70.97189081697422
31,31,2025,2SB,2,SB,PM-Late,3,OP,PM,2.2,70,12000,1.6,5.0,75,1800,1,4,0.05,0.01,6368.0,0.0,787.0,0.0,0.0,1.0,1.0,1.0,3.66,1.83,0.17391304347826086,0.17391304347826086,30,4.135,0.592,3820.7999999999997,0.0,472.2,0.0,0.0,4293.0,5237.4,1.0,1.2,0.3357307692307692,5237.4,0.0,1.0,76.416,2808.2879999999996,0.0,354.15,0.0,0.0,3219.75,0.163716463,0.818582315,,0.13255201979808615,0.13255202295599752,120.87170774152614,604.3585387076307,68.79427083499455,74.7116177785739,0.5497323165919455,1.7667934910901568,1.9187644319482153,-0.1519709408580585,0.04527870034048367,372.2442465747277,3372.139753425272,0.0,0.0,372.2442465747277,3844.3397534252717,11533.019260275814,372.2442465747277,0.20680235920818205,1116.7327397241831,2456.812027393203,4788.739753425272,14366.219260275817,31605.6823726068,5160.984,15482.952,34062.4944,0.430082,0.36017621860000004,1.800881093,0.163716463,134.07352512689144,134.07352512689144,0.0,402.2205753806743,402.2205753806743,0.0,1116.7327397241831,0.0,1116.7327397241831,2456.812027393203,0.0,12879.0,-0.0792025004881683,64.63727686712627
32,32,2025,3NB,3,NB,Night,8,OP,NT,3.4,70,12000,1.6,6.5,75,1800,1,4,0.05,0.01,3349.0,0.0,414.0,0.0,0.0,1.0,1.0,1.0,3.66,1.83,0.17391304347826086,0.17391304347826086,30,4.103,0.708,2259.457276720329,0.0,279.3118281762366,0.0,0.0,2538.7691048965658,3097.392761249039,1.0,1.2,0.19855081802878455,3097.392761249039,0.0,1.0,45.18914553440658,1660.7010983894418,0.0,209.48387113217746,0.0,0.0,1904.0768286724242,0.117777617,0.588888085,,0.17391293994380574,0.17391289922144854,106.68366163878824,533.4183081939411,69.99109478949346,74.91118698301528,0.0,2.723224770770929,2.9146565089966696,-0.19143173822574067,0.0005079887540090208,288.81741038881523,1925.4507207971071,0.0,0.0,288.81741038881523,2204.7625489733437,17638.10039178675,288.81741038881523,0.16045411688267514,2310.539283110522,7855.8335625757745,2763.386205325817,22107.089642606537,75164.10478486223,3052.203615714632,24417.628925717057,83019.938347438,0.25435030130955266,0.4004438978,2.002219489,0.117777617,115.65516956859939,115.65516956859939,0.0,925.2413565487951,925.2413565487951,0.0,2310.539283110522,0.0,2310.539283110522,7855.8335625757745,0.0,20310.152839172526,-0.06567900458762409,36.914761812729495
33,33,2025,3NB,3,NB,AM-Early,1,OP,AM,3.4,70,12000,1.6,6.5,75,1800,1,4,0.05,0.01,3209.0,0.0,397.0,0.0,0.0,1.0,1.0,1.0,3.66,1.83,0.17391304347826086,0.17391304347826086,30,4.155,0.715,2258.9848570109466,0.0,279.46930141269735,0.0,0.0,2538.454158423644,3097.392761249039,1.0,1.2,0.19855081802878455,3097.392761249039,0.0,1.0,45.179697140218934,1660.3538699030455,0.0,209.601976059523,0.0,0.0,1903.840618817733,0.169543156,0.84771578,,0.11294160704294848,0.11294160703795093,151.5457735802021,757.7288679010106,69.9887888951854,74.97905618113451,0.0,2.7207597746652947,2.914752537088599,-0.1939927624233042,0.0006395472399523838,187.52303432682857,2026.2821255438992,0.0,0.0,187.52303432682857,2305.7514269565963,2305.7514269565963,187.52303432682857,0.10417946351490476,187.52303432682857,637.5783167112171,2864.690029781991,2864.690029781991,9739.946101258769,3052.2130641088197,3052.2130641088197,10377.524417969986,0.25435108867573497,0.5764467303999999,2.882233652,0.169543156,108.09704001238728,108.09704001238728,0.0,108.09704001238728,108.09704001238728,0.0,187.52303432682857,0.0,187.52303432682857,637.5783167112171,0.0,2538.454158423644,-0.06655548282567889,52.4379839377862
34,34,2025,3NB,3,NB,AM-Peak,2,Peak,AM,3.4,70,12000,1.6,6.5,75,1800,1,4,0.05,0.01,6617.0,0.0,818.0,0.0,0.0,1.0,1.0,1.0,3.66,1.83,0.17391304347826086,0.17391304347826086,30,4.155,0.715,3970.2,0.0,490.79999999999995,0.0,0.0,4461.0,5442.599999999999,1.0,1.2,0.34888461538461535,5442.599999999999,0.0,1.0,79.404,2918.0969999999998,0.0,368.09999999999997,0.0,0.0,3345.75,0.167837166,0.83918583,,0.12602884561295083,0.126028847633963,144.59496043113322,722.9748021556661,69.58580448352511,74.71541983343486,1.4830466812225491,2.7303600843678963,2.9316324143137313,-0.201272329945835,0.023764979038383746,367.76439629661496,3523.031603703385,0.0,0.0,367.76439629661496,4013.8316037033846,8027.663207406769,367.76439629661496,0.20431355349811942,735.5287925932299,2500.7978948169816,4995.431603703385,9990.86320740677,33968.934905183014,5363.196,10726.392,36469.7328,0.44693299999999997,0.5706463644,2.853231822,0.167837166,209.86341570242416,209.86341570242416,0.0,419.7268314048483,419.7268314048483,0.0,735.5287925932299,0.0,735.5287925932299,2500.7978948169816,0.0,8922.0,-0.06865537744879623,50.03285828066894
35,35,2025,3NB,3,NB,AM-Shoulder,1,OP,AM,3.4,70,12000,1.6,6.5,75,1800,1,4,0.05,0.01,7565.0,0.0,935.0,0.0,0.0,1.0,1.0,1.0,3.66,1.83,0.17391304347826086,0.17391304347826086,30,4.155,0.715,4539.0,0.0,561.0,0.0,0.0,5100.0,6222.0,1.0,1.2,0.39884615384615385,6222.0,0.0,1.0,90.78,3336.165,0.0,420.75,0.0,0.0,3825.0,0.174664118,0.8733205900000001,,0.13228495302711304,0.1322849592150588,141.5556840484639,707.7784202423196,69.04188987784894,74.43159900678717,1.0124350910805495,2.7407714293682974,2.954727924755871,-0.21395649538757366,0.05540582834411483,441.3244303156986,4006.895569684301,0.0,0.0,441.3244303156986,4567.8955696843,4567.8955696843,441.3244303156986,0.245180239064277,441.3244303156986,1500.5030630733752,5689.8955696843,5689.8955696843,19345.64493692662,6131.219999999999,6131.219999999999,20846.147999999994,0.5109349999999999,0.5938580012,2.969290006,0.174664118,262.08404406800946,262.08404406800946,0.0,262.08404406800946,262.08404406800946,0.0,441.3244303156986,0.0,441.3244303156986,1500.5030630733752,0.0,5100.0,-0.07241157251568313,48.981205553101695
36,36,2025,3NB,3,NB,MD,5,OP,MD,3.4,70,12000,1.6,6.5,75,1800,1,4,0.05,0.01,7925.0,0.0,980.0,0.0,0.0,1.0,1.0,1.0,3.66,1.83,0.17391304347826086,0.17391304347826086,30,4.136,0.708,6421.98024983041,0.0,794.1376207992179,0.0,0.0,7216.117870629628,8804.393112228063,1.0,1.2,0.5643841738607732,8804.393112228063,0.0,1.0,128.4396049966082,4720.155483625351,0.0,595.6032155994134,0.0,0.0,5412.088402972221,0.415252552,2.07626276,,0.12743140855139068,0.12743142412009187,140.06981104607283,700.3490552303642,61.6757769440272,73.02520904718834,1.5126188696670604,2.7935558509415115,3.3076194595025,-0.5140636085609884,0.5388672309469963,601.4960618599491,5692.044582973853,0.0,0.0,601.4960618599491,6486.182203773071,32430.911018865354,601.4960618599491,0.33416447881108285,3007.4803092997454,10225.433051619135,8074.457445371507,40372.28722685753,137265.7765713156,8675.953507231456,43379.76753615728,147491.20962293472,0.7229961256026213,1.4118586767999999,7.059293384,0.415252552,849.2274339979987,849.2274339979987,0.0,4246.137169989994,4246.137169989994,0.0,3007.4803092997454,0.0,3007.4803092997454,10225.433051619135,0.0,36080.58935314814,-0.15541800223847663,48.46706264569994
37,37,2025,3NB,3,NB,PM-Shoulder,1,OP,PM,3.4,70,12000,1.6,6.5,75,1800,1,4,0.05,0.01,8604.0,0.0,1063.0,0.0,0.0,1.0,1.0,1.0,3.66,1.83,0.17391304347826086,0.17391304347826086,30,4.135,0.592,8341.204328434646,0.0,1030.532333929106,0.0,0.0,9371.736662363752,11432.801330221962,1.0,1.2,0.7328718801424335,11432.801330221962,0.0,1.0,166.8240865686929,6130.785181399464,0.0,772.8992504468295,0.0,0.0,7028.802496772814,1.419297409,7.096487045,,0.13395781832287482,0.1339578381414026,120.40513575498603,602.0256787749303,40.71070950843658,68.7567258780339,1.8243327544260424,2.966982464550032,5.010966462221067,-2.0439839976710346,2.8724526246714337,821.2666075064825,7353.11363435947,0.0,0.0,821.2666075064825,8383.645968288576,8383.645968288576,821.2666075064825,0.4562592263924903,821.2666075064825,2792.3064655220405,10444.710636146789,10444.710636146789,35512.01616289908,11265.977243653271,11265.977243653271,38304.32262842113,0.9388314369711059,4.825611190599999,24.128055953,1.419297409,3963.1133316493792,3963.1133316493792,0.0,3963.1133316493792,3963.1133316493792,0.0,821.2666075064825,0.0,821.2666075064825,2792.3064655220405,0.0,9371.736662363752,-0.4079021508288157,41.66267673182908
38,38,2025,3NB,3,NB,PM-Peak,3,Peak,PM,3.4,70,12000,1.6,6.5,75,1800,1,4,0.05,0.01,7495.0,0.0,926.0,0.0,0.0,1.0,1.0,1.0,3.66,1.83,0.17391304347826086,0.17391304347826086,30,4.135,0.592,8650.057730999113,0.0,1068.7062653642665,0.0,0.0,9718.76399636338,11856.176527091913,1.0,1.2,0.7600113158392252,11856.176527091913,0.0,1.0,173.00115461998226,6357.792432284348,0.0,801.5296990231999,0.0,0.0,7289.072997272535,1.202351064,6.01175532,,0.16899438142374615,0.16899437643405144,110.19183256769021,550.959162838451,38.935411594523934,60.94275856869311,1.746416824707453,3.347403445317567,5.239446345770531,-1.8920429004529642,3.1854700651342,1074.431199314468,7402.625377064664,0.0,0.0,1074.431199314468,8471.33164242893,25413.99492728679,1074.431199314468,0.5969062218413711,3223.2935979434037,10959.198233007572,10608.744173157464,31826.23251947239,108209.19056620612,11683.175372471931,35049.52611741579,119168.38879921369,0.9735979477059943,4.0879936176,20.439968087999997,1.202351064,4392.267885347857,4392.267885347857,0.0,13176.803656043572,13176.803656043572,0.0,3223.2935979434037,0.0,3223.2935979434037,10959.198233007572,0.0,29156.29198909014,-0.3611150445276129,38.128661788128106
39,39,2025,3NB,3,NB,PM-Late,3,OP,PM,3.4,70,12000,1.6,6.5,75,1800,1,4,0.05,0.01,7734.0,0.0,956.0,0.0,0.0,1.0,1.0,1.0,3.66,1.83,0.17391304347826086,0.17391304347826086,30,4.135,0.592,6774.237453435951,0.0,837.3637193541206,0.0,0.0,7611.601172790071,9286.328611498313,1.0,1.2,0.5952774750960457,9286.328611498313,0.0,1.0,135.48474906871903,4979.064528275424,0.0,628.0227895155904,0.0,0.0,5708.700879592554,0.187399184,0.93699592,,0.17391304202994526,0.17391301089137923,81.2403507697757,406.2017538488785,60.34509481113555,68.4432782094848,0.7907694168881967,2.980570266894812,3.3805564584572605,-0.3999861915624483,0.6387909195150187,865.9242585757734,5772.828445791458,0.0,0.0,865.9242585757734,6610.192165145579,19830.576495436737,865.9242585757734,0.4810690325420963,2597.77277572732,8832.427437472888,8284.91960385382,24854.758811561456,84506.17995930895,9150.843862429592,27452.531587288777,93338.60739678184,0.7625703218691327,0.6371572256,3.1857861279999997,0.187399184,551.7298981738768,551.7298981738768,0.0,1655.1896945216304,1655.1896945216304,0.0,2597.77277572732,0.0,2597.77277572732,8832.427437472888,0.0,22834.803518370216,-0.1183196306518675,28.110848017223425
40,40,2025,3SB,3,SB,Night,8,OP,NT,3.4,70,12000,1.6,5.0,75,1800,1,4,0.05,0.01,2688.0,0.0,332.0,0.0,0.0,1.0,1.0,1.0,3.66,1.83,0.17391304347826086,0.17391304347826086,30,4.103,0.708,1612.8,0.0,199.2,0.0,0.0,1812.0,2210.3999999999996,1.0,1.2,0.14169230769230767,2210.3999999999996,0.0,1.0,32.256,1185.408,0.0,149.39999999999998,0.0,0.0,1359.0,0.147646003,0.738230015,,0.13637668426828609,0.13637668424360042,131.5641601981181,657.8208009905903,69.98375786514889,74.98989851202391,0.0,2.72036639664595,2.914962074387115,-0.19459567774116504,0.0009266133389195026,161.66201254510045,1418.8819874548994,0.0,0.0,161.66201254510045,1618.0819874548995,12944.655899639196,161.66201254510045,0.08981222919172248,1293.2961003608036,4397.206741226732,2016.4819874548994,16131.855899639195,54848.31005877326,2178.144,17425.152,59245.5168,0.18151199999999998,0.5019964102,2.5099820509999997,0.147646003,81.15374996334779,81.15374996334779,0.0,649.2299997067823,649.2299997067823,0.0,1293.2961003608036,0.0,1293.2961003608036,4397.206741226732,0.0,14496.0,-0.06675753329726587,45.52393086440072
41,41,2025,3SB,3,SB,AM-Early,1,OP,AM,3.4,70,12000,1.6,5.0,75,1800,1,4,0.05,0.01,7250.0,0.0,896.0,0.0,0.0,1.0,1.0,1.0,3.66,1.83,0.17391304347826086,0.17391304347826086,30,4.155,0.715,6732.042089488811,0.0,831.9875465078586,0.0,0.0,7564.02963599667,9228.004729012388,1.0,1.2,0.5915387646802812,9228.004729012388,0.0,1.0,134.64084178977623,4948.050935774276,0.0,623.990659880894,0.0,0.0,5673.022226997502,0.795369856,3.9768492799999997,,0.130768848904055,0.13076886185899833,142.27705637706444,711.385281885322,53.88131070827168,72.4240642661765,1.5275861619722906,2.8167433306455867,3.786099434449775,-0.9693561038041882,1.1943847966247636,647.0509251898342,5950.350322509201,0.0,0.0,647.0509251898342,6782.337869017059,6782.337869017059,647.0509251898342,0.35947273621657455,647.0509251898342,2199.973145645436,8446.312962032776,8446.312962032776,28717.46407091144,9093.363887222611,9093.363887222611,30917.437216556875,0.7577803239352175,2.7042575103999997,13.521287551999999,0.7953698560000001,1749.7923240558775,1749.7923240558775,0.0,1749.7923240558775,1749.7923240558775,0.0,647.0509251898342,0.0,647.0509251898342,2199.973145645436,0.0,7564.02963599667,-0.25603028145114276,49.23081535538561
42,42,2025,3SB,3,SB,AM-Peak,2,Peak,AM,3.4,70,12000,1.6,5.0,75,1800,1,4,0.05,0.01,9681.0,0.0,1197.0,0.0,0.0,1.0,1.0,1.0,3.66,1.83,0.17391304347826086,0.17391304347826086,30,4.155,0.715,8190.1868182379985,0.0,1012.6695198255226,0.0,0.0,9202.85633806352,11228.195377714566,1.0,1.2,0.719756113956062,11228.195377714566,0.0,1.0,163.80373636475997,6019.787311404929,0.0,759.502139869142,0.0,0.0,6902.14225354764,1.233788573,6.168942865,,0.17265298643406748,0.1726527826047711,125.18208821055707,625.9104410527854,41.03019599126175,62.52057180318202,1.535624991774244,3.2629260116526524,4.97194797810486,-1.709021966452208,2.8189973014322307,1039.3342570119667,6987.048824861272,0.0,0.0,1039.3342570119667,7999.718344686795,15999.43668937359,1039.3342570119667,0.5774079205622037,2078.6685140239333,7067.472947681373,10025.05738433784,20050.11476867568,68170.39021349732,11064.391641349808,22128.783282699616,75237.86316117868,0.9220326367791507,4.1948811481999995,20.974405740999998,1.233788573,4359.883681417952,4359.883681417952,0.0,8719.767362835904,8719.767362835904,0.0,2078.6685140239333,0.0,2078.6685140239333,7067.472947681373,0.0,18405.71267612704,-0.34373287371032185,43.315601456940165
43,43,2025,3SB,3,SB,AM-Shoulder,1,OP,AM,3.4,70,12000,1.6,5.0,75,1800,1,4,0.05,0.01,8605.0,0.0,1064.0,0.0,0.0,1.0,1.0,1.0,3.66,1.83,0.17391304347826086,0.17391304347826086,30,4.155,0.715,7785.225297680508,0.0,962.6356440130228,0.0,0.0,8747.86094169353,10673.132229719577,1.0,1.2,0.6841751429307421,10673.132229719577,0.0,1.0,155.70450595361018,5722.140593795173,0.0,721.976733009767,0.0,0.0,6560.895706270148,0.683611767,3.418058835,,0.17391293077291206,0.1739127148260091,89.07650483811436,445.38252419057176,45.28018945826459,64.26138754009622,0.9091991420044184,3.174534628165524,4.505281502588009,-1.3307468744224846,2.1796642299741444,995.1542409615698,6634.366550765329,0.0,0.0,995.1542409615698,7597.002194778352,7597.002194778352,995.1542409615698,0.5528634672008721,995.1542409615698,3383.524419269337,9522.273482804398,9522.273482804398,32375.72984153495,10517.427723765968,10517.427723765968,35759.254260804286,0.8764523103138306,2.3242800078,11.621400039,0.683611767,2313.017106944361,2313.017106944361,0.0,2313.017106944361,2313.017106944361,0.0,995.1542409615698,0.0,995.1542409615698,3383.524419269337,0.0,8747.86094169353,-0.2953748558570762,30.822320013188357
44,44,2025,3SB,3,SB,MD,5,OP,MD,3.4,70,12000,1.6,5.0,75,1800,1,4,0.05,0.01,8002.0,0.0,989.0,0.0,0.0,1.0,1.0,1.0,3.66,1.83,0.17391304347826086,0.17391304347826086,30,4.136,0.708,6014.866928953372,0.0,743.4020735734672,0.0,0.0,6758.269002526839,8245.073149673774,1.0,1.2,0.5285303301072932,8245.073149673774,0.0,1.0,120.29733857906744,4420.927192780729,0.0,557.5515551801004,0.0,0.0,5068.70175189513,0.188471815,0.9423590749999999,,0.1739130327380824,0.1739130214629848,69.5323188342451,347.6615941712255,60.859839127231055,70.78534840632832,0.7019964886459993,2.8819523332566104,3.3519641675937732,-0.47001183433716287,0.5996194810320408,768.8568556107535,5125.7127347635505,0.0,0.0,768.8568556107535,5869.114808337018,29345.57404168509,768.8568556107535,0.4271426975615297,3844.2842780537676,13070.56654538281,7355.918955483952,36779.59477741976,125050.62224322719,8124.775811094706,40623.87905547353,138121.18878861,0.6770646509245588,0.640804171,3.2040208549999996,0.188471815,492.6866799773156,492.6866799773156,0.0,2463.4333998865777,2463.4333998865777,0.0,3844.2842780537676,0.0,3844.2842780537676,13070.56654538281,0.0,33791.3450126342,-0.14021982659634563,24.05962589420246
45,45,2025,3SB,3,SB,PM-Shoulder,1,OP,PM,3.4,70,12000,1.6,5.0,75,1800,1,4,0.05,0.01,5331.0,0.0,659.0,0.0,0.0,1.0,1.0,1.0,3.66,1.83,0.17391304347826086,0.17391304347826086,30,4.135,0.592,5610.539192624803,0.0,693.5556795985266,0.0,0.0,6304.09487222333,7691.206231420383,1.0,1.2,0.49302604047566556,7691.206231420383,0.0,1.0,112.21078385249606,4123.74630657923,0.0,520.1667596988949,0.0,0.0,4728.071154167497,0.186849115,0.934245575,,0.17391303604411712,0.17391299760290244,85.07633665806964,425.38168329034824,63.28655835094954,71.76520636791919,0.6549787949502547,2.8426031265645886,3.2234333058330895,-0.38083017926850093,0.42353220041990397,717.1732400529085,4781.155168719399,0.0,0.0,717.1732400529085,5474.710848317925,5474.710848317925,717.1732400529085,0.39842957780717136,717.1732400529085,2438.3890161798886,6861.822207514979,6861.822207514979,23330.195505550928,7578.995447567887,7578.995447567887,25768.584521730816,0.6315829539639906,0.635286991,3.176434955,0.186849115,455.6108296989329,455.6108296989329,0.0,455.6108296989329,455.6108296989329,0.0,717.1732400529085,0.0,717.1732400529085,2438.3890161798886,0.0,6304.09487222333,-0.11814427138273803,29.43817877441856
46,46,2025,3SB,3,SB,PM-Peak,3,Peak,PM,3.4,70,12000,1.6,5.0,75,1800,1,4,0.05,0.01,7281.0,0.0,900.0,0.0,0.0,1.0,1.0,1.0,3.66,1.83,0.17391304347826086,0.17391304347826086,30,4.135,0.592,5314.091922287379,0.0,656.8716838426922,0.0,0.0,5970.963606130072,7284.706973815455,1.0,1.2,0.46696839575740096,7284.706973815455,0.0,1.0,106.28183844574758,3905.857562881223,0.0,492.6537628820191,0.0,0.0,4478.222704597554,0.212310187,1.061550935,,0.17195324808790322,0.17195313134347898,109.43306337823998,547.1653168912,64.73529042652056,72.47192531207234,1.0108180116824719,2.814883130557838,3.151295045652964,-0.3364119150951259,0.3247027839731324,671.624894506128,4536.185189335503,0.0,0.0,671.624894506128,5193.056873178195,15579.170619534585,671.624894506128,0.37312494139229335,2014.8746835183842,6850.573923962506,6506.80024086358,19520.40072259074,66369.36245680852,7178.425135369708,21535.275406109125,73219.93638077103,0.5982020946141423,0.7218546358,3.609273179,0.212310187,484.81554361793445,484.81554361793445,0.0,1454.4466308538033,1454.4466308538033,0.0,2014.8746835183842,0.0,2014.8746835183842,6850.573923962506,0.0,17912.890818390217,-0.10675354424816154,37.86611189558477
47,47,2025,3SB,3,SB,PM-Late,3,OP,PM,3.4,70,12000,1.6,5.0,75,1800,1,4,0.05,0.01,6623.0,0.0,819.0,0.0,0.0,1.0,1.0,1.0,3.66,1.83,0.17391304347826086,0.17391304347826086,30,4.135,0.592,3973.7999999999997,0.0,491.4,0.0,0.0,4465.2,5448.0,1.0,1.2,0.34923076923076923,5448.0,0.0,1.0,79.476,2920.7429999999995,0.0,368.54999999999995,0.0,0.0,3348.8999999999996,0.163716463,0.818582315,,0.14066613291035807,0.14066613778137463,118.24752753553858,591.2376376776929,68.57020497502712,74.58929984618322,0.8016351768294742,2.734976738227672,2.9750530871870025,-0.2400763489593305,0.08325130087476486,410.8496230349979,3483.4743769650017,0.0,0.0,410.8496230349979,3974.874376965002,11924.623130895005,410.8496230349979,0.2282497905749988,1232.5488691049936,4190.666154956978,4957.674376965002,14873.023130895006,50568.27864504302,5368.523999999999,16105.572,54758.9448,0.44737699999999997,0.5566359742,2.7831798709999997,0.163716463,228.6936801677888,228.6936801677888,0.0,686.0810405033665,686.0810405033665,0.0,1232.5488691049936,0.0,1232.5488691049936,4190.666154956978,0.0,13395.599999999999,-0.0806964924401835,40.91609949326594
48,48,2025,4NB,4,NB,Night,8,OP,NT,4.4,70,12000,1.6,6.5,75,1800,1,4,0.05,0.01,3091.0,0.0,382.0,0.0,0.0,1.0,1.0,1.0,3.66,1.83,0.17391304347826086,0.17391304347826086,30,4.103,0.708,2259.6273365637903,0.0,279.25514156174955,0.0,0.0,2538.88247812554,3097.392761249039,1.0,1.2,0.19855081802878455,3097.392761249039,0.0,1.0,45.192546731275804,1660.826092374386,0.0,209.44135617131218,0.0,0.0,1904.1618585941549,0.117777617,0.588888085,,0.1739129399446132,0.17391289919619854,106.68421315232398,533.42106576162,69.99109523744188,74.91116027334232,0.0,3.5241744893109916,3.771908399266949,-0.24773390995595745,0.000657364138577719,288.83914846155324,1925.5956413709614,0.0,0.0,288.83914846155324,2204.850782932711,17638.806263461687,288.83914846155324,0.1604661935897518,2310.713187692426,10167.138025846674,2763.36106605621,22106.88852844968,97270.3095251786,3052.200214517763,24417.601716142104,107437.44755102528,0.25435001787648026,0.5182215148,2.591107574,0.117777617,149.6826610492882,149.6826610492882,0.0,1197.4612883943057,1197.4612883943057,0.0,2310.713187692426,0.0,2310.713187692426,10167.138025846674,0.0,20311.05982500432,-0.06567866547451238,28.525190682439565
49,49,2025,4NB,4,NB,AM-Early,1,OP,AM,4.4,70,12000,1.6,6.5,75,1800,1,4,0.05,0.01,2962.0,0.0,366.0,0.0,0.0,1.0,1.0,1.0,3.66,1.83,0.17391304347826086,0.17391304347826086,30,4.155,0.715,2259.7234873940033,0.0,279.22309128501183,0.0,0.0,2538.946578679015,3097.392761249039,1.0,1.2,0.19855081802878455,3097.392761249039,0.0,1.0,45.19446974788007,1660.8967632345923,0.0,209.41731846375887,0.0,0.0,1904.2099340092614,0.169543156,0.84771578,,0.11294019109919198,0.11294019109419878,151.54657425580217,757.732871279011,69.98879037149617,74.97902963021217,0.0,3.52098448462213,3.772032615490343,-0.2510481308682131,0.0008275403646271489,187.5819978357443,2026.9470198103788,0.0,0.0,187.5819978357443,2306.170111095391,2306.170111095391,187.5819978357443,0.10421222101985794,187.5819978357443,825.3607904772749,2864.6162936654146,2864.6162936654146,12604.311692127825,3052.198291501159,3052.198291501159,13429.6724826051,0.2543498576250966,0.7459898864000001,3.7299494320000006,0.169543156,139.93427325617193,139.93427325617193,0.0,139.93427325617193,139.93427325617193,0.0,187.5819978357443,0.0,187.5819978357443,825.3607904772749,0.0,2538.946578679015,-0.06655513259277009,40.520474399947105
50,50,2025,4NB,4,NB,AM-Peak,2,Peak,AM,4.4,70,12000,1.6,6.5,75,1800,1,4,0.05,0.01,6108.0,0.0,755.0,0.0,0.0,1.0,1.0,1.0,3.66,1.83,0.17391304347826086,0.17391304347826086,30,4.155,0.715,3664.7999999999997,0.0,453.0,0.0,0.0,4117.799999999999,5023.799999999999,1.0,1.2,0.3220384615384615,5023.799999999999,0.0,1.0,73.29599999999999,2693.6279999999997,0.0,339.75,0.0,0.0,3088.3499999999995,0.167837166,0.83918583,,0.12148844248610215,0.1214884434849138,146.90975611580203,734.54878057901,69.74907339780512,74.8165599346753,1.8574271777691822,3.528630562946315,3.7849965187968735,-0.25636595585055844,0.018588087894574064,327.2446703569543,3264.2593296430455,0.0,0.0,327.2446703569543,3717.2593296430455,7434.518659286091,327.2446703569543,0.1818025946427524,654.4893407139086,2879.753099141198,4623.259329643046,9246.518659286092,40684.68210085881,4950.504,9901.008,43564.43520000001,0.412542,0.7384835304000001,3.6924176520000005,0.167837166,241.6647994697879,241.6647994697879,0.0,483.3295989395758,483.3295989395758,0.0,654.4893407139086,0.0,654.4893407139086,2879.753099141198,0.0,8235.599999999999,-0.06773215102772374,39.280683453422995
51,51,2025,4NB,4,NB,AM-Shoulder,1,OP,AM,4.4,70,12000,1.6,6.5,75,1800,1,4,0.05,0.01,6983.0,0.0,863.0,0.0,0.0,1.0,1.0,1.0,3.66,1.83,0.17391304347826086,0.17391304347826086,30,4.155,0.715,4189.8,0.0,517.8,0.0,0.0,4707.6,5743.2,1.0,1.2,0.36815384615384616,5743.2,0.0,1.0,83.796,3079.5029999999997,0.0,388.34999999999997,0.0,0.0,3530.7000000000003,0.174664118,0.8733205900000001,,0.1230372700511178,0.12303726529028719,146.10926931013532,730.5463465506766,69.40750249917721,74.67398437568825,1.337429129150942,3.5353678018813604,3.8036233907585073,-0.26825558887714696,0.044106902482012114,378.89364223422734,3727.110357765773,0.0,0.0,378.89364223422734,4244.910357765773,4244.910357765773,378.89364223422734,0.21049646790790408,378.89364223422734,1667.1320258306005,5280.510357765773,5280.510357765773,23234.245574169403,5659.404,5659.404,24901.377600000003,0.47161700000000006,0.7685221192000001,3.8426105960000005,0.174664118,291.1881448812551,291.1881448812551,0.0,291.1881448812551,291.1881448812551,0.0,378.89364223422734,0.0,378.89364223422734,1667.1320258306005,0.0,4707.6,-0.07052632748260922,39.06664954816452
52,52,2025,4NB,4,NB,MD,5,OP,MD,4.4,70,12000,1.6,6.5,75,1800,1,4,0.05,0.01,7316.0,0.0,904.0,0.0,0.0,1.0,1.0,1.0,3.66,1.83,0.17391304347826086,0.17391304347826086,30,4.136,0.708,4811.04790260831,0.0,594.4761213720493,0.0,0.0,5405.52402398036,6594.476266724458,1.0,1.2,0.42272283761054213,6594.476266724458,0.0,1.0,96.22095805216621,3536.120208417108,0.0,445.85709102903695,0.0,0.0,4054.1430179852696,0.415252552,2.07626276,,0.023400369923941167,0.02340038277470506,255.58986185809965,1277.9493092904984,67.95501655250266,74.99267132798543,3.1202530884336364,3.520343992620005,3.884922900372355,-0.36457890775235,0.15548723065298364,82.74652097248428,4632.08042358366,0.0,0.0,82.74652097248428,5226.55654495571,26132.78272477855,82.74652097248428,0.04597028942915793,413.7326048624214,1820.4234613946544,6415.508787699808,32077.54393849904,141141.19332939578,6498.255308672292,32491.27654336146,142961.61679079043,0.541521275722691,1.8271112288000002,9.135556144,0.415252552,151.18709761296074,151.18709761296074,0.0,755.9354880648037,755.9354880648037,0.0,413.7326048624214,0.0,413.7326048624214,1820.4234613946544,0.0,27027.6201199018,-0.09384456708713744,68.33953525617638
53,53,2025,4NB,4,NB,PM-Shoulder,1,OP,PM,4.4,70,12000,1.6,6.5,75,1800,1,4,0.05,0.01,7941.0,0.0,982.0,0.0,0.0,1.0,1.0,1.0,3.66,1.83,0.17391304347826086,0.17391304347826086,30,4.135,0.592,6887.834743723296,0.0,851.7634703861323,0.0,0.0,7739.598214109428,9443.125154881693,1.0,1.2,0.6053285355693393,9443.125154881693,0.0,1.0,137.75669487446592,5062.558536636622,0.0,638.8226027895993,0.0,0.0,5804.698660582071,1.419297409,7.096487045,,0.0168174231284986,0.016817436301961752,219.78677425664344,1098.933871283217,53.119615398070735,74.98236898432299,4.618247865169608,3.5208276769062343,4.969915501488896,-1.4490878245826617,1.6419270941826447,85.13918902341075,6664.938859825419,0.0,0.0,85.13918902341075,7516.702330211551,7516.702330211551,85.13918902341075,0.047299549457450414,85.13918902341075,374.61243170300736,9220.229270983817,9220.229270983817,40569.008792328794,9305.368460007227,9305.368460007227,40943.6212240318,0.7754473716672688,6.2449085996,31.224542998000004,1.419297409,531.6864536952678,531.6864536952678,0.0,531.6864536952678,531.6864536952678,0.0,85.13918902341075,0.0,85.13918902341075,374.61243170300736,0.0,7739.598214109428,-0.291571923938856,58.76651718092071
54,54,2025,4NB,4,NB,PM-Peak,3,Peak,PM,4.4,70,12000,1.6,6.5,75,1800,1,4,0.05,0.01,6919.0,0.0,855.0,0.0,0.0,1.0,1.0,1.0,3.66,1.83,0.17391304347826086,0.17391304347826086,30,4.135,0.592,7075.625486013744,0.0,874.3546452582383,0.0,0.0,7949.980131271983,9698.689421788458,1.0,1.2,0.621710860371055,9698.689421788458,0.0,1.0,141.5125097202749,5200.5847322201025,0.0,655.7659839436787,0.0,0.0,5962.485098453987,1.202351064,6.01175532,,0.04183310055837163,0.04183310753142806,173.9974988498677,869.9874942493386,52.00725825284269,74.88142416877562,6.496727305889967,3.525573971522885,5.076214529835744,-1.5506405583128595,1.787556763017828,217.55658406529577,6716.5563922281735,0.0,0.0,217.55658406529577,7590.911037486412,22772.73311245924,217.55658406529577,0.12086476892516432,652.6697521958873,2871.7469096619043,9339.62032800289,28018.86098400867,123282.98832963814,9557.176912068186,28671.530736204557,126154.73523930005,0.7964314093390155,5.2903446816,26.451723408000003,1.202351064,1150.9493174569006,1150.9493174569006,0.0,3452.847952370702,3452.847952370702,0.0,652.6697521958873,0.0,652.6697521958873,2871.7469096619043,0.0,23849.94039381595,-0.3054718332329889,46.52339541440313
55,55,2025,4NB,4,NB,PM-Late,3,OP,PM,4.4,70,12000,1.6,6.5,75,1800,1,4,0.05,0.01,7138.0,0.0,882.0,0.0,0.0,1.0,1.0,1.0,3.66,1.83,0.17391304347826086,0.17391304347826086,30,4.135,0.592,4762.437002652254,0.0,588.4658778844617,0.0,0.0,5350.902880536715,6527.834636305639,1.0,1.2,0.41845093822472046,6527.834636305639,0.0,1.0,95.24874005304508,3500.3911969494065,0.0,441.3494084133463,0.0,0.0,4013.177160402536,0.187399184,0.93699592,,0.10208986975774824,0.10208987397599312,132.5131546424854,662.5657732124271,68.5462201857211,74.70138665924945,1.8498335358718156,3.5340709430768213,3.851415866326558,-0.3173449232497365,0.10958259401024133,357.35448139773337,4309.833781201475,0.0,0.0,357.35448139773337,4898.299659085937,14694.89897725781,357.35448139773337,0.1985302674431852,1072.0634441932002,4717.079154450082,6075.23141485486,18225.69424456458,80193.05467608415,6432.585896252594,19297.75768875778,84910.13383053424,0.5360488246877161,0.8245564096000001,4.122782048,0.18739918399999997,294.65892813578506,294.65892813578506,0.0,883.9767844073551,883.9767844073551,0.0,1072.0634441932002,0.0,1072.0634441932002,4717.079154450082,0.0,16052.708641610145,-0.0823969506965803,35.43132477071802
56,56,2025,4SB,4,SB,Night,8,OP,NT,4.4,70,12000,1.6,5.0,75,1800,1,4,0.05,0.01,2482.0,0.0,307.0,0.0,0.0,1.0,1.0,1.0,3.66,1.83,0.17391304347826086,0.17391304347826086,30,4.103,0.708,1489.2,0.0,184.2,0.0,0.0,1673.4,2041.8,1.0,1.2,0.13088461538461538,2041.8,0.0,1.0,29.784000000000002,1094.562,0.0,138.14999999999998,0.0,0.0,1255.0500000000002,0.147646003,0.738230015,,0.13618648371911138,0.13618648370139133,131.645257911747,658.2262895587351,69.98906815298601,74.99269078713196,0.0,3.5203430791591215,3.7720176445689217,-0.25167456540980027,0.000807030202279735,149.06454999255797,1310.351450007442,0.0,0.0,149.06454999255797,1494.551450007442,11956.411600059537,149.06454999255797,0.08281363888475443,1192.5163999404638,5247.072159738041,1862.951450007442,14903.611600059536,65575.89104026197,2012.0159999999998,16096.127999999999,70822.96320000001,0.16766799999999998,0.6496424132,3.2482120660000002,0.147646003,96.83865397973742,96.83865397973742,0.0,774.7092318378993,774.7092318378993,0.0,1192.5163999404638,0.0,1192.5163999404638,5247.072159738041,0.0,13387.2,-0.06672147087439259,35.19926682132273
57,57,2025,4SB,4,SB,AM-Early,1,OP,AM,4.4,70,12000,1.6,5.0,75,1800,1,4,0.05,0.01,6693.0,0.0,827.0,0.0,0.0,1.0,1.0,1.0,3.66,1.83,0.17391304347826086,0.17391304347826086,30,4.155,0.715,8031.599999999999,0.0,992.4,0.0,0.0,9024.0,11008.8,1.0,1.2,0.7056923076923076,11008.8,0.0,1.0,160.632,5903.226,0.0,744.3,0.0,0.0,6768.0,0.795369856,3.9768492799999997,,0.17391296190151764,0.1739127623877191,89.75130204915385,448.7565102457692,42.75366467925088,63.06296957742525,1.2126140059766353,4.186291920108128,6.1749092617111705,-1.9886173416030424,3.292768545687161,1026.6475184340484,6844.320481565952,0.0,0.0,1026.6475184340484,7836.720481565952,7836.720481565952,1026.6475184340484,0.5703597324633602,1026.6475184340484,4517.249081109813,9821.520481565953,9821.520481565953,43214.6901188902,10848.168000000001,10848.168000000001,47731.93920000001,0.9040140000000001,3.4996273664000004,17.498136832,0.795369856,3592.8837511584447,3592.8837511584447,0.0,3592.8837511584447,3592.8837511584447,0.0,1026.6475184340484,0.0,1026.6475184340484,4517.249081109813,0.0,9024.0,-0.322048026508484,23.99767434469354
58,58,2025,4SB,4,SB,AM-Peak,2,Peak,AM,4.4,70,12000,1.6,5.0,75,1800,1,4,0.05,0.01,8936.0,0.0,1104.0,0.0,0.0,1.0,1.0,1.0,3.66,1.83,0.17391304347826086,0.17391304347826086,30,4.155,0.715,10157.470189192063,0.0,1254.90679150269,0.0,0.0,11412.376980694753,13922.190563700133,1.0,1.2,0.8924481130577008,13922.190563700133,0.0,1.0,203.14940378384128,7465.740589056166,0.0,941.1800936270176,0.0,0.0,8559.282735521065,1.233788573,6.168942865,,0.17391303710820352,0.17391303044468184,43.79772651987319,218.98863259936593,22.865278797288315,50.531070367935456,2.3957457189766243,5.224508368370552,11.545890270592668,-6.321381902222116,10.651012527854817,1298.3896201047462,8655.931165303475,0.0,0.0,1298.3896201047462,9910.837956806165,19821.67591361233,1298.3896201047462,0.721327566724859,2596.7792402094924,11425.828656921767,12420.651539811544,24841.30307962309,109301.7335503416,13719.04115991629,27438.08231983258,120727.56220726337,1.1432534299930242,5.4286697212,27.143348606000004,1.233788573,7048.5284169830065,7048.5284169830065,0.0,14097.056833966013,14097.056833966013,0.0,2596.7792402094924,0.0,2596.7792402094924,11425.828656921767,0.0,22824.753961389506,-0.5475006044637933,11.710622064137217
59,59,2025,4SB,4,SB,AM-Shoulder,1,OP,AM,4.4,70,12000,1.6,5.0,75,1800,1,4,0.05,0.01,7943.0,0.0,982.0,0.0,0.0,1.0,1.0,1.0,3.66,1.83,0.17391304347826086,0.17391304347826086,30,4.155,0.715,9531.6,0.0,1178.3999999999999,0.0,0.0,10710.0,13066.8,1.0,1.2,0.8376153846153845,13066.8,0.0,1.0,190.632,7005.726000000001,0.0,883.8,0.0,0.0,8032.5,0.683611767,3.418058835,,0.1739130130854215,0.17391303371421074,33.40334191628285,167.01670958141426,27.983621937196965,54.52674661489951,1.440239464351074,4.84166058658379,9.434089718353452,-4.592429131769662,7.757845771287087,1218.3869175108778,8122.581082489123,0.0,0.0,1218.3869175108778,9300.981082489123,9300.981082489123,1218.3869175108778,0.6768816208393765,1218.3869175108778,5360.902437047863,11657.781082489124,11657.781082489124,51294.23676295215,12876.168000000001,12876.168000000001,56655.13920000001,1.0730140000000001,3.0078917748000005,15.039458874000001,0.683611767,3664.7759877048957,3664.7759877048957,0.0,3664.7759877048957,3664.7759877048957,0.0,1218.3869175108778,0.0,1218.3869175108778,5360.902437047863,0.0,10710.0,-0.48679091135156033,8.931374843925896
60,60,2025,4SB,4,SB,MD,5,OP,MD,4.4,70,12000,1.6,5.0,75,1800,1,4,0.05,0.01,7386.0,0.0,913.0,0.0,0.0,1.0,1.0,1.0,3.66,1.83,0.17391304347826086,0.17391304347826086,30,4.136,0.708,6453.970024246335,0.0,797.7896875354595,0.0,0.0,7251.759711781795,8847.339086852713,1.0,1.2,0.567137120952097,8847.339086852713,0.0,1.0,129.0794004849267,4743.667967821057,0.0,598.3422656515946,0.0,0.0,5438.819783836347,0.188471815,0.9423590749999999,,0.17391303752269965,0.1739130248994828,54.26291825871409,271.31459129357046,57.6767916915543,69.51354917332665,0.9749926812957157,3.797820757817105,4.577231018878915,-0.7794102610618099,1.10394935300697,824.9857052828918,5499.904918478516,0.0,0.0,824.9857052828918,6297.694606013976,31488.47303006988,824.9857052828918,0.45832539182382875,4124.928526414459,18149.68551622362,7893.273981084894,39466.36990542447,173652.0275838677,8718.259686367786,43591.29843183893,191801.71310009132,0.7265216405306488,0.829275986,4.14637993,0.188471815,684.1408341843754,684.1408341843754,0.0,3420.704170921877,3420.704170921877,0.0,4124.928526414459,0.0,4124.928526414459,18149.68551622362,0.0,36258.79855890897,-0.17027986086940136,14.508801673452966
61,61,2025,4SB,4,SB,PM-Shoulder,1,OP,PM,4.4,70,12000,1.6,5.0,75,1800,1,4,0.05,0.01,4922.0,0.0,608.0,0.0,0.0,1.0,1.0,1.0,3.66,1.83,0.17391304347826086,0.17391304347826086,30,4.135,0.592,5305.814603962553,0.0,655.4114748494985,0.0,0.0,5961.226078812051,7272.049028511048,1.0,1.2,0.4661569890071185,7272.049028511048,0.0,1.0,106.11629207925105,3899.773733912476,0.0,491.5586061371239,0.0,0.0,4470.919559109038,0.186849115,0.934245575,,0.1739129260602731,0.17391288716920644,98.23873366466559,491.1936683233279,64.80583297535794,72.39023409149081,0.8007485376157749,3.646900763801124,4.0737073790932445,-0.4268066152921204,0.41412196650060273,678.2210610377156,4521.477250845585,0.0,0.0,678.2210610377156,5176.888725695084,5176.888725695084,678.2210610377156,0.37678947835428644,678.2210610377156,2984.1726685659487,6487.711675394081,6487.711675394081,28545.931371733957,7165.932736431796,7165.932736431796,31530.104040299906,0.5971610613693163,0.8221361060000001,4.110680530000001,0.186849115,557.5900221287359,557.5900221287359,0.0,557.5900221287359,557.5900221287359,0.0,678.2210610377156,0.0,678.2210610377156,2984.1726685659487,0.0,5961.226078812051,-0.10477105387651141,26.26704108680898
62,62,2025,4SB,4,SB,PM-Peak,3,Peak,PM,4.4,70,12000,1.6,5.0,75,1800,1,4,0.05,0.01,6721.0,0.0,831.0,0.0,0.0,1.0,1.0,1.0,3.66,1.83,0.17391304347826086,0.17391304347826086,30,4.135,0.592,5887.543226323275,0.0,727.9494749404317,0.0,0.0,6615.492701263707,8071.3916511445705,1.0,1.2,0.5173969007143956,8071.3916511445705,0.0,1.0,117.7508645264655,4327.344271347607,0.0,545.9621062053238,0.0,0.0,4961.619525947781,0.212310187,1.061550935,,0.17391298455092588,0.1739128138707008,83.8371104423835,419.1855522119175,61.67261629765557,71.11312992845747,1.3902125240935188,3.712394606531791,4.280668080073582,-0.5682734735417907,0.6976581268436651,752.581357409414,5017.211004387396,0.0,0.0,752.581357409414,5745.160479327828,17235.481437983486,752.581357409414,0.41810075411634107,2257.7440722282417,9934.073917804264,7201.059429208692,21603.178287626077,95053.98446555475,7953.640786618105,23860.922359854318,104988.05838335902,0.6628033988848421,0.9341648228000001,4.670824114000001,0.212310187,703.0350303869487,703.0350303869487,0.0,2109.1050911608463,2109.1050911608463,0.0,2257.7440722282417,0.0,2257.7440722282417,9934.073917804264,0.0,19846.478103791123,-0.1327534541131772,22.41633969047687
63,63,2025,4SB,4,SB,PM-Late,3,OP,PM,4.4,70,12000,1.6,5.0,75,1800,1,4,0.05,0.01,6114.0,0.0,756.0,0.0,0.0,1.0,1.0,1.0,3.66,1.83,0.17391304347826086,0.17391304347826086,30,4.135,0.592,3668.4,0.0,453.59999999999997,0.0,0.0,4122.0,5029.2,1.0,1.2,0.3223846153846154,5029.2,0.0,1.0,73.36800000000001,2696.2740000000003,0.0,340.2,0.0,0.0,3091.5,0.163716463,0.818582315,,0.12462660355542293,0.12462660090405048,123.60385854806717,618.0192927403358,68.98997450471991,74.7998374759182,1.15213670877648,3.529419433364341,3.8266429563898243,-0.29722352302548316,0.07564370739691674,336.02747087479446,3259.004529125206,0.0,0.0,336.02747087479446,3712.6045291252058,11137.813587375618,336.02747087479446,0.1866819282637747,1008.0824126243833,4435.562615547287,4619.804529125206,13859.413587375617,60981.419784452715,4955.832,14867.496,65416.9824,0.412986,0.7203524372000001,3.601762186,0.163716463,242.05820761081023,242.05820761081023,0.0,726.1746228324307,726.1746228324307,0.0,1008.0824126243833,0.0,1008.0824126243833,4435.562615547287,0.0,12366.0,-0.07767213362019361,33.04916003959015
64,64,2025,5NB,5,NB,Night,8,OP,NT,3.0,70,8000,1.6,6.5,75,1800,1,4,0.05,0.01,1592.0,0.0,197.0,0.0,0.0,1.0,1.0,1.0,3.66,1.83,0.2448979591836735,0.2448979591836735,30,4.103,0.708,1563.8128011267568,0.0,193.51201119470545,0.0,0.0,1757.324812321462,2144.3488347108732,1.0,1.2,0.18485765816473046,2144.3488347108732,0.0,1.0,31.276256022535136,1149.4024088281662,0.0,145.1340083960291,0.0,0.0,1317.9936092410967,0.117777617,0.588888085,,0.21528415538327986,0.21528415540161652,105.74805283811813,528.7402641905907,69.99030912771981,74.95690553648375,0.0,2.4013798156647312,2.5717846119458074,-0.1704047962810762,0.00048777550861359435,247.4481267800791,1285.0884183241426,0.0,0.0,247.4481267800791,1478.6004295188482,11828.803436150785,247.4481267800791,0.1374711815444884,1979.5850142406327,5938.7550427218985,1865.6244519082588,14924.99561526607,44774.98684579821,2113.072578688338,16904.580629506705,50713.741888520104,0.26413407233604225,0.353332851,1.766664255,0.117777617,87.4315521098148,87.4315521098148,0.0,699.4524168785184,699.4524168785184,0.0,1979.5850142406327,0.0,1979.5850142406327,5938.7550427218985,0.0,14058.598498571697,-0.06625935760310357,41.46982464239927
65,65,2025,5NB,5,NB,AM-Early,1,OP,AM,3.0,70,8000,1.6,6.5,75,1800,1,4,0.05,0.01,2313.0,0.0,286.0,0.0,0.0,1.0,1.0,1.0,3.66,1.83,0.2448979591836735,0.2448979591836735,30,4.155,0.715,1564.137134874251,0.0,193.40389994554076,0.0,0.0,1757.5410348197918,2144.3488347108732,1.0,1.2,0.18485765816473046,2144.3488347108732,0.0,1.0,31.28274269748502,1149.6407941325745,0.0,145.05292495915558,0.0,0.0,1318.1557761148438,0.169543156,0.84771578,,0.11392066862129692,0.11392066928541508,150.9948586477943,754.9742932389715,69.98572542142071,74.99504905936506,0.0,2.400158440559382,2.5719530506560546,-0.17179461009667252,0.000718536541652165,130.96784794190165,1401.8865442348642,0.0,0.0,130.96784794190165,1595.290444180405,1595.290444180405,130.96784794190165,0.07275991552327869,130.96784794190165,392.90354382570496,1982.0982440714865,1982.0982440714865,5946.294732214459,2113.0660920133882,2113.0660920133882,6339.198276040164,0.26413326150167354,0.508629468,2.54314734,0.169543156,66.61410682379433,66.61410682379433,0.0,66.61410682379433,66.61410682379433,0.0,130.96784794190165,0.0,130.96784794190165,392.90354382570496,0.0,1757.5410348197918,-0.06679539117280975,59.213670057958545
66,66,2025,5NB,5,NB,AM-Peak,2,Peak,AM,3.0,70,8000,1.6,6.5,75,1800,1,4,0.05,0.01,4412.0,0.0,545.0,0.0,0.0,1.0,1.0,1.0,3.66,1.83,0.2448979591836735,0.2448979591836735,30,4.155,0.715,2647.2,0.0,327.0,0.0,0.0,2974.2,3628.2,1.0,1.2,0.3127758620689655,3628.2,0.0,1.0,52.943999999999996,1945.692,0.0,245.25,0.0,0.0,2230.6499999999996,0.167837166,0.83918583,,0.13626889237968293,0.1362688890171794,139.70379990109268,698.5189995054633,69.60149761538294,74.92693650003898,1.8275325631407817,2.4023403118837825,2.586151249139464,-0.18381093725568132,0.020170068463922594,265.13729375201,2329.11870624799,0.0,0.0,265.13729375201,2656.11870624799,5312.23741249598,265.13729375201,0.14729849652889446,530.27458750402,1590.82376251206,3310.11870624799,6620.23741249598,19860.71223748794,3575.256,7150.512,21451.536,0.446907,0.5035114980000001,2.51755749,0.167837166,133.4996759527406,133.4996759527406,0.0,266.9993519054812,266.9993519054812,0.0,530.27458750402,0.0,530.27458750402,1590.82376251206,0.0,5948.4,-0.0710750917282367,54.78580388278144
67,67,2025,5NB,5,NB,AM-Shoulder,1,OP,AM,3.0,70,8000,1.6,6.5,75,1800,1,4,0.05,0.01,4147.0,0.0,512.0,0.0,0.0,1.0,1.0,1.0,3.66,1.83,0.2448979591836735,0.2448979591836735,30,4.155,0.715,2488.2,0.0,307.2,0.0,0.0,2795.3999999999996,3409.7999999999997,1.0,1.2,0.29394827586206895,3409.7999999999997,0.0,1.0,49.763999999999996,1828.8269999999998,0.0,230.39999999999998,0.0,0.0,2096.5499999999997,0.174664118,0.8733205900000001,,0.11963032502853987,0.11963032557087282,147.88549654122795,739.4274827061397,69.71626800272533,74.9628602959353,1.198484316458833,2.4011890593475673,2.581893798345079,-0.1807047389975116,0.014337360875615632,218.78316843096945,2219.6528315690302,0.0,0.0,218.78316843096945,2526.85283156903,2526.85283156903,218.78316843096945,0.12154620468387192,218.78316843096945,656.3495052929084,3141.25283156903,3141.25283156903,9423.75849470709,3360.0359999999996,3360.0359999999996,10080.107999999998,0.42000449999999995,0.523992354,2.61996177,0.174664118,114.64070744172217,114.64070744172217,0.0,114.64070744172217,114.64070744172217,0.0,218.78316843096945,0.0,218.78316843096945,656.3495052929084,0.0,2795.3999999999996,-0.06998922229618362,57.994312369109004
68,68,2025,5NB,5,NB,MD,5,OP,MD,3.0,70,8000,1.6,6.5,75,1800,1,4,0.05,0.01,4546.0,0.0,562.0,0.0,0.0,1.0,1.0,1.0,3.66,1.83,0.2448979591836735,0.2448979591836735,30,4.136,0.708,2727.6,0.0,337.2,0.0,0.0,3064.7999999999997,3739.2,1.0,1.2,0.32234482758620686,3739.2,0.0,1.0,54.552,2004.7859999999998,0.0,252.89999999999998,0.0,0.0,2298.6,0.415252552,2.07626276,,0.01079265663548874,0.010792714329127298,318.20528158925015,1591.0264079462509,69.23955371392118,74.99975926558076,2.0273672413762593,2.4000077035261422,2.599670135710443,-0.1996624321843008,0.03869094306616439,21.636966925634926,2651.4110330743647,0.0,0.0,21.636966925634926,2988.6110330743645,14943.055165371823,21.636966925634926,0.012020537180908293,108.18483462817463,324.5545038845239,3663.0110330743646,18315.05516537182,54945.16549611546,3684.6479999999997,18423.239999999994,55269.71999999999,0.46058099999999996,1.2457576559999999,6.22878828,0.41525255199999994,26.95441720022849,26.95441720022849,0.0,134.77208600114244,134.77208600114244,0.0,108.18483462817463,0.0,108.18483462817463,324.5545038845239,0.0,15323.999999999998,-0.07680298721042801,124.78638493696084
69,69,2025,5NB,5,NB,PM-Shoulder,1,OP,PM,3.0,70,8000,1.6,6.5,75,1800,1,4,0.05,0.01,5076.0,0.0,627.0,0.0,0.0,1.0,1.0,1.0,3.66,1.83,0.2448979591836735,0.2448979591836735,30,4.135,0.592,3045.6,0.0,376.2,0.0,0.0,3421.7999999999997,4174.2,1.0,1.2,0.3598448275862069,4174.2,0.0,1.0,60.912,2238.516,0.0,282.15,0.0,0.0,2566.35,1.419297409,7.096487045,,0.010000076596206192,0.010001031436834897,946.9082470692526,4734.541235346264,68.45827209336858,74.99965605135324,2.268962583891345,2.4000110064071714,2.6293389315246283,-0.22932792511745692,0.07933719333159754,22.3853314618331,2962.302668538167,0.0,0.0,22.3853314618331,3338.5026685381667,3338.5026685381667,22.3853314618331,0.012436295256573944,22.3853314618331,67.1559943854993,4090.902668538167,4090.902668538167,12272.7080056145,4113.288,4113.288,12339.864,0.514161,4.257892226999999,21.289461135,1.419297409,95.31432883015769,95.31432883015769,0.0,95.31432883015769,95.31432883015769,0.0,22.3853314618331,0.0,22.3853314618331,67.1559943854993,0.0,3421.7999999999997,-0.087218852757214,371.33656747813836
70,70,2025,5NB,5,NB,PM-Peak,3,Peak,PM,3.0,70,8000,1.6,6.5,75,1800,1,4,0.05,0.01,5606.0,0.0,693.0,0.0,0.0,1.0,1.0,1.0,3.66,1.83,0.2448979591836735,0.2448979591836735,30,4.135,0.592,4721.811271969173,0.0,583.6987533847015,0.0,0.0,5305.510025353874,6472.907532123278,1.0,1.2,0.5580092700106274,6472.907532123278,0.0,1.0,94.43622543938345,3470.5312848973417,0.0,437.77406503852615,0.0,0.0,3979.1325190154057,1.202351064,6.01175532,,0.042758997383677166,0.04275900067695268,172.94288957410458,864.714447870523,51.95559328739647,74.97516547677797,4.917426385741697,2.400794967978448,3.464497056251784,-1.063702088273336,1.2235038242078013,148.39643813089518,4478.978608398894,0.0,0.0,148.39643813089518,5062.677361783595,15188.032085350786,148.39643813089518,0.0824424656282751,445.18931439268556,1335.5679431780568,6230.074868552998,18690.224605658994,56070.67381697698,6378.471306683893,19135.41392005168,57406.24176015504,0.7973089133354866,3.6070531919999995,18.03526596,1.202351064,535.2738458414759,535.2738458414759,0.0,1605.8215375244276,1605.8215375244276,0.0,445.18931439268556,0.0,445.18931439268556,1335.5679431780568,0.0,15916.530076061623,-0.30702929487379854,67.82074100945279
71,71,2025,5NB,5,NB,PM-Late,3,OP,PM,3.0,70,8000,1.6,6.5,75,1800,1,4,0.05,0.01,4570.0,0.0,565.0,0.0,0.0,1.0,1.0,1.0,3.66,1.83,0.2448979591836735,0.2448979591836735,30,4.135,0.592,2742.0,0.0,339.0,0.0,0.0,3081.0,3759.0,1.0,1.2,0.32405172413793104,3759.0,0.0,1.0,54.84,2015.37,0.0,254.25,0.0,0.0,2310.75,0.187399184,0.93699592,,0.07346331982908125,0.07346333069274226,147.47815291857373,737.3907645928687,69.36942285803997,74.98789421053351,1.6255111484458107,2.400387447801081,2.594803194029138,-0.1944157462280569,0.03202323296277618,148.05577088393545,2539.1042291160643,0.0,0.0,148.05577088393545,2878.1042291160643,8634.312687348192,148.05577088393545,0.0822532060466308,444.16731265180636,1332.5019379554192,3556.1042291160643,10668.312687348192,32004.938062044577,3704.16,11112.48,33337.439999999995,0.46302,0.562197552,2.8109877599999997,0.187399184,83.23659195042138,83.23659195042138,0.0,249.70977585126417,249.70977585126417,0.0,444.16731265180636,0.0,444.16731265180636,1332.5019379554192,0.0,9243.0,-0.07492504505753038,57.83456977198969
72,72,2025,5SB,5,SB,Night,8,OP,NT,3.0,70,8000,1.6,5.0,75,1800,1,4,0.05,0.01,1472.0,0.0,182.0,0.0,0.0,1.0,1.0,1.0,3.66,1.83,0.2448979591836735,0.2448979591836735,30,4.103,0.708,1017.1803510987656,0.0,125.76550536683108,0.0,0.0,1142.9458564655968,1394.4768671992588,1.0,1.2,0.12021352303441886,1394.4768671992588,0.0,1.0,20.343607021975313,747.6275580575928,0.0,94.32412902512331,0.0,0.0,857.2093923491975,0.147646003,0.738230015,,0.13660637615249893,0.13660637615059373,131.46639377871793,657.3319688935896,69.98768070203239,74.99839253407218,0.0,2.4000514400121977,2.5718811967257107,-0.17182975671351297,0.0006200966570811228,102.13069141798975,894.7060526588006,0.0,0.0,102.13069141798975,1020.4715580256317,8163.772464205053,102.13069141798975,0.056739273009994304,817.045531343918,2451.136594031754,1272.0025687592938,10176.02055007435,30528.06165022305,1374.1332601772835,10993.066081418268,32979.1982442548,0.17176665752216044,0.442938009,2.2146900449999998,0.147646003,45.23756511447777,45.23756511447777,0.0,361.90052091582214,361.90052091582214,0.0,817.045531343918,0.0,817.045531343918,2451.136594031754,0.0,9143.566851724774,-0.06681092304429585,51.5554485406737
73,73,2025,5SB,5,SB,AM-Early,1,OP,AM,3.0,70,8000,1.6,5.0,75,1800,1,4,0.05,0.01,3483.0,0.0,430.0,0.0,0.0,1.0,1.0,1.0,3.66,1.83,0.2448979591836735,0.2448979591836735,30,4.155,0.715,4179.599999999999,0.0,516.0,0.0,0.0,4695.599999999999,5727.599999999999,1.0,1.2,0.49375862068965515,5727.599999999999,0.0,1.0,83.59199999999998,3072.006,0.0,387.0,0.0,0.0,3521.7,0.795369856,3.9768492799999997,,0.09799516722725103,0.09799517117548093,160.69976369369098,803.4988184684549,56.92123561660531,74.84395271600101,2.2302449771358126,2.4050039244054715,3.162264452802736,-0.7572605283972647,0.8094451574826055,301.0417416931185,3794.9662583068807,0.0,0.0,301.0417416931185,4310.96625830688,4310.96625830688,301.0417416931185,0.16724541205173252,301.0417416931185,903.1252250793556,5342.96625830688,5342.96625830688,16028.89877492064,5644.007999999999,5644.007999999999,16932.023999999998,0.7055009999999998,2.386109568,11.93054784,0.795369856,718.3185802213347,718.3185802213347,0.0,718.3185802213347,718.3185802213347,0.0,301.0417416931185,0.0,301.0417416931185,903.1252250793556,0.0,4695.599999999999,-0.23946780533364298,63.01951517399646
74,74,2025,5SB,5,SB,AM-Peak,2,Peak,AM,3.0,70,8000,1.6,5.0,75,1800,1,4,0.05,0.01,4270.0,0.0,528.0,0.0,0.0,1.0,1.0,1.0,3.66,1.83,0.2448979591836735,0.2448979591836735,30,4.155,0.715,5124.0,0.0,633.6,0.0,0.0,5757.6,7024.8,1.0,1.2,0.6055862068965517,7024.8,0.0,1.0,102.48,3766.1400000000003,0.0,475.20000000000005,0.0,0.0,4318.200000000001,1.233788573,6.168942865,,0.1634077487281452,0.1634077586601925,128.52096531456502,642.604826572825,45.8072378204282,73.14916960004612,3.017561824900435,2.460725131729814,3.9295100199149573,-1.468784888185143,1.8605715844263493,615.4164587950169,4406.103541204983,0.0,0.0,615.4164587950169,5039.703541204984,10079.407082409967,615.4164587950169,0.34189803266389823,1230.8329175900337,3692.4987527701014,6306.903541204983,12613.807082409967,37841.4212472299,6922.320000000001,13844.640000000001,41533.92,0.8652900000000001,3.701365719,18.506828595,1.233788573,2277.8813834922516,2277.8813834922516,0.0,4555.762766984503,4555.762766984503,0.0,1230.8329175900337,0.0,1230.8329175900337,3692.4987527701014,0.0,11515.2,-0.3737832148897105,50.400378554731375
75,75,2025,5SB,5,SB,AM-Shoulder,1,OP,AM,3.0,70,8000,1.6,5.0,75,1800,1,4,0.05,0.01,3240.0,0.0,400.0,0.0,0.0,1.0,1.0,1.0,3.66,1.83,0.2448979591836735,0.2448979591836735,30,4.155,0.715,3888.0,0.0,480.0,0.0,0.0,4368.0,5328.0,1.0,1.2,0.4593103448275862,5328.0,0.0,1.0,77.76,2857.68,0.0,360.0,0.0,0.0,3276.0,0.683611767,3.418058835,,0.08038238227370285,0.08038238538264517,173.7800457702747,868.9002288513736,59.921882909226746,74.93620356347233,2.239063387825343,2.4020432239743332,3.0039109464012466,-0.6018677224269133,0.5925008537125651,229.70712617591516,3580.5328738240846,0.0,0.0,229.70712617591516,4060.5328738240846,4060.5328738240846,229.70712617591516,0.12761507009773065,229.70712617591516,689.1213785277455,5020.532873824084,5020.532873824084,15061.598621472252,5250.24,5250.24,15750.719999999998,0.65628,2.050835301,10.254176505,0.683611767,471.091483252828,471.091483252828,0.0,471.091483252828,471.091483252828,0.0,229.70712617591516,0.0,229.70712617591516,689.1213785277455,0.0,4368.0,-0.20036137327838047,68.14903755697048
76,76,2025,5SB,5,SB,MD,5,OP,MD,3.0,70,8000,1.6,5.0,75,1800,1,4,0.05,0.01,4470.0,0.0,552.0,0.0,0.0,1.0,1.0,1.0,3.66,1.83,0.2448979591836735,0.2448979591836735,30,4.136,0.708,2682.0,0.0,331.2,0.0,0.0,3013.2,3675.6,1.0,1.2,0.3168620689655172,3675.6,0.0,1.0,53.64,1971.27,0.0,248.39999999999998,0.0,0.0,2259.8999999999996,0.188471815,0.9423590749999999,,0.15229583302770272,0.15229583304324362,129.39355955458714,646.9677977729356,68.53380843042895,74.88815144932666,1.081613724543103,2.403584499235472,2.626440936559425,-0.22285643732395277,0.07536694022926899,300.2162067725195,2328.1437932274807,0.0,0.0,300.2162067725195,2659.3437932274805,13296.718966137403,300.2162067725195,0.16678678154028861,1501.0810338625975,4503.243101587792,3321.7437932274806,16608.718966137403,49826.15689841221,3621.96,18109.8,54329.40000000001,0.452745,0.565415445,2.827077225,0.188471815,169.74688014849613,169.74688014849613,0.0,848.7344007424806,848.7344007424806,0.0,1501.0810338625975,0.0,1501.0810338625975,4503.243101587792,0.0,15066.0,-0.08485111323915374,50.7425723743479
77,77,2025,5SB,5,SB,PM-Shoulder,1,OP,PM,3.0,70,8000,1.6,5.0,75,1800,1,4,0.05,0.01,4630.0,0.0,572.0,0.0,0.0,1.0,1.0,1.0,3.66,1.83,0.2448979591836735,0.2448979591836735,30,4.135,0.592,2778.0,0.0,343.2,0.0,0.0,3121.2,3807.6,1.0,1.2,0.3282413793103448,3807.6,0.0,1.0,55.56,2041.83,0.0,257.4,0.0,0.0,2340.8999999999996,0.186849115,0.934245575,,0.1345418827257284,0.13454188450538537,120.2128086270104,601.064043135052,68.16810395945848,74.91508889825819,1.2390086021408115,2.4027202349643755,2.6405311215205742,-0.23781088655619875,0.09467049362604427,274.711652405874,2447.7283475941263,0.0,0.0,274.711652405874,2790.928347594126,2790.928347594126,274.711652405874,0.15261758466993,274.711652405874,824.1349572176221,3477.328347594126,3477.328347594126,10431.985042782379,3752.04,3752.04,11256.12,0.469005,0.560547345,2.802736725,0.186849115,153.98888739667555,153.98888739667555,0.0,153.98888739667555,153.98888739667555,0.0,274.711652405874,0.0,274.711652405874,824.1349572176221,0.0,3121.2,-0.09006176243029969,47.14227789294525
78,78,2025,5SB,5,SB,PM-Peak,3,Peak,PM,3.0,70,8000,1.6,5.0,75,1800,1,4,0.05,0.01,4957.0,0.0,613.0,0.0,0.0,1.0,1.0,1.0,3.66,1.83,0.2448979591836735,0.2448979591836735,30,4.135,0.592,2974.2,0.0,367.8,0.0,0.0,3342.0,4077.6,1.0,1.2,0.35151724137931034,4077.6,0.0,1.0,59.483999999999995,2186.037,0.0,275.85,0.0,0.0,2506.5,0.212310187,1.061550935,,0.13002058850651504,0.1300205908251155,121.72518332714894,608.6259166357447,67.41447159508712,74.90041769296468,2.1241436411860612,2.4031908705484724,2.6700498534074044,-0.26685898285893206,0.13511115631100148,284.2298172370166,2630.4861827629834,0.0,0.0,284.2298172370166,2998.2861827629836,8994.85854828895,284.2298172370166,0.1579054540205648,852.6894517110499,2558.0683551331495,3733.8861827629835,11201.65854828895,33604.97564486685,4018.116,12054.348,36163.043999999994,0.5022645,0.636930561,3.1846528050000003,0.212310187,181.03465694570048,181.03465694570048,0.0,543.1039708371014,543.1039708371014,0.0,852.6894517110499,0.0,852.6894517110499,2558.0683551331495,0.0,10026.0,-0.09994531844354065,47.73536601064664
79,79,2025,5SB,5,SB,PM-Late,3,OP,PM,3.0,70,8000,1.6,5.0,75,1800,1,4,0.05,0.01,4118.0,0.0,509.0,0.0,0.0,1.0,1.0,1.0,3.66,1.83,0.2448979591836735,0.2448979591836735,30,4.135,0.592,2470.7999999999997,0.0,305.4,0.0,0.0,2776.2,3386.9999999999995,1.0,1.2,0.2919827586206896,3386.9999999999995,0.0,1.0,49.416,1816.0379999999996,0.0,229.04999999999998,0.0,0.0,2082.1499999999996,0.163716463,0.818582315,,0.13432925588463546,0.13432925755424527,120.28272356044415,601.4136178022208,68.96707133214696,74.94712060457177,1.103530358219143,2.401693334553803,2.6099411867602145,-0.2082478522064113,0.05276228300435133,243.94703319822153,2177.436966801778,0.0,0.0,243.94703319822153,2482.836966801778,7448.510900405334,243.94703319822153,0.13552612955456753,731.8410995946646,2195.5232987839936,3093.636966801778,9280.910900405333,27842.732701216002,3337.5839999999994,10012.751999999999,30038.255999999994,0.4171979999999999,0.49114938900000005,2.455746945,0.163716463,119.81443630366924,119.81443630366924,0.0,359.4433089110077,359.4433089110077,0.0,731.8410995946646,0.0,731.8410995946646,2195.5232987839936,0.0,8328.599999999999,-0.07979024709936647,47.16969551389967
80,80,2025,6NB,6,NB,Night,8,OP,NT,4.4,70,8000,1.6,6.5,75,1800,1,4,0.05,0.01,1554.0,0.0,192.0,0.0,0.0,1.0,1.0,1.0,3.66,1.83,0.282574568288854,0.282574568288854,30,4.103,0.708,1554.0,0.0,192.0,0.0,0.0,1746.0,2130.0,1.0,1.2,0.18362068965517242,2130.0,0.0,1.0,31.080000000000002,989.898,0.0,124.80000000000001,0.0,0.0,1134.9,0.117777617,0.588888085,,0.21667040161205522,0.21667040162332224,105.39437200231833,526.9718600115917,69.98967404626985,74.97403055690076,0.0,3.5212192547076677,3.7719849906069114,-0.25076573589924367,0.0007622942743264629,214.48159721497024,1308.43840278503,0.0,0.0,214.48159721497024,1500.43840278503,12003.50722228024,214.48159721497024,0.11915644289720569,1715.852777719762,7549.752221966953,1884.43840278503,15075.50722228024,66332.23177803306,2098.92,16791.36,73881.98400000001,0.262365,0.5182215148,2.591107574,0.117777617,111.14897820546534,111.14897820546534,0.0,889.1918256437227,889.1918256437227,0.0,1715.852777719762,0.0,1715.852777719762,7549.752221966953,0.0,13968.0,-0.06648110650591309,28.180313369603834
81,81,2025,6NB,6,NB,AM-Early,1,OP,AM,4.4,70,8000,1.6,6.5,75,1800,1,4,0.05,0.01,2259.0,0.0,279.0,0.0,0.0,1.0,1.0,1.0,3.66,1.83,0.282574568288854,0.282574568288854,30,4.155,0.715,2259.0,0.0,279.0,0.0,0.0,2538.0,3096.0,1.0,1.2,0.26689655172413795,3096.0,0.0,1.0,45.18,1438.9830000000002,0.0,181.35,0.0,0.0,1649.7,0.169543156,0.84771578,,0.12181404299419236,0.12181404430691153,146.74052064282077,733.702603214104,69.84011178839953,74.98312443129143,1.7079501008077997,3.5207922049435085,3.780062678018945,-0.2592704730754365,0.011828726028811644,175.28833702991193,2038.531662970088,0.0,0.0,175.28833702991193,2317.5316629700883,2317.5316629700883,175.28833702991193,0.09738240946106218,175.28833702991193,771.2686829316126,2875.5316629700883,2875.5316629700883,12652.33931706839,3050.82,3050.82,13423.608000000004,0.38135250000000004,0.7459898864000001,3.7299494320000006,0.169543156,130.76332662818893,130.76332662818893,0.0,130.76332662818893,130.76332662818893,0.0,175.28833702991193,0.0,175.28833702991193,771.2686829316126,0.0,2538.0,-0.06858893493568073,39.23543332695743
82,82,2025,6NB,6,NB,AM-Peak,2,Peak,AM,4.4,70,8000,1.6,6.5,75,1800,1,4,0.05,0.01,4308.0,0.0,532.0,0.0,0.0,1.0,1.0,1.0,3.66,1.83,0.282574568288854,0.282574568288854,30,4.155,0.715,4308.0,0.0,532.0,0.0,0.0,4840.0,5904.0,1.0,1.2,0.5089655172413793,5904.0,0.0,1.0,86.16,2744.1960000000004,0.0,345.8,0.0,0.0,3146.0,0.167837166,0.83918583,,0.2825745137433009,0.2825741294724707,93.68818323636798,468.44091618183984,64.28380434796212,71.25912722937849,1.7864377872153916,3.7047885690516695,4.106788679944844,-0.4020001108931748,0.4594433486672944,775.4398503163114,3446.4001496836886,0.0,0.0,775.4398503163114,3978.4001496836886,7956.800299367377,775.4398503163114,0.43079991684239527,1550.8797006326229,6823.870682783541,5042.400149683688,10084.800299367376,44373.12131721646,5817.839999999999,11635.679999999998,51196.992,0.7272299999999999,0.7384835304000001,3.6924176520000005,0.167837166,572.6495582744374,572.6495582744374,0.0,1145.2991165488747,1145.2991165488747,0.0,1550.8797006326229,0.0,1550.8797006326229,6823.870682783541,0.0,9680.0,-0.09788672907771183,25.05031637336042
83,83,2025,6NB,6,NB,AM-Shoulder,1,OP,AM,4.4,70,8000,1.6,6.5,75,1800,1,4,0.05,0.01,4049.0,0.0,500.0,0.0,0.0,1.0,1.0,1.0,3.66,1.83,0.282574568288854,0.282574568288854,30,4.155,0.715,4049.0,0.0,500.0,0.0,0.0,4549.0,5549.0,1.0,1.2,0.47836206896551725,5549.0,0.0,1.0,80.98,2579.213,0.0,325.0,0.0,0.0,2956.85,0.174664118,0.8733205900000001,,0.25956228092802996,0.25956225258182225,101.08454135260126,505.4227067630064,65.76833808224167,72.80050436968484,1.3589102702088591,3.6263485024690754,4.014089571031498,-0.3877410685624225,0.33244556945600984,669.466409279227,3298.5535907207727,0.0,0.0,669.466409279227,3798.5535907207727,3798.5535907207727,669.466409279227,0.3719257829329039,669.466409279227,2945.6522008285992,4798.553590720772,4798.553590720772,21113.6357991714,5468.0199999999995,5468.0199999999995,24059.288,0.6835024999999999,0.7685221192000001,3.8426105960000005,0.174664118,514.4997435924862,514.4997435924862,0.0,514.4997435924862,514.4997435924862,0.0,669.466409279227,0.0,669.466409279227,2945.6522008285992,0.0,4549.0,-0.09659502153629944,27.027952233315848
84,84,2025,6NB,6,NB,MD,5,OP,MD,4.4,70,8000,1.6,6.5,75,1800,1,4,0.05,0.01,4439.0,0.0,549.0,0.0,0.0,1.0,1.0,1.0,3.66,1.83,0.282574568288854,0.282574568288854,30,4.136,0.708,4439.0,0.0,549.0,0.0,0.0,4988.0,6086.0,1.0,1.2,0.5246551724137931,6086.0,0.0,1.0,88.78,2827.6430000000005,0.0,356.85,0.0,0.0,3242.2000000000003,0.415252552,2.07626276,,0.18160653493064519,0.1816065449373058,119.07526859800427,595.3763429900215,60.73602103054299,74.07144470879406,2.548127617171271,3.56412651377187,4.346679211455743,-0.7825526976838728,0.7880933768372245,513.5184472508944,3836.7015527491053,0.0,0.0,513.5184472508944,4385.701552749106,21928.50776374553,513.5184472508944,0.2852880262504969,2567.592236254472,11297.405839519677,5483.701552749106,27418.50776374553,120641.43416048033,5997.22,29986.100000000002,131938.84000000003,0.7496525,1.8271112288000002,9.135556144,0.415252552,938.2553211680497,938.2553211680497,0.0,4691.2766058402485,4691.2766058402485,0.0,2567.592236254472,0.0,2567.592236254472,11297.405839519677,0.0,24940.0,-0.18003461024256004,31.83830711176585
85,85,2025,6NB,6,NB,PM-Shoulder,1,OP,PM,4.4,70,8000,1.6,6.5,75,1800,1,4,0.05,0.01,4956.0,0.0,613.0,0.0,0.0,1.0,1.0,1.0,3.66,1.83,0.282574568288854,0.282574568288854,30,4.135,0.592,4956.0,0.0,613.0,0.0,0.0,5569.0,6795.0,1.0,1.2,0.5857758620689655,6795.0,0.0,1.0,99.12,3156.972,0.0,398.45,0.0,0.0,3619.85,1.419297409,7.096487045,,0.0572324333895364,0.057232448384431006,159.08452517747838,795.4226258873917,47.79080840700261,74.95623610401682,4.726267011113614,3.5220551847567028,5.5240747917818664,-2.0020196070251637,2.401125321884015,180.6811897026315,4676.198810297368,0.0,0.0,180.6811897026315,5289.198810297368,5289.198810297368,180.6811897026315,0.10037843872368417,180.6811897026315,794.9972346915787,6515.198810297368,6515.198810297368,28666.87476530842,6695.88,6695.88,29461.872,0.836985,6.2449085996,31.224542998000004,1.4192974090000001,1128.3375153599227,1128.3375153599227,0.0,1128.3375153599227,1128.3375153599227,0.0,180.6811897026315,0.0,180.6811897026315,794.9972346915787,0.0,5569.0,-0.36241717979697824,42.53596929879101
86,86,2025,6NB,6,NB,PM-Peak,3,Peak,PM,4.4,70,8000,1.6,6.5,75,1800,1,4,0.05,0.01,5474.0,0.0,677.0,0.0,0.0,1.0,1.0,1.0,3.66,1.83,0.282574568288854,0.282574568288854,30,4.135,0.592,5474.0,0.0,677.0,0.0,0.0,6151.0,7505.0,1.0,1.2,0.6469827586206897,7505.0,0.0,1.0,109.48,3486.9380000000006,0.0,440.05,0.0,0.0,3998.15,1.202351064,6.01175532,,0.17328712628945628,0.1732871411199951,109.09541262695554,545.4770631347777,43.42002609825286,73.19082061490512,5.126911806361629,3.607009701244381,6.0801437429495895,-2.4731340417052086,3.1629397849837955,604.2414655695042,4760.278534430497,0.0,0.0,604.2414655695042,5437.278534430497,16311.835603291489,604.2414655695042,0.33568970309416896,1812.7243967085124,7975.987345517455,6791.278534430497,20373.83560329149,89644.87665448256,7395.52,22186.56,97620.86400000002,0.92444,5.2903446816,26.451723408000003,1.202351064,3196.6456237778157,3196.6456237778157,0.0,9589.936871333448,9589.936871333448,0.0,1812.7243967085124,0.0,1812.7243967085124,7975.987345517455,0.0,18453.0,-0.406755850891355,29.169896424319663
87,87,2025,6NB,6,NB,PM-Late,3,OP,PM,4.4,70,8000,1.6,6.5,75,1800,1,4,0.05,0.01,4463.0,0.0,552.0,0.0,0.0,1.0,1.0,1.0,3.66,1.83,0.282574568288854,0.282574568288854,30,4.135,0.592,4463.0,0.0,552.0,0.0,0.0,5015.0,6119.0,1.0,1.2,0.5275,6119.0,0.0,1.0,89.26,2842.931,0.0,358.8,0.0,0.0,3259.75,0.187399184,0.93699592,,0.27919576355210646,0.27919339767920015,88.36351024800493,441.8175512400246,62.86103978616148,70.89460677986995,1.2327450400440536,3.7238375666533923,4.1997396304303285,-0.4759020637769362,0.5867861508324079,793.7342912709536,3580.005708729046,0.0,0.0,793.7342912709536,4132.005708729046,12396.017126187138,793.7342912709536,0.44096349515052974,2381.2028738128606,10477.292644776588,5236.005708729046,15708.017126187138,69115.27535522342,6029.74,18089.219999999998,79592.56800000001,0.7537174999999999,0.8245564096000001,4.122782048,0.18739918400000002,654.4786973867782,654.4786973867782,0.0,1963.4360921603347,1963.4360921603347,0.0,2381.2028738128606,0.0,2381.2028738128606,10477.292644776588,0.0,15045.0,-0.11331704002044829,23.626607018183133
88,88,2025,6SB,6,SB,Night,8,OP,NT,4.4,70,8000,1.6,5.0,75,1800,1,4,0.05,0.01,1437.0,0.0,178.0,0.0,0.0,1.0,1.0,1.0,3.66,1.83,0.282574568288854,0.282574568288854,30,4.103,0.708,1437.0,0.0,178.0,0.0,0.0,1615.0,1971.0,1.0,1.2,0.16991379310344829,1971.0,0.0,1.0,28.740000000000002,915.369,0.0,115.7,0.0,0.0,1049.75,0.147646003,0.738230015,,0.14044169933161757,0.1404416992535257,129.8607316775437,649.3036583877185,69.92750807893208,74.9956266283181,0.0,3.520205268880498,3.7753383075227664,-0.25513303864226833,0.005356338449047107,128.55597787548345,1279.7040221245165,0.0,0.0,128.55597787548345,1457.7040221245165,11661.632176996132,128.55597787548345,0.07141998770860192,1028.4478230038676,4525.170421217018,1813.7040221245165,14509.632176996132,63842.38157878299,1942.26,15538.08,68367.55200000001,0.2427825,0.6496424132,3.2482120660000002,0.147646003,83.51541569831488,83.51541569831488,0.0,668.1233255865191,668.1233255865191,0.0,1028.4478230038676,0.0,1028.4478230038676,4525.170421217018,0.0,12920.0,-0.0675788546244686,34.72212076939671
89,89,2025,6SB,6,SB,AM-Early,1,OP,AM,4.4,70,8000,1.6,5.0,75,1800,1,4,0.05,0.01,3401.0,0.0,420.0,0.0,0.0,1.0,1.0,1.0,3.66,1.83,0.282574568288854,0.282574568288854,30,4.155,0.715,3401.0,0.0,420.0,0.0,0.0,3821.0,4661.0,1.0,1.2,0.4018103448275862,4661.0,0.0,1.0,68.02,2166.437,0.0,273.0,0.0,0.0,2483.65,0.795369856,3.9768492799999997,,0.019361909743651207,0.01936191283994314,279.4947000582047,1397.4735002910236,63.482390324593695,74.99895526882308,3.6346765619700787,3.520049033399593,4.158633577754929,-0.6385845443553362,0.5304708586671113,41.946357659306486,3291.0336423406934,0.0,0.0,41.946357659306486,3711.0336423406934,3711.0336423406934,41.946357659306486,0.02330353203294805,41.946357659306486,184.56397370094857,4551.033642340693,4551.033642340693,20024.548026299053,4592.98,4592.98,20209.112,0.5741225,3.4996273664000004,17.498136832,0.7953698560000001,146.79662118531124,146.79662118531124,0.0,146.79662118531124,146.79662118531124,0.0,41.946357659306486,0.0,41.946357659306486,184.56397370094857,0.0,3821.0,-0.15355633825764495,74.7312032241189
90,90,2025,6SB,6,SB,AM-Peak,2,Peak,AM,4.4,70,8000,1.6,5.0,75,1800,1,4,0.05,0.01,4170.0,0.0,515.0,0.0,0.0,1.0,1.0,1.0,3.66,1.83,0.282574568288854,0.282574568288854,30,4.155,0.715,4170.0,0.0,515.0,0.0,0.0,4685.0,5715.0,1.0,1.2,0.49267241379310345,5715.0,0.0,1.0,83.4,2656.29,0.0,334.75,0.0,0.0,3045.25,1.233788573,6.168942865,,0.04246486669449859,0.04246487520325342,218.49913208080176,1092.4956604040087,55.1423869764613,74.98941484774942,6.504032480482083,3.5204968666044096,4.787605587561779,-1.2671087209573693,1.3921625121024945,112.79900075192965,3973.80099924807,0.0,0.0,112.79900075192965,4488.80099924807,8977.60199849614,112.79900075192965,0.06266611152884981,225.5980015038593,992.631206616981,5518.80099924807,11037.60199849614,48565.448793383024,5631.599999999999,11263.199999999999,49558.08,0.70395,5.4286697212,27.143348606000004,1.233788573,612.3485199636166,612.3485199636166,0.0,1224.6970399272332,1224.6970399272332,0.0,225.5980015038593,0.0,225.5980015038593,992.631206616981,0.0,9370.0,-0.2646643917889401,58.42222782909138
91,91,2025,6SB,6,SB,AM-Shoulder,1,OP,AM,4.4,70,8000,1.6,5.0,75,1800,1,4,0.05,0.01,3163.0,0.0,391.0,0.0,0.0,1.0,1.0,1.0,3.66,1.83,0.282574568288854,0.282574568288854,30,4.155,0.715,3163.0,0.0,391.0,0.0,0.0,3554.0,4336.0,1.0,1.2,0.3737931034482759,4336.0,0.0,1.0,63.26,2014.831,0.0,254.15,0.0,0.0,2310.1,0.683611767,3.418058835,,0.0164022110502672,0.01640221579091193,293.2850863655379,1466.4254318276896,65.29678821961028,74.99938537329285,3.4099279884913547,3.5200288467165217,4.043077878686752,-0.5230490319702303,0.3721595509437072,33.04768329262091,3066.6923167073787,0.0,0.0,33.04768329262091,3457.6923167073787,3457.6923167073787,33.04768329262091,0.018359824051456062,33.04768329262091,145.40980648753202,4239.692316707378,4239.692316707378,18654.646193512464,4272.739999999999,4272.739999999999,18800.055999999997,0.5340924999999999,3.0078917748000005,15.039458874000001,0.683611767,99.40385475206983,99.40385475206983,0.0,99.40385475206983,99.40385475206983,0.0,33.04768329262091,0.0,33.04768329262091,145.40980648753202,0.0,3554.0,-0.12936902223118293,78.41847229025078
92,92,2025,6SB,6,SB,MD,5,OP,MD,4.4,70,8000,1.6,5.0,75,1800,1,4,0.05,0.01,4365.0,0.0,539.0,0.0,0.0,1.0,1.0,1.0,3.66,1.83,0.282574568288854,0.282574568288854,30,4.136,0.708,4365.0,0.0,539.0,0.0,0.0,4904.0,5982.0,1.0,1.2,0.5156896551724138,5982.0,0.0,1.0,87.3,2780.505,0.0,350.35,0.0,0.0,3187.6,0.188471815,0.9423590749999999,,0.28257456543208953,0.282574550362547,56.06712554772329,280.3356277386165,59.072379628139664,71.06776386958201,1.1583440380569836,3.714764411111515,4.469093706092063,-0.7543292949805482,0.9558012344889844,785.6999920567521,3492.0000079432475,0.0,0.0,785.6999920567521,4031.0000079432475,20155.000039716237,785.6999920567521,0.43649999558708447,3928.4999602837606,17285.399825248547,5109.0000079432475,25545.000039716237,112398.00017475145,5894.7,29473.499999999996,129683.4,0.7368374999999999,0.829275986,4.14637993,0.188471815,651.5621356130553,651.5621356130553,0.0,3257.810678065276,3257.810678065276,0.0,3928.4999602837606,0.0,3928.4999602837606,17285.399825248547,0.0,24520.0,-0.16878797908226476,14.991210039498208
93,93,2025,6SB,6,SB,PM-Shoulder,1,OP,PM,4.4,70,8000,1.6,5.0,75,1800,1,4,0.05,0.01,4521.0,0.0,559.0,0.0,0.0,1.0,1.0,1.0,3.66,1.83,0.282574568288854,0.282574568288854,30,4.135,0.592,4521.0,0.0,559.0,0.0,0.0,5080.0,6198.0,1.0,1.2,0.5343103448275862,6198.0,0.0,1.0,90.42,2879.877,0.0,363.35,0.0,0.0,3302.0,0.186849115,0.934245575,,0.2825745633410166,0.2825745557901973,48.722228071695596,243.611140358478,57.33264322324201,70.5102688708022,1.201687001602657,3.744135488743265,4.604706588741008,-0.8605710999977432,1.141590883718039,813.7799857508369,3616.800014249163,0.0,0.0,813.7799857508369,4175.800014249163,4175.800014249163,813.7799857508369,0.45209999208379825,813.7799857508369,3580.6319373036827,5293.800014249163,5293.800014249163,23292.720062696317,6107.58,6107.58,26873.352,0.7634475,0.8221361060000001,4.110680530000001,0.18684911499999998,669.0379086259286,669.0379086259286,0.0,669.0379086259286,669.0379086259286,0.0,813.7799857508369,0.0,813.7799857508369,3580.6319373036827,0.0,5080.0,-0.18688945395607398,13.027333709009516
94,94,2025,6SB,6,SB,PM-Peak,3,Peak,PM,4.4,70,8000,1.6,5.0,75,1800,1,4,0.05,0.01,4840.0,0.0,598.0,0.0,0.0,1.0,1.0,1.0,3.66,1.83,0.282574568288854,0.282574568288854,30,4.135,0.592,4840.0,0.0,598.0,0.0,0.0,5438.0,6634.0,1.0,1.2,0.5718965517241379,6634.0,0.0,1.0,96.8,3083.08,0.0,388.7,0.0,0.0,3534.7000000000003,0.212310187,1.061550935,,0.28257456687048194,0.28257455748681826,42.2570501732381,211.2852508661905,53.42124854215625,69.21120940982107,2.0082944771808697,3.814411021728778,4.94185379796337,-1.127442776234592,1.6034825603526741,871.1999956270454,3872.000004372954,0.0,0.0,871.1999956270454,4470.000004372954,13410.000013118863,871.1999956270454,0.48399999757058076,2613.599986881136,11499.839942277,5666.000004372954,16998.000013118864,74791.200057723,6537.2,19611.6,86291.04000000001,0.8171499999999999,0.9341648228000001,4.670824114000001,0.212310187,813.8443895382998,813.8443895382998,0.0,2441.5331686148993,2441.5331686148993,0.0,2613.599986881136,0.0,2613.599986881136,11499.839942277,0.0,16314.0,-0.22814166956926815,11.298676516908582
95,95,2025,6SB,6,SB,PM-Late,3,OP,PM,4.4,70,8000,1.6,5.0,75,1800,1,4,0.05,0.01,4021.0,0.0,497.0,0.0,0.0,1.0,1.0,1.0,3.66,1.83,0.282574568288854,0.282574568288854,30,4.135,0.592,4021.0,0.0,497.0,0.0,0.0,4518.0,5512.0,1.0,1.2,0.47517241379310343,5512.0,0.0,1.0,80.42,2561.377,0.0,323.05,0.0,0.0,2936.7000000000003,0.163716463,0.818582315,,0.2825745652299736,0.28257454353831696,63.9284759661498,319.64237983074895,62.338765895384995,72.12618250582018,1.0683180819825413,3.660251947740291,4.234925029523952,-0.5746730817836609,0.6349901475906704,723.7799921650541,3216.800007834946,0.0,0.0,723.7799921650541,3713.800007834946,11141.400023504837,723.7799921650541,0.40209999564725224,2171.3399764951623,9553.895896578715,4707.800007834946,14123.400023504837,62142.96010342129,5431.58,16294.74,71696.856,0.6789475,0.7203524372000001,3.601762186,0.163716463,521.3766813526937,521.3766813526937,0.0,1564.1300440580812,1564.1300440580812,0.0,2171.3399764951623,0.0,2171.3399764951623,9553.895896578715,0.0,13554.0,-0.13569852542307223,17.09317539201866
96,96,2025,7NB,7,NB,Night,8,OP,NT,5.6,70,6000,1.6,6.5,75,1800,1,4,0.05,0.01,769.0,0.0,95.0,0.0,0.0,1.0,1.0,1.0,3.66,1.83,0.35502958579881655,0.35502958579881655,30,4.103,0.708,769.0,0.0,95.0,0.0,0.0,864.0,1054.0,1.0,1.2,0.10979166666666666,1054.0,0.0,1.0,15.38,489.853,0.0,61.75,0.0,0.0,561.6,0.117777617,0.588888085,,0.2177048251070327,0.2177048251048963,105.13207312849724,525.6603656424861,69.99931044583784,74.99841607719094,0.0,4.480094614987299,4.800047284179763,-0.3199526691924639,6.477932627503124e-05,106.6433616931553,646.9766383068447,0.0,0.0,106.6433616931553,741.9766383068447,5935.813106454758,106.6433616931553,0.059246312051752945,853.1468935452424,4777.622603853357,931.9766383068447,7455.813106454758,41752.55339614664,1038.6200000000001,8308.960000000001,46530.176,0.17310333333333336,0.6595546552,3.297773276,0.11777761699999999,70.33712565089793,70.33712565089793,0.0,562.6970052071835,562.6970052071835,0.0,853.1468935452424,0.0,853.1468935452424,4777.622603853357,0.0,6912.0,-0.06665614946064803,22.08656998497841
97,97,2025,7NB,7,NB,AM-Early,1,OP,AM,5.6,70,6000,1.6,6.5,75,1800,1,4,0.05,0.01,930.0,0.0,115.0,0.0,0.0,1.0,1.0,1.0,3.66,1.83,0.35502958579881655,0.35502958579881655,30,4.155,0.715,930.0,0.0,115.0,0.0,0.0,1045.0,1275.0,1.0,1.2,0.1328125,1275.0,0.0,1.0,18.6,592.41,0.0,74.75,0.0,0.0,679.25,0.169543156,0.84771578,,0.11351956362095937,0.11351956368596523,151.21990694072989,756.0995347036494,69.9966575519494,74.99961190976376,0.0,4.480023182043401,4.800229207382238,-0.32020602533883746,0.0003140141136666308,67.25012468469254,844.1498753153074,0.0,0.0,67.25012468469254,959.1498753153074,959.1498753153074,67.25012468469254,0.037361180380384745,67.25012468469254,376.6006982342782,1189.1498753153073,1189.1498753153073,6659.2393017657205,1256.3999999999999,1256.3999999999999,7035.839999999998,0.20939999999999998,0.9494416736,4.747208368,0.169543156,63.85007093044315,63.85007093044315,0.0,63.85007093044315,63.85007093044315,0.0,67.25012468469254,0.0,67.25012468469254,376.6006982342782,0.0,1045.0,-0.06670640327890903,31.76888801275838
98,98,2025,7NB,7,NB,AM-Peak,2,Peak,AM,5.6,70,6000,1.6,6.5,75,1800,1,4,0.05,0.01,1497.0,0.0,185.0,0.0,0.0,1.0,1.0,1.0,3.66,1.83,0.35502958579881655,0.35502958579881655,30,4.155,0.715,1497.0,0.0,185.0,0.0,0.0,1682.0,2052.0,1.0,1.2,0.21375,2052.0,0.0,1.0,29.94,953.5889999999999,0.0,120.25,0.0,0.0,1093.3,0.167837166,0.83918583,,0.12017263159041876,0.12017263379865765,147.59895354988345,737.9947677494172,69.9279357564428,74.99688219537776,3.3964475264115,4.480186244605092,4.804946640642723,-0.3247603960376306,0.006776897680530304,114.59529958567583,1352.4647004143242,0.0,0.0,114.59529958567583,1537.4647004143242,3074.9294008286483,114.59529958567583,0.06366405532537546,229.19059917135166,1283.4673553595692,1907.4647004143242,3814.9294008286483,21363.60464464043,2022.06,4044.12,22647.071999999996,0.33701,0.9398881296,4.6994406479999995,0.167837166,107.70676178853252,107.70676178853252,0.0,215.41352357706504,215.41352357706504,0.0,229.19059917135166,0.0,229.19059917135166,1283.4673553595692,0.0,3364.0,-0.06758876223320344,31.008183518883083
99,99,2025,7NB,7,NB,AM-Shoulder,1,OP,AM,5.6,70,6000,1.6,6.5,75,1800,1,4,0.05,0.01,1769.0,0.0,219.0,0.0,0.0,1.0,1.0,1.0,3.66,1.83,0.35502958579881655,0.35502958579881655,30,4.155,0.715,1769.0,0.0,219.0,0.0,0.0,1988.0,2426.0,1.0,1.2,0.2527083333333333,2426.0,0.0,1.0,35.38,1126.853,0.0,142.35,0.0,0.0,1292.2,0.174664118,0.8733205900000001,,0.11729774756409758,0.11729774746769858,149.13499761510252,745.6749880755126,69.78445669662047,74.99436891292564,2.5913787729804807,4.480336388857708,4.814825763575399,-0.33448937471769113,0.020311296098296894,132.17731873584606,1601.4426812641539,0.0,0.0,132.17731873584606,1820.4426812641539,1820.4426812641539,132.17731873584606,0.0734318437421367,132.17731873584606,740.1929849207379,2258.442681264154,2258.442681264154,12647.279015079263,2390.6200000000003,2390.6200000000003,13387.472,0.3984366666666667,0.9781190608,4.890595304,0.174664118,129.285154860968,129.285154860968,0.0,129.285154860968,129.285154860968,0.0,132.17731873584606,0.0,132.17731873584606,740.1929849207379,0.0,1988.0,-0.0694707121591261,31.330881851912295
100,100,2025,7NB,7,NB,MD,5,OP,MD,5.6,70,6000,1.6,6.5,75,1800,1,4,0.05,0.01,2550.0,0.0,315.0,0.0,0.0,1.0,1.0,1.0,3.66,1.83,0.35502958579881655,0.35502958579881655,30,4.136,0.708,2550.0,0.0,315.0,0.0,0.0,2865.0,3495.0,1.0,1.2,0.3640625,3495.0,0.0,1.0,51.0,1624.3500000000001,0.0,204.75,0.0,0.0,1862.25,0.415252552,2.07626276,,0.03501955527817161,0.03501954693598723,225.5752111347273,1127.8760556736368,67.122035855233,74.99903218124146,4.597230554306494,4.480057811786528,5.005807641542277,-0.5257498297557488,0.28195646891291937,56.884014616098064,2442.1159853839017,0.0,0.0,56.884014616098064,2757.1159853839017,13785.579926919509,56.884014616098064,0.0316022303422767,284.42007308049034,1592.7524092507458,3387.1159853839017,16935.57992691951,94839.24759074925,3444.0,17220.0,96432.0,0.574,2.3254142912,11.627071456,0.415252552,132.2789005291041,132.2789005291041,0.0,661.3945026455206,661.3945026455206,0.0,284.42007308049034,0.0,284.42007308049034,1592.7524092507458,0.0,14325.0,-0.10502797298734527,47.389750238388096
101,101,2025,7NB,7,NB,PM-Shoulder,1,OP,PM,5.6,70,6000,1.6,6.5,75,1800,1,4,0.05,0.01,3265.0,0.0,404.0,0.0,0.0,1.0,1.0,1.0,3.66,1.83,0.35502958579881655,0.35502958579881655,30,4.135,0.592,3265.0,0.0,404.0,0.0,0.0,3669.0,4477.0,1.0,1.2,0.4663541666666667,4477.0,0.0,1.0,65.3,2079.805,0.0,262.6,0.0,0.0,2384.85,1.419297409,7.096487045,,0.010001362708996691,0.010000802500302023,283.30252803713705,1416.5126401856855,56.84480084310663,74.99960735559412,6.22599961177759,4.480023454081966,5.910830806274968,-1.4308073521930025,1.5218382045967067,20.80088416898486,3178.899115831015,0.0,0.0,20.80088416898486,3582.899115831015,3582.899115831015,20.80088416898486,0.011556046760547145,20.80088416898486,116.48495134631521,4390.899115831015,4390.899115831015,24589.03504865368,4411.7,4411.7,24705.519999999997,0.7352833333333333,7.9480654903999985,39.740327451999995,1.419297409,165.32678963331622,165.32678963331622,0.0,165.32678963331622,165.32678963331622,0.0,20.80088416898486,0.0,20.80088416898486,116.48495134631521,0.0,3669.0,-0.24206535410792845,59.51733782292796
102,102,2025,7NB,7,NB,PM-Peak,3,Peak,PM,5.6,70,6000,1.6,6.5,75,1800,1,4,0.05,0.01,3772.0,0.0,466.0,0.0,0.0,1.0,1.0,1.0,3.66,1.83,0.35502958579881655,0.35502958579881655,30,4.135,0.592,3772.0,0.0,466.0,0.0,0.0,4238.0,5170.0,1.0,1.2,0.5385416666666667,5170.0,0.0,1.0,75.44,2402.764,0.0,302.90000000000003,0.0,0.0,2754.7000000000003,1.202351064,6.01175532,,0.09264910636126379,0.09264911895242685,136.88938974717593,684.4469487358797,48.0556049775739,74.94365902915753,9.225703521874621,4.483367964049848,6.991900323735411,-2.508532359685563,3.0029034435175146,222.61393739701563,3473.9460626029845,0.0,0.0,222.61393739701563,3939.9460626029845,11819.838187808953,222.61393739701563,0.12367440966500869,667.8418121910469,3739.9141482698624,4871.946062602985,14615.838187808955,81848.69385173015,5094.56,15283.680000000002,85588.60800000001,0.8490933333333334,6.733165958399999,33.665829792,1.202351064,1498.896585146974,1498.896585146974,0.0,4496.689755440922,4496.689755440922,0.0,667.8418121910469,0.0,667.8418121910469,3739.9141482698624,0.0,12714.0,-0.3587769052098534,28.758275156969738
103,103,2025,7NB,7,NB,PM-Late,3,OP,PM,5.6,70,6000,1.6,6.5,75,1800,1,4,0.05,0.01,2896.0,0.0,358.0,0.0,0.0,1.0,1.0,1.0,3.66,1.83,0.35502958579881655,0.35502958579881655,30,4.135,0.592,2896.0,0.0,358.0,0.0,0.0,3254.0,3970.0,1.0,1.2,0.41354166666666664,3970.0,0.0,1.0,57.92,1844.752,0.0,232.70000000000002,0.0,0.0,2115.1,0.187399184,0.93699592,,0.22795179525588707,0.22795180328769335,97.16402690185117,485.82013450925587,66.49260007622797,74.62752333101658,2.9190241956713368,4.502360322339039,5.053193883451772,-0.5508335611127322,0.3468756203289272,420.5145302018882,2417.5654697981117,0.0,0.0,420.5145302018882,2775.5654697981117,8326.696409394335,420.5145302018882,0.23361918344549343,1261.5435906056646,7064.644107391721,3491.5654697981117,10474.696409394335,58658.29989260827,3912.08,11736.24,65722.94399999999,0.6520133333333333,1.0494354304,5.247177152,0.187399184,441.30284699187234,441.30284699187234,0.0,1323.9085409756171,1323.9085409756171,0.0,1261.5435906056646,0.0,1261.5435906056646,7064.644107391721,0.0,9762.0,-0.10900701097509935,20.412610693666213
104,104,2025,7SB,7,SB,Night,8,OP,NT,5.6,70,6000,1.6,5.0,75,1800,1,4,0.05,0.01,729.0,0.0,90.0,0.0,0.0,1.0,1.0,1.0,3.66,1.83,0.35502958579881655,0.35502958579881655,30,4.103,0.708,729.0,0.0,90.0,0.0,0.0,819.0,999.0,1.0,1.2,0.1040625,999.0,0.0,1.0,14.58,464.373,0.0,58.5,0.0,0.0,532.35,0.147646003,0.738230015,,0.13655175439651587,0.13655175446726286,131.4896265748688,657.4481328743439,69.98967658529979,74.99973566996941,0.0,4.480015789369475,4.800707995707062,-0.3206922063375863,0.0009699541186739638,63.41094784437326,651.0090521556267,0.0,0.0,63.41094784437326,741.0090521556267,5928.072417245014,63.41094784437326,0.035228304357985143,507.2875827549861,2840.810463427922,921.0090521556267,7368.072417245014,41261.20553657207,984.42,7875.36,44102.015999999996,0.16407,0.8268176168,4.134088083999999,0.147646003,52.42928877571379,52.42928877571379,0.0,419.43431020571035,419.43431020571035,0.0,507.2875827549861,0.0,507.2875827549861,2840.810463427922,0.0,6552.0,-0.06680102322914849,27.623871129174116
105,105,2025,7SB,7,SB,AM-Early,1,OP,AM,5.6,70,6000,1.6,5.0,75,1800,1,4,0.05,0.01,2298.0,0.0,284.0,0.0,0.0,1.0,1.0,1.0,3.66,1.83,0.35502958579881655,0.35502958579881655,30,4.155,0.715,2298.0,0.0,284.0,0.0,0.0,2582.0,3150.0,1.0,1.2,0.328125,3150.0,0.0,1.0,45.96,1463.826,0.0,184.6,0.0,0.0,1678.3,0.795369856,3.9768492799999997,,0.01000168507601684,0.010001816134789407,366.82741801516516,1834.1370900758259,65.891977299376,74.99990364327911,4.380479564381456,4.480005755715522,5.099255080378078,-0.6192493246625554,0.4099794601179666,14.640726658085427,2237.3992733419145,0.0,0.0,14.640726658085427,2521.3992733419145,2521.3992733419145,14.640726658085427,0.008133737032269682,14.640726658085427,81.98806928527839,3089.3992733419145,3089.3992733419145,17300.63593071472,3104.04,3104.04,17382.624,0.51734,4.4540711936,22.270355967999997,0.795369856,65.2108388611499,65.2108388611499,0.0,65.2108388611499,65.2108388611499,0.0,14.640726658085427,0.0,14.640726658085427,81.98806928527839,0.0,2582.0,-0.12143917393844945,77.06458361663135
106,106,2025,7SB,7,SB,AM-Peak,2,Peak,AM,5.6,70,6000,1.6,5.0,75,1800,1,4,0.05,0.01,3435.0,0.0,425.0,0.0,0.0,1.0,1.0,1.0,3.66,1.83,0.35502958579881655,0.35502958579881655,30,4.155,0.715,3435.0,0.0,425.0,0.0,0.0,3860.0,4710.0,1.0,1.2,0.490625,4710.0,0.0,1.0,68.7,2188.0950000000003,0.0,276.25,0.0,0.0,2509.0,1.233788573,6.168942865,,0.09346050440603855,0.09346050867021917,163.79503160280942,818.9751580140471,50.65074282480799,74.96021983764079,8.387939769184655,4.482377462709625,6.633663817373121,-2.1512863546634957,2.5121194298011753,204.50046238833093,3161.799537611669,0.0,0.0,204.50046238833093,3586.799537611669,7173.599075223338,204.50046238833093,0.11361136799351719,409.00092477666186,2290.4051787493063,4436.799537611669,8873.599075223337,49692.15482125069,4641.299999999999,9282.599999999999,51982.56,0.7735499999999998,6.9092160088,34.546080044,1.233788573,1412.9378685404583,1412.9378685404583,0.0,2825.8757370809167,2825.8757370809167,0.0,409.00092477666186,0.0,409.00092477666186,2290.4051787493063,0.0,7720.0,-0.3242983687279149,34.41072092495997
107,107,2025,7SB,7,SB,AM-Shoulder,1,OP,AM,5.6,70,6000,1.6,5.0,75,1800,1,4,0.05,0.01,3333.0,0.0,412.0,0.0,0.0,1.0,1.0,1.0,3.66,1.83,0.35502958579881655,0.35502958579881655,30,4.155,0.715,3333.0,0.0,412.0,0.0,0.0,3745.0,4569.0,1.0,1.2,0.4759375,4569.0,0.0,1.0,66.66,2123.121,0.0,267.8,0.0,0.0,2434.25,0.683611767,3.418058835,,0.17768886605362005,0.17768887152313134,123.44665202757957,617.2332601378979,55.280046864543074,74.72358169719175,4.0499625506416965,4.496572465725737,6.0781424593095315,-1.5815699935837948,1.7510551692540586,377.25496298462787,2889.085037015372,0.0,0.0,377.25496298462787,3301.085037015372,3301.085037015372,377.25496298462787,0.2095860905470155,377.25496298462787,2112.627792713916,4125.085037015372,4125.085037015372,23100.476207286083,4502.34,4502.34,25213.104,0.75039,3.8282258952,19.141129476,0.683611767,1444.21721839047,1444.21721839047,0.0,1444.21721839047,1444.21721839047,0.0,377.25496298462787,0.0,377.25496298462787,2112.627792713916,0.0,3745.0,-0.26020614096686684,25.934170594029325
108,108,2025,7SB,7,SB,MD,5,OP,MD,5.6,70,6000,1.6,5.0,75,1800,1,4,0.05,0.01,2635.0,0.0,326.0,0.0,0.0,1.0,1.0,1.0,3.66,1.83,0.35502958579881655,0.35502958579881655,30,4.136,0.708,2635.0,0.0,326.0,0.0,0.0,2961.0,3613.0,1.0,1.2,0.37635416666666666,3613.0,0.0,1.0,52.7,1678.4950000000001,0.0,211.9,0.0,0.0,1924.65,0.188471815,0.9423590749999999,,0.2888558384903577,0.28885584394092734,92.77387277420115,463.86936387100576,65.93621786927217,74.40818793935715,1.9956109982545467,4.515632073634703,5.095833683790709,-0.5802016101560064,0.4052921467932722,484.84308062687296,2097.456919373127,0.0,0.0,484.84308062687296,2423.456919373127,12117.284596865637,484.84308062687296,0.2693572670149294,2424.215403134365,13575.606257552443,3075.456919373127,15377.284596865637,86112.79374244755,3560.3,17801.5,99688.4,0.5933833333333334,1.0554421639999998,5.27721082,0.188471815,511.7238302172532,511.7238302172532,0.0,2558.619151086266,2558.619151086266,0.0,2424.215403134365,0.0,2424.215403134365,13575.606257552443,0.0,14805.0,-0.11385803504568141,19.490309406344785
109,109,2025,7SB,7,SB,PM-Shoulder,1,OP,PM,5.6,70,6000,1.6,5.0,75,1800,1,4,0.05,0.01,2723.0,0.0,336.0,0.0,0.0,1.0,1.0,1.0,3.66,1.83,0.35502958579881655,0.35502958579881655,30,4.135,0.592,2723.0,0.0,336.0,0.0,0.0,3059.0,3731.0,1.0,1.2,0.38864583333333336,3731.0,0.0,1.0,54.46,1734.551,0.0,218.4,0.0,0.0,1988.3500000000001,0.186849115,0.934245575,,0.2937866129017503,0.29378662452679677,86.14869110021549,430.7434555010775,65.33610841102761,74.28374510352731,2.0029372052781307,4.523196824981368,5.142638705786293,-0.6194418808049251,0.4694150269272225,509.58786319534386,2158.952136804656,0.0,0.0,509.58786319534386,2494.952136804656,2494.952136804656,509.58786319534386,0.2831043684418577,509.58786319534386,2853.6920338939253,3166.952136804656,3166.952136804656,17734.931966106073,3676.54,3676.54,20588.623999999996,0.6127566666666666,1.046355044,5.23177522,0.186849115,533.20983101563,533.20983101563,0.0,533.20983101563,533.20983101563,0.0,509.58786319534386,0.0,509.58786319534386,2853.6920338939253,0.0,3059.0,-0.12045214844821855,18.098464516851994
110,110,2025,7SB,7,SB,PM-Peak,3,Peak,PM,5.6,70,6000,1.6,5.0,75,1800,1,4,0.05,0.01,2613.0,0.0,323.0,0.0,0.0,1.0,1.0,1.0,3.66,1.83,0.35502958579881655,0.35502958579881655,30,4.135,0.592,2613.0,0.0,323.0,0.0,0.0,2936.0,3582.0,1.0,1.2,0.373125,3582.0,0.0,1.0,52.26,1664.481,0.0,209.95000000000002,0.0,0.0,1908.4,0.212310187,1.061550935,,0.23393530784667932,0.233935314067112,96.03965907868765,480.19829539343834,65.52776476387677,74.72918216858075,4.014460040251629,4.4962354765507975,5.127597457516594,-0.6313619809657967,0.448808516797734,389.3808751399486,2171.359124860051,0.0,0.0,389.3808751399486,2494.359124860051,7483.0773745801525,389.3808751399486,0.21632270841108256,1168.142625419846,6541.598702351137,3140.359124860051,9421.077374580153,52758.03329764885,3529.74,10589.219999999998,59299.63199999998,0.58829,1.1889370472,5.944685236,0.212310187,462.9493479250424,462.9493479250424,0.0,1388.8480437751273,1388.8480437751273,0.0,1168.142625419846,0.0,1168.142625419846,6541.598702351137,0.0,8808.0,-0.12313017669518443,20.176398966110856
111,111,2025,7SB,7,SB,PM-Late,3,OP,PM,5.6,70,6000,1.6,5.0,75,1800,1,4,0.05,0.01,2089.0,0.0,258.0,0.0,0.0,1.0,1.0,1.0,3.66,1.83,0.35502958579881655,0.35502958579881655,30,4.135,0.592,2089.0,0.0,258.0,0.0,0.0,2347.0,2863.0,1.0,1.2,0.29822916666666666,2863.0,0.0,1.0,41.78,1330.693,0.0,167.70000000000002,0.0,0.0,1525.55,0.163716463,0.818582315,,0.18361999860564668,0.18362000185282257,106.56764261908928,532.8382130954463,68.2702269830041,74.95214821501159,2.4862785380114856,4.482860171480784,4.921618322488475,-0.4387581510076908,0.16661710180921036,244.3418468045438,1802.8781531954562,0.0,0.0,244.3418468045438,2060.8781531954564,6182.634459586369,244.3418468045438,0.13574547044696877,733.0255404136313,4104.943026316335,2576.8781531954564,7730.634459586369,43291.55297368367,2821.2200000000003,8463.66,47396.49600000001,0.47020333333333336,0.9168121927999999,4.584060964,0.163716463,224.01558436167545,224.01558436167545,0.0,672.0467530850264,672.0467530850264,0.0,733.0255404136313,0.0,733.0255404136313,4104.943026316335,0.0,7041.0,-0.08914916238076856,22.388160214094388
