,index,Year,SegDir,Segment,Direction,Period,Hours/Day,Peak,4Periods,Length,Speed GP,Capacity GP,Alpha GP,Beta GP,Speed ML,Capacity ML,Alpha ML,Beta ML,MinToll,MinCapture,AADT Lights,AADT MediumA,AADT MediumB,AADT HeavyA,AADT HeavyB,GrowthFactor,GrowthFactor_medium,GrowthFactor_heavy,MaxToll,Soft Cap,MaxCapture,MaxCap_aux,Min Speed,B1,B2,TotalLights,TotalMediumA,TotalMediumB,TotalHeavyA,TotalHeavyB,TotalVeh,Corridor PCE pre-fix,Suppressed ratio ref,Max VC,Suppressed ratio,Corridor PCE,Suppressed Demand,PCE ratio,HOV3,InScopeLights,InScopeMediumA,InScopeMediumB,InScopeHeavyA,InScopeHeavyB,InScopeVeh,TollLights,TollMediumA,TollMediumB,CaptureRateLights,CaptureRateMediumA,VOT Lights,VOT MediumA,Speed GP Real,Speed ML Real,Bounus Seg,Time ML,Time GP,Time Savings,BonusRel,MLVeh_Lights,GPVeh_Lights,MLVeh_MediumA,GPVeh_MediumA,MLVeh,GPVeh,GPVehDay,ML PCE,ML V/C,ML Volume,ML PCE Total,GP PCE,GP Volume,GP PCE Total,Highway PCE,Highway Volume,Highway PCE Total,Highway V/C,TollLightsPerSeg,TollMediumAPerSeg,TollBlend,RevenuePerHour,RevenuePerHourLights,RevenuePerHourMediumA,RevenuePerDay,RevenuePerDayLights,RevenuePerDayMediumA,TransactionsDay_Lights,TransactionsDay_MediumA,TransactionsDay,TransactionsLightsLength,TransactionsMediumALength,TotalVeh_hours,Difference in Travel Time,Implied Min VOT
0,0,2025,1NB,1,NB,Night,8,OP,NT,3.0,70,12000,1.6,6.5,75,1800,1,4,0.05,0.01,2238.0,0.0,277.0,0.0,0.0,1.0,1.0,1.0,3.66,1.83,0.17391304347826086,0.17391304347826086,30,4.103,0.708,2258.704789728038,0.0,279.5626571736669,0.0,0.0,2538.267446901705,3097.392761249039,1.0,1.2,0.19855081802878455,3097.392761249039,0.0,1.0,45.17409579456076,1660.148020450108,0.0,209.67199288025017,0.0,0.0,1903.7005851762788,0.12993481155541087,0.6496740577770543,,0.17377577561307608,0.173777899867516,117.68751422192021,588.437571109601,69.99108811273707,74.9115465202983,0.0,2.4028338535398754,2.5717559885633974,-0.16892213502352194,0.00044856147471203025,288.4935098862304,1925.037184047247,0.0,0.0,288.4935098862304,2204.5998412209137,17636.79872976731,288.4935098862304,0.1602741721590169,2307.9480790898433,6923.84423726953,2763.725155568248,22109.801244545983,66329.40373363794,3052.2186654544785,24417.749323635828,73253.24797090747,0.25435155545453986,0.3898044346662326,1.949022173331163,0.12993481155541087,112.45604952607923,112.45604952607923,0.0,899.6483962086338,899.6483962086338,0.0,2307.9480790898433,0.0,2307.9480790898433,6923.84423726953,0.0,20306.13957521364,-0.06568357798123886,138.455899084612
1,1,2025,1NB,1,NB,AM-Early,1,OP,AM,3.0,70,12000,1.6,6.5,75,1800,1,4,0.05,0.01,1841.0,0.0,228.0,0.0,0.0,1.0,1.0,1.0,3.66,1.83,0.17391304347826086,0.17391304347826086,30,4.155,0.715,2209.2,0.0,273.59999999999997,0.0,0.0,2482.7999999999997,3030.0,1.0,1.2,0.19423076923076923,3030.0,0.0,1.0,44.184,1623.7619999999997,0.0,205.2,0.0,0.0,1862.1,0.13793153668521535,0.6896576834260768,,0.17378081339828105,0.17378199617223847,124.78530684228078,623.9265342114039,69.99227466773358,74.91903373303707,0.0,2.402593720594468,2.571712390467286,-0.16911866987281776,0.0003888320830389241,282.1786811252196,1882.8373188747803,0.0,0.0,282.1786811252196,2156.4373188747804,2156.4373188747804,282.1786811252196,0.15676593395845534,282.1786811252196,846.5360433756589,2703.6373188747802,2703.6373188747802,8110.911956624341,2985.816,2985.816,8957.448,0.24881799999999998,0.41379461005564605,2.06897305027823,0.13793153668521535,116.76401732222674,116.76401732222674,0.0,116.76401732222674,116.76401732222674,0.0,282.1786811252196,0.0,282.1786811252196,846.5360433756589,0.0,2482.7999999999997,-0.06576111329544457,146.80624334385973
2,2,2025,1NB,1,NB,AM-Peak,2,Peak,AM,3.0,70,12000,1.6,6.5,75,1800,1,4,0.05,0.01,4183.0,0.0,517.0,0.0,0.0,1.0,1.0,1.0,3.66,1.83,0.17391304347826086,0.17391304347826086,30,4.155,0.715,2509.7999999999997,0.0,310.2,0.0,0.0,2819.9999999999995,3440.3999999999996,1.0,1.2,0.22053846153846152,3440.3999999999996,0.0,1.0,50.196,1844.703,0.0,232.64999999999998,0.0,0.0,2114.9999999999995,0.13681735075196805,0.6840867537598403,,0.1737847872534273,0.17378840149355265,124.78312049151168,623.9156024575585,69.98236922806159,74.865214650137,0.0,2.4043208964427993,2.572076395604844,-0.16775549916204469,0.0008875191214936793,320.5813184007591,2139.022681599241,0.0,0.0,320.5813184007591,2449.222681599241,4898.445363198482,320.5813184007591,0.17810073244486616,641.1626368015181,1923.4879104045544,3069.622681599241,6139.245363198482,18417.736089595444,3390.2039999999997,6780.407999999999,20341.224,0.28251699999999996,0.41045205225590414,2.052260261279521,0.13681735075196805,131.583260052495,131.583260052495,0.0,263.16652010499,263.16652010499,0.0,641.1626368015181,0.0,641.1626368015181,1923.4879104045544,0.0,5639.999999999999,-0.06522181823553326,146.80367116648435
3,3,2025,1NB,1,NB,AM-Shoulder,1,OP,AM,3.0,70,12000,1.6,6.5,75,1800,1,4,0.05,0.01,4812.0,0.0,595.0,0.0,0.0,1.0,1.0,1.0,3.66,1.83,0.17391304347826086,0.17391304347826086,30,4.155,0.715,2887.2,0.0,357.0,0.0,0.0,3244.2,3958.2,1.0,1.2,0.2537307692307692,3958.2,0.0,1.0,57.744,2122.0919999999996,0.0,267.75,0.0,0.0,2433.1499999999996,0.13489413497535396,0.6744706748767698,,0.17390670304680353,0.17390986175321024,124.74038055869623,623.7019027934812,69.95617554452923,74.7637032114412,0.0,2.407585395963296,2.573039457902105,-0.16545406193880918,0.002206914468741251,369.04602328199735,2460.4099767180023,0.0,0.0,369.04602328199735,2817.4099767180023,2817.4099767180023,369.04602328199735,0.20502556848999853,369.04602328199735,1107.138069845992,3531.4099767180023,3531.4099767180023,10594.229930154008,3900.4559999999997,3900.4559999999997,11701.368,0.325038,0.4046824049260619,2.0234120246303093,0.13489413497535396,149.34643223015811,149.34643223015811,0.0,149.34643223015811,149.34643223015811,0.0,369.04602328199735,0.0,369.04602328199735,1107.138069845992,0.0,3244.2,-0.06430296334192638,146.7533888925838
4,4,2025,1NB,1,NB,MD,5,OP,MD,3.0,70,12000,1.6,6.5,75,1800,1,4,0.05,0.01,5111.0,0.0,632.0,0.0,0.0,1.0,1.0,1.0,3.66,1.83,0.17391304347826086,0.17391304347826086,30,4.136,0.708,3066.6,0.0,379.2,0.0,0.0,3445.7999999999997,4204.2,1.0,1.2,0.26949999999999996,4204.2,0.0,1.0,61.332,2253.951,0.0,284.4,0.0,0.0,2584.35,0.13045709025444002,0.6522854512722001,,0.1739102300906181,0.17391233416976246,121.58987543290569,607.9493771645284,69.93516785189395,74.69950568740236,0.31604024646286516,2.4096544996328664,2.5738123683523173,-0.16415786871945093,0.0032658017855315313,391.98513702297873,2613.2828629770215,0.0,0.0,391.98513702297873,2992.4828629770213,14962.414314885107,391.98513702297873,0.21776952056832152,1959.9256851148937,5879.777055344681,3750.8828629770214,18754.414314885107,56263.24294465532,4142.868,20714.34,62143.020000000004,0.345239,0.39137127076332007,1.9568563538166002,0.13045709025444002,153.41172119701733,153.41172119701733,0.0,767.0586059850866,767.0586059850866,0.0,1959.9256851148937,0.0,1959.9256851148937,5879.777055344681,0.0,17229.0,-0.06378004501724428,143.0469122740067
5,5,2025,1NB,1,NB,PM-Shoulder,1,OP,PM,3.0,70,12000,1.6,6.5,75,1800,1,4,0.05,0.01,6757.0,0.0,835.0,0.0,0.0,1.0,1.0,1.0,3.66,1.83,0.17391304347826086,0.17391304347826086,30,4.135,0.592,8108.4,0.0,1002.0,0.0,0.0,9110.4,11114.4,1.0,1.2,0.7124615384615385,11114.4,0.0,1.0,162.168,5959.674,0.0,751.5,0.0,0.0,6832.799999999999,1.408823012073405,7.044115060367026,,0.11548995366889941,0.11630621976034802,126.67751196184517,633.3875598092259,42.6423028262185,71.44001922403665,1.90257907929865,2.519596186494829,4.2211603987139155,-1.7015642122190866,2.260132603380922,688.2824741417445,7257.949525858256,0.0,0.0,688.2824741417445,8259.949525858256,8259.949525858256,688.2824741417445,0.3823791523009692,688.2824741417445,2064.8474224252336,10263.949525858256,10263.949525858256,30791.84857757477,10952.232,10952.232,32856.696,0.912686,4.226469036220215,21.132345181101076,1.408823012073405,2909.004565133124,2909.004565133124,0.0,2909.004565133124,2909.004565133124,0.0,688.2824741417445,0.0,688.2824741417445,2064.8474224252336,0.0,9110.4,-0.40310342453167897,149.0323670139355
6,6,2025,1NB,1,NB,PM-Peak,3,Peak,PM,3.0,70,12000,1.6,6.5,75,1800,1,4,0.05,0.01,6670.0,0.0,824.0,0.0,0.0,1.0,1.0,1.0,3.66,1.83,0.17391304347826086,0.17391304347826086,30,4.135,0.592,8004.0,0.0,988.8,0.0,0.0,8992.8,10970.4,1.0,1.2,0.7032307692307692,10970.4,0.0,1.0,160.08,5882.9400000000005,0.0,741.5999999999999,0.0,0.0,6744.599999999999,1.305556369162242,6.5277818458112105,,0.11526659844211147,0.11601355044496645,126.78982493396448,633.9491246698224,44.02820663571784,71.63194382083272,2.940239770687955,2.512845392695467,4.088288253239349,-1.5754428605438822,2.078097764080766,678.1064826390353,7165.813517360964,0.0,0.0,678.1064826390353,8154.613517360965,24463.840552082893,678.1064826390353,0.37672582368835295,2034.3194479171061,6102.958343751318,10132.213517360964,30396.640552082892,91189.92165624868,10810.32,32430.96,97292.88,0.90086,3.916669107486726,19.58334553743363,1.305556369162242,2655.9187121387936,2655.9187121387936,0.0,7967.756136416381,7967.756136416381,0.0,2034.3194479171061,0.0,2034.3194479171061,6102.958343751318,0.0,26978.399999999998,-0.38535513225995804,149.16449992231114
7,7,2025,1NB,1,NB,PM-Late,3,OP,PM,3.0,70,12000,1.6,6.5,75,1800,1,4,0.05,0.01,6393.0,0.0,790.0,0.0,0.0,1.0,1.0,1.0,3.66,1.83,0.17391304347826086,0.17391304347826086,30,4.135,0.592,6191.704565799619,0.0,765.1253882342717,0.0,0.0,6956.82995403389,8487.080730502434,1.0,1.2,0.5440436365706688,8487.080730502434,0.0,1.0,123.83409131599238,4550.90285586272,0.0,573.8440411757038,0.0,0.0,5217.622465525417,0.3387338595298451,1.6936692976492254,,0.11788216758314889,0.11803168025977666,126.02133735291592,630.1066867645795,63.05367107316536,73.6660061465784,1.4194324831560443,2.443460822917988,2.8547108667334222,-0.4112500438154343,0.3880967445676458,536.47029310944,5531.400181374186,0.0,0.0,536.47029310944,6296.525569608458,18889.576708825374,536.47029310944,0.2980390517274667,1609.41087932832,4828.23263798496,7826.776346077001,23480.329038231004,70440.98711469301,8363.246639186442,25089.739917559324,75269.21975267796,0.6969372199322035,1.0162015785895353,5.081007892947676,0.3387338595298451,545.1619587242037,545.1619587242037,0.0,1635.4858761726111,1635.4858761726111,0.0,1609.41087932832,0.0,1609.41087932832,4828.23263798496,0.0,20870.48986210167,-0.144060138842018,148.26039688578345
8,8,2025,1SB,1,SB,Night,8,OP,NT,3.0,70,12000,1.6,5.0,75,1800,1,4,0.05,0.01,1637.0,0.0,202.0,0.0,0.0,1.0,1.0,1.0,3.66,1.83,0.17391304347826086,0.17391304347826086,30,4.103,0.708,1470.0481602450802,0.0,181.39873449572767,0.0,0.0,1651.446894740808,2014.244363732263,1.0,1.2,0.12911822844437584,2014.244363732263,0.0,1.0,29.400963204901604,1080.485397780134,0.0,136.04905087179574,0.0,0.0,1238.585171055606,0.13168328976471655,0.6584164488235827,,0.17390583646742816,0.1739055627016849,117.64662363800628,588.2331181900313,69.99085539045414,74.98407251045482,0.0,2.4005097879273376,2.571764539750856,-0.17125475182351835,0.00046027660152966546,187.90271689179605,1252.7444801483825,0.0,0.0,187.90271689179605,1434.1432146441102,11473.145717152882,187.90271689179605,0.10439039827322003,1503.2217351343684,4509.665205403106,1796.9406836355656,14375.525469084525,43126.576407253575,1984.8434005273616,15878.747204218893,47636.24161265668,0.16540361671061346,0.39504986929414965,1.9752493464707483,0.13168328976471655,74.23094374811963,74.23094374811963,0.0,593.847549984957,593.847549984957,0.0,1503.2217351343684,0.0,1503.2217351343684,4509.665205403106,0.0,13211.575157926463,-0.06659036983226659,138.4077925153015
9,9,2025,1SB,1,SB,AM-Early,1,OP,AM,3.0,70,12000,1.6,5.0,75,1800,1,4,0.05,0.01,4573.0,0.0,565.0,0.0,0.0,1.0,1.0,1.0,3.66,1.83,0.17391304347826086,0.17391304347826086,30,4.155,0.715,2743.7999999999997,0.0,339.0,0.0,0.0,3082.7999999999997,3760.7999999999997,1.0,1.2,0.24107692307692305,3760.7999999999997,0.0,1.0,54.876,2016.6929999999998,0.0,254.25,0.0,0.0,2312.1,0.1409353393611072,0.704676696805536,,0.1739109811339579,0.17391234044402984,124.73923303382439,623.6961651691221,69.79305944673062,74.80713681691128,0.0,2.4061875331567064,2.5790530093810338,-0.17286547622432735,0.010445479994873516,350.7250582759849,2338.1989417240147,0.0,0.0,350.7250582759849,2677.1989417240147,2677.1989417240147,350.7250582759849,0.1948472545977694,350.7250582759849,1052.1751748279548,3355.1989417240147,3355.1989417240147,10065.596825172044,3705.9239999999995,3705.9239999999995,11117.771999999999,0.30882699999999996,0.4228060180833216,2.114030090416608,0.1409353393611072,148.2886653317101,148.2886653317101,0.0,148.2886653317101,148.2886653317101,0.0,350.7250582759849,0.0,350.7250582759849,1052.1751748279548,0.0,3082.7999999999997,-0.06702672476895488,146.7520388633228
10,10,2025,1SB,1,SB,AM-Peak,2,Peak,AM,3.0,70,12000,1.6,5.0,75,1800,1,4,0.05,0.01,7757.0,0.0,959.0,0.0,0.0,1.0,1.0,1.0,3.66,1.83,0.17391304347826086,0.17391304347826086,30,4.155,0.715,4654.2,0.0,575.4,0.0,0.0,5229.599999999999,6380.4,1.0,1.2,0.409,6380.4,0.0,1.0,93.084,3420.837,0.0,431.54999999999995,0.0,0.0,3922.2,0.23128409238953965,1.1564204619476983,,0.14500641173113005,0.1450711012728504,135.8204677537947,679.1023387689735,66.96233887875269,74.14915049971418,1.2230258614160572,2.42753961153869,2.6880781498077932,-0.26053853826910345,0.15980992237953434,496.0432984870837,4065.072701512916,0.0,0.0,496.0432984870837,4640.472701512916,9280.945403025831,496.0432984870837,0.27557961027060207,992.0865969741674,2976.2597909225024,5791.272701512916,11582.545403025832,34747.63620907749,6287.316,12574.632,37723.89599999999,0.5239429999999999,0.693852277168619,3.4692613858430947,0.23128409238953965,344.180772229496,344.180772229496,0.0,688.361544458992,688.361544458992,0.0,992.0865969741674,0.0,992.0865969741674,2976.2597909225024,0.0,10459.199999999999,-0.0969237216141699,159.7887855926996
11,11,2025,1SB,1,SB,AM-Shoulder,1,OP,AM,3.0,70,12000,1.6,5.0,75,1800,1,4,0.05,0.01,7826.0,0.0,967.0,0.0,0.0,1.0,1.0,1.0,3.66,1.83,0.17391304347826086,0.17391304347826086,30,4.155,0.715,4695.599999999999,0.0,580.1999999999999,0.0,0.0,5275.799999999999,6436.199999999999,1.0,1.2,0.412576923076923,6436.199999999999,0.0,1.0,93.91199999999999,3451.2659999999996,0.0,435.15,0.0,0.0,3956.8499999999995,0.23658543987921887,1.1829271993960944,,0.14404134731116866,0.14410823189794034,136.23212785370384,681.1606392685193,66.82497880465964,74.13819172546475,0.7995313193210345,2.4278984395322682,2.693603547951276,-0.26570510841900763,0.167379717836105,497.12500456922777,4104.5629954307715,0.0,0.0,497.12500456922777,4684.762995430771,4684.762995430771,497.12500456922777,0.2761805580940154,497.12500456922777,1491.3750137076834,5845.162995430772,5845.162995430772,17535.488986292316,6342.288,6342.288,19026.863999999998,0.528524,0.7097563196376566,3.548781598188283,0.23658543987921887,352.8376136429083,352.8376136429083,0.0,352.8376136429083,352.8376136429083,0.0,497.12500456922777,0.0,497.12500456922777,1491.3750137076834,0.0,5275.799999999999,-0.09864299021327763,160.27309159259275
12,12,2025,1SB,1,SB,MD,5,OP,MD,3.0,70,12000,1.6,5.0,75,1800,1,4,0.05,0.01,5968.0,0.0,738.0,0.0,0.0,1.0,1.0,1.0,3.66,1.83,0.17391304347826086,0.17391304347826086,30,4.136,0.708,3580.7999999999997,0.0,442.8,0.0,0.0,4023.6,4909.2,1.0,1.2,0.31469230769230766,4909.2,0.0,1.0,71.616,2631.888,0.0,332.1,0.0,0.0,3017.7,0.14494822668615476,0.7247411334307738,,0.17389220513611564,0.17391132048326083,121.59192484078888,607.9596242039445,69.22195154115529,74.44347941991697,0.3691985888267379,2.4179417915794237,2.600331195415411,-0.18238940383598745,0.03959659486197052,457.6648079912811,3051.5191920087186,0.0,0.0,457.6648079912811,3494.319192008719,17471.595960043593,457.6648079912811,0.25425822666182285,2288.3240399564056,6864.972119869217,4379.919192008719,21899.595960043593,65698.78788013078,4837.584,24187.92,72563.76,0.403132,0.4348446800584643,2.1742234002923215,0.14494822668615476,199.01310700498712,199.01310700498712,0.0,995.0655350249356,995.0655350249356,0.0,2288.3240399564056,0.0,2288.3240399564056,6864.972119869217,0.0,20118.0,-0.07014083596641625,143.04932334210457
13,13,2025,1SB,1,SB,PM-Shoulder,1,OP,PM,3.0,70,12000,1.6,5.0,75,1800,1,4,0.05,0.01,4858.0,0.0,600.0,0.0,0.0,1.0,1.0,1.0,3.66,1.83,0.17391304347826086,0.17391304347826086,30,4.135,0.592,2914.7999999999997,0.0,360.0,0.0,0.0,3274.7999999999997,3994.7999999999997,1.0,1.2,0.25607692307692304,3994.7999999999997,0.0,1.0,58.29599999999999,2142.3779999999997,0.0,270.0,0.0,0.0,2456.1,0.12380525778720385,0.6190262889360192,,0.1738652227530762,0.17386784052094498,108.94659495363952,544.7329747681974,69.72042083285805,74.75476911914153,0.30017658021337773,2.4078731313198536,2.581740010312288,-0.17386687899243425,0.014126671270691638,372.4850281912898,2484.01897180871,0.0,0.0,372.4850281912898,2844.01897180871,2844.01897180871,372.4850281912898,0.2069361267729388,372.4850281912898,1117.4550845738695,3564.01897180871,3564.01897180871,10692.05691542613,3936.504,3936.504,11809.511999999999,0.328042,0.3714157733616115,1.8570788668080576,0.12380525778720385,138.3468148112896,138.3468148112896,0.0,138.3468148112896,138.3468148112896,0.0,372.4850281912898,0.0,372.4850281912898,1117.4550845738695,0.0,3274.7999999999997,-0.06734484429026735,128.17246465134062
14,14,2025,1SB,1,SB,PM-Peak,3,Peak,PM,3.0,70,12000,1.6,5.0,75,1800,1,4,0.05,0.01,6246.0,0.0,772.0,0.0,0.0,1.0,1.0,1.0,3.66,1.83,0.17391304347826086,0.17391304347826086,30,4.135,0.592,3747.6,0.0,463.2,0.0,0.0,4210.8,5137.2,1.0,1.2,0.3293076923076923,5137.2,0.0,1.0,74.952,2754.486,0.0,347.4,0.0,0.0,3158.1000000000004,0.132557370368184,0.6627868518409199,,0.17388289709837274,0.1739097717830176,108.93798081965488,544.6899040982744,69.02649142184227,74.33342204434433,0.6034428893689813,2.4215217737805643,2.6076944705180547,-0.18617269673749037,0.04968428175259207,478.9580056969083,3193.689994303091,0.0,0.0,478.9580056969083,3656.889994303091,10970.669982909272,478.9580056969083,0.26608778094272684,1436.874017090725,4310.622051272175,4583.289994303092,13749.869982909275,41249.609948727826,5062.248,15186.743999999999,45560.232,0.42185399999999995,0.397672111104552,1.9883605555227597,0.132557370368184,190.46824125591556,190.46824125591556,0.0,571.4047237677466,571.4047237677466,0.0,1436.874017090725,0.0,1436.874017090725,4310.622051272175,0.0,12632.400000000001,-0.07139360030184233,128.16233037606455
15,15,2025,1SB,1,SB,PM-Late,3,OP,PM,3.0,70,12000,1.6,5.0,75,1800,1,4,0.05,0.01,4575.0,0.0,566.0,0.0,0.0,1.0,1.0,1.0,3.66,1.83,0.17391304347826086,0.17391304347826086,30,4.135,0.592,2745.0,0.0,339.59999999999997,0.0,0.0,3084.6,3763.8,1.0,1.2,0.2412692307692308,3763.8,0.0,1.0,54.9,2017.5749999999998,0.0,254.7,0.0,0.0,2313.45,0.12309406969695409,0.6154703484847704,,0.17391272916699407,0.17391289563803186,108.93515787257154,544.6757893628577,69.79219790892274,74.80679337110973,0.0,2.4061985802149852,2.5790848460582367,-0.1728862658432515,0.010489096242641572,350.88197454909806,2339.2180254509017,0.0,0.0,350.88197454909806,2678.8180254509016,8036.454076352705,350.88197454909806,0.19493443030505447,1052.6459236472942,3157.9377709418827,3358.0180254509014,10074.054076352704,30222.162229058114,3708.8999999999996,11126.699999999999,33380.1,0.309075,0.3692822090908623,1.8464110454543112,0.1230940696969541,129.57447069165465,129.57447069165465,0.0,388.72341207496396,388.72341207496396,0.0,1052.6459236472942,0.0,1052.6459236472942,3157.9377709418827,0.0,9253.8,-0.06703395823037132,128.1590092618489
16,16,2025,2NB,2,NB,Night,8,OP,NT,2.2,70,12000,1.6,6.5,75,1800,1,4,0.05,0.01,3220.0,0.0,398.0,0.0,0.0,1.0,1.0,1.0,3.66,1.83,0.17391304347826086,0.17391304347826086,30,4.103,0.708,2259.5388969691676,0.0,279.2846214266238,0.0,0.0,2538.8235183957913,3097.392761249039,1.0,1.2,0.19855081802878455,3097.392761249039,0.0,1.0,45.19077793938335,1660.7610892723383,0.0,209.46346606996786,0.0,0.0,1904.1176387968435,0.1298803889808018,0.6494019449040089,,0.17390455395062823,0.17390711784481633,117.64637801238068,588.2318900619034,69.99109471749334,74.91118896059825,0.0,1.7620865698638062,1.885954213643816,-0.12386764378000992,0.0003287012634565883,288.8139164484655,1925.5342025813186,0.0,0.0,288.8139164484655,2204.8188240079426,17638.55059206354,288.8139164484655,0.16045217580470306,2310.511331587724,5083.124929492993,2763.38806686119,22107.10453488952,48635.62997675695,3052.2019833096556,24417.615866477245,53718.754906249946,0.2543501652758046,0.285736855757764,1.4286842787888199,0.1298803889808018,82.52478038507007,82.52478038507007,0.0,660.1982430805606,660.1982430805606,0.0,2310.511331587724,0.0,2310.511331587724,5083.124929492993,0.0,20310.58814716633,-0.06567903021393484,138.40750354397724
17,17,2025,2NB,2,NB,AM-Early,1,OP,AM,2.2,70,12000,1.6,6.5,75,1800,1,4,0.05,0.01,3086.0,0.0,381.0,0.0,0.0,1.0,1.0,1.0,3.66,1.83,0.17391304347826086,0.17391304347826086,30,4.155,0.715,2260.239787470923,0.0,279.0509912593719,0.0,0.0,2539.290778730295,3097.392761249039,1.0,1.2,0.19855081802878455,3097.392761249039,0.0,1.0,45.204795749418466,1661.2762437911288,0.0,209.28824344452894,0.0,0.0,1904.4680840477213,0.13771170988521167,0.6885585494260583,,0.1739057793961157,0.17390634258266338,124.74274296361438,623.7137148180718,69.99109660542908,74.91107668146593,0.0,1.76208921093586,1.8859541627721976,-0.12386495183633772,0.00032863156933929887,288.90553996874775,1926.129451752757,0.0,0.0,288.90553996874775,2205.1804430121288,2205.1804430121288,288.90553996874775,0.16050307776041542,288.90553996874775,635.5921879312451,2763.282425530873,2763.282425530873,6079.2213361679205,3052.1879654996205,3052.1879654996205,6714.813524099166,0.2543489971249684,0.3029657617474657,1.5148288087373285,0.13771170988521167,87.52848698969456,87.52848698969456,0.0,87.52848698969456,87.52848698969456,0.0,288.90553996874775,0.0,288.90553996874775,635.5921879312451,0.0,2539.290778730295,-0.06567760462124192,146.75616819248748
18,18,2025,2NB,2,NB,AM-Peak,2,Peak,AM,2.2,70,12000,1.6,6.5,75,1800,1,4,0.05,0.01,6362.0,0.0,786.0,0.0,0.0,1.0,1.0,1.0,3.66,1.83,0.17391304347826086,0.17391304347826086,30,4.155,0.715,4342.662561925368,0.0,536.5188264183181,0.0,0.0,4879.181388343686,5952.219041180322,1.0,1.2,0.38155250263976426,5952.219041180322,0.0,1.0,86.85325123850737,3191.8569830151455,0.0,402.3891198137386,0.0,0.0,3659.3860412577646,0.15128742895799102,0.7564371447899552,,0.1499863965028769,0.15001507637808795,133.75417576511418,668.770878825571,69.3253954923757,74.2759639600926,0.7804934159253826,1.777156336482172,1.9040641465149253,-0.1269078100327532,0.02513930929687632,478.735127034986,3777.074183651875,0.0,0.0,478.735127034986,4313.5930100701935,8627.186020140387,478.735127034986,0.2659639594638811,957.470254069972,2106.4345589539384,5386.6306629068295,10773.261325813659,23701.174916790053,5865.365789941816,11730.731579883632,25807.60947574399,0.4887804824951513,0.33283234370758025,1.6641617185379014,0.15128742895799102,159.33853434620056,159.33853434620056,0.0,318.6770686924011,318.6770686924011,0.0,957.470254069972,0.0,957.470254069972,2106.4345589539384,0.0,9758.362776687372,-0.06665101607266592,157.3578538413108
19,19,2025,2NB,2,NB,AM-Shoulder,1,OP,AM,2.2,70,12000,1.6,6.5,75,1800,1,4,0.05,0.01,7274.0,0.0,899.0,0.0,0.0,1.0,1.0,1.0,3.66,1.83,0.17391304347826086,0.17391304347826086,30,4.155,0.715,5076.077344570906,0.0,627.3568233116915,0.0,0.0,5703.434167882597,6958.14781450598,1.0,1.2,0.4460351163144859,6958.14781450598,0.0,1.0,101.52154689141811,3730.916848259615,0.0,470.5176174837686,0.0,0.0,4277.575625911948,0.20550633822832476,1.0275316911416237,,0.12903985761629336,0.12908722497084554,143.08834688215703,715.4417344107851,68.02346312390691,74.18385000703059,0.7598273947247978,1.77936302830724,1.9405069065589589,-0.16114387825171894,0.07506589055720213,481.4369788776507,4493.118818801837,0.0,0.0,481.4369788776507,5120.475642113528,5120.475642113528,481.4369788776507,0.26746498826536147,481.4369788776507,1059.1613535308315,6375.189288736911,6375.189288736911,14025.416435221206,6856.626267614562,6856.626267614562,15084.577788752038,0.5713855223012134,0.4521139441023145,2.2605697205115725,0.20550633822832476,217.66437135707733,217.66437135707733,0.0,217.66437135707733,217.66437135707733,0.0,481.4369788776507,0.0,481.4369788776507,1059.1613535308315,0.0,5703.434167882597,-0.08304215651438748,168.3392316260671
20,20,2025,2NB,2,NB,MD,5,OP,MD,2.2,70,12000,1.6,6.5,75,1800,1,4,0.05,0.01,7621.0,0.0,942.0,0.0,0.0,1.0,1.0,1.0,3.66,1.83,0.17391304347826086,0.17391304347826086,30,4.136,0.708,6776.985175788123,0.0,837.6748504910657,0.0,0.0,7614.660026279189,9290.00972726132,1.0,1.2,0.5955134440552128,9290.00972726132,0.0,1.0,135.53970351576248,4981.084104204271,0.0,628.2561378682993,0.0,0.0,5710.995019709391,0.6268583538775478,3.1342917693877395,,0.11044603214164683,0.11064699848639564,148.70298127581518,743.5149063790759,58.1487493782682,73.45329004691288,1.2228081736234535,1.7970604164319217,2.270040222899997,-0.47297980646807525,0.5265265339444243,550.140975073191,6091.30449719917,0.0,0.0,550.140975073191,6928.979347690236,34644.89673845118,550.140975073191,0.3056338750406617,2750.704875365955,6051.550725805102,8604.329048672367,43021.64524336184,94647.61953539605,9154.470023745558,45772.350118727794,100699.17026120116,0.7628725019787965,1.3790883785306054,6.895441892653027,0.6268583538775478,758.6930252769332,758.6930252769332,0.0,3793.4651263846663,3793.4651263846663,0.0,2750.704875365955,0.0,2750.704875365955,6051.550725805102,0.0,38073.30013139595,-0.20835745626737806,174.9446838539002
21,21,2025,2NB,2,NB,PM-Shoulder,1,OP,PM,2.2,70,12000,1.6,6.5,75,1800,1,4,0.05,0.01,8273.0,0.0,1022.0,0.0,0.0,1.0,1.0,1.0,3.66,1.83,0.17391304347826086,0.17391304347826086,30,4.135,0.592,8984.71641866198,0.0,1109.921452903728,0.0,0.0,10094.637871565708,12314.480777373163,1.0,1.2,0.7893897934213566,12314.480777373163,0.0,1.0,179.69432837323959,6603.766567716555,0.0,832.4410896777961,0.0,0.0,7570.978403674281,1.8299991558792186,9.149995779396093,,0.15494607464881777,0.15597696944409295,113.70294210551191,568.5147105275596,33.700439508735506,62.52803979825716,0.9597200301983397,2.1110529040393686,3.9168628636366662,-1.8058099595972976,2.782673551753662,1023.2277075647764,7781.794382723963,0.0,0.0,1023.2277075647764,8891.715835627692,8891.715835627692,1023.2277075647764,0.568459837535987,1023.2277075647764,2251.100956642508,11111.558741435147,11111.558741435147,24445.429231157326,12134.786448999923,12134.786448999923,26696.530187799835,1.0112322040833268,4.025998142934281,20.129990714671408,1.8299991558792186,4119.512850454691,4119.512850454691,0.0,4119.512850454691,4119.512850454691,0.0,1023.2277075647764,0.0,1023.2277075647764,2251.100956642508,0.0,10094.637871565708,-0.4610347674824306,133.76816718295518
22,22,2025,2NB,2,NB,PM-Peak,3,Peak,PM,2.2,70,12000,1.6,6.5,75,1800,1,4,0.05,0.01,7207.0,0.0,891.0,0.0,0.0,1.0,1.0,1.0,3.66,1.83,0.17391304347826086,0.17391304347826086,30,4.135,0.592,8648.4,0.0,1069.2,0.0,0.0,9717.6,11856.0,1.0,1.2,0.76,11856.0,0.0,1.0,172.968,6356.573999999999,0.0,801.9000000000001,0.0,0.0,7288.200000000001,1.8299994932146038,9.14999746607302,,0.13075323263447328,0.13164562518095682,121.1753086019918,605.876543009959,36.414950892550834,68.3785087418256,1.984943923027753,1.9304311022398557,3.6248847455401174,-1.6944536433002617,2.3826635299613894,831.1425989802442,7644.289401019755,0.0,0.0,831.1425989802442,8713.489401019755,26140.468203059267,831.1425989802442,0.4617458883223579,2493.4277969407326,5485.541153269613,10851.889401019755,32555.668203059264,71622.47004673039,11683.032,35049.096,77108.01120000001,0.973586,4.025998885072129,20.129994425360643,1.8299994932146038,3346.1791768304147,3346.1791768304147,0.0,10038.537530491245,10038.537530491245,0.0,2493.4277969407326,0.0,2493.4277969407326,5485.541153269613,0.0,29152.800000000003,-0.4674503500794157,142.55918659057858
23,23,2025,2NB,2,NB,PM-Late,3,OP,PM,2.2,70,12000,1.6,6.5,75,1800,1,4,0.05,0.01,7436.0,0.0,919.0,0.0,0.0,1.0,1.0,1.0,3.66,1.83,0.17391304347826086,0.17391304347826086,30,4.135,0.592,7463.4774716943,0.0,922.3958844119232,0.0,0.0,8385.873356106224,10230.66512493007,1.0,1.2,0.6558118669826968,10230.66512493007,0.0,1.0,149.269549433886,5485.6559416953105,0.0,691.7969133089424,0.0,0.0,6289.405017079667,0.8758966552318481,4.379483276159241,,0.11461700136721756,0.11496016000028467,127.19660193901473,635.9830096950736,50.8855236263159,72.47051502714538,1.2951025893438683,1.8214304113963669,2.5940580069364763,-0.7726275955401094,0.9704308980744012,628.7494345693765,6685.458487691038,0.0,0.0,628.7494345693765,7607.854372102961,22823.563116308884,628.7494345693765,0.34930524142743136,1886.2483037081295,4149.746268157885,9452.646140926807,28357.93842278042,62387.46453011692,10081.395575496183,30244.186726488548,66537.21079827481,0.8401162979580152,1.926972641510066,9.63486320755033,0.8758966552318481,1211.5829587801118,1211.5829587801118,0.0,3634.7488763403353,3634.7488763403353,0.0,1886.2483037081295,0.0,1886.2483037081295,4149.746268157885,0.0,25157.62006831867,-0.29784514975151427,149.6430611047232
24,24,2025,2SB,2,SB,Night,8,OP,NT,2.2,70,12000,1.6,5.0,75,1800,1,4,0.05,0.01,2585.0,0.0,319.0,0.0,0.0,1.0,1.0,1.0,3.66,1.83,0.17391304347826086,0.17391304347826086,30,4.103,0.708,1551.0,0.0,191.4,0.0,0.0,1742.4,2125.2,1.0,1.2,0.1362307692307692,2125.2,0.0,1.0,31.02,1139.9850000000001,0.0,143.55,0.0,0.0,1306.8000000000002,0.1316674029215724,0.658337014607862,,0.17391151669599073,0.17391078906794138,117.64526240315725,588.2263120157863,69.98804409403456,74.98026235819414,0.0,1.7604632985866648,1.8860364182009057,-0.1255731196142409,0.0004413215066693865,198.25652036067902,1321.7234796393209,0.0,0.0,198.25652036067902,1513.123479639321,12104.987837114568,198.25652036067902,0.11014251131148835,1586.0521628854322,3489.314758347951,1895.923479639321,15167.387837114567,33368.25324165205,2094.18,16753.44,36857.568,0.17451499999999998,0.2896682864274593,1.4483414321372965,0.1316674029215724,57.42862652594859,57.42862652594859,0.0,459.4290122075887,459.4290122075887,0.0,1586.0521628854322,0.0,1586.0521628854322,3489.314758347951,0.0,13939.2,-0.06658043206505279,138.40619106253794
25,25,2025,2SB,2,SB,AM-Early,1,OP,AM,2.2,70,12000,1.6,5.0,75,1800,1,4,0.05,0.01,6971.0,0.0,862.0,0.0,0.0,1.0,1.0,1.0,3.66,1.83,0.17391304347826086,0.17391304347826086,30,4.155,0.715,6013.797878374802,0.0,743.637035024972,0.0,0.0,6757.434913399774,8244.708983449718,1.0,1.2,0.5285069861185717,8244.708983449718,0.0,1.0,120.27595756749605,4420.141440605479,0.0,557.727776268729,0.0,0.0,5068.07618504983,0.535458813594817,2.677294067974085,,0.12611905443754476,0.1262660162028464,144.4766534591753,722.3832672958765,59.69586390620891,73.52231565483083,0.9295669232865865,1.7953732662571116,2.211208471786113,-0.41583520552900133,0.44592703491840385,557.46405896937,5336.057861837936,0.0,0.0,557.46405896937,6079.694896862908,6079.694896862908,557.46405896937,0.3097022549829833,557.46405896937,1226.420929732614,7566.968966912852,7566.968966912852,16647.331727208275,8124.433025882222,8124.433025882222,17873.752656940887,0.6770360854901851,1.1780093899085975,5.890046949542987,0.535458813594817,656.6978960024779,656.6978960024779,0.0,656.6978960024779,656.6978960024779,0.0,557.46405896937,0.0,557.46405896937,1226.420929732614,0.0,6757.434913399774,-0.188057892702043,169.97253348138273
26,26,2025,2SB,2,SB,AM-Peak,2,Peak,AM,2.2,70,12000,1.6,5.0,75,1800,1,4,0.05,0.01,9309.0,0.0,1150.0,0.0,0.0,1.0,1.0,1.0,3.66,1.83,0.17391304347826086,0.17391304347826086,30,4.155,0.715,7630.987335410945,0.0,942.7044189196032,0.0,0.0,8573.691754330548,10459.100592169754,1.0,1.2,0.6704551661647279,10459.100592169754,0.0,1.0,152.6197467082189,5608.775691527044,0.0,707.0283141897024,0.0,0.0,6430.2688157479115,1.4775861624265472,7.387930812132736,,0.121234889084044,0.12175382240383875,146.77178542977094,733.8589271488548,44.44276048024566,71.71696497097071,1.9380446201989472,1.8405686862715176,2.9701125351714506,-1.129543848899933,1.485625601756316,679.9792988595634,6798.388289843162,0.0,0.0,679.9792988595634,7741.092708762765,15482.18541752553,679.9792988595634,0.3777662771442019,1359.9585977191268,2991.9089149820793,9626.501546601972,19253.003093203944,42356.60680504868,10306.480845461536,20612.96169092307,45348.51572003076,0.8588734037884613,3.250689557338404,16.25344778669202,1.4775861624265472,2210.4016060090726,2210.4016060090726,0.0,4420.803212018145,4420.803212018145,0.0,1359.9585977191268,0.0,1359.9585977191268,2991.9089149820793,0.0,17147.383508661096,-0.38030338430753424,172.672688740907
27,27,2025,2SB,2,SB,AM-Shoulder,1,OP,AM,2.2,70,12000,1.6,5.0,75,1800,1,4,0.05,0.01,8274.0,0.0,1023.0,0.0,0.0,1.0,1.0,1.0,3.66,1.83,0.17391304347826086,0.17391304347826086,30,4.155,0.715,7277.959165559638,0.0,899.8491934212605,0.0,0.0,8177.808358980898,9977.506745823419,1.0,1.2,0.6395837657579114,9977.506745823419,0.0,1.0,145.55918331119275,5349.299986686334,0.0,674.8868950659453,0.0,0.0,6133.356269235674,1.1949834355621667,5.974917177810833,,0.121594464396387,0.12199453943584618,146.64692360483886,733.2346180241942,48.14713444119876,72.23730159493492,1.1793071092373246,1.8273107810723577,2.7415961828675237,-0.914285401795166,1.172558199099936,650.4452667767249,6481.95471547172,0.0,0.0,650.4452667767249,7381.803908892981,7381.803908892981,650.4452667767249,0.36135848154262495,650.4452667767249,1430.979586908795,9181.502295735501,9181.502295735501,20199.305050618106,9831.947562512227,9831.947562512227,21630.2846375269,0.8193289635426856,2.6289635582367668,13.144817791183835,1.1949834355621667,1709.9969029836018,1709.9969029836018,0.0,1709.9969029836018,1709.9969029836018,0.0,650.4452667767249,0.0,650.4452667767249,1430.979586908795,0.0,8177.808358980898,-0.3334865314989188,172.525792476281
28,28,2025,2SB,2,SB,MD,5,OP,MD,2.2,70,12000,1.6,5.0,75,1800,1,4,0.05,0.01,7694.0,0.0,951.0,0.0,0.0,1.0,1.0,1.0,3.66,1.83,0.17391304347826086,0.17391304347826086,30,4.136,0.708,6407.0337610024735,0.0,791.9273598535681,0.0,0.0,7198.961120856042,8782.815840563177,1.0,1.2,0.5630010154207165,8782.815840563177,0.0,1.0,128.14067522004947,4709.1698143368185,0.0,593.945519890176,0.0,0.0,5399.220840642031,0.6699806492480932,3.349903246240466,,0.12424998697766422,0.12444801787883795,141.5069347613588,707.534673806794,56.54037517381875,73.19543234092053,1.0098494159921183,1.803391219621286,2.3346148587482864,-0.5312236391270004,0.6149937850565812,585.1142881069592,5693.778797675465,0.0,0.0,585.1142881069592,6485.706157529034,32428.53078764517,585.1142881069592,0.3250634933927551,2925.571440534796,6436.2571691765515,8069.560877236169,40347.80438618085,88765.16964959787,8654.67516534313,43273.375826715645,95201.42681877442,0.7212229304452608,1.4739574283458052,7.369787141729026,0.6699806492480932,862.4335513865201,862.4335513865201,0.0,4312.1677569326,4312.1677569326,0.0,2925.571440534796,0.0,2925.571440534796,6436.2571691765515,0.0,35994.805604280205,-0.2275423019503175,166.47874677806917
29,29,2025,2SB,2,SB,PM-Shoulder,1,OP,PM,2.2,70,12000,1.6,5.0,75,1800,1,4,0.05,0.01,5126.0,0.0,634.0,0.0,0.0,1.0,1.0,1.0,3.66,1.83,0.17391304347826086,0.17391304347826086,30,4.135,0.592,5242.508701253914,0.0,648.4101671078778,0.0,0.0,5890.918868361792,7187.739202577548,1.0,1.2,0.46075251298574027,7187.739202577548,0.0,1.0,104.85017402507829,3853.243895421627,0.0,486.3076253309083,0.0,0.0,4418.189151271345,0.2690678918064357,1.3453394590321786,,0.13967202665835202,0.1397436367183828,118.53773143558334,592.6886571779166,64.59984618377119,73.79799028520267,0.6930327842371473,1.788666594982702,2.043348518578379,-0.25468192359567676,0.21595889902380777,538.1903840824616,4599.468143146374,0.0,0.0,538.1903840824616,5247.878310254252,5247.878310254252,538.1903840824616,0.2989946578235898,538.1903840824616,1184.0188449814157,6544.698644470007,6544.698644470007,14398.337017834016,7082.8890285524685,7082.8890285524685,15582.355862815431,0.5902407523793723,0.5919493619741586,2.959746809870793,0.2690678918064357,318.5814544782405,318.5814544782405,0.0,318.5814544782405,318.5814544782405,0.0,538.1903840824616,0.0,538.1903840824616,1184.0188449814157,0.0,5890.918868361792,-0.12463949310657337,139.45615463009804
30,30,2025,2SB,2,SB,PM-Peak,3,Peak,PM,2.2,70,12000,1.6,5.0,75,1800,1,4,0.05,0.01,7001.0,0.0,865.0,0.0,0.0,1.0,1.0,1.0,3.66,1.83,0.17391304347826086,0.17391304347826086,30,4.135,0.592,4200.599999999999,0.0,519.0,0.0,0.0,4719.599999999999,5757.599999999999,1.0,1.2,0.369076923076923,5757.599999999999,0.0,1.0,84.01199999999999,3087.441,0.0,389.25,0.0,0.0,3539.7,0.15275604533131928,0.7637802266565964,,0.16405088855333122,0.16408238835585154,111.48251053284501,557.412552664225,68.24791314210326,74.14122945484854,0.602420942087301,1.780385906338214,1.9341250731748314,-0.15373916683661748,0.06632277882094763,506.49743940598546,3610.090560594014,0.0,0.0,506.49743940598546,4129.090560594013,12387.27168178204,506.49743940598546,0.28138746633665856,1519.4923182179564,3342.8831000795044,5167.090560594013,15501.27168178204,34102.79769992049,5673.587999999999,17020.763999999996,37445.680799999995,0.4727989999999999,0.3360632997289025,1.6803164986445123,0.15275604533131928,170.21520079101532,170.21520079101532,0.0,510.64560237304596,510.64560237304596,0.0,1519.4923182179564,0.0,1519.4923182179564,3342.8831000795044,0.0,14158.8,-0.07948770685458176,131.15589474452352
31,31,2025,2SB,2,SB,PM-Late,3,OP,PM,2.2,70,12000,1.6,5.0,75,1800,1,4,0.05,0.01,6368.0,0.0,787.0,0.0,0.0,1.0,1.0,1.0,3.66,1.83,0.17391304347826086,0.17391304347826086,30,4.135,0.592,3820.7999999999997,0.0,472.2,0.0,0.0,4293.0,5237.4,1.0,1.2,0.3357307692307692,5237.4,0.0,1.0,76.416,2808.2879999999996,0.0,354.15,0.0,0.0,3219.75,0.13394095329472042,0.6697047664736021,,0.1738883463334866,0.17390842215649505,108.9384720954407,544.6923604772036,68.92931618511842,74.28023378899441,0.2886716021681058,1.7770541807254991,1.9150052155674555,-0.13795103484195637,0.04012857389884262,488.32855634817435,3256.055443651825,0.0,0.0,488.32855634817435,3728.255443651825,11184.766330955474,488.32855634817435,0.2712936424156524,1464.985669044523,3222.968471897951,4672.655443651825,14017.966330955476,30839.52592810205,5160.9839999999995,15482.952,34062.4944,0.43008199999999996,0.29467009724838494,1.4733504862419247,0.13394095329472042,143.89582318827996,143.89582318827996,0.0,431.6874695648399,431.6874695648399,0.0,1464.985669044523,0.0,1464.985669044523,3222.968471897951,0.0,12879.0,-0.07203689771731438,128.1629083475773
32,32,2025,3NB,3,NB,Night,8,OP,NT,3.4,70,12000,1.6,6.5,75,1800,1,4,0.05,0.01,3349.0,0.0,414.0,0.0,0.0,1.0,1.0,1.0,3.66,1.83,0.17391304347826086,0.17391304347826086,30,4.103,0.708,2259.457276720329,0.0,279.3118281762366,0.0,0.0,2538.7691048965658,3097.392761249039,1.0,1.2,0.19855081802878455,3097.392761249039,0.0,1.0,45.18914553440658,1660.7010983894418,0.0,209.48387113217746,0.0,0.0,1904.0768286724242,0.1298783456912274,0.6493917284561369,,0.17390951423505008,0.17390741056543768,117.64443519389295,588.2221759694647,69.99109467225757,74.91119302664555,0.0,2.7232245510685993,2.914656513878753,-0.1914319628101535,0.0005079954424624575,288.81172131052193,1925.4564098754004,0.0,0.0,288.81172131052193,2204.768238051637,17638.145904413097,288.81172131052193,0.1604509562836233,2310.4937704841755,7855.678819646197,2763.39189440411,22107.13515523288,75164.2595277918,3052.203615714632,24417.628925717057,83019.938347438,0.25435030130955266,0.4415863753501731,2.2079318767508656,0.1298783456912274,127.53532117215772,127.53532117215772,0.0,1020.2825693772618,1020.2825693772618,0.0,2310.4937704841755,0.0,2310.4937704841755,7855.678819646197,0.0,20310.152839172526,-0.06567908153108601,138.40521787516818
33,33,2025,3NB,3,NB,AM-Early,1,OP,AM,3.4,70,12000,1.6,6.5,75,1800,1,4,0.05,0.01,3209.0,0.0,397.0,0.0,0.0,1.0,1.0,1.0,3.66,1.83,0.17391304347826086,0.17391304347826086,30,4.155,0.715,2258.9848570109466,0.0,279.46930141269735,0.0,0.0,2538.454158423644,3097.392761249039,1.0,1.2,0.19855081802878455,3097.392761249039,0.0,1.0,45.179697140218934,1660.3538699030455,0.0,209.601976059523,0.0,0.0,1903.840618817733,0.13771443558506496,0.6885721779253249,,0.17390954563390293,0.17390776946872638,124.74061422935148,623.7030711467575,69.99109342885923,74.91126713315799,0.0,2.7232218570990296,2.914656565657899,-0.19143470855886946,0.0005080663798936924,288.75138710633104,1925.0537727643966,0.0,0.0,288.75138710633104,2204.523074177094,2204.523074177094,288.75138710633104,0.160417437281295,288.75138710633104,981.7547161615255,2763.4616770024886,2763.4616770024886,9395.769701808462,3052.2130641088197,3052.2130641088197,10377.524417969988,0.25435108867573497,0.4682290809892209,2.3411454049461047,0.13771443558506496,135.20179661916015,135.20179661916015,0.0,135.20179661916015,135.20179661916015,0.0,288.75138710633104,0.0,288.75138710633104,981.7547161615255,0.0,2538.454158423644,-0.06568002241308957,146.75366379923705
34,34,2025,3NB,3,NB,AM-Peak,2,Peak,AM,3.4,70,12000,1.6,6.5,75,1800,1,4,0.05,0.01,6617.0,0.0,818.0,0.0,0.0,1.0,1.0,1.0,3.66,1.83,0.17391304347826086,0.17391304347826086,30,4.155,0.715,3970.2,0.0,490.79999999999995,0.0,0.0,4461.0,5442.599999999999,1.0,1.2,0.34888461538461535,5442.599999999999,0.0,1.0,79.404,2918.0969999999998,0.0,368.09999999999997,0.0,0.0,3345.75,0.13585483320298514,0.6792741660149257,,0.16451158176472258,0.16454699635009262,128.0982341601058,640.491170800529,69.64158495310772,74.30652967462241,0.8732150763022131,2.7453845697449015,2.9292842794626344,-0.18389970971773284,0.020548034292380484,480.06075321289165,3410.7352467871083,0.0,0.0,480.06075321289165,3901.535246787108,7803.070493574216,480.06075321289165,0.26670041845160647,960.1215064257833,3264.413121847663,4883.135246787108,9766.270493574217,33205.31967815234,5363.196,10726.392,36469.7328,0.44693299999999997,0.46190643289014943,2.3095321644507476,0.13585483320298514,221.74315008712512,221.74315008712512,0.0,443.48630017425023,443.48630017425023,0.0,960.1215064257833,0.0,960.1215064257833,3264.413121847663,0.0,8922.0,-0.06277974145666344,150.7038048942421
35,35,2025,3NB,3,NB,AM-Shoulder,1,OP,AM,3.4,70,12000,1.6,6.5,75,1800,1,4,0.05,0.01,7565.0,0.0,935.0,0.0,0.0,1.0,1.0,1.0,3.66,1.83,0.17391304347826086,0.17391304347826086,30,4.155,0.715,4539.0,0.0,561.0,0.0,0.0,5100.0,6222.0,1.0,1.2,0.39884615384615385,6222.0,0.0,1.0,90.78,3336.165,0.0,420.75,0.0,0.0,3825.0,0.162050563196135,0.810252815980675,,0.1434285821922446,0.1434788287221652,136.50289721075927,682.5144860537964,69.08072355888133,74.25705658712097,0.8832244122615878,2.7472136572052257,2.953066926493894,-0.2058532692886681,0.053130260725205845,478.5014159093897,3969.71858409061,0.0,0.0,478.5014159093897,4530.7185840906095,4530.7185840906095,478.5014159093897,0.26583411994966094,478.5014159093897,1626.9048140919251,5652.7185840906095,5652.7185840906095,19219.24318590807,6131.219999999999,6131.219999999999,20846.147999999997,0.5109349999999999,0.550971914866859,2.754859574334295,0.162050563196135,263.6408413900998,263.6408413900998,0.0,263.6408413900998,263.6408413900998,0.0,478.5014159093897,0.0,478.5014159093897,1626.9048140919251,0.0,5100.0,-0.06970829798736489,160.59164377736383
36,36,2025,3NB,3,NB,MD,5,OP,MD,3.4,70,12000,1.6,6.5,75,1800,1,4,0.05,0.01,7925.0,0.0,980.0,0.0,0.0,1.0,1.0,1.0,3.66,1.83,0.17391304347826086,0.17391304347826086,30,4.136,0.708,6421.98024983041,0.0,794.1376207992179,0.0,0.0,7216.117870629628,8804.393112228063,1.0,1.2,0.5643841738607732,8804.393112228063,0.0,1.0,128.4396049966082,4720.155483625351,0.0,595.6032155994134,0.0,0.0,5412.088402972221,0.4801077662534471,2.4005388312672356,,0.11188600892221708,0.11211082814279154,147.89286857975821,739.4643428987912,61.241773894540835,73.69549467186275,1.76764367848638,2.7681475089940344,3.331059618738196,-0.5629121097441616,0.5709802490999003,528.1193585551579,5765.4212862786435,0.0,0.0,528.1193585551579,6559.5589070778615,32797.79453538931,528.1193585551579,0.29339964364175436,2640.5967927757893,8978.029095437683,8147.8341486762965,40739.17074338148,138513.18052749702,8675.953507231454,43379.76753615727,147491.2096229347,0.7229961256026212,1.6323664052617202,8.1618320263086,0.4801077662534471,862.0842988738085,862.0842988738085,0.0,4310.421494369042,4310.421494369042,0.0,2640.5967927757893,0.0,2640.5967927757893,8978.029095437683,0.0,36080.58935314814,-0.16898890268358285,173.9916100938332
37,37,2025,3NB,3,NB,PM-Shoulder,1,OP,PM,3.4,70,12000,1.6,6.5,75,1800,1,4,0.05,0.01,8604.0,0.0,1063.0,0.0,0.0,1.0,1.0,1.0,3.66,1.83,0.17391304347826086,0.17391304347826086,30,4.135,0.592,8341.204328434646,0.0,1030.532333929106,0.0,0.0,9371.736662363752,11432.801330221962,1.0,1.2,0.7328718801424335,11432.801330221962,0.0,1.0,166.8240865686929,6130.785181399464,0.0,772.8992504468295,0.0,0.0,7028.802496772814,1.6643676544134098,8.32183827206705,,0.11592954310111046,0.11705266182107929,126.39238628445916,631.9619314222958,39.55751973927541,70.98933207487215,2.2084771605338793,2.8736712128076096,5.1570472907444405,-2.283376077936831,3.072583359748455,710.7391249306985,7463.641116935254,0.0,0.0,710.7391249306985,8494.17345086436,8494.17345086436,710.7391249306985,0.3948550694059436,710.7391249306985,2416.5130247643747,10555.238118722573,10555.238118722573,35887.809603656744,11265.977243653271,11265.977243653271,38304.32262842112,0.9388314369711059,5.658850025005593,28.29425012502797,1.6643676544134098,4021.9661148865366,4021.9661148865366,0.0,4021.9661148865366,4021.9661148865366,0.0,710.7391249306985,0.0,710.7391249306985,2416.5130247643747,0.0,9371.736662363752,-0.4427681091920366,148.6969250405402
38,38,2025,3NB,3,NB,PM-Peak,3,Peak,PM,3.4,70,12000,1.6,6.5,75,1800,1,4,0.05,0.01,7495.0,0.0,926.0,0.0,0.0,1.0,1.0,1.0,3.66,1.83,0.17391304347826086,0.17391304347826086,30,4.135,0.592,8650.057730999113,0.0,1068.7062653642665,0.0,0.0,9718.76399636338,11856.176527091913,1.0,1.2,0.7600113158392252,11856.176527091913,0.0,1.0,173.00115461998226,6357.792432284348,0.0,801.5296990231999,0.0,0.0,7289.072997272535,1.829998372543684,9.14999186271842,,0.13059864190836362,0.13197819878801104,121.06365643966166,605.3182821983082,36.404649796612844,68.39749941130526,3.07208137429132,2.982565177905924,5.603679781009197,-2.6211146031032735,3.6844698714111725,830.3190571916077,7646.7375191875235,0.0,0.0,830.3190571916077,8715.44378455179,26146.33135365537,830.3190571916077,0.4612883651064487,2490.9571715748234,8469.254383354399,10852.856315280324,32558.56894584097,110699.1344158593,11683.175372471931,35049.52611741579,119168.3887992137,0.9735979477059943,6.221994466648525,31.109972333242624,1.829998372543684,5166.240579399003,5166.240579399003,0.0,15498.721738197008,15498.721738197008,0.0,2490.9571715748234,0.0,2490.9571715748234,8469.254383354399,0.0,29156.29198909014,-0.46774881962138504,142.4278311054843
39,39,2025,3NB,3,NB,PM-Late,3,OP,PM,3.4,70,12000,1.6,6.5,75,1800,1,4,0.05,0.01,7734.0,0.0,956.0,0.0,0.0,1.0,1.0,1.0,3.66,1.83,0.17391304347826086,0.17391304347826086,30,4.135,0.592,6774.237453435951,0.0,837.3637193541206,0.0,0.0,7611.601172790071,9286.328611498313,1.0,1.2,0.5952774750960457,9286.328611498313,0.0,1.0,135.48474906871903,4979.064528275424,0.0,628.0227895155904,0.0,0.0,5708.700879592554,0.5210462806712193,2.6052314033560964,,0.11510425925459764,0.11539044714934796,127.02996669994621,635.1498334997311,58.34290347610852,73.2410241827063,1.8084563074544648,2.785324239747163,3.496569211430114,-0.7112449716829508,0.7977283910878272,573.1115343079853,6065.641170059246,0.0,0.0,573.1115343079853,6903.004889413367,20709.014668240103,573.1115343079853,0.31839529683776957,1719.3346029239558,5845.7376499414495,8577.732328121609,25733.196984364826,87492.8697468404,9150.843862429594,27452.53158728878,93338.60739678185,0.7625703218691329,1.7715573542821454,8.857786771410728,0.5210462806712193,1015.2999534272354,1015.2999534272354,0.0,3045.8998602817064,3045.8998602817064,0.0,1719.3346029239558,0.0,1719.3346029239558,5845.7376499414495,0.0,22834.803518370216,-0.20341223887630358,149.44701964699556
40,40,2025,3SB,3,SB,Night,8,OP,NT,3.4,70,12000,1.6,5.0,75,1800,1,4,0.05,0.01,2688.0,0.0,332.0,0.0,0.0,1.0,1.0,1.0,3.66,1.83,0.17391304347826086,0.17391304347826086,30,4.103,0.708,1612.8,0.0,199.2,0.0,0.0,1812.0,2210.3999999999996,1.0,1.2,0.14169230769230767,2210.3999999999996,0.0,1.0,32.256,1185.408,0.0,149.39999999999998,0.0,0.0,1359.0,0.13171383732345815,0.6585691866172907,,0.17376107669106863,0.17376238866506177,117.69291000855014,588.4645500427507,69.985439794612,74.97699346061229,0.0,2.720834626520033,2.9148920203785793,-0.19405739385854615,0.0008306393472247572,205.97777039820627,1374.5662296017936,0.0,0.0,205.97777039820627,1573.7662296017936,12590.129836814349,205.97777039820627,0.11443209466567016,1647.8221631856502,5602.595354831211,1972.1662296017935,15777.329836814348,53642.92144516878,2178.144,17425.152,59245.51679999999,0.18151199999999998,0.4478270468997577,2.2391352344987885,0.13171383732345815,92.24241664442505,92.24241664442505,0.0,737.9393331554004,737.9393331554004,0.0,1647.8221631856502,0.0,1647.8221631856502,5602.595354831211,0.0,14496.0,-0.06657447085581662,138.46224706888253
41,41,2025,3SB,3,SB,AM-Early,1,OP,AM,3.4,70,12000,1.6,5.0,75,1800,1,4,0.05,0.01,7250.0,0.0,896.0,0.0,0.0,1.0,1.0,1.0,3.66,1.83,0.17391304347826086,0.17391304347826086,30,4.155,0.715,6732.042089488811,0.0,831.9875465078586,0.0,0.0,7564.02963599667,9228.004729012388,1.0,1.2,0.5915387646802812,9228.004729012388,0.0,1.0,134.64084178977623,4948.050935774276,0.0,623.990659880894,0.0,0.0,5673.022226997502,0.8495473552218057,4.247736776109028,,0.12265824035251367,0.12306403183618417,146.0955415862688,730.4777079313441,53.5900378462089,72.89998334647439,1.667066129573738,2.7983545487307153,3.8066776624684078,-1.0083231137376925,1.2225769690102906,606.9192209566813,5990.482026742353,0.0,0.0,606.9192209566813,6822.469573250211,6822.469573250211,606.9192209566813,0.33717734497593405,606.9192209566813,2063.5253512527165,8486.444666265928,8486.444666265928,28853.911865304155,9093.36388722261,9093.36388722261,30917.43721655687,0.7577803239352174,2.888461007754139,14.442305038770696,0.8495473552218057,1753.0625045898928,1753.0625045898928,0.0,1753.0625045898928,1753.0625045898928,0.0,606.9192209566813,0.0,606.9192209566813,2063.5253512527165,0.0,7564.02963599667,-0.2648827148353438,171.87710774855154
42,42,2025,3SB,3,SB,AM-Peak,2,Peak,AM,3.4,70,12000,1.6,5.0,75,1800,1,4,0.05,0.01,9681.0,0.0,1197.0,0.0,0.0,1.0,1.0,1.0,3.66,1.83,0.17391304347826086,0.17391304347826086,30,4.155,0.715,8190.1868182379985,0.0,1012.6695198255226,0.0,0.0,9202.85633806352,11228.195377714566,1.0,1.2,0.719756113956062,11228.195377714566,0.0,1.0,163.80373636475997,6019.787311404929,0.0,759.502139869142,0.0,0.0,6902.14225354764,1.8299981510500425,9.149990755250212,,0.1342450339004006,0.13541452711334545,140.09573951231795,700.4786975615897,39.10854561069633,69.124030942291,2.7912112803827345,2.9512167797377407,5.216251251854409,-2.2650344721166684,3.153692786469112,808.126551692756,7218.2565301804825,0.0,0.0,808.126551692756,8230.926050006005,16461.85210001201,808.126551692756,0.44895919538486445,1616.253103385512,5495.260551510741,10256.26508965705,20512.5301793141,69742.60260966794,11064.391641349806,22128.783282699613,75237.86316117868,0.9220326367791505,6.221993713570145,31.109968567850718,1.8299981510500423,5028.158324401446,5028.158324401446,0.0,10056.316648802893,10056.316648802893,0.0,1616.253103385512,0.0,1616.253103385512,5495.260551510741,0.0,18405.71267612704,-0.4342264900126187,164.81851707331523
43,43,2025,3SB,3,SB,AM-Shoulder,1,OP,AM,3.4,70,12000,1.6,5.0,75,1800,1,4,0.05,0.01,8605.0,0.0,1064.0,0.0,0.0,1.0,1.0,1.0,3.66,1.83,0.17391304347826086,0.17391304347826086,30,4.155,0.715,7785.225297680508,0.0,962.6356440130228,0.0,0.0,8747.86094169353,10673.132229719577,1.0,1.2,0.6841751429307421,10673.132229719577,0.0,1.0,155.70450595361018,5722.140593795173,0.0,721.976733009767,0.0,0.0,6560.895706270148,1.6205702336902787,8.102851168451394,,0.12103984549514028,0.12193688905425297,146.67680189399172,733.3840094699586,42.76722855231175,71.47402153291961,1.9607188396628061,2.854183878628424,4.770007477816164,-1.91582359918774,2.542338816036716,692.607013374438,6936.91377835246,0.0,0.0,692.607013374438,7899.549422365483,7899.549422365483,692.607013374438,0.38478167409691,692.607013374438,2354.863845473089,9824.820710391528,9824.820710391528,33404.390415331196,10517.427723765966,10517.427723765966,35759.254260804286,0.8764523103138305,5.509938794546947,27.54969397273474,1.6205702336902787,3816.2222523671126,3816.2222523671126,0.0,3816.2222523671126,3816.2222523671126,0.0,692.607013374438,0.0,692.607013374438,2354.863845473089,0.0,8747.86094169353,-0.4016395379037969,172.56094340469616
44,44,2025,3SB,3,SB,MD,5,OP,MD,3.4,70,12000,1.6,5.0,75,1800,1,4,0.05,0.01,8002.0,0.0,989.0,0.0,0.0,1.0,1.0,1.0,3.66,1.83,0.17391304347826086,0.17391304347826086,30,4.136,0.708,6014.866928953372,0.0,743.4020735734672,0.0,0.0,6758.269002526839,8245.073149673774,1.0,1.2,0.5285303301072932,8245.073149673774,0.0,1.0,120.29733857906744,4420.927192780729,0.0,557.5515551801004,0.0,0.0,5068.70175189513,0.5199318252406195,2.5996591262030977,,0.12640225089573298,0.12662432425330425,140.45481666273747,702.2740833136874,59.701503786269036,73.51054802863494,1.432008111688418,2.775111946118737,3.41699935616896,-0.6418874100502228,0.6887176893800461,558.8151482136382,5335.754442160666,0.0,0.0,558.8151482136382,6079.156515734134,30395.782578670667,558.8151482136382,0.3104528601186879,2794.075741068191,9499.857519631849,7565.960662881068,37829.80331440534,128621.33126897816,8124.775811094706,40623.87905547353,138121.18878861002,0.6770646509245588,1.7677682058181063,8.838841029090531,0.5199318252406195,987.8556519416023,987.8556519416023,0.0,4939.278259708011,4939.278259708011,0.0,2794.075741068191,0.0,2794.075741068191,9499.857519631849,0.0,33791.3450126342,-0.1878511943209402,165.24096077969114
45,45,2025,3SB,3,SB,PM-Shoulder,1,OP,PM,3.4,70,12000,1.6,5.0,75,1800,1,4,0.05,0.01,5331.0,0.0,659.0,0.0,0.0,1.0,1.0,1.0,3.66,1.83,0.17391304347826086,0.17391304347826086,30,4.135,0.592,5610.539192624803,0.0,693.5556795985266,0.0,0.0,6304.09487222333,7691.206231420383,1.0,1.2,0.49302604047566556,7691.206231420383,0.0,1.0,112.21078385249606,4123.74630657923,0.0,520.1667596988949,0.0,0.0,4728.071154167497,0.3381120384482734,1.690560192241367,,0.13507801840082795,0.13522775346570035,119.98807636794525,599.9403818397263,62.565242340313795,73.59371367833099,1.2115742828065132,2.7719758903818708,3.260596337026461,-0.48862044664459026,0.4744455531548229,557.0274794804556,4941.300929291851,0.0,0.0,557.0274794804556,5634.856608890378,5634.856608890378,557.0274794804556,0.3094597108224753,557.0274794804556,1893.8934302335488,7021.967968087431,7021.967968087431,23874.691091497265,7578.995447567886,7578.995447567886,25768.584521730812,0.6315829539639904,1.1495809307241296,5.747904653620648,0.3381120384482734,640.3481683000581,640.3481683000581,0.0,640.3481683000581,640.3481683000581,0.0,557.0274794804556,0.0,557.0274794804556,1893.8934302335488,0.0,6304.09487222333,-0.1498561600821135,141.16244278581794
46,46,2025,3SB,3,SB,PM-Peak,3,Peak,PM,3.4,70,12000,1.6,5.0,75,1800,1,4,0.05,0.01,7281.0,0.0,900.0,0.0,0.0,1.0,1.0,1.0,3.66,1.83,0.17391304347826086,0.17391304347826086,30,4.135,0.592,5314.091922287379,0.0,656.8716838426922,0.0,0.0,5970.963606130072,7284.706973815455,1.0,1.2,0.46696839575740096,7284.706973815455,0.0,1.0,106.28183844574758,3905.857562881223,0.0,492.6537628820191,0.0,0.0,4478.222704597554,0.2809756406144727,1.4048782030723637,,0.13863443445482393,0.1387517332124494,118.85202501012813,594.2601250506407,64.24080758660831,73.76283939604434,1.7175425842388905,2.7656202183960374,3.1755516106327093,-0.40993139223667185,0.35793427799538347,541.4863542911353,4666.323729550496,0.0,0.0,541.4863542911353,5323.195413393189,15969.586240179566,541.4863542911353,0.30082575238396403,1624.4590628734059,5523.160813769579,6636.938781078572,19910.816343235718,67696.77556700144,7178.425135369707,21535.275406109125,73219.93638077102,0.5982020946141423,0.9553171780892072,4.776585890446037,0.2809756406144727,517.2912159552201,517.2912159552201,0.0,1551.8736478656601,1551.8736478656601,0.0,1624.4590628734059,0.0,1624.4590628734059,5523.160813769579,0.0,17912.890818390217,-0.12908982202150243,139.82591177662135
47,47,2025,3SB,3,SB,PM-Late,3,OP,PM,3.4,70,12000,1.6,5.0,75,1800,1,4,0.05,0.01,6623.0,0.0,819.0,0.0,0.0,1.0,1.0,1.0,3.66,1.83,0.17391304347826086,0.17391304347826086,30,4.135,0.592,3973.7999999999997,0.0,491.4,0.0,0.0,4465.2,5448.0,1.0,1.2,0.34923076923076923,5448.0,0.0,1.0,79.476,2920.7429999999995,0.0,368.54999999999995,0.0,0.0,3348.8999999999996,0.1384480828277635,0.6922404141388174,,0.172482409557418,0.17252367257311466,109.28833794783195,546.4416897391596,68.69494481535986,74.18221884289723,0.4786616442476176,2.7499851471419356,2.9696508316342163,-0.21966568449228063,0.07585021076744765,503.77679033796164,3390.547209662038,0.0,0.0,503.77679033796164,3881.947209662038,11645.841628986114,503.77679033796164,0.2798759946322009,1511.3303710138848,5138.523261447208,4864.747209662038,14594.241628986114,49620.421538552786,5368.523999999999,16105.571999999998,54758.9448,0.44737699999999997,0.47072348161439587,2.353617408071979,0.1384480828277635,237.13956470441084,237.13956470441084,0.0,711.4186941132325,711.4186941132325,0.0,1511.3303710138848,0.0,1511.3303710138848,5138.523261447208,0.0,13395.599999999999,-0.07397020624522288,128.57451523274344
48,48,2025,4NB,4,NB,Night,8,OP,NT,4.4,70,12000,1.6,6.5,75,1800,1,4,0.05,0.01,3091.0,0.0,382.0,0.0,0.0,1.0,1.0,1.0,3.66,1.83,0.17391304347826086,0.17391304347826086,30,4.103,0.708,2259.6273365637903,0.0,279.25514156174955,0.0,0.0,2538.88247812554,3097.392761249039,1.0,1.2,0.19855081802878455,3097.392761249039,0.0,1.0,45.192546731275804,1660.826092374386,0.0,209.44135617131218,0.0,0.0,1904.1618585941549,0.12987637446309877,0.6493818723154938,,0.17390901792395458,0.17390966605966388,117.64323777059681,588.216188852984,69.99109510321652,74.91116719461822,0.0,3.5241741637015416,3.7719084065005233,-0.2477342427989817,0.0006573740485741991,288.8326346673085,1925.602155165206,0.0,0.0,288.8326346673085,2204.8572967269556,17638.858373815645,288.8326346673085,0.1604625748151714,2310.661077338468,10166.90874028926,2763.3675798504546,22106.940638803637,97270.538810736,3052.200214517763,24417.601716142104,107437.44755102527,0.25435001787648026,0.5714560476376347,2.857280238188173,0.12987637446309877,165.05515583574498,165.05515583574498,0.0,1320.4412466859599,1320.4412466859599,0.0,2310.661077338468,0.0,2310.661077338468,10166.90874028926,0.0,20311.05982500432,-0.06567875359116235,138.4038091418786
49,49,2025,4NB,4,NB,AM-Early,1,OP,AM,4.4,70,12000,1.6,6.5,75,1800,1,4,0.05,0.01,2962.0,0.0,366.0,0.0,0.0,1.0,1.0,1.0,3.66,1.83,0.17391304347826086,0.17391304347826086,30,4.155,0.715,2259.7234873940033,0.0,279.22309128501183,0.0,0.0,2538.946578679015,3097.392761249039,1.0,1.2,0.19855081802878455,3097.392761249039,0.0,1.0,45.19446974788007,1660.8967632345923,0.0,209.41731846375887,0.0,0.0,1904.2099340092614,0.1377087156252916,0.6885435781264581,,0.1739121552286624,0.17391232140191784,124.73834454544127,623.6917227272063,69.99109546384473,74.91114655426435,0.0,3.5241751347212786,3.7719083870658143,-0.2477332523445357,0.0006573474230230852,288.85013570643736,1925.6788819396859,0.0,0.0,288.85013570643736,2204.901973224698,2204.901973224698,288.85013570643736,0.16047229761468743,288.85013570643736,1270.9405971083245,2763.3481557947216,2763.3481557947216,12158.731885496776,3052.198291501159,3052.198291501159,13429.672482605101,0.2543498576250966,0.6059183487512831,3.0295917437564155,0.1377087156252916,175.0195972638286,175.0195972638286,0.0,175.0195972638286,175.0195972638286,0.0,288.85013570643736,0.0,288.85013570643736,1270.9405971083245,0.0,2538.946578679015,-0.06567849134248156,146.75099358287207
50,50,2025,4NB,4,NB,AM-Peak,2,Peak,AM,4.4,70,12000,1.6,6.5,75,1800,1,4,0.05,0.01,6108.0,0.0,755.0,0.0,0.0,1.0,1.0,1.0,3.66,1.83,0.17391304347826086,0.17391304347826086,30,4.155,0.715,3664.7999999999997,0.0,453.0,0.0,0.0,4117.799999999999,5023.799999999999,1.0,1.2,0.3220384615384615,5023.799999999999,0.0,1.0,73.29599999999999,2693.6279999999997,0.0,339.75,0.0,0.0,3088.3499999999995,0.12991173843784892,0.6495586921892447,,0.17387171095246107,0.1739056966454155,124.74413147816213,623.7206573908107,69.79407151517589,74.39007926217798,0.8658004337652125,3.548860313343221,3.7825562296160977,-0.23369591627287667,0.01524489171691147,468.34570902945575,3123.1582909705444,0.0,0.0,468.34570902945575,3576.1582909705444,7152.316581941089,468.34570902945575,0.26019206057191985,936.6914180589115,4121.442239459211,4482.158290970545,8964.31658194109,39442.992960540796,4950.504000000001,9901.008000000002,43564.43520000001,0.4125420000000001,0.5716116491265353,2.8580582456326766,0.12991173843784892,267.7118630996637,267.7118630996637,0.0,535.4237261993273,535.4237261993273,0.0,936.6914180589115,0.0,936.6914180589115,4121.442239459211,0.0,8235.599999999999,-0.06178253595891557,146.75780173901427
51,51,2025,4NB,4,NB,AM-Shoulder,1,OP,AM,4.4,70,12000,1.6,6.5,75,1800,1,4,0.05,0.01,6983.0,0.0,863.0,0.0,0.0,1.0,1.0,1.0,3.66,1.83,0.17391304347826086,0.17391304347826086,30,4.155,0.715,4189.8,0.0,517.8,0.0,0.0,4707.6,5743.2,1.0,1.2,0.36815384615384616,5743.2,0.0,1.0,83.796,3079.5029999999997,0.0,388.34999999999997,0.0,0.0,3530.7000000000003,0.14428341195386324,0.7214170597693161,,0.15559536405955796,0.15564758383266852,131.4916374663324,657.458187331662,69.47537450724258,74.28924067014171,0.8864695684782626,3.5536774587885476,3.799907548141088,-0.24623008935254065,0.03901619809614833,479.15639040750085,3626.8476095924993,0.0,0.0,479.15639040750085,4144.647609592499,4144.647609592499,479.15639040750085,0.2661979946708338,479.15639040750085,2108.288117793004,5180.247609592499,5180.247609592499,22793.089482207,5659.404,5659.404,24901.377600000003,0.47161700000000006,0.6348470125969983,3.1742350629849914,0.14428341195386324,304.1910030169629,304.1910030169629,0.0,304.1910030169629,304.1910030169629,0.0,479.15639040750085,0.0,479.15639040750085,2108.288117793004,0.0,4707.6,-0.06479896845727108,154.69604407803814
52,52,2025,4NB,4,NB,MD,5,OP,MD,4.4,70,12000,1.6,6.5,75,1800,1,4,0.05,0.01,7316.0,0.0,904.0,0.0,0.0,1.0,1.0,1.0,3.66,1.83,0.17391304347826086,0.17391304347826086,30,4.136,0.708,4811.04790260831,0.0,594.4761213720493,0.0,0.0,5405.52402398036,6594.476266724458,1.0,1.2,0.42272283761054213,6594.476266724458,0.0,1.0,96.22095805216621,3536.120208417108,0.0,445.85709102903695,0.0,0.0,4054.1430179852696,0.17587204969554987,0.8793602484777494,,0.1358058808277066,0.13588236007720328,136.19632567811104,680.9816283905553,68.62855731476012,74.21933589973158,1.3324790820870331,3.5570245516162693,3.8467951291644136,-0.2897705775481443,0.1032521840981037,480.2259196167388,4234.601024939406,0.0,0.0,480.2259196167388,4829.077146311455,24145.385731557275,480.2259196167388,0.2667921775648549,2401.129598083694,10564.970231568253,6018.029389055553,30090.146945277767,132396.6465592222,6498.255308672292,32491.276543361462,142961.61679079046,0.541521275722691,0.7738370186604195,3.869185093302098,0.17587204969554987,371.61659391967544,371.61659391967544,0.0,1858.082969598377,1858.082969598377,0.0,2401.129598083694,0.0,2401.129598083694,10564.970231568253,0.0,27027.6201199018,-0.07532779049012864,160.23097138601298
53,53,2025,4NB,4,NB,PM-Shoulder,1,OP,PM,4.4,70,12000,1.6,6.5,75,1800,1,4,0.05,0.01,7941.0,0.0,982.0,0.0,0.0,1.0,1.0,1.0,3.66,1.83,0.17391304347826086,0.17391304347826086,30,4.135,0.592,6887.834743723296,0.0,851.7634703861323,0.0,0.0,7739.598214109428,9443.125154881693,1.0,1.2,0.6053285355693393,9443.125154881693,0.0,1.0,137.75669487446592,5062.558536636622,0.0,638.8226027895993,0.0,0.0,5804.698660582071,0.5679915773500414,2.8399578867502067,,0.11482372799750205,0.11523431809949639,127.09035526552174,635.4517763276086,57.23541299696917,73.13745482512026,2.3866184997336517,3.609641607453434,4.6125289602431945,-1.0028873527897604,1.1523075326760341,581.3018443821956,6168.776204466634,0.0,0.0,581.3018443821956,7020.539674852766,7020.539674852766,581.3018443821956,0.32294546910121974,581.3018443821956,2557.728115281661,8724.066615625032,8724.066615625032,38385.89310875014,9305.368460007227,9305.368460007227,40943.6212240318,0.7754473716672688,2.4991629403401823,12.49581470170091,0.5679915773500414,1452.768026631379,1452.768026631379,0.0,1452.768026631379,1452.768026631379,0.0,581.3018443821956,0.0,581.3018443821956,2557.728115281661,0.0,7739.598214109428,-0.21742678722105702,149.51806501826087
54,54,2025,4NB,4,NB,PM-Peak,3,Peak,PM,4.4,70,12000,1.6,6.5,75,1800,1,4,0.05,0.01,6919.0,0.0,855.0,0.0,0.0,1.0,1.0,1.0,3.66,1.83,0.17391304347826086,0.17391304347826086,30,4.135,0.592,7075.625486013744,0.0,874.3546452582383,0.0,0.0,7949.980131271983,9698.689421788458,1.0,1.2,0.621710860371055,9698.689421788458,0.0,1.0,141.5125097202749,5200.5847322201025,0.0,655.7659839436787,0.0,0.0,5962.485098453987,0.6540030365900205,3.270015182950102,,0.11452795212273176,0.11501374242884285,127.17581633306101,635.879081665305,55.31141154544254,72.94841277328898,3.8398356115948475,3.6189958076328024,4.772975279849871,-1.1539794722170686,1.3721189905371807,595.6123192219137,6338.500657071556,0.0,0.0,595.6123192219137,7212.8553023297945,21638.565906989385,595.6123192219137,0.33089573290106317,1786.836957665741,7862.082613729261,8961.56459284627,26884.693778538815,118292.65262557079,9557.176912068184,28671.530736204557,126154.73523930005,0.7964314093390154,2.87761336099609,14.38806680498045,0.6540030365900205,1713.9419677668473,1713.9419677668473,0.0,5141.8259033005415,5141.8259033005415,0.0,1786.836957665741,0.0,1786.836957665741,7862.082613729261,0.0,23849.94039381595,-0.2417736117529957,149.61860745066
55,55,2025,4NB,4,NB,PM-Late,3,OP,PM,4.4,70,12000,1.6,6.5,75,1800,1,4,0.05,0.01,7138.0,0.0,882.0,0.0,0.0,1.0,1.0,1.0,3.66,1.83,0.17391304347826086,0.17391304347826086,30,4.135,0.592,4762.437002652254,0.0,588.4658778844617,0.0,0.0,5350.902880536715,6527.834636305639,1.0,1.2,0.41845093822472046,6527.834636305639,0.0,1.0,95.24874005304508,3500.3911969494065,0.0,441.3494084133463,0.0,0.0,4013.177160402536,0.14671024679117686,0.7335512339558843,,0.1418143242977567,0.14188506654523333,117.86712619280468,589.3356309640233,68.74281089177512,74.13462699950524,1.2244124489955135,3.5610889362370686,3.840401586365547,-0.2793126501284786,0.09449303046365688,496.4056123731959,4170.782650226012,0.0,0.0,496.4056123731959,4759.248528110474,14277.74558433142,496.4056123731959,0.2757808957628866,1489.2168371195876,6552.554083326186,5936.180283879397,17808.540851638194,78357.57974720806,6432.585896252594,19297.75768875778,84910.13383053425,0.5360488246877161,0.6455250858811783,3.227625429405891,0.14671024679117686,320.4422755591062,320.4422755591062,0.0,961.3268266773185,961.3268266773185,0.0,1489.2168371195876,0.0,1489.2168371195876,6552.554083326186,0.0,16052.708641610145,-0.07273006321008543,138.66720728565255
56,56,2025,4SB,4,SB,Night,8,OP,NT,4.4,70,12000,1.6,5.0,75,1800,1,4,0.05,0.01,2482.0,0.0,307.0,0.0,0.0,1.0,1.0,1.0,3.66,1.83,0.17391304347826086,0.17391304347826086,30,4.103,0.708,1489.2,0.0,184.2,0.0,0.0,1673.4,2041.8,1.0,1.2,0.13088461538461538,2041.8,0.0,1.0,29.784000000000002,1094.562,0.0,138.14999999999998,0.0,0.0,1255.0500000000002,0.13172548499217687,0.6586274249608843,,0.1737834412530798,0.17378212331207243,117.68563815170401,588.42819075852,69.99020583900065,74.98326710860113,0.0,3.520785505620057,3.7719563306797883,-0.2511708250597313,0.0007230301741677387,190.2167510248535,1269.1992489751465,0.0,0.0,190.2167510248535,1453.3992489751465,11627.193991801172,190.2167510248535,0.10567597279158528,1521.734008198828,6695.629636074844,1821.7992489751464,14574.393991801171,64127.33356392516,2012.0159999999998,16096.127999999999,70822.9632,0.16766799999999998,0.5795921339655783,2.8979606698278912,0.13172548499217687,110.24813264249394,110.24813264249394,0.0,881.9850611399515,881.9850611399515,0.0,1521.734008198828,0.0,1521.734008198828,6695.629636074844,0.0,13387.2,-0.06658900661622053,138.45369194318118
57,57,2025,4SB,4,SB,AM-Early,1,OP,AM,4.4,70,12000,1.6,5.0,75,1800,1,4,0.05,0.01,6693.0,0.0,827.0,0.0,0.0,1.0,1.0,1.0,3.66,1.83,0.17391304347826086,0.17391304347826086,30,4.155,0.715,8031.599999999999,0.0,992.4,0.0,0.0,9024.0,11008.8,1.0,1.2,0.7056923076923076,11008.8,0.0,1.0,160.632,5903.226,0.0,744.3,0.0,0.0,6768.0,1.8299919762690384,9.149959881345191,,0.12334685598318437,0.12472415857537587,145.2503225989955,726.2516129949774,40.26588324898793,70.79210587814138,2.5552148459320536,3.729229364280231,6.556418950691602,-2.8271895864113707,3.815436819590352,728.1443672581895,7142.823632741811,0.0,0.0,728.1443672581895,8135.22363274181,8135.22363274181,728.1443672581895,0.40452464847677194,728.1443672581895,3203.8352159360343,10120.02363274181,10120.02363274181,44528.103984063964,10848.168,10848.168,47731.9392,0.904014,8.05196469558377,40.25982347791884,1.8299919762690384,5862.992738451125,5862.992738451125,0.0,5862.992738451125,5862.992738451125,0.0,728.1443672581895,0.0,728.1443672581895,3203.8352159360343,0.0,9024.0,-0.4312094159439194,170.88273246940645
58,58,2025,4SB,4,SB,AM-Peak,2,Peak,AM,4.4,70,12000,1.6,5.0,75,1800,1,4,0.05,0.01,8936.0,0.0,1104.0,0.0,0.0,1.0,1.0,1.0,3.66,1.83,0.17391304347826086,0.17391304347826086,30,4.155,0.715,10157.470189192063,0.0,1254.90679150269,0.0,0.0,11412.376980694753,13922.190563700133,1.0,1.2,0.8924481130577008,13922.190563700133,0.0,1.0,203.14940378384128,7465.740589056166,0.0,941.1800936270176,0.0,0.0,8559.282735521065,3.6599630937579843,18.299815468789923,,0.16924352714750412,0.1739115067869394,124.77542172918824,623.8771086459413,22.653491081839544,52.0541531927853,2.6407435401233643,5.071641431227631,11.653832914593854,-6.582191483366223,10.79889395013644,1263.5282700601506,8690.79251534807,0.0,0.0,1263.5282700601506,9945.69930685076,19891.39861370152,1263.5282700601506,0.7019601500334169,2527.056540120301,11119.048776529326,12455.512889856142,24911.025779712283,109608.51343073405,13719.041159916293,27438.082319832585,120727.56220726337,1.1432534299930244,16.103837612535134,80.51918806267567,3.659963093757984,20347.654079896103,20347.654079896103,0.0,40695.30815979221,40695.30815979221,0.0,2527.056540120301,0.0,2527.056540120301,11119.048776529326,0.0,22824.753961389506,-0.5648091517704429,146.79461379904498
59,59,2025,4SB,4,SB,AM-Shoulder,1,OP,AM,4.4,70,12000,1.6,5.0,75,1800,1,4,0.05,0.01,7943.0,0.0,982.0,0.0,0.0,1.0,1.0,1.0,3.66,1.83,0.17391304347826086,0.17391304347826086,30,4.155,0.715,9531.6,0.0,1178.3999999999999,0.0,0.0,10710.0,13066.8,1.0,1.2,0.8376153846153845,13066.8,0.0,1.0,190.632,7005.726000000001,0.0,883.8,0.0,0.0,8032.5,3.6599999591064947,18.29999979553247,,0.13721690788169774,0.1407747603463814,137.68165140026187,688.4082570013094,26.20174151086498,64.22690547698014,2.596541031570436,4.110426900368436,10.075666149539261,-5.965239249170825,8.636805482011647,961.3040591864149,8379.663940813585,0.0,0.0,961.3040591864149,9558.063940813585,9558.063940813585,961.3040591864149,0.5340578106591194,961.3040591864149,4229.737860420226,11914.863940813586,11914.863940813586,52425.40133957978,12876.168000000001,12876.168000000001,56655.139200000005,1.0730140000000001,16.103999820068577,80.51999910034289,3.6599999591064947,15480.840396169217,15480.840396169217,0.0,15480.840396169217,15480.840396169217,0.0,961.3040591864149,0.0,961.3040591864149,4229.737860420226,0.0,10710.0,-0.5920441547622737,161.9784134120728
60,60,2025,4SB,4,SB,MD,5,OP,MD,4.4,70,12000,1.6,5.0,75,1800,1,4,0.05,0.01,7386.0,0.0,913.0,0.0,0.0,1.0,1.0,1.0,3.66,1.83,0.17391304347826086,0.17391304347826086,30,4.136,0.708,6453.970024246335,0.0,797.7896875354595,0.0,0.0,7251.759711781795,8847.339086852713,1.0,1.2,0.567137120952097,8847.339086852713,0.0,1.0,129.0794004849267,4743.667967821057,0.0,598.3422656515946,0.0,0.0,5438.819783836347,0.6905390492954173,3.4526952464770866,,0.12396561856661323,0.12437690656200298,141.54166246770438,707.708312338522,56.12884208208004,73.15685576310915,2.0406690325572865,3.608684343335699,4.703464212105774,-1.094779868770075,1.2768888277277681,588.0517339055664,5736.838889855842,0.0,0.0,588.0517339055664,6534.628577391302,32673.142886956513,588.0517339055664,0.32669540772531463,2940.258669527832,12937.138145922461,8130.20795246222,40651.039762311106,178864.57495416887,8718.259686367786,43591.298431838935,191801.71310009132,0.7265216405306488,3.0383718168998364,15.191859084499182,0.6905390492954173,1786.7198151777548,1786.7198151777548,0.0,8933.599075888775,8933.599075888775,0.0,2940.258669527832,0.0,2940.258669527832,12937.138145922461,0.0,36258.79855890897,-0.23276032715468123,166.51960290318164
61,61,2025,4SB,4,SB,PM-Shoulder,1,OP,PM,4.4,70,12000,1.6,5.0,75,1800,1,4,0.05,0.01,4922.0,0.0,608.0,0.0,0.0,1.0,1.0,1.0,3.66,1.83,0.17391304347826086,0.17391304347826086,30,4.135,0.592,5305.814603962553,0.0,655.4114748494985,0.0,0.0,5961.226078812051,7272.049028511048,1.0,1.2,0.4661569890071185,7272.049028511048,0.0,1.0,106.11629207925105,3899.773733912476,0.0,491.5586061371239,0.0,0.0,4470.919559109038,0.279404606770721,1.397023033853605,,0.13872249511005838,0.13887317490109272,118.81341778428163,594.0670889214081,64.28831834565737,73.76783270782504,1.4179998039462844,3.5787956662036486,4.106500322197851,-0.5277046559942025,0.459048298553913,540.9863427330075,4658.711969150294,0.0,0.0,540.9863427330075,5314.1234439997925,5314.1234439997925,540.9863427330075,0.3005479681850042,540.9863427330075,2380.3399080252334,6624.9463936987895,6624.9463936987895,29149.764132274675,7165.932736431797,7165.932736431797,31530.10404029991,0.5971610613693165,1.2293802697911724,6.146901348955862,0.279404606770721,665.0779359824445,665.0779359824445,0.0,665.0779359824445,665.0779359824445,0.0,540.9863427330075,0.0,540.9863427330075,2380.3399080252334,0.0,5961.226078812051,-0.12850471559485188,139.78049151091955
62,62,2025,4SB,4,SB,PM-Peak,3,Peak,PM,4.4,70,12000,1.6,5.0,75,1800,1,4,0.05,0.01,6721.0,0.0,831.0,0.0,0.0,1.0,1.0,1.0,3.66,1.83,0.17391304347826086,0.17391304347826086,30,4.135,0.592,5887.543226323275,0.0,727.9494749404317,0.0,0.0,6615.492701263707,8071.3916511445705,1.0,1.2,0.5173969007143956,8071.3916511445705,0.0,1.0,117.7508645264655,4327.344271347607,0.0,545.9621062053238,0.0,0.0,4961.619525947781,0.4034153944060034,2.017076972030017,,0.13255290741430958,0.13279631866736796,120.79025574355826,603.9512787177913,60.74473909692054,73.4025749035398,2.6480392211348196,3.596604074815211,4.346055377384665,-0.7494513025694536,0.7872387241598484,573.6020645497823,5196.190297247028,0.0,0.0,573.6020645497823,5924.13977218746,17772.41931656238,573.6020645497823,0.31866781363876795,1720.8061936493468,7571.547252057127,7380.038722068323,22140.11616620497,97416.51113130189,7953.640786618105,23860.922359854318,104988.058383359,0.6628033988848421,1.775027735386415,8.875138676932075,0.4034153944060034,1018.1595736507724,1018.1595736507724,0.0,3054.478720952317,3054.478720952317,0.0,1720.8061936493468,0.0,1720.8061936493468,7571.547252057127,0.0,19846.478103791123,-0.17244402969859363,142.1061832277156
63,63,2025,4SB,4,SB,PM-Late,3,OP,PM,4.4,70,12000,1.6,5.0,75,1800,1,4,0.05,0.01,6114.0,0.0,756.0,0.0,0.0,1.0,1.0,1.0,3.66,1.83,0.17391304347826086,0.17391304347826086,30,4.135,0.592,3668.4,0.0,453.59999999999997,0.0,0.0,4122.0,5029.2,1.0,1.2,0.3223846153846154,5029.2,0.0,1.0,73.36800000000001,2696.2740000000003,0.0,340.2,0.0,0.0,3091.5,0.13124838440375108,0.6562419220187554,,0.17382108808160562,0.17385357771846421,108.95106729893261,544.7553364946631,69.12317214109002,74.38831010933254,0.5555433252822354,3.548944714727151,3.8192691657891396,-0.27032445106198866,0.06554161427397857,468.6692804461432,3126.362719553857,0.0,0.0,468.6692804461432,3579.962719553857,10739.888158661572,468.6692804461432,0.26037182247007956,1406.0078413384297,6186.434501889091,4487.162719553857,13461.48815866157,59230.54789811091,4955.832,14867.496,65416.9824,0.412986,0.5774928913765048,2.8874644568825243,0.13124838440375108,270.6531778641893,270.6531778641893,0.0,811.9595335925678,811.9595335925678,0.0,1406.0078413384297,0.0,1406.0078413384297,6186.434501889091,0.0,12366.0,-0.07077910441175571,128.17772623403837
64,64,2025,5NB,5,NB,Night,8,OP,NT,3.0,70,8000,1.6,6.5,75,1800,1,4,0.05,0.01,1592.0,0.0,197.0,0.0,0.0,1.0,1.0,1.0,3.66,1.83,0.2448979591836735,0.2448979591836735,30,4.103,0.708,1563.8128011267568,0.0,193.51201119470545,0.0,0.0,1757.324812321462,2144.3488347108732,1.0,1.2,0.18485765816473046,2144.3488347108732,0.0,1.0,31.276256022535136,1149.4024088281662,0.0,145.1340083960291,0.0,0.0,1317.9936092410967,0.10937029935004207,0.5468514967502104,,0.24488597895595077,0.24488830539347733,98.68996913024843,493.44984565124213,69.99138459362895,74.93170983289647,0.0,2.40218727694075,2.5717450947010514,-0.16955781776030143,0.0004336368832976421,281.47253410021347,1251.064011004008,0.0,0.0,281.47253410021347,1444.5760221987134,11556.608177589707,281.47253410021347,0.15637363005567415,2251.7802728017077,6755.340818405123,1831.6000445881245,14652.800356704996,43958.40107011499,2113.072578688338,16904.580629506705,50713.74188852011,0.26413407233604225,0.3281108980501262,1.640554490250631,0.10937029935004207,92.35420594006581,92.35420594006581,0.0,738.8336475205265,738.8336475205265,0.0,2251.7802728017077,0.0,2251.7802728017077,6755.340818405123,0.0,14058.598498571697,-0.06593103574287615,116.10584603558638
65,65,2025,5NB,5,NB,AM-Early,1,OP,AM,3.0,70,8000,1.6,6.5,75,1800,1,4,0.05,0.01,2313.0,0.0,286.0,0.0,0.0,1.0,1.0,1.0,3.66,1.83,0.2448979591836735,0.2448979591836735,30,4.155,0.715,1564.137134874251,0.0,193.40389994554076,0.0,0.0,1757.5410348197918,2144.3488347108732,1.0,1.2,0.18485765816473046,2144.3488347108732,0.0,1.0,31.28274269748502,1149.6407941325745,0.0,145.05292495915558,0.0,0.0,1318.1557761148438,0.11576480013660155,0.5788240006830078,,0.2448873037689086,0.24488835866413405,104.46121345836565,522.3060672918283,69.99138639391738,74.9316518836779,0.0,2.4021891346987476,2.5717450285517267,-0.1695558938529791,0.000433546258723138,281.5324343778731,1251.321957798893,0.0,0.0,281.5324343778731,1444.7258577444338,1444.7258577444338,281.5324343778731,0.15640690798770726,281.5324343778731,844.5973031336192,1831.5336576355153,1831.5336576355153,5494.600972906546,2113.0660920133882,2113.0660920133882,6339.198276040165,0.26413326150167354,0.34729440040980464,1.7364720020490232,0.11576480013660155,97.7746379931761,97.7746379931761,0.0,97.7746379931761,97.7746379931761,0.0,281.5324343778731,0.0,281.5324343778731,844.5973031336192,0.0,1757.5410348197918,-0.06593028934461057,122.89554524513606
66,66,2025,5NB,5,NB,AM-Peak,2,Peak,AM,3.0,70,8000,1.6,6.5,75,1800,1,4,0.05,0.01,4412.0,0.0,545.0,0.0,0.0,1.0,1.0,1.0,3.66,1.83,0.2448979591836735,0.2448979591836735,30,4.155,0.715,2647.2,0.0,327.0,0.0,0.0,2974.2,3628.2,1.0,1.2,0.3127758620689655,3628.2,0.0,1.0,52.943999999999996,1945.692,0.0,245.25,0.0,0.0,2230.6499999999996,0.1125114496722541,0.5625572483612705,,0.24240894557661247,0.24242325258657277,105.05118699141839,525.2559349570919,69.73553465993866,74.46277908152727,0.7734412332598269,2.417315096484955,2.581180468146687,-0.16386537166173198,0.013360098503818313,471.65314613685024,2122.6028538631494,0.0,0.0,471.65314613685024,2449.6028538631494,4899.205707726299,471.65314613685024,0.2620295256315835,943.3062922737005,2829.9188768211015,3103.6028538631494,6207.205707726299,18621.617123178898,3575.256,7150.512,21451.536,0.446907,0.33753434901676227,1.6876717450838115,0.1125114496722541,159.19913764300958,159.19913764300958,0.0,318.39827528601916,318.39827528601916,0.0,943.3062922737005,0.0,943.3062922737005,2829.9188768211015,0.0,5948.4,-0.06348466280600246,123.58963175460985
67,67,2025,5NB,5,NB,AM-Shoulder,1,OP,AM,3.0,70,8000,1.6,6.5,75,1800,1,4,0.05,0.01,4147.0,0.0,512.0,0.0,0.0,1.0,1.0,1.0,3.66,1.83,0.2448979591836735,0.2448979591836735,30,4.155,0.715,2488.2,0.0,307.2,0.0,0.0,2795.3999999999996,3409.7999999999997,1.0,1.2,0.29394827586206895,3409.7999999999997,0.0,1.0,49.763999999999996,1828.8269999999998,0.0,230.39999999999998,0.0,0.0,2096.5499999999997,0.11187340997955357,0.5593670498977679,,0.2448861984970579,0.244895852358536,104.45988969122794,522.2994484561398,69.82489591295305,74.56446014745703,0.4501846603199887,2.414018684558783,2.5778770973664797,-0.16385841280769675,0.008834480534934852,447.85449173877885,1990.581508261221,0.0,0.0,447.85449173877885,2297.781508261221,2297.781508261221,447.85449173877885,0.24880805096598824,447.85449173877885,1343.5634752163364,2912.181508261221,2912.181508261221,8736.544524783663,3360.036,3360.036,10080.108,0.4200045,0.3356202299386607,1.6781011496933036,0.11187340997955357,150.30902749643099,150.30902749643099,0.0,150.30902749643099,150.30902749643099,0.0,447.85449173877885,0.0,447.85449173877885,1343.5634752163364,0.0,2795.3999999999996,-0.06356331454866178,122.89398787203288
68,68,2025,5NB,5,NB,MD,5,OP,MD,3.0,70,8000,1.6,6.5,75,1800,1,4,0.05,0.01,4546.0,0.0,562.0,0.0,0.0,1.0,1.0,1.0,3.66,1.83,0.2448979591836735,0.2448979591836735,30,4.136,0.708,2727.6,0.0,337.2,0.0,0.0,3064.7999999999997,3739.2,1.0,1.2,0.32234482758620686,3739.2,0.0,1.0,54.552,2004.7859999999998,0.0,252.89999999999998,0.0,0.0,2298.6,0.11248742818802104,0.5624371409401052,,0.23674239217967477,0.23675784618351686,103.90463583528188,519.5231791764094,69.67117289103544,74.44394255742071,0.5476297440688165,2.417926748857517,2.5835649455983325,-0.1656381967408156,0.016626832612572803,474.61783344832145,2198.430166551678,0.0,0.0,474.61783344832145,2535.630166551678,12678.15083275839,474.61783344832145,0.26367657413795637,2373.0891672416074,7119.267501724822,3210.030166551678,16050.15083275839,48150.452498275175,3684.6479999999997,18423.239999999998,55269.72,0.46058099999999996,0.33746228456406313,1.6873114228203157,0.11248742818802104,160.16561837031657,160.16561837031657,0.0,800.8280918515828,800.8280918515828,0.0,2373.0891672416074,0.0,2373.0891672416074,7119.267501724822,0.0,15323.999999999998,-0.0641122635693817,122.2407480415081
69,69,2025,5NB,5,NB,PM-Shoulder,1,OP,PM,3.0,70,8000,1.6,6.5,75,1800,1,4,0.05,0.01,5076.0,0.0,627.0,0.0,0.0,1.0,1.0,1.0,3.66,1.83,0.2448979591836735,0.2448979591836735,30,4.135,0.592,3045.6,0.0,376.2,0.0,0.0,3421.7999999999997,4174.2,1.0,1.2,0.3598448275862069,4174.2,0.0,1.0,60.912,2238.516,0.0,282.15,0.0,0.0,2566.35,0.11402008780007865,0.5701004390003932,,0.2197014588789862,0.2197229317951473,98.75998896725673,493.79994483628354,69.28464876848201,74.33909465700121,0.7355242456484209,2.421336994087911,2.5979780975938644,-0.17664110350595363,0.036372850846451726,491.8052309239527,2492.882769076047,0.0,0.0,491.8052309239527,2869.082769076047,2869.082769076047,491.8052309239527,0.27322512829108486,491.8052309239527,1475.4156927718582,3621.482769076047,3621.482769076047,10864.448307228142,4113.288,4113.288,12339.864,0.514161,0.34206026340023593,1.7103013170011796,0.11402008780007865,168.22702683146113,168.22702683146113,0.0,168.22702683146113,168.22702683146113,0.0,491.8052309239527,0.0,491.8052309239527,1475.4156927718582,0.0,3421.7999999999997,-0.06799176008048376,116.18822231441966
70,70,2025,5NB,5,NB,PM-Peak,3,Peak,PM,3.0,70,8000,1.6,6.5,75,1800,1,4,0.05,0.01,5606.0,0.0,693.0,0.0,0.0,1.0,1.0,1.0,3.66,1.83,0.2448979591836735,0.2448979591836735,30,4.135,0.592,4721.811271969173,0.0,583.6987533847015,0.0,0.0,5305.510025353874,6472.907532123278,1.0,1.2,0.5580092700106274,6472.907532123278,0.0,1.0,94.43622543938345,3470.5312848973417,0.0,437.77406503852615,0.0,0.0,3979.1325190154057,0.5557600799129341,2.7788003995646706,,0.15077162924206583,0.15095052134828787,115.14131635821799,575.70658179109,56.75051410617032,73.97415163392238,3.004072252053862,2.4332823834299613,3.1717774338264384,-0.7384950503964771,0.822477941485078,523.2576561595323,4104.1173903702565,0.0,0.0,523.2576561595323,4687.816143754958,14063.448431264875,523.2576561595323,0.29069869786640684,1569.7729684785968,4709.31890543579,5855.213650524362,17565.640951573085,52696.922854719254,6378.471306683894,19135.41392005168,57406.24176015504,0.7973089133354867,1.6672802397388022,8.336401198694013,0.5557600799129341,872.4171504068288,872.4171504068288,0.0,2617.251451220486,2617.251451220486,0.0,1569.7729684785968,0.0,1569.7729684785968,4709.31890543579,0.0,15916.530076061623,-0.23283318763812355,135.4603721861388
71,71,2025,5NB,5,NB,PM-Late,3,OP,PM,3.0,70,8000,1.6,6.5,75,1800,1,4,0.05,0.01,4570.0,0.0,565.0,0.0,0.0,1.0,1.0,1.0,3.66,1.83,0.2448979591836735,0.2448979591836735,30,4.135,0.592,2742.0,0.0,339.0,0.0,0.0,3081.0,3759.0,1.0,1.2,0.32405172413793104,3759.0,0.0,1.0,54.84,2015.37,0.0,254.25,0.0,0.0,2310.75,0.10017362920664158,0.5008681460332078,,0.24481512438910902,0.24483110720944318,94.06449104760573,470.32245523802857,69.67050453444652,74.36010188374239,0.4974093463490764,2.420652950172383,2.58358973001271,-0.16293677984032717,0.016660787260270232,493.39305724007863,2193.766942759921,0.0,0.0,493.39305724007863,2532.766942759921,7598.300828279764,493.39305724007863,0.27410725402226593,1480.179171720236,4440.537515160708,3210.766942759921,9632.300828279764,28896.90248483929,3704.16,11112.48,33337.44,0.46302,0.30052088761992474,1.5026044380996235,0.10017362920664158,148.27491950729677,148.27491950729677,0.0,444.8247585218903,444.8247585218903,0.0,1480.179171720236,0.0,1480.179171720236,4440.537515160708,0.0,9243.0,-0.06306604254829794,110.66410711483027
72,72,2025,5SB,5,SB,Night,8,OP,NT,3.0,70,8000,1.6,5.0,75,1800,1,4,0.05,0.01,1472.0,0.0,182.0,0.0,0.0,1.0,1.0,1.0,3.66,1.83,0.2448979591836735,0.2448979591836735,30,4.103,0.708,1017.1803510987656,0.0,125.76550536683108,0.0,0.0,1142.9458564655968,1394.4768671992588,1.0,1.2,0.12021352303441886,1394.4768671992588,0.0,1.0,20.343607021975313,747.6275580575928,0.0,94.32412902512331,0.0,0.0,857.2093923491975,0.11053336686796893,0.5526668343398446,,0.24489783598832326,0.24489785575011427,98.68790679336264,493.43953396681326,69.991084969594,74.98776478984051,0.0,2.4003915906076823,2.571756104055207,-0.17136451344752457,0.0004487196984906905,183.092371093539,813.7443729832513,0.0,0.0,183.092371093539,939.5098783500824,7516.079026800659,183.092371093539,0.10171798394085499,1464.738968748312,4394.216906244936,1191.0408890837446,9528.327112669956,28584.98133800987,1374.1332601772835,10993.066081418268,32979.1982442548,0.17176665752216044,0.33160010060390677,1.658000503019534,0.11053336686796893,60.71344867442536,60.71344867442536,0.0,485.70758939540286,485.70758939540286,0.0,1464.738968748312,0.0,1464.738968748312,4394.216906244936,0.0,9143.566851724774,-0.06663326789710458,116.10341975689724
73,73,2025,5SB,5,SB,AM-Early,1,OP,AM,3.0,70,8000,1.6,5.0,75,1800,1,4,0.05,0.01,3483.0,0.0,430.0,0.0,0.0,1.0,1.0,1.0,3.66,1.83,0.2448979591836735,0.2448979591836735,30,4.155,0.715,4179.599999999999,0.0,516.0,0.0,0.0,4695.599999999999,5727.599999999999,1.0,1.2,0.49375862068965515,5727.599999999999,0.0,1.0,83.59199999999998,3072.006,0.0,387.0,0.0,0.0,3521.7,0.528011611472052,2.64005805736026,,0.1647096787986126,0.1648373678726706,127.99100126510146,639.9550063255072,58.84645604326754,74.14655559362885,1.5607502030104579,2.4276245681123285,3.0588078212841383,-0.6311832531718098,0.6677095723021268,505.98912152741065,3590.0188784725888,0.0,0.0,505.98912152741065,4106.018878472589,4106.018878472589,505.98912152741065,0.2811050675152281,505.98912152741065,1517.967364582232,5138.018878472589,5138.018878472589,15414.056635417766,5644.008,5644.008,16932.023999999998,0.7055009999999999,1.5840348344161561,7.920174172080779,0.528011611472052,801.5043943350482,801.5043943350482,0.0,801.5043943350482,801.5043943350482,0.0,505.98912152741065,0.0,505.98912152741065,1517.967364582232,0.0,4695.599999999999,-0.20634943090567506,150.57764854717817
74,74,2025,5SB,5,SB,AM-Peak,2,Peak,AM,3.0,70,8000,1.6,5.0,75,1800,1,4,0.05,0.01,4270.0,0.0,528.0,0.0,0.0,1.0,1.0,1.0,3.66,1.83,0.2448979591836735,0.2448979591836735,30,4.155,0.715,5124.0,0.0,633.6,0.0,0.0,5757.6,7024.8,1.0,1.2,0.6055862068965517,7024.8,0.0,1.0,102.48,3766.1400000000003,0.0,475.20000000000005,0.0,0.0,4318.200000000001,1.2985970205744517,6.492985102872258,,0.15529217211067284,0.15568406782609198,131.47728764137716,657.3864382068858,45.429287301239896,73.43864716215893,3.1735676049404606,2.4510255424850667,3.962201713762903,-1.5111761712778362,1.905359204998035,584.8520610728895,4436.667938927111,0.0,0.0,584.8520610728895,5070.267938927112,10140.535877854223,584.8520610728895,0.32491781170716083,1169.704122145779,3509.1123664373367,6337.467938927111,12674.935877854223,38024.80763356267,6922.320000000001,13844.640000000001,41533.920000000006,0.8652900000000001,3.8957910617233553,19.478955308616776,1.2985970205744517,2278.4614319582447,2278.4614319582447,0.0,4556.922863916489,4556.922863916489,0.0,1169.704122145779,0.0,1169.704122145779,3509.1123664373367,0.0,11515.2,-0.38139809137649183,154.67916193103196
75,75,2025,5SB,5,SB,AM-Shoulder,1,OP,AM,3.0,70,8000,1.6,5.0,75,1800,1,4,0.05,0.01,3240.0,0.0,400.0,0.0,0.0,1.0,1.0,1.0,3.66,1.83,0.2448979591836735,0.2448979591836735,30,4.155,0.715,3888.0,0.0,480.0,0.0,0.0,4368.0,5328.0,1.0,1.2,0.4593103448275862,5328.0,0.0,1.0,77.76,2857.68,0.0,360.0,0.0,0.0,3276.0,0.39549545401141945,1.9774772700570973,,0.17095858785071086,0.17104650544668493,125.7476417766118,628.738208883059,61.96806327629669,74.27232344634015,1.3935265380578834,2.423513788821288,2.904722053316963,-0.4812082644956748,0.4566120701870962,488.54493732921935,3321.6950626707803,0.0,0.0,488.54493732921935,3801.6950626707803,3801.6950626707803,488.54493732921935,0.27141385407178853,488.54493732921935,1465.634811987658,4761.69506267078,4761.69506267078,14285.085188012341,5250.24,5250.24,15750.72,0.65628,1.1864863620342583,5.932431810171292,0.39549545401141945,579.6519053820002,579.6519053820002,0.0,579.6519053820002,579.6519053820002,0.0,488.54493732921935,0.0,488.54493732921935,1465.634811987658,0.0,4368.0,-0.16566413435191604,147.93840209013152
76,76,2025,5SB,5,SB,MD,5,OP,MD,3.0,70,8000,1.6,5.0,75,1800,1,4,0.05,0.01,4470.0,0.0,552.0,0.0,0.0,1.0,1.0,1.0,3.66,1.83,0.2448979591836735,0.2448979591836735,30,4.136,0.708,2682.0,0.0,331.2,0.0,0.0,3013.2,3675.6,1.0,1.2,0.3168620689655172,3675.6,0.0,1.0,53.64,1971.27,0.0,248.39999999999998,0.0,0.0,2259.8999999999996,0.13449411046073198,0.6724705523036599,,0.2359637846937196,0.2359819614954084,104.08994295287978,520.449714764399,68.85336316677929,74.48602079795779,0.542835455812917,2.4165608267388494,2.6142513846999313,-0.19769055796108193,0.05866725418176294,465.1483298531886,2163.2116701468117,0.0,0.0,465.1483298531886,2494.4116701468115,12472.058350734058,465.1483298531886,0.258415738807327,2325.741649265943,6977.224947797829,3156.8116701468116,15784.058350734058,47352.175052202176,3621.96,18109.800000000003,54329.40000000001,0.452745,0.4034823313821959,2.01741165691098,0.13449411046073198,187.6791325676992,187.6791325676992,0.0,938.395662838496,938.395662838496,0.0,2325.741649265943,0.0,2325.741649265943,6977.224947797829,0.0,15066.0,-0.07562033212187558,122.45875641515269
77,77,2025,5SB,5,SB,PM-Shoulder,1,OP,PM,3.0,70,8000,1.6,5.0,75,1800,1,4,0.05,0.01,4630.0,0.0,572.0,0.0,0.0,1.0,1.0,1.0,3.66,1.83,0.2448979591836735,0.2448979591836735,30,4.135,0.592,2778.0,0.0,343.2,0.0,0.0,3121.2,3807.6,1.0,1.2,0.3282413793103448,3807.6,0.0,1.0,55.56,2041.83,0.0,257.4,0.0,0.0,2340.8999999999996,0.12530909953791036,0.6265454976895518,,0.23959233491823587,0.2396131381668609,94.99916403331841,474.99582016659207,68.65117004060616,74.3759988717242,0.5383243971267354,2.420135564302737,2.621950942620973,-0.2018153783182357,0.06921564853358968,489.2068172061015,2233.2331827938983,0.0,0.0,489.2068172061015,2576.433182793898,2576.433182793898,489.2068172061015,0.27178156511450086,489.2068172061015,1467.6204516183045,3262.8331827938982,3262.8331827938982,9788.499548381695,3752.04,3752.04,11256.119999999999,0.469005,0.3759272986137311,1.8796364930686553,0.12530909953791036,183.90619725571108,183.90619725571108,0.0,183.90619725571108,183.90619725571108,0.0,489.2068172061015,0.0,489.2068172061015,1467.6204516183045,0.0,3121.2,-0.07697145474296922,111.76372239213931
78,78,2025,5SB,5,SB,PM-Peak,3,Peak,PM,3.0,70,8000,1.6,5.0,75,1800,1,4,0.05,0.01,4957.0,0.0,613.0,0.0,0.0,1.0,1.0,1.0,3.66,1.83,0.2448979591836735,0.2448979591836735,30,4.135,0.592,2974.2,0.0,367.8,0.0,0.0,3342.0,4077.6,1.0,1.2,0.35151724137931034,4077.6,0.0,1.0,59.483999999999995,2186.037,0.0,275.85,0.0,0.0,2506.5,0.14415674603853745,0.7207837301926873,,0.22404207898996087,0.22406832148818692,97.90981805980061,489.5490902990031,68.02529055548423,74.35538970426347,1.0750615169562625,2.420806356014283,2.646074695604344,-0.22526833959006076,0.10226519012080842,489.76427422897706,2424.9517257710227,0.0,0.0,489.76427422897706,2792.751725771023,8378.255177313069,489.76427422897706,0.2720912634605428,1469.2928226869312,4407.878468060793,3528.3517257710228,10585.055177313068,31755.165531939205,4018.116,12054.348,36163.043999999994,0.5022645,0.43247023811561236,2.162351190578062,0.14415674603853745,211.8084722963258,211.8084722963258,0.0,635.4254168889773,635.4254168889773,0.0,1469.2928226869312,0.0,1469.2928226869312,4407.878468060793,0.0,10026.0,-0.08513302363091875,115.18802124682426
79,79,2025,5SB,5,SB,PM-Late,3,OP,PM,3.0,70,8000,1.6,5.0,75,1800,1,4,0.05,0.01,4118.0,0.0,509.0,0.0,0.0,1.0,1.0,1.0,3.66,1.83,0.2448979591836735,0.2448979591836735,30,4.135,0.592,2470.7999999999997,0.0,305.4,0.0,0.0,2776.2,3386.9999999999995,1.0,1.2,0.2919827586206896,3386.9999999999995,0.0,1.0,49.416,1816.0379999999996,0.0,229.04999999999998,0.0,0.0,2082.1499999999996,0.11406924119349977,0.5703462059674989,,0.2447660327920384,0.24476422069636883,94.07473026497624,470.3736513248812,69.2540761624703,74.57719129844911,0.4483762389120134,2.4136065848827863,2.5991249898088222,-0.18551840492603588,0.03794409318094364,444.5044166595877,1976.8795833404122,0.0,0.0,444.5044166595877,2282.279583340412,6846.838750021236,444.5044166595877,0.2469468981442154,1333.5132499787633,4000.53974993629,2893.0795833404122,8679.238750021237,26037.716250063713,3337.584,10012.752,30038.256,0.41719799999999996,0.34220772358049933,1.7110386179024966,0.11406924119349977,152.1128445465553,152.1128445465553,0.0,456.3385336396659,456.3385336396659,0.0,1333.5132499787633,0.0,1333.5132499787633,4000.53974993629,0.0,8328.599999999999,-0.07137725413493162,110.67615325291322
80,80,2025,6NB,6,NB,Night,8,OP,NT,4.4,70,8000,1.6,6.5,75,1800,1,4,0.05,0.01,1554.0,0.0,192.0,0.0,0.0,1.0,1.0,1.0,3.66,1.83,0.282574568288854,0.282574568288854,30,4.103,0.708,1554.0,0.0,192.0,0.0,0.0,1746.0,2130.0,1.0,1.2,0.18362068965517242,2130.0,0.0,1.0,31.080000000000002,989.898,0.0,124.80000000000001,0.0,0.0,1134.9,0.10086801154241473,0.5043400577120737,,0.28231789554469944,0.2823186536914556,90.99241469592883,454.9620734796441,69.99174887851039,74.93361194293989,0.0,3.523118573291643,3.7718731740543214,-0.24875460076267863,0.0006091055972777225,279.4659201639069,1243.4540798360931,0.0,0.0,279.4659201639069,1435.4540798360931,11483.632638688745,279.4659201639069,0.15525884453550384,2235.727361311255,9837.200389769523,1819.4540798360931,14555.632638688745,64044.78361023049,2098.92,16791.36,73881.98400000001,0.262365,0.4438192507866249,2.2190962539331243,0.10086801154241473,124.03235530753989,124.03235530753989,0.0,992.2588424603191,992.2588424603191,0.0,2235.727361311255,0.0,2235.727361311255,9837.200389769523,0.0,13968.0,-0.06594988465513452,107.0498996422692
81,81,2025,6NB,6,NB,AM-Early,1,OP,AM,4.4,70,8000,1.6,6.5,75,1800,1,4,0.05,0.01,2259.0,0.0,279.0,0.0,0.0,1.0,1.0,1.0,3.66,1.83,0.282574568288854,0.282574568288854,30,4.155,0.715,1564.6266206756663,0.0,193.24073801173566,0.0,0.0,1757.867358687402,2144.3488347108732,1.0,1.2,0.18485765816473046,2144.3488347108732,0.0,1.0,31.292532413513328,996.6671573703995,0.0,125.60647970762818,0.0,0.0,1142.6137831468113,0.1065924923323933,0.5329624616619665,,0.28256506094227896,0.2825648709371264,96.18617080911704,480.9308540455852,69.9913891247368,74.93156393728943,0.0,3.523214866046875,3.7718925613764602,-0.24867769532958528,0.000635666228607837,281.62331606153487,1251.7107722006183,0.0,0.0,281.62331606153487,1444.951510212354,1444.951510212354,281.62331606153487,0.15645739781196383,281.62331606153487,1239.1425906707534,1831.4329862358254,1831.4329862358254,8058.3051394376325,2113.05630229736,2113.05630229736,9297.447730108386,0.26413203778717004,0.4690069662625306,2.3450348313126526,0.1065924923323933,132.08329709481427,132.08329709481427,0.0,132.08329709481427,132.08329709481427,0.0,281.62331606153487,0.0,281.62331606153487,1239.1425906707534,0.0,1757.867358687402,-0.0659291565926354,113.1602009519024
82,82,2025,6NB,6,NB,AM-Peak,2,Peak,AM,4.4,70,8000,1.6,6.5,75,1800,1,4,0.05,0.01,4308.0,0.0,532.0,0.0,0.0,1.0,1.0,1.0,3.66,1.83,0.282574568288854,0.282574568288854,30,4.155,0.715,1564.6773001243973,0.0,193.22384486215861,0.0,0.0,1757.901144986556,2144.3488347108732,1.0,1.2,0.18485765816473046,2144.3488347108732,0.0,1.0,31.293546002487947,996.699440179241,0.0,125.59549916040311,0.0,0.0,1142.6357442412614,0.10659226574055645,0.5329613287027822,,0.2825637283716949,0.2825667891265156,96.186111222655,480.93055611327503,69.99138935889201,74.93155623911923,0.0,3.5232152280079636,3.7718925487576467,-0.24867732074968307,0.00063564894083335,281.6311098830274,1251.7526442388819,0.0,0.0,281.6311098830274,1444.9764891010404,2889.952978202081,281.6311098830274,0.15646172771279301,563.2622197660548,2478.3537669706416,1831.4241788253578,3662.8483576507156,16116.53277366315,2113.055288708385,4226.11057741677,18594.88654063379,0.2641319110885481,0.46900596925844845,2.345029846292242,0.10659226574055645,132.08667166402188,132.08667166402188,0.0,264.17334332804376,264.17334332804376,0.0,563.2622197660548,0.0,563.2622197660548,2478.3537669706416,0.0,3515.802289973112,-0.06592905750498917,113.16013085018234
83,83,2025,6NB,6,NB,AM-Shoulder,1,OP,AM,4.4,70,8000,1.6,6.5,75,1800,1,4,0.05,0.01,4049.0,0.0,500.0,0.0,0.0,1.0,1.0,1.0,3.66,1.83,0.282574568288854,0.282574568288854,30,4.155,0.715,1564.690652684146,0.0,193.21939400890912,0.0,0.0,1757.9100466930552,2144.3488347108732,1.0,1.2,0.18485765816473046,2144.3488347108732,0.0,1.0,31.29381305368292,996.7079457598011,0.0,125.59260610579094,0.0,0.0,1142.641530350486,0.10659225789884876,0.5329612894942438,,0.28256402542996056,0.2825660812450771,96.1861529953734,480.93076497686707,69.99138943999216,74.93155364608596,0.0,3.5232153499300893,3.771892544387094,-0.24867719445700454,0.000635642953175622,281.6338093319162,1251.763030298547,0.0,0.0,281.6338093319162,1444.982424307456,1444.982424307456,281.6338093319162,0.1564632274066201,281.6338093319162,1239.1887610604315,1831.4212123252742,1831.4212123252742,8058.253334231207,2113.0550216571905,2113.0550216571905,9297.442095291639,0.2641318777071488,0.4690059347549346,2.345029673774673,0.10659225789884876,132.08792800430837,132.08792800430837,0.0,132.08792800430837,132.08792800430837,0.0,281.6338093319162,0.0,281.6338093319162,1239.1887610604315,0.0,1757.9100466930552,-0.0659290240988063,113.16017999455696
84,84,2025,6NB,6,NB,MD,5,OP,MD,4.4,70,8000,1.6,6.5,75,1800,1,4,0.05,0.01,4439.0,0.0,549.0,0.0,0.0,1.0,1.0,1.0,3.66,1.83,0.282574568288854,0.282574568288854,30,4.136,0.708,3015.9640830728504,0.0,373.0038931306589,0.0,0.0,3388.9679762035094,4134.975762464827,1.0,1.2,0.356463427798692,4134.975762464827,0.0,1.0,60.31928166145701,1921.1691209174057,0.0,242.45253053492831,0.0,0.0,2202.829184532281,0.12145607583526744,0.6072803791763371,,0.24066875556888423,0.24069197676225484,102.97512249829394,514.8756124914697,69.29679044865107,74.47051535853252,1.1876193412224298,3.5450271658386203,3.8097002514946783,-0.26467308565605796,0.05243220169056669,462.3653815685593,2493.279419842834,0.0,0.0,462.3653815685593,2866.283312973493,14331.416564867466,462.3653815685593,0.2568696564269774,2311.8269078427966,10172.038394508305,3612.2910992348106,18061.455496174054,79470.40418316584,4074.65648080337,20373.28240401685,89642.44257767414,0.5093320601004212,0.5344067336751768,2.672033668375884,0.12145607583526744,247.09117332853057,247.09117332853057,0.0,1235.4558666426528,1235.4558666426528,0.0,2311.8269078427966,0.0,2311.8269078427966,10172.038394508305,0.0,16944.839881017546,-0.06947346725040048,121.14720293916933
85,85,2025,6NB,6,NB,PM-Shoulder,1,OP,PM,4.4,70,8000,1.6,6.5,75,1800,1,4,0.05,0.01,4956.0,0.0,613.0,0.0,0.0,1.0,1.0,1.0,3.66,1.83,0.282574568288854,0.282574568288854,30,4.135,0.592,4956.0,0.0,613.0,0.0,0.0,5569.0,6795.0,1.0,1.2,0.5857758620689655,6795.0,0.0,1.0,99.12,3156.972,0.0,398.45,0.0,0.0,3619.85,0.7006509217752813,3.5032546088764067,,0.1686606180945957,0.16895413327146805,110.20225774600289,551.0112887300145,52.799393674288375,73.8801939368098,3.0408707420628276,3.573352828848837,5.000057417866895,-1.4267045890180579,1.683221519620504,532.456848827332,4324.423151172668,0.0,0.0,532.456848827332,4937.423151172668,4937.423151172668,532.456848827332,0.2958093604596289,532.456848827332,2342.810134840261,6163.423151172668,6163.423151172668,27119.061865159743,6695.88,6695.88,29461.872000000003,0.836985,3.082864055811238,15.414320279056192,0.7006509217752813,1641.4920805203,1641.4920805203,0.0,1641.4920805203,1641.4920805203,0.0,532.456848827332,0.0,532.456848827332,2342.810134840261,0.0,5569.0,-0.28533764110787213,129.6497149952975
86,86,2025,6NB,6,NB,PM-Peak,3,Peak,PM,4.4,70,8000,1.6,6.5,75,1800,1,4,0.05,0.01,5474.0,0.0,677.0,0.0,0.0,1.0,1.0,1.0,3.66,1.83,0.282574568288854,0.282574568288854,30,4.135,0.592,5474.0,0.0,677.0,0.0,0.0,6151.0,7505.0,1.0,1.2,0.6469827586206897,7505.0,0.0,1.0,109.48,3486.9380000000006,0.0,440.05,0.0,0.0,3998.15,1.2571255976149087,6.285627988074544,,0.16568259659668552,0.16626645861584474,110.9037328253625,554.5186641268125,43.007806819150325,73.43977788126607,5.325417447996094,3.594782114221841,6.1384204293451035,-2.5436383151232627,3.24277884534565,577.7249420116535,4786.795057988347,0.0,0.0,577.7249420116535,5463.795057988347,16391.38517396504,577.7249420116535,0.3209583011175853,1733.1748260349605,7625.969234553827,6817.795057988347,20453.38517396504,89994.8947654462,7395.52,22186.56,97620.86400000002,0.92444,5.531352629505599,27.656763147527997,1.2571255976149087,3195.6003771271294,3195.6003771271294,0.0,9586.801131381388,9586.801131381388,0.0,1733.1748260349605,0.0,1733.1748260349605,7625.969234553827,0.0,18453.0,-0.4143799442220087,130.4749797945441
87,87,2025,6NB,6,NB,PM-Late,3,OP,PM,4.4,70,8000,1.6,6.5,75,1800,1,4,0.05,0.01,4463.0,0.0,552.0,0.0,0.0,1.0,1.0,1.0,3.66,1.83,0.282574568288854,0.282574568288854,30,4.135,0.592,1564.0184424439658,0.0,193.4434640889691,0.0,0.0,1757.4619065329348,2144.3488347108732,1.0,1.2,0.18485765816473046,2144.3488347108732,0.0,1.0,31.280368848879316,996.2797478368062,0.0,125.73825165782992,0.0,0.0,1142.3502392464077,0.0973450343677352,0.48672517183867603,,0.2825745108863428,0.2825744930685458,87.8398305251879,439.1991526259396,69.99138611827797,74.93166196463793,0.0,3.523210256894983,3.7718927233969644,-0.24868246650198156,0.0006358881966985631,281.52326245095446,1251.214811144132,0.0,0.0,281.52326245095446,1444.658275233101,4333.9748256993025,281.52326245095446,0.15640181247275248,844.5697873528634,3716.107064352599,1831.5452034110394,5494.635610233118,24176.396685025724,2113.068465861994,6339.205397585982,27892.503749378324,0.26413355823274925,0.4283181512180349,2.141590756090175,0.0973450343677352,120.58152329786245,120.58152329786245,0.0,361.74456989358737,361.74456989358737,0.0,844.5697873528634,0.0,844.5697873528634,3716.107064352599,0.0,5272.385719598804,-0.06593041868858303,103.34097708845636
88,88,2025,6SB,6,SB,Night,8,OP,NT,4.4,70,8000,1.6,5.0,75,1800,1,4,0.05,0.01,1437.0,0.0,178.0,0.0,0.0,1.0,1.0,1.0,3.66,1.83,0.282574568288854,0.282574568288854,30,4.103,0.708,1016.6733932853045,0.0,125.9344913046515,0.0,0.0,1142.607884589956,1394.476867199259,1.0,1.2,0.12021352303441887,1394.476867199259,0.0,1.0,20.33346786570609,647.620951522739,0.0,81.85741934802348,0.0,0.0,742.6951249834715,0.10186094212672481,0.509304710633624,,0.2825722536563295,0.28257148962372486,90.94438813463184,454.72194067315917,69.9910815599348,74.98778949743009,0.0,3.5205731729036707,3.771909136365201,-0.2513359634615302,0.000658373963182756,182.99971178683685,813.3402136327616,0.0,0.0,182.99971178683685,939.274704937413,7514.197639499304,182.99971178683685,0.10166650654824269,1463.9976942946948,6441.589854896658,1191.1436875467161,9529.14950037373,41928.25780164441,1374.143399333553,10993.147194668423,48369.84765654107,0.17176792491669413,0.44818814535758916,2.240940726787946,0.10186094212672481,82.01830142671577,82.01830142671577,0.0,656.1464114137261,656.1464114137261,0.0,1463.9976942946948,0.0,1463.9976942946948,6441.589854896658,0.0,9140.863076719648,-0.0666336208999271,106.99339780544922
89,89,2025,6SB,6,SB,AM-Early,1,OP,AM,4.4,70,8000,1.6,5.0,75,1800,1,4,0.05,0.01,3401.0,0.0,420.0,0.0,0.0,1.0,1.0,1.0,3.66,1.83,0.282574568288854,0.282574568288854,30,4.155,0.715,1017.5103680207421,0.0,125.65549972617222,0.0,0.0,1143.1658677469143,1394.4768671992588,1.0,1.2,0.12021352303441886,1394.4768671992588,0.0,1.0,20.350207360414842,648.1541044292128,0.0,81.67607482201194,0.0,0.0,743.0578140354943,0.10774450774970475,0.5387225387485237,,0.2825084401659328,0.2825080945568998,96.1980326576905,480.9901632884525,69.99108558157594,74.98775920029769,0.0,3.520574595312777,3.7719089196338147,-0.2513343243210375,0.0006580770411834162,183.109005029444,814.0511556308833,0.0,0.0,183.109005029444,939.7066553570555,939.7066553570555,183.109005029444,0.10172722501635778,183.109005029444,805.6796221295536,1191.0176548094,1191.0176548094,5240.47768116136,1374.126659838844,1374.126659838844,6046.157303290914,0.1717658324798555,0.4740758340987009,2.3703791704935044,0.10774450774970475,86.80755429031689,86.80755429031689,0.0,86.80755429031689,86.80755429031689,0.0,183.109005029444,0.0,183.109005029444,805.6796221295536,0.0,1143.1658677469143,-0.06663319016341403,113.17415606787118
90,90,2025,6SB,6,SB,AM-Peak,2,Peak,AM,4.4,70,8000,1.6,5.0,75,1800,1,4,0.05,0.01,4170.0,0.0,515.0,0.0,0.0,1.0,1.0,1.0,3.66,1.83,0.282574568288854,0.282574568288854,30,4.155,0.715,3888.0679870021613,0.0,480.18105834678965,0.0,0.0,4368.249045348951,5328.611162042531,1.0,1.2,0.459363031210563,5328.611162042531,0.0,1.0,77.76135974004323,2476.699307720377,0.0,312.1176879254133,0.0,0.0,2839.361879476818,0.37672918124528654,1.8836459062264326,,0.19307509399871725,0.19317693943168673,118.4354045491866,592.177022745933,61.887235812796376,74.32363545263482,3.271856414168258,3.5520329218589244,4.265823097974153,-0.713790176115229,0.6773205013674477,478.1889516446697,3332.117675617448,0.0,0.0,478.1889516446697,3812.2987339642377,7624.597467928475,478.1889516446697,0.26566052869148316,956.3779032893394,4208.062774473094,4772.660850657818,9545.321701315635,41999.4154857888,5250.849802302488,10501.699604604975,46207.478260261894,0.656356225287811,1.6576083974792608,8.288041987396303,0.3767291812452866,792.6500218280087,792.6500218280087,0.0,1585.3000436560174,1585.3000436560174,0.0,956.3779032893394,0.0,956.3779032893394,4208.062774473094,0.0,8736.498090697902,-0.16732765511401754,139.3357700578666
91,91,2025,6SB,6,SB,AM-Shoulder,1,OP,AM,4.4,70,8000,1.6,5.0,75,1800,1,4,0.05,0.01,3163.0,0.0,391.0,0.0,0.0,1.0,1.0,1.0,3.66,1.83,0.282574568288854,0.282574568288854,30,4.155,0.715,1017.2348549241825,0.0,125.7473374250254,0.0,0.0,1142.982192349208,1394.4768671992588,1.0,1.2,0.12021352303441886,1394.4768671992588,0.0,1.0,20.34469709848365,647.9786025867043,0.0,81.73576932626652,0.0,0.0,742.9384250269852,0.10774478642966277,0.5387239321483138,,0.28250806589018873,0.28250874719320457,96.19800451067087,480.9900225533543,69.99108374841903,74.98777250891287,0.0,3.520573970491277,3.771909018424983,-0.251335047933706,0.0006582123850840843,183.05918175499707,813.8309760707018,0.0,0.0,183.05918175499707,939.5783134957272,939.5783134957272,183.05918175499707,0.10169954541944282,183.05918175499707,805.4603997219872,1191.072988345778,1191.072988345778,5240.721148721424,1374.132170100775,1374.132170100775,6046.181548443411,0.1717665212625969,0.4740770602905162,2.370385301452581,0.10774478642966277,86.78415874559632,86.78415874559632,0.0,86.78415874559632,86.78415874559632,0.0,183.05918175499707,0.0,183.05918175499707,805.4603997219872,0.0,1142.982192349208,-0.06663338026076109,113.17412295373042
92,92,2025,6SB,6,SB,MD,5,OP,MD,4.4,70,8000,1.6,5.0,75,1800,1,4,0.05,0.01,4365.0,0.0,539.0,0.0,0.0,1.0,1.0,1.0,3.66,1.83,0.282574568288854,0.282574568288854,30,4.136,0.708,1017.5345244608434,0.0,125.64744757947184,0.0,0.0,1143.1819720403153,1394.4768671992588,1.0,1.2,0.12021352303441886,1394.4768671992588,0.0,1.0,20.35069048921687,648.1694920815572,0.0,81.6708409266567,0.0,0.0,743.068281826205,0.10529187859743275,0.5264593929871637,,0.28250781462051905,0.2825072963582587,94.00826192331644,470.04130961658217,69.99108572659011,74.9877581355899,0.0,3.5205746452993787,3.7719089118188163,-0.2513342665194376,0.0006580663346355533,183.11294671165257,814.070887259974,0.0,0.0,183.11294671165257,939.7183348394459,4698.59167419723,183.11294671165257,0.10172941483980698,915.5647335582628,4028.4848276563566,1191.0132299983895,5955.066149991948,26202.291059964573,1374.126176710042,6870.6308835502105,30230.77588762093,0.17176577208875526,0.46328426582870413,2.3164213291435205,0.10529187859743275,84.83334708103858,84.83334708103858,0.0,424.1667354051929,424.1667354051929,0.0,915.5647335582628,0.0,915.5647335582628,4028.4848276563566,0.0,5715.9098602015765,-0.06663317497724092,110.59795520390169
93,93,2025,6SB,6,SB,PM-Shoulder,1,OP,PM,4.4,70,8000,1.6,5.0,75,1800,1,4,0.05,0.01,4521.0,0.0,559.0,0.0,0.0,1.0,1.0,1.0,3.66,1.83,0.282574568288854,0.282574568288854,30,4.135,0.592,1017.171654825403,0.0,125.76840412461851,0.0,0.0,1142.9400589500215,1394.4768671992585,1.0,1.2,0.12021352303441885,1394.4768671992585,0.0,1.0,20.34343309650806,647.9383441237817,0.0,81.74946268100203,0.0,0.0,742.911038317514,0.09839360859290025,0.49196804296450125,,0.28251701411649305,0.28251721057969503,87.84894186861753,439.2447093430876,69.99108354326202,74.98777415315654,0.0,3.520573893296274,3.7719090294811566,-0.25133513618488257,0.0006582275320415193,183.05360631343555,813.7746154154594,0.0,0.0,183.05360631343555,939.5430195400779,939.5430195400779,183.05360631343555,0.10169644795190864,183.05360631343555,805.4358677791165,1191.079827789315,1191.079827789315,5240.751242272986,1374.1334341027505,1374.1334341027505,6046.187110052102,0.1717666792628438,0.43293187780876113,2.1646593890438055,0.09839360859290025,79.24974152094134,79.24974152094134,0.0,79.24974152094134,79.24974152094134,0.0,183.05360631343555,0.0,183.05360631343555,805.4358677791165,0.0,1142.9400589500215,-0.06663340346239868,103.35169631602061
94,94,2025,6SB,6,SB,PM-Peak,3,Peak,PM,4.4,70,8000,1.6,5.0,75,1800,1,4,0.05,0.01,4840.0,0.0,598.0,0.0,0.0,1.0,1.0,1.0,3.66,1.83,0.282574568288854,0.282574568288854,30,4.135,0.592,1017.3753447760645,0.0,125.70050747439805,0.0,0.0,1143.0758522504625,1394.4768671992588,1.0,1.2,0.12021352303441886,1394.4768671992588,0.0,1.0,20.34750689552129,648.0680946223531,0.0,81.70532985835874,0.0,0.0,742.9993039628007,0.09838340091542885,0.49191700457714427,,0.28257401512389646,0.28257406419588765,87.84018567582827,439.2009283791414,69.99108625108308,74.98775547081199,0.0,3.520574770407131,3.7719088835532215,-0.25133411314609067,0.0006580276107705888,183.12720357113156,813.9006343094117,0.0,0.0,183.12720357113156,939.6011417838097,2818.803425351429,183.12720357113156,0.10173733531729531,549.3816107133947,2417.279087138937,1191.0021567326057,3573.006470197817,15721.228468870397,1374.1293603037373,4122.388080911212,18138.507556009332,0.17176617003796715,0.432886964027887,2.164434820139435,0.09838340091542884,79.27337918482397,79.27337918482397,0.0,237.8201375544719,237.8201375544719,0.0,549.3816107133947,0.0,549.3816107133947,2417.279087138937,0.0,3429.2275567513875,-0.06663313481457388,103.34139491273915
95,95,2025,6SB,6,SB,PM-Late,3,OP,PM,4.4,70,8000,1.6,5.0,75,1800,1,4,0.05,0.01,4021.0,0.0,497.0,0.0,0.0,1.0,1.0,1.0,3.66,1.83,0.282574568288854,0.282574568288854,30,4.135,0.592,1017.2698626647713,0.0,125.73566817816248,0.0,0.0,1143.0055308429337,1394.4768671992588,1.0,1.2,0.12021352303441886,1394.4768671992588,0.0,1.0,20.345397253295427,648.0009025174593,0.0,81.72818431580562,0.0,0.0,742.9535950479069,0.09838380808821313,0.49191904044106566,,0.28257285873743204,0.2825718252428534,87.84044928378559,439.202246418928,69.99108552500944,74.98776072756141,0.0,3.5205745236097976,3.771908922682256,-0.2513343990724586,0.000658081217547985,183.1074674887945,813.8169979226814,0.0,0.0,183.1074674887945,939.5526661008439,2818.6579983025317,183.1074674887945,0.10172637082710806,549.3224024663834,2417.018570852087,1191.0240024571688,3573.0720073715065,15721.51683243463,1374.1314699459633,4122.39440983789,18138.535403286718,0.1717664337432454,0.43288875558813783,2.164443777940689,0.09838380808821315,79.26516374011966,79.26516374011966,0.0,237.795491220359,237.795491220359,0.0,549.3224024663834,0.0,549.3224024663834,2417.018570852087,0.0,3429.016592528801,-0.06663320992748978,103.34170503974777
96,96,2025,7NB,7,NB,Night,8,OP,NT,5.6,70,6000,1.6,6.5,75,1800,1,4,0.05,0.01,769.0,0.0,95.0,0.0,0.0,1.0,1.0,1.0,3.66,1.83,0.35502958579881655,0.35502958579881655,30,4.103,0.708,769.0,0.0,95.0,0.0,0.0,864.0,1054.0,1.0,1.2,0.10979166666666666,1054.0,0.0,1.0,15.38,489.853,0.0,61.75,0.0,0.0,561.6,0.08808677097205916,0.44043385486029585,,0.35502868680391825,0.3550288267850526,78.74506497272718,393.7253248636359,69.99957277927129,74.99082838211649,0.0,4.480547918312207,4.800029295314477,-0.31948137700227,4.013458083339305e-05,173.91186731695976,579.7081326830403,0.0,0.0,173.91186731695976,674.7081326830403,5397.665061464322,173.91186731695976,0.09661770406497765,1391.294938535678,7791.251655799797,864.7081326830403,6917.665061464322,38738.924344200204,1038.6200000000001,8308.960000000001,46530.176,0.17310333333333336,0.4932859174435313,2.4664295872176565,0.08808677097205916,85.78827502376417,85.78827502376417,0.0,686.3062001901134,686.3062001901134,0.0,1391.294938535678,0.0,1391.294938535678,7791.251655799797,0.0,6912.0,-0.06655821399134584,92.6412529090908
97,97,2025,7NB,7,NB,AM-Early,1,OP,AM,5.6,70,6000,1.6,6.5,75,1800,1,4,0.05,0.01,930.0,0.0,115.0,0.0,0.0,1.0,1.0,1.0,3.66,1.83,0.35502958579881655,0.35502958579881655,30,4.155,0.715,930.0,0.0,115.0,0.0,0.0,1045.0,1275.0,1.0,1.2,0.1328125,1275.0,0.0,1.0,18.6,592.41,0.0,74.75,0.0,0.0,679.25,0.09287219555823105,0.46436097779115526,,0.3550122005639993,0.35501361574614315,83.16674151228477,415.8337075614239,69.9985271143542,74.98038728126423,0.0,4.481171839505265,4.800100999998018,-0.3189291604927531,0.0001383699972848393,210.31277773611882,701.0872222638811,0.0,0.0,210.31277773611882,816.0872222638811,816.0872222638811,210.31277773611882,0.11684043207562156,210.31277773611882,1177.7515553222654,1046.0872222638811,1046.0872222638811,5858.088444677734,1256.3999999999999,1256.3999999999999,7035.839999999999,0.20939999999999998,0.5200842951260939,2.600421475630469,0.09287219555823105,109.3803727649002,109.3803727649002,0.0,109.3803727649002,109.3803727649002,0.0,210.31277773611882,0.0,210.31277773611882,1177.7515553222654,0.0,1045.0,-0.06644217704854227,97.84322530857034
98,98,2025,7NB,7,NB,AM-Peak,2,Peak,AM,5.6,70,6000,1.6,6.5,75,1800,1,4,0.05,0.01,1497.0,0.0,185.0,0.0,0.0,1.0,1.0,1.0,3.66,1.83,0.35502958579881655,0.35502958579881655,30,4.155,0.715,1216.7333462711306,0.0,150.3645083902199,0.0,0.0,1367.0978546613505,1667.8268714417902,1.0,1.2,0.1737319657751865,1667.8268714417902,0.0,1.0,24.334666925422614,775.0591415747102,0.0,97.73693045364294,0.0,0.0,888.6136055298779,0.09236303243008301,0.46181516215041507,,0.3549572009744118,0.35495773746917714,83.17547906345604,415.87739531728016,69.99156111145727,74.94259873819118,0.0,4.483431394924025,4.800578736412817,-0.3171473414887913,0.0007928688855592888,275.1128234829895,917.2858558627184,0.0,0.0,275.1128234829895,1067.6503642529383,2135.3007285058766,275.1128234829895,0.15284045749054972,550.225646965979,3081.263623009482,1368.3793810333782,2736.7587620667564,15325.849067573834,1643.4922045163676,3286.984409032735,18407.112690583315,0.2739153674193946,0.5172329816084649,2.586164908042324,0.09236303243008301,142.29742596882994,142.29742596882994,0.0,284.5948519376599,284.5948519376599,0.0,550.225646965979,0.0,550.225646965979,3081.263623009482,0.0,2734.195709322701,-0.06606439742008614,97.85350478053653
99,99,2025,7NB,7,NB,AM-Shoulder,1,OP,AM,5.6,70,6000,1.6,6.5,75,1800,1,4,0.05,0.01,1769.0,0.0,219.0,0.0,0.0,1.0,1.0,1.0,3.66,1.83,0.35502958579881655,0.35502958579881655,30,4.155,0.715,1216.1524054330284,0.0,150.55815533625395,0.0,0.0,1366.7105607692824,1667.8268714417902,1.0,1.2,0.1737319657751865,1667.8268714417902,0.0,1.0,24.32304810866057,774.6890822608392,0.0,97.86280096856507,0.0,0.0,888.3618645000336,0.09235414554155373,0.46177072770776867,,0.3550146488376565,0.3550160790559926,83.16623164580832,415.8311582290416,69.99155769061146,74.94267414620768,0.0,4.483426883653612,4.800578971041681,-0.31715208738806844,0.0007931903271028606,275.0259724971982,916.8033848271697,0.0,0.0,275.0259724971982,1067.3615401634236,1067.3615401634236,275.0259724971982,0.1527922069428879,275.0259724971982,1540.1454459843098,1368.4778508359316,1368.4778508359316,7663.475964681216,1643.5038233331297,1643.5038233331297,9203.621410665526,0.27391730388885493,0.5171832150327008,2.5859160751635044,0.09235414554155373,142.23881667359612,142.23881667359612,0.0,142.23881667359612,142.23881667359612,0.0,275.0259724971982,0.0,275.0259724971982,1540.1454459843098,0.0,1366.7105607692824,-0.06606538280095191,97.84262546565687
100,100,2025,7NB,7,NB,MD,5,OP,MD,5.6,70,6000,1.6,6.5,75,1800,1,4,0.05,0.01,2550.0,0.0,315.0,0.0,0.0,1.0,1.0,1.0,3.66,1.83,0.35502958579881655,0.35502958579881655,30,4.136,0.708,1216.8693911807052,0.0,150.31916008702828,0.0,0.0,1367.1885512677334,1667.82687144179,1.0,1.2,0.17373196577518646,1667.82687144179,0.0,1.0,24.337387823614105,775.1458021821093,0.0,97.70745405656838,0.0,0.0,888.6725583240267,0.09037801398980876,0.4518900699490438,,0.3550147765367264,0.35501597406491575,81.38888618277333,406.94443091386677,69.99156407994266,74.94253886796406,0.0,4.483434976655575,4.800578532810453,-0.3171435561548783,0.0007925899503215647,275.1882137450631,917.343789612028,0.0,0.0,275.1882137450631,1067.6629496990563,5338.3147484952815,275.1882137450631,0.1528823409694795,1375.9410687253153,7705.269984861765,1368.3012698731127,6841.506349365563,38312.435556447155,1643.4894836181757,8217.447418090878,46017.70554130892,0.27391491393636264,0.506116878342929,2.530584391714645,0.09037801398980876,139.27739969741802,139.27739969741802,0.0,696.3869984870901,696.3869984870901,0.0,1375.9410687253153,0.0,1375.9410687253153,7705.269984861765,0.0,6835.942756338667,-0.06606361170581863,95.75163080326277
101,101,2025,7NB,7,NB,PM-Shoulder,1,OP,PM,5.6,70,6000,1.6,6.5,75,1800,1,4,0.05,0.01,3265.0,0.0,404.0,0.0,0.0,1.0,1.0,1.0,3.66,1.83,0.35502958579881655,0.35502958579881655,30,4.135,0.592,1216.3177876384734,0.0,150.50302793443896,0.0,0.0,1366.8208155729124,1667.8268714417904,1.0,1.2,0.17373196577518651,1667.8268714417904,0.0,1.0,24.32635575276947,774.7944307257077,0.0,97.82696815738532,0.0,0.0,888.4335301223931,0.08651618651794657,0.43258093258973285,,0.35475719764649954,0.35475759697710757,77.9071738497675,389.53586924883757,69.991551303878,74.94279557101738,0.0,4.4834196194562725,4.800579409094814,-0.3171597896385414,0.0007937904598955505,274.86390099636697,917.127530889337,0.0,0.0,274.86390099636697,1067.630558823776,1067.630558823776,274.86390099636697,0.15270216722020388,274.86390099636697,1539.237845579655,1368.636614692654,1368.636614692654,7664.365042278861,1643.5005156890209,1643.5005156890209,9203.602887858517,0.27391675261483683,0.4844906445005008,2.422453222502504,0.08651618651794657,133.16898854365166,133.16898854365166,0.0,133.16898854365166,133.16898854365166,0.0,274.86390099636697,0.0,274.86390099636697,1539.237845579655,0.0,1366.8208155729124,-0.06606698121432478,91.6554986467853
102,102,2025,7NB,7,NB,PM-Peak,3,Peak,PM,5.6,70,6000,1.6,6.5,75,1800,1,4,0.05,0.01,3772.0,0.0,466.0,0.0,0.0,1.0,1.0,1.0,3.66,1.83,0.35502958579881655,0.35502958579881655,30,4.135,0.592,2932.5413302551465,0.0,362.2916913835891,0.0,0.0,3294.8330216387358,4019.416404405914,1.0,1.2,0.4186892087922827,4019.416404405914,0.0,1.0,58.65082660510293,1868.0288273725284,0.0,235.48959939933295,0.0,0.0,2141.6414640651783,0.18807782389890562,0.9403891194945281,,0.23550785706978664,0.23556163486996698,95.7390537260148,478.695268630074,66.30581352260484,74.56108187151241,4.474228801885527,4.5063723804197595,5.067428965115579,-0.5610565846958195,0.36637768220834355,439.9354660790906,2433.955037570953,0.0,0.0,439.9354660790906,2796.2467289545425,8388.740186863628,439.9354660790906,0.24440859226616143,1319.8063982372719,7390.915830128722,3520.8301117217206,10562.490335165163,59149.94587692491,3960.765577800811,11882.296733402434,66540.86170705363,0.6601275963001352,1.0532358138338713,5.266179069169357,0.18807782389890565,463.3557886501945,463.3557886501945,0.0,1390.0673659505835,1390.0673659505835,0.0,1319.8063982372719,0.0,1319.8063982372719,7390.915830128722,0.0,9884.499064916206,-0.11071819428711475,112.63418085413507
103,103,2025,7NB,7,NB,PM-Late,3,OP,PM,5.6,70,6000,1.6,6.5,75,1800,1,4,0.05,0.01,2896.0,0.0,358.0,0.0,0.0,1.0,1.0,1.0,3.66,1.83,0.35502958579881655,0.35502958579881655,30,4.135,0.592,1216.6313903514922,0.0,150.39849369676594,0.0,0.0,1367.029884048258,1667.82687144179,1.0,1.2,0.17373196577518646,1667.82687144179,0.0,1.0,24.332627807029844,774.9941956539005,0.0,97.75902090289786,0.0,0.0,888.5694246313677,0.08647495195853669,0.43237475979268347,,0.3550294846399841,0.3550295126770127,77.87346886515385,389.3673443257693,69.99156240961524,74.94257503880397,0.0,4.483432812737286,4.800578647374805,-0.3171458346375191,0.0007927469034833554,275.1457898819833,917.152972662479,0.0,0.0,275.1457898819833,1067.5514663592448,3202.6543990777345,275.1457898819833,0.1528587721566574,825.43736964595,4622.44927001732,1368.3484537527768,4105.045361258331,22988.25402304665,1643.49424363476,4930.48273090428,27610.70329306397,0.27391570727246,0.48425973096780545,2.421298654839027,0.08647495195853669,133.24202618517356,133.24202618517356,0.0,399.72607855552064,399.72607855552064,0.0,825.43736964595,0.0,825.43736964595,4622.44927001732,0.0,4101.089652144774,-0.06606408475589713,91.61584572371042
104,104,2025,7SB,7,SB,Night,8,OP,NT,5.6,70,6000,1.6,5.0,75,1800,1,4,0.05,0.01,729.0,0.0,90.0,0.0,0.0,1.0,1.0,1.0,3.66,1.83,0.35502958579881655,0.35502958579881655,30,4.103,0.708,729.0,0.0,90.0,0.0,0.0,819.0,999.0,1.0,1.2,0.1040625,999.0,0.0,1.0,14.58,464.373,0.0,58.5,0.0,0.0,532.35,0.08821832557531553,0.44109162787657763,,0.35502522435283274,0.3550253641834289,78.74559955801215,393.7279977900607,69.99418419712777,74.9925929485721,0.0,4.480442491572731,4.8003988310472785,-0.3199563394745475,0.000546398534771663,164.86412850839798,549.555871491602,0.0,0.0,164.86412850839798,639.555871491602,5116.446971932816,164.86412850839798,0.09159118250466555,1318.9130280671839,7385.912957176229,819.555871491602,6556.446971932816,36716.10304282377,984.4200000000001,7875.360000000001,44102.016,0.16407000000000002,0.49402262322176693,2.4701131161088346,0.08821832557531553,81.44660924088926,81.44660924088926,0.0,651.5728739271141,651.5728739271141,0.0,1318.9130280671839,0.0,1318.9130280671839,7385.912957176229,0.0,6552.0,-0.06665203261970302,92.64188183295549
105,105,2025,7SB,7,SB,AM-Early,1,OP,AM,5.6,70,6000,1.6,5.0,75,1800,1,4,0.05,0.01,2298.0,0.0,284.0,0.0,0.0,1.0,1.0,1.0,3.66,1.83,0.35502958579881655,0.35502958579881655,30,4.155,0.715,791.2365039071351,0.0,97.78553834187396,0.0,0.0,889.022042249009,1084.593118932757,1.0,1.2,0.11297844988882887,1084.593118932757,0.0,1.0,15.824730078142702,504.0176529888451,0.0,63.560599922218074,0.0,0.0,577.8643274618559,0.0931953219488542,0.465976609744271,,0.35493137683245973,0.3549312603127418,83.17983196967069,415.8991598483534,69.99122327270392,74.98973114579306,0.0,4.480613476887357,4.800601908197218,-0.3199884313098611,0.000824614230189464,178.8916795231957,596.5200943057966,0.0,0.0,178.8916795231957,694.3056326476706,694.3056326476706,178.8916795231957,0.09938426640177539,178.8916795231957,1001.7934053298959,889.8767093314185,889.8767093314185,4983.309572255944,1068.7683888546142,1068.7683888546142,5985.10297758584,0.17812806480910237,0.5218938029135834,2.6094690145679174,0.0931953219488542,93.36245893595863,93.36245893595863,0.0,93.36245893595863,93.36245893595863,0.0,178.8916795231957,0.0,178.8916795231957,1001.7934053298959,0.0,889.022042249009,-0.06665589803717491,97.8586258466714
106,106,2025,7SB,7,SB,AM-Peak,2,Peak,AM,5.6,70,6000,1.6,5.0,75,1800,1,4,0.05,0.01,3435.0,0.0,425.0,0.0,0.0,1.0,1.0,1.0,3.66,1.83,0.35502958579881655,0.35502958579881655,30,4.155,0.715,790.9930708140168,0.0,97.86668270624662,0.0,0.0,888.8597535202634,1084.5931189327566,1.0,1.2,0.11297844988882881,1084.5931189327566,0.0,1.0,15.819861416280338,503.8625861085288,0.0,63.61334375906031,0.0,0.0,577.7588397881713,0.09318127410559676,0.4659063705279838,,0.355010714074865,0.35500988574669884,83.16721553117092,415.8360776558546,69.99122254292728,74.98973534916222,0.0,4.480613225737351,4.800601958251597,-0.3199887325142452,0.0008246828046880894,178.87661648999696,596.2965929077395,0.0,0.0,178.87661648999696,694.1632756139861,1388.3265512279722,178.87661648999696,0.09937589804999832,357.7532329799939,2003.4181046879658,889.8966410264794,1779.7932820529588,9966.84237949657,1068.7732575164764,2137.546515032953,11970.260484184535,0.17812887625274607,0.5218151349913418,2.609075674956709,0.09318127410559678,93.34052578052224,93.34052578052224,0.0,186.68105156104448,186.68105156104448,0.0,357.7532329799939,0.0,357.7532329799939,2003.4181046879658,0.0,1777.7195070405269,-0.06665596008521954,97.84378297784815
107,107,2025,7SB,7,SB,AM-Shoulder,1,OP,AM,5.6,70,6000,1.6,5.0,75,1800,1,4,0.05,0.01,3333.0,0.0,412.0,0.0,0.0,1.0,1.0,1.0,3.66,1.83,0.35502958579881655,0.35502958579881655,30,4.155,0.715,791.190384198485,0.0,97.80091157809055,0.0,0.0,888.9912957765756,1084.5931189327566,1.0,1.2,0.11297844988882881,1084.5931189327566,0.0,1.0,15.8238076839697,503.98827473443504,0.0,63.57059252575886,0.0,0.0,577.8443422547741,0.09317824728650438,0.4658912364325219,,0.35502613989787923,0.35502541277519356,83.16474380971493,415.8237190485746,69.99122508117264,74.98972346404247,0.0,4.48061393586965,4.800601784156835,-0.31998784828718474,0.0008244442948635472,178.92901173275834,596.437564781757,0.0,0.0,178.92901173275834,694.2384763598476,694.2384763598476,178.92901173275834,0.09940500651819907,178.92901173275834,1002.0024657034467,889.8402995160286,889.8402995160286,4983.10567728976,1068.7693112487868,1068.7693112487868,5985.1081429932065,0.17812821854146446,0.5217981848044245,2.6089909240221223,0.09317824728650437,93.36483353100289,93.36483353100289,0.0,93.36483353100289,93.36483353100289,0.0,178.92901173275834,0.0,178.92901173275834,1002.0024657034467,0.0,888.9912957765756,-0.06665577831163236,97.84087507025286
108,108,2025,7SB,7,SB,MD,5,OP,MD,5.6,70,6000,1.6,5.0,75,1800,1,4,0.05,0.01,2635.0,0.0,326.0,0.0,0.0,1.0,1.0,1.0,3.66,1.83,0.35502958579881655,0.35502958579881655,30,4.136,0.708,791.0054991386147,0.0,97.86253993138081,0.0,0.0,888.8680390699956,1084.593118932757,1.0,1.2,0.11297844988882887,1084.593118932757,0.0,1.0,15.820109982772294,503.87050295129757,0.0,63.61065095539753,0.0,0.0,577.7642253954972,0.09127255328413382,0.4563627664206691,,0.3545400360815695,0.35454008320993136,81.46267435859535,407.3133717929767,69.9912111828322,74.9897846220464,0.0,4.480610281699871,4.800602737425064,-0.31999245572519275,0.0008257502723374191,178.6422662967916,596.5431228590508,0.0,0.0,178.6422662967916,694.4056627904315,3472.0283139521575,178.6422662967916,0.09924570349821756,893.211331483958,5001.983456310165,890.1307426531932,4450.653713265966,24923.660794289408,1068.7730089499848,5343.865044749924,29925.644250599573,0.17812883482499747,0.5111262983911493,2.555631491955747,0.09127255328413382,91.30876030848506,91.30876030848506,0.0,456.5438015424253,456.5438015424253,0.0,893.211331483958,0.0,893.211331483958,5001.983456310165,0.0,4444.340195349978,-0.06665672483802097,95.83844042187688
109,109,2025,7SB,7,SB,PM-Shoulder,1,OP,PM,5.6,70,6000,1.6,5.0,75,1800,1,4,0.05,0.01,2723.0,0.0,336.0,0.0,0.0,1.0,1.0,1.0,3.66,1.83,0.35502958579881655,0.35502958579881655,30,4.135,0.592,791.5698372698732,0.0,97.67442722096122,0.0,0.0,889.2442644908344,1084.5931189327569,1.0,1.2,0.11297844988882884,1084.5931189327569,0.0,1.0,15.831396745397464,504.22998634090925,0.0,63.4883776936248,0.0,0.0,578.0087719190424,0.08725175310623973,0.43625876553119863,,0.3550149395709306,0.3550143642828852,77.87548117853123,389.3774058926562,69.99122896363292,74.98970493166927,0.0,4.480615043173776,4.800601517864243,-0.3199864746904675,0.0008240794740139074,179.00917813066906,596.7292623938067,0.0,0.0,179.00917813066906,694.4036896147679,694.4036896147679,179.00917813066906,0.09944954340592725,179.00917813066906,1002.4513975317467,889.7525440566903,889.7525440566903,4982.614246717466,1068.7617221873593,1068.7617221873593,5985.065644249213,0.17812695369789322,0.4886098173949424,2.443049086974712,0.08725175310623973,87.46564183844492,87.46564183844492,0.0,87.46564183844492,87.46564183844492,0.0,179.00917813066906,0.0,179.00917813066906,1002.4513975317467,0.0,889.2442644908344,-0.06665549587894715,91.61821315121324
110,110,2025,7SB,7,SB,PM-Peak,3,Peak,PM,5.6,70,6000,1.6,5.0,75,1800,1,4,0.05,0.01,2613.0,0.0,323.0,0.0,0.0,1.0,1.0,1.0,3.66,1.83,0.35502958579881655,0.35502958579881655,30,4.135,0.592,791.1897877641803,0.0,97.80111038952553,0.0,0.0,888.9908981537059,1084.5931189327569,1.0,1.2,0.11297844988882884,1084.5931189327569,0.0,1.0,15.823795755283607,503.98789480578284,0.0,63.5707217531916,0.0,0.0,577.8440837999088,0.08725213734402572,0.4362606867201286,,0.35501405420854387,0.35501550291356815,77.8754656555808,389.377328277904,69.99122477959341,74.98972478041208,0.0,4.480613857216954,4.800601804841739,-0.3199879476247851,0.0008244726331833363,178.9227858070301,596.4432062018666,0.0,0.0,178.9227858070301,694.2443165913921,2082.7329497741766,178.9227858070301,0.09940154767057227,536.7683574210903,3005.9028015581052,889.8465373704432,2669.53961211133,14949.421827823446,1068.7693231774733,3206.3079695324204,17955.32462938155,0.17812822052957888,0.488611969126544,2.4430598456327197,0.08725213734402572,87.42381469477984,87.42381469477984,0.0,262.2714440843395,262.2714440843395,0.0,536.7683574210903,0.0,536.7683574210903,3005.9028015581052,0.0,2666.9726944611175,-0.06665579871716398,91.61819488891861
111,111,2025,7SB,7,SB,PM-Late,3,OP,PM,5.6,70,6000,1.6,5.0,75,1800,1,4,0.05,0.01,2089.0,0.0,258.0,0.0,0.0,1.0,1.0,1.0,3.66,1.83,0.35502958579881655,0.35502958579881655,30,4.135,0.592,791.3779341426928,0.0,97.73839493002141,0.0,0.0,889.1163290727142,1084.593118932757,1.0,1.2,0.11297844988882887,1084.593118932757,0.0,1.0,15.827558682853855,504.10774404889537,0.0,63.52995670451392,0.0,0.0,577.9256138972643,0.08725193415041858,0.43625967075209293,,0.3550140182544561,0.35501563688066295,77.87546078423787,389.3773039211893,69.99122683955193,74.98971500822933,0.0,4.480614441102057,4.8006016635520234,-0.31998722244996625,0.000824279066271946,178.96531584798723,596.5850596118518,0.0,0.0,178.96531584798723,694.3234545418732,2082.9703636256195,178.96531584798723,0.09942517547110402,536.8959475439617,3006.6173062461853,889.800244401916,2669.400733205748,14948.644105952188,1068.7655602499033,3206.2966807497096,17955.26141219837,0.17812759337498388,0.48861083124234406,2.44305415621172,0.08725193415041858,87.4443917400337,87.4443917400337,0.0,262.3331752201011,262.3331752201011,0.0,536.8959475439617,0.0,536.8959475439617,3006.6173062461853,0.0,2667.3489872181426,-0.06665564961980283,91.6181891579269
