,index,Year,SegDir,Segment,Direction,Period,Hours/Day,Peak,4Periods,Length,Speed GP,Capacity GP,Alpha GP,Beta GP,Speed ML,Capacity ML,Alpha ML,Beta ML,MinToll,MinCapture,AADT Lights,AADT MediumA,AADT MediumB,AADT HeavyA,AADT HeavyB,GrowthFactor,GrowthFactor_medium,GrowthFactor_heavy,MaxToll,Soft Cap,MaxCapture,MaxCap_aux,Min Speed,B1,B2,TotalLights,TotalMediumA,TotalMediumB,TotalHeavyA,TotalHeavyB,TotalVeh,Corridor PCE pre-fix,Suppressed ratio ref,Max VC,Suppressed ratio,Corridor PCE,Suppressed Demand,PCE ratio,HOV3,InScopeLights,InScopeMediumA,InScopeMediumB,InScopeHeavyA,InScopeHeavyB,InScopeVeh,TollLights,TollMediumA,TollMediumB,CaptureRateLights,CaptureRateMediumA,VOT Lights,VOT MediumA,Speed GP Real,Speed ML Real,Bounus Seg,Time ML,Time GP,Time Savings,BonusRel,MLVeh_Lights,GPVeh_Lights,MLVeh_MediumA,GPVeh_MediumA,MLVeh,GPVeh,GPVehDay,ML PCE,ML V/C,ML Volume,ML PCE Total,GP PCE,GP Volume,GP PCE Total,Highway PCE,Highway Volume,Highway PCE Total,Highway V/C,TollLightsPerSeg,TollMediumAPerSeg,TollBlend,RevenuePerHour,RevenuePerHourLights,RevenuePerHourMediumA,RevenuePerDay,RevenuePerDayLights,RevenuePerDayMediumA,TransactionsDay_Lights,TransactionsDay_MediumA,TransactionsDay,TransactionsLightsLength,TransactionsMediumALength,TotalVeh_hours,Difference in Travel Time,Implied Min VOT
0,0,2025,1NB,1,NB,Night,8,OP,NT,3.0,70,12000,1.6,6.5,75,1800,1,4,0.05,0.01,2238.0,0.0,277.0,0.0,0.0,1.0,1.0,1.0,1.83,0.915,0.13729977116704806,0.13729977116704806,30,4.103,0.708,2258.704789728038,0.0,279.5626571736669,0.0,0.0,2538.267446901705,3097.392761249039,1.0,1.2,0.19855081802878455,3097.392761249039,0.0,1.0,45.17409579456076,2102.8541592368033,0.0,265.5845243149835,0.0,0.0,2411.3540745566197,0.1450042702192363,0.7250213510961814,,0.13729649092478996,0.1372960231611006,131.16846701400928,655.8423350700464,69.99109266853635,74.9113122348235,0.0,2.4028413684138434,2.571755821164895,-0.16891445275105177,0.00022416606938197565,288.7144969898126,1924.8161969436646,0.0,0.0,288.7144969898126,2204.3788541173317,17635.030832938653,288.7144969898126,0.1603969427721181,2309.7159759185006,6929.147927755502,2763.5041684646653,22108.033347717323,66324.10004315196,3052.218665454478,24417.749323635824,73253.24797090747,0.25435155545453986,0.43501281065770886,2.175064053288544,0.1450042702192363,125.59450481316499,125.59450481316499,0.0,1004.7560385053199,1004.7560385053199,0.0,2309.7159759185006,0.0,2309.7159759185006,6929.147927755502,0.0,20306.13957521364,-0.06568059508641094,154.52063582700157
1,1,2025,1NB,1,NB,AM-Early,1,OP,AM,3.0,70,12000,1.6,6.5,75,1800,1,4,0.05,0.01,1841.0,0.0,228.0,0.0,0.0,1.0,1.0,1.0,1.83,0.915,0.13729977116704806,0.13729977116704806,30,4.155,0.715,2209.2,0.0,273.59999999999997,0.0,0.0,2482.7999999999997,3030.0,1.0,1.2,0.19423076923076923,3030.0,0.0,1.0,44.184,2056.7651999999994,0.0,259.91999999999996,0.0,0.0,2358.66,0.15406760006241657,0.7703380003120829,,0.13729884370691114,0.13729823078469808,139.22916224667088,696.1458112333545,69.99227855530687,74.91882258113719,0.0,2.4026004920867483,2.571712247626953,-0.16911175554020463,0.0001943181958913576,282.39148373661374,1882.624516263386,0.0,0.0,282.39148373661374,2156.2245162633862,2156.2245162633862,282.39148373661374,0.15688415763145208,282.39148373661374,847.1744512098412,2703.424516263386,2703.424516263386,8110.273548790158,2985.816,2985.816,8957.448,0.24881799999999998,0.4622028001872497,2.3110140009362485,0.15406760006241657,130.52213453209504,130.52213453209504,0.0,130.52213453209504,130.52213453209504,0.0,282.39148373661374,0.0,282.39148373661374,847.1744512098412,0.0,2482.7999999999997,-0.06575842833748312,163.98722798807404
2,2,2025,1NB,1,NB,AM-Peak,2,Peak,AM,3.0,70,12000,1.6,6.5,75,1800,1,4,0.05,0.01,4183.0,0.0,517.0,0.0,0.0,1.0,1.0,1.0,1.83,0.915,0.13729977116704806,0.13729977116704806,30,4.155,0.715,2509.7999999999997,0.0,310.2,0.0,0.0,2819.9999999999995,3440.3999999999996,1.0,1.2,0.22053846153846152,3440.3999999999996,0.0,1.0,50.196,2336.6238,0.0,294.69,0.0,0.0,2678.9999999999995,0.1530584714820891,0.7652923574104454,,0.13728072898336105,0.137286405721357,139.23518394655753,696.1759197327876,69.9823762814907,74.86493560652687,0.0,2.404329858053164,2.5720761363687408,-0.16774627831557698,0.0004435819840159276,320.77341862387124,2138.8305813761285,0.0,0.0,320.77341862387124,2449.0305813761283,4898.061162752257,320.77341862387124,0.17820745479103958,641.5468372477425,1924.6405117432273,3069.4305813761284,6138.861162752257,18416.583488256772,3390.2039999999997,6780.407999999999,20341.224,0.28251699999999996,0.4591754144462673,2.2958770722313364,0.1530584714820891,147.29126743996207,147.29126743996207,0.0,294.58253487992414,294.58253487992414,0.0,641.5468372477425,0.0,641.5468372477425,1924.6405117432273,0.0,5639.999999999999,-0.06521823982722429,164.23926148123482
3,3,2025,1NB,1,NB,AM-Shoulder,1,OP,AM,3.0,70,12000,1.6,6.5,75,1800,1,4,0.05,0.01,4812.0,0.0,595.0,0.0,0.0,1.0,1.0,1.0,1.83,0.915,0.13729977116704806,0.13729977116704806,30,4.155,0.715,2887.2,0.0,357.0,0.0,0.0,3244.2,3958.2,1.0,1.2,0.2537307692307692,3958.2,0.0,1.0,57.744,2687.9831999999997,0.0,339.15,0.0,0.0,3081.99,0.15156407925450327,0.7578203962725163,,0.1372978802172286,0.13729889074413085,139.22753437431228,696.1376718715613,69.9561762085771,74.76368472803028,0.0,2.4075859911772737,2.5730394334779376,-0.16545344230066394,0.0011034405038157589,369.0543954195228,2460.401604580477,0.0,0.0,369.0543954195228,2817.401604580477,2817.401604580477,369.0543954195228,0.20503021967751267,369.0543954195228,1107.1631862585684,3531.401604580477,3531.401604580477,10594.204813741431,3900.4559999999997,3900.4559999999997,11701.368,0.325038,0.4546922377635098,2.273461188817549,0.15156407925450327,167.80616890976202,167.80616890976202,0.0,167.80616890976202,167.80616890976202,0.0,369.0543954195228,0.0,369.0543954195228,1107.1631862585684,0.0,3244.2,-0.06430272313278272,164.88949330068493
4,4,2025,1NB,1,NB,MD,5,OP,MD,3.0,70,12000,1.6,6.5,75,1800,1,4,0.05,0.01,5111.0,0.0,632.0,0.0,0.0,1.0,1.0,1.0,1.83,0.915,0.13729977116704806,0.13729977116704806,30,4.136,0.708,3066.6,0.0,379.2,0.0,0.0,3445.7999999999997,4204.2,1.0,1.2,0.26949999999999996,4204.2,0.0,1.0,61.332,2855.0045999999998,0.0,360.23999999999995,0.0,0.0,3273.5099999999998,0.14690048776226663,0.7345024388113331,,0.1372957386542179,0.1372987660389068,135.56671552506222,677.8335776253111,69.93516728074296,74.69951934481878,0.3160561060508843,2.4096540590724023,2.5738123893722924,-0.16415833029989013,0.0016329152914489472,391.97996541818986,2613.2880345818103,0.0,0.0,391.97996541818986,2992.48803458181,14962.44017290905,391.97996541818986,0.21776664745454993,1959.8998270909492,5879.699481272848,3750.88803458181,18754.44017290905,56263.32051872715,4142.868,20714.34,62143.020000000004,0.345239,0.44070146328679993,2.2035073164339996,0.14690048776226663,172.7461443389055,172.7461443389055,0.0,863.7307216945276,863.7307216945276,0.0,1959.8998270909492,0.0,1959.8998270909492,5879.699481272848,0.0,17229.0,-0.06378022383361262,161.0767345702327
5,5,2025,1NB,1,NB,PM-Shoulder,1,OP,PM,3.0,70,12000,1.6,6.5,75,1800,1,4,0.05,0.01,6757.0,0.0,835.0,0.0,0.0,1.0,1.0,1.0,1.83,0.915,0.13729977116704806,0.13729977116704806,30,4.135,0.592,8108.4,0.0,1002.0,0.0,0.0,9110.4,11114.4,1.0,1.2,0.7124615384615385,11114.4,0.0,1.0,162.168,7548.9204,0.0,951.9,0.0,0.0,8654.88,0.9149996997466284,4.574998498733142,,0.137299770254201,0.13729970320956192,72.58814373843157,362.9407186921579,46.22090174755199,62.67589243635125,0.8348192211324288,2.871917622597779,3.89434202264419,-1.022424400046411,0.906195714082699,1036.4650365872512,6909.766963412749,0.0,0.0,1036.4650365872512,7911.766963412749,7911.766963412749,1036.4650365872512,0.5758139092151395,1036.4650365872512,3109.3951097617537,9915.766963412749,9915.766963412749,29747.300890238246,10952.232,10952.232,32856.695999999996,0.912686,2.744999099239885,13.724995496199426,0.9149996997466284,2845.095591825639,2845.095591825639,0.0,2845.095591825639,2845.095591825639,0.0,1036.4650365872512,0.0,1036.4650365872512,3109.3951097617537,0.0,9110.4,-0.26254098743802756,161.08765200333332
6,6,2025,1NB,1,NB,PM-Peak,3,Peak,PM,3.0,70,12000,1.6,6.5,75,1800,1,4,0.05,0.01,6670.0,0.0,824.0,0.0,0.0,1.0,1.0,1.0,1.83,0.915,0.13729977116704806,0.13729977116704806,30,4.135,0.592,8004.0,0.0,988.8,0.0,0.0,8992.8,10970.4,1.0,1.2,0.7032307692307692,10970.4,0.0,1.0,160.08,7451.724,0.0,939.3599999999999,0.0,0.0,8543.159999999998,0.9149999894967148,4.574999947483574,,0.1372997525568331,0.1372997587570052,79.04037158822516,395.2018579411258,47.53404361978065,63.20051535171231,1.2870506644996387,2.8480780417421583,3.786759684065579,-0.9386816423234206,0.8325018121563502,1023.1198613218146,6820.800138678185,0.0,0.0,1023.1198613218146,7809.600138678185,23428.800416034555,1023.1198613218146,0.5683999229565637,3069.3595839654436,9208.07875189633,9787.200138678185,29361.600416034555,88084.80124810367,10810.32,32430.96,97292.88,0.90086,2.7449999684901445,13.724999842450723,0.9149999894967148,2808.463987090022,2808.463987090022,0.0,8425.391961270067,8425.391961270067,0.0,3069.3595839654436,0.0,3069.3595839654436,9208.07875189633,0.0,26978.399999999998,-0.24788518961827113,175.4588464111687
7,7,2025,1NB,1,NB,PM-Late,3,OP,PM,3.0,70,12000,1.6,6.5,75,1800,1,4,0.05,0.01,6393.0,0.0,790.0,0.0,0.0,1.0,1.0,1.0,1.83,0.915,0.13729977116704806,0.13729977116704806,30,4.135,0.592,6191.704565799619,0.0,765.1253882342717,0.0,0.0,6956.82995403389,8487.080730502434,1.0,1.2,0.5440436365706688,8487.080730502434,0.0,1.0,123.83409131599238,5764.476950759445,0.0,726.8691188225581,0.0,0.0,6608.988456332196,0.5127358097747052,2.563679048873526,,0.09830915442499055,0.09860350118483133,134.07689398846335,670.3844699423166,63.20707736474526,73.40996155957495,1.3267254275150333,2.451983302755488,2.8477823608467907,-0.39579905809130267,0.1893023457514804,566.7008547315089,5501.169619752117,0.0,0.0,566.7008547315089,6266.295007986389,18798.885023959167,566.7008547315089,0.3148338081841716,1700.1025641945266,5100.307692583579,7796.545784454932,23389.637353364797,70168.91206009439,8363.24663918644,25089.739917559324,75269.21975267796,0.6969372199322034,1.5382074293241157,7.6910371466205785,0.5127358097747052,871.7034649523334,871.7034649523334,0.0,2615.1103948570003,2615.1103948570003,0.0,1700.1025641945266,0.0,1700.1025641945266,5100.307692583579,0.0,20870.48986210167,-0.13898500936483485,233.18005405196536
8,8,2025,1SB,1,SB,Night,8,OP,NT,3.0,70,12000,1.6,5.0,75,1800,1,4,0.05,0.01,1637.0,0.0,202.0,0.0,0.0,1.0,1.0,1.0,1.83,0.915,0.13729977116704806,0.13729977116704806,30,4.103,0.708,1470.0481602450802,0.0,181.39873449572767,0.0,0.0,1651.446894740808,2014.244363732263,1.0,1.2,0.12911822844437584,2014.244363732263,0.0,1.0,29.400963204901604,1368.6148371881695,0.0,172.32879777094126,0.0,0.0,1568.8745500037674,0.1470770797975865,0.7353853989879324,,0.13717339044011992,0.13717561558800523,131.22180285674517,656.1090142837259,69.99085125492577,74.98412087299789,0.0,2.400508239669431,2.5717646917079335,-0.1712564520385027,0.00023024239136295173,187.73753742375393,1252.9096596164245,0.0,0.0,187.73753742375393,1434.3083941121522,11474.467152897218,187.73753742375393,0.10429863190208552,1501.9002993900315,4505.700898170095,1797.1058631036076,14376.84690482886,43130.54071448658,1984.8434005273616,15878.747204218893,47636.241612656675,0.16540361671061346,0.4412312393927595,2.2061561969637973,0.1470770797975865,82.83566631802752,82.83566631802752,0.0,662.6853305442202,662.6853305442202,0.0,1501.9002993900315,0.0,1501.9002993900315,4505.700898170095,0.0,13211.575157926463,-0.06659102700596206,154.5861428777795
9,9,2025,1SB,1,SB,AM-Early,1,OP,AM,3.0,70,12000,1.6,5.0,75,1800,1,4,0.05,0.01,4573.0,0.0,565.0,0.0,0.0,1.0,1.0,1.0,1.83,0.915,0.13729977116704806,0.13729977116704806,30,4.155,0.715,2743.7999999999997,0.0,339.0,0.0,0.0,3082.7999999999997,3760.7999999999997,1.0,1.2,0.24107692307692305,3760.7999999999997,0.0,1.0,54.876,2554.477799999999,0.0,322.05,0.0,0.0,2928.6599999999994,0.1620590663528791,0.8102953317643955,,0.1372953439229114,0.1372965385483199,139.22851371201494,696.1425685600749,69.79305728358996,74.8071503812203,0.0,2.4061870968578893,2.579053089315266,-0.17286599245737655,0.0052227947523857095,350.71790809444195,2338.2060919055575,0.0,0.0,350.71790809444195,2677.2060919055575,2677.2060919055575,350.71790809444195,0.19484328227468997,350.71790809444195,1052.1537242833258,3355.2060919055575,3355.2060919055575,10065.618275716672,3705.9239999999995,3705.9239999999995,11117.771999999997,0.30882699999999996,0.48617719905863727,2.4308859952931865,0.1620590663528791,170.51105021706036,170.51105021706036,0.0,170.51105021706036,170.51105021706036,0.0,350.71790809444195,0.0,350.71790809444195,1052.1537242833258,0.0,3082.7999999999997,-0.06702692285534617,168.7470828058377
10,10,2025,1SB,1,SB,AM-Peak,2,Peak,AM,3.0,70,12000,1.6,5.0,75,1800,1,4,0.05,0.01,7757.0,0.0,959.0,0.0,0.0,1.0,1.0,1.0,1.83,0.915,0.13729977116704806,0.13729977116704806,30,4.155,0.715,4654.2,0.0,575.4,0.0,0.0,5229.599999999999,6380.4,1.0,1.2,0.409,6380.4,0.0,1.0,93.084,4333.0602,0.0,546.63,0.0,0.0,4968.119999999999,0.3232913782213036,1.616456891106518,,0.11881560495154439,0.11893583849612287,148.25460370074396,741.2730185037198,67.00847469173968,74.03674636686945,1.1329814820932125,2.4312251528188145,2.6862273888199564,-0.2550022360011419,0.07863718991309858,514.83516895446,4046.2808310455403,0.0,0.0,514.83516895446,4621.68083104554,9243.36166209108,514.83516895446,0.2860195383080333,1029.67033790892,3089.0110137267598,5772.48083104554,11544.96166209108,34634.88498627324,6287.316,12574.632,37723.896,0.5239429999999999,0.9698741346639108,4.849370673319554,0.3232913782213036,499.32531398425516,499.32531398425516,0.0,998.6506279685103,998.6506279685103,0.0,1029.67033790892,0.0,1029.67033790892,3089.0110137267598,0.0,10459.199999999999,-0.09492950487455304,228.20367771039489
11,11,2025,1SB,1,SB,AM-Shoulder,1,OP,AM,3.0,70,12000,1.6,5.0,75,1800,1,4,0.05,0.01,7826.0,0.0,967.0,0.0,0.0,1.0,1.0,1.0,1.83,0.915,0.13729977116704806,0.13729977116704806,30,4.155,0.715,4695.599999999999,0.0,580.1999999999999,0.0,0.0,5275.799999999999,6436.199999999999,1.0,1.2,0.412576923076923,6436.199999999999,0.0,1.0,93.91199999999999,4371.6035999999995,0.0,551.1899999999999,0.0,0.0,5012.009999999999,0.3323878240144853,1.6619391200724265,,0.11815139749629257,0.11827626249113338,148.6074307144405,743.0371535722026,66.87416154316404,74.020986642269,0.7400807044378742,2.4317427822181,2.6916225317280236,-0.25987974950992365,0.08233286280512472,516.5110746398235,4085.1769253601765,0.0,0.0,516.5110746398235,4665.376925360177,4665.376925360177,516.5110746398235,0.28695059702212417,516.5110746398235,1549.5332239194704,5825.776925360176,5825.776925360176,17477.33077608053,6342.288,6342.288,19026.864,0.528524,0.9971634720434559,4.985817360217279,0.3323878240144853,515.045976536743,515.045976536743,0.0,515.045976536743,515.045976536743,0.0,516.5110746398235,0.0,516.5110746398235,1549.5332239194704,0.0,5275.799999999999,-0.09655133528068688,230.22112509894782
12,12,2025,1SB,1,SB,MD,5,OP,MD,3.0,70,12000,1.6,5.0,75,1800,1,4,0.05,0.01,5968.0,0.0,738.0,0.0,0.0,1.0,1.0,1.0,1.83,0.915,0.13729977116704806,0.13729977116704806,30,4.136,0.708,3580.7999999999997,0.0,442.8,0.0,0.0,4023.6,4909.2,1.0,1.2,0.31469230769230766,4909.2,0.0,1.0,71.616,3333.7247999999995,0.0,420.65999999999997,0.0,0.0,3822.4199999999996,0.17916591094211926,0.8958295547105963,,0.13726481623064743,0.13729512348467074,135.57102130094393,677.8551065047197,69.22189823091517,74.44373689330615,0.3693877590909745,2.417933428811864,2.6003331980227355,-0.18239976921087164,0.01979966921700265,457.6031220355518,3051.580877964448,0.0,0.0,457.6031220355518,3494.3808779644482,17471.90438982224,457.6031220355518,0.2542239566864177,2288.015610177759,6864.046830533276,4379.980877964448,21899.90438982224,65699.71316946672,4837.584,24187.92,72563.76,0.403132,0.5374977328263577,2.6874886641317888,0.17916591094211926,245.96064062837218,245.96064062837218,0.0,1229.8032031418609,1229.8032031418609,0.0,2288.015610177759,0.0,2288.015610177759,6864.046830533276,0.0,20118.0,-0.07014476812031874,176.80868846000308
13,13,2025,1SB,1,SB,PM-Shoulder,1,OP,PM,3.0,70,12000,1.6,5.0,75,1800,1,4,0.05,0.01,4858.0,0.0,600.0,0.0,0.0,1.0,1.0,1.0,1.83,0.915,0.13729977116704806,0.13729977116704806,30,4.135,0.592,2914.7999999999997,0.0,360.0,0.0,0.0,3274.7999999999997,3994.7999999999997,1.0,1.2,0.25607692307692304,3994.7999999999997,0.0,1.0,58.29599999999999,2713.6787999999997,0.0,342.0,0.0,0.0,3111.0599999999995,0.14108422043110996,0.7054211021555499,,0.1372971734319842,0.13729874398270422,119.3111450739274,596.5557253696371,69.72045750018499,74.75455252307397,0.29988401821695065,2.4078801079631993,2.581738652525658,-0.17385854456245875,0.007062405551504266,372.5804288422987,2483.923571157701,0.0,0.0,372.5804288422987,2843.923571157701,2843.923571157701,372.5804288422987,0.2069891271346104,372.5804288422987,1117.7412865268961,3563.923571157701,3563.923571157701,10691.770713473103,3936.504,3936.504,11809.511999999999,0.328042,0.4232526612933299,2.1162633064666494,0.14108422043110996,157.69565805331305,157.69565805331305,0.0,157.69565805331305,157.69565805331305,0.0,372.5804288422987,0.0,372.5804288422987,1117.7412865268961,0.0,3274.7999999999997,-0.06734165148450513,146.0679412766887
14,14,2025,1SB,1,SB,PM-Peak,3,Peak,PM,3.0,70,12000,1.6,5.0,75,1800,1,4,0.05,0.01,6246.0,0.0,772.0,0.0,0.0,1.0,1.0,1.0,1.83,0.915,0.13729977116704806,0.13729977116704806,30,4.135,0.592,3747.6,0.0,463.2,0.0,0.0,4210.8,5137.2,1.0,1.2,0.3293076923076923,5137.2,0.0,1.0,74.952,3489.0156,0.0,440.03999999999996,0.0,0.0,4000.2599999999998,0.16458369265303102,0.8229184632651552,,0.1372415287166237,0.13728580112067856,119.31927137990547,596.5963568995273,69.02636759153911,74.33399517866363,0.6040187089201232,2.4215031032216885,2.6076991486085883,-0.18619604538689982,0.02484534536831162,478.83783466014813,3193.8101653398517,0.0,0.0,478.83783466014813,3657.0101653398515,10971.030496019554,478.83783466014813,0.26602101925563787,1436.5135039804445,4309.5405119413335,4583.410165339852,13750.230496019556,41250.69148805867,5062.2480000000005,15186.744,45560.232,0.42185400000000006,0.49375107795909307,2.4687553897954655,0.16458369265303102,236.4266970310461,236.4266970310461,0.0,709.2800910931383,709.2800910931383,0.0,1436.5135039804445,0.0,1436.5135039804445,4309.5405119413335,0.0,12632.400000000001,-0.07140242596092804,159.10684147983474
15,15,2025,1SB,1,SB,PM-Late,3,OP,PM,3.0,70,12000,1.6,5.0,75,1800,1,4,0.05,0.01,4575.0,0.0,566.0,0.0,0.0,1.0,1.0,1.0,1.83,0.915,0.13729977116704806,0.13729977116704806,30,4.135,0.592,2745.0,0.0,339.59999999999997,0.0,0.0,3084.6,3763.8,1.0,1.2,0.2412692307692308,3763.8,0.0,1.0,54.9,2555.595,0.0,322.61999999999995,0.0,0.0,2930.37,0.13890829743705116,0.6945414871852558,,0.1372995898321658,0.13729966607343078,119.31103139587918,596.5551569793959,69.79219796074395,74.80679304678941,0.0,2.4061985906469134,2.5790848441432477,-0.17288625349633424,0.005244546809553249,350.88214527713376,2339.2178547228664,0.0,0.0,350.88214527713376,2678.8178547228663,8036.453564168599,350.88214527713376,0.1949345251539632,1052.6464358314013,3157.9393074942036,3358.017854722866,10074.053564168598,30222.160692505793,3708.8999999999996,11126.699999999999,33380.1,0.309075,0.4167248923111535,2.0836244615557673,0.13890829743705116,146.22132420452007,146.22132420452007,0.0,438.6639726135602,438.6639726135602,0.0,1052.6464358314013,0.0,1052.6464358314013,3157.9393074942036,0.0,9253.8,-0.06703395349281956,144.6239538020839
16,16,2025,2NB,2,NB,Night,8,OP,NT,2.2,70,12000,1.6,6.5,75,1800,1,4,0.05,0.01,3220.0,0.0,398.0,0.0,0.0,1.0,1.0,1.0,1.83,0.915,0.13729977116704806,0.13729977116704806,30,4.103,0.708,2259.5388969691676,0.0,279.2846214266238,0.0,0.0,2538.8235183957913,3097.392761249039,1.0,1.2,0.19855081802878455,3097.392761249039,0.0,1.0,45.19077793938335,2103.6307130782952,0.0,265.3203903552926,0.0,0.0,2411.8823424760017,0.14500085951486177,0.7250042975743088,,0.13729856694780612,0.13729886434348504,131.1688636924084,655.8443184620419,69.99109495583042,74.91117667320837,0.0,1.7620868588920346,1.885954207221673,-0.12386734832963842,0.00016434623256042133,288.82548229304143,1925.5226367367427,0.0,0.0,288.82548229304143,2204.8072581633664,17638.45806530693,288.82548229304143,0.1604586012739119,2310.6038583443315,5083.32848835753,2763.3765010166144,22107.012008132915,48635.42641789242,3052.2019833096556,24417.615866477245,53718.75490624995,0.2543501652758046,0.31900189093269593,1.5950094546634797,0.14500085951486177,92.1358750010281,92.1358750010281,0.0,737.0870000082248,737.0870000082248,0.0,2310.6038583443315,0.0,2310.6038583443315,5083.32848835753,0.0,20310.58814716633,-0.06567887377929277,154.5210559043024
17,17,2025,2NB,2,NB,AM-Early,1,OP,AM,2.2,70,12000,1.6,6.5,75,1800,1,4,0.05,0.01,3086.0,0.0,381.0,0.0,0.0,1.0,1.0,1.0,1.83,0.915,0.13729977116704806,0.13729977116704806,30,4.155,0.715,2260.239787470923,0.0,279.0509912593719,0.0,0.0,2539.290778730295,3097.392761249039,1.0,1.2,0.19855081802878455,3097.392761249039,0.0,1.0,45.204795749418466,2104.2832421354296,0.0,265.0984416964033,0.0,0.0,2412.32623979378,0.1539759949995912,0.7698799749979559,,0.13718094518508533,0.13718242547654874,139.2836366955853,696.4181834779264,69.99109170114764,74.91132946040608,0.0,1.7620832649855425,1.8859542949211578,-0.12387102993561538,0.00016440630670748032,288.66756409327405,1926.3674276282306,0.0,0.0,288.66756409327405,2205.4184188876025,2205.4184188876025,288.66756409327405,0.16037086894070782,288.66756409327405,635.068641005203,2763.5204014063465,2763.5204014063465,6079.744883093963,3052.1879654996205,3052.1879654996205,6714.813524099166,0.2543489971249684,0.33874718899910067,1.6937359449955032,0.1539759949995912,97.78532589181431,97.78532589181431,0.0,97.78532589181431,97.78532589181431,0.0,288.66756409327405,0.0,288.66756409327405,635.068641005203,0.0,2539.290778730295,-0.06568082284347924,164.08058728913696
18,18,2025,2NB,2,NB,AM-Peak,2,Peak,AM,2.2,70,12000,1.6,6.5,75,1800,1,4,0.05,0.01,6362.0,0.0,786.0,0.0,0.0,1.0,1.0,1.0,1.83,0.915,0.13729977116704806,0.13729977116704806,30,4.155,0.715,4342.662561925368,0.0,536.5188264183181,0.0,0.0,4879.181388343686,5952.219041180322,1.0,1.2,0.38155250263976426,5952.219041180322,0.0,1.0,86.85325123850737,4043.0188451525178,0.0,509.69288509740215,0.0,0.0,4635.222318926501,0.1819701055557596,0.909850527778798,,0.12015969841681158,0.12020588545058684,147.58142525447735,737.9071262723868,69.33098761038352,74.23943627261198,0.7556403892964569,1.778030742519212,1.9039105679814479,-0.12587982546223597,0.012464453353006126,485.80792512701237,3770.0013855598486,0.0,0.0,485.80792512701237,4306.520211978167,8613.040423956334,485.80792512701237,0.2698932917372291,971.6158502540247,2137.5548705588544,5379.557864814803,10759.115729629606,23670.054605185134,5865.365789941816,11730.731579883632,25807.60947574399,0.4887804824951513,0.40033423222267117,2.001671161113356,0.1819701055557596,194.4855427134114,194.4855427134114,0.0,388.9710854268228,388.9710854268228,0.0,971.6158502540247,0.0,971.6158502540247,2137.5548705588544,0.0,9758.362776687372,-0.06611645923878426,190.81734380515405
19,19,2025,2NB,2,NB,AM-Shoulder,1,OP,AM,2.2,70,12000,1.6,6.5,75,1800,1,4,0.05,0.01,7274.0,0.0,899.0,0.0,0.0,1.0,1.0,1.0,1.83,0.915,0.13729977116704806,0.13729977116704806,30,4.155,0.715,5076.077344570906,0.0,627.3568233116915,0.0,0.0,5703.434167882597,6958.14781450598,1.0,1.2,0.4460351163144859,6958.14781450598,0.0,1.0,101.52154689141811,4725.828007795512,0.0,595.9889821461069,0.0,0.0,5418.262459488466,0.27331322359617527,1.3665661179808763,,0.10442542767538301,0.10450891489271312,156.5277880357937,782.6389401789685,68.04659883874598,74.11501269107231,0.7327066224132881,1.7810156836942748,1.9398471378827935,-0.15883145418851874,0.037081003735427887,493.49661083434967,4481.059186845137,0.0,0.0,493.49661083434967,5108.416010156829,5108.416010156829,493.49661083434967,0.27416478379686093,493.49661083434967,1085.6925438355693,6363.129656780212,6363.129656780212,13998.885244916468,6856.626267614562,6856.626267614562,15084.577788752038,0.5713855223012134,0.6012890919115856,3.0064454595579284,0.27331322359617527,296.7341289900313,296.7341289900313,0.0,296.7341289900313,296.7341289900313,0.0,493.49661083434967,0.0,493.49661083434967,1085.6925438355693,0.0,5703.434167882597,-0.08187833519803632,227.14232328235536
20,20,2025,2NB,2,NB,MD,5,OP,MD,2.2,70,12000,1.6,6.5,75,1800,1,4,0.05,0.01,7621.0,0.0,942.0,0.0,0.0,1.0,1.0,1.0,1.83,0.915,0.13729977116704806,0.13729977116704806,30,4.136,0.708,6776.985175788123,0.0,837.6748504910657,0.0,0.0,7614.660026279189,9290.00972726132,1.0,1.2,0.5955134440552128,9290.00972726132,0.0,1.0,135.53970351576248,6309.373198658743,0.0,795.7911079665124,0.0,0.0,7233.927024965229,0.914999134483196,4.57499567241598,,0.10187048091850705,0.10228131748446764,153.5783244182972,767.8916220914859,58.814829074771964,72.46725135086399,1.0145657695075947,1.8215124423706492,2.2443319495528398,-0.4228195071821905,0.24565309972940969,642.7388820417052,5998.706590230656,0.0,0.0,642.7388820417052,6836.381440721721,34181.90720360861,642.7388820417052,0.35707715668983625,3213.6944102085263,7070.127702458758,8511.731141703853,42558.65570851926,93629.04255874238,9154.470023745558,45772.35011872779,100699.17026120114,0.7628725019787965,2.0129980958630314,10.064990479315156,0.9149991344831959,1293.832145687086,1293.832145687086,0.0,6469.16072843543,6469.16072843543,0.0,3213.6944102085263,0.0,3213.6944102085263,7070.127702458758,0.0,38073.30013139595,-0.18839437154848374,285.6535322996309
21,21,2025,2NB,2,NB,PM-Shoulder,1,OP,PM,2.2,70,12000,1.6,6.5,75,1800,1,4,0.05,0.01,8273.0,0.0,1022.0,0.0,0.0,1.0,1.0,1.0,1.83,0.915,0.13729977116704806,0.13729977116704806,30,4.135,0.592,8984.71641866198,0.0,1109.921452903728,0.0,0.0,10094.637871565708,12314.480777373163,1.0,1.2,0.7893897934213566,12314.480777373163,0.0,1.0,179.69432837323959,8364.770985774303,0.0,1054.4253802585417,0.0,0.0,9589.905977987422,0.49807255386432275,2.4903627693216137,,0.13729977116704806,0.13729977116704806,20.050859422446845,100.25429711223423,34.96871704305881,57.85088211000131,0.6780389727259849,2.281728388324432,3.774802485245927,-1.4930740969214953,1.2940254166791747,1148.4811422115747,7656.540948077165,0.0,0.0,1148.4811422115747,8766.462400980894,8766.462400980894,1148.4811422115747,0.6380450790064304,1148.4811422115747,2526.6585128654647,10986.305306788348,10986.305306788348,24169.87167493437,12134.786448999923,12134.786448999923,26696.530187799835,1.0112322040833268,1.0957596185015102,5.47879809250755,0.49807255386432275,1258.4592582459338,1258.4592582459338,0.0,1258.4592582459338,1258.4592582459338,0.0,1148.4811422115747,0.0,1148.4811422115747,2526.6585128654647,0.0,10094.637871565708,-0.39553701226945703,44.033700166420786
22,22,2025,2NB,2,NB,PM-Peak,3,Peak,PM,2.2,70,12000,1.6,6.5,75,1800,1,4,0.05,0.01,7207.0,0.0,891.0,0.0,0.0,1.0,1.0,1.0,1.83,0.915,0.13729977116704806,0.13729977116704806,30,4.135,0.592,8648.4,0.0,1069.2,0.0,0.0,9717.6,11856.0,1.0,1.2,0.76,11856.0,0.0,1.0,172.968,8051.660399999999,0.0,1015.74,0.0,0.0,9231.72,0.9149999917087449,4.574999958543724,,0.1372997705178624,0.13729976194588628,47.4068456596293,237.03422829814645,39.260914695601805,59.785624265322234,1.020913685033843,2.20788862911589,3.3621223810862273,-1.1542337519703372,1.0113395453297804,1105.49112520776,7369.94087479224,0.0,0.0,1105.49112520776,8439.14087479224,25317.42262437672,1105.49112520776,0.6141617362265334,3316.47337562328,7296.241426371216,10577.540874792241,31732.622624376723,69811.7697736288,11683.032000000001,35049.096000000005,77108.01120000001,0.9735860000000001,2.012999981759239,10.064999908796194,0.9149999917087449,2225.3536148782214,2225.3536148782214,0.0,6676.060844634664,6676.060844634664,0.0,3316.47337562328,0.0,3316.47337562328,7296.241426371216,0.0,29152.800000000003,-0.34330509753705923,104.64084826784573
23,23,2025,2NB,2,NB,PM-Late,3,OP,PM,2.2,70,12000,1.6,6.5,75,1800,1,4,0.05,0.01,7436.0,0.0,919.0,0.0,0.0,1.0,1.0,1.0,1.83,0.915,0.13729977116704806,0.13729977116704806,30,4.135,0.592,7463.4774716943,0.0,922.3958844119232,0.0,0.0,8385.873356106224,10230.66512493007,1.0,1.2,0.6558118669826968,10230.66512493007,0.0,1.0,149.269549433886,6948.497526147393,0.0,876.2760901913271,0.0,0.0,7966.579688300912,0.9149992492795945,4.574996246397973,,0.1349776039913399,0.13555177873810142,119.88231669851035,599.4115834925517,53.69500755403148,66.19175316979452,0.5998763266684277,1.9942061311081265,2.458329107546411,-0.4641229764382844,0.39224115295500583,937.8915474191277,6376.316374841286,0.0,0.0,937.8915474191277,7298.71225925321,21896.136777759628,937.8915474191277,0.5210508596772931,2813.6746422573833,6190.084212966244,9143.504028077055,27430.512084231166,60347.12658530857,10081.395575496183,30244.18672648855,66537.21079827481,0.8401162979580152,2.012998348415108,10.064991742075541,0.9149992492795945,1887.974135947194,1887.974135947194,0.0,5663.922407841583,5663.922407841583,0.0,2813.6746422573833,0.0,2813.6746422573833,6190.084212966244,0.0,25157.62006831867,-0.18879611155949436,260.2325397285452
24,24,2025,2SB,2,SB,Night,8,OP,NT,2.2,70,12000,1.6,5.0,75,1800,1,4,0.05,0.01,2585.0,0.0,319.0,0.0,0.0,1.0,1.0,1.0,1.83,0.915,0.13729977116704806,0.13729977116704806,30,4.103,0.708,1551.0,0.0,191.4,0.0,0.0,1742.4,2125.2,1.0,1.2,0.1362307692307692,2125.2,0.0,1.0,31.02,1443.981,0.0,181.82999999999998,0.0,0.0,1655.28,0.14706475508348768,0.7353237754174384,,0.1372927139974103,0.13729431260836233,131.17226426156356,655.8613213078178,69.98804383193564,74.98026526696462,0.0,1.7604632302915788,1.8860364252639423,-0.12557319497236352,0.000220665591514731,198.24807045069454,1321.7319295493055,0.0,0.0,198.24807045069454,1513.1319295493056,12105.055436394445,198.24807045069454,0.11013781691705252,1585.9845636055563,3489.166039932224,1895.9319295493056,15167.455436394444,33368.40196006778,2094.1800000000003,16753.440000000002,36857.568,0.17451500000000003,0.3235424611836729,1.6177123059183647,0.14706475508348768,64.1416686385319,64.1416686385319,0.0,513.1333491082552,513.1333491082552,0.0,1585.9845636055563,0.0,1585.9845636055563,3489.166039932224,0.0,13939.2,-0.06658047177153013,154.59149283645078
25,25,2025,2SB,2,SB,AM-Early,1,OP,AM,2.2,70,12000,1.6,5.0,75,1800,1,4,0.05,0.01,6971.0,0.0,862.0,0.0,0.0,1.0,1.0,1.0,1.83,0.915,0.13729977116704806,0.13729977116704806,30,4.155,0.715,6013.797878374802,0.0,743.637035024972,0.0,0.0,6757.434913399774,8244.708983449718,1.0,1.2,0.5285069861185717,8244.708983449718,0.0,1.0,120.27595756749605,5598.8458247669405,0.0,706.4551832737234,0.0,0.0,6419.563167729785,0.8484295746671958,4.242147873335979,,0.10695659469725555,0.1072620882231201,154.8524646412954,774.2623232064769,59.930701340111824,73.13694047513906,0.836531683778051,1.8048334964855395,2.2025438889975404,-0.3977103925120009,0.21702827824902943,598.8334836520191,5294.688437155287,0.0,0.0,598.8334836520191,6038.325472180259,6038.325472180259,598.8334836520191,0.3326852686955662,598.8334836520191,1317.4336640344422,7525.599542230203,7525.599542230203,16556.318992906447,8124.433025882222,8124.433025882222,17873.752656940887,0.6770360854901851,1.866545064267831,9.332725321339154,0.8484295746671958,1117.7496832289871,1117.7496832289871,0.0,1117.7496832289871,1117.7496832289871,0.0,598.8334836520191,0.0,598.8334836520191,1317.4336640344422,0.0,6757.434913399774,-0.18056865722344978,281.5936067164513
26,26,2025,2SB,2,SB,AM-Peak,2,Peak,AM,2.2,70,12000,1.6,5.0,75,1800,1,4,0.05,0.01,9309.0,0.0,1150.0,0.0,0.0,1.0,1.0,1.0,1.83,0.915,0.13729977116704806,0.13729977116704806,30,4.155,0.715,7630.987335410945,0.0,942.7044189196032,0.0,0.0,8573.691754330548,10459.100592169754,1.0,1.2,0.6704551661647279,10459.100592169754,0.0,1.0,152.6197467082189,7104.449209267589,0.0,895.569197973623,0.0,0.0,8145.00716661402,0.914999999867616,4.57499999933808,,0.13729976720095333,0.13729976515083533,72.21700859730795,361.0850429865397,46.87665859220775,64.97701765306988,0.8998312773245026,2.031487513089385,2.8159003641514286,-0.7844128510620436,0.6371774637294432,975.4392225234369,6502.928366179289,0.0,0.0,975.4392225234369,7445.632785098892,14891.265570197784,975.4392225234369,0.5419106791796872,1950.8784450468738,4291.932579103122,9331.041622938099,18662.083245876198,41056.583140927636,10306.480845461536,20612.96169092307,45348.51572003076,0.8588734037884613,2.0129999997087555,10.064999998543776,0.9149999998676159,1963.5591546555872,1963.5591546555872,0.0,3927.1183093111745,3927.1183093111745,0.0,1950.8784450468738,0.0,1950.8784450468738,4291.932579103122,0.0,17147.383508661096,-0.27856555617102824,153.97503982628166
27,27,2025,2SB,2,SB,AM-Shoulder,1,OP,AM,2.2,70,12000,1.6,5.0,75,1800,1,4,0.05,0.01,8274.0,0.0,1023.0,0.0,0.0,1.0,1.0,1.0,1.83,0.915,0.13729977116704806,0.13729977116704806,30,4.155,0.715,7277.959165559638,0.0,899.8491934212605,0.0,0.0,8177.808358980898,9977.506745823419,1.0,1.2,0.6395837657579114,9977.506745823419,0.0,1.0,145.55918331119275,6775.779983136023,0.0,854.8567337501973,0.0,0.0,7768.917941031853,0.9149999739340055,4.574999869670028,,0.13729976832808893,0.1372997428822192,90.09636052063041,450.4818026031521,50.36886641800644,66.51117897707394,0.5499156243223184,1.984628780155885,2.6206664828337516,-0.6360377026778665,0.5034422550268343,930.3130219266783,6202.086960321766,0.0,0.0,930.3130219266783,7101.936153743027,7101.936153743027,930.3130219266783,0.5168405677370435,930.3130219266783,2046.6886482386924,8901.634540585546,8901.634540585546,19583.595989288202,9831.947562512225,9831.947562512225,21630.284637526893,0.8193289635426854,2.012999942654812,10.064999713274062,0.9149999739340055,1872.7200597894284,1872.7200597894284,0.0,1872.7200597894284,1872.7200597894284,0.0,930.3130219266783,0.0,930.3130219266783,2046.6886482386924,0.0,8177.808358980898,-0.24270074305300876,189.89439784902194
28,28,2025,2SB,2,SB,MD,5,OP,MD,2.2,70,12000,1.6,5.0,75,1800,1,4,0.05,0.01,7694.0,0.0,951.0,0.0,0.0,1.0,1.0,1.0,1.83,0.915,0.13729977116704806,0.13729977116704806,30,4.136,0.708,6407.0337610024735,0.0,791.9273598535681,0.0,0.0,7198.961120856042,8782.815840563177,1.0,1.2,0.5630010154207165,8782.815840563177,0.0,1.0,128.14067522004947,5964.948431493302,0.0,752.3309918608896,0.0,0.0,6839.013064813239,0.9149995756568199,4.574997878284099,,0.12308329126650429,0.12348633311657815,141.9784857377349,709.8924286886746,57.50989147761931,71.24712934672601,0.6746048572340664,1.85270622424124,2.295257330669272,-0.44255110642803186,0.2805369857941655,734.185485183168,5544.707600599257,0.0,0.0,734.185485183168,6336.634960452825,31683.174802264126,734.185485183168,0.40788082510176,3670.92742591584,8076.040337014849,7920.489680159961,39602.4484007998,87125.38648175957,8654.67516534313,43273.375826715645,95201.42681877443,0.7212229304452608,2.012999066445004,10.064995332225019,0.9149995756568199,1477.9146962711895,1477.9146962711895,0.0,7389.5734813559475,7389.5734813559475,0.0,3670.92742591584,0.0,3670.92742591584,8076.040337014849,0.0,35994.805604280205,-0.19281110684830655,272.9175054188721
29,29,2025,2SB,2,SB,PM-Shoulder,1,OP,PM,2.2,70,12000,1.6,5.0,75,1800,1,4,0.05,0.01,5126.0,0.0,634.0,0.0,0.0,1.0,1.0,1.0,1.83,0.915,0.13729977116704806,0.13729977116704806,30,4.135,0.592,5242.508701253914,0.0,648.4101671078778,0.0,0.0,5890.918868361792,7187.739202577548,1.0,1.2,0.46075251298574027,7187.739202577548,0.0,1.0,104.85017402507829,4880.775600867394,0.0,615.9896587524838,0.0,0.0,5596.372924943702,0.3963432101588692,1.981716050794346,,0.11630798067833892,0.11644584801121206,126.62402023103975,633.1201011551987,64.70953727584835,73.56642944518686,0.6267293099240057,1.794296678464612,2.039884776757113,-0.24558809829250117,0.10560678636433687,567.6731542809929,4569.985372947843,0.0,0.0,567.6731542809929,5218.395540055721,5218.395540055721,567.6731542809929,0.3153739746005516,567.6731542809929,1248.8809394181844,6515.215874271476,6515.215874271476,14333.474923397249,7082.889028552469,7082.889028552469,15582.355862815433,0.5902407523793725,0.8719550623495123,4.359775311747562,0.3963432101588692,494.9854806352274,494.9854806352274,0.0,494.9854806352274,494.9854806352274,0.0,567.6731542809929,0.0,567.6731542809929,1248.8809394181844,0.0,5890.918868361792,-0.12039312273457055,213.02866101703188
30,30,2025,2SB,2,SB,PM-Peak,3,Peak,PM,2.2,70,12000,1.6,5.0,75,1800,1,4,0.05,0.01,7001.0,0.0,865.0,0.0,0.0,1.0,1.0,1.0,1.83,0.915,0.13729977116704806,0.13729977116704806,30,4.135,0.592,4200.599999999999,0.0,519.0,0.0,0.0,4719.599999999999,5757.599999999999,1.0,1.2,0.369076923076923,5757.599999999999,0.0,1.0,84.01199999999999,3910.7585999999997,0.0,493.04999999999995,0.0,0.0,4483.619999999999,0.19808606036409332,0.9904303018204665,,0.1328330968300064,0.13288709062861223,120.760028446752,603.80014223376,68.26892925369654,74.0641657546774,0.5568080767288498,1.7822383963281696,1.9335296663211197,-0.15129126999295006,0.03275353571568133,519.4781757925803,3597.109824207419,0.0,0.0,519.4781757925803,4116.109824207419,12348.329472622256,519.4781757925803,0.28859898655143346,1558.4345273777408,3428.55596023103,5154.109824207419,15462.329472622256,34017.12483976896,5673.587999999999,17020.763999999996,37445.680799999995,0.4727989999999999,0.43578933280100535,2.1789466640050263,0.19808606036409332,226.38304763333193,226.38304763333193,0.0,679.1491428999958,679.1491428999958,0.0,1558.4345273777408,0.0,1558.4345273777408,3428.55596023103,0.0,14158.8,-0.07824615915038341,172.82794948630377
31,31,2025,2SB,2,SB,PM-Late,3,OP,PM,2.2,70,12000,1.6,5.0,75,1800,1,4,0.05,0.01,6368.0,0.0,787.0,0.0,0.0,1.0,1.0,1.0,1.83,0.915,0.13729977116704806,0.13729977116704806,30,4.135,0.592,3820.7999999999997,0.0,472.2,0.0,0.0,4293.0,5237.4,1.0,1.2,0.3357307692307692,5237.4,0.0,1.0,76.416,3557.1647999999996,0.0,448.59,0.0,0.0,4078.35,0.1680423157167712,0.840211578583856,,0.13726944471812627,0.1372990070333393,119.3147201797369,596.5736008986844,68.92927342728656,74.28042825716378,0.2887582282016286,1.7770495283496108,1.9150064034730716,-0.13795687512346078,0.020065100664768454,488.2900368668646,3256.093963133135,0.0,0.0,488.2900368668646,3728.2939631331346,11184.881889399403,488.2900368668646,0.27127224270381367,1464.8701106005938,3222.7142433213066,4672.693963133135,14018.081889399406,30839.780156678695,5160.9839999999995,15482.952,34062.4944,0.43008199999999996,0.36969309457689664,1.8484654728844834,0.1680423157167712,180.51745478037813,180.51745478037813,0.0,541.5523643411344,541.5523643411344,0.0,1464.8701106005938,0.0,1464.8701106005938,3222.7142433213066,0.0,12879.0,-0.07203990277696254,160.78637367483853
32,32,2025,3NB,3,NB,Night,8,OP,NT,3.4,70,12000,1.6,6.5,75,1800,1,4,0.05,0.01,3349.0,0.0,414.0,0.0,0.0,1.0,1.0,1.0,1.83,0.915,0.13729977116704806,0.13729977116704806,30,4.103,0.708,2259.457276720329,0.0,279.3118281762366,0.0,0.0,2538.7691048965658,3097.392761249039,1.0,1.2,0.19855081802878455,3097.392761249039,0.0,1.0,45.18914553440658,2103.554724626626,0.0,265.3462367674247,0.0,0.0,2411.8306496517375,0.14499991051369757,0.7249995525684878,,0.13729679293824848,0.13729653881762033,131.16757372918815,655.8378686459407,69.99109466393533,74.91119345565153,0.0,2.7232245354730713,2.914656514225318,-0.1914319787522465,0.00025399795862868555,288.81131746133616,1925.4568137245863,0.0,0.0,288.81131746133616,2204.768641900823,17638.149135206582,288.81131746133616,0.16045073192296452,2310.4905396906893,7855.667834948344,2763.392298253296,22107.138386026367,75164.27051248965,3052.203615714632,24417.628925717057,83019.93834743799,0.25435030130955266,0.4929996957465717,2.4649984787328583,0.14499991051369757,142.38389163660526,142.38389163660526,0.0,1139.071133092842,1139.071133092842,0.0,2310.4905396906893,0.0,2310.4905396906893,7855.667834948344,0.0,20310.152839172526,-0.06567908699290657,154.5195423335046
33,33,2025,3NB,3,NB,AM-Early,1,OP,AM,3.4,70,12000,1.6,6.5,75,1800,1,4,0.05,0.01,3209.0,0.0,397.0,0.0,0.0,1.0,1.0,1.0,1.83,0.915,0.13729977116704806,0.13729977116704806,30,4.155,0.715,2258.9848570109466,0.0,279.46930141269735,0.0,0.0,2538.454158423644,3097.392761249039,1.0,1.2,0.19855081802878455,3097.392761249039,0.0,1.0,45.179697140218934,2103.114901877191,0.0,265.4958363420625,0.0,0.0,2411.5314505024617,0.1539137305249292,0.769568652624646,,0.13729647965290626,0.13729709872926402,139.22901478264242,696.1450739132121,69.99109340588403,74.91126831662953,0.0,2.7232218140767226,2.9146565666146613,-0.19143475253793873,0.00025403384532867563,288.7502723333057,1925.054887537422,0.0,0.0,288.7502723333057,2204.5241889501194,2204.5241889501194,288.7502723333057,0.1604168179629476,288.7502723333057,981.7509259332394,2763.4627917755142,2763.4627917755142,9395.773492036747,3052.2130641088197,3052.2130641088197,10377.524417969988,0.25435108867573497,0.5233066837847593,2.6165334189237965,0.1539137305249292,151.10494745668834,151.10494745668834,0.0,151.10494745668834,151.10494745668834,0.0,288.7502723333057,0.0,288.7502723333057,981.7509259332394,0.0,2538.454158423644,-0.0656800374804665,164.01620192165993
34,34,2025,3NB,3,NB,AM-Peak,2,Peak,AM,3.4,70,12000,1.6,6.5,75,1800,1,4,0.05,0.01,6617.0,0.0,818.0,0.0,0.0,1.0,1.0,1.0,1.83,0.915,0.13729977116704806,0.13729977116704806,30,4.155,0.715,3970.2,0.0,490.79999999999995,0.0,0.0,4461.0,5442.599999999999,1.0,1.2,0.34888461538461535,5442.599999999999,0.0,1.0,79.404,3696.2562,0.0,466.25999999999993,0.0,0.0,4237.95,0.15757791462778595,0.7878895731389297,,0.13171486720602238,0.1317701915696782,141.79955914402274,708.9977957201136,69.64474500785865,74.27257304023344,0.8363354060264884,2.746639730516583,2.9291513663662756,-0.18251163584969277,0.01018297167518452,486.85189454243687,3403.944105457563,0.0,0.0,486.85189454243687,3894.744105457563,7789.488210915126,486.85189454243687,0.27047327474579824,973.7037890848737,3310.592882888571,4876.344105457563,9752.688210915127,33159.13991711143,5363.196,10726.392,36469.732800000005,0.44693299999999997,0.5357649097344722,2.678824548672361,0.15757791462778595,260.83816133358545,260.83816133358545,0.0,521.6763226671709,521.6763226671709,0.0,973.7037890848737,0.0,973.7037890848737,3310.592882888571,0.0,8922.0,-0.06230870754764218,176.13065837918433
35,35,2025,3NB,3,NB,AM-Shoulder,1,OP,AM,3.4,70,12000,1.6,6.5,75,1800,1,4,0.05,0.01,7565.0,0.0,935.0,0.0,0.0,1.0,1.0,1.0,1.83,0.915,0.13729977116704806,0.13729977116704806,30,4.155,0.715,4539.0,0.0,561.0,0.0,0.0,5100.0,6222.0,1.0,1.2,0.39884615384615385,6222.0,0.0,1.0,90.78,4225.809,0.0,532.9499999999999,0.0,0.0,4845.0,0.19962960846371006,0.9981480423185503,,0.1150872334719596,0.11516986722739952,150.29967716865124,751.4983858432563,69.08873879127533,74.21573927822351,0.8559925618360437,2.7487430831246598,2.952724330607719,-0.20398124748305912,0.026330452180573352,486.3366669909081,3961.8833330090915,0.0,0.0,486.3366669909081,4522.883333009091,4522.883333009091,486.3366669909081,0.2701870372171712,486.3366669909081,1653.5446677690875,5644.883333009091,5644.883333009091,19192.60333223091,6131.219999999999,6131.219999999999,20846.147999999997,0.5109349999999999,0.6787406687766142,3.393703343883071,0.19962960846371006,330.0964746039985,330.0964746039985,0.0,330.0964746039985,330.0964746039985,0.0,486.3366669909081,0.0,486.3366669909081,1653.5446677690875,0.0,5100.0,-0.06908238787095863,199.6479609233641
36,36,2025,3NB,3,NB,MD,5,OP,MD,3.4,70,12000,1.6,6.5,75,1800,1,4,0.05,0.01,7925.0,0.0,980.0,0.0,0.0,1.0,1.0,1.0,1.83,0.915,0.13729977116704806,0.13729977116704806,30,4.136,0.708,6421.98024983041,0.0,794.1376207992179,0.0,0.0,7216.117870629628,8804.393112228063,1.0,1.2,0.5643841738607732,8804.393112228063,0.0,1.0,128.4396049966082,5978.863612592111,0.0,754.430739759257,0.0,0.0,6855.311977098146,0.7512505006799942,3.756252503399971,,0.09372865637937701,0.09418905381150411,158.74477284505235,793.7238642252618,61.43451461417612,73.42527426349054,1.6554823063912538,2.7783348723756216,3.3206089651911506,-0.542274092815529,0.2783314268702241,560.3908530838066,5733.1497917499955,0.0,0.0,560.3908530838066,6527.2874125492135,32636.437062746067,560.3908530838066,0.3113282517132259,2801.954265419033,9526.644502424713,8115.562654147649,40577.81327073825,137964.56512051003,8675.953507231456,43379.76753615728,147491.20962293475,0.7229961256026213,2.5542517023119804,12.771258511559902,0.7512505006799942,1431.379290449376,1431.379290449376,0.0,7156.89645224688,7156.89645224688,0.0,2801.954265419033,0.0,2801.954265419033,9526.644502424713,0.0,36080.58935314814,-0.16330561607825841,282.61557055585394
37,37,2025,3NB,3,NB,PM-Shoulder,1,OP,PM,3.4,70,12000,1.6,6.5,75,1800,1,4,0.05,0.01,8604.0,0.0,1063.0,0.0,0.0,1.0,1.0,1.0,1.83,0.915,0.13729977116704806,0.13729977116704806,30,4.135,0.592,8341.204328434646,0.0,1030.532333929106,0.0,0.0,9371.736662363752,11432.801330221962,1.0,1.2,0.7328718801424335,11432.801330221962,0.0,1.0,166.8240865686929,7765.661229772654,0.0,979.0057172326507,0.0,0.0,8903.149829245564,0.9149999929974791,4.574999964987396,,0.1372997695517351,0.13729975802215397,60.3126426919661,301.5632134598305,43.26010736484669,61.46502677852761,0.972971475355506,3.3189605649251264,4.715660973272828,-1.396700408347702,1.2339420524061733,1066.2234972646293,7108.156744601323,0.0,0.0,1066.2234972646293,8138.6890785304295,8138.6890785304295,1066.2234972646293,0.5923463873692385,1066.2234972646293,3625.159890699739,10199.75374638864,10199.75374638864,34679.16273772137,11265.97724365327,11265.97724365327,38304.32262842111,0.9388314369711058,3.110999976191429,15.554999880957146,0.9149999929974791,3317.021274605004,3317.021274605004,0.0,3317.021274605004,3317.021274605004,0.0,1066.2234972646293,0.0,1066.2234972646293,3625.159890699739,0.0,9371.736662363752,-0.29618338049826864,133.643548362891
38,38,2025,3NB,3,NB,PM-Peak,3,Peak,PM,3.4,70,12000,1.6,6.5,75,1800,1,4,0.05,0.01,7495.0,0.0,926.0,0.0,0.0,1.0,1.0,1.0,1.83,0.915,0.13729977116704806,0.13729977116704806,30,4.135,0.592,8650.057730999113,0.0,1068.7062653642665,0.0,0.0,9718.76399636338,11856.176527091913,1.0,1.2,0.7600113158392252,11856.176527091913,0.0,1.0,173.00115461998226,8053.203747560174,0.0,1015.2709520960532,0.0,0.0,9232.82579654521,0.914999993021319,4.574999965106595,,0.13729977051081438,0.13729976194072877,47.415531802593016,237.07765901296506,39.261283438281424,59.77632421865339,1.5765934303042808,3.412722389115073,5.195958515230078,-1.7832361261150051,1.5629458686468891,1105.7030264168422,7371.3535499622885,0.0,0.0,1105.7030264168422,8440.059815326555,25320.179445979666,1105.7030264168422,0.6142794591204679,3317.1090792505265,11278.17086945179,10577.472346055089,31732.417038165266,107890.2179297619,11683.175372471931,35049.52611741579,119168.38879921369,0.9735979477059943,3.1109999762724843,15.554999881362422,0.914999993021319,3439.8420889472104,3439.8420889472104,0.0,10319.52626684163,10319.52626684163,0.0,3317.1090792505265,0.0,3317.1090792505265,11278.17086945179,0.0,29156.29198909014,-0.34319675972933417,104.67486377309457
39,39,2025,3NB,3,NB,PM-Late,3,OP,PM,3.4,70,12000,1.6,6.5,75,1800,1,4,0.05,0.01,7734.0,0.0,956.0,0.0,0.0,1.0,1.0,1.0,1.83,0.915,0.13729977116704806,0.13729977116704806,30,4.135,0.592,6774.237453435951,0.0,837.3637193541206,0.0,0.0,7611.601172790071,9286.328611498313,1.0,1.2,0.5952774750960457,9286.328611498313,0.0,1.0,135.48474906871903,6306.81506914887,0.0,795.4955333864145,0.0,0.0,7231.021114150568,0.8260584394224862,4.130292197112431,,0.09719036471406266,0.09777906273475366,134.45531605262627,672.2765802631315,58.629528554648026,72.82318034643714,1.6699549929951294,2.8013058346191917,3.4794753604381032,-0.6781695258189115,0.3871549076143865,612.9616567547249,6025.791047612507,0.0,0.0,612.9616567547249,6863.154766966628,20589.464300899883,612.9616567547249,0.34053425375262497,1838.8849702641746,6252.208898898193,8537.882205674869,25613.646617024606,87086.39849788365,9150.843862429594,27452.53158728878,93338.60739678185,0.7625703218691329,2.808598694036453,14.042993470182266,0.8260584394224862,1721.5633086557411,1721.5633086557411,0.0,5164.689925967224,5164.689925967224,0.0,1838.8849702641746,0.0,1838.8849702641746,6252.208898898193,0.0,22834.803518370216,-0.19490568421025484,248.48642592528583
40,40,2025,3SB,3,SB,Night,8,OP,NT,3.4,70,12000,1.6,5.0,75,1800,1,4,0.05,0.01,2688.0,0.0,332.0,0.0,0.0,1.0,1.0,1.0,1.83,0.915,0.13729977116704806,0.13729977116704806,30,4.103,0.708,1612.8,0.0,199.2,0.0,0.0,1812.0,2210.3999999999996,1.0,1.2,0.14169230769230767,2210.3999999999996,0.0,1.0,32.256,1501.5167999999999,0.0,189.23999999999998,0.0,0.0,1721.3999999999999,0.14710652777277528,0.7355326388638763,,0.13729875253900126,0.13729899303838905,131.16832604572707,655.8416302286354,69.98544627937402,74.97692440862957,0.0,2.7208371323446863,2.9148917502884095,-0.19405461794372325,0.00041513466184634205,206.15638355635303,1374.3876164436467,0.0,0.0,206.15638355635303,1573.5876164436468,12588.700931549174,206.15638355635303,0.1145313241979739,1649.2510684508243,5607.453632732802,1971.9876164436466,15775.900931549173,53638.06316726719,2178.144,17425.152,59245.51679999999,0.18151199999999998,0.5001621944274359,2.5008109721371796,0.14710652777277528,103.1116291947697,103.1116291947697,0.0,824.8930335581576,824.8930335581576,0.0,1649.2510684508243,0.0,1649.2510684508243,5607.453632732802,0.0,14496.0,-0.06657352470276909,154.6458001548261
41,41,2025,3SB,3,SB,AM-Early,1,OP,AM,3.4,70,12000,1.6,5.0,75,1800,1,4,0.05,0.01,7250.0,0.0,896.0,0.0,0.0,1.0,1.0,1.0,1.83,0.915,0.13729977116704806,0.13729977116704806,30,4.155,0.715,6732.042089488811,0.0,831.9875465078586,0.0,0.0,7564.02963599667,9228.004729012388,1.0,1.2,0.5915387646802812,9228.004729012388,0.0,1.0,134.64084178977623,6267.531185314083,0.0,790.3881691824656,0.0,0.0,7185.828154196835,0.9149997434246718,4.574998717123359,,0.13729973683198296,0.13729958368882478,128.44020313593694,642.2010156796847,55.39088243122167,68.59129581326881,0.7856264487122562,2.974138301095293,3.6829165928761807,-0.7087782917808876,0.5265121518344694,860.5303823298698,5736.870865369165,0.0,0.0,860.5303823298698,6568.858411877023,6568.858411877023,860.5303823298698,0.47807243462770543,860.5303823298698,2925.803299921557,8232.83350489274,8232.83350489274,27991.633916635317,9093.36388722261,9093.36388722261,30917.437216556875,0.7577803239352174,3.110999127643884,15.55499563821942,0.9149997434246718,2677.109268739283,2677.109268739283,0.0,2677.109268739283,2677.109268739283,0.0,860.5303823298698,0.0,860.5303823298698,2925.803299921557,0.0,7564.02963599667,-0.19245026975410426,263.35449296793263
42,42,2025,3SB,3,SB,AM-Peak,2,Peak,AM,3.4,70,12000,1.6,5.0,75,1800,1,4,0.05,0.01,9681.0,0.0,1197.0,0.0,0.0,1.0,1.0,1.0,1.83,0.915,0.13729977116704806,0.13729977116704806,30,4.155,0.715,8190.1868182379985,0.0,1012.6695198255226,0.0,0.0,9202.85633806352,11228.195377714566,1.0,1.2,0.719756113956062,11228.195377714566,0.0,1.0,163.80373636475997,7625.063927779576,0.0,962.0360438342464,0.0,0.0,8742.713521160344,0.914999991093996,4.57499995546998,,0.13729977015772085,0.137299760786701,51.31650564699969,256.5825282349984,41.09340635640896,62.25685309515045,1.4944327740707999,3.27674769696785,4.964300068742877,-1.687552371775027,1.4042598328031566,1046.919524722064,6979.463557151174,0.0,0.0,1046.919524722064,7992.133076976697,15984.266153953395,1046.919524722064,0.5816219581789244,2093.839049444128,7119.052768110034,10017.472116627741,20034.944233255483,68118.81039306863,11064.391641349805,22128.78328269961,75237.86316117867,0.9220326367791504,3.1109999697195865,15.55499984859793,0.914999991093996,3256.9666097091845,3256.9666097091845,0.0,6513.933219418369,6513.933219418369,0.0,2093.839049444128,0.0,2093.839049444128,7119.052768110034,0.0,18405.71267612704,-0.3399376243189849,110.60989946453611
43,43,2025,3SB,3,SB,AM-Shoulder,1,OP,AM,3.4,70,12000,1.6,5.0,75,1800,1,4,0.05,0.01,8605.0,0.0,1064.0,0.0,0.0,1.0,1.0,1.0,1.83,0.915,0.13729977116704806,0.13729977116704806,30,4.155,0.715,7785.225297680508,0.0,962.6356440130228,0.0,0.0,8747.86094169353,10673.132229719577,1.0,1.2,0.6841751429307421,10673.132229719577,0.0,1.0,155.70450595361018,7248.044752140553,0.0,914.5038618123716,0.0,0.0,8310.467894608853,0.9149999991262466,4.5749999956312335,,0.13729977022513973,0.13729975484769671,65.54676568932409,327.73382844662046,45.28019472961469,64.26136713416786,0.909196924291144,3.174535636225718,4.505280978100068,-1.3307453418743496,1.0898317557128323,995.1548790504278,6634.3659126764705,0.0,0.0,995.1548790504278,7597.001556689494,7597.001556689494,995.1548790504278,0.5528638216946821,995.1548790504278,3383.5265887714545,9522.272844715539,9522.272844715539,32375.72767203283,10517.427723765966,10517.427723765966,35759.254260804286,0.8764523103138305,3.1109999970292384,15.554999985146193,0.9149999991262466,3095.926825769513,3095.926825769513,0.0,3095.926825769513,3095.926825769513,0.0,995.1548790504278,0.0,995.1548790504278,3383.5265887714545,0.0,8747.86094169353,-0.2953745500764619,140.2672577150219
44,44,2025,3SB,3,SB,MD,5,OP,MD,3.4,70,12000,1.6,5.0,75,1800,1,4,0.05,0.01,8002.0,0.0,989.0,0.0,0.0,1.0,1.0,1.0,1.83,0.915,0.13729977116704806,0.13729977116704806,30,4.136,0.708,6014.866928953372,0.0,743.4020735734672,0.0,0.0,6758.269002526839,8245.073149673774,1.0,1.2,0.5285303301072932,8245.073149673774,0.0,1.0,120.29733857906744,5599.841110855589,0.0,706.2319698947938,0.0,0.0,6420.355552400497,0.8233664885839846,4.1168324429199235,,0.10714986878433765,0.10761104420164298,150.42249445397283,752.1124722698643,59.93534939862783,73.1246823139936,1.2887905740633336,2.789755709625302,3.4036674858304976,-0.6139117762051955,0.33522651350817634,600.0222402413159,5294.547350132989,0.0,0.0,600.0222402413159,6037.949423706456,30189.747118532283,600.0222402413159,0.33334568902295325,3000.1112012065796,10200.37808410237,7524.753570853391,37623.76785426695,127920.81070450763,8124.775811094706,40623.87905547353,138121.18878861002,0.6770646509245588,2.799446061185548,13.99723030592774,0.8233664885839846,1679.7298970672803,1679.7298970672803,0.0,8398.649485336402,8398.649485336402,0.0,3000.1112012065796,0.0,3000.1112012065796,10200.37808410237,0.0,33791.3450126342,-0.180367729445052,273.60081722066724
45,45,2025,3SB,3,SB,PM-Shoulder,1,OP,PM,3.4,70,12000,1.6,5.0,75,1800,1,4,0.05,0.01,5331.0,0.0,659.0,0.0,0.0,1.0,1.0,1.0,1.83,0.915,0.13729977116704806,0.13729977116704806,30,4.135,0.592,5610.539192624803,0.0,693.5556795985266,0.0,0.0,6304.09487222333,7691.206231420383,1.0,1.2,0.49302604047566556,7691.206231420383,0.0,1.0,112.21078385249606,5223.411988333692,0.0,658.8778956186002,0.0,0.0,5988.890128612163,0.5145943198351413,2.5729715991757063,,0.11354158764563566,0.11383872792149485,127.63402983492858,638.1701491746429,62.73187633592035,73.27291888194121,1.0862908948468732,2.7841118262081093,3.25193525071064,-0.46782342450253056,0.23128993245107443,593.0744900826538,4905.253918689653,0.0,0.0,593.0744900826538,5598.80959828818,5598.80959828818,593.0744900826538,0.32948582782369656,593.0744900826538,2016.453266281023,6985.920957485232,6985.920957485232,23752.13125544979,7578.995447567886,7578.995447567886,25768.584521730812,0.6315829539639904,1.7496206874394802,8.7481034371974,0.5145943198351413,1037.655397041232,1037.655397041232,0.0,1037.655397041232,1037.655397041232,0.0,593.0744900826538,0.0,593.0744900826538,2016.453266281023,0.0,6304.09487222333,-0.14386000594578194,224.3950083474304
46,46,2025,3SB,3,SB,PM-Peak,3,Peak,PM,3.4,70,12000,1.6,5.0,75,1800,1,4,0.05,0.01,7281.0,0.0,900.0,0.0,0.0,1.0,1.0,1.0,1.83,0.915,0.13729977116704806,0.13729977116704806,30,4.135,0.592,5314.091922287379,0.0,656.8716838426922,0.0,0.0,5970.963606130072,7284.706973815455,1.0,1.2,0.46696839575740096,7284.706973815455,0.0,1.0,106.28183844574758,4947.41957964955,0.0,624.0280996505576,0.0,0.0,5672.415425823568,0.416730073935117,2.0836503696755853,,0.11565089258715715,0.11587816549573768,126.84188447954978,634.2094223977489,64.3602028713213,73.51619097407692,1.5508943868150216,2.774898934466476,3.1696606116650656,-0.39476167719858957,0.1749318047048558,572.1734903896482,4635.636593451983,0.0,0.0,572.1734903896482,5292.508277294675,15877.524831884026,572.1734903896482,0.31787416132758234,1716.5204711689448,5836.169601974412,6606.251644980059,19818.754934940174,67383.76677879659,7178.425135369707,21535.27540610912,73219.936380771,0.5982020946141423,1.4168822513793977,7.084411256896989,0.416730073935117,810.702463242893,810.702463242893,0.0,2432.107389728679,2432.107389728679,0.0,1716.5204711689448,0.0,1716.5204711689448,5836.169601974412,0.0,17912.890818390217,-0.12454383152119744,215.35255318108577
47,47,2025,3SB,3,SB,PM-Late,3,OP,PM,3.4,70,12000,1.6,5.0,75,1800,1,4,0.05,0.01,6623.0,0.0,819.0,0.0,0.0,1.0,1.0,1.0,1.83,0.915,0.13729977116704806,0.13729977116704806,30,4.135,0.592,3973.7999999999997,0.0,491.4,0.0,0.0,4465.2,5448.0,1.0,1.2,0.34923076923076923,5448.0,0.0,1.0,79.476,3699.6077999999993,0.0,466.83,0.0,0.0,4241.94,0.17644532279641145,0.8822266139820573,,0.13722150152393175,0.13728618540689752,119.3199096078041,596.5995480390205,68.69997412265403,74.16043550233275,0.4651453928002747,2.750792907541422,2.9694334329120275,-0.2186405253706054,0.03777618725902469,507.6657373656497,3386.6582626343497,0.0,0.0,507.6657373656497,3878.05826263435,11634.17478790305,507.6657373656497,0.2820365207586943,1522.9972120969492,5178.190521129627,4860.85826263435,14582.57478790305,49580.754278870365,5368.523999999999,16105.571999999998,54758.94479999999,0.44737699999999997,0.5999140975077989,2.999570487538995,0.17644532279641145,304.555832667345,304.555832667345,0.0,913.667498002035,913.667498002035,0.0,1522.9972120969492,0.0,1522.9972120969492,5178.190521129627,0.0,13395.599999999999,-0.07363038448590231,164.63025685405336
48,48,2025,4NB,4,NB,Night,8,OP,NT,4.4,70,12000,1.6,6.5,75,1800,1,4,0.05,0.01,3091.0,0.0,382.0,0.0,0.0,1.0,1.0,1.0,1.83,0.915,0.13729977116704806,0.13729977116704806,30,4.103,0.708,2259.6273365637903,0.0,279.25514156174955,0.0,0.0,2538.88247812554,3097.392761249039,1.0,1.2,0.19855081802878455,3097.392761249039,0.0,1.0,45.192546731275804,2103.713050340889,0.0,265.2923844836621,0.0,0.0,2411.9383542192627,0.14499842192054718,0.7249921096027359,,0.1372949001899475,0.1372935731897414,131.16680383493838,655.8340191746919,69.99109502982861,74.91117097862906,0.0,3.5241739856838565,3.7719084104554903,-0.24773442477163377,0.00032868973343936605,288.82907327484236,1925.6057165576722,0.0,0.0,288.82907327484236,2204.8608581194217,17638.886864955373,288.82907327484236,0.1604605962638013,2310.632586198739,10166.783379274451,2763.371141242921,22106.96912994337,97270.66417175083,3052.2002145177635,24417.601716142108,107437.44755102528,0.2543500178764803,0.6379930564504076,3.189965282252038,0.14499842192054718,184.2709432503554,184.2709432503554,0.0,1474.1675460028432,1474.1675460028432,0.0,2310.632586198739,0.0,2310.632586198739,10166.783379274451,0.0,20311.05982500432,-0.06567880176648237,154.518627850414
49,49,2025,4NB,4,NB,AM-Early,1,OP,AM,4.4,70,12000,1.6,6.5,75,1800,1,4,0.05,0.01,2962.0,0.0,366.0,0.0,0.0,1.0,1.0,1.0,1.83,0.915,0.13729977116704806,0.13729977116704806,30,4.155,0.715,2259.7234873940033,0.0,279.22309128501183,0.0,0.0,2538.946578679015,3097.392761249039,1.0,1.2,0.19855081802878455,3097.392761249039,0.0,1.0,45.19446974788007,2103.8025667638167,0.0,265.26193672076124,0.0,0.0,2411.9992497450644,0.15391294717856063,0.7695647358928032,,0.1372867183649915,0.13728974145947345,139.23086976006198,696.1543488003099,69.99109492838603,74.91117416582745,0.0,3.5241738357430528,3.7719084159223586,-0.24773458017930583,0.0003286934782445164,288.82415047885036,1925.704867167273,0.0,0.0,288.82415047885036,2204.9279584522847,2204.9279584522847,288.82415047885036,0.16045786137713908,288.82415047885036,1270.8262621069416,2763.3741410223083,2763.3741410223083,12158.846220498157,3052.1982915011586,3052.1982915011586,13429.6724826051,0.25434985762509654,0.6772169675856669,3.386084837928334,0.15391294717856063,195.59661535279338,195.59661535279338,0.0,195.59661535279338,195.59661535279338,0.0,288.82415047885036,0.0,288.82415047885036,1270.8262621069416,0.0,2538.946578679015,-0.06567884287262749,164.0183539404574
50,50,2025,4NB,4,NB,AM-Peak,2,Peak,AM,4.4,70,12000,1.6,6.5,75,1800,1,4,0.05,0.01,6108.0,0.0,755.0,0.0,0.0,1.0,1.0,1.0,1.83,0.915,0.13729977116704806,0.13729977116704806,30,4.155,0.715,3664.7999999999997,0.0,453.0,0.0,0.0,4117.799999999999,5023.799999999999,1.0,1.2,0.3220384615384615,5023.799999999999,0.0,1.0,73.29599999999999,3411.9287999999997,0.0,430.34999999999997,0.0,0.0,3911.909999999999,0.14973849856033436,0.7486924928016718,,0.13725057973604407,0.13729454991046794,139.23280362366594,696.1640181183299,69.79405496104351,74.39033165772982,0.8661975257783162,3.548848272577476,3.782557126783293,-0.23370885420581677,0.00762306041798442,468.28920581810513,3123.214794181895,0.0,0.0,468.28920581810513,3576.214794181895,7152.42958836379,468.28920581810513,0.2601606698989473,936.5784116362103,4120.945011199326,4482.214794181895,8964.42958836379,39443.49018880068,4950.504,9901.008,43564.43520000001,0.412542,0.6588493936654712,3.2942469683273563,0.14973849856033436,308.5320593133436,308.5320593133436,0.0,617.0641186266872,617.0641186266872,0.0,936.5784116362103,0.0,936.5784116362103,4120.945011199326,0.0,8235.599999999999,-0.0617859417247094,169.14619582668934
51,51,2025,4NB,4,NB,AM-Shoulder,1,OP,AM,4.4,70,12000,1.6,6.5,75,1800,1,4,0.05,0.01,6983.0,0.0,863.0,0.0,0.0,1.0,1.0,1.0,1.83,0.915,0.13729977116704806,0.13729977116704806,30,4.155,0.715,4189.8,0.0,517.8,0.0,0.0,4707.6,5743.2,1.0,1.2,0.36815384615384616,5743.2,0.0,1.0,83.796,3900.7038,0.0,491.9099999999999,0.0,0.0,4472.22,0.1707130152157412,0.853565076078706,,0.12458010178800141,0.12466302728656081,145.28121328772727,726.4060664386362,69.47972729708597,74.25465212132573,0.8559130783723106,3.555332796774088,3.7996694902265733,-0.24433669345248532,0.01934502937663166,485.9500764488439,3620.0539235511565,0.0,0.0,485.9500764488439,4137.853923551156,4137.853923551156,485.9500764488439,0.26997226469380214,485.9500764488439,2138.180336374913,5173.453923551157,5173.453923551157,22763.19726362509,5659.404,5659.404,24901.377600000003,0.47161700000000006,0.7511372669492613,3.755686334746307,0.1707130152157412,365.0152122975692,365.0152122975692,0.0,365.0152122975692,365.0152122975692,0.0,485.9500764488439,0.0,485.9500764488439,2138.180336374913,0.0,4707.6,-0.06430472283996354,184.45136250368313
52,52,2025,4NB,4,NB,MD,5,OP,MD,4.4,70,12000,1.6,6.5,75,1800,1,4,0.05,0.01,7316.0,0.0,904.0,0.0,0.0,1.0,1.0,1.0,1.83,0.915,0.13729977116704806,0.13729977116704806,30,4.136,0.708,4811.04790260831,0.0,594.4761213720493,0.0,0.0,5405.52402398036,6594.476266724458,1.0,1.2,0.42272283761054213,6594.476266724458,0.0,1.0,96.22095805216621,4479.085597328337,0.0,564.7523153034468,0.0,0.0,5135.247822781342,0.2247220822093309,1.1236104110466545,,0.10933791250255528,0.10946776530529881,149.36446059613684,746.8223029806842,68.64209268994803,74.16712852114608,1.2897144380444236,3.559528395719539,3.846036588547369,-0.2865081928278297,0.05110649172637623,489.73386913214125,4225.0930754240035,0.0,0.0,489.73386913214125,4819.569196796053,24097.845983980264,489.73386913214125,0.2720743717400785,2448.6693456607063,10774.14512090711,6008.521439540151,30042.607197700752,132187.47166988332,6498.255308672292,32491.27654336146,142961.61679079043,0.541521275722691,0.988777161721056,4.94388580860528,0.2247220822093309,484.2376651191497,484.2376651191497,0.0,2421.1883255957487,2421.1883255957487,0.0,2448.6693456607063,0.0,2448.6693456607063,10774.14512090711,0.0,27027.6201199018,-0.07449440124438404,207.0678297807501
53,53,2025,4NB,4,NB,PM-Shoulder,1,OP,PM,4.4,70,12000,1.6,6.5,75,1800,1,4,0.05,0.01,7941.0,0.0,982.0,0.0,0.0,1.0,1.0,1.0,1.83,0.915,0.13729977116704806,0.13729977116704806,30,4.135,0.592,6887.834743723296,0.0,851.7634703861323,0.0,0.0,7739.598214109428,9443.125154881693,1.0,1.2,0.6053285355693393,9443.125154881693,0.0,1.0,137.75669487446592,6412.5741464063885,0.0,809.1752968668256,0.0,0.0,7352.618303403957,0.9069272715199178,4.534636357599589,,0.09707491135474683,0.09792521316513321,134.3879853337273,671.9399266686364,57.5484981248136,72.68683349452816,2.2013180503773078,3.632019546151695,4.587435095654898,-0.9554155495032033,0.558964469095034,622.5000668181415,6127.577982030689,0.0,0.0,622.5000668181415,6979.341452416821,6979.341452416821,622.5000668181415,0.34583337045452306,622.5000668181415,2739.0002939998226,8682.868393189086,8682.868393189086,38204.62093003198,9305.368460007228,9305.368460007228,40943.621224031805,0.7754473716672691,3.9904799946876386,19.952399973438194,0.9069272715199179,2484.074063329512,2484.074063329512,0.0,2484.074063329512,2484.074063329512,0.0,622.5000668181415,0.0,622.5000668181415,2739.0002939998226,0.0,7739.598214109428,-0.2082679165113744,250.60174057849113
54,54,2025,4NB,4,NB,PM-Peak,3,Peak,PM,4.4,70,12000,1.6,6.5,75,1800,1,4,0.05,0.01,6919.0,0.0,855.0,0.0,0.0,1.0,1.0,1.0,1.83,0.915,0.13729977116704806,0.13729977116704806,30,4.135,0.592,7075.625486013744,0.0,874.3546452582383,0.0,0.0,7949.980131271983,9698.689421788458,1.0,1.2,0.621710860371055,9698.689421788458,0.0,1.0,141.5125097202749,6587.407327478796,0.0,830.6369129953264,0.0,0.0,7552.4811247083835,0.9149988063163331,4.5749940315816655,,0.11035351004498715,0.11131449670414352,128.63562136285472,643.1781068142736,56.37772350963448,71.14482046347787,2.916869112435285,3.7107409686348727,4.682700605229025,-0.9719596365941521,0.624221343153311,726.9435206833533,6207.1694556101165,0.0,0.0,726.9435206833533,7081.524100868355,21244.572302605065,726.9435206833533,0.40385751149075183,2180.83056205006,9595.654473020266,8830.23339138483,26490.700174154492,116559.08076627977,9557.176912068184,28671.530736204553,126154.73523930003,0.7964314093390154,4.0259947477918665,20.12997373895933,0.9149988063163331,2926.6707962125083,2926.6707962125083,0.0,8780.012388637526,8780.012388637526,0.0,2180.83056205006,0.0,2180.83056205006,9595.654473020266,0.0,23849.94039381595,-0.20756390778193148,248.52851473746614
55,55,2025,4NB,4,NB,PM-Late,3,OP,PM,4.4,70,12000,1.6,6.5,75,1800,1,4,0.05,0.01,7138.0,0.0,882.0,0.0,0.0,1.0,1.0,1.0,1.83,0.915,0.13729977116704806,0.13729977116704806,30,4.135,0.592,4762.437002652254,0.0,588.4658778844617,0.0,0.0,5350.902880536715,6527.834636305639,1.0,1.2,0.41845093822472046,6527.834636305639,0.0,1.0,95.24874005304508,4433.828849469248,0.0,559.0425839902387,0.0,0.0,5083.357736509879,0.18350992322049012,0.9175496161024506,,0.11398032711897436,0.11409669614745147,127.533002107443,637.6650105372149,68.75469067019709,74.08163793205435,1.1840959419635089,3.563636109694734,3.8397380226224382,-0.27610191292770425,0.046791974067799044,505.3692626520506,4161.818999947158,0.0,0.0,505.3692626520506,4750.284877831619,14250.854633494859,505.3692626520506,0.28076070147336146,1516.107787956152,6670.874267007069,5927.216633600543,17781.64990080163,78239.25956352717,6432.585896252594,19297.75768875778,84910.13383053424,0.5360488246877161,0.8074436621701566,4.037218310850783,0.18350992322049012,408.0572081840035,408.0572081840035,0.0,1224.1716245520106,1224.1716245520106,0.0,1516.107787956152,0.0,1516.107787956152,6670.874267007069,0.0,16052.708641610145,-0.07190644551815908,175.46643996955888
56,56,2025,4SB,4,SB,Night,8,OP,NT,4.4,70,12000,1.6,5.0,75,1800,1,4,0.05,0.01,2482.0,0.0,307.0,0.0,0.0,1.0,1.0,1.0,1.83,0.915,0.13729977116704806,0.13729977116704806,30,4.103,0.708,1489.2,0.0,184.2,0.0,0.0,1673.4,2041.8,1.0,1.2,0.13088461538461538,2041.8,0.0,1.0,29.784000000000002,1386.4451999999999,0.0,174.98999999999998,0.0,0.0,1589.73,0.14706539748280328,0.7353269874140165,,0.1372168849319539,0.13721776960599508,131.20195261657062,656.0097630828533,69.99020655140312,74.98325891274258,0.0,3.5207858904507563,3.7719562922865455,-0.2511704018357892,0.0003614887877122137,190.24369147285978,1269.17230852714,0.0,0.0,190.24369147285978,1453.3723085271401,11626.978468217121,190.24369147285978,0.10569093970714433,1521.9495317828782,6696.577939844665,1821.77230852714,14574.17846821712,64126.38526015534,2012.0159999999998,16096.127999999999,70822.9632,0.16766799999999998,0.6470877489243345,3.2354387446216726,0.14706539748280328,123.10436206222845,123.10436206222845,0.0,984.8348964978276,984.8348964978276,0.0,1521.9495317828782,0.0,1521.9495317828782,6696.577939844665,0.0,13387.2,-0.06658889509123413,154.57738910193464
57,57,2025,4SB,4,SB,AM-Early,1,OP,AM,4.4,70,12000,1.6,5.0,75,1800,1,4,0.05,0.01,6693.0,0.0,827.0,0.0,0.0,1.0,1.0,1.0,1.83,0.915,0.13729977116704806,0.13729977116704806,30,4.155,0.715,8031.599999999999,0.0,992.4,0.0,0.0,9024.0,11008.8,1.0,1.2,0.7056923076923076,11008.8,0.0,1.0,160.632,7477.419599999999,0.0,942.78,0.0,0.0,8572.8,0.9149999903517213,4.574999951758606,,0.13729976991542106,0.13729975953225784,56.48583786077775,282.42918930388873,42.75366861531024,63.06295360947942,1.212611882094432,4.1862929801041915,6.174908693226402,-1.9886157131222104,1.6463838834315145,1026.6479906410598,6844.32000935894,0.0,0.0,1026.6479906410598,7836.72000935894,7836.72000935894,1026.6479906410598,0.5703599948005887,1026.6479906410598,4517.2511588206635,9821.520009358941,9821.520009358941,43214.688041179346,10848.168000000001,10848.168000000001,47731.93920000001,0.9040140000000001,4.025999957547574,20.12999978773787,0.9149999903517213,4133.284766737209,4133.284766737209,0.0,4133.284766737209,4133.284766737209,0.0,1026.6479906410598,0.0,1026.6479906410598,4517.2511588206635,0.0,9024.0,-0.32204779243191606,121.47143153847207
58,58,2025,4SB,4,SB,AM-Peak,2,Peak,AM,4.4,70,12000,1.6,5.0,75,1800,1,4,0.05,0.01,8936.0,0.0,1104.0,0.0,0.0,1.0,1.0,1.0,1.83,0.915,0.13729977116704806,0.13729977116704806,30,4.155,0.715,10157.470189192063,0.0,1254.90679150269,0.0,0.0,11412.376980694753,13922.190563700133,1.0,1.2,0.8924481130577008,13922.190563700133,0.0,1.0,203.14940378384128,9456.60474613781,0.0,1192.1614519275556,0.0,0.0,10841.758131660015,1.8299999822604374,9.149999911302187,,0.13729977024932233,0.13729974920838556,35.25851742525569,176.29258712627845,22.865279034376645,50.531068660491385,2.39574544574628,5.224508544906613,11.545890150874216,-6.321381605967603,5.325506181920268,1298.3896589833723,8655.931126424848,0.0,0.0,1298.3896589833723,9910.837917927538,19821.675835855076,1298.3896589833723,0.7213275883240957,2596.7793179667447,11425.828999053678,12420.65150093292,24841.30300186584,109301.7332082097,13719.041159916293,27438.082319832585,120727.56220726337,1.1432534299930244,8.051999921945924,40.259999609729626,1.8299999822604376,10454.63343278951,10454.63343278951,0.0,20909.26686557902,20909.26686557902,0.0,2596.7793179667447,0.0,2596.7793179667447,11425.828999053678,0.0,22824.753961389506,-0.5475005844819136,76.42632978535475
59,59,2025,4SB,4,SB,AM-Shoulder,1,OP,AM,4.4,70,12000,1.6,5.0,75,1800,1,4,0.05,0.01,7943.0,0.0,982.0,0.0,0.0,1.0,1.0,1.0,1.83,0.915,0.13729977116704806,0.13729977116704806,30,4.155,0.715,9531.6,0.0,1178.3999999999999,0.0,0.0,10710.0,13066.8,1.0,1.2,0.8376153846153845,13066.8,0.0,1.0,190.632,8873.919600000001,0.0,1119.4799999999998,0.0,0.0,10174.5,1.829999999105607,9.149999995528034,,0.13729977091113316,0.13729976354387233,48.47538838965533,242.37694194827662,27.983623430341478,54.526737713754095,1.4402385168809753,4.841661376954288,9.434089214971204,-4.592427838016915,3.878922540826704,1218.3871281638146,8122.580871836186,0.0,0.0,1218.3871281638146,9300.980871836186,9300.980871836186,1218.3871281638146,0.6768817378687859,1218.3871281638146,5360.903363920785,11657.780871836185,11657.780871836185,51294.23583607922,12876.168,12876.168,56655.139200000005,1.073014,8.051999996064671,40.25999998032336,1.829999999105607,9810.453151180282,9810.453151180282,0.0,9810.453151180282,9810.453151180282,0.0,1218.3871281638146,0.0,1218.3871281638146,5360.903363920785,0.0,10710.0,-0.48679080018970683,105.19925773564236
60,60,2025,4SB,4,SB,MD,5,OP,MD,4.4,70,12000,1.6,5.0,75,1800,1,4,0.05,0.01,7386.0,0.0,913.0,0.0,0.0,1.0,1.0,1.0,1.83,0.915,0.13729977116704806,0.13729977116704806,30,4.136,0.708,6453.970024246335,0.0,797.7896875354595,0.0,0.0,7251.759711781795,8847.339086852713,1.0,1.2,0.567137120952097,8847.339086852713,0.0,1.0,129.0794004849267,6008.646092573337,0.0,757.9002031586865,0.0,0.0,6889.171726192705,0.9149991195668375,4.574995597834188,,0.1258721877473972,0.12670124806659686,140.41800555287872,702.0900277643937,57.238115159010206,70.85215298923431,1.2838293369640101,3.726068847055554,4.6123112067299115,-0.8862423596743576,0.5760046051814182,756.3214290720557,5568.569194689353,0.0,0.0,756.3214290720557,6366.358882224813,31831.794411124065,756.3214290720557,0.4201785717066976,3781.6071453602785,16639.071439585226,7961.938257295731,39809.69128647866,175162.6416605061,8718.259686367786,43591.298431838935,191801.71310009132,0.7265216405306488,4.0259961260940855,20.129980630470428,0.9149991195668375,3044.947143526039,3044.947143526039,0.0,15224.735717630194,15224.735717630194,0.0,3781.6071453602785,0.0,3781.6071453602785,16639.071439585226,0.0,36258.79855890897,-0.192147129703916,272.56626240975913
61,61,2025,4SB,4,SB,PM-Shoulder,1,OP,PM,4.4,70,12000,1.6,5.0,75,1800,1,4,0.05,0.01,4922.0,0.0,608.0,0.0,0.0,1.0,1.0,1.0,1.83,0.915,0.13729977116704806,0.13729977116704806,30,4.135,0.592,5305.814603962553,0.0,655.4114748494985,0.0,0.0,5961.226078812051,7272.049028511048,1.0,1.2,0.4661569890071185,7272.049028511048,0.0,1.0,106.11629207925105,4939.713396289136,0.0,622.6409011070235,0.0,0.0,5663.164774871449,0.4140278626118202,2.070139313059101,,0.11568497315282322,0.11597670673428363,126.80398618390284,634.0199309195143,64.40617101151335,73.52379513120005,1.2809782922745747,3.590674278019835,4.098986104185683,-0.5083118261658481,0.22437690993862192,571.4506116323499,4628.247700250951,0.0,0.0,571.4506116323499,5283.65917510045,5283.65917510045,571.4506116323499,0.3174725620179722,571.4506116323499,2514.38269118234,6594.482124799447,6594.482124799447,29015.721349117568,7165.932736431797,7165.932736431797,31530.104040299906,0.5971610613693165,1.8217225954920089,9.108612977460046,0.4140278626118202,1041.0244914183804,1041.0244914183804,0.0,1041.0244914183804,1041.0244914183804,0.0,571.4506116323499,0.0,571.4506116323499,2514.38269118234,0.0,5961.226078812051,-0.12400916061822827,215.0320927096783
62,62,2025,4SB,4,SB,PM-Peak,3,Peak,PM,4.4,70,12000,1.6,5.0,75,1800,1,4,0.05,0.01,6721.0,0.0,831.0,0.0,0.0,1.0,1.0,1.0,1.83,0.915,0.13729977116704806,0.13729977116704806,30,4.135,0.592,5887.543226323275,0.0,727.9494749404317,0.0,0.0,6615.492701263707,8071.3916511445705,1.0,1.2,0.5173969007143956,8071.3916511445705,0.0,1.0,117.7508645264655,5481.3027437069695,0.0,691.5520011934101,0.0,0.0,6284.718066200521,0.6265404712312062,3.132702356156031,,0.11208742999789495,0.11257957274809728,128.1306655933263,640.6533279666317,60.961578899291034,73.00192697245075,2.3614248467658254,3.6163428959844794,4.33059649646099,-0.714253600476511,0.3830300286472075,614.3851375825245,5155.407224214286,0.0,0.0,614.3851375825245,5883.356699154718,17650.07009746415,614.3851375825245,0.34132507643473586,1843.1554127475736,8109.883816089325,7339.255649035581,22017.766947106742,96878.17456726967,7953.640786618105,23860.922359854314,104988.05838335899,0.6628033988848421,2.7567780734173075,13.783890367086537,0.6265404712312062,1693.7234759209794,1693.7234759209794,0.0,5081.170427762938,5081.170427762938,0.0,1843.1554127475736,0.0,1843.1554127475736,8109.883816089325,0.0,19846.478103791123,-0.16493192128618,231.5797698390153
63,63,2025,4SB,4,SB,PM-Late,3,OP,PM,4.4,70,12000,1.6,5.0,75,1800,1,4,0.05,0.01,6114.0,0.0,756.0,0.0,0.0,1.0,1.0,1.0,1.83,0.915,0.13729977116704806,0.13729977116704806,30,4.135,0.592,3668.4,0.0,453.59999999999997,0.0,0.0,4122.0,5029.2,1.0,1.2,0.3223846153846154,5029.2,0.0,1.0,73.36800000000001,3415.2804,0.0,430.91999999999996,0.0,0.0,3915.8999999999996,0.16118796392154222,0.8059398196077111,,0.13720344403076054,0.13724944475142686,119.32769671169576,596.6384835584789,69.12309520187752,74.38867289363115,0.5559078577365227,3.548927406965511,3.819273416923455,-0.2703460099579438,0.032773719163994915,468.58823321075346,3126.4437667892466,0.0,0.0,468.58823321075346,3580.0437667892465,10740.131300367739,468.58823321075346,0.2603267962281964,1405.7646996322603,6185.364678381946,4487.243766789246,13461.73130036774,59231.61772161806,4955.831999999999,14867.496,65416.98240000001,0.41298599999999996,0.7092270412547859,3.546135206273929,0.16118796392154222,332.33544620687024,332.33544620687024,0.0,997.0063386206107,997.0063386206107,0.0,1405.7646996322603,0.0,1405.7646996322603,6185.364678381946,0.0,12366.0,-0.07078467039307074,157.4042926762891
64,64,2025,5NB,5,NB,Night,8,OP,NT,3.0,70,8000,1.6,6.5,75,1800,1,4,0.05,0.01,1592.0,0.0,197.0,0.0,0.0,1.0,1.0,1.0,1.83,0.915,0.1933404940923738,0.1933404940923738,30,4.103,0.708,1563.8128011267568,0.0,193.51201119470545,0.0,0.0,1757.324812321462,2144.3488347108732,1.0,1.2,0.18485765816473046,2144.3488347108732,0.0,1.0,31.276256022535136,1455.9097178490106,0.0,183.83641063497018,0.0,0.0,1669.458571705389,0.12395444312649465,0.6197722156324732,,0.19333414314207428,0.1933338103700223,111.70717428602566,558.5358714301283,69.99138472959854,74.93170588533076,0.0,2.402187403493216,2.5717450897050207,-0.1695576862118049,0.0002168150193677391,281.4770577925576,1251.059487311664,0.0,0.0,281.4770577925576,1444.5714985063696,11556.571988050957,281.4770577925576,0.15637614321808757,2251.816462340461,6755.449387021383,1831.5955208957803,14652.764167166242,43958.29250149873,2113.0725786883377,16904.5806295067,50713.74188852011,0.2641340723360422,0.37186332937948396,1.8593166468974196,0.12395444312649466,104.67099585468189,104.67099585468189,0.0,837.3679668374551,837.3679668374551,0.0,2251.816462340461,0.0,2251.816462340461,6755.449387021383,0.0,14058.598498571697,-0.06593098471950545,131.5882533033507
65,65,2025,5NB,5,NB,AM-Early,1,OP,AM,3.0,70,8000,1.6,6.5,75,1800,1,4,0.05,0.01,2313.0,0.0,286.0,0.0,0.0,1.0,1.0,1.0,1.83,0.915,0.1933404940923738,0.1933404940923738,30,4.155,0.715,1564.137134874251,0.0,193.40389994554076,0.0,0.0,1757.5410348197918,2144.3488347108732,1.0,1.2,0.18485765816473046,2144.3488347108732,0.0,1.0,31.28274269748502,1456.2116725679275,0.0,183.73370494826372,0.0,0.0,1669.6639830788022,0.13136252571237048,0.6568126285618524,,0.19333337545820856,0.19333517748101442,118.38462249829671,591.9231124914835,69.99138645052521,74.9316502388915,0.0,2.402189187427975,2.5717450264717434,-0.16955583904376859,0.00021677170457295848,281.53431803920097,1251.320074137565,0.0,0.0,281.53431803920097,1444.7239740831058,1444.7239740831058,281.53431803920097,0.15640795446622277,281.53431803920097,844.6029541176028,1831.5317739741872,1831.5317739741872,5494.595321922561,2113.0660920133882,2113.0660920133882,6339.198276040164,0.26413326150167354,0.3940875771371114,1.9704378856855573,0.13136252571237048,110.94917727701767,110.94917727701767,0.0,110.94917727701767,110.94917727701767,0.0,281.53431803920097,0.0,281.53431803920097,844.6029541176028,0.0,1757.5410348197918,-0.06593026808586366,139.45408640349436
66,66,2025,5NB,5,NB,AM-Peak,2,Peak,AM,3.0,70,8000,1.6,6.5,75,1800,1,4,0.05,0.01,4412.0,0.0,545.0,0.0,0.0,1.0,1.0,1.0,1.83,0.915,0.1933404940923738,0.1933404940923738,30,4.155,0.715,2647.2,0.0,327.0,0.0,0.0,2974.2,3628.2,1.0,1.2,0.3127758620689655,3628.2,0.0,1.0,52.943999999999996,2464.5431999999996,0.0,310.65,0.0,0.0,2825.49,0.13149746948191465,0.6574873474095733,,0.19308094247916074,0.19310407685238426,118.45775919907148,592.2887959953574,69.73780676196162,74.44548259912169,0.751987513750653,2.4178767295965335,2.5810963716481647,-0.1632196420516312,0.006622443150421511,475.8563238366067,2118.399676163393,0.0,0.0,475.8563238366067,2445.399676163393,4890.799352326786,475.8563238366067,0.26436462435367036,951.7126476732134,2855.1379430196403,3099.399676163393,6198.799352326786,18596.398056980357,3575.256,7150.512,21451.535999999996,0.446907,0.39449240844574396,1.9724620422287198,0.13149746948191465,187.72170726444085,187.72170726444085,0.0,375.4434145288817,375.4434145288817,0.0,951.7126476732134,0.0,951.7126476732134,2855.1379430196403,0.0,5948.4,-0.06323655476196223,145.01652012726055
67,67,2025,5NB,5,NB,AM-Shoulder,1,OP,AM,3.0,70,8000,1.6,6.5,75,1800,1,4,0.05,0.01,4147.0,0.0,512.0,0.0,0.0,1.0,1.0,1.0,1.83,0.915,0.1933404940923738,0.1933404940923738,30,4.155,0.715,2488.2,0.0,307.2,0.0,0.0,2795.3999999999996,3409.7999999999997,1.0,1.2,0.29394827586206895,3409.7999999999997,0.0,1.0,49.763999999999996,2316.5141999999996,0.0,291.84,0.0,0.0,2655.6299999999997,0.13043034996532238,0.6521517498266118,,0.19293829585425684,0.19295652565021812,118.50287340070777,592.5143670035388,69.82454673920805,74.56761966354318,0.4531579465707224,2.413916399801665,2.5778899886352713,-0.16397358883360624,0.004426070786589397,446.944302070187,1991.491697929813,0.0,0.0,446.944302070187,2298.691697929813,2298.691697929813,446.944302070187,0.2483023900389928,446.944302070187,1340.832906210561,2913.0916979298127,2913.0916979298127,8739.275093789438,3360.0359999999996,3360.0359999999996,10080.107999999998,0.42000449999999995,0.39129104989596714,1.9564552494798355,0.13043034996532238,174.88530520206376,174.88530520206376,0.0,174.88530520206376,174.88530520206376,0.0,446.944302070187,0.0,446.944302070187,1340.832906210561,0.0,2795.3999999999996,-0.06360767509726567,143.1783201231389
68,68,2025,5NB,5,NB,MD,5,OP,MD,3.0,70,8000,1.6,6.5,75,1800,1,4,0.05,0.01,4546.0,0.0,562.0,0.0,0.0,1.0,1.0,1.0,1.83,0.915,0.1933404940923738,0.1933404940923738,30,4.136,0.708,2727.6,0.0,337.2,0.0,0.0,3064.7999999999997,3739.2,1.0,1.2,0.32234482758620686,3739.2,0.0,1.0,54.552,2539.3956,0.0,320.34,0.0,0.0,2911.5599999999995,0.1318473880900051,0.6592369404500255,,0.18925118134469335,0.18927631141007,116.6806337520678,583.403168760339,69.67504117239835,74.41863735528908,0.5281415171417132,2.4187489370524875,2.583421508924873,-0.16467257187238538,0.00821516218496653,480.58361720151635,2192.4643827984833,0.0,0.0,480.58361720151635,2529.664382798483,12648.321913992415,480.58361720151635,0.26699089844528684,2402.9180860075817,7208.7542580227455,3204.064382798483,16020.321913992415,48060.96574197724,3684.6479999999997,18423.239999999998,55269.71999999999,0.46058099999999996,0.3955421642700153,1.9777108213500765,0.1318473880900051,190.09108406060034,190.09108406060034,0.0,950.4554203030017,950.4554203030017,0.0,2402.9180860075817,0.0,2402.9180860075817,7208.7542580227455,0.0,15323.999999999998,-0.06374204569540655,144.11950688784208
69,69,2025,5NB,5,NB,PM-Shoulder,1,OP,PM,3.0,70,8000,1.6,6.5,75,1800,1,4,0.05,0.01,5076.0,0.0,627.0,0.0,0.0,1.0,1.0,1.0,1.83,0.915,0.1933404940923738,0.1933404940923738,30,4.135,0.592,3045.6,0.0,376.2,0.0,0.0,3421.7999999999997,4174.2,1.0,1.2,0.3598448275862069,4174.2,0.0,1.0,60.912,2835.4536,0.0,357.39,0.0,0.0,3250.7099999999996,0.13814050357548932,0.6907025178774466,,0.17435297791795293,0.17438814849595755,108.81873696103412,544.0936848051706,69.28784796203836,74.32685376656498,0.7271467222332784,2.4217357641064416,2.5978581424352933,-0.1761223783288517,0.01810425613960458,494.3697789081801,2490.31822109182,0.0,0.0,494.3697789081801,2866.5182210918197,2866.5182210918197,494.3697789081801,0.27464987717121114,494.3697789081801,1483.1093367245403,3618.9182210918198,3618.9182210918198,10856.75466327546,4113.288,4113.288,12339.864000000001,0.514161,0.41442151072646793,2.07210755363234,0.13814050357548932,204.87747063263794,204.87747063263794,0.0,204.87747063263794,204.87747063263794,0.0,494.3697789081801,0.0,494.3697789081801,1483.1093367245403,0.0,3421.7999999999997,-0.06779522540201154,141.18189227015873
70,70,2025,5NB,5,NB,PM-Peak,3,Peak,PM,3.0,70,8000,1.6,6.5,75,1800,1,4,0.05,0.01,5606.0,0.0,693.0,0.0,0.0,1.0,1.0,1.0,1.83,0.915,0.1933404940923738,0.1933404940923738,30,4.135,0.592,4721.811271969173,0.0,583.6987533847015,0.0,0.0,5305.510025353874,6472.907532123278,1.0,1.2,0.5580092700106274,6472.907532123278,0.0,1.0,94.43622543938345,4396.006294203299,0.0,554.5138157154664,0.0,0.0,5040.23452408618,0.9091743909276209,4.545871954638105,,0.123586461403713,0.12397101198428385,123.8380372379258,619.1901861896291,56.98435660189635,73.83664965631708,2.9018398461761903,2.437813752896901,3.1587616450162725,-0.7209478921193715,0.40232315540757546,543.2868622090355,4084.0881843207535,0.0,0.0,543.2868622090355,4667.786937705455,14003.360813116364,543.2868622090355,0.3018260345605753,1629.8605866271064,4889.581759881319,5835.1844444748585,17505.553333424577,52516.66000027373,6378.471306683894,19135.413920051684,57406.241760155055,0.7973089133354867,2.7275231727828624,13.637615863914313,0.9091743909276209,1481.827506143634,1481.827506143634,0.0,4445.482518430902,4445.482518430902,0.0,1629.8605866271064,0.0,1629.8605866271064,4889.581759881319,0.0,15916.530076061623,-0.22823750986619867,226.99475531565193
71,71,2025,5NB,5,NB,PM-Late,3,OP,PM,3.0,70,8000,1.6,6.5,75,1800,1,4,0.05,0.01,4570.0,0.0,565.0,0.0,0.0,1.0,1.0,1.0,1.83,0.915,0.1933404940923738,0.1933404940923738,30,4.135,0.592,2742.0,0.0,339.0,0.0,0.0,3081.0,3759.0,1.0,1.2,0.32405172413793104,3759.0,0.0,1.0,54.84,2552.8019999999997,0.0,322.05,0.0,0.0,2926.95,0.11679465783394273,0.5839732891697137,,0.19325954053448965,0.19328413267854108,104.33283241466567,521.6641620733285,69.67047860902763,74.36028570672688,0.497539084121281,2.4206469661764167,2.5835906914047855,-0.16294372522836875,0.008331052183706713,493.3533415955262,2193.8066584044736,0.0,0.0,493.3533415955262,2532.8066584044736,7598.419975213421,493.3533415955262,0.27408518977529234,1480.0600247865787,4440.180074359736,3210.8066584044736,9632.419975213421,28897.25992564026,3704.16,11112.48,33337.439999999995,0.46302,0.3503839735018282,1.751919867509141,0.11679465783394273,172.86310416864526,172.86310416864526,0.0,518.5893125059358,518.5893125059358,0.0,1480.0600247865787,0.0,1480.0600247865787,4440.180074359736,0.0,9243.0,-0.06306870734999077,129.02023923072522
72,72,2025,5SB,5,SB,Night,8,OP,NT,3.0,70,8000,1.6,5.0,75,1800,1,4,0.05,0.01,1472.0,0.0,182.0,0.0,0.0,1.0,1.0,1.0,1.83,0.915,0.1933404940923738,0.1933404940923738,30,4.103,0.708,1017.1803510987656,0.0,125.76550536683108,0.0,0.0,1142.9458564655968,1394.4768671992588,1.0,1.2,0.12021352303441886,1394.4768671992588,0.0,1.0,20.343607021975313,946.9949068729508,0.0,119.47723009848951,0.0,0.0,1085.7985636423168,0.12528077961157477,0.6264038980578739,,0.19333076512156452,0.19333209521571287,111.70857845613133,558.5428922806567,69.9910846340008,74.9877669836288,0.0,2.4003915203835486,2.571756116386261,-0.17136459600271214,0.0002243682960173287,183.0832499119723,813.753494164818,0.0,0.0,183.0832499119723,939.5189995316491,7516.151996253193,183.0832499119723,0.10171291661776238,1464.6659992957784,4393.997997887335,1191.0500102653114,9528.40008212249,28585.200246367473,1374.1332601772838,10993.06608141827,32979.19824425481,0.17176665752216047,0.3758423388347243,1.8792116941736217,0.12528077961157477,68.810436848378,68.810436848378,0.0,550.483494787024,550.483494787024,0.0,1464.6659992957784,0.0,1464.6659992957784,4393.997997887335,0.0,9143.566851724774,-0.06663329967831767,131.5939281281097
73,73,2025,5SB,5,SB,AM-Early,1,OP,AM,3.0,70,8000,1.6,5.0,75,1800,1,4,0.05,0.01,3483.0,0.0,430.0,0.0,0.0,1.0,1.0,1.0,1.83,0.915,0.1933404940923738,0.1933404940923738,30,4.155,0.715,4179.599999999999,0.0,516.0,0.0,0.0,4695.599999999999,5727.599999999999,1.0,1.2,0.49375862068965515,5727.599999999999,0.0,1.0,83.59199999999998,3891.2075999999997,0.0,490.2,0.0,0.0,4460.82,0.8596721326651733,4.298360663325866,,0.1361173356273794,0.13639531233430122,139.64603707235548,698.2301853617773,59.05782899875437,74.00294940143316,1.4834226844423022,2.432335487381454,3.047860089875578,-0.6155246024941241,0.32635559013619964,529.6608108850095,3566.3471891149898,0.0,0.0,529.6608108850095,4082.3471891149898,4082.3471891149898,529.6608108850095,0.2942560060472275,529.6608108850095,1588.9824326550283,5114.347189114989,5114.347189114989,15343.041567344968,5644.007999999999,5644.007999999999,16932.023999999998,0.7055009999999998,2.57901639799552,12.895081989977598,0.8596721326651733,1366.0039166480433,1366.0039166480433,0.0,1366.0039166480433,1366.0039166480433,0.0,529.6608108850095,0.0,529.6608108850095,1588.9824326550283,0.0,4695.599999999999,-0.2019530373256902,251.3969112732718
74,74,2025,5SB,5,SB,AM-Peak,2,Peak,AM,3.0,70,8000,1.6,5.0,75,1800,1,4,0.05,0.01,4270.0,0.0,528.0,0.0,0.0,1.0,1.0,1.0,1.83,0.915,0.1933404940923738,0.1933404940923738,30,4.155,0.715,5124.0,0.0,633.6,0.0,0.0,5757.6,7024.8,1.0,1.2,0.6055862068965517,7024.8,0.0,1.0,102.48,4770.444,0.0,601.92,0.0,0.0,5469.72,0.9149999768178917,4.574999884089459,,0.19334049047862098,0.1933404396220506,81.87916151887715,409.3958075943858,49.53158868964327,67.86918675353606,1.4510750879917778,2.6521608495717213,3.634044551404361,-0.9818837018326398,0.7278919462834161,922.3199827607947,4099.200017239205,0.0,0.0,922.3199827607947,4732.800017239206,9465.600034478412,922.3199827607947,0.5123999904226637,1844.6399655215894,5533.919896564768,6000.000017239206,12000.000034478411,36000.00010343523,6922.320000000001,13844.640000000001,41533.92,0.8652900000000001,2.744999930453675,13.724999652268377,0.9149999768178917,2531.768288534416,2531.768288534416,0.0,5063.536577068832,5063.536577068832,0.0,1844.6399655215894,0.0,1844.6399655215894,5533.919896564768,0.0,11515.2,-0.27019033144577026,167.7388019780914
75,75,2025,5SB,5,SB,AM-Shoulder,1,OP,AM,3.0,70,8000,1.6,5.0,75,1800,1,4,0.05,0.01,3240.0,0.0,400.0,0.0,0.0,1.0,1.0,1.0,1.83,0.915,0.1933404940923738,0.1933404940923738,30,4.155,0.715,3888.0,0.0,480.0,0.0,0.0,4368.0,5328.0,1.0,1.2,0.4593103448275862,5328.0,0.0,1.0,77.76,3619.7279999999996,0.0,456.0,0.0,0.0,4149.599999999999,0.6273689305226404,3.136844652613202,,0.1399980926520036,0.14018546046365066,137.94193080253996,689.7096540126998,62.10112057047201,74.17519484755094,1.3340402813310979,2.4266872553546532,2.8984984223551487,-0.4718111670004954,0.22404284788470535,506.7550159190517,3303.484984080948,0.0,0.0,506.7550159190517,3783.484984080948,3783.484984080948,506.7550159190517,0.28153056439947316,506.7550159190517,1520.2650477571551,4743.4849840809475,4743.4849840809475,14230.454952242842,5250.239999999999,5250.239999999999,15750.719999999998,0.6562799999999999,1.8821067915679213,9.410533957839606,0.6273689305226404,953.7670571223572,953.7670571223572,0.0,953.7670571223572,953.7670571223572,0.0,506.7550159190517,0.0,506.7550159190517,1520.2650477571551,0.0,4368.0,-0.16277778982440486,239.3466187161202
76,76,2025,5SB,5,SB,MD,5,OP,MD,3.0,70,8000,1.6,5.0,75,1800,1,4,0.05,0.01,4470.0,0.0,552.0,0.0,0.0,1.0,1.0,1.0,1.83,0.915,0.1933404940923738,0.1933404940923738,30,4.136,0.708,2682.0,0.0,331.2,0.0,0.0,3013.2,3675.6,1.0,1.2,0.3168620689655172,3675.6,0.0,1.0,53.64,2496.942,0.0,314.64,0.0,0.0,2862.5399999999995,0.17281574593206567,0.8640787296603283,,0.18810084642943004,0.18813352157739893,117.03054043612924,585.1527021806462,68.86129627092463,74.46796704991225,0.5280421146283668,2.417146689117413,2.613950212203623,-0.19680352308620996,0.029127323930910522,469.6769036851939,2158.6830963148063,0.0,0.0,469.6769036851939,2489.883096314806,12449.415481574031,469.6769036851939,0.26093161315844104,2348.3845184259694,7045.153555277908,3152.2830963148062,15761.415481574031,47284.24644472209,3621.96,18109.8,54329.4,0.452745,0.5184472377961971,2.592236188980985,0.17281574593206567,243.50269337225927,243.50269337225927,0.0,1217.5134668612964,1217.5134668612964,0.0,2348.3845184259694,0.0,2348.3845184259694,7045.153555277908,0.0,15066.0,-0.07528969839111811,158.0603526805028
77,77,2025,5SB,5,SB,PM-Shoulder,1,OP,PM,3.0,70,8000,1.6,5.0,75,1800,1,4,0.05,0.01,4630.0,0.0,572.0,0.0,0.0,1.0,1.0,1.0,1.83,0.915,0.1933404940923738,0.1933404940923738,30,4.135,0.592,2778.0,0.0,343.2,0.0,0.0,3121.2,3807.6,1.0,1.2,0.3282413793103448,3807.6,0.0,1.0,55.56,2586.3179999999998,0.0,326.03999999999996,0.0,0.0,2965.14,0.16149404385136693,0.8074702192568346,,0.1905314441022692,0.19056793726576096,104.94921250944572,524.7460625472286,68.65826737981071,74.3596303123595,0.5266686487375376,2.4206683013872077,2.6216799064307565,-0.20101160504354887,0.03442216447649682,492.77490344769257,2229.6650965523077,0.0,0.0,492.77490344769257,2572.8650965523075,2572.8650965523075,492.77490344769257,0.2737638352487181,492.77490344769257,1478.3247103430776,3259.2650965523076,3259.2650965523076,9777.795289656922,3752.04,3752.04,11256.119999999999,0.469005,0.4844821315541008,2.422410657770504,0.16149404385136693,238.7406355987043,238.7406355987043,0.0,238.7406355987043,238.7406355987043,0.0,492.77490344769257,0.0,492.77490344769257,1478.3247103430776,0.0,3121.2,-0.07667282514180492,144.61318234312049
78,78,2025,5SB,5,SB,PM-Peak,3,Peak,PM,3.0,70,8000,1.6,5.0,75,1800,1,4,0.05,0.01,4957.0,0.0,613.0,0.0,0.0,1.0,1.0,1.0,1.83,0.915,0.1933404940923738,0.1933404940923738,30,4.135,0.592,2974.2,0.0,367.8,0.0,0.0,3342.0,4077.6,1.0,1.2,0.35151724137931034,4077.6,0.0,1.0,59.483999999999995,2768.9802,0.0,349.40999999999997,0.0,0.0,3174.8999999999996,0.19342778839556052,0.9671389419778026,,0.17873865455905388,0.17878645017804606,107.73126098385475,538.6563049192738,68.03905191026904,74.3310440432782,1.048726460730798,2.4215992431802458,2.6455395092422336,-0.2239402660619878,0.0507659924023586,494.9237954486599,2419.79220455134,0.0,0.0,494.9237954486599,2787.5922045513403,8362.776613654021,494.9237954486599,0.2749576641381444,1484.7713863459799,4454.31415903794,3523.19220455134,10569.57661365402,31708.729840962063,4018.116,12054.348,36163.044,0.5022645,0.5802833651866816,2.9014168259334077,0.19342778839556052,287.1960455339132,287.1960455339132,0.0,861.5881366017396,861.5881366017396,0.0,1484.7713863459799,0.0,1484.7713863459799,4454.31415903794,0.0,10026.0,-0.08464824104106138,155.47450453400538
79,79,2025,5SB,5,SB,PM-Late,3,OP,PM,3.0,70,8000,1.6,5.0,75,1800,1,4,0.05,0.01,4118.0,0.0,509.0,0.0,0.0,1.0,1.0,1.0,1.83,0.915,0.1933404940923738,0.1933404940923738,30,4.135,0.592,2470.7999999999997,0.0,305.4,0.0,0.0,2776.2,3386.9999999999995,1.0,1.2,0.2919827586206896,3386.9999999999995,0.0,1.0,49.416,2300.3147999999997,0.0,290.12999999999994,0.0,0.0,2637.39,0.13940336483477686,0.6970168241738843,,0.19331900066855923,0.1933352988958717,104.320150095372,521.6007504768601,69.25431456930954,74.57654353556183,0.44775510936028406,2.4136275491792807,2.5991160423637787,-0.185488493184498,0.018965917590617155,444.6945583590966,1976.6894416409032,0.0,0.0,444.6945583590966,2282.0894416409033,6846.26832492271,444.6945583590966,0.24705253242172034,1334.0836750772899,4002.25102523187,2892.889441640903,8678.66832492271,26036.00497476813,3337.584,10012.752,30038.256,0.41719799999999996,0.41821009450433055,2.091050472521653,0.13940336483477686,185.97575327691933,185.97575327691933,0.0,557.927259830758,557.927259830758,0.0,1334.0836750772899,0.0,1334.0836750772899,4002.25102523187,0.0,8328.599999999999,-0.07136599142214697,135.27850293819154
80,80,2025,6NB,6,NB,Night,8,OP,NT,4.4,70,8000,1.6,6.5,75,1800,1,4,0.05,0.01,1554.0,0.0,192.0,0.0,0.0,1.0,1.0,1.0,1.83,0.915,0.1933404940923738,0.1933404940923738,30,4.103,0.708,1554.0,0.0,192.0,0.0,0.0,1746.0,2130.0,1.0,1.2,0.18362068965517242,2130.0,0.0,1.0,31.080000000000002,1446.7740000000001,0.0,182.39999999999998,0.0,0.0,1658.6999999999998,0.12397567112143816,0.6198783556071908,,0.19333601337931391,0.19333602021200894,111.70569431733537,558.5284715866769,69.99175605090436,74.93340015389843,0.0,3.5231285309060585,3.7718727875322235,-0.24874425662616506,0.00030428803100173476,279.7135174208435,1243.2064825791565,0.0,0.0,279.7135174208435,1435.2064825791565,11481.651860633252,279.7135174208435,0.15539639856713527,2237.708139366748,9845.915813213693,1819.2064825791565,14553.651860633252,64036.06818678632,2098.92,16791.36,73881.98400000001,0.262365,0.545492952934328,2.72746476467164,0.12397567112143816,152.5817525935435,152.5817525935435,0.0,1220.654020748348,1220.654020748348,0.0,2237.708139366748,0.0,2237.708139366748,9845.915813213693,0.0,13968.0,-0.06594714897288673,131.57922767739956
81,81,2025,6NB,6,NB,AM-Early,1,OP,AM,4.4,70,8000,1.6,6.5,75,1800,1,4,0.05,0.01,2259.0,0.0,279.0,0.0,0.0,1.0,1.0,1.0,1.83,0.915,0.1933404940923738,0.1933404940923738,30,4.155,0.715,1564.6266206756663,0.0,193.24073801173566,0.0,0.0,1757.867358687402,2144.3488347108732,1.0,1.2,0.18485765816473046,2144.3488347108732,0.0,1.0,31.292532413513328,1456.6673838490453,0.0,183.57870111114886,0.0,0.0,1669.9739907530318,0.13135811431767824,0.6567905715883913,,0.19333653815980797,0.19333738206742818,118.38276896510702,591.9138448255352,69.99138923629519,74.93156069183925,0.0,3.523215018645035,3.771892555364488,-0.24867753671945314,0.0003178289961028964,281.6270292436786,1251.7070590184744,0.0,0.0,281.6270292436786,1444.94779703021,1444.94779703021,281.6270292436786,0.15645946069093256,281.6270292436786,1239.1589286721858,1831.4292730536813,1831.4292730536813,8058.288801436199,2113.0563022973597,2113.0563022973597,9297.447730108384,0.26413203778717,0.5779757029977843,2.8898785149889217,0.13135811431767824,162.7735802102927,162.7735802102927,0.0,162.7735802102927,162.7735802102927,0.0,281.6270292436786,0.0,281.6270292436786,1239.1589286721858,0.0,1757.867358687402,-0.06592911464717552,139.45184851573399
82,82,2025,6NB,6,NB,AM-Peak,2,Peak,AM,4.4,70,8000,1.6,6.5,75,1800,1,4,0.05,0.01,4308.0,0.0,532.0,0.0,0.0,1.0,1.0,1.0,1.83,0.915,0.1933404940923738,0.1933404940923738,30,4.155,0.715,1564.6773001243973,0.0,193.22384486215861,0.0,0.0,1757.901144986556,2144.3488347108732,1.0,1.2,0.18485765816473046,2144.3488347108732,0.0,1.0,31.293546002487947,1456.7145664158138,0.0,183.56265261905068,0.0,0.0,1670.006087737228,0.13135816426364236,0.6567908213182118,,0.1933358735479323,0.19333652428534048,118.38300368908354,591.9150184454177,69.9913894812676,74.93155267858567,0.0,3.523215395421097,3.771892542162727,-0.24867714674162977,0.00031781995289657073,281.6351832079988,1251.7485709139105,0.0,0.0,281.6351832079988,1444.972415776069,2889.944831552138,281.6351832079988,0.15646399067111044,563.2703664159976,2478.3896122303895,1831.4201055003864,3662.840211000773,16116.496928403401,2113.055288708385,4226.11057741677,18594.88654063379,0.2641319110885481,0.5779759227600264,2.889879613800132,0.13135816426364236,162.77835489633222,162.77835489633222,0.0,325.55670979266444,325.55670979266444,0.0,563.2703664159976,0.0,563.2703664159976,2478.3896122303895,0.0,3515.802289973112,-0.06592901148743843,139.45212022893224
83,83,2025,6NB,6,NB,AM-Shoulder,1,OP,AM,4.4,70,8000,1.6,6.5,75,1800,1,4,0.05,0.01,4049.0,0.0,500.0,0.0,0.0,1.0,1.0,1.0,1.83,0.915,0.1933404940923738,0.1933404940923738,30,4.155,0.715,1564.690652684146,0.0,193.21939400890912,0.0,0.0,1757.9100466930552,2144.3488347108732,1.0,1.2,0.18485765816473046,2144.3488347108732,0.0,1.0,31.29381305368292,1456.72699764894,0.0,183.55842430846366,0.0,0.0,1670.0145443584024,0.131397495516739,0.6569874775836949,,0.19323079495973974,0.19323224067114042,118.41531673714996,592.0765836857498,69.99138495376135,74.9316840530667,0.0,3.523209218319915,3.771892786153713,-0.24868356783379797,0.00031798708672212237,281.4845157950196,1251.9123238354434,0.0,0.0,281.4845157950196,1445.1317178443526,1445.1317178443526,281.4845157950196,0.15638028655278866,281.4845157950196,1238.5318694980863,1831.5705058621706,1831.5705058621706,8058.910225793552,2113.05502165719,2113.05502165719,9297.442095291639,0.26413187770714874,0.5781489802736516,2.890744901368258,0.131397495516739,162.73998576971314,162.73998576971314,0.0,162.73998576971314,162.73998576971314,0.0,281.4845157950196,0.0,281.4845157950196,1238.5318694980863,0.0,1757.9100466930552,-0.0659307095754931,139.49027319570493
84,84,2025,6NB,6,NB,MD,5,OP,MD,4.4,70,8000,1.6,6.5,75,1800,1,4,0.05,0.01,4439.0,0.0,549.0,0.0,0.0,1.0,1.0,1.0,1.83,0.915,0.1933404940923738,0.1933404940923738,30,4.136,0.708,3015.9640830728504,0.0,373.0038931306589,0.0,0.0,3388.9679762035094,4134.975762464827,1.0,1.2,0.356463427798692,4134.975762464827,0.0,1.0,60.31928166145701,2807.8625613408235,0.0,354.35369847412596,0.0,0.0,3219.5195773933337,0.1576140908495949,0.7880704542479745,,0.16907845187229803,0.16912959474979095,123.22207554519645,616.1103777259823,69.31191063687187,74.41892740560358,1.1282877861280434,3.5474846145138255,3.808869176657206,-0.26138456214338035,0.02564681458161482,474.7490549416919,2480.8957464697014,0.0,0.0,474.7490549416919,2853.8996396003604,14269.498198001802,474.7490549416919,0.2637494749676066,2373.7452747084594,10444.479208717223,3599.9074258616783,17999.53712930839,79197.96336895693,4074.6564808033704,20373.282404016853,89642.44257767416,0.5093320601004213,0.6935019997382177,3.4675099986910882,0.1576140908495949,329.2394189758923,329.2394189758923,0.0,1646.1970948794615,1646.1970948794615,0.0,2373.7452747084594,0.0,2373.7452747084594,10444.479208717223,0.0,16944.839881017546,-0.06862524020128735,159.19119187103394
85,85,2025,6NB,6,NB,PM-Shoulder,1,OP,PM,4.4,70,8000,1.6,6.5,75,1800,1,4,0.05,0.01,4956.0,0.0,613.0,0.0,0.0,1.0,1.0,1.0,1.83,0.915,0.1933404940923738,0.1933404940923738,30,4.135,0.592,4956.0,0.0,613.0,0.0,0.0,5569.0,6795.0,1.0,1.2,0.5857758620689655,6795.0,0.0,1.0,99.12,4614.036,0.0,582.35,0.0,0.0,5290.55,0.9149999649108324,4.574999824554162,,0.15545130387639008,0.15612471655842838,113.66139986807616,568.3069993403809,55.19900130210855,71.95534543542713,2.1554683133575714,3.6689421529761694,4.782695225862999,-1.1137530728868295,0.6927176582875828,717.2579123326034,4139.622087667397,0.0,0.0,717.2579123326034,4752.622087667397,4752.622087667397,717.2579123326034,0.39847661796255746,717.2579123326034,3155.9348142634553,5978.622087667397,5978.622087667397,26305.937185736548,6695.88,6695.88,29461.872000000003,0.836985,4.025999845607663,20.129999228038315,0.9149999649108325,2887.6802443119354,2887.6802443119354,0.0,2887.6802443119354,2887.6802443119354,0.0,717.2579123326034,0.0,717.2579123326034,3155.9348142634553,0.0,5569.0,-0.23287142924434656,216.88828216683638
86,86,2025,6NB,6,NB,PM-Peak,3,Peak,PM,4.4,70,8000,1.6,6.5,75,1800,1,4,0.05,0.01,5474.0,0.0,677.0,0.0,0.0,1.0,1.0,1.0,1.83,0.915,0.1933404940923738,0.1933404940923738,30,4.135,0.592,5474.0,0.0,677.0,0.0,0.0,6151.0,7505.0,1.0,1.2,0.6469827586206897,7505.0,0.0,1.0,109.48,5096.294,0.0,643.15,0.0,0.0,5843.45,0.9149999676665793,4.5749998383328965,,0.1933404905711562,0.19334045173036907,83.50518920694591,417.52594603472954,49.18627441670699,65.97168537650566,2.2741156898950186,4.001716774299928,5.367351016736647,-1.3656342424367187,1.0932068750360322,985.3199820548399,4379.200017945161,0.0,0.0,985.3199820548399,5056.200017945161,15168.600053835482,985.3199820548399,0.5473999900304666,2955.95994616452,13006.223763123888,6410.200017945161,19230.600053835482,84614.64023687613,7395.52,22186.56,97620.86400000002,0.92444,4.025999857732949,20.129999288664745,0.9149999676665793,3966.8981075742176,3966.8981075742176,0.0,11900.694322722653,11900.694322722653,0.0,2955.95994616452,0.0,2955.95994616452,13006.223763123888,0.0,18453.0,-0.2544335628838796,176.88483779738735
87,87,2025,6NB,6,NB,PM-Late,3,OP,PM,4.4,70,8000,1.6,6.5,75,1800,1,4,0.05,0.01,4463.0,0.0,552.0,0.0,0.0,1.0,1.0,1.0,1.83,0.915,0.1933404940923738,0.1933404940923738,30,4.135,0.592,1564.0184424439658,0.0,193.4434640889691,0.0,0.0,1757.4619065329348,2144.3488347108732,1.0,1.2,0.18485765816473046,2144.3488347108732,0.0,1.0,31.280368848879316,1456.101169915332,0.0,183.77129088452065,0.0,0.0,1669.588811206288,0.11575509002384797,0.5787754501192398,,0.19333679246407987,0.19333614713522745,104.31877515373895,521.5938757686948,69.99138595801183,74.93166662045014,0.0,3.5232100379834583,3.7718927320338373,-0.24868269405037902,0.0003179500146072068,281.51792969462446,1251.220143900462,0.0,0.0,281.51792969462446,1444.663607989431,4333.990823968294,281.51792969462446,0.1563988498303469,844.5537890838734,3716.0366719690433,1831.5505361673695,5494.6516085021085,24176.46707740928,2113.068465861994,6339.205397585982,27892.503749378324,0.26413355823274925,0.5093223961049311,2.546611980524655,0.11575509002384797,143.38338649856567,143.38338649856567,0.0,430.15015949569704,430.15015949569704,0.0,844.5537890838734,0.0,844.5537890838734,3716.0366719690433,0.0,5272.385719598804,-0.06593047886499337,122.88488301524129
88,88,2025,6SB,6,SB,Night,8,OP,NT,4.4,70,8000,1.6,5.0,75,1800,1,4,0.05,0.01,1437.0,0.0,178.0,0.0,0.0,1.0,1.0,1.0,1.83,0.915,0.1933404940923738,0.1933404940923738,30,4.103,0.708,1016.6733932853045,0.0,125.9344913046515,0.0,0.0,1142.607884589956,1394.476867199259,1.0,1.2,0.12021352303441887,1394.476867199259,0.0,1.0,20.33346786570609,946.5229291486185,0.0,119.63776673941892,0.0,0.0,1085.4774903604582,0.12532979637655225,0.6266489818827613,,0.19318259476888036,0.19318386184189848,111.75073210365873,558.7536605182937,69.99107611330422,74.98782499300842,0.0,3.52057150643607,3.77190942989113,-0.25133792345506034,0.0003293880468527858,182.85175546117122,813.4881699584272,0.0,0.0,182.85175546117122,939.4226612630787,7515.381290104629,182.85175546117122,0.10158430858953957,1462.8140436893698,6436.381792233227,1191.2916438723817,9530.333150979053,41933.46586430784,1374.143399333553,10993.147194668423,48369.84765654107,0.17176792491669413,0.55145110405683,2.7572555202841498,0.12532979637655225,100.83380242779236,100.83380242779236,0.0,806.6704194223389,806.6704194223389,0.0,1462.8140436893698,0.0,1462.8140436893698,6436.381792233227,0.0,9140.863076719648,-0.06663413534357181,131.64374794130828
89,89,2025,6SB,6,SB,AM-Early,1,OP,AM,4.4,70,8000,1.6,5.0,75,1800,1,4,0.05,0.01,3401.0,0.0,420.0,0.0,0.0,1.0,1.0,1.0,1.83,0.915,0.1933404940923738,0.1933404940923738,30,4.155,0.715,1017.5103680207421,0.0,125.65549972617222,0.0,0.0,1143.1658677469143,1394.4768671992588,1.0,1.2,0.12021352303441886,1394.4768671992588,0.0,1.0,20.350207360414842,947.3021526273109,0.0,119.37272473986361,0.0,0.0,1086.0075743595685,0.13276581854087308,0.6638290927043654,,0.19333875126891067,0.1933393516840815,118.3832273773687,591.9161368868434,69.99108709760388,74.98774928151204,0.0,3.520575060986505,3.7719088379331365,-0.2513337769466313,0.0003289825556272111,183.15021526331532,814.009945397012,0.0,0.0,183.15021526331532,939.6654451231842,939.6654451231842,183.15021526331532,0.10175011959073073,183.15021526331532,805.8609471585875,1190.9764445755286,1190.9764445755286,5240.296356132326,1374.1266598388438,1374.1266598388438,6046.157303290914,0.17176583247985547,0.5841696015798415,2.920848007899208,0.13276581854087308,106.99078827963312,106.99078827963312,0.0,106.99078827963312,106.99078827963312,0.0,183.15021526331532,0.0,183.15021526331532,805.8609471585875,0.0,1143.1658677469143,-0.06663304648803567,139.45668791756995
90,90,2025,6SB,6,SB,AM-Peak,2,Peak,AM,4.4,70,8000,1.6,5.0,75,1800,1,4,0.05,0.01,4170.0,0.0,515.0,0.0,0.0,1.0,1.0,1.0,1.83,0.915,0.1933404940923738,0.1933404940923738,30,4.155,0.715,3888.0679870021613,0.0,480.18105834678965,0.0,0.0,4368.249045348951,5328.611162042531,1.0,1.2,0.459363031210563,5328.611162042531,0.0,1.0,77.76135974004323,3619.791295899012,0.0,456.17200542945017,0.0,0.0,4149.836593081503,0.6276900079400739,3.1384500397003694,,0.13995593607890425,0.1402308683669447,137.9218311778834,689.609155889417,62.09563320346841,74.17598935646647,3.059083711844426,3.559103185416227,4.251506690252319,-0.6924035048360921,0.3288535113942674,506.61127922781606,3303.6953480343022,0.0,0.0,506.61127922781606,3783.876406381092,7567.752812762184,506.61127922781606,0.28145071068212,1013.2225584556321,4458.179257204782,4744.238523074671,9488.477046149343,41749.29900305711,5250.849802302488,10501.699604604975,46207.478260261894,0.656356225287811,2.7618360349363256,13.809180174681627,0.6276900079400739,1399.1772866765712,1399.1772866765712,0.0,2798.3545733531423,2798.3545733531423,0.0,1013.2225584556321,0.0,1013.2225584556321,4458.179257204782,0.0,8736.498090697902,-0.16286073509506796,239.32600129660946
91,91,2025,6SB,6,SB,AM-Shoulder,1,OP,AM,4.4,70,8000,1.6,5.0,75,1800,1,4,0.05,0.01,3163.0,0.0,391.0,0.0,0.0,1.0,1.0,1.0,1.83,0.915,0.1933404940923738,0.1933404940923738,30,4.155,0.715,1017.2348549241825,0.0,125.7473374250254,0.0,0.0,1142.982192349208,1394.4768671992588,1.0,1.2,0.12021352303441886,1394.4768671992588,0.0,1.0,20.34469709848365,947.045649934414,0.0,119.45997055377413,0.0,0.0,1085.8330827317475,0.1327678429979381,0.6638392149896905,,0.19333407156610388,0.19333493701616083,118.38463121008849,591.9231560504425,69.99108511015275,74.98776360867906,0.0,3.5205743883452034,3.7719089450394123,-0.2513345566942089,0.0003290559234262243,183.09619146078737,813.7939663649115,0.0,0.0,183.09619146078737,939.5413037899369,939.5413037899369,183.09619146078737,0.10172010636710409,183.09619146078737,805.6232424274644,1191.0359786399877,1191.0359786399877,5240.558306015946,1374.132170100775,1374.132170100775,6046.18154844341,0.1717665212625969,0.5841785091909276,2.920892545954638,0.1327678429979381,106.96086016609942,106.96086016609942,0.0,106.96086016609942,106.96086016609942,0.0,183.09619146078737,0.0,183.09619146078737,805.6232424274644,0.0,1142.982192349208,-0.06663325132085943,139.45838173817376
92,92,2025,6SB,6,SB,MD,5,OP,MD,4.4,70,8000,1.6,5.0,75,1800,1,4,0.05,0.01,4365.0,0.0,539.0,0.0,0.0,1.0,1.0,1.0,1.83,0.915,0.1933404940923738,0.1933404940923738,30,4.136,0.708,1017.5345244608434,0.0,125.64744757947184,0.0,0.0,1143.1819720403153,1394.4768671992588,1.0,1.2,0.12021352303441886,1394.4768671992588,0.0,1.0,20.35069048921687,947.3246422730451,0.0,119.36507520049825,0.0,0.0,1086.0228734382995,0.12947996751041838,0.6473998375520919,,0.19333954162279088,0.19333945659912205,115.45337106945426,577.2668553472712,69.99108728509042,74.98774793802015,0.0,3.520575124061663,3.7719088278292485,-0.25133370376758535,0.0003289756344638047,183.15531210504489,814.0285218665816,0.0,0.0,183.15531210504489,939.6759694460535,4698.379847230268,183.15531210504489,0.10175295116946938,915.7765605252245,4029.416866310988,1190.9708646049971,5954.854323024985,26201.359021309938,1374.126176710042,6870.63088355021,30230.775887620926,0.17176577208875526,0.5697118570458409,2.8485592852292045,0.12947996751041838,104.34575298717571,104.34575298717571,0.0,521.7287649358785,521.7287649358785,0.0,915.7765605252245,0.0,915.7765605252245,4029.416866310988,0.0,5715.9098602015765,-0.0666330272654626,136.00528265942427
93,93,2025,6SB,6,SB,PM-Shoulder,1,OP,PM,4.4,70,8000,1.6,5.0,75,1800,1,4,0.05,0.01,4521.0,0.0,559.0,0.0,0.0,1.0,1.0,1.0,1.83,0.915,0.1933404940923738,0.1933404940923738,30,4.135,0.592,1017.171654825403,0.0,125.76840412461851,0.0,0.0,1142.9400589500215,1394.4768671992585,1.0,1.2,0.12021352303441885,1394.4768671992585,0.0,1.0,20.34343309650806,946.9868106424502,0.0,119.47998391838759,0.0,0.0,1085.7930560025204,0.1170312212782305,0.5851561063911525,,0.19319183194533315,0.19319416821223942,104.35192197037341,521.759609851867,69.99107973451872,74.98779901244151,0.0,3.5205727261870794,3.7719092347392165,-0.2513365085521371,0.0003292543677919215,182.95011677608326,813.8781049528117,0.0,0.0,182.95011677608326,939.6465090774302,939.6465090774302,182.95011677608326,0.1016389537644907,182.95011677608326,804.9805138147664,1191.1833173266673,1191.1833173266673,5241.206596237336,1374.1334341027505,1374.1334341027505,6046.187110052103,0.1717666792628438,0.5149373736242142,2.574686868121071,0.1170312212782305,94.20785263691961,94.20785263691961,0.0,94.20785263691961,94.20785263691961,0.0,182.95011677608326,0.0,182.95011677608326,804.9805138147664,0.0,1142.9400589500215,-0.06663376367525824,122.92779348068231
94,94,2025,6SB,6,SB,PM-Peak,3,Peak,PM,4.4,70,8000,1.6,5.0,75,1800,1,4,0.05,0.01,4840.0,0.0,598.0,0.0,0.0,1.0,1.0,1.0,1.83,0.915,0.1933404940923738,0.1933404940923738,30,4.135,0.592,1017.3753447760645,0.0,125.70050747439805,0.0,0.0,1143.0758522504625,1394.4768671992588,1.0,1.2,0.12021352303441886,1394.4768671992588,0.0,1.0,20.34750689552129,947.176445986516,0.0,119.41548210067815,0.0,0.0,1085.9220596379394,0.11699421139546944,0.5849710569773472,,0.1933341569086803,0.19333545881051192,104.31998018907656,521.5999009453828,69.99108604345207,74.98775682907933,0.0,3.520574706638298,3.771908894742721,-0.2513341881044231,0.0003290214701927042,183.12155962856323,813.90627825198,0.0,0.0,183.12155962856323,939.606785726378,2818.820357179134,183.12155962856323,0.10173419979364624,549.3646788856897,2417.204587097035,1191.0078006751742,3573.0234020255225,15721.3029689123,1374.1293603037375,4122.3880809112125,18138.507556009336,0.17176617003796718,0.5147745301400656,2.573872650700328,0.11699421139546944,94.26631481630965,94.26631481630965,0.0,282.7989444489289,282.7989444489289,0.0,549.3646788856897,0.0,549.3646788856897,2417.204587097035,0.0,3429.2275567513875,-0.0666331544896888,122.89005344378924
95,95,2025,6SB,6,SB,PM-Late,3,OP,PM,4.4,70,8000,1.6,5.0,75,1800,1,4,0.05,0.01,4021.0,0.0,497.0,0.0,0.0,1.0,1.0,1.0,1.83,0.915,0.1933404940923738,0.1933404940923738,30,4.135,0.592,1017.2698626647713,0.0,125.73566817816248,0.0,0.0,1143.0055308429337,1394.4768671992588,1.0,1.2,0.12021352303441886,1394.4768671992588,0.0,1.0,20.345397253295427,947.0782421409019,0.0,119.44888476925435,0.0,0.0,1085.855254300787,0.11699434876064342,0.5849717438032171,,0.19333403356498216,0.1933356129261255,104.31997688867028,521.5998844433515,69.9910853406576,74.98776193308274,0.0,3.5205744670121932,3.7719089326172117,-0.2513344656050185,0.0003290474142185841,183.10245665473343,813.8220087567424,0.0,0.0,183.10245665473343,939.557676934905,2818.673030804715,183.10245665473343,0.10172358703040746,549.3073699642002,2416.952427842481,1191.0290132912298,3573.0870398736897,15721.582975444237,1374.1314699459633,4122.39440983789,18138.535403286718,0.1717664337432454,0.5147751345468311,2.5738756727341556,0.11699434876064342,94.2565917602957,94.2565917602957,0.0,282.76977528088713,282.76977528088713,0.0,549.3073699642002,0.0,549.3073699642002,2416.952427842481,0.0,3429.016592528801,-0.06663322739094478,122.89006204723695
96,96,2025,7NB,7,NB,Night,8,OP,NT,5.6,70,6000,1.6,6.5,75,1800,1,4,0.05,0.01,769.0,0.0,95.0,0.0,0.0,1.0,1.0,1.0,1.83,0.915,0.24291497975708504,0.24291497975708504,30,4.103,0.708,769.0,0.0,95.0,0.0,0.0,864.0,1054.0,1.0,1.2,0.10979166666666666,1054.0,0.0,1.0,15.38,715.939,0.0,90.25,0.0,0.0,820.8,0.11089919590072303,0.5544959795036152,,0.242907790809718,0.24290623039487472,99.13196119499696,495.65980597498475,69.99957276442086,74.99082929412775,0.0,4.480547863821409,4.800029296332804,-0.31948143251139527,2.0067987971151974e-05,173.9071608445187,579.7128391554813,0.0,0.0,173.9071608445187,674.7128391554813,5397.702713243851,173.9071608445187,0.09661508935806594,1391.2572867561496,7791.040805834437,864.7128391554813,6917.702713243851,38739.13519416556,1038.6200000000001,8308.960000000001,46530.176,0.17310333333333336,0.6210354970440489,3.1051774852202447,0.11089919590072304,108.00252007459504,108.00252007459504,0.0,864.0201605967603,864.0201605967603,0.0,1391.2572867561496,0.0,1391.2572867561496,7791.040805834437,0.0,6912.0,-0.06655822554155603,116.63316246497008
97,97,2025,7NB,7,NB,AM-Early,1,OP,AM,5.6,70,6000,1.6,6.5,75,1800,1,4,0.05,0.01,930.0,0.0,115.0,0.0,0.0,1.0,1.0,1.0,1.83,0.915,0.24291497975708504,0.24291497975708504,30,4.155,0.715,930.0,0.0,115.0,0.0,0.0,1045.0,1275.0,1.0,1.2,0.1328125,1275.0,0.0,1.0,18.6,865.8299999999999,0.0,109.25,0.0,0.0,992.75,0.1172041900016103,0.5860209500080514,,0.2429088820562397,0.2429081018269673,104.93323388883945,524.6661694441973,69.99852715948947,74.98038556138154,0.0,4.481171942293345,4.8001009969028985,-0.3189290546095531,6.918287848533808e-05,210.317797350754,701.0822026492459,0.0,0.0,210.317797350754,816.0822026492459,816.0822026492459,210.317797350754,0.11684322075041889,210.317797350754,1177.7796651642223,1046.082202649246,1046.082202649246,5858.060334835777,1256.4,1256.4,7035.839999999999,0.2094,0.6563434640090177,3.2817173200450878,0.1172041900016103,138.04071165594047,138.04071165594047,0.0,138.04071165594047,138.04071165594047,0.0,210.317797350754,0.0,210.317797350754,1177.7796651642223,0.0,1045.0,-0.06644215503284852,123.47764266492597
98,98,2025,7NB,7,NB,AM-Peak,2,Peak,AM,5.6,70,6000,1.6,6.5,75,1800,1,4,0.05,0.01,1497.0,0.0,185.0,0.0,0.0,1.0,1.0,1.0,1.83,0.915,0.24291497975708504,0.24291497975708504,30,4.155,0.715,1216.7333462711306,0.0,150.3645083902199,0.0,0.0,1367.0978546613505,1667.8268714417902,1.0,1.2,0.1737319657751865,1667.8268714417902,0.0,1.0,24.334666925422614,1132.7787453784224,0.0,142.8462829707089,0.0,0.0,1298.742961928283,0.11667425948047352,0.5833712974023676,,0.24288820132748665,0.2428879401831695,104.9376725385905,524.6883626929525,69.99156212618861,74.94257899246769,0.0,4.483432576209722,4.80057866681446,-0.3171460906047381,0.00039638676790527445,275.138591966972,917.260087378736,0.0,0.0,275.138591966972,1067.624595768956,2135.249191537912,275.138591966972,0.15285477331498445,550.277183933944,3081.5522300300863,1368.3536125493956,2736.7072250987912,15325.56046055323,1643.4922045163676,3286.984409032735,18407.112690583315,0.2739153674193946,0.6533758530906517,3.2668792654532584,0.11667425948047352,179.76891224458106,179.76891224458106,0.0,359.5378244891621,359.5378244891621,0.0,550.277183933944,0.0,550.277183933944,3081.5522300300863,0.0,2734.195709322701,-0.0660641378084505,123.61038759988243
99,99,2025,7NB,7,NB,AM-Shoulder,1,OP,AM,5.6,70,6000,1.6,6.5,75,1800,1,4,0.05,0.01,1769.0,0.0,219.0,0.0,0.0,1.0,1.0,1.0,1.83,0.915,0.24291497975708504,0.24291497975708504,30,4.155,0.715,1216.1524054330284,0.0,150.55815533625395,0.0,0.0,1366.7105607692824,1667.8268714417902,1.0,1.2,0.1737319657751865,1667.8268714417902,0.0,1.0,24.32304810866057,1132.2378894581495,0.0,143.03024756944123,0.0,0.0,1298.3750327308182,0.11667065708893604,0.5833532854446801,,0.24291038089187633,0.2429090107318004,104.93248789320502,524.662439466025,69.99155794133287,74.94266927453477,0.0,4.483427175100254,4.800578953845208,-0.3171517787449538,0.00039658338396754243,275.0323369884933,916.7970203358745,0.0,0.0,275.0323369884933,1067.3551756721286,1067.3551756721286,275.0323369884933,0.15279574277138516,275.0323369884933,1540.1810871355624,1368.4714863446363,1368.4714863446363,7663.440323529963,1643.5038233331297,1643.5038233331297,9203.621410665526,0.27391730388885493,0.6533556796980418,3.2667783984902083,0.11667065708893604,179.6939394720579,179.6939394720579,0.0,179.6939394720579,179.6939394720579,0.0,275.0323369884933,0.0,275.0323369884933,1540.1810871355624,0.0,1366.7105607692824,-0.06606531874471493,123.60435415816264
100,100,2025,7NB,7,NB,MD,5,OP,MD,5.6,70,6000,1.6,6.5,75,1800,1,4,0.05,0.01,2550.0,0.0,315.0,0.0,0.0,1.0,1.0,1.0,1.83,0.915,0.24291497975708504,0.24291497975708504,30,4.136,0.708,1216.8693911807052,0.0,150.31916008702828,0.0,0.0,1367.1885512677334,1667.82687144179,1.0,1.2,0.17373196577518646,1667.82687144179,0.0,1.0,24.337387823614105,1132.9054031892365,0.0,142.80320208267685,0.0,0.0,1298.8291237043466,0.11391464978145087,0.5695732489072544,,0.24290835204722483,0.24291080327686307,102.45657159398073,512.2828579699036,69.99156423626687,74.94253582322132,0.0,4.483435158807219,4.800578522088496,-0.3171433632812768,0.00039628763061967453,275.19218451409427,917.3398188429968,0.0,0.0,275.19218451409427,1067.6589789300251,5338.294894650126,275.19218451409427,0.1528845469522746,1375.9609225704712,7705.381166394638,1368.2972991040815,6841.4864955204075,38312.32437491428,1643.4894836181757,8217.447418090878,46017.70554130892,0.27391491393636264,0.6379220387761249,3.189610193880624,0.11391464978145087,175.55115940048654,175.55115940048654,0.0,877.7557970024327,877.7557970024327,0.0,1375.9609225704712,0.0,1375.9609225704712,7705.381166394638,0.0,6835.942756338667,-0.06606357167621191,120.68776067251586
101,101,2025,7NB,7,NB,PM-Shoulder,1,OP,PM,5.6,70,6000,1.6,6.5,75,1800,1,4,0.05,0.01,3265.0,0.0,404.0,0.0,0.0,1.0,1.0,1.0,1.83,0.915,0.24291497975708504,0.24291497975708504,30,4.135,0.592,1216.3177876384734,0.0,150.50302793443896,0.0,0.0,1366.8208155729124,1667.8268714417904,1.0,1.2,0.17373196577518651,1667.8268714417904,0.0,1.0,24.32635575276947,1132.3918602914189,0.0,142.977876537717,0.0,0.0,1298.4797747942666,0.10496866475695175,0.5248433237847587,,0.2428895107457385,0.24289244120654668,94.40807756250011,472.0403878125005,69.99155848368225,74.94265620257661,0.0,4.4834279571271445,4.800578916646565,-0.3171509595194202,0.0003965579028964035,275.0461049186394,916.9453269670645,0.0,0.0,275.0461049186394,1067.4483549015035,1067.4483549015035,275.0461049186394,0.15280339162146633,275.0461049186394,1540.2581875443805,1368.4544107703814,1368.4544107703814,7663.3447003141355,1643.5005156890209,1643.5005156890209,9203.602887858517,0.27391675261483683,0.5878245226389298,2.9391226131946486,0.10496866475695175,161.67884532749622,161.67884532749622,0.0,161.67884532749622,161.67884532749622,0.0,275.0461049186394,0.0,275.0461049186394,1540.2581875443805,0.0,1366.8208155729124,-0.06606514860523642,111.20720369813709
102,102,2025,7NB,7,NB,PM-Peak,3,Peak,PM,5.6,70,6000,1.6,6.5,75,1800,1,4,0.05,0.01,3772.0,0.0,466.0,0.0,0.0,1.0,1.0,1.0,1.83,0.915,0.24291497975708504,0.24291497975708504,30,4.135,0.592,2932.5413302551465,0.0,362.2916913835891,0.0,0.0,3294.8330216387358,4019.416404405914,1.0,1.2,0.4186892087922827,4019.416404405914,0.0,1.0,58.65082660510293,2730.1959784675414,0.0,344.1771068144096,0.0,0.0,3130.0913705567987,0.2924152197764391,1.4620760988821955,,0.16117454867376346,0.1613108238774165,112.22863693184024,561.1431846592013,66.3064656706276,74.56072245618496,4.473191012189761,4.506394103107676,5.067379125122651,-0.5609850220149744,0.18315470070901604,440.03810462043003,2433.8523990296135,0.0,0.0,440.03810462043003,2796.144090413203,8388.432271239608,440.03810462043003,0.2444656136780167,1320.1143138612902,7392.640157623225,3520.727473180381,10562.182419541143,59148.2215494304,3960.765577800811,11882.296733402432,66540.86170705363,0.6601275963001352,1.6375252307480588,8.187626153740295,0.2924152197764391,720.5734988065082,720.5734988065082,0.0,2161.7204964195244,2161.7204964195244,0.0,1320.1143138612902,0.0,1320.1143138612902,7392.640157623225,0.0,9884.499064916206,-0.1107051610237267,175.14106435850778
103,103,2025,7NB,7,NB,PM-Late,3,OP,PM,5.6,70,6000,1.6,6.5,75,1800,1,4,0.05,0.01,2896.0,0.0,358.0,0.0,0.0,1.0,1.0,1.0,1.83,0.915,0.24291497975708504,0.24291497975708504,30,4.135,0.592,1216.6313903514922,0.0,150.39849369676594,0.0,0.0,1367.029884048258,1667.82687144179,1.0,1.2,0.17373196577518646,1667.82687144179,0.0,1.0,24.332627807029844,1132.683824417239,0.0,142.87856901192762,0.0,0.0,1298.678389845845,0.10496235582097135,0.5248117791048568,,0.24291400776142827,0.24291396899507334,94.40396644409915,472.01983222049574,69.99156236935094,74.94257582250741,0.0,4.4834327658522986,4.800578650136451,-0.3171458842841526,0.0003963753434690703,275.1447673157335,917.1539952287288,0.0,0.0,275.1447673157335,1067.5524889254948,3202.6574667764844,275.1447673157335,0.15285820406429637,825.4343019472004,4622.432090904322,1368.3494763190265,4105.0484289570795,22988.271202159645,1643.49424363476,4930.48273090428,27610.70329306397,0.27391570727246,0.5877891925974396,2.938945962987198,0.10496235582097135,161.72712062792536,161.72712062792536,0.0,485.18136188377605,485.18136188377605,0.0,825.4343019472004,0.0,825.4343019472004,4622.432090904322,0.0,4101.089652144774,-0.06606409505969411,111.20229933126912
104,104,2025,7SB,7,SB,Night,8,OP,NT,5.6,70,6000,1.6,5.0,75,1800,1,4,0.05,0.01,729.0,0.0,90.0,0.0,0.0,1.0,1.0,1.0,1.83,0.915,0.24291497975708504,0.24291497975708504,30,4.103,0.708,729.0,0.0,90.0,0.0,0.0,819.0,999.0,1.0,1.2,0.1040625,999.0,0.0,1.0,14.58,678.699,0.0,85.5,0.0,0.0,778.05,0.11115207992296597,0.5557603996148298,,0.24290564698440467,0.24290759586078325,99.13210448056846,495.6605224028423,69.99418404692837,74.99259365990758,0.0,4.480442449073898,4.800398841348377,-0.31995639227447903,0.0002732063236384004,164.85981970266846,549.5601802973315,0.0,0.0,164.85981970266846,639.5601802973315,5116.481442378652,164.85981970266846,0.0915887887237047,1318.8785576213477,7385.7199226795465,819.5601802973315,6556.481442378652,36716.29607732045,984.42,7875.36,44102.015999999996,0.16407,0.6224516475686094,3.112258237843047,0.11115207992296597,102.61726639178987,102.61726639178987,0.0,820.938131134319,820.938131134319,0.0,1318.8785576213477,0.0,1318.8785576213477,7385.7199226795465,0.0,6552.0,-0.06665204347574731,116.72559059885211
105,105,2025,7SB,7,SB,AM-Early,1,OP,AM,5.6,70,6000,1.6,5.0,75,1800,1,4,0.05,0.01,2298.0,0.0,284.0,0.0,0.0,1.0,1.0,1.0,1.83,0.915,0.24291497975708504,0.24291497975708504,30,4.155,0.715,791.2365039071351,0.0,97.78553834187396,0.0,0.0,889.022042249009,1084.593118932757,1.0,1.2,0.11297844988882887,1084.593118932757,0.0,1.0,15.824730078142702,736.6411851375427,0.0,92.89626142478026,0.0,0.0,844.5709401365585,0.11771982122635806,0.5885991061317903,,0.2429079899848817,0.24290614589377624,104.93379581997443,524.6689790998722,69.99122542110405,74.98972178822767,0.0,4.4806140359990945,4.800601760841408,-0.3199877248423135,0.00041220617636450284,178.9360296218416,596.4757442071508,0.0,0.0,178.9360296218416,694.2612825490247,694.2612825490247,178.9360296218416,0.09940890534546756,178.9360296218416,1002.0417658823129,889.8323592327727,889.8323592327727,4983.061211703526,1068.7683888546144,1068.7683888546144,5985.102977585839,0.1781280648091024,0.6592309988676051,3.2961549943380257,0.11771982122635806,117.96017754101001,117.96017754101001,0.0,117.96017754101001,117.96017754101001,0.0,178.9360296218416,0.0,178.9360296218416,1002.0417658823129,0.0,889.022042249009,-0.06665575292090649,123.61055397218134
106,106,2025,7SB,7,SB,AM-Peak,2,Peak,AM,5.6,70,6000,1.6,5.0,75,1800,1,4,0.05,0.01,3435.0,0.0,425.0,0.0,0.0,1.0,1.0,1.0,1.83,0.915,0.24291497975708504,0.24291497975708504,30,4.155,0.715,790.9930708140168,0.0,97.86668270624662,0.0,0.0,888.8597535202634,1084.5931189327566,1.0,1.2,0.11297844988882881,1084.5931189327566,0.0,1.0,15.819861416280338,736.4145489278496,0.0,92.97334857093429,0.0,0.0,844.4167658442502,0.11777064899543936,0.5888532449771968,,0.24272285301494295,0.24272319304067233,104.97794208525202,524.8897104262602,69.99121614684513,74.98976314890108,0.0,4.480611564712268,4.800602396950139,-0.3199908322378713,0.000412641910844968,178.74464031747996,596.4285690802566,0.0,0.0,178.74464031747996,694.2952517865032,1388.5905035730063,178.74464031747996,0.09930257795415554,357.4892806349599,2001.9399715557754,890.0286171989965,1780.057234397993,9968.32051262876,1068.7732575164764,2137.546515032953,11970.260484184535,0.17812887625274607,0.6595156343744604,3.297578171872302,0.11777064899543936,117.88488485001754,117.88488485001754,0.0,235.76976970003508,235.76976970003508,0.0,357.4892806349599,0.0,357.4892806349599,2001.9399715557754,0.0,1777.7195070405269,-0.06665639138145746,123.66272429033783
107,107,2025,7SB,7,SB,AM-Shoulder,1,OP,AM,5.6,70,6000,1.6,5.0,75,1800,1,4,0.05,0.01,3333.0,0.0,412.0,0.0,0.0,1.0,1.0,1.0,1.83,0.915,0.24291497975708504,0.24291497975708504,30,4.155,0.715,791.190384198485,0.0,97.80091157809055,0.0,0.0,888.9912957765756,1084.5931189327566,1.0,1.2,0.11297844988882881,1084.5931189327566,0.0,1.0,15.8238076839697,736.5982476887896,0.0,92.91086599918602,0.0,0.0,844.5417309877467,0.11771979879755733,0.5885989939877866,,0.24290704192955564,0.24290784666799045,104.93370565742693,524.6685282871346,69.99122488207388,74.98972433144931,0.0,4.480613884042347,4.800601797812745,-0.31998791377039826,0.00041223150173028524,178.924901436578,596.4416750779374,0.0,0.0,178.924901436578,694.2425866560279,694.2425866560279,178.924901436578,0.09940272302032112,178.924901436578,1001.9794480448368,889.844409812209,889.844409812209,4983.12869494837,1068.769311248787,1068.769311248787,5985.108142993207,0.17812821854146452,0.659230873266321,3.2961543663316046,0.11771979879755733,117.95281902312574,117.95281902312574,0.0,117.95281902312574,117.95281902312574,0.0,178.924901436578,0.0,178.924901436578,1001.9794480448368,0.0,888.9912957765756,-0.06665579176264765,123.61045743859076
108,108,2025,7SB,7,SB,MD,5,OP,MD,5.6,70,6000,1.6,5.0,75,1800,1,4,0.05,0.01,2635.0,0.0,326.0,0.0,0.0,1.0,1.0,1.0,1.83,0.915,0.24291497975708504,0.24291497975708504,30,4.136,0.708,791.0054991386147,0.0,97.86253993138081,0.0,0.0,888.8680390699956,1084.593118932757,1.0,1.2,0.11297844988882887,1084.593118932757,0.0,1.0,15.820109982772294,736.4261196980502,0.0,92.96941293481176,0.0,0.0,844.4246371164958,0.11494049151126944,0.5747024575563472,,0.24291465619675037,0.24291462982059203,102.45604617324922,512.280230866246,69.99122312824294,74.98973274910801,0.0,4.480613381089782,4.800601918105599,-0.3199885370158171,0.00041231390233522583,178.8886976807588,596.2966914750837,0.0,0.0,178.8886976807588,694.1592314064644,3470.7961570323223,178.8886976807588,0.09938260982264378,894.443488403794,5008.883535061246,889.8843112692261,4449.421556346131,24916.760715538334,1068.773008949985,5343.865044749925,29925.64425059958,0.1781288348249975,0.6436667524631088,3.218333762315544,0.11494049151126944,115.14470708852889,115.14470708852889,0.0,575.7235354426444,575.7235354426444,0.0,894.443488403794,0.0,894.443488403794,5008.883535061246,0.0,4444.340195349978,-0.06665591991891094,120.69183948885498
109,109,2025,7SB,7,SB,PM-Shoulder,1,OP,PM,5.6,70,6000,1.6,5.0,75,1800,1,4,0.05,0.01,2723.0,0.0,336.0,0.0,0.0,1.0,1.0,1.0,1.83,0.915,0.24291497975708504,0.24291497975708504,30,4.135,0.592,791.5698372698732,0.0,97.67442722096122,0.0,0.0,889.2442644908344,1084.5931189327569,1.0,1.2,0.11297844988882884,1084.5931189327569,0.0,1.0,15.831396745397464,736.951518498252,0.0,92.79070585991316,0.0,0.0,844.7820512662927,0.10590826066894946,0.5295413033447472,,0.24290829769485217,0.24290793596253088,94.40556718679792,472.02783593398954,69.99122908278348,74.9897044116504,0.0,4.480615074244766,4.800601509691872,-0.31998643544710603,0.0004120341389322278,179.01163884204675,596.726801682429,0.0,0.0,179.01163884204675,694.4012289033902,694.4012289033902,179.01163884204675,0.09945091046780374,179.01163884204675,1002.4651775154617,889.7500833453128,889.7500833453128,4982.600466733751,1068.7617221873595,1068.7617221873595,5985.065644249213,0.17812695369789325,0.593086259746117,2.9654312987305844,0.10590826066894946,106.16934333185222,106.16934333185222,0.0,106.16934333185222,106.16934333185222,0.0,179.01163884204675,0.0,179.01163884204675,1002.4651775154617,0.0,889.2442644908344,-0.06665548781774316,111.2083877400774
110,110,2025,7SB,7,SB,PM-Peak,3,Peak,PM,5.6,70,6000,1.6,5.0,75,1800,1,4,0.05,0.01,2613.0,0.0,323.0,0.0,0.0,1.0,1.0,1.0,1.83,0.915,0.24291497975708504,0.24291497975708504,30,4.135,0.592,791.1897877641803,0.0,97.80111038952553,0.0,0.0,888.9908981537059,1084.5931189327569,1.0,1.2,0.11297844988882884,1084.5931189327569,0.0,1.0,15.823795755283607,736.5976924084518,0.0,92.91105487004926,0.0,0.0,844.5413532460205,0.1059088046765537,0.5295440233827685,,0.24290745020654284,0.2429088765278519,94.40555921349966,472.0277960674983,69.99122489010776,74.98972429896695,0.0,4.480613885983159,4.800601797261712,-0.3199879112785533,0.00041223112427292945,178.92506729096038,596.4409247179364,0.0,0.0,178.92506729096038,694.2420351074619,2082.7261053223856,178.92506729096038,0.09940281516164466,536.7752018728811,3005.941130488134,889.8442558865129,2669.532767659539,14949.383498893416,1068.7693231774733,3206.30796953242,17955.32462938155,0.17812822052957888,0.5930893061887007,2.9654465309435034,0.1059088046765537,106.11854401936228,106.11854401936228,0.0,318.3556320580868,318.3556320580868,0.0,536.7752018728811,0.0,536.7752018728811,3005.941130488134,0.0,2666.9726944611175,-0.06665579125122939,111.20844606015308
111,111,2025,7SB,7,SB,PM-Late,3,OP,PM,5.6,70,6000,1.6,5.0,75,1800,1,4,0.05,0.01,2089.0,0.0,258.0,0.0,0.0,1.0,1.0,1.0,1.83,0.915,0.24291497975708504,0.24291497975708504,30,4.135,0.592,791.3779341426928,0.0,97.73839493002141,0.0,0.0,889.1163290727142,1084.593118932757,1.0,1.2,0.11297844988882887,1084.593118932757,0.0,1.0,15.827558682853855,736.7728566868469,0.0,92.85147518352034,0.0,0.0,844.6605126190784,0.10590852277206221,0.5295426138603111,,0.24290726783072947,0.24290916488537395,94.4055495014249,472.02774750712456,69.99122694444203,74.98971455087454,0.0,4.480614468428878,4.800601656357756,-0.31998718792887804,0.0004121346050628963,178.96748162964357,596.5828938301954,0.0,0.0,178.96748162964357,694.3212887602168,2082.9638662806506,178.96748162964357,0.09942637868313532,536.9024448889307,3006.653691378012,889.7980786202597,2669.394235860779,14948.607720820362,1068.7655602499033,3206.29668074971,17955.261412198375,0.17812759337498388,0.5930877275235483,2.965438637617742,0.10590852277206221,106.14341698033769,106.14341698033769,0.0,318.43025094101307,318.43025094101307,0.0,536.9024448889307,0.0,536.9024448889307,3006.653691378012,0.0,2667.3489872181426,-0.06665564252870215,111.20840144175479
