,index,Year,SegDir,Segment,Direction,Period,Hours/Day,Peak,4Periods,Length,Speed GP,Capacity GP,Alpha GP,Beta GP,Speed ML,Capacity ML,Alpha ML,Beta ML,MinToll,MinCapture,AADT Lights,AADT MediumA,AADT MediumB,AADT HeavyA,AADT HeavyB,GrowthFactor,GrowthFactor_medium,GrowthFactor_heavy,MaxToll,Soft Cap,MaxCapture,MaxCap_aux,Min Speed,B1,B2,TotalLights,TotalMediumA,TotalMediumB,TotalHeavyA,TotalHeavyB,TotalVeh,Corridor PCE pre-fix,Suppressed ratio ref,Max VC,Suppressed ratio,Corridor PCE,Suppressed Demand,PCE ratio,HOV3,InScopeLights,InScopeMediumA,InScopeMediumB,InScopeHeavyA,InScopeHeavyB,InScopeVeh,TollLights,TollMediumA,TollMediumB,CaptureRateLights,CaptureRateMediumA,VOT Lights,VOT MediumA,Speed GP Real,Speed ML Real,Bounus Seg,Time ML,Time GP,Time Savings,BonusRel,MLVeh_Lights,GPVeh_Lights,MLVeh_MediumA,GPVeh_MediumA,MLVeh,GPVeh,GPVehDay,ML PCE,ML V/C,ML Volume,ML PCE Total,GP PCE,GP Volume,GP PCE Total,Highway PCE,Highway Volume,Highway PCE Total,Highway V/C,TollLightsPerSeg,TollMediumAPerSeg,TollBlend,RevenuePerHour,RevenuePerHourLights,RevenuePerHourMediumA,RevenuePerDay,RevenuePerDayLights,RevenuePerDayMediumA,TransactionsDay_Lights,TransactionsDay_MediumA,TransactionsDay,TransactionsLightsLength,TransactionsMediumALength,TotalVeh_hours,Difference in Travel Time,Implied Min VOT
0,0,2025,1NB,1,NB,Night,8,OP,NT,3.0,65,12000,1,6,70,1800,1,6,0.1,0.01,1830.0,226.0,0.0,0.0,0.0,1.0,1.0,1.0,3.66,1.83,0.13729977116704806,0.13729977116704806,30,4.103,0.739,1830.0,226.0,0.0,0.0,0.0,2056.0,2508.0,1.0,1.2,0.16076923076923078,2508.0,0.0,1.0,36.6,1703.73,214.7,0.0,0.0,0.0,1953.1999999999998,0.1753594827988433,0.8767974139942165,,0.13729959352173274,0.13729972695062673,135.68214888570762,678.410744428538,64.99762706223386,69.99559765188631,0.0,2.571590300510123,2.769331868495042,-0.19774156798491882,0.00013850599205325853,233.9214364707817,1559.4785635292183,29.478251376299557,196.52174862370043,263.3996878470813,1756.0003121529187,14048.00249722335,322.3561905996804,0.179086772555378,2578.8495247974433,7736.54857439233,2149.0438094003193,17192.350475202555,51577.051425607664,2471.3999999999996,19771.199999999997,59313.59999999999,0.20594999999999997,0.52607844839653,2.6303922419826495,0.253860576819323,200.60039007266903,123.0610263452363,77.53936372743271,1604.8031205813522,984.4882107618904,620.3149098194617,1871.3714917662537,235.82601101039646,2107.1975027766503,5614.114475298761,707.4780330311894,16448.0,-0.07140407050325065,53.20868583753239
1,1,2025,1NB,1,NB,AM-Early,1,OP,AM,3.0,65,12000,1,6,70,1800,1,6,0.1,0.01,3467.0,429.0,0.0,0.0,0.0,1.0,1.0,1.0,3.66,1.83,0.13729977116704806,0.13729977116704806,30,4.155,0.739,3467.0,429.0,0.0,0.0,0.0,3896.0,4754.0,1.0,1.2,0.3047435897435897,4754.0,0.0,1.0,69.34,3227.7769999999996,407.54999999999995,0.0,0.0,0.0,3701.2,0.18213949288923467,0.9106974644461734,,0.13729928967331068,0.13729923279453682,142.91531894320784,714.5765947160392,64.89011074445901,69.79643226513396,-0.15716388198694287,2.5789283801246246,2.7739203699135353,-0.19499198978891075,0.00642475293538938,443.17148932384964,2954.4885106761503,55.956302325413475,373.0436976745865,499.12779164926314,3327.5322083507367,3327.5322083507367,611.04039630009,0.33946688683338333,611.04039630009,1833.1211889002702,4073.61960369991,4073.61960369991,12220.85881109973,4684.66,4684.66,14053.98,0.39038833333333334,0.546418478667704,2.73209239333852,0.26381679237064143,395.03487892785125,242.15709098523854,152.8777879426127,395.03487892785125,242.15709098523854,152.8777879426127,443.17148932384964,55.956302325413475,499.12779164926314,1329.514467971549,167.86890697624042,3896.0,-0.07029473228713799,56.045223114983465
2,2,2025,1NB,1,NB,AM-Peak,2,Peak,AM,3.0,65,12000,1,6,70,1800,1,6,0.1,0.01,4855.0,600.0,0.0,0.0,0.0,1.0,1.0,1.0,3.66,1.83,0.13729977116704806,0.13729977116704806,30,4.155,0.739,4855.0,600.0,0.0,0.0,0.0,5455.0,6655.0,1.0,1.2,0.4266025641025641,6655.0,0.0,1.0,97.10000000000001,4520.004999999999,570.0,0.0,0.0,0.0,5182.25,0.22711774825122247,1.1355887412561123,,0.11108107090455095,0.11114521069596718,157.0819905626828,785.4099528134141,64.03603270521148,69.50607638690762,0.4382620745348628,2.5897016398685015,2.810917422517822,-0.2212157826493204,0.05711071500326168,502.0869958939247,4255.813004106075,63.35277009670129,536.6472299032987,565.439765990626,4792.460234009373,9584.920468018747,692.1453061840286,0.38452517010223813,1384.2906123680573,4152.871837104172,5865.754693815971,11731.509387631942,35194.528162895826,6557.9,13115.8,39347.399999999994,0.5464916666666666,0.6813532447536674,3.406766223768337,0.3289042822395568,557.9266811485496,342.09860380094693,215.8280773476027,1115.8533622970992,684.1972076018939,431.6561546952054,1004.1739917878494,126.70554019340258,1130.879531981252,3012.5219753635483,380.1166205802077,10910.0,-0.07869878384800465,61.600780612816784
3,3,2025,1NB,1,NB,AM-Shoulder,1,OP,AM,3.0,65,12000,1,6,70,1800,1,6,0.1,0.01,4132.0,511.0,0.0,0.0,0.0,1.0,1.0,1.0,3.66,1.83,0.13729977116704806,0.13729977116704806,30,4.155,0.739,4132.0,511.0,0.0,0.0,0.0,4643.0,5665.0,1.0,1.2,0.3631410256410256,5665.0,0.0,1.0,82.64,3846.892,485.45,0.0,0.0,0.0,4410.849999999999,0.18462975322152061,0.9231487661076031,,0.132114460635089,0.1321570327726161,145.44834360672894,727.2417180336448,64.67580666095078,69.52770368963571,-0.10317733289817044,2.5888960867095636,2.7831117892910386,-0.19421570258147502,0.019016997482568625,508.2300617014388,3541.1299382985612,64.15563155946649,446.8443684405335,572.3856932609053,3987.9743067390946,3987.9743067390946,700.6969563798382,0.3892760868776879,700.6969563798382,2102.0908691395143,4881.663043620161,4881.663043620161,14644.989130860484,5582.36,5582.36,16747.079999999998,0.46519666666666665,0.5538892596645618,2.7694462983228094,0.2674063743848723,459.178748954011,281.5031726150845,177.67557633892648,459.178748954011,281.5031726150845,177.67557633892648,508.2300617014388,64.15563155946649,572.3856932609053,1524.6901851043162,192.46689467839946,4643.0,-0.06978365128155666,57.038566120285864
4,4,2025,1NB,1,NB,MD,5,OP,MD,3.0,65,12000,1,6,70,1800,1,6,0.1,0.01,5636.0,697.0,0.0,0.0,0.0,1.0,1.0,1.0,3.66,1.83,0.13729977116704806,0.13729977116704806,30,4.136,0.763,5636.0,697.0,0.0,0.0,0.0,6333.0,7727.0,1.0,1.2,0.4953205128205128,7727.0,0.0,1.0,112.72,5247.115999999999,662.15,0.0,0.0,0.0,6016.349999999999,0.32415964169434225,1.6207982084717112,,0.0946461906339645,0.09475336425700286,170.16883130914562,850.844156545728,62.44921439128818,69.47425305277419,0.6900300909619315,2.5908878770278827,2.882342103972255,-0.2914542269443725,0.1549625285958354,496.61954121452516,5026.6604587854745,62.74094014277444,634.2590598572256,559.3604813572996,5660.9195186427005,28304.597593213504,684.8423616428485,0.3804679786904714,3424.2118082142424,10272.635424642727,6929.437638357151,34647.18819178575,103941.56457535726,7614.279999999999,38071.399999999994,114214.19999999998,0.6345233333333332,0.9724789250830268,4.862394625415133,0.46959773647642034,788.0232477592464,482.95203761552733,305.07121014371904,3940.1162387962318,2414.7601880776365,1525.3560507185953,2483.097706072626,313.7047007138722,2796.802406786498,7449.293118217878,941.1141021416167,31665.0,-0.10111715279831265,66.73287502319435
5,5,2025,1NB,1,NB,PM-Shoulder,1,OP,PM,3.0,65,12000,1,6,70,1800,1,6,0.1,0.01,7121.0,880.0,0.0,0.0,0.0,1.0,1.0,1.0,3.66,1.83,0.13729977116704806,0.13729977116704806,30,4.135,0.753,7121.0,880.0,0.0,0.0,0.0,8001.0,9761.0,1.0,1.2,0.6257051282051282,9761.0,0.0,1.0,142.42000000000002,6629.651,836.0,0.0,0.0,0.0,7600.95,0.7945028737714341,3.972514368857171,,0.07875250163401233,0.07909861988159916,180.64415798408825,903.2207899204412,54.95245773933649,69.16056102587068,1.315138451054655,2.6026393847885063,3.2755586811752555,-0.6729192963867492,0.6936692393639465,522.1016012104315,6456.478398789568,66.1264462210169,813.8735537789831,588.2280474314483,7270.3519525685515,7270.3519525685515,720.4809398734822,0.4002671888186012,720.4809398734822,2161.4428196204462,8898.099060126518,8898.099060126518,26694.297180379555,9618.58,9618.58,28855.74,0.8015483333333333,2.383508621314302,11.917543106571513,1.1517633055668957,2032.498441010417,1244.433667687065,788.0647733233519,2032.498441010417,1244.433667687065,788.0647733233519,522.1016012104315,66.1264462210169,588.2280474314483,1566.3048036312944,198.3793386630507,8001.0,-0.20543649553709378,70.8408462682699
6,6,2025,1NB,1,NB,PM-Peak,3,Peak,PM,3.0,65,12000,1,6,70,1800,1,6,0.1,0.01,6508.0,804.0,0.0,0.0,0.0,1.0,1.0,1.0,3.66,1.83,0.13729977116704806,0.13729977116704806,30,4.135,0.753,6508.0,804.0,0.0,0.0,0.0,7312.0,8920.0,1.0,1.2,0.5717948717948718,8920.0,0.0,1.0,130.16,6058.947999999999,763.8,0.0,0.0,0.0,6946.4,0.5301390031650212,2.650695015825106,,0.08363681242196039,0.08384588794006528,176.48954249555817,882.447712477791,58.90909018041916,69.33812491465467,1.6838879178220036,2.595974440058111,3.0555555933510297,-0.4595811532929188,0.3922650090447566,506.751097350412,5871.088902649588,64.04148920862185,739.9585107913781,570.7925865590339,6611.047413440966,19833.142240322897,698.8755649762776,0.38826420276459866,2096.626694928833,6289.880084786499,8090.964435023722,24272.893305071168,72818.6799152135,8789.84,26369.52,79108.56,0.7324866666666667,1.5904170094950634,7.952085047475318,0.7680600417330363,1315.2089335603177,805.945564806384,509.2633687539338,3945.6268006809532,2417.836694419152,1527.7901062618014,1520.253292051236,192.12446762586558,1712.3777596771015,4560.759876153708,576.3734028775967,21936.0,-0.15040837558085332,69.21158529237576
7,7,2025,1NB,1,NB,PM-Late,3,OP,PM,3.0,65,12000,1,6,70,1800,1,6,0.1,0.01,5882.0,727.0,0.0,0.0,0.0,1.0,1.0,1.0,3.66,1.83,0.13729977116704806,0.13729977116704806,30,4.135,0.753,5882.0,727.0,0.0,0.0,0.0,6609.0,8063.0,1.0,1.2,0.5168589743589743,8063.0,0.0,1.0,117.64,5476.142,690.65,0.0,0.0,0.0,6278.549999999999,0.3636853992766405,1.8184269963832025,,0.09109241886718825,0.09122009036827257,170.47738368671924,852.3869184335961,61.67602235292077,69.44241197213472,0.8021219729585181,2.5920758638428185,2.9184761457217387,-0.32640028187892023,0.20446616579262777,498.83502084020193,5265.524979159798,63.001155412847446,663.9988445871526,561.8361762530494,5929.52382374695,17788.57147124085,687.8384870787443,0.3821324928215246,2063.515461236233,6190.546383708699,7257.521512921256,21772.564538763767,65317.693616291304,7945.36,23836.08,71508.24,0.6621133333333333,1.0910561978299216,5.455280989149608,0.526811957014648,887.9460466004871,544.2570411823204,343.6890054181666,2663.8381398014612,1632.7711235469615,1031.0670162544998,1496.5050625206059,189.00346623854233,1685.5085287591482,4489.515187561818,567.0103987156269,19827.0,-0.11183928378424401,66.85387595557617
8,8,2025,1SB,1,SB,Night,8,OP,NT,3.0,65,12000,1,6,70,1800,1,6,0.1,0.01,1785.0,221.0,0.0,0.0,0.0,1.0,1.0,1.0,3.66,1.83,0.13729977116704806,0.13729977116704806,30,4.103,0.739,1785.0,221.0,0.0,0.0,0.0,2006.0,2448.0,1.0,1.2,0.15692307692307692,2448.0,0.0,1.0,35.7,1661.8349999999998,209.95,0.0,0.0,0.0,1905.6999999999998,0.17536705780967712,0.8768352890483856,,0.13729965608547728,0.13729970962302696,135.68235020910228,678.4117510455114,64.99794795075483,69.99619430264076,0.0,2.5715683801570495,2.7693181965740754,-0.19774981641702594,0.00011977546032944237,228.16937397080912,1521.1306260291908,28.82607403535451,192.1739259646455,256.99544800616366,1713.3045519938364,13706.436415950691,314.6475960768727,0.17480422004270704,2517.1807686149814,7551.542305844944,2097.652403923127,16781.219231385017,50343.65769415505,2412.2999999999997,19298.399999999998,57895.2,0.20102499999999998,0.5261011734290314,2.630505867145157,0.25404773221077087,195.86733226337088,120.04017538661017,75.82715687676071,1566.938658106967,960.3214030928814,606.6172550140857,1825.354991766473,230.60859228283607,2055.9635840493092,5476.064975299419,691.8257768485082,16048.0,-0.07140740152636209,53.208764787883254
9,9,2025,1SB,1,SB,AM-Early,1,OP,AM,3.0,65,12000,1,6,70,1800,1,6,0.1,0.01,7354.0,909.0,0.0,0.0,0.0,1.0,1.0,1.0,3.66,1.83,0.13729977116704806,0.13729977116704806,30,4.155,0.739,7354.0,909.0,0.0,0.0,0.0,8263.0,10081.0,1.0,1.2,0.6462179487179487,10081.0,0.0,1.0,147.08,6846.574,863.55,0.0,0.0,0.0,7849.849999999999,0.9265138273408041,4.632569136704021,,0.07767806019112594,0.0781009222731902,181.55752923017346,907.7876461508672,53.134684872758235,69.04919600232476,1.3887603925430838,2.606837015074581,3.387617719594018,-0.7807807045194366,0.8471901219976503,531.8285872749979,6675.091412725003,67.44405142901338,841.5559485709866,599.2726387040112,7516.647361295989,7516.647361295989,734.1607415620381,0.4078670786455767,734.1607415620381,2202.482224686114,9199.759258437964,9199.759258437964,27599.27777531389,9933.920000000002,9933.920000000002,29801.760000000006,0.8278266666666668,2.7795414820224122,13.897707410112062,1.3436050955555627,2415.5573129692116,1478.2396196562333,937.3176933129783,2415.5573129692116,1478.2396196562333,937.3176933129783,531.8285872749979,67.44405142901338,599.2726387040112,1595.4857618249935,202.33215428704017,8263.0,-0.23048075938539125,71.19903107065626
10,10,2025,1SB,1,SB,AM-Peak,2,Peak,AM,3.0,65,12000,1,6,70,1800,1,6,0.1,0.01,7993.0,988.0,0.0,0.0,0.0,1.0,1.0,1.0,3.66,1.83,0.13729977116704806,0.13729977116704806,30,4.155,0.739,7993.0,988.0,0.0,0.0,0.0,8981.0,10957.0,1.0,1.2,0.7023717948717949,10957.0,0.0,1.0,159.86,7441.483,938.5999999999999,0.0,0.0,0.0,8531.949999999999,1.4249831005416917,7.1249155027084585,,0.07479803445356922,0.07550838194469685,183.814232085723,919.0711604286149,47.29179795019913,68.70085022761897,2.4961728156064336,2.62005491058154,3.8061568348395194,-1.1861019242579793,1.4205887098839873,556.6083018196497,7276.531698180351,70.87216729329245,917.1278327067075,627.4804691129422,8193.659530887058,16387.319061774117,769.224803699527,0.4273471131664039,1538.449607399054,4615.348822197162,10027.915196300473,20055.830392600947,60167.49117780284,10797.14,21594.28,64782.840000000004,0.8997616666666666,4.2749493016250755,21.374746508125376,2.0687745532667488,3894.346881518211,2379.4722711426307,1514.8746103755802,7788.693763036422,4758.944542285261,3029.7492207511605,1113.2166036392994,141.7443345865849,1254.9609382258843,3339.6498109178983,425.2330037597547,17962.0,-0.31162718083528196,72.08401258263646
11,11,2025,1SB,1,SB,AM-Shoulder,1,OP,AM,3.0,65,12000,1,6,70,1800,1,6,0.1,0.01,6891.0,852.0,0.0,0.0,0.0,1.0,1.0,1.0,3.66,1.83,0.13729977116704806,0.13729977116704806,30,4.155,0.739,6891.0,852.0,0.0,0.0,0.0,7743.0,9447.0,1.0,1.2,0.6055769230769231,9447.0,0.0,1.0,137.82,6415.521,809.4,0.0,0.0,0.0,7355.849999999999,0.6792052736592195,3.396026368296097,,0.08065642659688078,0.08094525009287516,179.07489447213234,895.3744723606616,56.59276936213869,69.22247899618016,1.2216669516621819,2.600311381652957,3.1806183374447548,-0.5803069557917979,0.5636009684531601,517.4529986172472,6235.727001382753,65.51708542517315,786.4829145748269,582.9700840424204,7022.20991595758,7022.20991595758,714.0042548927667,0.39666903049598146,714.0042548927667,2142.0127646783,8595.175745107234,8595.175745107234,25785.5272353217,9309.18,9309.18,27927.54,0.775765,2.0376158209776585,10.188079104888292,0.9845351775677785,1721.863665628221,1054.3704165948334,667.4932490333878,1721.863665628221,1054.3704165948334,667.4932490333878,517.4529986172472,65.51708542517315,582.9700840424204,1552.3589958517416,196.55125627551945,7743.0,-0.1824509872687224,70.22544881260092
12,12,2025,1SB,1,SB,MD,5,OP,MD,3.0,65,12000,1,6,70,1800,1,6,0.1,0.01,5561.0,687.0,0.0,0.0,0.0,1.0,1.0,1.0,3.66,1.83,0.13729977116704806,0.13729977116704806,30,4.136,0.763,5561.0,687.0,0.0,0.0,0.0,6248.0,7622.0,1.0,1.2,0.4885897435897436,7622.0,0.0,1.0,111.22,5177.290999999999,652.65,0.0,0.0,0.0,5935.599999999999,0.3117990788984773,1.5589953944923864,,0.09593280592303241,0.0960343044962154,169.19381597093073,845.9690798546536,62.66088801154986,69.48065815035434,0.6524592477914899,2.5906490351672353,2.8726053158841576,-0.28195628071692225,0.14162312891514178,496.6720527100623,4953.107947289937,62.67678882945498,624.323211170545,559.3488415395173,5577.431158460482,27887.15579230241,684.7024191984273,0.38039023288801516,3423.5120959921364,10270.536287976409,6826.077580801572,34130.38790400786,102391.16371202358,7510.78,37553.899999999994,112661.7,0.6258983333333333,0.935397236695432,4.676986183477159,0.45155133061710556,757.7241410289166,464.5856656488402,293.1384753800765,3788.620705144583,2322.928328244201,1465.6923769003824,2483.3602635503116,313.38394414727486,2796.7442076975867,7450.080790650934,940.1518324418246,31240.0,-0.09815350516753434,66.35051606703165
13,13,2025,1SB,1,SB,PM-Shoulder,1,OP,PM,3.0,65,12000,1,6,70,1800,1,6,0.1,0.01,6430.0,795.0,0.0,0.0,0.0,1.0,1.0,1.0,3.66,1.83,0.13729977116704806,0.13729977116704806,30,4.135,0.753,6430.0,795.0,0.0,0.0,0.0,7225.0,8815.0,1.0,1.2,0.5650641025641026,8815.0,0.0,1.0,128.6,5986.329999999999,755.25,0.0,0.0,0.0,6863.75,0.5049401385286392,2.524700692643196,,0.08440149707426578,0.08459786854564484,175.85124311881523,879.2562155940761,59.31425420557978,69.3545743965996,1.0458059737771555,2.595358728188306,3.0346836929978145,-0.43932496480950833,0.36367050556085184,505.25521398058936,5796.14478601941,63.892540219098265,731.1074597809018,569.1477541996876,6527.252245800312,6527.252245800312,696.9328346378842,0.3871849081321579,696.9328346378842,2090.7985039136524,7989.467165362115,7989.467165362115,23968.401496086346,8686.4,8686.4,26059.199999999997,0.7238666666666667,1.5148204155859175,7.574102077929588,0.7316785056476908,1249.2995348567,765.370913219028,483.92862163767194,1249.2995348567,765.370913219028,483.92862163767194,505.25521398058936,63.892540219098265,569.1477541996876,1515.765641941768,191.6776206572948,7225.0,-0.14476795911982537,68.9612718113001
14,14,2025,1SB,1,SB,PM-Peak,3,Peak,PM,3.0,65,12000,1,6,70,1800,1,6,0.1,0.01,6004.0,742.0,0.0,0.0,0.0,1.0,1.0,1.0,3.66,1.83,0.13729977116704806,0.13729977116704806,30,4.135,0.753,6004.0,742.0,0.0,0.0,0.0,6746.0,8230.0,1.0,1.2,0.5275641025641026,8230.0,0.0,1.0,120.08,5589.724,704.9,0.0,0.0,0.0,6408.7,0.38974779225727957,1.948738961286398,,0.08940576443365414,0.08954590746184665,171.79489612641711,858.9744806320856,61.22943656346451,69.42691885579238,1.3414011693411805,2.592654304217079,2.9397624754137563,-0.34710817119667725,0.23362843747069217,499.75354719314294,5384.166452806857,63.120910169855705,678.8790898301443,562.8744573629987,6063.045542637001,18189.136627911,689.11627770271,0.38284237650150554,2067.34883310813,6202.0464993243895,7420.80372229729,22262.41116689187,66787.23350067562,8109.92,24329.760000000002,72989.28000000001,0.6758266666666667,1.1692433767718386,5.846216883859194,0.5645735287046235,953.3520558333847,584.3335250738148,369.0185307595699,2860.056167500154,1753.0005752214445,1107.0555922787098,1499.260641579429,189.36273050956711,1688.6233720889961,4497.781924738287,568.0881915287014,20238.0,-0.11807354304970628,67.37054750055573
15,15,2025,1SB,1,SB,PM-Late,3,OP,PM,3.0,65,12000,1,6,70,1800,1,6,0.1,0.01,3804.0,470.0,0.0,0.0,0.0,1.0,1.0,1.0,3.66,1.83,0.13729977116704806,0.13729977116704806,30,4.135,0.753,3804.0,470.0,0.0,0.0,0.0,4274.0,5214.0,1.0,1.2,0.3342307692307692,5214.0,0.0,1.0,76.08,3541.524,446.5,0.0,0.0,0.0,4060.2999999999997,0.1793575015982635,0.8967875079913175,,0.13728324598771102,0.13729712084041745,142.24745154157094,711.2372577078546,64.80896217019092,69.64654747342816,-0.17225763840930564,2.584478434751907,2.7773936500836536,-0.19291521533174638,0.011183146768451505,486.19191046338227,3241.728089536618,61.303164455246396,408.6968355447536,547.4950749186287,3650.4249250813714,10951.274775244114,670.1014038291214,0.37227855768284523,2010.3042114873642,6030.912634462093,4467.818596170879,13403.455788512636,40210.36736553791,5137.92,15413.76,46241.28,0.42816,0.5380725047947905,2.6903625239739526,0.2596883240692756,426.53423532540364,261.60649907399664,164.927736251407,1279.602705976211,784.8194972219899,494.783208754221,1458.5757313901468,183.9094933657392,1642.485224755886,4375.72719417044,551.7284800972176,12822.0,-0.06945908273605216,55.78331433002782
16,16,2025,2NB,2,NB,Night,8,OP,NT,2.2,65,12000,1,6,70,1800,1,6,0.1,0.01,2760.0,341.0,0.0,0.0,0.0,1.0,1.0,1.0,3.66,1.83,0.13729977116704806,0.13729977116704806,30,4.103,0.739,2760.0,341.0,0.0,0.0,0.0,3101.0,3783.0,1.0,1.2,0.2425,3783.0,0.0,1.0,55.2,2569.56,323.95,0.0,0.0,0.0,2945.95,0.174780275151454,0.87390137575727,,0.13729741194692993,0.13729784068135698,135.6821574958281,678.4107874791404,64.9720633983895,69.94819398551296,0.0,1.8871109099305503,2.0316424182285084,-0.14453150829795813,0.001196266819210283,352.7939378423533,2352.0060621576467,44.47763548872559,296.5223645112744,397.27157333107886,2648.5284266689214,21188.22741335137,486.2268443085301,0.27012602461585006,3889.8147544682406,8557.59245983013,3241.5731556914698,25932.585245531758,57051.68754016987,3727.7999999999997,29822.399999999998,65609.28,0.31065,0.3845166053331988,1.9225830266659942,0.25305230759135855,221.16707441813412,135.65512736127323,85.51194705686088,1769.336595345073,1085.2410188901858,684.095576454887,2822.351502738826,355.8210839098047,3178.172586648631,6209.173306025418,782.8063846015705,24808.0,-0.07114022969848328,72.55730347370486
17,17,2025,2NB,2,NB,AM-Early,1,OP,AM,2.2,65,12000,1,6,70,1800,1,6,0.1,0.01,5911.0,731.0,0.0,0.0,0.0,1.0,1.0,1.0,3.66,1.83,0.13729977116704806,0.13729977116704806,30,4.155,0.739,5911.0,731.0,0.0,0.0,0.0,6642.0,8104.0,1.0,1.2,0.5194871794871795,8104.0,0.0,1.0,118.22,5503.141,694.4499999999999,0.0,0.0,0.0,6309.9,0.3690955084712803,1.8454775423564016,,0.09099778576157398,0.09109455439904478,170.81710708464684,854.0855354232343,61.576668466046165,69.42869001414215,0.5930049967362763,1.9012313205551266,2.143669076101215,-0.2424377555460886,0.15467278810481822,500.773645733734,5292.006354266266,63.26061330241664,667.7393866975833,564.0342590361506,5959.745740963849,5959.745740963849,690.5554856409839,0.3836419364672133,690.5554856409839,1519.2220684101646,7295.224514359015,7295.224514359015,16049.493931589835,7985.779999999999,7985.779999999999,17568.716,0.6654816666666665,0.8120101186368167,4.060050593184084,0.5346826717259434,663.4745580461062,406.63326748244054,256.8412905636656,663.4745580461062,406.63326748244054,256.8412905636656,500.773645733734,63.26061330241664,564.0342590361506,1101.702020614215,139.1733492653166,6642.0,-0.11309476740086243,91.34604656932987
18,18,2025,2NB,2,NB,AM-Peak,2,Peak,AM,2.2,65,12000,1,6,70,1800,1,6,0.1,0.01,7043.0,871.0,0.0,0.0,0.0,1.0,1.0,1.0,3.66,1.83,0.13729977116704806,0.13729977116704806,30,4.155,0.739,7043.0,871.0,0.0,0.0,0.0,7914.0,9656.0,1.0,1.2,0.6189743589743589,9656.0,0.0,1.0,140.86,6557.033,827.4499999999999,0.0,0.0,0.0,7518.299999999999,0.7519662583702208,3.759831291851104,,0.07963614726178266,0.07987631527610588,180.05014732819703,900.2507366409851,55.53343320736942,69.1696501076084,1.4636523936952146,1.9083514199456748,2.376946505487856,-0.468595085542181,0.4742628663645163,522.1768455883686,6379.963154411632,66.0936570752138,804.9063429247863,588.2705026635824,7184.869497336418,14369.738994672836,720.4578168140099,0.4002543426744499,1440.9156336280198,3170.014393981644,8794.68218318599,17589.36436637198,38696.60160601836,9515.140000000001,19030.280000000002,41866.616,0.7929283333333335,1.6543257684144859,8.27162884207243,1.0899073911505963,1410.552811467613,863.8506113262301,546.702200141383,2821.105622935226,1727.7012226524603,1093.404400282766,1044.3536911767371,132.1873141504276,1176.5410053271648,2297.578120588822,290.81209113094076,15828.0,-0.19714162033528992,96.28350124502515
19,19,2025,2NB,2,NB,AM-Shoulder,1,OP,AM,2.2,65,12000,1,6,70,1800,1,6,0.1,0.01,6733.0,832.0,0.0,0.0,0.0,1.0,1.0,1.0,3.66,1.83,0.13729977116704806,0.13729977116704806,30,4.155,0.739,6733.0,832.0,0.0,0.0,0.0,7565.0,9229.0,1.0,1.2,0.5916025641025641,9229.0,0.0,1.0,134.66,6268.423,790.4,0.0,0.0,0.0,7186.75,0.6115971561308732,3.057985780654366,,0.08196334136467798,0.08214931539748531,178.0776314281591,890.3881571407956,57.61702487575619,69.26787792394106,0.8503354865605147,1.9056452132825747,2.2909895171547174,-0.3853443038721427,0.35650179234811674,513.7808941671988,6084.559105832801,64.93081889017239,767.0691811098276,578.7117130573712,6851.628286942629,6851.628286942629,708.5733508377159,0.39365186157650883,708.5733508377159,1558.8613718429751,8385.766649162284,8385.766649162284,18448.686628157026,9094.34,9094.34,20007.548000000003,0.7578616666666667,1.3455137434879212,6.727568717439606,0.886079274135223,1128.1258002067393,691.299254243479,436.8265459632604,1128.1258002067393,691.299254243479,436.8265459632604,513.7808941671988,64.93081889017239,578.7117130573712,1130.3179671678374,142.84780155837927,7565.0,-0.1681999419843348,95.22867990810647
20,20,2025,2NB,2,NB,MD,5,OP,MD,2.2,65,12000,1,6,70,1800,1,6,0.1,0.01,7928.0,980.0,0.0,0.0,0.0,1.0,1.0,1.0,3.66,1.83,0.13729977116704806,0.13729977116704806,30,4.136,0.763,7928.0,980.0,0.0,0.0,0.0,8908.0,10868.0,1.0,1.2,0.6966666666666667,10868.0,0.0,1.0,158.56,7380.967999999999,931.0,0.0,0.0,0.0,8462.6,1.3956857503519975,6.978428751759988,,0.0746374201706277,0.07513338141065697,187.17074945946496,935.8537472973248,47.89850460409916,68.77938694584097,1.1670451744625214,1.919179653403147,2.755827161850548,-0.8366475084474012,0.9933293655814048,550.8964098819575,7218.543590118042,69.94917809332163,910.0508219066784,620.8455879752792,8128.59441202472,40642.972060123604,760.7439441619224,0.42263552453440134,3803.719720809612,8368.183385781147,9948.696055838078,49743.48027919039,109435.65661421887,10709.44,53547.200000000004,117803.84000000001,0.8924533333333333,3.0705086507743946,15.352543253871975,2.0246799673009654,2765.4299744736218,1691.5321922231074,1073.8977822505144,13827.149872368109,8457.660961115536,5369.4889112525725,2754.4820494097876,349.74589046660816,3104.227939876396,6059.860508701533,769.440959026538,44540.0,-0.3035921555710298,100.09130987137164
21,21,2025,2NB,2,NB,PM-Shoulder,1,OP,PM,2.2,65,12000,1,6,70,1800,1,6,0.1,0.01,7153.0,884.0,0.0,0.0,0.0,1.0,1.0,1.0,3.66,1.83,0.13729977116704806,0.13729977116704806,30,4.135,0.753,7153.0,884.0,0.0,0.0,0.0,8037.0,9805.0,1.0,1.2,0.628525641025641,9805.0,0.0,1.0,143.06,6659.442999999999,839.8,0.0,0.0,0.0,7635.15,0.8119119975803867,4.059559987901934,,0.07862076550508558,0.0788814545672044,180.89252229335543,904.4626114667773,54.71294305336793,69.14625550701206,0.9719891189962057,1.9089970820851463,2.412591840860123,-0.5035947587749765,0.5230969758245222,523.5705064974836,6486.369493502516,66.24464554553825,817.7553544544618,589.8151520430218,7304.124847956978,7304.124847956978,722.3044431340984,0.4012802461856102,722.3044431340984,1589.0697748950165,8939.635556865902,8939.635556865902,19667.198225104985,9661.94,9661.94,21256.268,0.8051616666666667,1.786206394676851,8.931031973384256,1.1766691409503456,1526.838034202712,935.204986770003,591.633047432709,1526.838034202712,935.204986770003,591.633047432709,523.5705064974836,66.24464554553825,589.8151520430218,1151.855114294464,145.73822020018414,8037.0,-0.20873599514265037,96.73396914083177
22,22,2025,2NB,2,NB,PM-Peak,3,Peak,PM,2.2,65,12000,1,6,70,1800,1,6,0.1,0.01,7219.0,892.0,0.0,0.0,0.0,1.0,1.0,1.0,3.66,1.83,0.13729977116704806,0.13729977116704806,30,4.135,0.753,7219.0,892.0,0.0,0.0,0.0,8111.0,9895.0,1.0,1.2,0.6342948717948718,9895.0,0.0,1.0,144.38,6720.888999999999,847.4,0.0,0.0,0.0,7705.45,0.8486696744659521,4.243348372329761,,0.07822104858215831,0.07849629296782816,181.24147600844188,906.2073800422095,54.207714949353125,69.12090425606976,1.545535138546141,1.9096972387829922,2.435077739825947,-0.5253805010429546,0.5539026574077007,525.7149849842933,6548.905015015706,66.51775866093759,825.4822413390624,592.2327436452309,7374.387256354768,22123.161769064303,725.268260967106,0.4029268116483922,2175.804782901318,4786.7705223829,9025.351739032893,27076.055217098678,59567.32147761709,9750.619999999999,29251.859999999997,64354.09199999999,0.8125516666666666,1.8670732838250947,9.335366419125474,1.229949535768584,1602.5160538494943,981.5484033706849,620.9676504788094,4807.548161548482,2944.645210112055,1862.9029514364283,1577.14495495288,199.55327598281275,1776.6982309356927,3469.7189008963364,439.0172071621881,24333.0,-0.21575512454912732,96.92057540558388
23,23,2025,2NB,2,NB,PM-Late,3,OP,PM,2.2,65,12000,1,6,70,1800,1,6,0.1,0.01,7295.0,902.0,0.0,0.0,0.0,1.0,1.0,1.0,3.66,1.83,0.13729977116704806,0.13729977116704806,30,4.135,0.753,7295.0,902.0,0.0,0.0,0.0,8197.0,10001.0,1.0,1.2,0.6410897435897436,10001.0,0.0,1.0,145.9,6791.645,856.9,0.0,0.0,0.0,7787.15,0.8941661765850624,4.470830882925312,,0.07777484313509192,0.07806805096634818,181.63050235302956,908.1525117651477,53.594832924582285,69.0895506537263,1.0090765175979917,1.9105638805146963,2.4629239946647115,-0.5523601141500152,0.5920520265368086,528.2191245042314,6620.880875495769,66.89651287306376,835.1034871269362,595.1156373772952,7455.984362622705,22367.953087868114,728.9086631234227,0.4049492572907904,2186.725989370268,4810.79717661459,9126.191336876578,27378.574010629734,60232.86282338542,9855.1,29565.300000000003,65043.66000000001,0.8212583333333333,1.9671655884871373,9.835827942435687,1.2962164363039674,1697.077075473916,1039.094484905527,657.9825905683891,5091.231226421748,3117.283454716581,1973.9477717051673,1584.6573735126944,200.68953861919127,1785.3469121318858,3486.246221727928,441.5169849622208,24591.0,-0.22427006084903986,97.12861088397301
24,24,2025,2SB,2,SB,Night,8,OP,NT,2.2,65,12000,1,6,70,1800,1,6,0.1,0.01,2817.0,348.0,0.0,0.0,0.0,1.0,1.0,1.0,3.66,1.83,0.13729977116704806,0.13729977116704806,30,4.103,0.739,2817.0,348.0,0.0,0.0,0.0,3165.0,3861.0,1.0,1.2,0.2475,3861.0,0.0,1.0,56.34,2622.627,330.59999999999997,0.0,0.0,0.0,3006.75,0.17469908942727705,0.8734954471363853,,0.13729352990057173,0.13729726455187224,135.68297934575182,678.4148967287591,64.96842535091476,69.94145685930954,0.0,1.8872926863036907,2.0317561844392378,-0.14446349813554704,0.001352126527909191,360.06971844254673,2400.590281557453,45.390475660848956,302.60952433915105,405.4601941033957,2703.199805896604,21625.598447172833,496.2411454250936,0.2756895252361631,3969.9291634007486,8733.844159481647,3308.4188545749066,26467.350836599253,58228.171840518364,3804.6600000000003,30437.280000000002,66962.016,0.31705500000000003,0.3843379967400095,1.9216899837000478,0.2529279748462897,225.61489670578192,138.38847427294766,87.22642243283426,1804.9191736462553,1107.1077941835813,697.811379462674,2880.557747540374,363.12380528679165,3243.6815528271654,6337.2270445888225,798.8723716309416,25320.0,-0.0711027726859947,72.55774296564267
25,25,2025,2SB,2,SB,AM-Early,1,OP,AM,2.2,65,12000,1,6,70,1800,1,6,0.1,0.01,9535.0,1178.0,0.0,0.0,0.0,1.0,1.0,1.0,3.66,1.83,0.13729977116704806,0.13729977116704806,30,4.155,0.739,9535.0,1178.0,0.0,0.0,0.0,10713.0,13069.0,1.0,1.2,0.8377564102564102,13069.0,0.0,1.0,190.70000000000002,8877.085,1119.1,0.0,0.0,0.0,10177.35,3.6599999614213963,18.299999807106982,,0.07400187427898951,0.07566626316262515,183.11681816167925,915.5840908083961,31.224924034475134,66.50464527257621,1.412011696152928,1.9848237586860926,4.227392190106214,-2.2425684314201217,3.0093734542916675,656.9209281339035,8687.379071866097,84.6781151052938,1093.3218848947063,741.5990432391974,9780.700956760804,9780.700956760804,910.955273449785,0.5060862630276584,910.955273449785,2004.101601589527,11967.344726550215,11967.344726550215,26328.158398410473,12878.3,12878.3,28332.26,1.0731916666666665,8.051999915127073,40.25999957563536,5.3316412659458345,8698.66813578412,5289.52725757939,3409.1408782047306,8698.66813578412,5289.52725757939,3409.1408782047306,656.9209281339035,84.6781151052938,741.5990432391974,1445.226041894588,186.29185323164637,10713.0,-0.530485067524283,97.92343217202098
26,26,2025,2SB,2,SB,AM-Peak,2,Peak,AM,2.2,65,12000,1,6,70,1800,1,6,0.1,0.01,8678.0,1073.0,0.0,0.0,0.0,1.0,1.0,1.0,3.66,1.83,0.13729977116704806,0.13729977116704806,30,4.155,0.739,8678.0,1073.0,0.0,0.0,0.0,9751.0,11897.0,1.0,1.2,0.7626282051282052,11897.0,0.0,1.0,173.56,8079.218,1019.3499999999999,0.0,0.0,0.0,9263.449999999999,1.8299950637960194,9.149975318980097,,0.08648011467702052,0.0873428110639419,173.4008509907874,867.0042549539371,41.36502492319606,65.7700342377773,1.5287893503301644,2.006993025467839,3.1911016672923367,-1.1841086418244977,1.5896554380366548,698.6916991406483,7805.748300859351,89.03289445802916,983.9671055419708,787.7245935986775,8789.715406401321,17579.430812802642,965.7903825147358,0.5365502125081866,1931.5807650294716,4249.477683064838,10757.649617485264,21515.299234970527,47333.658316935165,11723.439999999999,23446.879999999997,51583.136000000006,0.9769533333333332,4.025989140351243,20.129945701756213,2.657338826820248,4605.152524304127,2812.925193193808,1792.2273311103188,9210.305048608254,5625.850386387616,3584.4546622206376,1397.3833982812966,178.06578891605832,1575.449187197355,3074.2434762188527,391.74473561532835,19502.0,-0.3710657839457741,92.72772780256011
27,27,2025,2SB,2,SB,AM-Shoulder,1,OP,AM,2.2,65,12000,1,6,70,1800,1,6,0.1,0.01,8461.0,1046.0,0.0,0.0,0.0,1.0,1.0,1.0,3.66,1.83,0.13729977116704806,0.13729977116704806,30,4.155,0.739,8461.0,1046.0,0.0,0.0,0.0,9507.0,11599.0,1.0,1.2,0.743525641025641,11599.0,0.0,1.0,169.22,7877.191,993.6999999999999,0.0,0.0,0.0,9031.65,1.8299104899647434,9.149552449823716,,0.07781215137615831,0.07856263621299706,180.95423269108497,904.7711634554247,42.836878940870626,67.80260740404212,1.166320923632482,1.9468277851528566,3.081456989016511,-1.1346292038636545,1.439442228798774,612.9411785109119,7678.838821489088,78.06769160485517,967.9323083951448,691.0088701157671,8646.771129884233,8646.771129884233,847.1442533254774,0.47063569629193186,847.1442533254774,1863.7173573160503,10582.635746674523,10582.635746674523,23281.798642683952,11429.78,11429.78,25145.516000000003,0.9524816666666667,4.025803077922435,20.129015389612178,2.656857257065569,4039.0062487802606,2467.5804830346337,1571.4257657456271,4039.0062487802606,2467.5804830346337,1571.4257657456271,612.9411785109119,78.06769160485517,691.0088701157671,1348.470592724006,171.7489215306814,9507.0,-0.3682119230960893,96.76696935352138
28,28,2025,2SB,2,SB,MD,5,OP,MD,2.2,65,12000,1,6,70,1800,1,6,0.1,0.01,7027.0,868.0,0.0,0.0,0.0,1.0,1.0,1.0,3.66,1.83,0.13729977116704806,0.13729977116704806,30,4.136,0.763,7027.0,868.0,0.0,0.0,0.0,7895.0,9631.0,1.0,1.2,0.6173717948717948,9631.0,0.0,1.0,140.54,6542.137,824.5999999999999,0.0,0.0,0.0,7500.25,0.758994164674434,3.79497082337217,,0.07921713166449032,0.07945415536472374,183.1188248797256,915.5941243986279,55.63812316884726,69.20322955041473,0.9427469914465871,1.9074254316966184,2.3724739887327666,-0.4650485570361482,0.4681355184100437,518.2493280961337,6368.210671903867,65.51789651375118,802.4821034862488,583.7672246098849,7170.6927753901155,35853.46387695058,714.8030176373873,0.39711278757632623,3574.0150881869363,7862.83319401126,8775.656982362612,43878.28491181306,96532.22680598874,9490.46,47452.299999999996,104395.06,0.7908716666666666,1.669787162283755,8.348935811418775,1.099730670866005,1412.3707874095924,865.3660749171058,547.0047124924865,7061.853937047962,4326.830374585529,2735.023562462433,2591.2466404806682,327.5894825687559,2918.8361230494243,5700.742609057471,720.696861651263,39475.0,-0.19601840072630228,97.9245052832757
29,29,2025,2SB,2,SB,PM-Shoulder,1,OP,PM,2.2,65,12000,1,6,70,1800,1,6,0.1,0.01,6866.0,849.0,0.0,0.0,0.0,1.0,1.0,1.0,3.66,1.83,0.13729977116704806,0.13729977116704806,30,4.135,0.753,6866.0,849.0,0.0,0.0,0.0,7715.0,9413.0,1.0,1.2,0.6033974358974359,9413.0,0.0,1.0,137.32,6392.246,806.55,0.0,0.0,0.0,7329.25,0.670438996578401,3.352194982892005,,0.08059081410263229,0.08079658470907354,179.1761803973817,895.8809019869085,56.74598566730503,69.24309377614772,0.8944239234246402,1.9063272999721201,2.3261557350312025,-0.4198284350590824,0.40467951083890097,515.1563090842949,6213.523690915706,65.16648539710326,783.8335146028967,580.3227944813982,6997.357205518602,6997.357205518602,710.6557652756046,0.39480875848644703,710.6557652756046,1563.4426836063303,8565.024234724395,8565.024234724395,18843.05331639367,9275.68,9275.68,20406.496,0.7729733333333334,1.4749657924724824,7.374828962362412,0.9715827978948277,1240.4296175576403,759.837933675716,480.59168388192427,1240.4296175576403,759.837933675716,480.59168388192427,515.1563090842949,65.16648539710326,580.3227944813982,1133.343879985449,143.36626787362718,7715.0,-0.1804816542317408,95.81613924993673
30,30,2025,2SB,2,SB,PM-Peak,3,Peak,PM,2.2,65,12000,1,6,70,1800,1,6,0.1,0.01,7013.0,867.0,0.0,0.0,0.0,1.0,1.0,1.0,3.66,1.83,0.13729977116704806,0.13729977116704806,30,4.135,0.753,7013.0,867.0,0.0,0.0,0.0,7880.0,9614.0,1.0,1.2,0.6162820512820513,9614.0,0.0,1.0,140.26,6529.102999999999,823.65,0.0,0.0,0.0,7486.0,0.7393412758690404,3.696706379345202,,0.07953177421360437,0.07976405742357978,180.09739385950462,900.4869692975232,55.73787389261608,69.19612484575636,1.4606204408895438,1.9076212763971747,2.3682281145906217,-0.46060683819344694,0.46231867083530526,519.2711456133669,6353.468854386633,65.69766589693148,801.3023341030685,584.9688115102983,7154.771188489702,21464.313565469107,716.3641433041614,0.397980079613423,2149.0924299124845,4728.003345807466,8757.375856695839,26272.127570087516,57798.68065419254,9473.74,28421.22,62526.68400000001,0.7894783333333333,1.626550806911889,8.132754034559445,1.071482033940893,1378.923858287891,844.620900903483,534.302957384408,4136.771574863673,2533.862702710449,1602.9088721532241,1557.8134368401006,197.09299769079445,1754.906434530895,3427.1895610482215,433.6045949197478,23640.0,-0.19449428682805275,96.30876676978856
31,31,2025,2SB,2,SB,PM-Late,3,OP,PM,2.2,65,12000,1,6,70,1800,1,6,0.1,0.01,5774.0,714.0,0.0,0.0,0.0,1.0,1.0,1.0,3.66,1.83,0.13729977116704806,0.13729977116704806,30,4.135,0.753,5774.0,714.0,0.0,0.0,0.0,6488.0,7916.0,1.0,1.2,0.5074358974358975,7916.0,0.0,1.0,115.48,5375.594,678.3,0.0,0.0,0.0,6163.599999999999,0.34291625491613065,1.7145812745806532,,0.09270084214493915,0.09278720880740694,169.28297991231787,846.4148995615896,62.03535588867915,69.4541091202707,0.5509093346314401,1.9005354999431534,2.1278188560225333,-0.22728335607937988,0.13295798659702435,498.32209082928205,5160.197909170718,62.93756373406413,651.0624362659358,561.2596545633462,5811.260345436654,17433.78103630996,687.1347820314744,0.38174154557304135,2061.404346094423,4535.089561407731,7113.3852179685255,21340.155653905575,46948.34243859227,7800.5199999999995,23401.559999999998,51483.432,0.6500433333333333,0.7544157608154874,3.7720788040774376,0.49672965285952175,613.3474894256733,375.94203928413725,237.4054501415361,1840.04246827702,1127.8261178524117,712.2163504246083,1494.9662724878463,188.81269120219238,1683.7789636900386,3288.925799473262,415.3879206448233,19464.0,-0.10681518092392212,90.52565770712187
32,32,2025,3NB,3,NB,Night,8,OP,NT,3.4,65,12000,1,6,70,1800,1,6,0.1,0.01,2870.0,355.0,0.0,0.0,0.0,1.0,1.0,1.0,3.66,1.83,0.13729977116704806,0.13729977116704806,30,4.103,0.739,2870.0,355.0,0.0,0.0,0.0,3225.0,3935.0,1.0,1.2,0.25224358974358974,3935.0,0.0,1.0,57.4,2671.97,337.25,0.0,0.0,0.0,3063.75,0.174604332477407,0.873021662387035,,0.137296344388956,0.13729843849813667,135.67627160001234,678.3813580000618,64.96461867339659,69.93440625395436,0.0,2.9170191173027233,3.140170821683577,-0.22315170438085374,0.0023417180141922286,366.8517133169587,2445.748286683041,46.30389838349659,308.6961016165034,413.15561170045527,2754.4443882995442,22035.555106396354,505.76340846744847,0.2809796713708047,4046.1072677395878,13756.764710314597,3371.836591532551,26974.69273226041,91713.95528968539,3877.5999999999995,31020.799999999996,105470.71999999999,0.3231333333333333,0.5936547304231838,2.968273652115919,0.25287858110810224,355.2258965364481,217.78325497446224,137.44264156198582,2841.8071722915847,1742.266039795698,1099.5411324958866,2934.8137065356696,370.4311870679727,3305.244893603642,9978.366602221276,1259.4660360311073,25800.0,-0.07106355579127786,46.94680678201119
33,33,2025,3NB,3,NB,AM-Early,1,OP,AM,3.4,65,12000,1,6,70,1800,1,6,0.1,0.01,6148.0,760.0,0.0,0.0,0.0,1.0,1.0,1.0,3.66,1.83,0.13729977116704806,0.13729977116704806,30,4.155,0.739,6148.0,760.0,0.0,0.0,0.0,6908.0,8428.0,1.0,1.2,0.5402564102564102,8428.0,0.0,1.0,122.96000000000001,5723.788,722.0,0.0,0.0,0.0,6562.599999999999,0.4232681097855987,2.1163405489279934,,0.08785356799082006,0.08803304648901066,173.1810416416921,865.9052082084606,60.651534179096195,69.39547179581885,1.0386622419997273,2.9396730755030505,3.3634763367669183,-0.4238032612638678,0.30827027367836995,502.8551982230399,5522.18480177696,63.55985956506569,696.4401404349343,566.4150577881056,6218.624942211894,6218.624942211894,693.534776918237,0.3852970982879094,693.534776918237,2358.0182415220056,7611.505223081763,7611.505223081763,25879.117758477994,8305.039999999999,8305.039999999999,28237.136,0.6920866666666666,1.4391115732710356,7.195557866355177,0.613255019536206,1181.0133829201163,723.6647354422774,457.34864747783877,1181.0133829201163,723.6647354422774,457.34864747783877,502.8551982230399,63.55985956506569,566.4150577881056,1709.7076739583356,216.10352252122334,6908.0,-0.12600155875371524,59.924235862177206
34,34,2025,3NB,3,NB,AM-Peak,2,Peak,AM,3.4,65,12000,1,6,70,1800,1,6,0.1,0.01,7325.0,905.0,0.0,0.0,0.0,1.0,1.0,1.0,3.66,1.83,0.13729977116704806,0.13729977116704806,30,4.155,0.739,7325.0,905.0,0.0,0.0,0.0,8230.0,10040.0,1.0,1.2,0.6435897435897436,10040.0,0.0,1.0,146.5,6819.575,859.75,0.0,0.0,0.0,7818.5,0.9079663179680835,4.539831589840418,,0.07780063126493995,0.07826835188058832,181.37944709103678,906.897235455184,53.37780729492603,69.06378977517306,2.44230018555938,2.9537909903886215,3.8218130406303104,-0.8680220502416889,0.9361915579712174,530.5672399586028,6647.932760041397,67.29121552933582,837.7087844706642,597.8584554879386,7485.641544512061,14971.283089024122,732.4408865466103,0.4069116036370057,1464.8817730932205,4980.59802851695,9161.05911345339,18322.11822690678,62295.201971483046,9893.5,19787.0,67275.79999999999,0.8244583333333333,3.0870854810914836,15.43542740545742,1.31674640051055,2676.575095547036,1637.9064232189842,1038.668672328052,5353.150191094072,3275.8128464379683,2077.337344656104,1061.1344799172057,134.58243105867163,1195.7169109758772,3607.8572317184994,457.58026559948354,16460.0,-0.2271231064977817,62.76105435676013
35,35,2025,3NB,3,NB,AM-Shoulder,1,OP,AM,3.4,65,12000,1,6,70,1800,1,6,0.1,0.01,7003.0,865.0,0.0,0.0,0.0,1.0,1.0,1.0,3.66,1.83,0.13729977116704806,0.13729977116704806,30,4.155,0.739,7003.0,865.0,0.0,0.0,0.0,7868.0,9598.0,1.0,1.2,0.6152564102564102,9598.0,0.0,1.0,140.06,6519.793,821.75,0.0,0.0,0.0,7474.599999999999,0.7309221432318418,3.654610716159209,,0.07982670138041727,0.08018537491901681,179.71030975840628,898.5515487920314,55.83271466063116,69.18736749974747,1.4318982162011895,2.9485151317651246,3.6537718296517787,-0.7052566978866541,0.7059750989306284,520.4535688731348,6342.486431126865,65.89233183970207,799.107668160298,586.3459007128369,7141.594099287163,7141.594099287163,718.130564392241,0.3989614246623561,718.130564392241,2441.6439189336193,8739.809435607758,8739.809435607758,29715.352081066376,9457.939999999999,9457.939999999999,32156.995999999996,0.7881616666666665,2.485135286988262,12.42567643494131,1.0594801793826305,2112.154324229522,1293.3975292456032,818.756794983919,2112.154324229522,1293.3975292456032,818.756794983919,520.4535688731348,65.89233183970207,586.3459007128369,1769.5421341686583,224.03392825498702,7868.0,-0.19302154890002213,62.18349818629975
36,36,2025,3NB,3,NB,MD,5,OP,MD,3.4,65,12000,1,6,70,1800,1,6,0.1,0.01,8246.0,1019.0,0.0,0.0,0.0,1.0,1.0,1.0,3.66,1.83,0.13729977116704806,0.13729977116704806,30,4.136,0.763,8246.0,1019.0,0.0,0.0,0.0,9265.0,11303.0,1.0,1.2,0.724551282051282,11303.0,0.0,1.0,164.92000000000002,7677.026,968.05,0.0,0.0,0.0,8801.75,1.7242679761083508,8.621339880541754,,0.07327513520150702,0.07426141002013908,187.74965517098636,938.7482758549318,44.66762370309575,68.58102573218414,1.9209196064520941,2.9745836814491615,4.567066324279558,-1.5924826428303969,1.957188556570688,562.5351180954847,7518.544881904515,71.88875796999564,947.1112420300044,634.4238760654803,8465.65612393452,42328.280619672594,778.2013920054716,0.43233410666970645,3891.0069600273578,13229.423664093016,10359.878607994528,51799.39303997264,176117.93633590697,11138.08,55690.399999999994,189347.36,0.9281733333333333,5.862511118768393,29.312555593841964,2.5057989864392027,5405.111599100217,3297.86838453247,2107.2432145677467,27025.557995501083,16489.34192266235,10536.216072838733,2812.6755904774236,359.4437898499782,3172.119380327402,9563.09700762324,1222.1088854899258,46325.0,-0.3486883109983314,64.96527860587763
37,37,2025,3NB,3,NB,PM-Shoulder,1,OP,PM,3.4,65,12000,1,6,70,1800,1,6,0.1,0.01,7439.0,919.0,0.0,0.0,0.0,1.0,1.0,1.0,3.66,1.83,0.13729977116704806,0.13729977116704806,30,4.135,0.753,7439.0,919.0,0.0,0.0,0.0,8358.0,10196.0,1.0,1.2,0.6535897435897436,10196.0,0.0,1.0,148.78,6925.709,873.05,0.0,0.0,0.0,7940.099999999999,0.9844258891294722,4.922129445647361,,0.07686891856940987,0.07737846263626681,182.15495717328585,910.7747858664292,52.412036660301375,69.032624432204,1.6178765637871022,2.9551245034924842,3.8922356962044256,-0.9371111927119413,1.0326705961077551,532.3717611564291,6757.848238843571,67.55526680459273,851.4447331954073,599.9270279610218,7609.292972038978,7609.292972038978,735.0375615702073,0.4083542008723374,735.0375615702073,2499.127709338705,9312.182438429794,9312.182438429794,31661.4202906613,10047.220000000001,10047.220000000001,34160.548,0.8372683333333334,3.3470480230402053,16.735240115201027,1.4278341737371176,2912.4274617223873,1781.8738507010585,1130.5536110213286,2912.4274617223873,1781.8738507010585,1130.5536110213286,532.3717611564291,67.55526680459273,599.9270279610218,1810.063987931859,229.6879071356153,8358.0,-0.24076424601567165,63.02939694577364
38,38,2025,3NB,3,NB,PM-Peak,3,Peak,PM,3.4,65,12000,1,6,70,1800,1,6,0.1,0.01,7508.0,928.0,0.0,0.0,0.0,1.0,1.0,1.0,3.66,1.83,0.13729977116704806,0.13729977116704806,30,4.135,0.753,7508.0,928.0,0.0,0.0,0.0,8436.0,10292.0,1.0,1.2,0.6597435897435897,10292.0,0.0,1.0,150.16,6989.947999999999,881.5999999999999,0.0,0.0,0.0,8014.2,1.0321945550428988,5.1609727752144945,,0.07651122955028,0.07705066702002904,182.44745264997027,912.2372632498514,51.8092502838066,69.00022492297944,2.570106806085091,2.95651210163028,3.937520787938556,-0.9810086863082756,1.0947111717835134,534.8095159725206,6823.030484027479,67.92786804485759,860.0721319551424,602.7373840173782,7683.1026159826215,23049.307847947865,738.5931201070933,0.4103295111706074,2215.77936032128,7533.649825092351,9403.246879892908,28209.740639678723,95913.11817490765,10141.84,30425.520000000004,103446.768,0.8451533333333333,3.509461487145856,17.54730743572928,1.4975035097604177,3068.844583301445,1876.8933992646776,1191.951184036767,9206.533749904334,5630.680197794032,3575.8535521103013,1604.4285479175617,203.78360413457278,1808.2121520521346,5455.057062919709,692.8642540575474,25308.0,-0.2491437478408518,63.130606453276904
39,39,2025,3NB,3,NB,PM-Late,3,OP,PM,3.4,65,12000,1,6,70,1800,1,6,0.1,0.01,7587.0,938.0,0.0,0.0,0.0,1.0,1.0,1.0,3.66,1.83,0.13729977116704806,0.13729977116704806,30,4.135,0.753,7587.0,938.0,0.0,0.0,0.0,8525.0,10401.0,1.0,1.2,0.6667307692307692,10401.0,0.0,1.0,151.74,7063.497,891.0999999999999,0.0,0.0,0.0,8098.75,1.0892264703262484,5.446132351631242,,0.07612332202036816,0.07669887973718262,182.76065632719943,913.8032816359971,51.10721837920316,68.96155361524106,1.6751078664744439,2.9581700136598195,3.9916083572846697,-1.0334383436248502,1.1688111417876892,537.6968567209044,6897.563143279096,68.34637173380342,869.6536282661966,606.0432284547078,7767.216771545292,23301.650314635877,742.7359719223147,0.412631095512397,2228.207915766944,7575.90691360761,9506.524028077685,28519.572084233056,96966.54508639239,10249.26,30747.78,104542.452,0.854105,3.7033699991092446,18.51684999554622,1.5805754286045932,3256.849920930217,1991.2904077955393,1265.5595131346781,9770.549762790652,5973.871223386618,3796.6785394040344,1613.0905701627132,205.03911520141025,1818.1296853641234,5484.507938553224,697.1329916847949,25575.0,-0.2589027407307707,63.238981428096686
40,40,2025,3SB,3,SB,Night,8,OP,NT,3.4,65,12000,1,6,70,1800,1,6,0.1,0.01,2929.0,362.0,0.0,0.0,0.0,1.0,1.0,1.0,3.66,1.83,0.13729977116704806,0.13729977116704806,30,4.103,0.739,2929.0,362.0,0.0,0.0,0.0,3291.0,4015.0,1.0,1.2,0.25737179487179485,4015.0,0.0,1.0,58.58,2726.899,343.9,0.0,0.0,0.0,3126.45,0.17450008307572332,0.8725004153786166,,0.13729797285118478,0.13729879141067344,135.6755071992593,678.3775359962965,64.96008038545567,69.92598355983199,0.0,2.91737047681922,3.1403902025600767,-0.2230197257408566,0.0026422698149974793,374.3977048699229,2496.022295130077,47.2170543661306,314.7829456338694,421.6147592360535,2810.8052407639466,22486.441926111573,516.0488679683147,0.2866938155379526,4128.390943746517,14036.529208738159,3440.371132031685,27522.96905625348,93578.09479126183,3956.42,31651.36,107614.62399999998,0.32970166666666667,0.5933002824574592,2.9665014122872964,0.2526698314442113,362.19972251192223,222.13026405074973,140.06945846117247,2897.597780095378,1777.0421124059978,1120.5556676893798,2995.1816389593832,377.7364349290448,3372.918073888428,10183.617572461902,1284.3038787587523,26328.0,-0.07101656525327608,46.946542283480724
41,41,2025,3SB,3,SB,AM-Early,1,OP,AM,3.4,65,12000,1,6,70,1800,1,6,0.1,0.01,9916.0,1226.0,0.0,0.0,0.0,1.0,1.0,1.0,3.66,1.83,0.13729977116704806,0.13729977116704806,30,4.155,0.739,9916.0,1226.0,0.0,0.0,0.0,11142.0,13594.0,1.0,1.2,0.8714102564102564,13594.0,0.0,1.0,198.32,9231.796,1164.7,0.0,0.0,0.0,10584.9,3.6599999828771312,18.299999914385655,,0.08714699013515258,0.09031858104712039,169.97859469592586,849.8929734796293,28.740593959547635,60.63660783692541,1.6702577147503344,3.364304292031516,7.097974394235897,-3.733670102204381,5.424532612410871,804.5232349417411,8913.156765058258,105.19405134558112,1120.805948654419,909.7172862873222,10033.962713712677,10033.962713712677,1120.1053889784844,0.6222807716547135,1120.1053889784844,3808.3583225268467,12275.574611021515,12275.574611021515,41736.95367747315,13395.68,13395.68,45545.312,1.1163066666666668,12.443999941782247,62.219999708911224,5.352878559230808,16556.660932878738,10011.48708877749,6545.173844101249,16556.660932878738,10011.48708877749,6545.173844101249,804.5232349417411,105.19405134558112,909.7172862873222,2735.3789988019194,357.65977457497576,11142.0,-0.5260190999331316,58.81612273215428
42,42,2025,3SB,3,SB,AM-Peak,2,Peak,AM,3.4,65,12000,1,6,70,1800,1,6,0.1,0.01,9025.0,1116.0,0.0,0.0,0.0,1.0,1.0,1.0,3.66,1.83,0.13729977116704806,0.13729977116704806,30,4.155,0.739,9025.0,1116.0,0.0,0.0,0.0,10141.0,12373.0,1.0,1.2,0.7931410256410256,12373.0,0.0,1.0,180.5,8402.275,1060.2,0.0,0.0,0.0,9633.949999999999,1.829999938162932,9.14999969081466,,0.09679340154324911,0.09835922516724369,164.83863184877004,824.1931592438501,38.74113998431628,61.06552392961659,1.7963567133079594,3.3406738675513212,5.265720112587965,-1.9250462450366435,2.914344246553204,813.2847779518034,8031.215222048197,104.28045052231175,1011.7195494776882,917.5652284741152,9042.934771525885,18085.86954305177,1126.1261295187387,0.6256256275104104,2252.2522590374774,7657.657680727423,11066.37387048126,22132.74774096252,75251.34231927257,12192.5,24385.0,82909.0,1.0160416666666667,6.221999789753968,31.109998948769842,2.661911227237316,8304.422423552589,5060.257717426224,3244.1647061263643,16608.844847105178,10120.515434852448,6488.329412252729,1626.569555903607,208.5609010446235,1835.1304569482304,5530.336490072264,709.1070635517199,20282.0,-0.3655808139963089,57.03758887500693
43,43,2025,3SB,3,SB,AM-Shoulder,1,OP,AM,3.4,65,12000,1,6,70,1800,1,6,0.1,0.01,8799.0,1088.0,0.0,0.0,0.0,1.0,1.0,1.0,3.66,1.83,0.13729977116704806,0.13729977116704806,30,4.155,0.739,8799.0,1088.0,0.0,0.0,0.0,9887.0,12063.0,1.0,1.2,0.7732692307692308,12063.0,0.0,1.0,175.98,8191.869,1033.6,0.0,0.0,0.0,9392.65,1.8299995407304395,9.149997703652197,,0.09031138892466506,0.09173224467733626,169.7151315974172,848.5756579870861,40.474760114346864,64.34427009323525,1.376828418439227,3.1704454756329152,5.040178111585379,-1.869732635952464,2.605351705179662,739.819067278907,7883.2009327210935,94.81444809849475,993.1855519015053,834.6335153774017,8876.386484622599,8876.386484622599,1024.2624115743913,0.569034673096884,1024.2624115743913,3482.49219935293,10862.75758842561,10862.75758842561,36933.375800647074,11887.02,11887.02,40415.868,0.990585,6.221998438483494,31.10999219241747,2.6615520402554464,7552.8298214422175,4603.1530813696745,2949.676740072543,7552.8298214422175,4603.1530813696745,2949.676740072543,739.819067278907,94.81444809849475,834.6335153774017,2515.384828748284,322.36912353488214,9887.0,-0.37096558783402656,58.72495903024817
44,44,2025,3SB,3,SB,MD,5,OP,MD,3.4,65,12000,1,6,70,1800,1,6,0.1,0.01,7308.0,903.0,0.0,0.0,0.0,1.0,1.0,1.0,3.66,1.83,0.13729977116704806,0.13729977116704806,30,4.136,0.763,7308.0,903.0,0.0,0.0,0.0,8211.0,10017.0,1.0,1.2,0.6421153846153846,10017.0,0.0,1.0,146.16,6803.748,857.8499999999999,0.0,0.0,0.0,7800.45,0.9176288387794133,4.588144193897066,,0.07735212244237621,0.07781411399265331,184.55270462072409,922.7635231036204,53.48275078605782,69.10245374751605,1.5741719216116776,2.9521382951952404,3.814313904982985,-0.8621756097877444,0.9259177421343808,526.2843483630722,6635.555651636928,66.75283768859764,836.2471623114023,593.0371860516699,7471.80281394833,37359.01406974165,726.5428614288651,0.40363492301603615,3632.714307144325,12351.228644290706,9144.297138571135,45721.48569285568,155453.0513557093,9870.84,49354.200000000004,167804.28,0.82257,3.119938051850005,15.599690259250025,1.3307855876250518,2683.2981564191477,1641.974564551033,1041.3235918681146,13416.490782095738,8209.872822755166,5206.617959340573,2631.421741815361,333.7641884429882,2965.1859302583493,8946.833922172227,1134.79824070616,41055.0,-0.2260368787847812,63.8590673428111
45,45,2025,3SB,3,SB,PM-Shoulder,1,OP,PM,3.4,65,12000,1,6,70,1800,1,6,0.1,0.01,7141.0,883.0,0.0,0.0,0.0,1.0,1.0,1.0,3.66,1.83,0.13729977116704806,0.13729977116704806,30,4.135,0.753,7141.0,883.0,0.0,0.0,0.0,8024.0,9790.0,1.0,1.2,0.6275641025641026,9790.0,0.0,1.0,142.82,6648.271,838.8499999999999,0.0,0.0,0.0,7622.799999999999,0.8058651295029449,4.0293256475147246,,0.07858331478248434,0.07898224894051604,180.7215576049338,903.6077880246688,54.79227241389781,69.15405266442669,1.4999082047333745,2.949935573406228,3.723152755173124,-0.773217181766896,0.8010269668948722,522.443172752262,6475.736827247738,66.25425952375188,816.7457404762481,588.6974322760138,7292.482567723986,7292.482567723986,721.2059513235176,0.4006699729575098,721.2059513235176,2452.1002344999597,8925.974048676482,8925.974048676482,30348.31176550004,9647.18,9647.18,32800.412,0.8039316666666667,2.7399414403100124,13.699707201550064,1.1686456989700589,2339.1276555618756,1431.4636992309652,907.6639563309105,2339.1276555618756,1431.4636992309652,907.6639563309105,522.443172752262,66.25425952375188,588.6974322760138,1776.3067873576906,225.2644823807564,8024.0,-0.2076780708748927,62.533410935963246
46,46,2025,3SB,3,SB,PM-Peak,3,Peak,PM,3.4,65,12000,1,6,70,1800,1,6,0.1,0.01,7293.0,901.0,0.0,0.0,0.0,1.0,1.0,1.0,3.66,1.83,0.13729977116704806,0.13729977116704806,30,4.135,0.753,7293.0,901.0,0.0,0.0,0.0,8194.0,9996.0,1.0,1.2,0.6407692307692308,9996.0,0.0,1.0,145.86,6789.783,855.9499999999999,0.0,0.0,0.0,7784.299999999999,0.8918886081341134,4.459443040670567,,0.07767196493979316,0.07812388074379434,181.4883616254363,907.4418081271815,53.61963028754739,69.09546678402062,2.4383471948823945,2.952436816696897,3.804576773580942,-0.8521399568840451,0.9125778721135824,527.3757871248037,6619.764212875197,66.87013572265076,834.1298642773493,594.2459228474544,7453.894077152546,22361.68223145764,727.986194292756,0.40443677460708666,2183.958582878268,7425.45918178611,9122.153805707245,27366.461417121733,93045.96881821389,9850.140000000001,29550.420000000002,100471.428,0.8208450000000002,3.0324212676559856,15.162106338279926,1.2933433593228687,2613.1176616061125,1599.2255529240704,1013.892108682042,7839.352984818337,4797.676658772211,3041.676326046126,1582.127361374411,200.61040716795227,1782.7377685423633,5379.2330286729975,682.0753843710377,24582.0,-0.22397759530082878,62.79874104686377
47,47,2025,3SB,3,SB,PM-Late,3,OP,PM,3.4,65,12000,1,6,70,1800,1,6,0.1,0.01,6005.0,742.0,0.0,0.0,0.0,1.0,1.0,1.0,3.66,1.83,0.13729977116704806,0.13729977116704806,30,4.135,0.753,6005.0,742.0,0.0,0.0,0.0,6747.0,8231.0,1.0,1.2,0.5276282051282051,8231.0,0.0,1.0,120.10000000000001,5590.655,704.9,0.0,0.0,0.0,6409.65,0.38989998300508477,1.9494999150254237,,0.0893831096444557,0.08954203750057943,171.78887550380855,858.9443775190427,61.226463775354155,69.42705202947793,0.9735352165266334,2.938335908507017,3.3318925742387444,-0.3935566657317273,0.2650005190147718,499.71012884932446,5385.189871150676,63.11818223415844,678.8818177658416,562.828311083483,6064.071688916517,18192.21506674955,689.0646755517998,0.3828137086398888,2067.1940266553993,7028.459690628358,7421.8353244482005,22265.505973344603,75702.72030937165,8110.900000000001,24332.700000000004,82731.18000000001,0.6759083333333333,1.3256599422172881,6.628299711086441,0.5648007667487789,1080.8119296027628,662.4457005357891,418.3662290669737,3242.4357888082886,1987.3371016073675,1255.0986872009212,1499.1303865479733,189.35454670247532,1688.4849332504486,5097.043314263109,643.8054587884161,20241.0,-0.11811805361751357,59.44251747536627
48,48,2025,4NB,4,NB,Night,8,OP,NT,4.4,65,12000,1,6,70,1800,1,6,0.1,0.01,2650.0,327.0,0.0,0.0,0.0,1.0,1.0,1.0,3.66,1.83,0.13729977116704806,0.13729977116704806,30,4.103,0.739,2650.0,327.0,0.0,0.0,0.0,2977.0,3631.0,1.0,1.2,0.23275641025641025,3631.0,0.0,1.0,53.0,2467.15,310.65,0.0,0.0,0.0,2828.15,0.17490501506669465,0.8745250753334732,,0.13729974943547388,0.1372996899744754,135.67209847984674,678.3604923992339,64.97815512848786,69.95947664688114,0.0,3.7736131351086852,4.062903901749229,-0.2892907666405442,0.001870653088751413,338.7390768197294,2258.2609231802708,42.652148690570776,284.34785130942925,381.39122551030016,2542.6087744897,20340.8701959176,466.6955228914417,0.2592752904952454,3733.564183131534,16427.68240577875,3111.304477108559,24890.43581686847,109517.91759422128,3578.0000000000005,28624.000000000004,125945.60000000002,0.2981666666666667,0.7695820662934565,3.8479103314672827,0.2531456688664209,424.80916227899127,260.68751867326523,164.12164360572604,3398.47329823193,2085.500149386122,1312.9731488458083,2709.9126145578352,341.2171895245662,3051.1298040824013,11923.615504054476,1501.3556339080915,23816.0,-0.07120295572730477,36.27596216038683
49,49,2025,4NB,4,NB,AM-Early,1,OP,AM,4.4,65,12000,1,6,70,1800,1,6,0.1,0.01,5675.0,701.0,0.0,0.0,0.0,1.0,1.0,1.0,3.66,1.83,0.13729977116704806,0.13729977116704806,30,4.155,0.739,5675.0,701.0,0.0,0.0,0.0,6376.0,7778.0,1.0,1.2,0.4985897435897436,7778.0,0.0,1.0,113.5,5283.425,665.9499999999999,0.0,0.0,0.0,6057.2,0.3245074184548357,1.6225370922741786,,0.09453303972141795,0.09469532593277982,168.0765183322276,840.3825916611382,62.34916083816148,69.45600740768853,1.0218087746995732,3.8009671136204144,4.2342189766636915,-0.4332518630432771,0.23657230572156454,499.45822539013267,5062.041774609867,63.06235230493471,637.9376476950653,562.5205776950673,5699.979422304933,5699.979422304933,688.6452823049368,0.38258071239163155,688.6452823049368,3030.0392421417223,6975.854717695063,6975.854717695063,30693.76075785828,7664.5,7664.5,33723.8,0.6387083333333333,1.4278326412012772,7.139163206006387,0.4700253032014948,1163.3551823880978,713.1427571284959,450.21242525960196,1163.3551823880978,713.1427571284959,450.21242525960196,499.45822539013267,63.06235230493471,562.5205776950673,2197.616191716584,277.47435014171276,6376.0,-0.10232155337999392,44.94024554337637
50,50,2025,4NB,4,NB,AM-Peak,2,Peak,AM,4.4,65,12000,1,6,70,1800,1,6,0.1,0.01,6762.0,836.0,0.0,0.0,0.0,1.0,1.0,1.0,3.66,1.83,0.13729977116704806,0.13729977116704806,30,4.155,0.739,6762.0,836.0,0.0,0.0,0.0,7598.0,9270.0,1.0,1.2,0.5942307692307692,9270.0,0.0,1.0,135.24,6295.422,794.1999999999999,0.0,0.0,0.0,7218.099999999999,0.6236004763600476,3.118002381800238,,0.08157944692699916,0.08196028651276523,178.1385781967759,890.6928909838795,57.427745260805445,69.26342189622703,2.6893535343034323,3.811535624034492,4.597081059008259,-0.7855454349737667,0.7336933585336223,513.5770449320629,6113.182955067938,65.09285954843814,770.9071404515619,578.669904480501,6884.090095519499,13768.180191038999,708.8556235773774,0.39380867976520967,1417.7112471547548,6237.929487480922,8425.904376422623,16851.808752845245,74147.95851251908,9134.76,18269.52,80385.888,0.7612300000000001,2.7438420959842094,13.719210479921047,0.904188341101242,2302.196956300729,1409.174315415768,893.0226408849613,4604.393912601458,2818.348630831536,1786.0452817699227,1027.1540898641258,130.18571909687628,1157.339808961002,4519.477995402154,572.8171640262557,15196.0,-0.17087917852447757,47.630635881490875
51,51,2025,4NB,4,NB,AM-Shoulder,1,OP,AM,4.4,65,12000,1,6,70,1800,1,6,0.1,0.01,6463.0,799.0,0.0,0.0,0.0,1.0,1.0,1.0,3.66,1.83,0.13729977116704806,0.13729977116704806,30,4.155,0.739,6463.0,799.0,0.0,0.0,0.0,7262.0,8860.0,1.0,1.2,0.5679487179487179,8860.0,0.0,1.0,129.26,6017.053,759.05,0.0,0.0,0.0,6898.9,0.5139912231775793,2.5699561158878965,,0.0843107086301252,0.08460918062232024,175.92407301025813,879.6203650512906,59.151691312945715,69.33720276854945,1.5440078421132137,3.807479815435349,4.463101462362108,-0.6556216469267588,0.5501413111283947,507.3020022950207,5826.437997704979,64.22259855137217,734.7774014486279,571.5246008463929,6561.215399153607,6561.215399153607,699.9697979491373,0.38887210997174293,699.9697979491373,3079.8671109762045,8030.770202050863,8030.770202050863,35335.3888890238,8730.74,8730.74,38415.25600000001,0.7275616666666667,2.261561381981349,11.307806909906745,0.7450213621159687,1873.5113610636058,1147.2946173922326,726.2167436713731,1873.5113610636058,1147.2946173922326,726.2167436713731,507.3020022950207,64.22259855137217,571.5246008463929,2232.1288100980914,282.5794336260376,7262.0,-0.1468982169586997,47.03852219525618
52,52,2025,4NB,4,NB,MD,5,OP,MD,4.4,65,12000,1,6,70,1800,1,6,0.1,0.01,7611.0,941.0,0.0,0.0,0.0,1.0,1.0,1.0,3.66,1.83,0.13729977116704806,0.13729977116704806,30,4.136,0.763,7611.0,941.0,0.0,0.0,0.0,8552.0,10434.0,1.0,1.2,0.6688461538461539,10434.0,0.0,1.0,152.22,7085.840999999999,893.9499999999999,0.0,0.0,0.0,8124.4,1.1274291049381597,5.637145524690799,,0.07563732047461807,0.07640411018923456,185.74444606847942,928.722230342397,50.869504875346294,68.97110831534916,2.193714266072404,3.8276896870054817,5.189749745882558,-1.3620600588770766,1.5456494595514123,535.9540265491881,6922.825973450812,68.30145430366622,872.6985456963338,604.2554808528544,7795.524519147146,38977.62259573573,740.8583894601868,0.4115879941445482,3704.291947300934,16298.884568124113,9540.921610539814,47704.60805269907,209900.27543187593,10281.78,51408.9,226199.16000000003,0.8568150000000001,4.960688061727903,24.803440308639516,1.6371806913556866,4352.8117859518115,2658.700741137557,1694.1110448142547,21764.058929759056,13293.503705687785,8470.555224071273,2679.770132745941,341.5072715183311,3021.277404264272,11790.98858408214,1502.631994680657,42760.0,-0.2624519727483406,49.664290392641554
53,53,2025,4NB,4,NB,PM-Shoulder,1,OP,PM,4.4,65,12000,1,6,70,1800,1,6,0.1,0.01,6867.0,849.0,0.0,0.0,0.0,1.0,1.0,1.0,3.66,1.83,0.13729977116704806,0.13729977116704806,30,4.135,0.753,6867.0,849.0,0.0,0.0,0.0,7716.0,9414.0,1.0,1.2,0.6034615384615385,9414.0,0.0,1.0,137.34,6393.177,806.55,0.0,0.0,0.0,7330.2,0.6706555590640834,3.353277795320417,,0.08043019057416856,0.0808417980803007,179.02293633822705,895.1146816911353,56.73682850708766,69.24744067484853,1.7931455074493183,3.812415266574434,4.653062339693885,-0.8406470731194506,0.8103877130729303,514.2044444843912,6215.4555555156085,65.20295224166652,783.7970477583335,579.4073967260576,6999.252603273942,6999.252603273942,709.8133012093907,0.39434072289410593,709.8133012093907,3123.1785253213193,8566.846698790609,8566.846698790609,37694.12547467868,9276.66,9276.66,40817.304,0.7730549999999999,2.950884459881967,14.754422299409836,0.9725414006004726,2479.3897969730288,1517.3579044312296,962.031892541799,2479.3897969730288,1517.3579044312296,962.031892541799,514.2044444843912,65.20295224166652,579.4073967260576,2262.4995557313214,286.89298986333273,7716.0,-0.18066533644910399,47.86709527760081
54,54,2025,4NB,4,NB,PM-Peak,3,Peak,PM,4.4,65,12000,1,6,70,1800,1,6,0.1,0.01,6930.0,857.0,0.0,0.0,0.0,1.0,1.0,1.0,3.66,1.83,0.13729977116704806,0.13729977116704806,30,4.135,0.753,6930.0,857.0,0.0,0.0,0.0,7787.0,9501.0,1.0,1.2,0.6090384615384615,9501.0,0.0,1.0,138.6,6451.829999999999,814.15,0.0,0.0,0.0,7397.65,0.6995809012290507,3.4979045061452534,,0.07995104370231157,0.08038468844232864,179.4223306477806,897.111653238903,56.30885919270285,69.22819232123182,2.8573047356197194,3.8134752786117887,4.688427430158488,-0.8749521515466996,0.8588378870094369,515.8305422898848,6275.569457710115,65.44519409532187,791.5548059046781,581.2757363852066,7067.124263614793,21201.372790844376,712.1661245758503,0.3956478469865835,2136.4983737275506,9400.592844401224,8650.23387542415,25950.70162627245,114183.08715559878,9362.4,28087.2,123583.68000000001,0.7802,3.078155965407823,15.390779827039117,1.014641069754472,2595.0594339481004,1587.8068608891613,1007.2525730589393,7785.178301844301,4763.420582667484,3021.757719176818,1547.4916268696543,196.3355822859656,1743.8272091556198,6808.963158226479,863.8765620582486,23361.0,-0.18661953599164968,47.973885199941336
55,55,2025,4NB,4,NB,PM-Late,3,OP,PM,4.4,65,12000,1,6,70,1800,1,6,0.1,0.01,7003.0,866.0,0.0,0.0,0.0,1.0,1.0,1.0,3.66,1.83,0.13729977116704806,0.13729977116704806,30,4.135,0.753,7003.0,866.0,0.0,0.0,0.0,7869.0,9601.0,1.0,1.2,0.6154487179487179,9601.0,0.0,1.0,140.06,6519.793,822.6999999999999,0.0,0.0,0.0,7475.549999999999,0.7345295243220993,3.6726476216104964,,0.07942377971055888,0.07988435351270427,179.86098332287,899.30491661435,55.80000140322443,69.20485182053217,1.8689340177515967,3.814761437314062,4.731182676722023,-0.9164212394079607,0.9174125748014792,517.8266029904438,6345.113397009556,65.7208576349018,800.2791423650982,583.5474606253456,7145.392539374654,21436.177618123962,714.9891758951492,0.3972162088306384,2144.9675276854477,9437.85712181597,8745.95082410485,26237.85247231455,115446.55087818403,9460.939999999999,28382.819999999996,124884.408,0.7884116666666665,3.231929907017237,16.159649535086185,1.0654291583972655,2735.605311379263,1673.5792848539568,1062.0260265253064,8206.81593413779,5020.73785456187,3186.078079575919,1553.4798089713313,197.16257290470543,1750.6423818760368,6835.311159473858,867.515320780704,23607.0,-0.1936981304731397,48.09117201146257
56,56,2025,4SB,4,SB,Night,8,OP,NT,4.4,65,12000,1,6,70,1800,1,6,0.1,0.01,2704.0,334.0,0.0,0.0,0.0,1.0,1.0,1.0,3.66,1.83,0.13729977116704806,0.13729977116704806,30,4.103,0.739,2704.0,334.0,0.0,0.0,0.0,3038.0,3706.0,1.0,1.2,0.23756410256410257,3706.0,0.0,1.0,54.08,2517.424,317.3,0.0,0.0,0.0,2886.1,0.17484120082381238,0.8742060041190619,,0.13729865245139863,0.1372973483362057,135.67249765672383,678.3624882836191,64.97530506331618,69.9542005636583,0.0,3.7738977484241287,4.063082116240026,-0.2891843678158974,0.002114806941142937,345.6389228488097,2304.2810771511904,43.564448627078065,290.43555137292196,389.2033714758878,2594.7166285241124,20757.7330281929,476.3322687300439,0.2646290381833577,3810.658149840351,16766.895859297547,3175.5877312699563,25404.70185015965,111780.68814070248,3651.92,29215.36,128547.58400000003,0.3043266666666667,0.7693012836247746,3.8465064181238726,0.2531227478957395,433.4713982643573,265.90046701827373,167.57093124608352,3467.771186114858,2127.20373614619,1340.5674499686681,2765.111382790478,348.5155890166245,3113.6269718071026,12166.490084278103,1533.468591673148,24304.0,-0.07117364590295518,36.27606889217214
57,57,2025,4SB,4,SB,AM-Early,1,OP,AM,4.4,65,12000,1,6,70,1800,1,6,0.1,0.01,9153.0,1131.0,0.0,0.0,0.0,1.0,1.0,1.0,3.66,1.83,0.13729977116704806,0.13729977116704806,30,4.155,0.739,9153.0,1131.0,0.0,0.0,0.0,10284.0,12546.0,1.0,1.2,0.8042307692307692,12546.0,0.0,1.0,183.06,8521.443,1074.45,0.0,0.0,0.0,9769.8,1.8299999590952274,9.149999795476138,,0.09955971169517276,0.10167760063379666,162.34273405347906,811.7136702673953,37.713740564112484,59.0529523896975,1.3543585727221599,4.470563948400621,7.000101184638689,-2.5295372362380677,4.025830930647313,848.392408306848,8121.547591693151,109.24749800098283,1021.7525019990171,957.6399063078309,9143.300093692167,9143.300093692167,1176.1349023097964,0.653408279060998,1176.1349023097964,5174.993570163105,11186.805097690201,11186.805097690201,49221.94242983689,12362.939999999999,12362.939999999999,54396.935999999994,1.0302449999999999,8.051999820019,40.25999910009501,2.6650650626114536,11229.559690199427,6831.255518992227,4398.3041712072,11229.559690199427,6831.255518992227,4398.3041712072,848.392408306848,109.24749800098283,957.6399063078309,3732.9265965501313,480.6889912043245,10284.0,-0.3613572389194871,43.407148142641454
58,58,2025,4SB,4,SB,AM-Peak,2,Peak,AM,4.4,65,12000,1,6,70,1800,1,6,0.1,0.01,8331.0,1030.0,0.0,0.0,0.0,1.0,1.0,1.0,3.66,1.83,0.13729977116704806,0.13729977116704806,30,4.155,0.739,8331.0,1030.0,0.0,0.0,0.0,9361.0,11421.0,1.0,1.2,0.7321153846153846,11421.0,0.0,1.0,166.62,7756.161,978.5,0.0,0.0,0.0,8892.949999999999,1.7836764227709374,8.918382113854687,,0.07330271565657266,0.07466304745944938,184.24284935363593,921.2142467681797,43.79822308843497,68.47894940204651,3.9150882453537936,3.8551993321338878,6.027641794210365,-2.1724424620764773,2.6935615657605076,568.5476643695982,7595.832335630402,73.05779193907122,956.9422080609288,641.6054563086694,8552.77454369133,17105.54908738266,787.7210401868119,0.4376228001037844,1575.4420803736239,6931.945153643946,10466.658959813189,20933.317919626377,92106.59884635606,11254.380000000001,22508.760000000002,99038.54400000001,0.9378650000000001,7.848176260192125,39.24088130096062,2.596085106020879,7328.914423884533,4462.062282293161,2866.8521415913715,14657.828847769066,8924.124564586322,5733.704283182743,1137.0953287391965,146.11558387814244,1283.2109126173389,5003.219446452465,642.9085690638268,18722.0,-0.36041333182126695,49.26279394482244
59,59,2025,4SB,4,SB,AM-Shoulder,1,OP,AM,4.4,65,12000,1,6,70,1800,1,6,0.1,0.01,8123.0,1004.0,0.0,0.0,0.0,1.0,1.0,1.0,3.66,1.83,0.13729977116704806,0.13729977116704806,30,4.155,0.739,8123.0,1004.0,0.0,0.0,0.0,9127.0,11135.0,1.0,1.2,0.7137820512820513,11135.0,0.0,1.0,162.46,7562.513,953.8,0.0,0.0,0.0,8670.65,1.5538155257009563,7.769077628504782,,0.07403983161933476,0.07519447102210997,183.8556114693541,919.2780573467705,45.96738206583143,68.62962487366218,2.4109577230935284,3.846735290860006,5.743202856797821,-1.8964675659378152,2.3038802215053233,559.9271891390302,7400.61281086097,71.72048646088848,932.2795135391116,631.6476755999188,8332.892324400082,8332.892324400082,775.0886485216956,0.43060480473427537,775.0886485216956,3410.390053495461,10197.451351478305,10197.451351478305,44868.78594650455,10972.54,10972.54,48279.17600000001,0.9143783333333334,6.836788313084208,34.183941565421044,2.259527964318964,6279.792581106396,3828.103662883813,2451.6889182225827,6279.792581106396,3828.103662883813,2451.6889182225827,559.9271891390302,71.72048646088848,631.6476755999188,2463.6796322117334,315.57014042790934,9127.0,-0.3302107923443974,49.159254403570614
60,60,2025,4SB,4,SB,MD,5,OP,MD,4.4,65,12000,1,6,70,1800,1,6,0.1,0.01,6746.0,834.0,0.0,0.0,0.0,1.0,1.0,1.0,3.66,1.83,0.13729977116704806,0.13729977116704806,30,4.136,0.763,6746.0,834.0,0.0,0.0,0.0,7580.0,9248.0,1.0,1.2,0.5928205128205128,9248.0,0.0,1.0,134.92000000000002,6280.526,792.3,0.0,0.0,0.0,7201.0,0.6301277525581072,3.150638762790536,,0.08117480236564,0.0815507297365698,181.0931914906515,905.4659574532575,57.50625010083843,69.29155318308887,1.7329071691161173,3.8099882001841348,4.59080533919479,-0.7808171390106553,0.7250956223891701,509.8204568022635,6101.259543197736,64.61264317028424,769.3873568297157,574.4330999725478,6870.646900027452,34353.23450013726,703.6583863131162,0.390921325729509,3518.2919315655813,15480.48449888856,8409.421613686884,42047.10806843442,185007.27550111146,9113.08,45565.4,200487.76,0.7594233333333333,2.7725621112556715,13.86281055627836,0.9136366215956042,2309.221713883078,1413.5088820730145,895.7128318100633,11546.10856941539,7067.5444103650725,4478.564159050316,2549.1022840113174,323.0632158514212,2872.1654998627387,11216.050049649797,1421.4781497462534,37900.0,-0.17008282454154497,48.42063943600308
61,61,2025,4SB,4,SB,PM-Shoulder,1,OP,PM,4.4,65,12000,1,6,70,1800,1,6,0.1,0.01,6591.0,815.0,0.0,0.0,0.0,1.0,1.0,1.0,3.66,1.83,0.13729977116704806,0.13729977116704806,30,4.135,0.753,6591.0,815.0,0.0,0.0,0.0,7406.0,9036.0,1.0,1.2,0.5792307692307692,9036.0,0.0,1.0,131.82,6136.221,774.25,0.0,0.0,0.0,7035.7,0.5597003272922517,2.7985016364612587,,0.08276419304747126,0.08309237561893335,177.07906017702857,885.3953008851428,58.43734319778526,69.32063499572138,1.6332349278508345,3.8083898108592726,4.517659180816513,-0.7092693699572403,0.624885385410931,507.8593794259471,5951.3206205740535,64.33427182295914,750.6657281770408,572.1936512489062,6701.986348751094,6701.986348751094,700.8621948948246,0.38936788605268036,700.8621948948246,3083.7936575372287,8203.317805105176,8203.317805105176,36094.59834246278,8904.18,8904.18,39178.39200000001,0.742015,2.4626814400859076,12.31340720042954,0.8114186951338085,2042.869953785043,1250.6958678858268,792.1740858992163,2042.869953785043,1250.6958678858268,792.1740858992163,507.8593794259471,64.33427182295914,572.1936512489062,2234.5812694741676,283.0707960210202,7406.0,-0.15699930906010673,47.347342293323145
62,62,2025,4SB,4,SB,PM-Peak,3,Peak,PM,4.4,65,12000,1,6,70,1800,1,6,0.1,0.01,6732.0,832.0,0.0,0.0,0.0,1.0,1.0,1.0,3.66,1.83,0.13729977116704806,0.13729977116704806,30,4.135,0.753,6732.0,832.0,0.0,0.0,0.0,7564.0,9228.0,1.0,1.2,0.5915384615384616,9228.0,0.0,1.0,134.64000000000001,6267.491999999999,790.4,0.0,0.0,0.0,7185.799999999999,0.6131857401133355,3.0659287005666775,,0.0815247897097992,0.0818930135187393,178.1099713286816,890.5498566434079,57.60580811637737,69.28549939934608,2.680627992117742,3.810321095881307,4.5828712178927775,-0.7725501220114706,0.714225876205413,510.95596730784877,6086.404032692151,64.72823788521154,767.2717621147884,575.6842051930603,6853.67579480694,20561.02738442082,705.1406809634834,0.3917448227574908,2115.42204289045,9307.85698871798,8388.219319036516,25164.65795710955,110724.49501128202,9093.359999999999,27280.08,120032.352,0.7577799999999999,2.698017256498676,13.490086282493383,0.8889649405558071,2251.75753109281,1378.5680171075494,873.1895139852608,6755.272593278431,4135.704051322648,2619.568541955782,1532.8679019235462,194.18471365563462,1727.0526155791808,6744.618768463604,854.4127400847924,22692.0,-0.1685733867002905,47.6229869862785
63,63,2025,4SB,4,SB,PM-Late,3,OP,PM,4.4,65,12000,1,6,70,1800,1,6,0.1,0.01,5543.0,685.0,0.0,0.0,0.0,1.0,1.0,1.0,3.66,1.83,0.13729977116704806,0.13729977116704806,30,4.135,0.753,5543.0,685.0,0.0,0.0,0.0,6228.0,7598.0,1.0,1.2,0.48705128205128206,7598.0,0.0,1.0,110.86,5160.533,650.75,0.0,0.0,0.0,5916.599999999999,0.3040520583856389,1.5202602919281947,,0.09643013796925991,0.09657607199718446,166.416915365393,832.0845768269651,62.71014474108381,69.4763333412569,0.9376604253763594,3.7998551061017167,4.209845170825185,-0.409990064723468,0.20318019172281,497.6309091849188,4934.509090815081,62.846878852167784,622.1531211478322,560.4777880370866,5556.662211962914,16669.98663588874,686.1715457414222,0.3812064143007901,2058.5146372242666,9057.464403786775,6800.968454258578,20402.905362775735,89772.78359621324,7487.14,22461.420000000002,98830.248,0.6239283333333333,1.3378290568968114,6.6891452844840575,0.44042658230771864,1086.1369932360817,665.7450899175627,420.391903318519,3258.410979708245,1997.235269752688,1261.175709955557,1492.8927275547562,188.54063655650336,1681.4333641112596,6568.728001240928,829.5788008486148,18684.0,-0.09738839508035983,44.49650143459706
64,64,2025,5NB,5,NB,Night,8,OP,NT,3.0,65,8000,1,6,70,1800,1,6,0.1,0.01,1487.0,184.0,0.0,0.0,0.0,1.0,1.0,1.0,3.66,1.83,0.1933404940923738,0.1933404940923738,30,4.103,0.739,1487.0,184.0,0.0,0.0,0.0,1671.0,2039.0,1.0,1.2,0.1757758620689655,2039.0,0.0,1.0,29.740000000000002,1384.397,174.79999999999998,0.0,0.0,0.0,1587.4499999999998,0.14828626508184545,0.7414313254092273,,0.19333729509932315,0.193336624468043,114.74289625436163,573.7144812718082,64.9946226055719,69.9917240024993,0.0,2.5717326236109352,2.7694598842792395,-0.19772726066830426,0.00031388761640392015,267.65557132361766,1189.6044286763824,33.795241957013914,150.2047580429861,301.45081328063156,1339.8091867193684,10718.473493754947,369.0412971946594,0.2050229428859219,2952.3303775572754,8856.991132671827,1640.2187028053409,13121.749622442727,39365.24886732818,2009.2600000000002,16074.080000000002,48222.240000000005,0.25115750000000003,0.44485879524553634,2.224293976227682,0.21478295358376176,194.23948810992334,119.06893499978028,75.17055311014308,1553.9159048793867,952.5514799982423,601.3644248811446,2141.2445705889413,270.3619356561113,2411.6065062450525,6423.733711766824,811.0858069683339,13368.0,-0.07139560381094431,44.99721421739672
65,65,2025,5NB,5,NB,AM-Early,1,OP,AM,3.0,65,8000,1,6,70,1800,1,6,0.1,0.01,4065.0,502.0,0.0,0.0,0.0,1.0,1.0,1.0,3.66,1.83,0.1933404940923738,0.1933404940923738,30,4.155,0.739,4065.0,502.0,0.0,0.0,0.0,4567.0,5571.0,1.0,1.2,0.4802586206896552,5571.0,0.0,1.0,81.3,3784.515,476.9,0.0,0.0,0.0,4338.65,0.32526369343431993,1.6263184671715996,,0.1257322607178183,0.12580702412375866,148.71848274341932,743.5924137170966,61.68218412109319,69.67139362541785,0.9834293954577719,2.5835567602932454,2.918184603298543,-0.33462784300529735,0.20406675267284985,475.8356266704941,3507.8643733295057,59.997369804620504,442.0026301953795,535.8329964751146,3949.867003524885,3949.867003524885,655.8277360843556,0.3643487422690864,655.8277360843556,1967.4832082530668,4833.872263915644,4833.872263915644,14501.616791746932,5489.7,5489.7,16469.1,0.6862125,0.9757910803029598,4.878955401514799,0.47094315869585823,757.0406516803714,464.3161601954373,292.7244914849341,757.0406516803714,464.3161601954373,292.7244914849341,475.8356266704941,59.997369804620504,535.8329964751146,1427.5068800114823,179.9921094138615,4567.0,-0.11466986791276121,58.32097362487033
66,66,2025,5NB,5,NB,AM-Peak,2,Peak,AM,3.0,65,8000,1,6,70,1800,1,6,0.1,0.01,4453.0,550.0,0.0,0.0,0.0,1.0,1.0,1.0,3.66,1.83,0.1933404940923738,0.1933404940923738,30,4.155,0.739,4453.0,550.0,0.0,0.0,0.0,5003.0,6103.0,1.0,1.2,0.5261206896551724,6103.0,0.0,1.0,89.06,4145.7429999999995,522.5,0.0,0.0,0.0,4752.849999999999,0.47287008985086953,2.3643504492543475,,0.11317976671478565,0.11330176562987256,155.75430219912747,778.7715109956372,59.0562492975784,69.67471536005641,2.049028914792734,2.5834335894996943,3.0479416173722518,-0.4645080278725575,0.3818338619538309,469.2142255994555,3894.7257744005447,59.20017254160841,490.7998274583916,528.4143981410639,4385.525601858936,8771.051203717872,646.8147432242807,0.3593415240134893,1293.6294864485615,3880.888459345684,5367.125256775719,10734.250513551438,32202.751540654317,6013.94,12027.88,36083.64,0.7517425,1.4186102695526086,7.093051347763042,0.6847794625509234,1085.5419826896223,665.632119055562,419.9098636340602,2171.0839653792445,1331.264238111124,839.8197272681203,938.428451198911,118.40034508321682,1056.8287962821278,2815.2853535967333,355.20103524965043,10006.0,-0.15240056608204583,61.08011850946175
67,67,2025,5NB,5,NB,AM-Shoulder,1,OP,AM,3.0,65,8000,1,6,70,1800,1,6,0.1,0.01,4266.0,527.0,0.0,0.0,0.0,1.0,1.0,1.0,3.66,1.83,0.1933404940923738,0.1933404940923738,30,4.155,0.739,4266.0,527.0,0.0,0.0,0.0,4793.0,5847.0,1.0,1.2,0.5040517241379311,5847.0,0.0,1.0,85.32000000000001,3971.646,500.65,0.0,0.0,0.0,4553.349999999999,0.392831939146831,1.9641596957341552,,0.11871976753784962,0.11881581415482896,152.54932087072643,762.7466043536323,60.456064628449056,69.67626046166947,1.1574502136872467,2.583376300727594,2.9773687901494115,-0.39399248942181764,0.2851490886585399,471.5128898626303,3709.1671101373695,59.48513735661512,467.5148626433849,530.9980272192454,4176.681972780754,4176.681972780754,649.9683019324757,0.3610935010735976,649.9683019324757,1949.904905797427,5111.711698067524,5111.711698067524,15335.135094202571,5761.679999999999,5761.679999999999,17285.039999999997,0.7202099999999999,1.178495817440493,5.8924790872024655,0.5688601777494304,906.1908964456104,555.6759685723896,350.51492787322076,906.1908964456104,555.6759685723896,350.51492787322076,471.5128898626303,59.48513735661512,530.9980272192454,1414.5386695878908,178.45541206984535,4793.0,-0.13232908557560522,59.823263086559386
68,68,2025,5NB,5,NB,MD,5,OP,MD,3.0,65,8000,1,6,70,1800,1,6,0.1,0.01,4708.0,582.0,0.0,0.0,0.0,1.0,1.0,1.0,3.66,1.83,0.1933404940923738,0.1933404940923738,30,4.136,0.763,4708.0,582.0,0.0,0.0,0.0,5290.0,6454.0,1.0,1.2,0.5563793103448276,6454.0,0.0,1.0,94.16,4383.148,552.9,0.0,0.0,0.0,5025.5,0.6295250576108317,3.1476252880541584,,0.10578310174466056,0.10595298728693302,162.07409877437937,810.3704938718969,56.648502690441184,69.68075999156474,1.532576444528112,2.5832094831025096,3.177489102997475,-0.5942796198949654,0.5593139172603863,463.6629908459055,4150.177009154095,58.58140667094526,523.4185933290547,522.2443975168508,4673.595602483149,23367.978012415748,639.4072108587413,0.3552262282548563,3197.036054293707,9591.10816288112,5720.4327891412595,28602.1639457063,85806.4918371189,6359.840000000001,31799.200000000004,95397.60000000002,0.7949800000000001,1.8885751728324949,9.442875864162476,0.91198640011483,1428.8393642145932,875.6624130728375,553.1769511417557,7144.196821072966,4378.312065364187,2765.8847557087784,2318.3149542295273,292.9070333547263,2611.221987584254,6954.944862688582,878.7211000641789,26450.0,-0.1870280591471906,63.55847010759976
69,69,2025,5NB,5,NB,PM-Shoulder,1,OP,PM,3.0,65,8000,1,6,70,1800,1,6,0.1,0.01,5570.0,688.0,0.0,0.0,0.0,1.0,1.0,1.0,3.66,1.83,0.1933404940923738,0.1933404940923738,30,4.135,0.753,5570.0,688.0,0.0,0.0,0.0,6258.0,7634.0,1.0,1.2,0.6581034482758621,7634.0,0.0,1.0,111.4,5185.67,653.6,0.0,0.0,0.0,5945.099999999999,1.5113427977999585,7.5567139889997925,,0.0942936358550639,0.09479232827388329,167.57659447746374,837.8829723873187,45.34955589224781,69.51716067071759,2.0788413786483995,2.589288720415485,3.969167866333389,-1.3798791459179043,1.6439138230305896,488.9756786445292,4969.624321355471,61.956265759810115,626.0437342401899,550.9319444043393,5595.668055595661,5595.668055595661,674.8444759239595,0.37491359773553307,674.8444759239595,2024.5334277718785,6847.75552407604,6847.75552407604,20543.26657222812,7522.599999999999,7522.599999999999,22567.8,0.940325,4.5340283933998755,22.670141966999378,2.1911883357885644,3621.5869511763067,2217.0296106562687,1404.5573405200378,3621.5869511763067,2217.0296106562687,1404.5573405200378,488.9756786445292,61.956265759810115,550.9319444043393,1466.9270359335876,185.86879727943034,6258.0,-0.3476494802908398,65.7163115597897
70,70,2025,5NB,5,NB,PM-Peak,3,Peak,PM,3.0,65,8000,1,6,70,1800,1,6,0.1,0.01,5539.0,685.0,0.0,0.0,0.0,1.0,1.0,1.0,3.66,1.83,0.1933404940923738,0.1933404940923738,30,4.135,0.753,5539.0,685.0,0.0,0.0,0.0,6224.0,7594.0,1.0,1.2,0.6546551724137931,7594.0,0.0,1.0,110.78,5156.809,650.75,0.0,0.0,0.0,5912.799999999999,1.467431650171415,7.337158250857075,,0.09455078655567888,0.0950317834074733,167.4057982692315,837.0289913461575,45.80007917668016,69.52572695474994,3.2221457119783814,2.5889696934366615,3.930124210170577,-1.3411545167339156,1.5904240140875365,487.58034706740386,4940.639652932597,61.84193305241325,623.1580669475868,549.4222801198171,5563.797719880184,16691.393159640553,673.1061462246437,0.37394785901369093,2019.318438673931,6057.955316021793,6810.113853775357,20430.34156132607,61291.024683978205,7483.22,22449.66,67348.98,0.9354025,4.4022949505142455,22.011474752571225,2.1281169783972937,3507.7046478982093,2146.4724998648153,1361.2321480333942,10523.113943694629,6439.417499594446,4083.696444100183,1462.7410412022116,185.52579915723976,1648.2668403594514,4388.2231236066345,556.5773974717192,18672.0,-0.34124990585875303,65.64933265460057
71,71,2025,5NB,5,NB,PM-Late,3,OP,PM,3.0,65,8000,1,6,70,1800,1,6,0.1,0.01,3830.0,473.0,0.0,0.0,0.0,1.0,1.0,1.0,3.66,1.83,0.1933404940923738,0.1933404940923738,30,4.135,0.753,3830.0,473.0,0.0,0.0,0.0,4303.0,5249.0,1.0,1.2,0.4525,5249.0,0.0,1.0,76.60000000000001,3565.73,449.34999999999997,0.0,0.0,0.0,4087.85,0.2664240304598722,1.3321201522993609,,0.13464040605703495,0.13469619194788124,143.52981762108487,717.6490881054244,62.76867034443249,69.66834494294505,0.7836827802926973,2.583669816577545,2.8676726623693054,-0.28400284579176027,0.13486539359979413,480.0913350897512,3273.308664910249,60.52573385178043,412.47426614821956,540.6170689415317,3685.7829310584684,11057.348793175406,661.6685366450924,0.3675936314694958,1985.0056099352773,5955.0168298058325,4510.731463354908,13532.194390064724,40596.58317019417,5172.4,15517.2,46551.600000000006,0.64655,0.7992720913796165,3.9963604568980826,0.38573591227599635,625.6062548404107,383.7236054504177,241.882649389993,1876.818764521232,1151.170816351253,725.6479481699789,1440.2740052692536,181.57720155534128,1621.851206824595,4320.822015807761,544.7316046660238,12909.0,-0.09903600557990944,56.28620298866073
72,72,2025,5SB,5,SB,Night,8,OP,NT,3.0,65,8000,1,6,70,1800,1,6,0.1,0.01,1525.0,188.0,0.0,0.0,0.0,1.0,1.0,1.0,3.66,1.83,0.1933404940923738,0.1933404940923738,30,4.103,0.739,1525.0,188.0,0.0,0.0,0.0,1713.0,2089.0,1.0,1.2,0.18008620689655172,2089.0,0.0,1.0,30.5,1419.7749999999999,178.6,0.0,0.0,0.0,1627.35,0.14828261439661963,0.7414130719830981,,0.19332408145095706,0.19332363953699783,114.74685633176698,573.7342816588349,64.99378070276714,69.9904294800644,0.0,2.5717801896224963,2.769495758727826,-0.1977155691053296,0.00036303561096736746,274.4766977420325,1220.0233022579675,34.527602021307814,153.4723979786922,309.0042997633403,1373.4957002366598,10987.965601893278,378.05950380595596,0.21003305766997554,3024.4760304476476,9073.428091342943,1680.440496194044,13443.523969552352,40330.57190865706,2058.5,16468.0,49404.0,0.2573125,0.4448478431898589,2.2242392159492943,0.2145579782085369,198.89801344490095,122.10036699641799,76.79764644848296,1591.1841075592076,976.8029359713439,614.3811715878637,2195.81358193626,276.2208161704625,2472.0343981067226,6587.440745808781,828.6624485113875,13704.0,-0.07139045744419219,44.99876718892823
73,73,2025,5SB,5,SB,AM-Early,1,OP,AM,3.0,65,8000,1,6,70,1800,1,6,0.1,0.01,4818.0,595.0,0.0,0.0,0.0,1.0,1.0,1.0,3.66,1.83,0.1933404940923738,0.1933404940923738,30,4.155,0.739,4818.0,595.0,0.0,0.0,0.0,5413.0,6603.0,1.0,1.2,0.5692241379310344,6603.0,0.0,1.0,96.36,4485.558,565.25,0.0,0.0,0.0,5142.349999999999,0.6898035813339453,3.4490179066697264,,0.1048186023847749,0.1050142980860875,160.9097356187011,804.5486780935055,55.5519627608241,69.65097377730417,1.5872301395792583,2.5843141917228034,3.2402095453401,-0.6558953536172965,0.645240923269783,470.16992047584614,4251.470079524154,59.359331993160964,535.6406680068391,529.5292524690071,4787.110747530994,4787.110747530994,648.247916455329,0.3601377313640717,648.247916455329,1944.743749365987,5858.392083544672,5858.392083544672,17575.176250634016,6506.64,6506.64,19519.920000000002,0.81333,2.0694107440018357,10.347053720009178,0.9991068321255122,1587.1688818563007,972.9746849392046,614.194196917096,1587.1688818563007,972.9746849392046,614.194196917096,470.16992047584614,59.359331993160964,529.5292524690071,1410.5097614275385,178.0779959794829,5413.0,-0.20242374588414225,63.101857105372964
74,74,2025,5SB,5,SB,AM-Peak,2,Peak,AM,3.0,65,8000,1,6,70,1800,1,6,0.1,0.01,3481.0,430.0,0.0,0.0,0.0,1.0,1.0,1.0,3.66,1.83,0.1933404940923738,0.1933404940923738,30,4.155,0.739,3481.0,430.0,0.0,0.0,0.0,3911.0,4771.0,1.0,1.2,0.41129310344827585,4771.0,0.0,1.0,69.62,3240.811,408.5,0.0,0.0,0.0,3715.45,0.20825622411684164,1.041281120584208,,0.15214712777679112,0.15218602377991952,136.1768948920112,680.884474460056,63.85735117722957,69.63791423735256,0.7140188733826709,2.58479884085114,2.8187827506410086,-0.2339839097898686,0.06788621453202727,493.08008531743025,2918.29991468257,62.16799071409712,367.83200928590287,555.2480760315274,3286.131923968473,6572.263847936946,679.5840574597216,0.37754669858873424,1359.1681149194433,4077.50434475833,4021.7959425402787,8043.591885080557,24130.775655241672,4701.38,9402.76,28208.280000000002,0.5876725,0.6247686723505249,3.1238433617526242,0.3015253163725605,502.26405537198553,308.06099026625446,194.20306510573107,1004.5281107439711,616.1219805325089,388.40613021146214,986.1601706348605,124.33598142819424,1110.4961520630548,2958.4805119045814,373.0079442845827,7822.0,-0.08300884831818246,53.402703879220084
75,75,2025,5SB,5,SB,AM-Shoulder,1,OP,AM,3.0,65,8000,1,6,70,1800,1,6,0.1,0.01,3793.0,469.0,0.0,0.0,0.0,1.0,1.0,1.0,3.66,1.83,0.1933404940923738,0.1933404940923738,30,4.155,0.739,3793.0,469.0,0.0,0.0,0.0,4262.0,5200.0,1.0,1.2,0.4482758620689655,5200.0,0.0,1.0,75.86,3531.283,445.54999999999995,0.0,0.0,0.0,4048.8999999999996,0.2589629411374287,1.2948147056871435,,0.13687596919285946,0.13693027464925397,143.09570034466208,715.4785017233105,62.91601547009596,69.65756035729302,0.7408795932179674,2.584069827836776,2.8609567636328492,-0.27688693579607326,0.12566461233084902,483.34778311926834,3233.7922168807313,61.0092838699751,407.9907161300249,544.3570669892434,3641.782933010756,3641.782933010756,666.3756347291936,0.37020868596066314,666.3756347291936,1999.1269041875807,4457.764365270807,4457.764365270807,13373.29309581242,5124.14,5124.14,15372.42,0.6405175000000001,0.776888823412286,3.8844441170614306,0.3750569136106049,612.4946443413207,375.5074905264652,236.98715381485562,612.4946443413207,375.5074905264652,236.98715381485562,483.34778311926834,61.0092838699751,544.3570669892434,1450.043349357805,183.0278516099253,4262.0,-0.09678123742229562,56.11596091947533
76,76,2025,5SB,5,SB,MD,5,OP,MD,3.0,65,8000,1,6,70,1800,1,6,0.1,0.01,4637.0,573.0,0.0,0.0,0.0,1.0,1.0,1.0,3.66,1.83,0.1933404940923738,0.1933404940923738,30,4.136,0.763,4637.0,573.0,0.0,0.0,0.0,5210.0,6356.0,1.0,1.2,0.5479310344827586,6356.0,0.0,1.0,92.74,4317.047,544.35,0.0,0.0,0.0,4949.5,0.5841645357119407,2.920822678559704,,0.10735676261077239,0.10751156241624057,161.0368358116929,805.1841790584645,57.36048696019672,69.68538786253262,1.4787759065895298,2.58303792977494,3.138048673207824,-0.5550107434328839,0.5052805284485647,463.464189958547,4080.7958100414535,58.52391900128056,514.4760809987195,521.9881089598276,4595.271891040173,22976.359455200865,639.0359469623887,0.3550199705346604,3195.1797348119435,9585.53920443583,5624.224053037612,28121.12026518806,84363.36079556418,6263.260000000001,31316.300000000003,93948.90000000001,0.7829075000000001,1.7524936071358221,8.762468035679111,0.8461444343694204,1325.0319996101302,812.218030038736,512.8139695713943,6625.159998050651,4061.0901501936796,2564.0698478569716,2317.320949792735,292.6195950064028,2609.940544799138,6951.962849378206,877.8587850192084,26050.0,-0.17686492506361678,63.15170031831094
77,77,2025,5SB,5,SB,PM-Shoulder,1,OP,PM,3.0,65,8000,1,6,70,1800,1,6,0.1,0.01,4858.0,600.0,0.0,0.0,0.0,1.0,1.0,1.0,3.66,1.83,0.1933404940923738,0.1933404940923738,30,4.135,0.753,4858.0,600.0,0.0,0.0,0.0,5458.0,6658.0,1.0,1.2,0.5739655172413793,6658.0,0.0,1.0,97.16,4522.798,570.0,0.0,0.0,0.0,5185.099999999999,0.7226218417340885,3.6131092086704424,,0.10336963719500852,0.10357401067932413,161.47491354442082,807.3745677221041,55.067427258131076,69.65878185000788,1.629910281015349,2.584024515208769,3.268719984978448,-0.6846954697696792,0.68430022557432,467.51998836631014,4293.32001163369,59.03718608721476,540.9628139127852,526.5571744535249,4834.282825546476,4834.282825546476,644.6315466279544,0.3581286370155302,644.6315466279544,1933.8946398838634,5916.208453372046,5916.208453372046,17748.625360116137,6560.840000000001,6560.840000000001,19682.52,0.8201050000000001,2.1678655252022656,10.839327626011327,1.0467010658784868,1653.4438672394067,1013.5204651222881,639.9234021171185,1653.4438672394067,1013.5204651222881,639.9234021171185,467.51998836631014,59.03718608721476,526.5571744535249,1402.5599650989304,177.11155826164426,5458.0,-0.20946898875285386,63.323495507616
78,78,2025,5SB,5,SB,PM-Peak,3,Peak,PM,3.0,65,8000,1,6,70,1800,1,6,0.1,0.01,4919.0,608.0,0.0,0.0,0.0,1.0,1.0,1.0,3.66,1.83,0.1933404940923738,0.1933404940923738,30,4.135,0.753,4919.0,608.0,0.0,0.0,0.0,5527.0,6743.0,1.0,1.2,0.5812931034482759,6743.0,0.0,1.0,98.38,4579.589,577.6,0.0,0.0,0.0,5250.65,0.771293559340234,3.8564677967011702,,0.10228183445330835,0.10250310605978101,162.19474388659393,810.9737194329697,54.3500817243118,69.65153803487573,2.6142207123972456,2.584293255805362,3.3118625453599395,-0.7275692895545776,0.7434055332969628,468.4087639621919,4352.211236037808,59.20579406012951,548.7942059398705,527.6145580223215,4901.005441977678,14703.016325933033,646.0261461425805,0.3589034145236558,1938.0784384277415,5814.235315283225,5998.593853857419,17995.781561572257,53987.34468471677,6644.62,19933.86,59801.579999999994,0.8305775,2.313880678020702,11.56940339010351,1.1174936172413676,1768.8177028607083,1083.8419883476756,684.9757145130326,5306.453108582125,3251.525965043027,2054.927143539098,1405.2262918865758,177.61738218038855,1582.8436740669645,4215.678875659727,532.8521465411657,16581.0,-0.21968583526328203,63.605781916311344
79,79,2025,5SB,5,SB,PM-Late,3,OP,PM,3.0,65,8000,1,6,70,1800,1,6,0.1,0.01,3555.0,439.0,0.0,0.0,0.0,1.0,1.0,1.0,3.66,1.83,0.1933404940923738,0.1933404940923738,30,4.135,0.753,3555.0,439.0,0.0,0.0,0.0,3994.0,4872.0,1.0,1.2,0.42,4872.0,0.0,1.0,71.10000000000001,3309.705,417.04999999999995,0.0,0.0,0.0,3794.2999999999997,0.21796417203156326,1.0898208601578163,,0.14768786898832842,0.14772911223836696,137.3763033185512,686.881516592756,63.669925847002105,69.65061923607871,0.5330604464569755,2.5843273466082954,2.827080408928657,-0.24275306232036176,0.07925400638610659,488.8032784300155,2995.0967215699848,61.610426259010936,377.3895737409891,550.4137046890264,3372.4862953109737,10117.458885932921,673.6345572070484,0.3742414206705824,2020.9036716211451,6062.711014863436,4127.265442792952,12381.796328378856,37145.38898513657,4800.900000000001,14402.7,43208.100000000006,0.6001125,0.6538925160946898,3.2694625804734487,0.31555524168448235,521.057788828791,319.624805607936,201.43298322085502,1563.173366486373,958.8744168238081,604.2989496625651,1466.4098352900464,184.83127877703282,1651.2411140670793,4399.229505870139,554.4938363310985,11982.0,-0.08586705265038952,53.873060124922034
80,80,2025,6NB,6,NB,Night,8,OP,NT,4.4,65,10000,1,6,70,1800,1,6,0.1,0.01,1452.0,179.0,0.0,0.0,0.0,1.0,1.0,1.0,3.66,1.83,0.16057091882247995,0.16057091882247995,30,4.103,0.739,1452.0,179.0,0.0,0.0,0.0,1631.0,1989.0,1.0,1.2,0.14625,1989.0,0.0,1.0,29.04,1351.812,170.04999999999998,0.0,0.0,0.0,1549.4499999999998,0.16284387843672368,0.8142193921836184,,0.16057049128906087,0.16057051265690508,125.97862152669587,629.8931076334794,64.99848553159592,69.99743658702776,0.0,3.7715666868995834,4.0616330956152655,-0.2900664087156821,0.0001296486852217134,217.06111697044793,1205.898883029552,27.305015677306706,151.6949843226933,244.36613264775463,1357.5938673522453,10860.750938817962,298.976164002368,0.16609786889020445,2391.809312018944,10523.960972883355,1660.983835997632,13287.870687981056,58466.63102711665,1959.96,15679.68,68990.592,0.195996,0.7165130651215843,3.5825653256079213,0.23562736288262404,253.3491286199101,155.5271262392104,97.8220023806997,2026.7930289592807,1244.2170099136831,782.5760190455976,1736.4889357635834,218.44012541845365,1954.929061182037,7640.551317359767,961.1365518411961,13048.0,-0.07141620178071309,33.68412340285985
81,81,2025,6NB,6,NB,AM-Early,1,OP,AM,4.4,65,10000,1,6,70,1800,1,6,0.1,0.01,3969.0,491.0,0.0,0.0,0.0,1.0,1.0,1.0,3.66,1.83,0.16057091882247995,0.16057091882247995,30,4.155,0.739,3969.0,491.0,0.0,0.0,0.0,4460.0,5442.0,1.0,1.2,0.4001470588235294,5442.0,0.0,1.0,79.38,3695.1389999999997,466.45,0.0,0.0,0.0,4237.0,0.19997598173582548,0.9998799086791275,,0.13621080277377234,0.13627522570108513,143.4094685684084,717.0473428420422,64.26375500641782,69.56233092319641,0.3177495699453754,3.795157472389499,4.108069937301908,-0.31291246491240843,0.0637481217959202,503.31784955067434,3386.3021504493254,63.56557902827116,427.43442097172885,566.8834285789455,3813.736571421054,3813.736571421054,694.0145866354878,0.3855636592419377,694.0145866354878,3053.6641811961467,4668.605413364512,4668.605413364512,20541.863818803853,5362.62,5362.62,23595.528,0.536262,0.8798943196376322,4.399471598188161,0.28967053571246887,722.5214763491307,442.86651679186673,279.65495955726396,722.5214763491307,442.86651679186673,279.65495955726396,503.31784955067434,63.56557902827116,566.8834285789455,2214.598538022967,279.6885477243931,4460.0,-0.0761701893317626,38.34477769208782
82,82,2025,6NB,6,NB,AM-Peak,2,Peak,AM,4.4,65,10000,1,6,70,1800,1,6,0.1,0.01,4348.0,537.0,0.0,0.0,0.0,1.0,1.0,1.0,3.66,1.83,0.16057091882247995,0.16057091882247995,30,4.155,0.739,4348.0,537.0,0.0,0.0,0.0,4885.0,5959.0,1.0,1.2,0.43816176470588236,5959.0,0.0,1.0,86.96000000000001,4047.988,510.15,0.0,0.0,0.0,4640.75,0.2363965515068937,1.1819827575344686,,0.12316029340648607,0.12324596174440353,150.09184538945735,750.4592269472867,63.633983558363056,69.55983291368494,1.0681956823606733,3.7952937628184213,4.148726596031311,-0.35343283321289,0.1194477442552037,498.5513897859347,3762.4886102140654,62.87392738390746,474.12607261609253,561.4253171698422,4236.614682830158,8473.229365660316,687.1731719376571,0.3817628732986984,1374.3463438753142,6047.123913051383,5184.866828062342,10369.733656124685,45626.82808694862,5872.039999999999,11744.079999999998,51673.952000000005,0.587204,1.0401448266303324,5.200724133151662,0.3422925925915829,845.555600386715,518.5656488952023,326.98995149151267,1691.11120077343,1037.1312977904047,653.9799029830253,997.1027795718694,125.74785476781491,1122.8506343396843,4387.252230116225,553.2905609783857,9770.0,-0.08519067840020725,40.131509462421754
83,83,2025,6NB,6,NB,AM-Shoulder,1,OP,AM,4.4,65,10000,1,6,70,1800,1,6,0.1,0.01,4165.0,515.0,0.0,0.0,0.0,1.0,1.0,1.0,3.66,1.83,0.16057091882247995,0.16057091882247995,30,4.155,0.739,4165.0,515.0,0.0,0.0,0.0,4680.0,5710.0,1.0,1.2,0.4198529411764706,5710.0,0.0,1.0,83.3,3877.615,489.25,0.0,0.0,0.0,4446.0,0.21693043093804543,1.084652154690227,,0.12913802450728126,0.12921240902145412,146.93660517585153,734.6830258792576,63.97662111035207,69.56130258921728,0.5077760981160149,3.7952135767066952,4.126507393140244,-0.3312938164335488,0.08900743629444055,500.7475408998014,3580.952459100198,63.217171113746424,451.7828288862536,563.9647120135478,4032.735287986452,4032.735287986452,690.3990542410406,0.38355503013391146,690.3990542410406,3037.7558386605792,4936.300945758959,4936.300945758959,21719.72416133942,5626.699999999999,5626.699999999999,24757.48,0.5626699999999999,0.9544938961274,4.772469480637,0.3141970001418273,779.6624910822277,477.960471289666,301.7020197925617,779.6624910822277,477.960471289666,301.7020197925617,500.7475408998014,63.217171113746424,563.9647120135478,2203.289179959126,278.1555529004843,4680.0,-0.08028431428095334,39.28786234648437
84,84,2025,6NB,6,NB,MD,5,OP,MD,4.4,65,10000,1,6,70,1800,1,6,0.1,0.01,4597.0,568.0,0.0,0.0,0.0,1.0,1.0,1.0,3.66,1.83,0.16057091882247995,0.16057091882247995,30,4.136,0.763,4597.0,568.0,0.0,0.0,0.0,5165.0,6301.0,1.0,1.2,0.4633088235294118,6301.0,0.0,1.0,91.94,4279.807,539.6,0.0,0.0,0.0,4906.75,0.2748914985746685,1.3744574928733424,,0.11510077456928725,0.11520503238697295,156.15036020755235,780.7518010377618,63.01064970969724,69.57020646540806,0.9421806106263251,3.794727849934828,4.189767939488026,-0.395040089553198,0.17567438479090378,492.6091007070575,4012.4508992929427,62.16463547601061,505.83536452398937,554.7737361830681,4518.286263816932,22591.43131908466,679.1030071350893,0.37727944840838296,3395.5150356754466,14940.266156971966,5529.956992864911,27649.784964324554,121659.05384302804,6209.06,31045.3,136599.32,0.6209060000000001,1.2095225937285414,6.047612968642707,0.39810230463712104,971.7694928771527,595.8218371814845,375.9476556956683,4858.8474643857635,2979.1091859074227,1879.7382784783415,2463.0455035352875,310.82317738005304,2773.8686809153405,10837.400215555266,1367.6219804722334,25825.0,-0.09428686630349997,41.75143321057549
85,85,2025,6NB,6,NB,PM-Shoulder,1,OP,PM,4.4,65,10000,1,6,70,1800,1,6,0.1,0.01,5439.0,672.0,0.0,0.0,0.0,1.0,1.0,1.0,3.66,1.83,0.16057091882247995,0.16057091882247995,30,4.135,0.753,5439.0,672.0,0.0,0.0,0.0,6111.0,7455.0,1.0,1.2,0.5481617647058824,7455.0,0.0,1.0,108.78,5063.709,638.4,0.0,0.0,0.0,5805.45,0.4841360570636944,2.420680285318472,,0.0974158385757708,0.09764335034106396,165.60480457241192,828.0240228620597,59.269713766400294,69.5067221833664,1.6832461509716454,3.7981937819415346,4.454214188388072,-0.6560204064465371,0.5379657457839656,493.28545853867774,4836.934541461323,62.33551485773523,609.6644851422648,555.620973396413,5446.599026603588,5446.599026603588,680.2920031118834,0.37794000172882414,680.2920031118834,2993.2848136922876,6665.9279968881165,6665.9279968881165,29330.083186307715,7346.22,7346.22,32323.368000000002,0.734622,2.1301986510802555,10.650993255401277,0.7013983406940705,1714.7311666983007,1050.7960183765967,663.935148321704,1714.7311666983007,1050.7960183765967,663.935148321704,493.28545853867774,62.33551485773523,555.620973396413,2170.456017570182,274.276265374035,6111.0,-0.14728083982956,44.27935951134008
86,86,2025,6NB,6,NB,PM-Peak,3,Peak,PM,4.4,65,10000,1,6,70,1800,1,6,0.1,0.01,5409.0,668.0,0.0,0.0,0.0,1.0,1.0,1.0,3.66,1.83,0.16057091882247995,0.16057091882247995,30,4.135,0.753,5409.0,668.0,0.0,0.0,0.0,6077.0,7413.0,1.0,1.2,0.5450735294117647,7413.0,0.0,1.0,108.18,5035.7789999999995,634.6,0.0,0.0,0.0,5773.15,0.4728054271347929,2.3640271356739646,,0.0979052915906817,0.09812608804380482,165.26011449553076,826.3005724776539,59.45967291231986,69.51062056113447,2.590784825427016,3.7979807670946117,4.439984060949989,-0.6420032938553772,0.518470471193793,493.02941138123145,4807.790588618768,62.27081547259854,605.7291845274015,555.30022685383,5413.519773146169,16240.559319438507,679.8418577990271,0.3776899209994595,2039.5255733970814,8973.91252294716,6624.978142200973,19874.93442660292,87449.71147705284,7304.82,21914.46,96423.624,0.730482,2.080343879393089,10.401719396965445,0.6848851496615675,1673.3942674939065,1025.6707183277222,647.7235491661843,5020.18280248172,3077.0121549831665,1943.1706474985529,1479.0882341436943,186.81244641779563,1665.90068056149,6507.988230232256,821.9747642383008,18231.0,-0.14459585553512389,44.18719638917935
87,87,2025,6NB,6,NB,PM-Late,3,OP,PM,4.4,65,10000,1,6,70,1800,1,6,0.1,0.01,3740.0,462.0,0.0,0.0,0.0,1.0,1.0,1.0,3.66,1.83,0.16057091882247995,0.16057091882247995,30,4.135,0.753,3740.0,462.0,0.0,0.0,0.0,4202.0,5126.0,1.0,1.2,0.37691176470588234,5126.0,0.0,1.0,74.8,3481.9399999999996,438.9,0.0,0.0,0.0,3991.8999999999996,0.18375730418533157,0.9187865209266578,,0.14501729990747264,0.1450712328656999,138.57642205387066,692.8821102693532,64.51236963120886,69.57115684336232,0.10423479196013674,3.7946760119914242,4.092238457666046,-0.2975624456746222,0.0420589946947908,504.9415372398252,3160.2584627601746,63.67176410475568,398.32823589524435,568.6133013445809,3558.586698655419,10675.760095966256,695.9568295540922,0.3866426830856068,2087.870488662277,9186.630150114019,4355.243170445908,13065.729511337722,57489.209849885985,5051.2,15153.599999999999,66675.84,0.50512,0.8085321384154589,4.042660692077295,0.2660638678689268,665.6647988208188,408.26146087930493,257.4033379415138,1996.9943964624563,1224.7843826379149,772.2100138245414,1514.8246117194756,191.01529231426704,1705.8399040337426,6665.228291565693,840.4672861827751,12606.0,-0.07271385789290807,37.05251926574081
88,88,2025,6SB,6,SB,Night,8,OP,NT,4.4,65,10000,1,6,70,1800,1,6,0.1,0.01,1489.0,184.0,0.0,0.0,0.0,1.0,1.0,1.0,3.66,1.83,0.16057091882247995,0.16057091882247995,30,4.103,0.739,1489.0,184.0,0.0,0.0,0.0,1673.0,2041.0,1.0,1.2,0.15007352941176472,2041.0,0.0,1.0,29.78,1386.259,174.79999999999998,0.0,0.0,0.0,1589.35,0.16284419152933702,0.8142209576466851,,0.1605619212737047,0.16056042624034056,125.98198245821442,629.9099122910721,64.99823180871581,69.99700906996985,0.0,3.771589722299455,4.061648950342668,-0.2900592280432126,0.0001513696617624472,222.5804084229646,1236.6395915770354,28.065962506811527,155.93403749318847,250.64637092977614,1392.573629070224,11140.589032561791,306.7782959433992,0.17043238663522178,2454.2263675471936,10798.596017207652,1704.4417040566009,13635.533632452807,59996.34798279236,2011.22,16089.76,70794.94400000002,0.201122,0.7165144427290829,3.582572213645415,0.23578167643223866,260.03041472970915,159.48207730359218,100.54833742611699,2080.243317837673,1275.8566184287374,804.3866994089359,1780.6432673837169,224.52770005449221,2005.1709674382091,7834.830376488355,987.9218802397659,13384.0,-0.07141415508564355,33.68502204765092
89,89,2025,6SB,6,SB,AM-Early,1,OP,AM,4.4,65,10000,1,6,70,1800,1,6,0.1,0.01,4705.0,581.0,0.0,0.0,0.0,1.0,1.0,1.0,3.66,1.83,0.16057091882247995,0.16057091882247995,30,4.155,0.739,4705.0,581.0,0.0,0.0,0.0,5286.0,6448.0,1.0,1.2,0.47411764705882353,6448.0,0.0,1.0,94.10000000000001,4380.355,551.9499999999999,0.0,0.0,0.0,5021.7,0.28834183372578304,1.4417091686289152,,0.11297863154160025,0.11309397569635382,155.88134751100702,779.4067375550352,62.69632765436801,69.55259724640383,1.0231437552222877,3.7956885932631352,4.210772941206027,-0.41508434794289206,0.20445123714456565,494.8865135664063,4116.013486433593,62.42221988560248,518.5777801143976,557.3087334520087,4634.591266547991,4634.591266547991,682.1531732232137,0.3789739851240076,682.1531732232137,3001.4739621821404,5671.746826776785,5671.746826776785,24955.686037817857,6353.899999999999,6353.899999999999,27957.159999999996,0.6353899999999999,1.2687040683934454,6.343520341967228,0.417526511924253,1023.8411547898181,627.8645331547476,395.9766216350705,1023.8411547898181,627.8645331547476,395.9766216350705,494.8865135664063,62.42221988560248,557.3087334520087,2177.5006596921876,274.65776749665093,5286.0,-0.09857675864707295,41.67950468208745
90,90,2025,6SB,6,SB,AM-Peak,2,Peak,AM,4.4,65,10000,1,6,70,1800,1,6,0.1,0.01,3399.0,420.0,0.0,0.0,0.0,1.0,1.0,1.0,3.66,1.83,0.16057091882247995,0.16057091882247995,30,4.155,0.739,3399.0,420.0,0.0,0.0,0.0,3819.0,4659.0,1.0,1.2,0.3425735294117647,4659.0,0.0,1.0,67.98,3164.469,399.0,0.0,0.0,0.0,3628.0499999999997,0.16744673247369962,0.8372336623684982,,0.16041460884221628,0.16045714835083308,132.74549303157977,663.727465157899,64.75056476833197,69.58128425184925,-0.33610641054854407,3.7941237049384253,4.077184514830925,-0.28306080989250004,0.021435093010675386,507.6270568283193,2823.3929431716806,64.0224021919824,355.9775978080176,571.6494590203017,3179.370540979698,6358.741081959396,699.6942634042665,0.3887190352245925,1399.388526808533,6157.309517957546,3891.3257365957334,7782.651473191467,34243.666482042456,4591.0199999999995,9182.039999999999,40400.976,0.45910199999999995,0.7367656228842784,3.683828114421392,0.2424601301635153,609.8496898646481,374.00216471702964,235.84752514761848,1219.6993797292962,748.0043294340593,471.69505029523697,1015.2541136566387,128.0448043839648,1143.2989180406034,4467.11810008921,563.3971392894451,7638.0,-0.06942555797091222,35.493447334647
91,91,2025,6SB,6,SB,AM-Shoulder,1,OP,AM,4.4,65,10000,1,6,70,1800,1,6,0.1,0.01,3704.0,458.0,0.0,0.0,0.0,1.0,1.0,1.0,3.66,1.83,0.16057091882247995,0.16057091882247995,30,4.155,0.739,3704.0,458.0,0.0,0.0,0.0,4162.0,5078.0,1.0,1.2,0.37338235294117644,5078.0,0.0,1.0,74.08,3448.424,435.09999999999997,0.0,0.0,0.0,3953.8999999999996,0.1820421769961959,0.9102108849809796,,0.14698337860971605,0.14703695935056516,138.4173644452307,692.0868222261536,64.5447639698407,69.56410357184902,0.060190994616948615,3.795060763304865,4.090184606196051,-0.2951238428911864,0.039245218180898336,506.86101039883147,3123.058989601169,63.9757810134309,394.0242189865691,570.8367914122624,3517.0832085877378,3517.0832085877378,698.7883534391242,0.3882157519106246,698.7883534391242,3074.6687551321465,4305.131646560876,4305.131646560876,18942.579244867855,5003.92,5003.92,22017.248,0.5003920000000001,0.800985578783262,4.00492789391631,0.263650725190181,662.2067496927478,405.988359776977,256.21838991577084,662.2067496927478,405.988359776977,256.21838991577084,506.86101039883147,63.9757810134309,570.8367914122624,2230.1884457548585,281.49343645909596,4162.0,-0.0721541620503181,37.009990493377195
92,92,2025,6SB,6,SB,MD,5,OP,MD,4.4,65,10000,1,6,70,1800,1,6,0.1,0.01,4528.0,560.0,0.0,0.0,0.0,1.0,1.0,1.0,3.66,1.83,0.16057091882247995,0.16057091882247995,30,4.136,0.763,4528.0,560.0,0.0,0.0,0.0,5088.0,6208.0,1.0,1.2,0.45647058823529413,6208.0,0.0,1.0,90.56,4215.567999999999,532.0,0.0,0.0,0.0,4833.599999999999,0.2643979181619406,1.3219895908097028,,0.11699885559189462,0.1170971970559472,155.00389729815973,775.0194864907986,63.196757669036565,69.57146555324123,0.8774873667338938,3.794659173852931,4.177429503307375,-0.38277032945444445,0.15877072722341182,493.21663166981193,3944.223368330188,62.29570883376391,497.7042911662361,555.5123405035758,4441.927659496424,22209.63829748212,680.1037581711037,0.3778354212061687,3400.518790855518,14962.282679764281,5437.336241828896,27186.68120914448,119621.39732023573,6117.44,30587.199999999997,134583.68000000002,0.611744,1.1633508399125387,5.816754199562693,0.38299730489123374,936.14280868544,573.783982711909,362.358825973531,4680.7140434272,2868.9199135595445,1811.794129867655,2466.08315834906,311.47854416881955,2777.5617025178794,10850.765896735864,1370.505594342806,25440.0,-0.091628196035719,41.44489232571116
93,93,2025,6SB,6,SB,PM-Shoulder,1,OP,PM,4.4,65,10000,1,6,70,1800,1,6,0.1,0.01,4744.0,586.0,0.0,0.0,0.0,1.0,1.0,1.0,3.66,1.83,0.16057091882247995,0.16057091882247995,30,4.135,0.753,4744.0,586.0,0.0,0.0,0.0,5330.0,6502.0,1.0,1.2,0.47808823529411765,6502.0,0.0,1.0,94.88,4416.664,556.6999999999999,0.0,0.0,0.0,5063.5,0.2956785249387464,1.478392624693732,,0.1115508268178901,0.11166866085907834,156.27943250137002,781.39716250685,62.56158416390783,69.56007972579,1.0718289912253576,3.7952802964100067,4.219841992944661,-0.4245616965346546,0.21687583802649393,492.6825209768097,4156.4374790231905,62.1659435002489,523.8340564997511,554.8484644770587,4680.271535522941,4680.271535522941,679.1803514775564,0.37732241748753137,679.1803514775564,2988.3935465012487,5727.939648522444,5727.939648522444,25202.934453498758,6407.120000000001,6407.120000000001,28191.328000000005,0.6407120000000001,1.3009855097304843,6.504927548652422,0.42819135070931535,1045.3577791510538,640.9728206883149,404.384958462739,1045.3577791510538,640.9728206883149,404.384958462739,492.6825209768097,62.1659435002489,554.8484644770587,2167.803092297963,273.53015140109517,5330.0,-0.1006108042065314,41.785944519082896
94,94,2025,6SB,6,SB,PM-Peak,3,Peak,PM,4.4,65,10000,1,6,70,1800,1,6,0.1,0.01,4804.0,594.0,0.0,0.0,0.0,1.0,1.0,1.0,3.66,1.83,0.16057091882247995,0.16057091882247995,30,4.135,0.753,4804.0,594.0,0.0,0.0,0.0,5398.0,6586.0,1.0,1.2,0.48426470588235293,6586.0,0.0,1.0,96.08,4472.523999999999,564.3,0.0,0.0,0.0,5128.099999999999,0.30738974246645684,1.5369487123322843,,0.11003603912895762,0.11016040365707559,157.21758219776783,786.0879109888391,62.35025811336876,69.55787594528438,1.763772630889421,3.795400541092826,4.234144460476496,-0.43874391938366974,0.23647021854510658,492.138825869202,4215.781174130798,62.16351578368775,531.8364842163122,554.3023416528897,4747.61765834711,14242.852975041329,678.6293732202653,0.37701631845570294,2035.8881196607958,8957.907726507503,5811.290626779734,17433.871880339204,76709.0362734925,6489.92,19469.76,85666.944,0.648992,1.3525148668524103,6.762574334262052,0.4452814717388056,1086.010474909646,665.6250785433853,420.38539636626075,3258.031424728938,1996.8752356301557,1261.1561890987823,1476.4164776076059,186.49054735106324,1662.9070249586691,6496.232501473466,820.5584083446784,16194.0,-0.1036204417395563,42.03678668389514
95,95,2025,6SB,6,SB,PM-Late,3,OP,PM,4.4,65,10000,1,6,70,1800,1,6,0.1,0.01,3472.0,429.0,0.0,0.0,0.0,1.0,1.0,1.0,3.66,1.83,0.16057091882247995,0.16057091882247995,30,4.135,0.753,3472.0,429.0,0.0,0.0,0.0,3901.0,4759.0,1.0,1.2,0.3499264705882353,4759.0,0.0,1.0,69.44,3232.432,407.54999999999995,0.0,0.0,0.0,3705.95,0.16936886678216073,0.8468443339108036,,0.15718973886879586,0.15723471857279978,133.26611620490644,666.3305810245321,64.7107540791071,69.57436082516746,-0.15343617958797076,3.794501262662007,4.079692838647303,-0.2851915759852961,0.024871496639112693,508.10514199113953,2894.4548580088604,64.08100955434455,364.9189904456555,572.1861515454841,3259.3738484545156,9778.121545363547,700.3481706541731,0.3890823170300962,2101.044511962519,9244.595852635086,3989.211829345827,11967.635488037482,52657.59614736492,4689.56,14068.68,61902.19200000001,0.46895600000000004,0.7452230138415072,3.726115069207536,0.24524157318137108,617.4248606134793,378.65164526300396,238.7732153504753,1852.2745818404378,1135.9549357890119,716.3196460514259,1524.3154259734185,192.24302866303364,1716.558454636452,6706.987874283042,845.8693261173481,11703.0,-0.0699051588599147,35.63265139168621
96,96,2025,7NB,7,NB,Night,8,OP,NT,5.6,65,6000,1,6,70,1800,1,6,0.1,0.01,663.0,82.0,0.0,0.0,0.0,1.0,1.0,1.0,3.66,1.83,0.24291497975708504,0.24291497975708504,30,4.103,0.739,663.0,82.0,0.0,0.0,0.0,745.0,909.0,1.0,1.2,0.0946875,909.0,0.0,1.0,13.26,617.2529999999999,77.89999999999999,0.0,0.0,0.0,707.75,0.13099485693605992,0.6549742846802996,,0.24278626099937795,0.24278686964356594,101.3252447824645,506.62622391232253,64.99983269367887,69.99976754600978,0.0,4.800015939755119,5.169244074572449,-0.3692281348173294,1.8228318100243224e-05,149.86054796064903,499.879452039351,18.913097145233785,63.086902854766215,168.77364510588282,562.9663548941172,4503.730839152938,206.59983939635038,0.11477768855352799,1652.798715170803,9255.672804956495,689.1401606036496,5513.121284829197,30873.479195043503,895.74,7165.92,40129.152,0.14929,0.7335711988419354,3.6678559942096776,0.1897129927730478,179.30389855981835,109.93338182660267,69.37051673321568,1434.4311884785468,879.4670546128214,554.9641338657254,1198.8843836851922,151.30477716187028,1350.1891608470626,6713.752548637076,847.3067521064735,5960.0,-0.0714278779432307,21.286816130769857
97,97,2025,7NB,7,NB,AM-Early,1,OP,AM,5.6,65,6000,1,6,70,1800,1,6,0.1,0.01,1357.0,168.0,0.0,0.0,0.0,1.0,1.0,1.0,3.66,1.83,0.24291497975708504,0.24291497975708504,30,4.155,0.739,1357.0,168.0,0.0,0.0,0.0,1525.0,1861.0,1.0,1.2,0.19385416666666666,1861.0,0.0,1.0,27.14,1263.3669999999997,159.6,0.0,0.0,0.0,1448.75,0.13786906791575407,0.6893453395787703,,0.24291426219885018,0.2429146226984911,106.69903133877803,533.4951566938902,64.9876939339771,69.98283734312194,0.0,4.801177156516401,5.170209614474892,-0.3690324579584914,0.0013410179844474909,306.8898626913747,1022.9701373086253,38.769173782679175,129.23082621732084,345.65903647405383,1152.2009635259462,1152.2009635259462,423.1973840394122,0.23510965779967344,423.1973840394122,2369.9053506207083,1410.6626159605878,1410.6626159605878,7899.710649379291,1833.8600000000001,1833.8600000000001,10269.615999999998,0.3056433333333334,0.7720667803282227,3.8603339016411136,0.1997227362914464,386.6014240953923,236.9394682035,149.66195589189226,386.6014240953923,236.9394682035,149.66195589189226,306.8898626913747,38.769173782679175,345.65903647405383,1718.583231071698,217.10737318300338,1525.0,-0.07137669175449318,22.41576288629791
98,98,2025,7NB,7,NB,AM-Peak,2,Peak,AM,5.6,65,6000,1,6,70,1800,1,6,0.1,0.01,1703.0,211.0,0.0,0.0,0.0,1.0,1.0,1.0,3.66,1.83,0.24291497975708504,0.24291497975708504,30,4.155,0.739,1703.0,211.0,0.0,0.0,0.0,1914.0,2336.0,1.0,1.2,0.24333333333333335,2336.0,0.0,1.0,34.06,1585.493,200.45,0.0,0.0,0.0,1818.3,0.1376527654769028,0.6882638273845141,,0.2429125265163811,0.24291252314600092,106.69843488461098,533.492174423055,64.95188925361533,69.93292055942321,-0.1853835126674952,4.80460414511782,5.173059688657134,-0.368455543539314,0.005245619614119421,385.1361104040366,1283.8038895959635,48.69181526461588,162.30818473538412,433.8279256686525,1446.1120743313477,2892.2241486626954,531.2115561978842,0.2951175312210468,1062.4231123957684,5949.569429416302,1770.7284438021159,3541.4568876042317,19832.158570583695,2301.94,4603.88,25781.727999999996,0.3836566666666667,0.7708554866706556,3.8542774333532788,0.19945204238545391,484.55604858336267,296.884283819947,187.6717647634157,969.1120971667253,593.768567639894,375.3435295268314,770.2722208080731,97.38363052923177,867.655851337305,4313.524436525209,545.3483309636979,3828.0,-0.07122584422275643,22.415637580800627
99,99,2025,7NB,7,NB,AM-Shoulder,1,OP,AM,5.6,65,6000,1,6,70,1800,1,6,0.1,0.01,2051.0,253.0,0.0,0.0,0.0,1.0,1.0,1.0,3.66,1.83,0.24291497975708504,0.24291497975708504,30,4.155,0.739,2051.0,253.0,0.0,0.0,0.0,2304.0,2810.0,1.0,1.2,0.29270833333333335,2810.0,0.0,1.0,41.02,1909.481,240.35,0.0,0.0,0.0,2188.7999999999997,0.1370638662185927,0.6853193310929635,,0.24290501403359807,0.24291326232333357,106.69823000167356,533.4911500083678,64.85444703213972,69.79712093149371,-0.14280075647372037,4.813952144670638,5.1808320843979985,-0.36687993972736077,0.015893801779103628,463.8225091018889,1546.157490898111,58.38420259941322,194.61579740058679,522.2067117013021,1740.773288298698,1740.773288298698,638.9751169001286,0.354986176055627,638.9751169001286,3578.2606546407196,2130.004883099871,2130.004883099871,11928.027345359278,2768.9799999999996,2768.9799999999996,15506.287999999997,0.4614966666666666,0.7675576508241191,3.8377882541205954,0.19836039385834064,580.0767224478196,356.01051548559445,224.0662069622252,580.0767224478196,356.01051548559445,224.0662069622252,463.8225091018889,58.38420259941322,522.2067117013021,2597.406050970578,326.951534556714,2304.0,-0.07081486791131765,22.415594538166715
100,100,2025,7NB,7,NB,MD,5,OP,MD,5.6,65,6000,1,6,70,1800,1,6,0.1,0.01,2793.0,345.0,0.0,0.0,0.0,1.0,1.0,1.0,3.66,1.83,0.24291497975708504,0.24291497975708504,30,4.136,0.763,2793.0,345.0,0.0,0.0,0.0,3138.0,3828.0,1.0,1.2,0.39875,3828.0,0.0,1.0,55.86,2600.283,327.75,0.0,0.0,0.0,2981.1,0.20882728163522896,1.0441364081761448,,0.17750251626357322,0.1775561182921548,126.6547373315552,633.273686657776,63.559423231172445,69.77473417165245,1.3218962900236773,4.815496669229985,5.286391583163553,-0.4708949139335683,0.16051031508791247,461.55677549739295,2275.5832245026068,58.19401777025374,286.8059822297463,519.7507932676467,2562.389206732353,12811.946033661767,636.1388288081541,0.3534104604489745,3180.694144040771,17811.887206628315,3136.0011711918455,15680.005855959227,87808.03279337166,3772.1399999999994,18860.699999999997,105619.91999999998,0.6286899999999999,1.169432777157282,5.8471638857864106,0.30235286116916027,880.0295808607166,539.7596217856764,340.2699590750403,4400.147904303583,2698.7981089283817,1701.3497953752014,2307.7838774869647,290.97008885126866,2598.753966338233,12923.589713927002,1629.4324975671043,15690.0,-0.08907681289318509,26.60813809486454
101,101,2025,7NB,7,NB,PM-Shoulder,1,OP,PM,5.6,65,6000,1,6,70,1800,1,6,0.1,0.01,3717.0,459.0,0.0,0.0,0.0,1.0,1.0,1.0,3.66,1.83,0.24291497975708504,0.24291497975708504,30,4.135,0.753,3717.0,459.0,0.0,0.0,0.0,4176.0,5094.0,1.0,1.2,0.530625,5094.0,0.0,1.0,74.34,3460.5269999999996,436.04999999999995,0.0,0.0,0.0,3967.2,0.7304923947097187,3.6524619735485935,,0.11358342124050785,0.11387240826349865,154.868155948779,774.3407797438949,54.59087485040388,69.88733914115544,3.729515911034366,4.807737769517332,6.154874801342631,-1.3471370318252989,1.3503323239932503,393.0584959551509,3249.601504044849,49.65406362329858,409.3459363767014,442.7125595784495,3658.9474404215507,3658.9474404215507,542.0206868250466,0.30112260379169253,542.0206868250466,3035.315846220261,4477.639313174954,4477.639313174954,25074.78015377974,5019.66,5019.66,28110.095999999998,0.83661,4.090757410374424,20.453787051872123,1.0582166939958306,2623.5205986502183,1607.9069550391591,1015.6136436110592,2623.5205986502183,1607.9069550391591,1015.6136436110592,393.0584959551509,49.65406362329858,442.7125595784495,2201.1275773488446,278.06275629047207,4176.0,-0.2188731818771412,32.535326879995594
102,102,2025,7NB,7,NB,PM-Peak,3,Peak,PM,5.6,65,6000,1,6,70,1800,1,6,0.1,0.01,3647.0,451.0,0.0,0.0,0.0,1.0,1.0,1.0,3.66,1.83,0.24291497975708504,0.24291497975708504,30,4.135,0.753,3647.0,451.0,0.0,0.0,0.0,4098.0,5000.0,1.0,1.2,0.5208333333333334,5000.0,0.0,1.0,72.94,3395.357,428.45,0.0,0.0,0.0,3893.1,0.6599090333774124,3.2995451668870617,,0.11614385637495588,0.11639852705463513,153.37281225471907,766.8640612735952,55.660336506544475,69.8867443659738,5.599288230284085,4.8077786860478,6.036614600066127,-1.228835914018327,1.1883158482444394,394.3498557497011,3179.710144250299,49.87094891655842,401.1290510834416,444.2208046662595,3580.8391953337405,10742.51758600122,543.9627024993763,0.3022015013885424,1631.8881074981289,9138.57340198952,4383.097297500624,13149.291892501873,73636.03459801049,4927.06,14781.180000000002,82774.60800000001,0.8211766666666668,3.695490586913509,18.477452934567545,0.9562507566595146,2378.804291281651,1457.3161798737203,921.4881114079304,7136.412873844953,4371.948539621161,2764.4643342237914,1183.0495672491033,149.61284674967527,1332.6624139987787,6625.077576594978,837.8319417981814,12294.0,-0.2035637514452001,32.221179045109054
103,103,2025,7NB,7,NB,PM-Late,3,OP,PM,5.6,65,6000,1,6,70,1800,1,6,0.1,0.01,2375.0,294.0,0.0,0.0,0.0,1.0,1.0,1.0,3.66,1.83,0.24291497975708504,0.24291497975708504,30,4.135,0.753,2375.0,294.0,0.0,0.0,0.0,2669.0,3257.0,1.0,1.2,0.33927083333333335,3257.0,0.0,1.0,47.5,2211.125,279.3,0.0,0.0,0.0,2535.5499999999997,0.14827048779355761,0.7413524389677881,,0.22240102782283988,0.22243056964921507,111.08038615490047,555.4019307745024,64.59275855254772,69.70084370775149,0.2390808694897261,4.820601618666392,5.201821497167614,-0.38121987850122263,0.04464929727347716,491.7564726447768,1835.7435273552233,62.12485810302577,231.87514189697424,553.8813307478026,2067.6186692521974,6202.856007756593,678.1310469538541,0.37673947052991896,2034.3931408615624,11392.60158882475,2531.368953046146,7594.106859138438,42526.99841117525,3209.5,9628.5,53919.6,0.5349166666666667,0.8303147316439226,4.151573658219613,0.21479219563017962,666.2285680393629,408.3126436182098,257.9159244211531,1998.6857041180888,1224.9379308546295,773.7477732634593,1475.2694179343305,186.37457430907733,1661.6439922434079,8261.50874043225,1043.697616130833,8007.0,-0.07328584395077693,23.336215578760605
104,104,2025,7SB,7,SB,Night,8,OP,NT,5.6,65,6000,1,6,70,1800,1,6,0.1,0.01,826.0,102.0,0.0,0.0,0.0,1.0,1.0,1.0,3.66,1.83,0.24291497975708504,0.24291497975708504,30,4.103,0.739,826.0,102.0,0.0,0.0,0.0,928.0,1132.0,1.0,1.2,0.11791666666666667,1132.0,0.0,1.0,16.52,769.006,96.89999999999999,0.0,0.0,0.0,881.5999999999999,0.13095216730477569,0.6547608365238784,,0.24291432102040936,0.2429139312663494,101.29425995722208,506.4712997861104,64.9993765438122,69.99913030300394,0.0,4.80005963710639,5.169280351074175,-0.3692207139677848,6.792712546447727e-05,186.80257035062093,622.6774296493791,23.538359939709252,78.46164006029075,210.34093029033016,701.1390697096698,5609.112557677358,257.4176501697487,0.14300980564986038,2059.3412013579896,11532.310727604741,858.0623498302514,6864.498798642011,38441.193272395256,1115.48,8923.84,49973.504,0.18591333333333335,0.7333321369067438,3.666660684533719,0.18956937023623083,223.29550706422856,136.98832809489318,86.3071789693354,1786.3640565138285,1095.9066247591454,690.4574317546832,1494.4205628049674,188.30687951767402,1682.7274423226413,8368.755151707817,1054.5185252989745,7424.0,-0.07142594111597388,21.28030671370212
105,105,2025,7SB,7,SB,AM-Early,1,OP,AM,5.6,65,6000,1,6,70,1800,1,6,0.1,0.01,3408.0,421.0,0.0,0.0,0.0,1.0,1.0,1.0,3.66,1.83,0.24291497975708504,0.24291497975708504,30,4.155,0.739,3408.0,421.0,0.0,0.0,0.0,3829.0,4671.0,1.0,1.2,0.4865625,4671.0,0.0,1.0,68.16,3172.848,399.95,0.0,0.0,0.0,3637.5499999999997,0.4587024865967499,2.2935124329837495,,0.12901321639932656,0.1291770780941538,146.9268086352371,734.6340431761855,58.94041387442829,69.86848407778187,2.9842167258490946,4.809035210008911,5.7006725591687095,-0.8916373491597982,0.7280752522149772,409.3393256261705,2930.5006743738295,51.664372383756806,369.3356276162432,461.0036980099273,3299.8363019900726,3299.8363019900726,564.3324427774409,0.3135180237652449,564.3324427774409,3160.2616795536687,4038.507557222559,4038.507557222559,22615.64232044633,4602.84,4602.84,25775.904000000002,0.76714,2.568733924941799,12.843669624708996,0.6643283953102143,1715.0439428136535,1051.483812548742,663.5601302649115,1715.0439428136535,1051.483812548742,663.5601302649115,409.3393256261705,51.664372383756806,461.0036980099273,2292.3002235065546,289.3204853490381,3829.0,-0.15640914995647806,30.866976604041408
106,106,2025,7SB,7,SB,AM-Peak,2,Peak,AM,5.6,65,6000,1,6,70,1800,1,6,0.1,0.01,3398.0,420.0,0.0,0.0,0.0,1.0,1.0,1.0,3.66,1.83,0.24291497975708504,0.24291497975708504,30,4.155,0.739,3398.0,420.0,0.0,0.0,0.0,3818.0,4658.0,1.0,1.2,0.48520833333333335,4658.0,0.0,1.0,67.96000000000001,3163.538,399.0,0.0,0.0,0.0,3627.1,0.4523049062907485,2.2615245314537424,,0.12957156554737653,0.12973244993943656,146.64223610489665,733.2111805244833,59.05096836242206,69.86765773147215,4.625346381615877,4.809092087949694,5.6899998309565145,-0.8809077430068202,0.7134536145642699,409.90457132861644,2920.1354286713836,51.76324752583518,368.2367524741648,461.66781885445164,3288.3721811455484,6576.744362291097,565.194313906122,0.3139968410589567,1130.388627812244,6330.176315748567,4024.8456860938777,8049.691372187755,45078.27168425143,4590.04,9180.08,51408.448,0.7650066666666666,2.5329074752281913,12.664537376140958,0.6551587320529376,1693.8079358498355,1038.25035284846,655.5575830013756,3387.615871699671,2076.50070569692,1311.1151660027513,819.8091426572329,103.52649505167037,923.3356377089033,4590.931198880504,579.748372289354,7636.0,-0.15481683113841774,30.807192459011905
107,107,2025,7SB,7,SB,AM-Shoulder,1,OP,AM,5.6,65,6000,1,6,70,1800,1,6,0.1,0.01,2823.0,349.0,0.0,0.0,0.0,1.0,1.0,1.0,3.66,1.83,0.24291497975708504,0.24291497975708504,30,4.155,0.739,2823.0,349.0,0.0,0.0,0.0,3172.0,3870.0,1.0,1.2,0.403125,3870.0,0.0,1.0,56.46,2628.2129999999997,331.55,0.0,0.0,0.0,3013.3999999999996,0.2124410952848839,1.0622054764244195,,0.17646902845960138,0.17652612892126676,126.62111033706589,633.1055516853295,63.45380068863542,69.76715229247661,1.3606562344387318,4.816019988768164,5.29519108947839,-0.47917110071022595,0.17256563873924022,463.7981946948943,2302.7418053051056,58.527238043846,290.472761956154,522.3254327387402,2593.2145672612596,2593.2145672612596,639.3799088264323,0.35521106045912904,639.3799088264323,3580.5274894280205,3174.1600911735677,3174.1600911735677,17775.296510571978,3813.54,3813.54,21355.823999999997,0.63559,1.1896701335953497,5.948350667976749,0.3076582895833884,899.9073957569024,551.7668602439569,348.1405355129455,899.9073957569024,551.7668602439569,348.1405355129455,463.7981946948943,58.527238043846,522.3254327387402,2597.2698902914076,327.7525330455376,3172.0,-0.0904917485720855,26.601073600223927
108,108,2025,7SB,7,SB,MD,5,OP,MD,5.6,65,6000,1,6,70,1800,1,6,0.1,0.01,2615.0,323.0,0.0,0.0,0.0,1.0,1.0,1.0,3.66,1.83,0.24291497975708504,0.24291497975708504,30,4.136,0.763,2615.0,323.0,0.0,0.0,0.0,2938.0,3584.0,1.0,1.2,0.37333333333333335,3584.0,0.0,1.0,52.300000000000004,2434.5649999999996,306.84999999999997,0.0,0.0,0.0,2791.1,0.17730562948693218,0.8865281474346609,,0.19570564523774156,0.19574651492631026,120.27200961263082,601.3600480631542,64.134966380063,69.73965583352738,0.8424971566406418,4.817918815115055,5.238951838048346,-0.42103302293329126,0.09551786428008045,476.4581141982222,2086.2418858017777,60.06481810513829,262.9351818948617,536.5229323033604,2349.1770676966394,11745.885338483196,656.6525685136371,0.36480698250757615,3283.2628425681855,18386.271918381837,2875.047431486363,14375.237157431817,80501.32808161817,3531.7000000000003,17658.500000000004,98887.6,0.5886166666666667,0.9929115251268201,4.964557625634101,0.2567045125015207,771.2760035837949,473.0807528276054,298.1952507561895,3856.3800179189748,2365.403764138027,1490.9762537809477,2382.290570991111,300.3240905256915,2682.6146615168027,13340.827197550221,1681.814906943872,14690.0,-0.08036588919858016,25.267228910216563
109,109,2025,7SB,7,SB,PM-Shoulder,1,OP,PM,5.6,65,6000,1,6,70,1800,1,6,0.1,0.01,2670.0,330.0,0.0,0.0,0.0,1.0,1.0,1.0,3.66,1.83,0.24291497975708504,0.24291497975708504,30,4.135,0.753,2670.0,330.0,0.0,0.0,0.0,3000.0,3660.0,1.0,1.2,0.38125,3660.0,0.0,1.0,53.4,2485.77,313.5,0.0,0.0,0.0,2850.0,0.18325832892309782,0.9162916446154891,,0.1907469697874712,0.19079122875255475,120.75800248597437,603.7900124298718,63.98731659561785,69.74392965536052,0.9703186231847406,4.817623579003123,5.251040641748225,-0.43341706274510194,0.11207952534891384,474.15309508860224,2142.4469049113977,59.81305021392591,270.1869497860741,533.9661453025282,2412.6338546974716,2412.6338546974716,653.59224573038,0.36310680318354444,653.59224573038,3660.1165760901276,2953.00775426962,2953.00775426962,16536.84342390987,3606.6,3606.6,20196.96,0.6011,1.0262466419693477,5.131233209846738,0.26537019857196564,793.512731253978,486.5980216140508,306.9147096399272,793.512731253978,486.5980216140508,306.9147096399272,474.15309508860224,59.81305021392591,533.9661453025282,2655.2573324961722,334.9530811979851,3000.0,-0.08253927027325478,25.369328253355963
110,110,2025,7SB,7,SB,PM-Peak,3,Peak,PM,5.6,65,6000,1,6,70,1800,1,6,0.1,0.01,2493.0,308.0,0.0,0.0,0.0,1.0,1.0,1.0,3.66,1.83,0.24291497975708504,0.24291497975708504,30,4.135,0.753,2493.0,308.0,0.0,0.0,0.0,2801.0,3417.0,1.0,1.2,0.3559375,3417.0,0.0,1.0,49.86,2320.9829999999997,292.59999999999997,0.0,0.0,0.0,2660.95,0.15968902862672832,0.7984451431336416,,0.20947865353562745,0.20951314315852956,114.83004632002314,574.1502316001156,64.40697117868737,69.71452773859384,0.8096733554098787,4.8196553989419195,5.216826592696293,-0.3971711937543736,0.06520627814776729,486.19639371908113,1956.9436062809189,61.30354568818574,246.69645431181425,547.4999394072669,2203.640060592733,6610.920181778199,670.1070307836384,0.372281683768688,2010.321092350915,11257.798117165123,2697.0329692163614,8091.098907649084,45310.15388283487,3367.14,10101.419999999998,56567.95199999999,0.56119,0.8942585603096785,4.471292801548392,0.23121052448602597,708.891389619961,434.7852870749831,274.1061025449779,2126.674168859883,1304.3558612249494,822.3183076349337,1458.5891811572433,183.91063706455722,1642.4998182218005,8168.099414480562,1029.8995675615204,8403.0,-0.07613271913435357,24.123959310929234
111,111,2025,7SB,7,SB,PM-Late,3,OP,PM,5.6,65,6000,1,6,70,1800,1,6,0.1,0.01,1825.0,226.0,0.0,0.0,0.0,1.0,1.0,1.0,3.66,1.83,0.24291497975708504,0.24291497975708504,30,4.135,0.753,1825.0,226.0,0.0,0.0,0.0,2051.0,2503.0,1.0,1.2,0.2607291666666667,2503.0,0.0,1.0,36.5,1699.0749999999998,214.7,0.0,0.0,0.0,1948.4499999999998,0.13610703570946917,0.6805351785473458,,0.24289815522946892,0.24290470054040275,105.61369647086387,528.0684823543194,64.92721424218101,69.89856353645644,-0.12695439395748118,4.806965737210825,5.175025664072188,-0.36805992686136335,0.007939005932743668,412.7021830965099,1375.79781690349,52.15163920602447,173.84836079397553,464.85382230253435,1549.6461776974656,4648.938533092397,569.1571007145833,0.3161983892858796,1707.4713021437499,9561.839292005,1897.3428992854165,5692.028697856249,31875.36070799499,2466.5,7399.499999999999,41437.19999999999,0.41108333333333336,0.7621993999730273,3.8109969998651363,0.19718606467872737,513.3110968759265,314.5613563237183,198.74974055220827,1539.9332906277796,943.6840689711549,596.2492216566247,1238.1065492895295,156.4549176180734,1394.561466907603,6933.396676021365,876.147538661211,6153.0,-0.07112233846812265,22.18775135942519
