,index,Year,SegDir,Segment,Direction,Period,Hours/Day,Peak,4Periods,Length,Speed GP,Capacity GP,Alpha GP,Beta GP,Speed ML,Capacity ML,Alpha ML,Beta ML,MinToll,MinCapture,AADT Lights,AADT MediumA,AADT MediumB,AADT HeavyA,AADT HeavyB,GrowthFactor,GrowthFactor_medium,GrowthFactor_heavy,MaxToll,Soft Cap,MaxCapture,MaxCap_aux,Min Speed,B1,B2,TotalLights,TotalMediumA,TotalMediumB,TotalHeavyA,TotalHeavyB,TotalVeh,Corridor PCE pre-fix,Suppressed ratio ref,Max VC,Suppressed ratio,Corridor PCE,Suppressed Demand,PCE ratio,HOV3,InScopeLights,InScopeMediumA,InScopeMediumB,InScopeHeavyA,InScopeHeavyB,InScopeVeh,TollLights,TollMediumA,TollMediumB,CaptureRateLights,CaptureRateMediumA,VOT Lights,VOT MediumA,Speed GP Real,Speed ML Real,Bounus Seg,Time ML,Time GP,Time Savings,BonusRel,MLVeh_Lights,GPVeh_Lights,MLVeh_MediumA,GPVeh_MediumA,MLVeh,GPVeh,GPVehDay,ML PCE,ML V/C,ML Volume,ML PCE Total,GP PCE,GP Volume,GP PCE Total,Highway PCE,Highway Volume,Highway PCE Total,Highway V/C,TollLightsPerSeg,TollMediumAPerSeg,TollBlend,RevenuePerHour,RevenuePerHourLights,RevenuePerHourMediumA,RevenuePerDay,RevenuePerDayLights,RevenuePerDayMediumA,TransactionsDay_Lights,TransactionsDay_MediumA,TransactionsDay,TransactionsLightsLength,TransactionsMediumALength,TotalVeh_hours,Difference in Travel Time,Implied Min VOT
0,0,2025,1NB,1,NB,Night,8,OP,NT,3.0,65,12000,1,6,70,1800,1,6,0.1,0.01,1830.0,226.0,0.0,0.0,0.0,1.0,1.0,1.0,3.66,1.83,0.14492753623188406,0.14492753623188406,30,4.103,0.708,1830.0,226.0,0.0,0.0,0.0,2056.0,2508.0,1.0,1.2,0.16076923076923078,2508.0,0.0,1.0,91.5,1564.65,203.4,0.0,0.0,0.0,1850.4,0.16532971904238816,0.8266485952119408,,0.14492719126436474,0.14492747038656764,128.03724014309435,640.1862007154717,64.99758003156023,69.99068852038549,0.0,2.5717706712882697,2.7693338723164644,-0.1975632010281947,0.00014125122740214042,226.7603298117883,1511.7396701882117,29.47824747662786,196.52175252337213,256.23857728841614,1708.2614227115837,13666.09138169267,315.1950722416719,0.1751083734675955,2521.560577933375,7564.681733800126,2101.304927758328,16810.439422066625,50431.31826619987,2416.5,19332.0,57996.0,0.201375,0.4959891571271645,2.4799457856358225,0.2414092918334473,185.57512045081978,112.47066485322671,73.10445559759307,1484.6009636065583,899.7653188258137,584.8356447807446,1814.0826384943064,235.82597981302288,2049.908618307329,5442.247915482919,707.4779394390687,16448.0,-0.07133961094511837,50.21068240905661
1,1,2025,1NB,1,NB,AM-Early,1,OP,AM,3.0,65,12000,1,6,70,1800,1,6,0.1,0.01,3467.0,429.0,0.0,0.0,0.0,1.0,1.0,1.0,3.66,1.83,0.14492753623188406,0.14492753623188406,30,4.155,0.715,3467.0,429.0,0.0,0.0,0.0,3896.0,4754.0,1.0,1.2,0.3047435897435897,4754.0,0.0,1.0,173.35000000000002,2964.2850000000003,386.1,0.0,0.0,0.0,3506.4,0.1658269473488682,0.8291347367443409,,0.14491221563383452,0.14492475191962015,135.871358643485,679.356793217425,64.88793018944372,69.57108843130095,-0.3927775049571544,2.587281643261105,2.7740135873417526,-0.18673194408064742,0.006552460812047189,429.56110712014123,2864.088892879859,55.95544671616534,373.04455328383466,485.51655383630657,3237.133446163694,3237.133446163694,597.4274472686373,0.3319041373714651,597.4274472686373,1792.2823418059118,3983.222552731363,3983.222552731363,11949.667658194088,4580.650000000001,4580.650000000001,13741.95,0.3817208333333334,0.4974808420466046,2.4874042102330227,0.24227271088188557,352.88223502785877,213.69842128059958,139.18381374725922,352.88223502785877,213.69842128059958,139.18381374725922,429.56110712014123,55.95544671616534,485.51655383630657,1288.6833213604236,167.86634014849602,3896.0,-0.06731471862024532,53.28288574254314
2,2,2025,1NB,1,NB,AM-Peak,2,Peak,AM,3.0,65,12000,1,6,70,1800,1,6,0.1,0.01,4855.0,600.0,0.0,0.0,0.0,1.0,1.0,1.0,3.66,1.83,0.14492753623188406,0.14492753623188406,30,4.155,0.715,4855.0,600.0,0.0,0.0,0.0,5455.0,6655.0,1.0,1.2,0.4266025641025641,6655.0,0.0,1.0,242.75,4151.025000000001,540.0,0.0,0.0,0.0,4909.5,0.22774983693229375,1.1387491846614688,,0.10132986348308776,0.1013905322261383,158.4622046533664,792.311023266832,63.9289840557777,69.34478799830102,0.3453884267211968,2.595725002496368,2.8156242846429556,-0.21989928214658772,0.06355911611469517,420.6227965648844,4191.627203435116,54.75088740211468,545.2491125978853,475.3736839669991,4736.876316033001,9473.752632066002,584.8754587712285,0.3249308104284603,1169.750917542457,3509.252752627371,5827.374541228772,11654.749082457543,34964.24724737263,6412.25,12824.5,38473.5,0.5343541666666667,0.6832495107968812,3.416247553984406,0.3326736566412168,474.4329051489233,287.3903199829734,187.0425851659499,948.8658102978466,574.7806399659468,374.0851703318998,841.2455931297688,109.50177480422936,950.7473679339982,2523.7367793893063,328.5053244126881,10910.0,-0.07809965390125649,62.142041040535844
3,3,2025,1NB,1,NB,AM-Shoulder,1,OP,AM,3.0,65,12000,1,6,70,1800,1,6,0.1,0.01,4132.0,511.0,0.0,0.0,0.0,1.0,1.0,1.0,3.66,1.83,0.14492753623188406,0.14492753623188406,30,4.155,0.715,4132.0,511.0,0.0,0.0,0.0,4643.0,5665.0,1.0,1.2,0.3631410256410256,5665.0,0.0,1.0,206.60000000000002,3532.86,459.90000000000003,0.0,0.0,0.0,4178.7,0.18268574823338232,0.9134287411669116,,0.12336537113182844,0.12340512445924733,145.9078062476198,729.5390312380989,64.63714424469158,69.41201804502816,-0.1436235481711929,2.593210874278752,2.784776495053504,-0.1915656207747518,0.021297644377146298,435.83258505679146,3489.5674149432084,56.75401673880785,454.2459832611921,492.58660179559934,3943.8133982044005,3943.8133982044005,606.094635273215,0.33671924181845275,606.094635273215,1818.283905819645,4852.305364726784,4852.305364726784,14556.916094180353,5458.4,5458.4,16375.199999999997,0.45486666666666664,0.5480572447001469,2.740286223500735,0.26687926852309024,394.38345591445284,238.86120571676756,155.52225019768525,394.38345591445284,238.86120571676756,155.52225019768525,435.83258505679146,56.75401673880785,492.58660179559934,1307.4977551703744,170.26205021642355,4643.0,-0.06879030367967512,57.2187475480862
4,4,2025,1NB,1,NB,MD,5,OP,MD,3.0,65,12000,1,6,70,1800,1,6,0.1,0.01,5636.0,697.0,0.0,0.0,0.0,1.0,1.0,1.0,3.66,1.83,0.14492753623188406,0.14492753623188406,30,4.136,0.708,5636.0,697.0,0.0,0.0,0.0,6333.0,7727.0,1.0,1.2,0.4953205128205128,7727.0,0.0,1.0,281.8,4818.78,627.3000000000001,0.0,0.0,0.0,5699.7,0.3148972842732876,1.574486421366438,,0.08555495699824694,0.08565582884633839,164.72091908654644,823.6045954327321,62.208202154879146,69.20365380405066,0.5807035920308606,2.60101873391928,2.893509115596297,-0.292490381677017,0.17026133452077283,412.27051568401237,4941.929484315988,53.73190143530808,643.268098564692,466.00241711932046,5585.19758288068,27925.9879144034,573.4662199899366,0.31859234443885365,2867.331099949683,8601.99329984905,6871.733780010063,34358.66890005032,103076.00670015096,7445.2,37226.0,111678.00000000001,0.6204333333333333,0.9446918528198629,4.723459264099314,0.4601328385900463,643.2690449368072,389.46859732453,253.8004476122772,3216.345224684036,1947.34298662265,1269.002238061386,2061.352578420062,268.6595071765404,2330.0120855966024,6184.057735260186,805.9785215296212,31665.0,-0.10108500439845351,64.5964388574692
5,5,2025,1NB,1,NB,PM-Shoulder,1,OP,PM,3.0,65,12000,1,6,70,1800,1,6,0.1,0.01,7121.0,880.0,0.0,0.0,0.0,1.0,1.0,1.0,3.66,1.83,0.14492753623188406,0.14492753623188406,30,4.135,0.592,7121.0,880.0,0.0,0.0,0.0,8001.0,9761.0,1.0,1.2,0.6257051282051282,9761.0,0.0,1.0,356.05,6088.455,792.0,0.0,0.0,0.0,7200.900000000001,0.6523679181347417,3.2618395906737083,,0.07274779758623816,0.0730445610096726,147.6217841817098,738.108920908549,54.35555124658615,68.30098159162993,1.064408255336835,2.6353940427418165,3.3115292895002155,-0.676135246758399,0.7429489727691414,442.9216919529196,6322.02830804708,57.8512923196607,822.1487076803393,500.7729842725803,7144.1770157274195,7144.1770157274195,616.4755689119017,0.34248642717327876,616.4755689119017,1849.4267067357052,8788.474431088098,8788.474431088098,26365.42329326429,9404.949999999999,9404.949999999999,28214.85,0.7837458333333333,1.9571037544042251,9.785518772021124,0.9538244928084156,1432.9486132078518,866.8437062281306,566.1049069797212,1432.9486132078518,866.8437062281306,566.1049069797212,442.9216919529196,57.8512923196607,500.7729842725803,1328.7650758587588,173.5538769589821,8001.0,-0.20417613363777407,57.89089575753326
6,6,2025,1NB,1,NB,PM-Peak,3,Peak,PM,3.0,65,12000,1,6,70,1800,1,6,0.1,0.01,6508.0,804.0,0.0,0.0,0.0,1.0,1.0,1.0,3.66,1.83,0.14492753623188406,0.14492753623188406,30,4.135,0.592,6508.0,804.0,0.0,0.0,0.0,7312.0,8920.0,1.0,1.2,0.5717948717948718,8920.0,0.0,1.0,325.40000000000003,5564.34,723.6,0.0,0.0,0.0,6580.8,0.43579145067202846,2.1789572533601422,,0.07711173085002328,0.07729185234276562,145.07586114046705,725.3793057023352,58.48816493618938,68.75606084828925,1.359207509461465,2.6179510253964566,3.07754569144681,-0.45959466605035315,0.4223914434359754,429.0758884380185,5753.524111561982,55.9283843552252,748.0716156447749,485.00427279324373,6501.595727206757,19504.78718162027,596.8610415036941,0.33158946750205226,1790.5831245110821,5371.749373533246,7997.738958496307,23993.21687548892,71979.65062646676,8594.6,25783.800000000003,77351.4,0.7162166666666667,1.3073743520160854,6.536871760080427,0.6368050344207767,926.5594878909762,560.9628116123806,365.59667627859557,2779.678463672929,1682.8884348371419,1096.7900288357866,1287.2276653140557,167.7851530656756,1455.0128183797312,3861.682995942167,503.3554591970268,21936.0,-0.14933804795414407,56.892494564889034
7,7,2025,1NB,1,NB,PM-Late,3,OP,PM,3.0,65,12000,1,6,70,1800,1,6,0.1,0.01,5882.0,727.0,0.0,0.0,0.0,1.0,1.0,1.0,3.66,1.83,0.14492753623188406,0.14492753623188406,30,4.135,0.592,5882.0,727.0,0.0,0.0,0.0,6609.0,8063.0,1.0,1.2,0.5168589743589743,8063.0,0.0,1.0,294.1,5029.11,654.3000000000001,0.0,0.0,0.0,5948.1,0.2989271703884272,1.494635851942136,,0.08408508001677534,0.08419564021312388,141.1953790972027,705.9768954860135,61.412535031757464,69.04279277353693,0.6373017339249823,2.6070787806977487,2.9309977174353565,-0.32391893673760785,0.22162071904028438,422.873116763165,5165.026883236835,55.08920739144696,671.910792608553,477.96232415461196,5836.937675845387,17510.813027536162,588.1407389375058,0.326744854965281,1764.4222168125175,5293.266650437552,7180.759261062494,21542.277783187485,64626.833349562454,7768.9,23306.7,69920.1,0.6474083333333333,0.8967815111652816,4.483907555826408,0.43674272657138263,626.2397059490407,379.2247926820437,247.01491326699704,1878.719117847122,1137.674378046131,741.0447398009911,1268.619350289495,165.2676221743409,1433.886972463836,3805.8580508684854,495.80286652302266,19827.0,-0.11051490583248874,55.37073690086381
8,8,2025,1SB,1,SB,Night,8,OP,NT,3.0,65,12000,1,6,70,1800,1,6,0.1,0.01,1785.0,221.0,0.0,0.0,0.0,1.0,1.0,1.0,3.66,1.83,0.14492753623188406,0.14492753623188406,30,4.103,0.708,1785.0,221.0,0.0,0.0,0.0,2006.0,2448.0,1.0,1.2,0.15692307692307692,2448.0,0.0,1.0,89.25,1526.175,198.9,0.0,0.0,0.0,1805.4,0.16535752803991788,0.8267876401995894,,0.14492619878566626,0.1449271089264913,128.03767377745748,640.1883688872874,64.99790729700646,69.99195418133132,0.0,2.571724166090089,2.7693199286785353,-0.19759576258844636,0.00012214844343945292,221.1827414317142,1474.5672585682858,28.82600196547912,192.17399803452088,250.0087433971933,1666.7412566028065,13333.930052822452,307.66074732815156,0.17092263740452865,2461.2859786252125,7383.857935875638,2051.0892526718485,16408.714021374788,49226.14206412436,2358.75,18870.0,56610.0,0.1965625,0.49607258411975363,2.4803629205987683,0.2416204037060327,181.22164052900337,109.72269410472175,71.49894642428163,1449.773124232027,877.781552837774,571.991571394253,1769.4619314537135,230.60801572383295,2000.0699471775465,5308.38579436114,691.8240471714988,16048.0,-0.07135172810558409,50.21085246174804
9,9,2025,1SB,1,SB,AM-Early,1,OP,AM,3.0,65,12000,1,6,70,1800,1,6,0.1,0.01,7354.0,909.0,0.0,0.0,0.0,1.0,1.0,1.0,3.66,1.83,0.14492753623188406,0.14492753623188406,30,4.155,0.715,7354.0,909.0,0.0,0.0,0.0,8263.0,10081.0,1.0,1.2,0.6462179487179487,10081.0,0.0,1.0,367.70000000000005,6287.67,818.1,0.0,0.0,0.0,7436.7,0.9618863386296373,4.809431693148187,,0.0693172696038861,0.06972912822134736,183.13596309595493,915.6798154797746,52.32783106160556,68.27882828078786,1.190460364377314,2.6362491057956245,3.4398521082994247,-0.8036030025038001,0.9187512345240576,435.84411657026646,6550.455883429734,57.04539979788427,851.9546002021157,492.88951636815074,7402.410483631849,7402.410483631849,606.9803159639193,0.33721128664662187,606.9803159639193,1820.940947891758,9106.319684036082,9106.319684036082,27318.959052108243,9713.300000000001,9713.300000000001,29139.9,0.8094416666666667,2.885659015888912,14.42829507944456,1.4071884919525024,2080.765365711889,1257.6975045031274,823.0678612087613,2080.765365711889,1257.6975045031274,823.0678612087613,435.84411657026646,57.04539979788427,492.88951636815074,1307.5323497107993,171.13619939365282,8263.0,-0.23361556753121024,71.81802474351173
10,10,2025,1SB,1,SB,AM-Peak,2,Peak,AM,3.0,65,12000,1,6,70,1800,1,6,0.1,0.01,7993.0,988.0,0.0,0.0,0.0,1.0,1.0,1.0,3.66,1.83,0.14492753623188406,0.14492753623188406,30,4.155,0.715,7993.0,988.0,0.0,0.0,0.0,8981.0,10957.0,1.0,1.2,0.7023717948717949,10957.0,0.0,1.0,399.65000000000003,6834.015,889.2,0.0,0.0,0.0,8082.900000000001,1.4817770702907496,7.408885351453748,,0.06683030538387087,0.0675226558895256,185.14619099972083,925.730954998604,46.27638081612415,67.5378757325225,2.1313785073179963,2.6651711805812983,3.889673237741235,-1.2245020571599365,1.5350061818593377,456.71930944795434,7136.630690552046,60.041145616966176,927.9588543830338,516.7604550649205,8064.58954493508,16129.17908987016,636.842746298853,0.35380152572158496,1273.685492597706,3821.0564777931177,9920.507253701147,19841.014507402295,59523.043522206885,10557.35,21114.7,63344.100000000006,0.8797791666666667,4.445331210872249,22.226656054361243,2.170433425297879,3364.7824936351385,2030.2686008970122,1334.5138927381263,6729.564987270277,4060.5372017940244,2669.0277854762526,913.4386188959087,120.08229123393235,1033.520910129841,2740.315856687726,360.2468737017971,17962.0,-0.31480846392922585,72.60634941165523
11,11,2025,1SB,1,SB,AM-Shoulder,1,OP,AM,3.0,65,12000,1,6,70,1800,1,6,0.1,0.01,6891.0,852.0,0.0,0.0,0.0,1.0,1.0,1.0,3.66,1.83,0.14492753623188406,0.14492753623188406,30,4.155,0.715,6891.0,852.0,0.0,0.0,0.0,7743.0,9447.0,1.0,1.2,0.6055769230769231,9447.0,0.0,1.0,344.55,5891.805,766.8000000000001,0.0,0.0,0.0,6968.7,0.703499455990439,3.517497279952195,,0.07193040296697395,0.07221130486358553,180.84145188821344,904.2072594410672,55.953425945444714,68.65593364650327,1.0509279664128592,2.621769021841386,3.2169611951107737,-0.5951921732693877,0.6133906834556062,423.79990785283195,6122.650092147168,55.37162856939739,796.6283714306026,479.17153642222934,6919.278463577771,6919.278463577771,589.9147935610241,0.32773044086723563,589.9147935610241,1769.7443806830724,8512.535206438975,8512.535206438975,25537.605619316928,9102.449999999999,9102.449999999999,27307.35,0.7585374999999999,2.1104983679713167,10.552491839856584,1.0286766221195294,1478.7376725079318,894.4290138697962,584.3086586381356,1478.7376725079318,894.4290138697962,584.3086586381356,423.79990785283195,55.37162856939739,479.17153642222934,1271.399723558496,166.11488570819216,7743.0,-0.18501689550187211,70.91821642675036
12,12,2025,1SB,1,SB,MD,5,OP,MD,3.0,65,12000,1,6,70,1800,1,6,0.1,0.01,5561.0,687.0,0.0,0.0,0.0,1.0,1.0,1.0,3.66,1.83,0.14492753623188406,0.14492753623188406,30,4.136,0.708,5561.0,687.0,0.0,0.0,0.0,6248.0,7622.0,1.0,1.2,0.4885897435897436,7622.0,0.0,1.0,278.05,4754.655,618.3000000000001,0.0,0.0,0.0,5623.2,0.3025374939204528,1.512687469602264,,0.08680205147654828,0.08689750802913153,163.80634541848414,819.0317270924207,62.43678292782303,69.22179776463513,0.5473733465001775,2.6003369720622973,2.8829159921336776,-0.28257902007138025,0.15574875537698432,412.71380806322765,4870.236191936772,53.72872921441203,633.271270785588,466.44253727763964,5503.50746272236,27517.5373136118,573.8999957064638,0.3188333309480354,2869.499978532319,8608.499935596956,6770.050004293536,33850.250021467684,101550.75006440305,7343.95,36719.75,110159.25,0.6119958333333333,0.9076124817613584,4.538062408806792,0.44193262870322614,618.4085299143295,374.584203593447,243.8243263208825,3092.0426495716474,1872.921017967235,1219.1216316044124,2063.5690403161384,268.64364607206016,2332.2126863881986,6190.707120948415,805.9309382161805,31240.0,-0.09801847186752065,64.23778251705261
13,13,2025,1SB,1,SB,PM-Shoulder,1,OP,PM,3.0,65,12000,1,6,70,1800,1,6,0.1,0.01,6430.0,795.0,0.0,0.0,0.0,1.0,1.0,1.0,3.66,1.83,0.14492753623188406,0.14492753623188406,30,4.135,0.592,6430.0,795.0,0.0,0.0,0.0,7225.0,8815.0,1.0,1.2,0.5650641025641026,8815.0,0.0,1.0,321.5,5497.650000000001,715.5,0.0,0.0,0.0,6502.5,0.4151011185087641,2.0755055925438204,,0.07781360938336421,0.07798288590141421,144.6724952156725,723.3624760783625,58.91435289357742,68.79976885316776,0.8434410870775644,2.616287859689695,3.0552826460667584,-0.4389947863770636,0.3918910712653049,427.7919896264523,5680.708010373548,55.79675486246187,739.2032451375381,483.58874448891413,6419.911255511086,6419.911255511086,595.182254213838,0.33065680789657664,595.182254213838,1785.5467626415139,7898.317745786162,7898.317745786162,23694.953237358488,8493.5,8493.5,25480.5,0.7077916666666667,1.2453033555262922,6.226516777631462,0.6066795670687735,880.1502304375986,532.7308001490899,347.41943028850864,880.1502304375986,532.7308001490899,347.41943028850864,427.7919896264523,55.79675486246187,483.58874448891413,1283.3759688793568,167.39026458738562,7225.0,-0.14368385423921642,56.73431184928334
14,14,2025,1SB,1,SB,PM-Peak,3,Peak,PM,3.0,65,12000,1,6,70,1800,1,6,0.1,0.01,6004.0,742.0,0.0,0.0,0.0,1.0,1.0,1.0,3.66,1.83,0.14492753623188406,0.14492753623188406,30,4.135,0.592,6004.0,742.0,0.0,0.0,0.0,6746.0,8230.0,1.0,1.2,0.5275641025641026,8230.0,0.0,1.0,300.2,5133.42,667.8000000000001,0.0,0.0,0.0,6071.400000000001,0.32039611361073694,1.6019805680536847,,0.08247689270350247,0.08259813082602156,142.06424352915883,710.3212176457941,60.93793139679578,68.99814402132778,1.0712688761887703,2.6087658233873774,2.953825242736492,-0.34505941934911455,0.25289442870283985,423.38853054201365,5280.411469457987,55.15903176561721,686.8409682343828,478.54756230763087,5967.252437692369,17901.75731307711,588.8656258388653,0.3271475699104807,1766.596877516596,5299.790632549788,7340.934374161136,22022.803122483405,66068.40936745022,7929.800000000001,23789.4,71368.20000000001,0.6608166666666667,0.9611883408322108,4.805941704161054,0.46811592915437267,672.04721032259,406.95611919906594,265.09109112352405,2016.14163096777,1220.8683575971977,795.2732733705722,1270.165591626041,165.47709529685162,1435.6426869228926,3810.4967748781232,496.4312858905548,20238.0,-0.11681781791174739,55.71146805065052
15,15,2025,1SB,1,SB,PM-Late,3,OP,PM,3.0,65,12000,1,6,70,1800,1,6,0.1,0.01,3804.0,470.0,0.0,0.0,0.0,1.0,1.0,1.0,3.66,1.83,0.14492753623188406,0.14492753623188406,30,4.135,0.592,3804.0,470.0,0.0,0.0,0.0,4274.0,5214.0,1.0,1.2,0.3342307692307692,5214.0,0.0,1.0,190.20000000000002,3252.42,423.0,0.0,0.0,0.0,3846.6,0.14175349509956267,0.7087674754978134,,0.1397892393812358,0.1398206801900341,118.50707650019628,592.5353825009814,64.79919990963525,69.36952149017509,-0.35999633406904846,2.5947995046425927,2.7778120756277285,-0.1830125709851358,0.011756389763833818,454.65331794831894,3159.146682051681,59.144147720384424,410.8558522796156,513.7974656687034,3570.002534331297,10710.00760299389,632.0857611094723,0.35115875617192904,1896.2572833284169,5688.771849985251,4391.714238890528,13175.142716671584,39525.42815001475,5023.8,15071.400000000001,45214.2,0.41865,0.425260485298688,2.12630242649344,0.20702349126926164,319.10443544410066,193.3460906333608,125.75834481073986,957.313306332302,580.0382719000825,377.27503443221957,1363.9599538449568,177.4324431611533,1541.39239700611,4091.8798615348705,532.2973294834599,12822.0,-0.06588371207356736,46.473363333410305
16,16,2025,2NB,2,NB,Night,8,OP,NT,2.2,65,12000,1,6,70,1800,1,6,0.1,0.01,2760.0,341.0,0.0,0.0,0.0,1.0,1.0,1.0,3.66,1.83,0.14492753623188406,0.14492753623188406,30,4.103,0.708,2760.0,341.0,0.0,0.0,0.0,3101.0,3783.0,1.0,1.2,0.2425,3783.0,0.0,1.0,138.0,2359.8,306.90000000000003,0.0,0.0,0.0,2790.9,0.1631742382829287,0.8158711914146435,,0.1449268859228025,0.1449263872619828,128.03687385871888,640.1843692935944,64.97151029019278,69.89050796220347,0.0,1.888668488021079,2.0316597137795784,-0.14299122575849954,0.0012199617241761486,341.99846540062936,2280.0015345993706,44.47790825070252,296.5220917492975,386.47637365133187,2576.523626348668,20612.189010789345,475.4321901527369,0.2641289945292983,3803.457521221895,8367.60654668817,3169.567809847263,25356.542478778105,55784.39345331184,3645.0,29160.0,64152.00000000001,0.30375,0.35898332422244317,1.7949166211122158,0.23829033120895082,202.60588277998227,122.77174598849214,79.83413679149011,1620.8470622398581,982.1739679079371,638.6730943319209,2735.987723205035,355.82326600562016,3091.810989210655,6019.172991051078,782.8111852123644,24808.0,-0.0703814840589063,68.46891650198872
17,17,2025,2NB,2,NB,AM-Early,1,OP,AM,2.2,65,12000,1,6,70,1800,1,6,0.1,0.01,5911.0,731.0,0.0,0.0,0.0,1.0,1.0,1.0,3.66,1.83,0.14492753623188406,0.14492753623188406,30,4.155,0.715,5911.0,731.0,0.0,0.0,0.0,6642.0,8104.0,1.0,1.2,0.5194871794871795,8104.0,0.0,1.0,295.55,5053.905,657.9,0.0,0.0,0.0,5977.8,0.37811520714908886,1.8905760357454442,,0.08141262149149238,0.08150592629991264,172.80279179699616,864.0139589849808,61.25537835630606,69.13150219531275,0.5121250213871478,1.90940447998756,2.1549128181396826,-0.24550833815212258,0.1700767146975188,411.4516548189608,5203.998345181039,53.622748912712524,677.3772510872875,465.0744037316733,5881.375596268327,5881.375596268327,572.3199015570983,0.31795550086505464,572.3199015570983,1259.1037834256165,7236.130098442902,7236.130098442902,15919.486216574385,7808.45,7808.45,17178.59,0.6507041666666666,0.8318534557279955,4.159267278639978,0.5525008680269724,565.2988258695275,342.26748092615486,223.03134494337263,565.2988258695275,342.26748092615486,223.03134494337263,411.4516548189608,53.622748912712524,465.0744037316733,905.1936406017138,117.97004760796756,6642.0,-0.11392959199345605,92.4079100518696
18,18,2025,2NB,2,NB,AM-Peak,2,Peak,AM,2.2,65,12000,1,6,70,1800,1,6,0.1,0.01,7043.0,871.0,0.0,0.0,0.0,1.0,1.0,1.0,3.66,1.83,0.14492753623188406,0.14492753623188406,30,4.155,0.715,7043.0,871.0,0.0,0.0,0.0,7914.0,9656.0,1.0,1.2,0.6189743589743589,9656.0,0.0,1.0,352.15000000000003,6021.765,783.9,0.0,0.0,0.0,7122.6,0.7795500286961504,3.897750143480752,,0.07103795671102955,0.07127166694287325,181.75863905467511,908.7931952733754,54.838761086653086,68.54156750106804,1.2575414511455887,1.9258386525511415,2.407056567004151,-0.48121791445300954,0.5155136506418406,427.7738813939929,6263.076118606007,55.86985971651834,815.1301402834816,483.64374111051126,7078.206258889489,14156.412517778977,595.3834605435479,0.33076858919085994,1190.7669210870959,2619.687226391611,8708.466539456453,17416.933078912905,38317.252773608394,9303.85,18607.7,40936.94,0.7753208333333333,1.715010063131531,8.575050315657656,1.139760216842139,1212.7233695334114,733.6365113355318,479.08685819787956,2425.446739066823,1467.2730226710637,958.1737163957591,855.5477627879858,111.73971943303668,967.2874822210225,1882.2050781335688,245.82738275268073,15828.0,-0.19991965334322767,97.19713318431823
19,19,2025,2NB,2,NB,AM-Shoulder,1,OP,AM,2.2,65,12000,1,6,70,1800,1,6,0.1,0.01,6733.0,832.0,0.0,0.0,0.0,1.0,1.0,1.0,3.66,1.83,0.14492753623188406,0.14492753623188406,30,4.155,0.715,6733.0,832.0,0.0,0.0,0.0,7565.0,9229.0,1.0,1.2,0.5916025641025641,9229.0,0.0,1.0,336.65000000000003,5756.715,748.8000000000001,0.0,0.0,0.0,6808.5,0.6327470240312951,3.163735120156476,,0.0730952558064632,0.07327598821865336,179.90990349122816,899.549517456141,57.0343974683944,68.75777134806812,0.7323455904669818,1.9197829919731508,2.3143928201073356,-0.39460982813418477,0.3885643173932037,420.7885555299038,5975.561444470097,54.86905997812764,777.1309400218723,475.6576155080314,6752.692384491969,6752.692384491969,585.3957354642868,0.3252198530357149,585.3957354642868,1287.870618021431,8306.954264535714,8306.954264535714,18275.299381978573,8892.35,8892.35,19563.170000000006,0.7410291666666667,1.3920434528688495,6.960217264344247,0.9247068983663141,967.6565323056468,585.7559537675429,381.90057853810396,967.6565323056468,585.7559537675429,381.90057853810396,420.7885555299038,54.86905997812764,475.6576155080314,925.7348221657885,120.71193195188081,7565.0,-0.17050252865712043,96.20850454076373
20,20,2025,2NB,2,NB,MD,5,OP,MD,2.2,65,12000,1,6,70,1800,1,6,0.1,0.01,7928.0,980.0,0.0,0.0,0.0,1.0,1.0,1.0,3.66,1.83,0.14492753623188406,0.14492753623188406,30,4.136,0.708,7928.0,980.0,0.0,0.0,0.0,8908.0,10868.0,1.0,1.2,0.6966666666666667,10868.0,0.0,1.0,396.40000000000003,6778.4400000000005,882.0,0.0,0.0,0.0,8017.2,1.3748586116517199,6.8742930582585995,,0.06731772290437477,0.06778754603192202,179.65672144150187,898.2836072075094,46.95249545997362,67.59803555227283,0.9832020169917146,1.9527194676822497,2.8113521700359514,-0.8586327023537017,1.0693986267954076,456.30914564393015,7075.29085435607,59.788615600155225,920.2113843998447,516.0977612440854,7995.502238755915,39977.511193779574,635.6749924443958,0.3531527735802199,3178.374962221979,6992.424916888354,9835.925007555605,49179.62503777802,108195.17508311167,10471.6,52358.0,115187.60000000002,0.8726333333333334,3.024688945633784,15.12344472816892,2.0119541327673893,2284.4030520234774,1380.1932286207918,904.2098234026856,11422.015260117387,6900.966143103959,4521.049117013428,2281.5457282196508,298.94307800077615,2580.488806220427,5019.400602083232,657.6747716017076,44540.0,-0.30541627317459896,96.07311307032185
21,21,2025,2NB,2,NB,PM-Shoulder,1,OP,PM,2.2,65,12000,1,6,70,1800,1,6,0.1,0.01,7153.0,884.0,0.0,0.0,0.0,1.0,1.0,1.0,3.66,1.83,0.14492753623188406,0.14492753623188406,30,4.135,0.592,7153.0,884.0,0.0,0.0,0.0,8037.0,9805.0,1.0,1.2,0.628525641025641,9805.0,0.0,1.0,357.65000000000003,6115.8150000000005,795.6,0.0,0.0,0.0,7233.3,0.6665545526918846,3.332772763459423,,0.07262839209792821,0.07285182435374984,147.77272448824576,738.8636224412288,54.10611333589102,68.26811304651565,0.786770402852995,1.933552783421149,2.4396503807350447,-0.5060975973138957,0.5601671754531647,444.18180981839083,6351.168190181609,57.96091145584338,826.0390885441566,502.1427212742342,7177.207278725766,7177.207278725766,618.064544185921,0.34336919121440057,618.064544185921,1359.7419972090263,8829.285455814079,8829.285455814079,19424.428002790974,9447.35,9447.35,20784.17,0.7872791666666668,1.466420015922146,7.332100079610731,0.9743085658220636,1076.3323001259123,651.3570966262124,424.9752034996998,1076.3323001259123,651.3570966262124,424.9752034996998,444.18180981839083,57.96091145584338,502.1427212742342,977.1999816004599,127.51400520285544,8037.0,-0.20744677241884676,79.0228473199175
22,22,2025,2NB,2,NB,PM-Peak,3,Peak,PM,2.2,65,12000,1,6,70,1800,1,6,0.1,0.01,7219.0,892.0,0.0,0.0,0.0,1.0,1.0,1.0,3.66,1.83,0.14492753623188406,0.14492753623188406,30,4.135,0.592,7219.0,892.0,0.0,0.0,0.0,8111.0,9895.0,1.0,1.2,0.6342948717948718,9895.0,0.0,1.0,360.95000000000005,6172.245,802.8000000000001,0.0,0.0,0.0,7299.900000000001,0.6966224147049103,3.483112073524551,,0.07227807487635557,0.07251387514542554,147.9814885597336,739.9074427986681,53.58175565195981,68.20493117826608,1.2510224722102794,1.9353439365695395,2.463525100920652,-0.5281811643511125,0.592875542107447,446.1179862652113,6411.932013734789,58.214138966747626,833.7858610332523,504.3321252319589,7245.717874768041,21737.153624304123,620.7604031654541,0.3448668906474745,1862.2812094963624,4097.018660891998,8913.289596834546,26739.868790503635,58827.711339108,9534.05,28602.149999999998,62924.729999999996,0.7945041666666666,1.5325693123508026,7.662846561754013,1.0182618425984329,1129.792750064612,683.7067354377997,446.08601462681236,3389.378250193836,2051.120206313399,1338.258043880437,1338.3539587956338,174.6424169002429,1512.9963756958768,2944.3787093503947,384.2133171805344,24333.0,-0.2144005612744616,79.1344858608201
23,23,2025,2NB,2,NB,PM-Late,3,OP,PM,2.2,65,12000,1,6,70,1800,1,6,0.1,0.01,7295.0,902.0,0.0,0.0,0.0,1.0,1.0,1.0,3.66,1.83,0.14492753623188406,0.14492753623188406,30,4.135,0.592,7295.0,902.0,0.0,0.0,0.0,8197.0,10001.0,1.0,1.2,0.6410897435897436,10001.0,0.0,1.0,364.75,6237.225,811.8000000000001,0.0,0.0,0.0,7377.3,0.7338181372503866,3.669090686251933,,0.07189213600367578,0.07214318371589738,148.21082867248452,741.0541433624226,52.94670475621818,68.12724353316946,0.8167951180922005,1.9375508703171365,2.493072998740259,-0.5555221284231227,0.6333561621203089,448.4074279855267,6481.842572014473,58.5658365405655,843.4341634594346,506.9732645260922,7325.276735473908,21975.830206421724,624.1049376072232,0.3467249653373462,1872.3148128216694,4119.092588207673,9012.145062392778,27036.435187178333,59480.15741179234,9636.25,28908.750000000004,63599.25000000001,0.8030208333333333,1.6143999019508506,8.071999509754253,1.0729024723336742,1196.6523116176597,723.9089077738673,472.7434038437924,3589.9569348529794,2171.726723321602,1418.2302115313773,1345.22228395658,175.6975096216965,1520.9197935782765,2959.4890247044764,386.53452116773235,24591.0,-0.2228262584785227,79.25712763234466
24,24,2025,2SB,2,SB,Night,8,OP,NT,2.2,65,12000,1,6,70,1800,1,6,0.1,0.01,2817.0,348.0,0.0,0.0,0.0,1.0,1.0,1.0,3.66,1.83,0.14492753623188406,0.14492753623188406,30,4.103,0.708,2817.0,348.0,0.0,0.0,0.0,3165.0,3861.0,1.0,1.2,0.2475,3861.0,0.0,1.0,140.85,2408.5350000000003,313.2,0.0,0.0,0.0,2848.5,0.16286692876323283,0.8143346438161642,,0.14492692472375338,0.14492704464444398,128.03659270743717,640.1829635371857,64.96780088687225,69.87626443857508,0.0,1.8890534727430222,2.0317757134776686,-0.14272224073464645,0.001378881310560106,349.06157063952537,2327.0884293604745,45.39115038263985,302.60884961736014,394.45272102216524,2629.6972789778347,21037.578231822677,485.2350217874449,0.26957501210413604,3881.8801742995593,8540.13638345903,3234.914978212555,25879.31982570044,56934.50361654098,3720.15,29761.2,65474.64000000001,0.3100125,0.3583072432791123,1.7915362163955613,0.23783375608482887,206.39117892488198,125.07128911052546,81.31988981435653,1651.1294313990559,1000.5703128842036,650.5591185148522,2792.492565116203,363.1292030611188,3155.621768177322,6143.483643255647,798.8842467344614,25320.0,-0.07024507665285425,68.46876615370971
25,25,2025,2SB,2,SB,AM-Early,1,OP,AM,2.2,65,12000,1,6,70,1800,1,6,0.1,0.01,9535.0,1178.0,0.0,0.0,0.0,1.0,1.0,1.0,3.66,1.83,0.14492753623188406,0.14492753623188406,30,4.155,0.715,9535.0,1178.0,0.0,0.0,0.0,10713.0,13069.0,1.0,1.2,0.8377564102564102,13069.0,0.0,1.0,476.75,8152.425,1060.2,0.0,0.0,0.0,9641.7,3.659999435745848,18.29999717872924,,0.06876953569385245,0.0703810834304606,181.76759664739592,908.8379832369797,30.21911039776264,62.592388614960974,1.1370256296450392,2.108882612101642,4.36809681895113,-2.2592142068494874,3.202138795809202,560.6384820289551,8497.611517971045,74.61802465297433,1103.3819753470257,635.2565066819294,9600.99349331807,9600.99349331807,784.4925559878781,0.43582919777104334,784.4925559878781,1725.883623173332,11807.757444012123,11807.757444012123,25977.06637682667,12592.25,12592.25,27702.950000000004,1.0493541666666666,8.051998758640867,40.25999379320433,5.379631900765821,7518.38157073336,4514.260361343446,3004.121209389914,7518.38157073336,4514.260361343446,3004.121209389914,560.6384820289551,74.61802465297433,635.2565066819294,1233.4046604637012,164.15965423654353,10713.0,-0.5172079055225638,97.20192334085344
26,26,2025,2SB,2,SB,AM-Peak,2,Peak,AM,2.2,65,12000,1,6,70,1800,1,6,0.1,0.01,8678.0,1073.0,0.0,0.0,0.0,1.0,1.0,1.0,3.66,1.83,0.14492753623188406,0.14492753623188406,30,4.155,0.715,8678.0,1073.0,0.0,0.0,0.0,9751.0,11897.0,1.0,1.2,0.7626282051282052,11897.0,0.0,1.0,433.90000000000003,7419.6900000000005,965.7,0.0,0.0,0.0,8775.9,2.3262797160846875,11.631398580423438,,0.065231498157661,0.06609898009878144,186.4834876728476,932.4174383642378,38.95289692917711,66.36252476991025,1.753379291641282,1.989074412971261,3.388708168226823,-1.399633755255562,1.8603763443169017,483.99749456541576,7760.102505434585,63.83178508139324,1009.1682149186067,547.829279646809,8769.270720353192,17538.541440706384,675.4928498095956,0.3752738054497753,1350.985699619191,2972.168539162221,10787.607150190404,21575.21430038081,47465.47146083778,11463.1,22926.2,50437.64000000001,0.9552583333333333,5.117815375386313,25.589076876931564,3.4104903809257903,4110.406274974883,2477.0098193353383,1633.396455639545,8220.812549949766,4954.019638670677,3266.79291127909,967.9949891308315,127.66357016278648,1095.658559293618,2129.5889760878295,280.8598543581303,19502.0,-0.4130287076292955,99.72379019938373
27,27,2025,2SB,2,SB,AM-Shoulder,1,OP,AM,2.2,65,12000,1,6,70,1800,1,6,0.1,0.01,8461.0,1046.0,0.0,0.0,0.0,1.0,1.0,1.0,3.66,1.83,0.14492753623188406,0.14492753623188406,30,4.155,0.715,8461.0,1046.0,0.0,0.0,0.0,9507.0,11599.0,1.0,1.2,0.743525641025641,11599.0,0.0,1.0,423.05,7234.155,941.4,0.0,0.0,0.0,8556.300000000001,2.020243441931681,10.101217209658405,,0.06572132928731818,0.06645553496418576,186.20462535221444,931.0231267610721,41.32647860373359,66.77612770325582,1.0837878471712248,1.9767543363189661,3.194078093749672,-1.217323757430706,1.593733142283205,475.4382828704992,7562.5117171295005,62.56124061528447,983.4387593847156,537.9995234857837,8545.950476514216,8545.950476514216,663.1220047163526,0.368401113731307,663.1220047163526,1458.868410375976,10512.827995283647,10512.827995283647,23128.221589624027,11175.95,11175.95,24587.090000000004,0.9313291666666668,4.444535572249698,22.222677861248492,2.959938966219468,3503.3806574207706,2113.1023606272483,1390.2782967935223,3503.3806574207706,2113.1023606272483,1390.2782967935223,475.4382828704992,62.56124061528447,537.9995234857837,1045.9642223150984,137.63472935362583,9507.0,-0.38111897132785344,99.57466596375104
28,28,2025,2SB,2,SB,MD,5,OP,MD,2.2,65,12000,1,6,70,1800,1,6,0.1,0.01,7027.0,868.0,0.0,0.0,0.0,1.0,1.0,1.0,3.66,1.83,0.14492753623188406,0.14492753623188406,30,4.136,0.708,7027.0,868.0,0.0,0.0,0.0,7895.0,9631.0,1.0,1.2,0.6173717948717948,9631.0,0.0,1.0,351.35,6008.085,781.2,0.0,0.0,0.0,7105.5,0.7464899524803604,3.732449762401802,,0.07127387317187776,0.071498516816471,176.31598484171587,881.5799242085793,54.9823231916648,68.5451813991261,0.7981581927674982,1.925737116827922,2.4007715996258763,-0.47503448279795424,0.506903245333604,428.2194882958612,6247.430511704139,55.85464133702715,812.1453586629729,484.07412963288834,7059.575870367112,35297.87935183556,595.7834123069426,0.3309907846149681,2978.917061534713,6553.617535376369,8683.866587693057,43419.33293846529,95522.53246462364,9279.65,46398.25,102076.15000000001,0.7733041666666667,1.6422778954567931,8.211389477283966,1.0910233700303174,1161.8996141644466,703.2554000321118,458.64421413233475,5809.498070822233,3516.2770001605586,2293.221070661674,2141.097441479306,279.27320668513573,2420.3706481644417,4710.414371254474,614.4010547072986,39475.0,-0.1978674201544125,94.28662291000849
29,29,2025,2SB,2,SB,PM-Shoulder,1,OP,PM,2.2,65,12000,1,6,70,1800,1,6,0.1,0.01,6866.0,849.0,0.0,0.0,0.0,1.0,1.0,1.0,3.66,1.83,0.14492753623188406,0.14492753623188406,30,4.135,0.592,6866.0,849.0,0.0,0.0,0.0,7715.0,9413.0,1.0,1.2,0.6033974358974359,9413.0,0.0,1.0,343.3,5870.43,764.1,0.0,0.0,0.0,6943.5,0.5507712442658916,2.753856221329458,,0.07436865509938849,0.07454539196721675,146.73567602929376,733.6783801464688,56.22269450596258,68.51218714072075,0.7237025275709054,1.926664517786862,2.3478063646700713,-0.4211418468832093,0.4343408734441517,436.5759839551032,6086.124016044897,56.960134002150326,792.0398659978497,493.5361179572535,6878.163882042747,6878.163882042747,607.4563859615541,0.3374757699786412,607.4563859615541,1336.4040491154192,8462.243614038445,8462.243614038445,18616.93595088458,9069.699999999999,9069.699999999999,19953.34,0.7558083333333332,1.2116967373849616,6.058483686924808,0.805034328457298,874.0897380361068,528.997695379028,345.0920426570789,874.0897380361068,528.997695379028,345.0920426570789,436.5759839551032,56.960134002150326,493.5361179572535,960.4671647012271,125.31229480473073,7715.0,-0.1793767378862996,78.46827595149398
30,30,2025,2SB,2,SB,PM-Peak,3,Peak,PM,2.2,65,12000,1,6,70,1800,1,6,0.1,0.01,7013.0,867.0,0.0,0.0,0.0,1.0,1.0,1.0,3.66,1.83,0.14492753623188406,0.14492753623188406,30,4.135,0.592,7013.0,867.0,0.0,0.0,0.0,7880.0,9614.0,1.0,1.2,0.6162820512820513,9614.0,0.0,1.0,350.65000000000003,5996.115000000001,780.3000000000001,0.0,0.0,0.0,7092.0,0.6071729400337308,3.035864700168654,,0.07343063615925033,0.07362992351465757,147.29419056480415,736.4709528240207,55.171818663117406,68.39316634837145,1.1821710666244474,1.9300173840122716,2.392525807532289,-0.4625084235200174,0.49560651016539015,440.2985389340233,6222.0514610659775,57.4534293184873,809.5465706815127,497.7519682525106,7031.5980317474905,21094.794095242472,612.6588268894852,0.3403660149386029,1837.9764806684557,4043.548257470603,8650.691173110516,25952.07351933155,57094.56174252941,9263.35,27790.050000000003,61138.110000000015,0.7719458333333333,1.3357804680742078,6.678902340371039,0.8875066790788713,971.8680319672663,588.1421884296794,383.7258435375869,2915.604095901799,1764.4265652890383,1151.1775306127606,1320.89561680207,172.3602879554619,1493.2559047575319,2905.9703569645544,379.19263350201624,23640.0,-0.19331387024705082,78.76694682609848
31,31,2025,2SB,2,SB,PM-Late,3,OP,PM,2.2,65,12000,1,6,70,1800,1,6,0.1,0.01,5774.0,714.0,0.0,0.0,0.0,1.0,1.0,1.0,3.66,1.83,0.14492753623188406,0.14492753623188406,30,4.135,0.592,5774.0,714.0,0.0,0.0,0.0,6488.0,7916.0,1.0,1.2,0.5074358974358975,7916.0,0.0,1.0,288.7,4936.77,642.6,0.0,0.0,0.0,5839.2,0.2817933198495946,1.408966599247973,,0.08563425795469295,0.08570911332135317,140.39698580378547,701.9849290189273,61.795313368878844,69.07791576496228,0.435141101609909,1.9108856794279985,2.136084321023565,-0.22519864159556646,0.14428167364843772,422.7566356429896,5062.54336435701,55.07667622030155,658.9233237796984,477.8333118632911,5721.466688136708,17164.400064410125,587.9866643038943,0.32665925794660794,1763.9599929116828,3880.7119844057024,7039.313335696106,21117.94000708832,46459.468015594306,7627.3,22881.9,50340.18000000001,0.6356083333333333,0.6199453036691082,3.0997265183455407,0.41171510682488494,432.8086246842237,262.0859908618237,170.72263382239996,1298.4258740526711,786.2579725854711,512.1679014671998,1268.2699069289688,165.23002866090465,1433.4999355898735,2790.1937952437315,363.50606305399026,19464.0,-0.10542591384578685,75.07860203410988
32,32,2025,3NB,3,NB,Night,8,OP,NT,3.4,65,12000,1,6,70,1800,1,6,0.1,0.01,2870.0,355.0,0.0,0.0,0.0,1.0,1.0,1.0,3.66,1.83,0.14492753623188406,0.14492753623188406,30,4.103,0.708,2870.0,355.0,0.0,0.0,0.0,3225.0,3935.0,1.0,1.2,0.25224358974358974,3935.0,0.0,1.0,143.5,2453.85,319.5,0.0,0.0,0.0,2902.5,0.16254168786269738,0.8127084393134869,,0.14492722325358792,0.14492715507506068,128.0320574401359,640.1602872006796,64.96391871138316,69.86142037066409,0.0,2.9200665963794634,3.1402046558539047,-0.22013805947444132,0.0023880708275415196,355.6296667808167,2370.8703332191835,46.30422604648189,308.69577395351814,401.93389282729856,2679.566107172702,21436.528857381614,494.5423449202624,0.27474574717792355,3956.338759362099,13451.551781831136,3296.957655079738,26375.661240637903,89677.24821816887,3791.5,30332.0,103128.8,0.31595833333333334,0.552641738733171,2.7632086936658555,0.23744322954487587,324.48403735995646,196.53579739484877,127.9482399651077,2595.8722988796517,1572.2863791587902,1023.5859197208616,2845.0373342465336,370.4338083718551,3215.4711426183885,9673.126936438213,1259.4749484643073,25800.0,-0.07010309314205508,44.30174997928578
33,33,2025,3NB,3,NB,AM-Early,1,OP,AM,3.4,65,12000,1,6,70,1800,1,6,0.1,0.01,6148.0,760.0,0.0,0.0,0.0,1.0,1.0,1.0,3.66,1.83,0.14492753623188406,0.14492753623188406,30,4.155,0.715,6148.0,760.0,0.0,0.0,0.0,6908.0,8428.0,1.0,1.2,0.5402564102564102,8428.0,0.0,1.0,307.40000000000003,5256.540000000001,684.0,0.0,0.0,0.0,6217.2,0.43518477887795204,2.17592389438976,,0.07845877414930623,0.07863235548897328,175.16097817833582,875.8048908916791,60.262192713907595,69.04961395683117,0.8974743666764845,2.954397400795577,3.3852070562463936,-0.43080965545081673,0.3380413593652515,412.42168466679425,5428.178315333206,53.784531154457724,706.2154688455423,466.206215821252,6134.393784178748,6134.393784178748,573.7752781301674,0.31876404340564857,573.7752781301674,1950.8359456425692,7546.824721869833,7546.824721869833,25659.204054357433,8120.6,8120.6,27610.04,0.6767166666666667,1.479628248185037,7.398141240925184,0.6360075779157167,1008.1363328546695,610.2307747970505,397.9055580576191,1008.1363328546695,610.2307747970505,397.9055580576191,412.42168466679425,53.784531154457724,466.206215821252,1402.2337278671005,182.86740592515625,6908.0,-0.12726242392053555,60.60933500980478
34,34,2025,3NB,3,NB,AM-Peak,2,Peak,AM,3.4,65,12000,1,6,70,1800,1,6,0.1,0.01,7325.0,905.0,0.0,0.0,0.0,1.0,1.0,1.0,3.66,1.83,0.14492753623188406,0.14492753623188406,30,4.155,0.715,7325.0,905.0,0.0,0.0,0.0,8230.0,10040.0,1.0,1.2,0.6435897435897436,10040.0,0.0,1.0,366.25,6262.875,814.5,0.0,0.0,0.0,7407.0,0.942545344047393,4.712726720236965,,0.06941738278115805,0.06987292705475054,182.9688860635857,914.8444303179285,52.58165480853922,68.30903257735113,2.0940225919230997,2.986427889591269,3.8796801040744455,-0.8932522144831765,1.015469434889682,434.75239118554526,6523.997608814455,56.91149908609432,848.0885009139057,491.66389027163956,7372.0861097283605,14744.172219456721,605.4868884438282,0.3363816046910157,1210.9737768876564,4117.3108414180315,9068.263111556173,18136.526223112345,61664.18915858197,9673.75,19347.5,65781.5,0.8061458333333333,3.204654169761136,16.02327084880568,1.3789546028743462,2305.139427494428,1393.231063226382,911.9083642680462,4610.278854988856,2786.462126452764,1823.8167285360923,869.5047823710905,113.82299817218863,983.3277805432791,2956.316260061708,386.99819378544134,16460.0,-0.2302386254848903,63.311033239995055
35,35,2025,3NB,3,NB,AM-Shoulder,1,OP,AM,3.4,65,12000,1,6,70,1800,1,6,0.1,0.01,7003.0,865.0,0.0,0.0,0.0,1.0,1.0,1.0,3.66,1.83,0.14492753623188406,0.14492753623188406,30,4.155,0.715,7003.0,865.0,0.0,0.0,0.0,7868.0,9598.0,1.0,1.2,0.6152564102564102,9598.0,0.0,1.0,350.15000000000003,5987.5650000000005,778.5,0.0,0.0,0.0,7081.2,0.7576038061860774,3.788019030930387,,0.07119032508545352,0.07153934271159175,181.43441914438353,907.1720957219177,55.15333555268405,68.57779067126232,1.2306870934597909,2.9747240032549875,3.698779012288991,-0.7240550090340037,0.7676349391436096,426.25669882028353,6226.593301179717,55.693378300974175,809.3066216990259,481.9500771212577,7035.8999228787425,7035.8999228787425,593.336833723206,0.32963157429067,593.336833723206,2017.3452346589004,8654.513166276794,8654.513166276794,29425.3447653411,9247.85,9247.85,31442.69,0.7706541666666668,2.575852941032663,12.879264705163315,1.107793731517811,1815.2643327541466,1097.9745712911015,717.2897614630451,1815.2643327541466,1097.9745712911015,717.2897614630451,426.25669882028353,55.693378300974175,481.9500771212577,1449.272775988964,189.35748622331218,7868.0,-0.1957551415286965,62.780075828506405
36,36,2025,3NB,3,NB,MD,5,OP,MD,3.4,65,12000,1,6,70,1800,1,6,0.1,0.01,8246.0,1019.0,0.0,0.0,0.0,1.0,1.0,1.0,3.66,1.83,0.14492753623188406,0.14492753623188406,30,4.136,0.708,8246.0,1019.0,0.0,0.0,0.0,9265.0,11303.0,1.0,1.2,0.724551282051282,11303.0,0.0,1.0,412.3,7050.33,917.1,0.0,0.0,0.0,8338.5,1.6988481679773668,8.494240839886833,,0.06613833141791826,0.06707240983985002,180.06283360087275,900.3141680043639,43.64582042916196,67.14941663113585,1.6159568632427932,3.0380010763252,4.673987062085271,-1.6359859857600707,2.1036699673645134,466.29706214569165,7367.402937854308,61.512107064126454,957.4878929358736,527.8091692098182,8324.890830790182,41624.45415395091,650.833383338071,0.3615741018544839,3254.1669166903553,11064.167516747208,10239.86661666193,51199.33308330965,174077.7324832528,10890.7,54453.5,185141.9,0.9075583333333334,5.776083771123047,28.880418855615233,2.4907990205990833,4469.866309885505,2693.3708931820843,1776.4954167034207,22349.331549427523,13466.854465910421,8882.477083517104,2331.4853107284584,307.56053532063225,2639.045846049091,7927.050056476758,1045.7058200901497,46325.0,-0.3500193654858312,62.30547875462725
37,37,2025,3NB,3,NB,PM-Shoulder,1,OP,PM,3.4,65,12000,1,6,70,1800,1,6,0.1,0.01,7439.0,919.0,0.0,0.0,0.0,1.0,1.0,1.0,3.66,1.83,0.14492753623188406,0.14492753623188406,30,4.135,0.592,7439.0,919.0,0.0,0.0,0.0,8358.0,10196.0,1.0,1.2,0.6535897435897436,10196.0,0.0,1.0,371.95000000000005,6360.345,827.1,0.0,0.0,0.0,7522.2,0.8077416128265698,4.038708064132849,,0.07111054426216372,0.07154653602463734,148.51697619491517,742.5848809745759,51.72473560771857,67.98003377069567,1.309110562996639,3.0008811217734173,3.9439544272809837,-0.9430733055075664,1.1035252576826398,452.2875946451317,6614.762405354869,59.176139945977546,859.8238600540225,511.46373459110924,7474.586265408891,7474.586265408891,629.8160144830644,0.3498977858239246,629.8160144830644,2141.374449242419,9194.233985516936,9194.233985516936,31260.39555075758,9824.05,9824.05,33401.77,0.8186708333333332,2.746321483610337,13.731607418051686,1.1815630784601225,2054.710660198219,1242.127137944369,812.58352225385,2054.710660198219,1242.127137944369,812.58352225385,452.2875946451317,59.176139945977546,511.46373459110924,1537.7778217934479,201.19887581632366,8358.0,-0.2391187126768435,51.389957160870296
38,38,2025,3NB,3,NB,PM-Peak,3,Peak,PM,3.4,65,12000,1,6,70,1800,1,6,0.1,0.01,7508.0,928.0,0.0,0.0,0.0,1.0,1.0,1.0,3.66,1.83,0.14492753623188406,0.14492753623188406,30,4.135,0.592,7508.0,928.0,0.0,0.0,0.0,8436.0,10292.0,1.0,1.2,0.6597435897435897,10292.0,0.0,1.0,375.40000000000003,6419.34,835.2,0.0,0.0,0.0,7592.400000000001,0.8467854902037286,4.233927451018643,,0.07080472758582672,0.07126609134886092,148.68678216132446,743.4339108066224,51.102793352972256,67.89986226762488,2.079446945283026,3.0044243565022457,3.9919539934138433,-0.9875296369115976,1.1692846632846574,454.5196199808009,6678.0803800192,59.52143949456864,868.4785605054313,514.0410594753695,7546.558940524631,22639.676821573892,633.0839384645068,0.3517132991469482,1899.2518153935202,6457.456172337968,9283.516061535494,27850.548184606483,94691.86382766203,9916.6,29749.800000000003,101149.32,0.8263833333333334,2.879070666692677,14.395353333463387,1.2389867775598793,2165.4262577637046,1308.5941053230267,856.832152440678,6496.278773291114,3925.78231596908,2570.496457322034,1363.5588599424027,178.5643184837059,1542.1231784261086,4636.100123804169,607.1186828446,25308.0,-0.24738001453445635,51.4487135506313
39,39,2025,3NB,3,NB,PM-Late,3,OP,PM,3.4,65,12000,1,6,70,1800,1,6,0.1,0.01,7587.0,938.0,0.0,0.0,0.0,1.0,1.0,1.0,3.66,1.83,0.14492753623188406,0.14492753623188406,30,4.135,0.592,7587.0,938.0,0.0,0.0,0.0,8525.0,10401.0,1.0,1.2,0.6667307692307692,10401.0,0.0,1.0,379.35,6486.885,844.2,0.0,0.0,0.0,7672.5,0.8933969518155636,4.466984759077818,,0.07047303076344412,0.07096505257490507,148.86847181927652,744.3423590963826,50.379402814011954,67.80433723285401,1.3551402090558626,3.0086570907613495,4.049273881890116,-1.0406167911287665,1.2478129104971503,457.15044616392424,6750.499553836075,59.90869738373486,878.0913026162651,517.0591435476591,7628.590856452341,22885.77256935702,636.8765383151288,0.3538202990639604,1910.6296149453863,6496.1406908143135,9384.77346168487,28154.320385054612,95724.68930918568,10021.65,30064.949999999997,102220.82999999999,0.8351375,3.037549636172916,15.18774818086458,1.3074482130514955,2298.4953811293,1388.6171714215143,909.8782097077857,6895.4861433879,4165.851514264543,2729.634629123357,1371.4513384917727,179.72609215120457,1551.1774306429772,4662.934550872027,611.0687133140955,25575.0,-0.25698849262402285,51.51158194438633
40,40,2025,3SB,3,SB,Night,8,OP,NT,3.4,65,12000,1,6,70,1800,1,6,0.1,0.01,2929.0,362.0,0.0,0.0,0.0,1.0,1.0,1.0,3.66,1.83,0.14492753623188406,0.14492753623188406,30,4.103,0.708,2929.0,362.0,0.0,0.0,0.0,3291.0,4015.0,1.0,1.2,0.25737179487179485,4015.0,0.0,1.0,146.45000000000002,2504.295,325.8,0.0,0.0,0.0,2961.9,0.16216343396858532,0.8108171698429266,,0.1449157510225779,0.1449214727434157,128.03525429206667,640.1762714603334,64.9592878008883,69.8436815648998,0.0,2.920808231027171,3.1404285192487955,-0.21962028822162472,0.0026947636785416,362.9117907070867,2419.6382092929134,47.21541581980484,314.78458418019517,410.12720652689154,2734.4227934731084,21875.382347784867,504.5580381665012,0.28031002120361176,4036.4643053320096,13723.978638128832,3363.991961833499,26911.93569466799,91500.58136187117,3868.55,30948.4,105224.56,0.32237916666666666,0.5513556754931901,2.7567783774659502,0.23683893799508726,330.2559129248508,200.09347550974903,130.16243741510175,2642.0473033988064,1600.7478040779922,1041.299499320814,2903.2943256566937,377.7233265584387,3281.0176522151323,9871.200707232758,1284.2593102986916,26328.0,-0.06993322308579686,44.302856156424454
41,41,2025,3SB,3,SB,AM-Early,1,OP,AM,3.4,65,12000,1,6,70,1800,1,6,0.1,0.01,9916.0,1226.0,0.0,0.0,0.0,1.0,1.0,1.0,3.66,1.83,0.14492753623188406,0.14492753623188406,30,4.155,0.715,9916.0,1226.0,0.0,0.0,0.0,11142.0,13594.0,1.0,1.2,0.8714102564102564,13594.0,0.0,1.0,495.8,8478.18,1103.4,0.0,0.0,0.0,10027.800000000001,3.6599994899292687,18.299997449646344,,0.0798744075905026,0.08286942075807187,170.2217403964421,851.1087019822106,27.455773384050502,55.10840231272369,1.3571906758955063,3.7017948523051176,7.430131256783568,-3.7283364044784504,5.879587514101181,677.1896049456474,8743.010395054353,91.43811886445651,1134.5618811355434,768.6277238101039,9877.572276189896,9877.572276189896,951.5039615390169,0.5286133119661205,951.5039615390169,3235.1134692326573,12146.696038460983,12146.696038460983,41298.76653076734,13098.2,13098.2,44533.88,1.0915166666666667,12.443998265759513,62.21999132879757,5.401614880771893,14116.225232402052,8426.946269534006,5689.278962868046,14116.225232402052,8426.946269534006,5689.278962868046,677.1896049456474,91.43811886445651,768.6277238101039,2302.444656815201,310.88960413915214,11142.0,-0.5017860755924803,58.900256192540525
42,42,2025,3SB,3,SB,AM-Peak,2,Peak,AM,3.4,65,12000,1,6,70,1800,1,6,0.1,0.01,9025.0,1116.0,0.0,0.0,0.0,1.0,1.0,1.0,3.66,1.83,0.14492753623188406,0.14492753623188406,30,4.155,0.715,9025.0,1116.0,0.0,0.0,0.0,10141.0,12373.0,1.0,1.2,0.7931410256410256,12373.0,0.0,1.0,451.25,7716.375,1004.4,0.0,0.0,0.0,9126.9,2.9024988349055834,14.512494174527916,,0.0640296105802854,0.06576839162966433,186.2491389713828,931.245694856914,35.12331382805546,65.6825105907713,2.8740045366113596,3.1058496114894694,5.808107999110575,-2.702258387621106,3.6574156510891815,494.07648634144977,8079.67351365855,66.05777255283485,1049.9422274471651,560.1342588942846,9129.615741105716,18259.23148221143,692.2498039999543,0.38458322444441906,1384.4996079999087,4707.29866719969,11229.500196000045,22459.00039200009,76360.6013328003,11921.749999999998,23843.499999999996,81067.9,0.9934791666666665,9.868496038678984,49.34248019339491,4.271689201868996,8135.246182073068,4875.791848265028,3259.45433380804,16270.492364146136,9751.583696530057,6518.90866761608,988.1529726828995,132.1155451056697,1120.2685177885692,3359.7201071218583,449.19285335927697,20282.0,-0.4652562225142708,64.44606884822933
43,43,2025,3SB,3,SB,AM-Shoulder,1,OP,AM,3.4,65,12000,1,6,70,1800,1,6,0.1,0.01,8799.0,1088.0,0.0,0.0,0.0,1.0,1.0,1.0,3.66,1.83,0.14492753623188406,0.14492753623188406,30,4.155,0.715,8799.0,1088.0,0.0,0.0,0.0,9887.0,12063.0,1.0,1.2,0.7732692307692308,12063.0,0.0,1.0,439.95000000000005,7523.1449999999995,979.2,0.0,0.0,0.0,8898.300000000001,2.5147106286752434,12.573553143376216,,0.06455892512946446,0.06602743979033676,186.1610159996828,930.8050799984142,37.60106874090787,66.1683252401614,1.7767776932338806,3.08304614420225,5.425377704173056,-2.342331559970806,3.1330751470247793,485.68615479310483,7873.363845206896,64.65406904269776,1023.3459309573022,550.3402238358026,8896.709776164198,8896.709776164198,679.6483619211981,0.3775824232895545,679.6483619211981,2310.8044305320736,10943.401638078803,10943.401638078803,37207.56556946793,11623.050000000001,11623.050000000001,39518.37,0.9685875,8.550016137495827,42.750080687479134,3.696425266762709,6916.591129588519,4152.624461239343,2763.966668349176,6916.591129588519,4152.624461239343,2763.966668349176,485.68615479310483,64.65406904269776,550.3402238358026,1651.3329262965565,219.82383474517238,9887.0,-0.4317361274532365,64.41557647047848
44,44,2025,3SB,3,SB,MD,5,OP,MD,3.4,65,12000,1,6,70,1800,1,6,0.1,0.01,7308.0,903.0,0.0,0.0,0.0,1.0,1.0,1.0,3.66,1.83,0.14492753623188406,0.14492753623188406,30,4.136,0.708,7308.0,903.0,0.0,0.0,0.0,8211.0,10017.0,1.0,1.2,0.6421153846153846,10017.0,0.0,1.0,365.40000000000003,6248.34,812.7,0.0,0.0,0.0,7389.900000000001,0.9032638942035646,4.516319471017823,,0.06963997757356621,0.07007786222433812,177.50089945472456,887.5044972736229,52.731310047851096,68.31255282112767,1.3305642888513816,2.986273994680916,3.8686692937247327,-0.8823952990438166,1.000384624710576,435.1342574720167,6507.465742527984,56.95227862971959,846.0477213702804,492.0865361017363,7353.5134638982645,36767.567319491325,605.9910933611754,0.33666171853398635,3029.955466805877,10301.848587139983,9045.608906638825,45228.04453319412,153775.35141286,9651.6,48258.0,164077.19999999998,0.8043,3.0710972402921195,15.355486201460598,1.3214256052422215,2210.8695459192695,1336.3396172788712,874.5299286403986,11054.347729596348,6681.698086394355,4372.649643201993,2175.6712873600836,284.76139314859796,2460.4326805086816,7397.282377024284,968.188736705233,41055.0,-0.2280875495031656,61.41899635111576
45,45,2025,3SB,3,SB,PM-Shoulder,1,OP,PM,3.4,65,12000,1,6,70,1800,1,6,0.1,0.01,7141.0,883.0,0.0,0.0,0.0,1.0,1.0,1.0,3.66,1.83,0.14492753623188406,0.14492753623188406,30,4.135,0.592,7141.0,883.0,0.0,0.0,0.0,8024.0,9790.0,1.0,1.2,0.6275641025641026,9790.0,0.0,1.0,357.05,6105.555,794.7,0.0,0.0,0.0,7221.6,0.6616875851471938,3.3084379257359693,,0.07260402347726749,0.07294604353702834,147.66539964016226,738.3269982008113,54.18962755896819,68.28328613917616,1.2139411404913294,2.987553932073564,3.7645580748457963,-0.7770041427722325,0.8577522548464331,443.28785856174795,6340.662141438252,57.970220798876426,825.0297792011236,501.2580793606244,7165.691920639375,7165.691920639375,617.1985209583772,0.3428880671990985,617.1985209583772,2098.4749712584826,8815.751479041623,8815.751479041623,29973.555028741517,9432.95,9432.95,32072.03,0.7860791666666668,2.249737789500459,11.248688947502295,0.9677828042789083,1649.370429017688,997.2814470330989,652.0889819845889,1649.370429017688,997.2814470330989,652.0889819845889,443.28785856174795,57.970220798876426,501.2580793606244,1507.178719109943,197.09875071617984,8024.0,-0.20639982896373835,51.09529399313573
46,46,2025,3SB,3,SB,PM-Peak,3,Peak,PM,3.4,65,12000,1,6,70,1800,1,6,0.1,0.01,7293.0,901.0,0.0,0.0,0.0,1.0,1.0,1.0,3.66,1.83,0.14492753623188406,0.14492753623188406,30,4.135,0.592,7293.0,901.0,0.0,0.0,0.0,8194.0,9996.0,1.0,1.2,0.6407692307692308,9996.0,0.0,1.0,364.65000000000003,6235.515,810.9,0.0,0.0,0.0,7374.6,0.7320814045893493,3.660407022946747,,0.07180471415697842,0.07219176350397713,148.12463446461967,740.6231723230984,52.97342152823581,68.13656615248115,1.9733490606719923,2.993987098549601,3.8509877994432404,-0.8570007008936393,0.9761609775449318,447.7393721965513,6480.6106278034495,58.54030102537505,842.459698974625,506.2796732219264,7323.070326778075,21969.210980334225,623.3602752726765,0.3463112640403758,1870.0808258180296,6358.2748077813,9007.989724727324,27023.96917418197,91881.49519221869,9631.35,28894.05,98239.76999999999,0.8026125000000001,2.4890767756037877,12.445383878018939,1.0706789668972,1843.0141914534343,1114.457672857856,728.5565185955783,5529.042574360303,3343.3730185735685,2185.6695557867347,1343.2181165896538,175.62090307612516,1518.839019665779,4566.941596404823,597.1110704588256,24582.0,-0.2225404871491779,51.254198776685
47,47,2025,3SB,3,SB,PM-Late,3,OP,PM,3.4,65,12000,1,6,70,1800,1,6,0.1,0.01,6005.0,742.0,0.0,0.0,0.0,1.0,1.0,1.0,3.66,1.83,0.14492753623188406,0.14492753623188406,30,4.135,0.592,6005.0,742.0,0.0,0.0,0.0,6747.0,8231.0,1.0,1.2,0.5276282051282051,8231.0,0.0,1.0,300.25,5134.275000000001,667.8000000000001,0.0,0.0,0.0,6072.3,0.32052926790141106,1.6026463395070554,,0.08245589778431403,0.08259339049598295,142.06113147828427,710.3056573914214,60.93480031914354,68.99812251322072,0.7774918082805458,2.9566021881379685,3.3478406252512243,-0.3912384371132558,0.28684934890186914,423.351254596559,5281.398745403441,55.15586617321742,686.8441338267826,478.5071207697764,5968.2428792302235,17904.72863769067,588.8188531162112,0.3271215850645618,1766.4565593486336,6005.952301785354,7341.93114688379,22025.793440651367,74887.69769821464,7930.750000000001,23792.25,80893.65,0.6608958333333335,1.0897995108647975,5.448997554323988,0.46831448268800974,761.9121700678113,461.36799018332835,300.5441798844829,2285.7365102034337,1384.103970549985,901.6325396534487,1270.0537637896769,165.46759851965226,1435.521362309329,4318.182796884901,562.5898349668176,20241.0,-0.1168629217777943,49.15610085753781
48,48,2025,4NB,4,NB,Night,8,OP,NT,4.4,65,12000,1,6,70,1800,1,6,0.1,0.01,2650.0,327.0,0.0,0.0,0.0,1.0,1.0,1.0,3.66,1.83,0.14492753623188406,0.14492753623188406,30,4.103,0.708,2650.0,327.0,0.0,0.0,0.0,2977.0,3631.0,1.0,1.2,0.23275641025641025,3631.0,0.0,1.0,132.5,2265.75,294.3,0.0,0.0,0.0,2679.3,0.16367746633035266,0.8183873316517633,,0.14492733581748968,0.14492721044559723,128.02955073903942,640.147753695197,64.9777221971932,69.9143257886002,0.0,3.776050144547718,4.062930971923233,-0.28688082737551523,0.0019077392271366212,328.36911112847724,2189.130888871523,42.652078034139265,284.34792196586073,371.0211891626165,2473.4788108373837,19787.83048669907,456.32534523089504,0.2535140806838306,3650.6027618471603,16062.652152127506,3042.1746547691055,24337.397238152844,107084.54784787253,3498.5000000000005,27988.000000000004,123147.20000000004,0.2915416666666667,0.7201808518535517,3.6009042592677587,0.2389419986025792,390.07119563465324,236.48514617490034,153.5860494597529,3120.569565077226,1891.8811693992027,1228.6883956780232,2626.952889027818,341.2166242731141,2968.169513300932,11558.5927117224,1501.3531468017022,23816.0,-0.07060932842767866,34.23250019760412
49,49,2025,4NB,4,NB,AM-Early,1,OP,AM,4.4,65,12000,1,6,70,1800,1,6,0.1,0.01,5675.0,701.0,0.0,0.0,0.0,1.0,1.0,1.0,3.66,1.83,0.14492753623188406,0.14492753623188406,30,4.155,0.715,5675.0,701.0,0.0,0.0,0.0,6376.0,7778.0,1.0,1.2,0.4985897435897436,7778.0,0.0,1.0,283.75,4852.125,630.9,0.0,0.0,0.0,5738.400000000001,0.3310560778841686,1.655280389420843,,0.08478568018815799,0.08494160568466586,170.02336392692817,850.1168196346408,62.089046214430724,69.20009331650478,0.8798683915151948,3.815023757157765,4.251957730003609,-0.4369339728458437,0.26087439779725047,411.3907184829661,4979.859281517034,53.589659026455685,647.4103409735443,464.9803775094218,5627.2696224905785,5627.2696224905785,572.1596955623331,0.31786649753462953,572.1596955623331,2517.502660474266,6922.090304437666,6922.090304437666,30457.197339525734,7494.25,7494.25,32974.7,0.6245208333333333,1.4566467426903418,7.283233713451709,0.4836748393680453,989.5569613651157,599.250950051252,390.30601131386373,989.5569613651157,599.250950051252,390.30601131386373,411.3907184829661,53.589659026455685,464.9803775094218,1810.119161325051,235.79449971640503,6376.0,-0.102760657699547,45.46079249383106
50,50,2025,4NB,4,NB,AM-Peak,2,Peak,AM,4.4,65,12000,1,6,70,1800,1,6,0.1,0.01,6762.0,836.0,0.0,0.0,0.0,1.0,1.0,1.0,3.66,1.83,0.14492753623188406,0.14492753623188406,30,4.155,0.715,6762.0,836.0,0.0,0.0,0.0,7598.0,9270.0,1.0,1.2,0.5942307692307692,9270.0,0.0,1.0,338.1,5781.51,752.4,0.0,0.0,0.0,6838.2,0.6453458395406128,3.226729197703064,,0.0727410052858044,0.07311118627320601,179.9499884895339,899.7499424476696,56.83471582647496,68.7447446678754,2.316011304476934,3.8402935566268517,4.645048297699459,-0.8047547410726072,0.7994084755405654,420.55284946993106,6003.347150530069,55.0088565519602,780.9911434480398,475.56170602189127,6784.338293978109,13568.676587956217,585.5794191258117,0.3253218995143398,1171.1588382516234,5153.098888307143,8346.320580874188,16692.641161748375,73447.62111169286,8931.9,17863.8,78600.72,0.744325,2.8395216939786962,14.197608469893483,0.943937894066212,1975.1631472356921,1194.1689395344263,780.9942077012657,3950.3262944713842,2388.3378790688525,1561.9884154025315,841.1056989398621,110.0177131039204,951.1234120437825,3700.8650753353936,484.0779376572498,15196.0,-0.17325002658662905,48.11497018436735
51,51,2025,4NB,4,NB,AM-Shoulder,1,OP,AM,4.4,65,12000,1,6,70,1800,1,6,0.1,0.01,6463.0,799.0,0.0,0.0,0.0,1.0,1.0,1.0,3.66,1.83,0.14492753623188406,0.14492753623188406,30,4.155,0.715,6463.0,799.0,0.0,0.0,0.0,7262.0,8860.0,1.0,1.2,0.5679487179487179,8860.0,0.0,1.0,323.15000000000003,5525.865000000001,719.1,0.0,0.0,0.0,6535.8,0.5304938808734461,2.6524694043672303,,0.07519999488678929,0.07548954331102217,177.83698677114802,889.18493385574,58.66195925998722,68.91208429007715,1.332482689474153,3.8309681490509515,4.500361108464919,-0.6693929594139671,0.6011870262892466,415.5450197450879,5724.304980254912,54.284530594956045,744.7154694050439,469.82955034004397,6469.020449659956,6469.020449659956,578.398611529956,0.32133256196108667,578.398611529956,2544.953890731807,7958.451388470044,7958.451388470044,35017.186109268194,8536.85,8536.85,37562.14,0.7114041666666667,2.3341730758431627,11.670865379215815,0.7756688494199667,1603.5014456373538,969.9539968896996,633.5474487476542,1603.5014456373538,969.9539968896996,633.5474487476542,415.5450197450879,54.284530594956045,469.82955034004397,1828.398086878387,238.85193461780662,7262.0,-0.14874205497751675,47.5499964628738
52,52,2025,4NB,4,NB,MD,5,OP,MD,4.4,65,12000,1,6,70,1800,1,6,0.1,0.01,7611.0,941.0,0.0,0.0,0.0,1.0,1.0,1.0,3.66,1.83,0.14492753623188406,0.14492753623188406,30,4.136,0.708,7611.0,941.0,0.0,0.0,0.0,8552.0,10434.0,1.0,1.2,0.6688461538461539,10434.0,0.0,1.0,380.55,6507.405,846.9,0.0,0.0,0.0,7696.8,1.1103778464241938,5.551889232120969,,0.0681523148995816,0.06887901067714543,178.45372106195128,892.2686053097565,50.01946578931293,68.0117951860389,1.8510508241220742,3.881679630391414,5.277945212609723,-1.3962655822183088,1.6664772489676278,443.49471473911177,6786.955285260888,58.33363414247446,882.6663658575255,501.82834888158624,7669.621651118413,38348.108255592066,618.4956171665351,0.3436086762036306,3092.478085832676,13606.903577663774,9434.954382833464,47174.77191416732,207568.99642233623,10053.449999999999,50267.25,221175.9,0.8377874999999999,4.885662524266453,24.428312621332264,1.6266689264125949,3591.757758681907,2166.7655075111193,1424.9922511707875,17958.788793409534,10833.827537555597,7124.9612558539375,2217.473573695559,291.6681707123723,2509.141744407931,9756.88372426046,1283.339951134438,42760.0,-0.26454719137334776,47.71489867966612
53,53,2025,4NB,4,NB,PM-Shoulder,1,OP,PM,4.4,65,12000,1,6,70,1800,1,6,0.1,0.01,6867.0,849.0,0.0,0.0,0.0,1.0,1.0,1.0,3.66,1.83,0.14492753623188406,0.14492753623188406,30,4.135,0.592,6867.0,849.0,0.0,0.0,0.0,7716.0,9414.0,1.0,1.2,0.6034615384615385,9414.0,0.0,1.0,343.35,5871.285,764.1,0.0,0.0,0.0,6944.400000000001,0.5510510006271568,2.755255003135784,,0.07423634475669162,0.07458998914085833,146.63856727243666,733.1928363621831,56.21435790905407,68.51733548616629,1.4505443823699098,3.853039499081248,4.6963090893452915,-0.8432695902640432,0.8696357600953569,435.86273742479216,6087.787262575208,56.994210702529855,792.0057892974702,492.856948127322,6879.793051872678,6879.793051872678,606.8453695323817,0.33713631640687874,606.8453695323817,2670.1196259424796,8463.804630467619,8463.804630467619,37240.740374057525,9070.650000000001,9070.650000000001,39910.86,0.7558875000000002,2.4246244027594903,12.12312201379745,0.805946194511859,1747.7511998405532,1056.8034294137033,690.94777042685,1747.7511998405532,1056.8034294137033,690.94777042685,435.86273742479216,56.994210702529855,492.856948127322,1917.7960446690856,250.77452709113138,7716.0,-0.17956007030653146,39.20817306749643
54,54,2025,4NB,4,NB,PM-Peak,3,Peak,PM,4.4,65,12000,1,6,70,1800,1,6,0.1,0.01,6930.0,857.0,0.0,0.0,0.0,1.0,1.0,1.0,3.66,1.83,0.14492753623188406,0.14492753623188406,30,4.135,0.592,6930.0,857.0,0.0,0.0,0.0,7787.0,9501.0,1.0,1.2,0.6090384615384615,9501.0,0.0,1.0,346.5,5925.150000000001,771.3000000000001,0.0,0.0,0.0,7008.3,0.57474255658771,2.87371278293855,,0.07381271797546361,0.07418511111213844,146.8805713765894,734.4028568829469,55.768071611664965,68.46799731519779,2.311774619660614,3.8558160067783978,4.733891496882587,-0.8780754901041896,0.9211236584214526,437.3514259123183,6146.1485740876815,57.21897620079238,799.7810237992076,494.5704021131107,6945.929597886889,20837.788793660664,609.0083545146954,0.33833797473038635,1827.0250635440862,8038.91027959398,8545.491645485305,25636.474936455914,112800.48972040603,9154.5,27463.5,120839.40000000001,0.762875,2.5288672489859243,12.64433624492962,0.8407203063799713,1829.4996719604,1106.0036972869557,723.4959746734445,5488.4990158812,3318.011091860867,2170.4879240203336,1312.0542777369549,171.65692860237715,1483.711206339332,5773.038822042602,755.2904858504595,23361.0,-0.18548703338097824,39.27288004721641
55,55,2025,4NB,4,NB,PM-Late,3,OP,PM,4.4,65,12000,1,6,70,1800,1,6,0.1,0.01,7003.0,866.0,0.0,0.0,0.0,1.0,1.0,1.0,3.66,1.83,0.14492753623188406,0.14492753623188406,30,4.135,0.592,7003.0,866.0,0.0,0.0,0.0,7869.0,9601.0,1.0,1.2,0.6154487179487179,9601.0,0.0,1.0,350.15000000000003,5987.5650000000005,779.4,0.0,0.0,0.0,7082.1,0.6033627991113385,3.0168139955566926,,0.07334712332800271,0.07374242968863887,147.14586127175755,735.7293063587878,55.23805184363085,68.40839754982173,1.5122917324513034,3.859175327235654,4.779314099406281,-0.9201387721706267,0.9833526238789121,439.17066848943256,6213.679331510568,57.474849699325134,808.5251503006749,496.6455181887577,7022.204481811243,21066.61344543373,611.5952175874079,0.33977512088189327,1834.7856527622237,8073.056872153785,8639.254782412592,25917.764347237775,114038.16312784622,9250.85,27752.55,122111.22,0.7709041666666667,2.6547963160898895,13.27398158044945,0.8826620974886435,1928.8287690884222,1165.9086728404798,762.9200962479424,5786.486307265266,3497.726018521439,2288.760288743827,1317.5120054682977,172.4245490979754,1489.9365545662731,5797.052824060511,758.6680160310917,23607.0,-0.1925252772746057,39.34381317426673
56,56,2025,4SB,4,SB,Night,8,OP,NT,4.4,65,12000,1,6,70,1800,1,6,0.1,0.01,2704.0,334.0,0.0,0.0,0.0,1.0,1.0,1.0,3.66,1.83,0.14492753623188406,0.14492753623188406,30,4.103,0.708,2704.0,334.0,0.0,0.0,0.0,3038.0,3706.0,1.0,1.2,0.23756410256410257,3706.0,0.0,1.0,135.20000000000002,2311.92,300.6,0.0,0.0,0.0,2734.2000000000003,0.16343777455984412,0.8171888727992206,,0.14492699009378124,0.1449270252569233,128.02937504435548,640.1468752217773,64.97481599256041,69.90319165012555,0.0,3.7766515915518406,4.063112699391529,-0.28646110783968837,0.002156705858702092,335.0596069376147,2233.7403930623855,43.56506379223115,290.4349362077688,378.6246707298459,2524.175329270154,20193.402634161233,465.7547983143082,0.2587526657301712,3726.0383865144654,16394.56890066365,3105.045201685692,24840.361613485537,109297.59109933637,3570.8,28566.4,125692.16000000002,0.2975666666666667,0.7191262080633142,3.595631040316571,0.23865925509395597,397.59404025694926,240.95014461223138,156.64389564471787,3180.752322055594,1927.601156897851,1253.151165157743,2680.4768555009177,348.5205103378492,3028.997365838767,11794.098164204039,1533.4902454865367,24304.0,-0.07050287034435135,34.2324532204159
57,57,2025,4SB,4,SB,AM-Early,1,OP,AM,4.4,65,12000,1,6,70,1800,1,6,0.1,0.01,9153.0,1131.0,0.0,0.0,0.0,1.0,1.0,1.0,3.66,1.83,0.14492753623188406,0.14492753623188406,30,4.155,0.715,9153.0,1131.0,0.0,0.0,0.0,10284.0,12546.0,1.0,1.2,0.8042307692307692,12546.0,0.0,1.0,457.65000000000003,7825.8150000000005,1017.9,0.0,0.0,0.0,9255.6,3.141999235430673,15.709996177153364,,0.06328153643214339,0.06575069406764716,185.79030782056748,928.9515391028374,33.72595206957167,65.46236755290087,2.4398904826391763,4.032851390329851,7.827799774352015,-3.794948384022164,5.159777998554569,495.22959703371424,8200.120402966286,66.92763149145804,1064.072368508542,562.1572285251723,9264.192771474827,9264.192771474827,696.0124915080884,0.38667360639338244,696.0124915080884,3062.4549626355893,11392.337508491912,11392.337508491912,50126.28503736442,12088.35,12088.35,53188.740000000005,1.0073625,13.824796635894963,69.1239831794748,4.638282170559244,11472.752940524944,6846.448467067311,4626.304473457634,11472.752940524944,6846.448467067311,4626.304473457634,495.22959703371424,66.92763149145804,562.1572285251723,2179.0102269483427,294.4815785624154,10284.0,-0.4848039670682953,49.67655289319986
58,58,2025,4SB,4,SB,AM-Peak,2,Peak,AM,4.4,65,12000,1,6,70,1800,1,6,0.1,0.01,8331.0,1030.0,0.0,0.0,0.0,1.0,1.0,1.0,3.66,1.83,0.14492753623188406,0.14492753623188406,30,4.155,0.715,8331.0,1030.0,0.0,0.0,0.0,9361.0,11421.0,1.0,1.2,0.7321153846153846,11421.0,0.0,1.0,416.55,7123.005,927.0,0.0,0.0,0.0,8424.9,1.8556019352091266,9.278009676045633,,0.06550946394194593,0.06683544637334483,185.4305109019082,927.152554509541,42.70106742201,67.05705600521439,3.3380865350214357,3.936945874561973,6.182515237638365,-2.245569363076392,2.9057381832568687,466.62423920580056,7447.8257607942,61.956458788090664,968.0435412119093,528.5806979938912,8415.86930200611,16831.73860401222,652.4936155700725,0.36249645309448475,1304.987231140145,5741.943817016639,10351.956384429926,20703.912768859853,91097.21618298336,11004.449999999999,22008.899999999998,96839.16,0.9170375,8.164648514920158,40.82324257460079,2.72560362283953,6339.08644782687,3809.8229016573882,2529.263546169482,12678.17289565374,7619.6458033147765,5058.527092338964,933.2484784116011,123.91291757618133,1057.1613959877825,4106.293305011045,545.2168373351979,18722.0,-0.3632129120209283,49.58035050853161
59,59,2025,4SB,4,SB,AM-Shoulder,1,OP,AM,4.4,65,12000,1,6,70,1800,1,6,0.1,0.01,8123.0,1004.0,0.0,0.0,0.0,1.0,1.0,1.0,3.66,1.83,0.14492753623188406,0.14492753623188406,30,4.155,0.715,8123.0,1004.0,0.0,0.0,0.0,9127.0,11135.0,1.0,1.2,0.7137820512820513,11135.0,0.0,1.0,406.15000000000003,6945.165000000001,903.6,0.0,0.0,0.0,8214.300000000001,1.6161070695130468,8.080535347565235,,0.06614723228764219,0.06727270975108068,185.11866432377545,925.5933216188772,44.91857380254616,67.3767794713727,2.05751333433901,3.9182638599128845,5.877301473561822,-1.9590376136489374,2.487595326472003,459.4034425310025,7257.4465574689975,60.787620531076506,943.2123794689235,520.191063062079,8200.658936937922,8200.658936937922,641.766304124232,0.35653683562457333,641.766304124232,2823.771738146621,10087.083695875768,10087.083695875768,44383.16826185338,10728.85,10728.85,47206.94,0.8940708333333334,7.110871105857407,35.55435552928704,2.3715164585238337,5428.023337566412,3266.7586654251295,2161.264672141282,5428.023337566412,3266.7586654251295,2161.264672141282,459.4034425310025,60.787620531076506,520.191063062079,2021.3751471364112,267.46553033673666,9127.0,-0.33332263496459735,49.496969070528195
60,60,2025,4SB,4,SB,MD,5,OP,MD,4.4,65,12000,1,6,70,1800,1,6,0.1,0.01,6746.0,834.0,0.0,0.0,0.0,1.0,1.0,1.0,3.66,1.83,0.14492753623188406,0.14492753623188406,30,4.136,0.708,6746.0,834.0,0.0,0.0,0.0,7580.0,9248.0,1.0,1.2,0.5928205128205128,9248.0,0.0,1.0,337.3,5767.83,750.6,0.0,0.0,0.0,6822.0,0.6190512933157221,3.0952564665786104,,0.07299861467791595,0.07335481568744116,174.5702957018134,872.8514785090671,56.94590543620813,68.74598891520584,1.4695703940148606,3.840224050389741,4.635978618264973,-0.7957545678752322,0.786983014715321,421.04359969772395,5987.656400302276,55.06012465499334,778.9398753450066,476.1037243527173,6766.596275647283,33832.981378236414,586.223973662704,0.3256799853681689,2931.11986831352,12896.927420579488,8324.476026337295,41622.38013168648,183138.47257942052,8910.699999999999,44553.5,196035.4,0.7425583333333332,2.723825690589177,13.619128452945887,0.9054178108147273,1896.720284026373,1146.849373714806,749.8709103115671,9483.601420131865,5734.24686857403,3749.3545515578353,2105.2179984886197,275.3006232749667,2380.5186217635865,9262.959193349927,1211.3227424098536,37900.0,-0.17164759232065774,46.67654965289128
61,61,2025,4SB,4,SB,PM-Shoulder,1,OP,PM,4.4,65,12000,1,6,70,1800,1,6,0.1,0.01,6591.0,815.0,0.0,0.0,0.0,1.0,1.0,1.0,3.66,1.83,0.14492753623188406,0.14492753623188406,30,4.135,0.592,6591.0,815.0,0.0,0.0,0.0,7406.0,9036.0,1.0,1.2,0.5792307692307692,9036.0,0.0,1.0,329.55,5635.305,733.5,0.0,0.0,0.0,6665.400000000001,0.4600894058059657,2.3004470290298284,,0.07632897895434504,0.07661155047306005,145.4413937561395,727.2069687806975,57.99342452622044,68.70753890257895,1.319300252955416,3.842373110967168,4.552240226487027,-0.7098671155198586,0.6722614179795334,430.1370767463154,5831.312923253684,56.19457227198955,758.8054277280105,486.331649018305,6590.118350981695,6590.118350981695,598.720793562284,0.3326226630901578,598.720793562284,2634.37149167405,8107.729206437715,8107.729206437715,35674.00850832595,8706.449999999999,8706.449999999999,38308.38,0.7255375,2.024393385546249,10.121966927731245,0.6727387566621501,1439.5662550985217,870.7666530434402,568.7996020550814,1439.5662550985217,870.7666530434402,568.7996020550814,430.1370767463154,56.19457227198955,486.331649018305,1892.603137683788,247.25611799675403,7406.0,-0.15593797343767699,38.888073196828735
62,62,2025,4SB,4,SB,PM-Peak,3,Peak,PM,4.4,65,12000,1,6,70,1800,1,6,0.1,0.01,6732.0,832.0,0.0,0.0,0.0,1.0,1.0,1.0,3.66,1.83,0.14492753623188406,0.14492753623188406,30,4.135,0.592,6732.0,832.0,0.0,0.0,0.0,7564.0,9228.0,1.0,1.2,0.5915384615384616,9228.0,0.0,1.0,336.6,5755.86,748.8000000000001,0.0,0.0,0.0,6807.6,0.5039567410686746,2.519783705343373,,0.07521106151819912,0.07552776715262316,146.08066216243157,730.4033108121578,57.12224697034464,68.61562724237776,2.1672725299862794,3.8475200272883425,4.621666933673971,-0.7741469063856288,0.7673760068256483,432.90434055014157,5962.495659449858,56.555192043884226,775.4448079561158,489.4595325940258,6737.940467405974,20213.821402217924,602.5699166817942,0.334761064823219,1807.7097500453826,7953.922900199685,8288.830083318206,24866.490249954615,109412.55709980031,8891.4,26674.199999999997,117366.48,0.74095,2.2174096607021685,11.087048303510842,0.736877898998917,1586.956412900662,959.9262668957854,627.0301460048765,4760.8692387019855,2879.778800687356,1881.0904380146296,1298.7130216504247,169.66557613165267,1468.3785977820773,5714.337295261869,746.5285349792719,22692.0,-0.1675038287041218,39.059000578190265
63,63,2025,4SB,4,SB,PM-Late,3,OP,PM,4.4,65,12000,1,6,70,1800,1,6,0.1,0.01,5543.0,685.0,0.0,0.0,0.0,1.0,1.0,1.0,3.66,1.83,0.14492753623188406,0.14492753623188406,30,4.135,0.592,5543.0,685.0,0.0,0.0,0.0,6228.0,7598.0,1.0,1.2,0.48705128205128206,7598.0,0.0,1.0,277.15000000000003,4739.265,616.5,0.0,0.0,0.0,5605.2,0.24975779619994382,1.248788980999719,,0.08928516520816053,0.0894119181902436,138.459658706296,692.29829353148,62.51671848326022,69.14450596204786,0.726526391123085,3.8180907698567506,4.2228704001904696,-0.404779630333719,0.22102475595324989,423.1460584902529,4842.703941509748,55.12244756428518,629.8775524357148,478.2685060545381,5472.581493945463,16417.744481836387,588.5134011831085,0.3269518895461714,1765.5402035493255,7768.3768956170325,6732.336598816893,20197.00979645068,88866.84310438299,7320.850000000001,21962.550000000003,96635.22000000003,0.6100708333333335,1.098934303279753,5.494671516398764,0.3649003226303412,767.8894615182219,465.0097189725597,302.8797425456622,2303.668384554666,1395.029156917679,908.6392276369867,1269.4381754707588,165.36734269285554,1434.8055181636144,5585.527972071339,727.6163078485645,18684.0,-0.09585414468686079,37.02129911933048
64,64,2025,5NB,5,NB,Night,8,OP,NT,3.0,65,8000,1,6,70,1800,1,6,0.1,0.01,1487.0,184.0,0.0,0.0,0.0,1.0,1.0,1.0,3.66,1.83,0.20408163265306123,0.20408163265306123,30,4.103,0.708,1487.0,184.0,0.0,0.0,0.0,1671.0,2039.0,1.0,1.2,0.1757758620689655,2039.0,0.0,1.0,74.35000000000001,1271.3850000000002,165.6,0.0,0.0,0.0,1503.9,0.14033150450736495,0.7016575225368248,,0.2040808889442412,0.20408083303531008,108.69904462727845,543.4952231363923,64.99446246039781,69.9860193944999,0.0,2.57194224728469,2.7694667081780535,-0.1975244608933635,0.0003232363577792882,259.4653809903742,1153.184619009626,33.79578595064735,150.20421404935266,293.26116694102154,1303.3888330589787,10427.11066447183,360.8527388423162,0.2004737438012868,2886.82191073853,8660.465732215589,1603.7972611576838,12830.37808926147,38491.13426778441,1964.65,15717.2,47151.6,0.24558125,0.4209945135220948,2.1049725676104742,0.20501942125997075,180.3727041728157,109.23350184586756,71.13920232694814,1442.9816333825256,873.8680147669405,569.1136186155851,2075.7230479229934,270.3662876051788,2346.0893355281723,6227.169143768981,811.0988628155364,13368.0,-0.07132220088080017,42.62707632442292
65,65,2025,5NB,5,NB,AM-Early,1,OP,AM,3.0,65,8000,1,6,70,1800,1,6,0.1,0.01,4065.0,502.0,0.0,0.0,0.0,1.0,1.0,1.0,3.66,1.83,0.20408163265306123,0.20408163265306123,30,4.155,0.715,4065.0,502.0,0.0,0.0,0.0,4567.0,5571.0,1.0,1.2,0.4802586206896552,5571.0,0.0,1.0,203.25,3475.5750000000003,451.8,0.0,0.0,0.0,4110.3,0.3288918326157322,1.644459163078661,,0.12100600351217232,0.12107676661389295,147.10083888420667,735.5041944210334,61.399917461639575,69.510986637022,0.8906685589240566,2.589518703567514,2.931600032075897,-0.342081328508383,0.22244589009782512,420.56544065681834,3441.1845593431817,54.70248315615684,447.29751684384314,475.2679238129752,3888.482076187025,3888.482076187025,584.6728901252889,0.32481827229182714,584.6728901252889,1754.0186703758666,4783.077109874711,4783.077109874711,14349.231329624134,5367.75,5367.75,16103.25,0.67096875,0.9866754978471965,4.9333774892359825,0.48031126601254137,684.8296145452864,414.9616155373918,269.86799900789464,684.8296145452864,414.9616155373918,269.86799900789464,420.56544065681834,54.70248315615684,475.2679238129752,1261.696321970455,164.10744946847052,4567.0,-0.11668758519768183,57.68660348400261
66,66,2025,5NB,5,NB,AM-Peak,2,Peak,AM,3.0,65,8000,1,6,70,1800,1,6,0.1,0.01,4453.0,550.0,0.0,0.0,0.0,1.0,1.0,1.0,3.66,1.83,0.20408163265306123,0.20408163265306123,30,4.155,0.715,4453.0,550.0,0.0,0.0,0.0,5003.0,6103.0,1.0,1.2,0.5261206896551724,6103.0,0.0,1.0,222.65,3807.3150000000005,495.0,0.0,0.0,0.0,4502.7,0.478027131576642,2.39013565788321,,0.10969219355771123,0.10980721075453452,153.30374110076426,766.5187055038214,58.65427292997119,69.45113998265693,1.8298827445419383,2.591750114468228,3.06883012964642,-0.477080015178192,0.4104511237694415,417.63273391517737,3812.7172660848223,54.35456932349459,495.6454306765054,471.987303238672,4308.362696761327,8616.725393522654,580.6964418856611,0.3226091343809228,1161.3928837713222,3484.178651313967,5299.653558114338,10599.307116228676,31797.921348686028,5880.349999999999,11760.699999999999,35282.09999999999,0.7350437499999999,1.434081394729926,7.17040697364963,0.6982276215771531,988.6637164648575,598.9193335379497,389.74438292690786,1977.327432929715,1197.8386670758994,779.4887658538157,835.2654678303547,108.70913864698917,943.974606477344,2505.796403491064,326.1274159409675,10006.0,-0.1554598967760915,60.11911415716246
67,67,2025,5NB,5,NB,AM-Shoulder,1,OP,AM,3.0,65,8000,1,6,70,1800,1,6,0.1,0.01,4266.0,527.0,0.0,0.0,0.0,1.0,1.0,1.0,3.66,1.83,0.20408163265306123,0.20408163265306123,30,4.155,0.715,4266.0,527.0,0.0,0.0,0.0,4793.0,5847.0,1.0,1.2,0.5040517241379311,5847.0,0.0,1.0,213.3,3647.43,474.3,0.0,0.0,0.0,4313.7,0.39744001361803777,1.987200068090189,,0.11461622844687724,0.1147070099853919,150.52400475578904,752.6200237789452,60.111573755950275,69.48588682177638,1.040580502868122,2.590454094105183,2.994431666866521,-0.40397757276133817,0.30852522976097974,418.05467012399345,3634.645329876006,54.40553483607138,472.5944651639286,472.46020496006486,4107.2397950399345,4107.2397950399345,581.2712746322076,0.32292848590678197,581.2712746322076,1743.8138238966226,5052.428725367792,5052.428725367792,15157.286176103376,5633.7,5633.7,16901.1,0.7042125,1.1923200408541133,5.9616002042705665,0.5805067462582824,822.7990089536652,498.4549613614927,324.34404759217256,822.7990089536652,498.4549613614927,324.34404759217256,418.05467012399345,54.40553483607138,472.46020496006486,1254.1640103719803,163.21660450821415,4793.0,-0.13490959811551637,59.029021472858446
68,68,2025,5NB,5,NB,MD,5,OP,MD,3.0,65,8000,1,6,70,1800,1,6,0.1,0.01,4708.0,582.0,0.0,0.0,0.0,1.0,1.0,1.0,3.66,1.83,0.20408163265306123,0.20408163265306123,30,4.136,0.708,4708.0,582.0,0.0,0.0,0.0,5290.0,6454.0,1.0,1.2,0.5563793103448276,6454.0,0.0,1.0,235.4,4025.3400000000006,523.8000000000001,0.0,0.0,0.0,4761.0,0.6021306050409149,3.0106530252045745,,0.10461762132258393,0.1047732107467518,152.0211483782743,760.1057418913716,56.23917016303544,69.37462707918982,1.3311770773384868,2.594608541744425,3.2006162160321026,-0.6060076742876777,0.5909980621178261,421.12149581465,4051.4785041853497,54.8802077891486,527.1197922108514,476.0017036037986,4578.5982963962015,22892.991481981007,585.7621191820958,0.3254233995456088,2928.810595910479,8786.431787731437,5632.837880817904,28164.18940408952,84492.56821226855,6218.6,31093.0,93278.99999999999,0.777325,1.8063918151227445,9.031959075613724,0.879819129856417,1256.3862140245985,760.7104232118309,495.6757908127677,6281.931070122992,3803.5521160591543,2478.378954063838,2105.60747907325,274.401038945743,2380.008518018993,6316.82243721975,823.2031168372289,26450.0,-0.18934093730205587,59.61613661893111
69,69,2025,5NB,5,NB,PM-Shoulder,1,OP,PM,3.0,65,8000,1,6,70,1800,1,6,0.1,0.01,5570.0,688.0,0.0,0.0,0.0,1.0,1.0,1.0,3.66,1.83,0.20408163265306123,0.20408163265306123,30,4.135,0.592,5570.0,688.0,0.0,0.0,0.0,6258.0,7634.0,1.0,1.2,0.6581034482758621,7634.0,0.0,1.0,278.5,4762.35,619.2,0.0,0.0,0.0,5632.2,1.1929747075834367,5.9648735379171836,,0.09903963815469846,0.09944870027077875,133.57415879072823,667.8707939536412,45.13111310621148,68.65226853227962,1.6935020671291792,2.6219089892909477,3.9883793598528876,-1.3664703705619399,1.6702335691523023,471.66142076602824,4819.838579233971,61.5786352076662,626.4213647923337,533.2400559736944,5446.259944026305,5446.259944026305,656.3973263890268,0.36466518132723713,656.3973263890268,1969.1919791670805,6699.1026736109725,6699.1026736109725,20097.30802083292,7355.499999999999,7355.499999999999,22066.5,0.9194374999999999,3.57892412275031,17.89462061375155,1.7440342426448965,2789.966751504013,1688.0404365502225,1101.9263149537906,2789.966751504013,1688.0404365502225,1101.9263149537906,471.66142076602824,61.5786352076662,533.2400559736944,1414.9842622980848,184.73590562299862,6258.0,-0.342612938056209,52.38202305518754
70,70,2025,5NB,5,NB,PM-Peak,3,Peak,PM,3.0,65,8000,1,6,70,1800,1,6,0.1,0.01,5539.0,685.0,0.0,0.0,0.0,1.0,1.0,1.0,3.66,1.83,0.20408163265306123,0.20408163265306123,30,4.135,0.592,5539.0,685.0,0.0,0.0,0.0,6224.0,7594.0,1.0,1.2,0.6546551724137931,7594.0,0.0,1.0,276.95,4735.845,616.5,0.0,0.0,0.0,5601.6,1.1588612326055112,5.7943061630275565,,0.0992628222040634,0.09965761142389895,133.48381679487383,667.4190839743693,45.580375843291186,68.68200523203004,2.6251984859452406,2.6207738022776383,3.949067919467223,-1.3282941171895848,1.6163768958239417,470.0933402210027,4791.956659778997,61.438917442833706,623.5610825571663,531.5322576638364,5415.517742336164,16246.553227008491,654.4100925495038,0.36356116252750215,1963.2302776485114,5889.690832945535,6662.639907450496,19987.91972235149,59963.759167054464,7317.05,21951.15,65853.45,0.91463125,3.4765836978165336,17.38291848908267,1.694664496254506,2702.3065370307168,1634.3188430644593,1067.9876939662577,8106.91961109215,4902.956529193378,3203.963081898773,1410.2800206630081,184.3167523285011,1594.5967729915092,4230.840061989024,552.9502569855033,18672.0,-0.3363563616218552,52.346594821519155
71,71,2025,5NB,5,NB,PM-Late,3,OP,PM,3.0,65,8000,1,6,70,1800,1,6,0.1,0.01,3830.0,473.0,0.0,0.0,0.0,1.0,1.0,1.0,3.66,1.83,0.20408163265306123,0.20408163265306123,30,4.135,0.592,3830.0,473.0,0.0,0.0,0.0,4303.0,5249.0,1.0,1.2,0.4525,5249.0,0.0,1.0,191.5,3274.65,425.7,0.0,0.0,0.0,3872.7000000000003,0.22110724417961336,1.1055362208980668,,0.13495505634840158,0.13500475875004048,120.05061224776223,600.2530612388111,62.63211011300487,69.44089948230761,0.6318725012748317,2.592132321757454,2.873925206658892,-0.28179288490143817,0.14343137927652813,441.9305752712932,3196.569424728707,57.47152579989223,415.5284742001078,499.4021010711854,3612.0978989288146,10836.293696786444,614.3451526709699,0.34130286259498327,1843.0354580129097,5529.106374038729,4443.15484732903,13329.46454198709,39988.39362596127,5057.5,15172.5,45517.5,0.6321875,0.6633217325388401,3.3166086626942004,0.32288791879956574,483.7527151770163,293.1421548508405,190.6105603261758,1451.2581455310487,879.4264645525215,571.8316809785274,1325.7917258138796,172.4145773996767,1498.2063032135563,3977.3751774416387,517.2437321990301,12909.0,-0.09805157220115657,47.07867146971068
72,72,2025,5SB,5,SB,Night,8,OP,NT,3.0,65,8000,1,6,70,1800,1,6,0.1,0.01,1525.0,188.0,0.0,0.0,0.0,1.0,1.0,1.0,3.66,1.83,0.20408163265306123,0.20408163265306123,30,4.103,0.708,1525.0,188.0,0.0,0.0,0.0,1713.0,2089.0,1.0,1.2,0.18008620689655172,2089.0,0.0,1.0,76.25,1303.875,169.20000000000002,0.0,0.0,0.0,1541.7,0.14030126637928178,0.7015063318964089,,0.20407817023183472,0.2040776362750048,108.69977783191763,543.4988891595881,64.99359576071338,69.98382010114318,0.0,2.5720230724738578,2.7695036394463415,-0.19748056697248373,0.0003738321953337055,266.0924242110335,1182.6575757889664,34.529936057730815,153.47006394226918,300.62236026876434,1336.1276397312356,10689.021117849885,369.6822323842259,0.20537901799123662,2957.4578590738074,8872.373577221422,1643.0677676157738,13144.54214092619,39433.62642277857,2012.7499999999998,16101.999999999998,48305.99999999999,0.25159374999999995,0.42090379913784537,2.1045189956892267,0.20476212354990692,184.66821862565206,111.9993122722232,72.66890635342887,1477.3457490052165,895.9944981777855,581.3512508274309,2128.739393688268,276.2394884618465,2404.9788821501147,6386.218181064804,828.7184653855395,13704.0,-0.07130540078003385,42.627363855653975
73,73,2025,5SB,5,SB,AM-Early,1,OP,AM,3.0,65,8000,1,6,70,1800,1,6,0.1,0.01,4818.0,595.0,0.0,0.0,0.0,1.0,1.0,1.0,3.66,1.83,0.20408163265306123,0.20408163265306123,30,4.155,0.715,4818.0,595.0,0.0,0.0,0.0,5413.0,6603.0,1.0,1.2,0.5692241379310344,6603.0,0.0,1.0,240.9,4119.39,535.5,0.0,0.0,0.0,4871.7,0.6947549185499569,3.473774592749784,,0.10244185534547288,0.10262512000880557,157.6294265547617,788.1471327738084,55.0441839562359,69.34413011445285,1.402306981366603,2.595749628741597,3.2701002551534417,-0.6743506264118446,0.6861911957140612,421.99795449158756,4155.102045508413,54.95575176471538,540.0442482352846,476.95370625630295,4695.146293743697,4695.146293743697,586.8652097857337,0.3260362276587409,586.8652097857337,1760.595629357201,5775.2347902142665,5775.2347902142665,17325.7043706428,6362.1,6362.1,19086.300000000003,0.7952625000000001,2.084264755649871,10.421323778249352,1.0149602411237926,1452.2671461203513,879.5554635031541,572.7116826171972,1452.2671461203513,879.5554635031541,572.7116826171972,421.99795449158756,54.95575176471538,476.95370625630295,1265.9938634747627,164.86725529414613,5413.0,-0.2062171107289805,61.81546139402419
74,74,2025,5SB,5,SB,AM-Peak,2,Peak,AM,3.0,65,8000,1,6,70,1800,1,6,0.1,0.01,3481.0,430.0,0.0,0.0,0.0,1.0,1.0,1.0,3.66,1.83,0.20408163265306123,0.20408163265306123,30,4.155,0.715,3481.0,430.0,0.0,0.0,0.0,3911.0,4771.0,1.0,1.2,0.41129310344827585,4771.0,0.0,1.0,174.05,2976.255,387.0,0.0,0.0,0.0,3519.9,0.20820394508077203,1.0410197254038602,,0.14665611404174633,0.14669269001498733,135.12426789794168,675.6213394897084,63.73231421671295,69.53658365721554,0.6504151995384189,2.5885654792493114,2.824312944104537,-0.2357474648552258,0.07546257957706143,436.4859926973177,2870.464007302682,56.7700710358001,373.22992896419987,493.2560637331178,3243.693936266882,6487.387872533764,606.796205804718,0.3371090032248434,1213.592411609436,3640.7772348283083,3990.153794195282,7980.307588390564,23940.922765171694,4596.95,9193.9,27581.7,0.57461875,0.6246118352423161,3.123059176211581,0.30405479109137046,449.9306082387746,272.6343169562358,177.2962912825388,899.8612164775492,545.2686339124716,354.5925825650776,872.9719853946355,113.5401420716002,986.5121274662356,2618.9159561839065,340.6204262148006,7822.0,-0.08347073058859301,52.989908979584975
75,75,2025,5SB,5,SB,AM-Shoulder,1,OP,AM,3.0,65,8000,1,6,70,1800,1,6,0.1,0.01,3793.0,469.0,0.0,0.0,0.0,1.0,1.0,1.0,3.66,1.83,0.20408163265306123,0.20408163265306123,30,4.155,0.715,3793.0,469.0,0.0,0.0,0.0,4262.0,5200.0,1.0,1.2,0.4482758620689655,5200.0,0.0,1.0,189.65,3243.015,422.1,0.0,0.0,0.0,3835.8,0.2608888670052141,1.3044443350260704,,0.13154533823254,0.13159667308737322,141.86637832017126,709.3318916008564,62.713393518388195,69.52929175885981,0.6763350508174448,2.588836955570792,2.8702002858005473,-0.28136333022975535,0.13832823770059643,426.60350506820066,3176.746494931799,55.546955710180235,413.4530442898198,482.1504607783809,3590.199539221619,3590.199539221619,593.2443721987413,0.3295802067770785,593.2443721987413,1779.733116596224,4417.105627801258,4417.105627801258,13251.316883403775,5010.349999999999,5010.349999999999,15031.05,0.62629375,0.7826666010156422,3.9133330050782114,0.38111343190491453,551.2620504053539,333.88831529308794,217.37373511226593,551.2620504053539,333.88831529308794,217.37373511226593,426.60350506820066,55.546955710180235,482.1504607783809,1279.8105152046019,166.6408671305407,4262.0,-0.09802916250190476,55.63387385104756
76,76,2025,5SB,5,SB,MD,5,OP,MD,3.0,65,8000,1,6,70,1800,1,6,0.1,0.01,4637.0,573.0,0.0,0.0,0.0,1.0,1.0,1.0,3.66,1.83,0.20408163265306123,0.20408163265306123,30,4.136,0.708,4637.0,573.0,0.0,0.0,0.0,5210.0,6356.0,1.0,1.2,0.5479310344827586,6356.0,0.0,1.0,231.85000000000002,3964.6349999999998,515.7,0.0,0.0,0.0,4689.0,0.5594430622519246,2.797215311259623,,0.10597370504235452,0.10611576854442205,151.23657908288092,756.1828954144045,56.96668089770082,69.39690614749925,1.2865586990214761,2.593775572896867,3.1597417501510927,-0.5659661772542255,0.535000043860843,420.1470600905952,3985.002939909405,54.72390183835846,518.2760981616416,474.87096192895365,4503.279038071047,22516.395190355233,584.3187656056705,0.3246215364475947,2921.5938280283526,8764.781484085059,5539.83123439433,27699.15617197165,83097.46851591495,6124.150000000001,30620.75,91862.25000000001,0.76551875,1.678329186755774,8.391645933778868,0.8173228626799435,1164.3686820220526,705.1450736796779,459.2236083423747,5821.843410110263,3525.7253683983895,2296.1180417118735,2100.735300452976,273.6195091917923,2374.3548096447685,6302.205901358928,820.8585275753769,26050.0,-0.17911785899185023,59.3084623854435
77,77,2025,5SB,5,SB,PM-Shoulder,1,OP,PM,3.0,65,8000,1,6,70,1800,1,6,0.1,0.01,4858.0,600.0,0.0,0.0,0.0,1.0,1.0,1.0,3.66,1.83,0.20408163265306123,0.20408163265306123,30,4.135,0.592,4858.0,600.0,0.0,0.0,0.0,5458.0,6658.0,1.0,1.2,0.5739655172413793,6658.0,0.0,1.0,242.9,4153.59,540.0,0.0,0.0,0.0,4912.2,0.580241143672003,2.901205718360015,,0.106764253480235,0.1069360604305994,130.38561092931053,651.9280546465527,54.83111570617804,69.17947006411057,1.3325415785322348,2.601927997326214,3.2828075387807343,-0.6808795414545203,0.7036001742834521,443.4549356129693,4171.645064387031,57.74547263252368,542.2545273674763,501.20040824549295,4713.899591754507,4713.899591754507,616.6913535105404,0.34260630750585574,616.6913535105404,1850.074060531621,5798.40864648946,5798.40864648946,17395.22593946838,6415.1,6415.1,19245.3,0.8018875000000001,1.740723431016009,8.703617155080046,0.8476495378468472,1274.5268832538295,771.9323970211912,502.5944862326384,1274.5268832538295,771.9323970211912,502.5944862326384,443.4549356129693,57.74547263252368,501.20040824549295,1330.364806838908,173.23641789757104,5458.0,-0.20740769399701253,51.13161212914139
78,78,2025,5SB,5,SB,PM-Peak,3,Peak,PM,3.0,65,8000,1,6,70,1800,1,6,0.1,0.01,4919.0,608.0,0.0,0.0,0.0,1.0,1.0,1.0,3.66,1.83,0.20408163265306123,0.20408163265306123,30,4.135,0.592,4919.0,608.0,0.0,0.0,0.0,5527.0,6743.0,1.0,1.2,0.5812931034482759,6743.0,0.0,1.0,245.95000000000002,4205.745,547.2,0.0,0.0,0.0,4974.3,0.6181494334030436,3.090747167015218,,0.10583496215040106,0.10602044351931232,130.7669019302244,653.8345096511221,54.113055946742826,69.14775377885296,2.1364850910878603,2.6031214343660767,3.326369151599071,-0.7232477172329945,0.7632795838445736,445.1148628892385,4227.935137110761,58.014386693767705,549.9856133062323,503.1292495830062,4777.9207504169935,14333.76225125098,619.1580229705417,0.3439766794280787,1857.474068911625,5572.422206734875,5877.891977029458,17633.67593108837,52901.027793265115,6497.049999999999,19491.149999999998,58473.44999999999,0.8121312499999999,1.854448300209131,9.272241501045654,0.9032575665016433,1363.3659048424324,825.4425008827687,537.9234039596637,4090.0977145272973,2476.327502648306,1613.7702118789912,1335.3445886677155,174.0431600813031,1509.3877487490186,4006.0337660031464,522.1294802439094,16581.0,-0.21742857881101704,51.28113801185271
79,79,2025,5SB,5,SB,PM-Late,3,OP,PM,3.0,65,8000,1,6,70,1800,1,6,0.1,0.01,3555.0,439.0,0.0,0.0,0.0,1.0,1.0,1.0,3.66,1.83,0.20408163265306123,0.20408163265306123,30,4.135,0.592,3555.0,439.0,0.0,0.0,0.0,3994.0,4872.0,1.0,1.2,0.42,4872.0,0.0,1.0,177.75,3039.525,395.1,0.0,0.0,0.0,3594.6,0.181821887394308,0.90910943697154,,0.14778329938066226,0.14782060354504872,116.05545506394935,580.2772753197469,63.575668843478034,69.45597707744633,0.40948420485561754,2.591569618253191,2.83127182575391,-0.2397022075007187,0.08499624743670213,449.1910330500075,2928.0589669499923,58.403920460648756,380.59607953935125,507.59495351065624,3308.6550464893435,9925.96513946803,624.4027944319538,0.34689044135108543,1873.2083832958615,5619.6251498875845,4069.847205568046,12209.541616704137,36628.62485011241,4694.25,14082.749999999998,42248.24999999999,0.58678125,0.5454656621829239,2.7273283109146202,0.26550365748234944,404.304950029987,245.01828428925398,159.286665740733,1212.914850089961,735.054852867762,477.859997222199,1347.5730991500225,175.21176138194627,1522.7848605319687,4042.7192974500676,525.6352841458388,11982.0,-0.08466237869509081,45.51194316233308
80,80,2025,6NB,6,NB,Night,8,OP,NT,4.4,65,8000,1,6,70,1800,1,6,0.1,0.01,1452.0,179.0,0.0,0.0,0.0,1.0,1.0,1.0,3.66,1.83,0.2448979591836735,0.2448979591836735,30,4.103,0.708,1452.0,179.0,0.0,0.0,0.0,1631.0,1989.0,1.0,1.2,0.17146551724137932,1989.0,0.0,1.0,72.60000000000001,1034.5500000000002,134.25,0.0,0.0,0.0,1223.25,0.1274296766395494,0.637148383197747,,0.2448960424798645,0.24489713209018393,98.68642216100221,493.432110805011,64.99522855073174,69.9879439835547,0.0,3.7720782319599637,4.061836628421669,-0.2897583964617052,0.00040848862999407913,253.35720074754386,1126.0427992524562,32.877439983107195,146.1225600168928,286.23464073065105,1272.165359269349,10177.322874154792,351.98952069686544,0.1955497337204808,2815.9161655749235,12390.031128529665,1564.4104793031347,12515.283834425078,55067.24887147034,1916.4,15331.2,67457.28000000001,0.23955,0.5606905772140174,2.803452886070087,0.18597690956829827,234.22534913570598,142.05499512846805,92.17035400723795,1873.8027930856479,1136.4399610277444,737.3628320579036,2026.8576059803509,263.01951986485756,2289.8771258452084,8918.173466313545,1157.2858874053734,13048.0,-0.07133679243379572,26.386743893316094
81,81,2025,6NB,6,NB,AM-Early,1,OP,AM,4.4,65,8000,1,6,70,1800,1,6,0.1,0.01,3969.0,491.0,0.0,0.0,0.0,1.0,1.0,1.0,3.66,1.83,0.2448979591836735,0.2448979591836735,30,4.155,0.715,3969.0,491.0,0.0,0.0,0.0,4460.0,5442.0,1.0,1.2,0.46913793103448276,5442.0,0.0,1.0,198.45000000000002,2827.9125000000004,368.25,0.0,0.0,0.0,3345.0,0.2830182647026329,1.4150913235131646,,0.1470988122632837,0.14716796922586126,134.91597313404003,674.5798656702001,61.87648451478737,69.54996844697918,1.2408241694051954,3.795832059956406,4.266564302581035,-0.47073224262462876,0.280885402228326,415.9825699344933,3354.567430065507,54.194604667423405,436.8053953325766,470.1771746019167,3791.3728253980835,3791.3728253980835,578.5663839367635,0.3214257688537575,578.5663839367635,2545.6920893217593,4664.983616063237,4664.983616063237,20525.92791067824,5243.55,5243.55,23071.620000000003,0.65544375,1.2452803646915849,6.226401823457925,0.4135057813049062,855.452311716195,518.0149263933686,337.43738532282646,855.452311716195,518.0149263933686,337.43738532282646,415.9825699344933,54.194604667423405,470.1771746019167,1830.3233077117707,238.456260536663,4460.0,-0.11033051636884082,36.07378960803209
82,82,2025,6NB,6,NB,AM-Peak,2,Peak,AM,4.4,65,8000,1,6,70,1800,1,6,0.1,0.01,4348.0,537.0,0.0,0.0,0.0,1.0,1.0,1.0,3.66,1.83,0.2448979591836735,0.2448979591836735,30,4.155,0.715,4348.0,537.0,0.0,0.0,0.0,4885.0,5959.0,1.0,1.2,0.5137068965517242,5959.0,0.0,1.0,217.4,3097.9500000000003,402.75,0.0,0.0,0.0,3663.75,0.4041864792172645,2.0209323960863226,,0.13273789393390695,0.13284911471887523,141.25619560234904,706.2809780117452,59.45547625972227,69.50650501857244,2.585032882787395,3.7982056489454914,4.440297456314299,-0.642091807368808,0.518899822842898,411.2153585125471,3719.384641487453,53.504980953027,483.49501904697297,464.72033946557406,4202.879660534426,8405.759321068852,571.7303013716281,0.31762794520646004,1143.4606027432562,5031.226652070328,5169.869698628372,10339.739397256744,45494.85334792968,5741.6,11483.2,50526.08000000001,0.7177,1.7784205085559641,8.89210254277982,0.5903284492189267,1207.0856041957043,731.313827011907,475.77177718379727,2414.1712083914085,1462.627654023814,951.5435543675945,822.4307170250942,107.009961906054,929.4406789311481,3618.6951549104147,470.84383238663764,9770.0,-0.14460558412719063,37.76903625731258
83,83,2025,6NB,6,NB,AM-Shoulder,1,OP,AM,4.4,65,8000,1,6,70,1800,1,6,0.1,0.01,4165.0,515.0,0.0,0.0,0.0,1.0,1.0,1.0,3.66,1.83,0.2448979591836735,0.2448979591836735,30,4.155,0.715,4165.0,515.0,0.0,0.0,0.0,4680.0,5710.0,1.0,1.2,0.49224137931034484,5710.0,0.0,1.0,208.25,2967.5625,386.25,0.0,0.0,0.0,3510.0,0.3386741944300102,1.693370972150051,,0.13904063807327322,0.13912881997455412,138.38651482118152,691.9325741059077,60.74583535759159,69.53221196385732,1.4610407406492294,3.7968014038907114,4.345976945512646,-0.5491755416219348,0.38968072304463264,412.61178352231786,3544.1382164776824,53.73850671517153,461.2614932848285,466.3502902374894,4005.3997097625106,4005.3997097625106,573.8273036678324,0.31879294648212914,573.8273036678324,2524.840136138463,4927.922696332168,4927.922696332168,21682.85986386154,5501.75,5501.75,24207.700000000004,0.68771875,1.4901664554920449,7.450832277460225,0.4947787008718449,1015.2568393216164,614.8602389457034,400.39660037591307,1015.2568393216164,614.8602389457034,400.39660037591307,412.61178352231786,53.73850671517153,466.3502902374894,1815.4918474981987,236.44942954675477,4680.0,-0.12636411755220545,37.0017419307972
84,84,2025,6NB,6,NB,MD,5,OP,MD,4.4,65,8000,1,6,70,1800,1,6,0.1,0.01,4597.0,568.0,0.0,0.0,0.0,1.0,1.0,1.0,3.66,1.83,0.2448979591836735,0.2448979591836735,30,4.136,0.708,4597.0,568.0,0.0,0.0,0.0,5165.0,6301.0,1.0,1.2,0.5431896551724138,6301.0,0.0,1.0,229.85000000000002,3275.3624999999997,426.0,0.0,0.0,0.0,3873.75,0.5050864614961897,2.5254323074809486,,0.126156445859054,0.12630626704223843,140.56130306697068,702.8065153348534,57.293721772048464,69.44652386744099,1.8928069054575694,3.8014861694722293,4.607834712682186,-0.8063485432099564,0.7484258640669016,413.20809190002575,3953.9419080999746,53.806469759993576,514.1935302400065,467.01456166001935,4468.135438339981,22340.677191699906,574.6275011800064,0.3192375006555591,2873.137505900032,12641.805025960142,5496.522498819993,27482.612494099965,120923.49497403986,6071.15,30355.749999999996,133565.3,0.7588937499999999,2.222380430583235,11.111902152916175,0.7378579564155395,1516.197804364148,918.3055771972562,597.8922271668916,7580.98902182074,4591.527885986281,2989.461135834458,2066.0404595001287,269.03234879996785,2335.0728083000968,9090.578021800568,1183.7423347198587,25825.0,-0.1749951101741206,37.58323611416328
85,85,2025,6NB,6,NB,PM-Shoulder,1,OP,PM,4.4,65,8000,1,6,70,1800,1,6,0.1,0.01,5439.0,672.0,0.0,0.0,0.0,1.0,1.0,1.0,3.66,1.83,0.2448979591836735,0.2448979591836735,30,4.135,0.592,5439.0,672.0,0.0,0.0,0.0,6111.0,7455.0,1.0,1.2,0.6426724137931035,7455.0,0.0,1.0,271.95,3875.2875000000004,504.0,0.0,0.0,0.0,4583.25,0.9951010393715926,4.975505196857963,,0.11866559695149825,0.11906203740670968,125.539627465438,627.6981373271901,47.02622541069027,68.83672335577921,2.431012696429672,3.835162208920506,5.61388879703677,-1.778726588116264,2.1267199596326827,459.86330454617934,4707.186695453821,60.00726685298168,611.9927331470183,519.870571399161,5319.179428600839,5319.179428600839,639.8851051051244,0.35549172505840243,639.8851051051244,2815.4944624625473,6543.164894894876,6543.164894894876,28789.925537537456,7183.05,7183.05,31605.420000000002,0.8978812500000001,4.378444573235008,21.89222286617504,1.4545484241661606,3327.17844975565,2013.4859902201367,1313.692459535513,3327.17844975565,2013.4859902201367,1313.692459535513,459.86330454617934,60.00726685298168,519.870571399161,2023.3985400031893,264.0319741531194,6111.0,-0.31684392983614945,33.56674531161444
86,86,2025,6NB,6,NB,PM-Peak,3,Peak,PM,4.4,65,8000,1,6,70,1800,1,6,0.1,0.01,5409.0,668.0,0.0,0.0,0.0,1.0,1.0,1.0,3.66,1.83,0.2448979591836735,0.2448979591836735,30,4.135,0.592,5409.0,668.0,0.0,0.0,0.0,6077.0,7413.0,1.0,1.2,0.639051724137931,7413.0,0.0,1.0,270.45,3853.9125000000004,501.0,0.0,0.0,0.0,4557.75,0.9649563183036509,4.824781591518255,,0.1189716574490572,0.1193539119266385,125.43433549347871,627.1716774673936,47.48198141519304,68.86275208624862,3.7647700011618133,3.8337125950085116,5.560003861075743,-1.7262912660672316,2.052897597366077,458.5063577886397,4680.043642211361,59.79630987524589,608.2036901247541,518.3026676638856,5288.247332336115,15864.741997008343,637.8952874143774,0.35438627078576523,1913.6858622431323,8420.217793869782,6504.654712585623,19513.96413775687,85861.44220613023,7142.550000000001,21427.65,94281.66000000002,0.8928187500000001,4.245807800536064,21.22903900268032,1.4102623576141022,3216.1480650523395,1946.7298704943862,1269.4181945579533,9648.444195157019,5840.189611483159,3808.25458367386,1375.5190733659192,179.38892962573766,1554.9080029916568,6052.283922810045,789.3112903532458,18231.0,-0.31048382504778166,33.53859237793549
87,87,2025,6NB,6,NB,PM-Late,3,OP,PM,4.4,65,8000,1,6,70,1800,1,6,0.1,0.01,3740.0,462.0,0.0,0.0,0.0,1.0,1.0,1.0,3.66,1.83,0.2448979591836735,0.2448979591836735,30,4.135,0.592,3740.0,462.0,0.0,0.0,0.0,4202.0,5126.0,1.0,1.2,0.44189655172413794,5126.0,0.0,1.0,187.0,2664.75,346.5,0.0,0.0,0.0,3151.5,0.19468036968131716,0.9734018484065858,,0.16492541611081762,0.16497553550828534,111.2363592445114,556.1817962225571,62.96520591456309,69.47262305052162,0.8522431851642115,3.800058043123187,4.19279181518471,-0.3927337720615225,0.1798170944953591,439.4850025813013,3113.514997418699,57.164023053620866,404.8359769463791,496.64902563492217,3518.350974365078,10555.052923095234,610.9770717421638,0.33943170652342436,1832.9312152264915,8064.897346996563,4328.022928257837,12984.06878477351,57129.902653003446,4939.0,14817.000000000002,65194.80000000001,0.617375,0.8565936265977956,4.282968132988978,0.28431077317459424,621.2917412885639,376.46005219645843,244.83168909210548,1863.8752238656916,1129.3801565893752,734.4950672763164,1318.455007743904,171.4920691608626,1489.9470769047666,5801.202034073178,754.5651043077955,12606.0,-0.0936687985888517,29.742342043987005
88,88,2025,6SB,6,SB,Night,8,OP,NT,4.4,65,8000,1,6,70,1800,1,6,0.1,0.01,1489.0,184.0,0.0,0.0,0.0,1.0,1.0,1.0,3.66,1.83,0.2448979591836735,0.2448979591836735,30,4.103,0.708,1489.0,184.0,0.0,0.0,0.0,1673.0,2041.0,1.0,1.2,0.17594827586206896,2041.0,0.0,1.0,74.45,1060.9125,138.0,0.0,0.0,0.0,1254.75,0.12740371046701668,0.6370185523350834,,0.24489714686164973,0.24489718222925078,98.6862313154043,493.43115657702157,64.99442969771131,69.98593261850198,0.0,3.7721866398363475,4.061886552860951,-0.28969991302460363,0.00047688511180964837,259.81444431985994,1154.7355556801401,33.795811147636606,150.2041888523634,293.61025546749653,1304.9397445325035,10439.517956260028,361.20187776276975,0.20066770986820542,2889.615022102158,12714.306097249497,1605.3481222372302,12842.784977897842,56508.253902750504,1966.55,15732.4,69222.56,0.24581875,0.5605763260548734,2.802881630274367,0.186062584375842,240.3714848987479,145.64582665281557,94.72565824593232,1922.9718791899832,1165.1666132225246,757.8052659674586,2078.5155545588796,270.36648918109285,2348.8820437399722,9145.46844005907,1189.6125523968087,13384.0,-0.07132151753981318,26.386692865081365
89,89,2025,6SB,6,SB,AM-Early,1,OP,AM,4.4,65,8000,1,6,70,1800,1,6,0.1,0.01,4705.0,581.0,0.0,0.0,0.0,1.0,1.0,1.0,3.66,1.83,0.2448979591836735,0.2448979591836735,30,4.155,0.715,4705.0,581.0,0.0,0.0,0.0,5286.0,6448.0,1.0,1.2,0.5558620689655173,6448.0,0.0,1.0,235.25,3352.3125,435.75,0.0,0.0,0.0,3964.5,0.5815271940812305,2.9076359704061527,,0.12328301639740179,0.12345921427344722,145.8356373710488,729.1781868552441,56.19968801885167,69.42383981017495,2.00081811272266,3.802728295090751,4.697534974063266,-0.8948066789725146,0.8713152221589822,413.283196906715,4056.4668030932853,53.797352619654625,527.2026473803454,467.0805495263696,4583.669450473631,4583.669450473631,574.6752547656788,0.3192640304253771,574.6752547656788,2528.571120968987,5638.074745234322,5638.074745234322,24807.52887903102,6212.750000000001,6212.750000000001,27336.100000000006,0.7765937500000001,2.5587196539574144,12.793598269787074,0.8494434971653955,1745.7375559695024,1057.4758385755638,688.2617173939385,1745.7375559695024,1057.4758385755638,688.2617173939385,413.283196906715,53.797352619654625,467.0805495263696,1818.446066389546,236.70835152648036,5286.0,-0.19048430377060638,38.99348592808792
90,90,2025,6SB,6,SB,AM-Peak,2,Peak,AM,4.4,65,8000,1,6,70,1800,1,6,0.1,0.01,3399.0,420.0,0.0,0.0,0.0,1.0,1.0,1.0,3.66,1.83,0.2448979591836735,0.2448979591836735,30,4.155,0.715,3399.0,420.0,0.0,0.0,0.0,3819.0,4659.0,1.0,1.2,0.40163793103448275,4659.0,0.0,1.0,169.95000000000002,2421.7875000000004,315.0,0.0,0.0,0.0,2864.25,0.18407839928143752,0.9203919964071876,,0.17881834794589888,0.17885458868900778,123.04496784845361,615.2248392422681,63.913000185610045,69.56692330483973,0.8603216598900135,3.794906939367745,4.130615042844434,-0.33570810347668933,0.09463491638918287,433.0600398260286,2795.9899601739717,56.339195437037446,363.66080456296254,489.3992352630661,3159.6507647369344,6319.301529473869,602.0776261371409,0.3344875700761894,1204.1552522742818,5298.283110006841,3886.972373862859,7773.944747725718,34205.35688999316,4489.05,8978.1,39503.64000000001,0.56113125,0.8099449568383251,4.049724784191626,0.2688421517812084,578.9130313480824,350.75479526529614,228.1582360827863,1157.8260626961649,701.5095905305923,456.3164721655726,866.1200796520573,112.67839087407489,978.7984705261322,3810.928350469052,495.78491984592955,7638.0,-0.08127315181748652,32.8997240236507
91,91,2025,6SB,6,SB,AM-Shoulder,1,OP,AM,4.4,65,8000,1,6,70,1800,1,6,0.1,0.01,3704.0,458.0,0.0,0.0,0.0,1.0,1.0,1.0,3.66,1.83,0.2448979591836735,0.2448979591836735,30,4.155,0.715,3704.0,458.0,0.0,0.0,0.0,4162.0,5078.0,1.0,1.2,0.43775862068965515,5078.0,0.0,1.0,185.20000000000002,2639.1000000000004,343.5,0.0,0.0,0.0,3121.5,0.22723372729667943,1.1361686364833972,,0.16029732745391156,0.16034787536781797,129.6606690256255,648.3033451281276,63.03062807631049,69.56204546980139,0.925791390572149,3.7951730461205164,4.188439938760853,-0.39326689264033643,0.17385502379467616,423.04067688361806,3095.759323116382,55.07949518884547,402.9205048111545,478.12017207246356,3498.6798279275363,3498.6798279275363,588.2791624501544,0.32682175691675247,588.2791624501544,2588.4283147806796,4304.520837549846,4304.520837549846,18939.891685219325,4892.8,4892.8,21528.320000000003,0.6116,0.9998284001053895,4.999142000526948,0.33194312648499874,698.3183009144283,422.9680831480489,275.3502177663794,698.3183009144283,422.9680831480489,275.3502177663794,423.04067688361806,55.07949518884547,478.12017207246356,1861.3789782879196,242.3497788309201,4162.0,-0.09389340623007338,34.668628081718055
92,92,2025,6SB,6,SB,MD,5,OP,MD,4.4,65,8000,1,6,70,1800,1,6,0.1,0.01,4528.0,560.0,0.0,0.0,0.0,1.0,1.0,1.0,3.66,1.83,0.2448979591836735,0.2448979591836735,30,4.136,0.708,4528.0,560.0,0.0,0.0,0.0,5088.0,6208.0,1.0,1.2,0.5351724137931034,6208.0,0.0,1.0,226.4,3226.2000000000003,420.0,0.0,0.0,0.0,3816.0,0.4711556974488597,2.3557784872442986,,0.12788327180363593,0.12802043611110225,139.7490241069624,698.745120534812,57.93145838771823,69.46348446089873,1.828028371776339,3.800557977315501,4.557109510917636,-0.7565515336021349,0.6789323376494681,412.5770114928903,3889.02298850711,53.76858316666295,506.23141683333705,466.3455946595532,4395.254405340447,21976.272026702238,573.8827609928792,0.3188237561071551,2869.413804964396,12625.420741843343,5407.717239007121,27038.586195035605,118969.77925815668,5981.6,29908.0,131595.2,0.7477,2.073085068774983,10.365425343874914,0.6884484056278252,1412.6414769056896,855.3072422457153,557.3342346599742,7063.2073845284485,4276.536211228577,2786.671173299871,2062.885057464451,268.84291583331475,2331.727973297766,9076.694252843587,1182.908829666585,25440.0,-0.16601565790544123,37.36604922646053
93,93,2025,6SB,6,SB,PM-Shoulder,1,OP,PM,4.4,65,8000,1,6,70,1800,1,6,0.1,0.01,4744.0,586.0,0.0,0.0,0.0,1.0,1.0,1.0,3.66,1.83,0.2448979591836735,0.2448979591836735,30,4.135,0.592,4744.0,586.0,0.0,0.0,0.0,5330.0,6502.0,1.0,1.2,0.5605172413793104,6502.0,0.0,1.0,237.20000000000002,3380.1000000000004,439.5,0.0,0.0,0.0,3997.5,0.49006883820416347,2.4503441910208172,,0.12889275156056987,0.12906081114130638,122.01649291650797,610.08246458254,56.02100321335235,69.2688891644619,1.8914117314453733,3.8112347864161227,4.712518249531755,-0.9012834631156319,0.8918423095508103,435.67038954988226,4071.129610450118,56.72222649660416,529.2777735033958,492.3926160464864,4600.407383953514,4600.407383953514,605.8370690396947,0.33657614946649705,605.8370690396947,2665.683103774657,5658.962930960305,5658.962930960305,24899.436896225343,6264.8,6264.8,27565.12,0.7831,2.1563028880983195,10.781514440491597,0.7158869738434668,1550.9888233153038,939.4373192453311,611.5515040699728,1550.9888233153038,939.4373192453311,611.5515040699728,435.67038954988226,56.72222649660416,492.3926160464864,1916.9497140194821,249.5777965850583,5330.0,-0.19125304463387177,32.62473072633903
94,94,2025,6SB,6,SB,PM-Peak,3,Peak,PM,4.4,65,8000,1,6,70,1800,1,6,0.1,0.01,4804.0,594.0,0.0,0.0,0.0,1.0,1.0,1.0,3.66,1.83,0.2448979591836735,0.2448979591836735,30,4.135,0.592,4804.0,594.0,0.0,0.0,0.0,5398.0,6586.0,1.0,1.2,0.5677586206896552,6586.0,0.0,1.0,240.20000000000002,3422.8500000000004,445.5,0.0,0.0,0.0,4048.5,0.5216798909575551,2.6083994547877754,,0.12765429527083344,0.12783566063924207,122.43580007327841,612.179000366392,55.35991604259551,69.24299788398005,3.037848704978718,3.8126598799541376,4.768793359384267,-0.9561334794301293,0.9689392100487538,436.9415045677723,4126.858495432228,56.95078681478234,537.0492131852177,493.8922913825547,4663.907708617446,13991.723125852337,607.7938650121193,0.3376632583400663,1823.381595036358,8022.879018159976,5738.006134987881,17214.01840496364,75741.68098184002,6345.8,19037.399999999998,83764.56,0.7932250000000001,2.2953915202132427,11.476957601066212,0.7622998056544625,1656.573590034698,1002.9518244140804,653.6217656206176,4969.720770104094,3008.8554732422413,1960.8652968618526,1310.8245137033168,170.85236044434703,1481.676874147664,5767.627860294595,751.750385955127,16194.0,-0.20049798919229803,32.73684493937925
95,95,2025,6SB,6,SB,PM-Late,3,OP,PM,4.4,65,8000,1,6,70,1800,1,6,0.1,0.01,3472.0,429.0,0.0,0.0,0.0,1.0,1.0,1.0,3.66,1.83,0.2448979591836735,0.2448979591836735,30,4.135,0.592,3472.0,429.0,0.0,0.0,0.0,3901.0,4759.0,1.0,1.2,0.4102586206896552,4759.0,0.0,1.0,173.60000000000002,2473.8,321.75,0.0,0.0,0.0,2925.75,0.16239082968475085,0.8119541484237542,,0.18073462397372098,0.18077258898041842,107.24337613586384,536.2168806793193,63.77957315666267,69.48348994057821,0.5308345131782042,3.7994637319710183,4.1392562999995794,-0.33979256802856117,0.10647343869173044,447.101312786191,2851.298687213809,58.16358050444963,370.8364194955504,505.2648932906406,3222.135106709359,9666.405320128077,621.5920542995399,0.34532891905529994,1864.7761628986195,8205.015116753926,3963.80794570046,11891.42383710138,52322.264883246076,4585.4,13756.199999999999,60527.28,0.573175,0.7145196506129038,3.572598253064519,0.23716532695123912,527.257779902734,319.4626738005598,207.79510610217423,1581.773339708202,958.3880214016795,623.3853183065227,1341.3039383585729,174.4907415133489,1515.7946798719217,5901.737328777721,767.7592626587352,11703.0,-0.08209024602525716,28.674699501567876
96,96,2025,7NB,7,NB,Night,8,OP,NT,5.6,65,6000,1,6,70,1800,1,6,0.1,0.01,663.0,82.0,0.0,0.0,0.0,1.0,1.0,1.0,3.66,1.83,0.3076923076923077,0.3076923076923077,30,4.103,0.708,663.0,82.0,0.0,0.0,0.0,745.0,909.0,1.0,1.2,0.0946875,909.0,0.0,1.0,33.15,472.38750000000005,61.5,0.0,0.0,0.0,558.75,0.11171186299210954,0.5585593149605477,,0.3074800597140843,0.3074784501541512,86.4114683612542,432.0573418062709,64.99982598099152,69.99965222072886,0.0,4.800023847839932,5.169244608412637,-0.3692207605727047,1.8959679157878607e-05,145.24973670818702,484.600263291813,18.9099246844803,63.0900753155197,164.15966139266732,547.6903386073327,4381.522708858662,201.97951076162792,0.11221083931201552,1615.8360860930234,9048.68208212093,673.8704892383721,5390.963913906977,30189.39791787907,875.85,7006.8,39238.08,0.145975,0.6255864327558134,3.1279321637790667,0.1631852370871205,150.0152262812215,90.86626464599584,59.148961635225646,1200.121810249772,726.9301171679667,473.19169308180517,1161.9978936654961,151.2793974758424,1313.2772911413385,6507.188204526778,847.1646258647173,5960.0,-0.07142644400534268,18.1536698237929
97,97,2025,7NB,7,NB,AM-Early,1,OP,AM,5.6,65,6000,1,6,70,1800,1,6,0.1,0.01,1357.0,168.0,0.0,0.0,0.0,1.0,1.0,1.0,3.66,1.83,0.3076923076923077,0.3076923076923077,30,4.155,0.715,1357.0,168.0,0.0,0.0,0.0,1525.0,1861.0,1.0,1.2,0.19385416666666666,1861.0,0.0,1.0,67.85000000000001,966.8625000000001,126.0,0.0,0.0,0.0,1143.75,0.11780800741169407,0.5890400370584704,,0.30767073306889703,0.3076699789045068,91.30833862557834,456.54169312789173,64.98720213598058,69.97432234570918,0.0,4.80176139956007,5.170248740620447,-0.3684873410603764,0.0013946208038580108,297.47529415182646,991.6747058481736,38.76641734196786,129.23358265803213,336.2417114937943,1120.9082885062057,1120.9082885062057,413.77454617773003,0.22987474787651668,413.77454617773003,2317.137458595288,1379.3754538222702,1379.3754538222702,7724.502541404712,1793.15,1793.15,10041.64,0.29885833333333334,0.6597248415054868,3.298624207527434,0.17213790433326223,324.1276839694383,196.25184128611178,127.87584268332651,324.1276839694383,196.25184128611178,127.87584268332651,297.47529415182646,38.76641734196786,336.2417114937943,1665.861647250228,217.09193711502,1525.0,-0.07127071820845446,19.182424081003855
98,98,2025,7NB,7,NB,AM-Peak,2,Peak,AM,5.6,65,6000,1,6,70,1800,1,6,0.1,0.01,1703.0,211.0,0.0,0.0,0.0,1.0,1.0,1.0,3.66,1.83,0.3076923076923077,0.3076923076923077,30,4.155,0.715,1703.0,211.0,0.0,0.0,0.0,1914.0,2336.0,1.0,1.2,0.24333333333333335,2336.0,0.0,1.0,85.15,1213.3874999999998,158.25,0.0,0.0,0.0,1435.5,0.11710977943819131,0.5855488971909566,,0.3076910054876647,0.3076915815830533,91.30399751925728,456.5199875962864,64.9499744947765,69.8996445329607,-0.46357498258581814,4.806891397588745,5.173212193132151,-0.36632079554340535,0.005454550744892743,373.3484199211637,1244.5015800788362,48.69219278551819,162.3078072144818,422.04061270668194,1406.809387293318,2813.618774586636,519.4249982777183,0.28856944348762126,1038.8499965554365,5817.5599807104445,1731.4250017222816,3462.8500034445633,19391.960019289552,2250.85,4501.7,25209.519999999997,0.37514166666666665,0.6558147648538714,3.2790738242693567,0.17115511806949543,404.51270102843233,244.84740621916242,159.6652948092699,809.0254020568647,489.69481243832485,319.3305896185398,746.6968398423274,97.38438557103638,844.0812254133639,4181.502303117033,545.3525591978037,3828.0,-0.07081109026026909,19.181512083877582
99,99,2025,7NB,7,NB,AM-Shoulder,1,OP,AM,5.6,65,6000,1,6,70,1800,1,6,0.1,0.01,2051.0,253.0,0.0,0.0,0.0,1.0,1.0,1.0,3.66,1.83,0.3076923076923077,0.3076923076923077,30,4.155,0.715,2051.0,253.0,0.0,0.0,0.0,2304.0,2810.0,1.0,1.2,0.29270833333333335,2810.0,0.0,1.0,102.55000000000001,1461.3375,189.75,0.0,0.0,0.0,1728.0,0.1152205865672224,0.576102932836112,,0.3076741016023916,0.3076861724783409,91.30565116169845,456.5282558084923,64.84865047305894,69.69666952463214,-0.3571350121361735,4.820890327926661,5.181295178063722,-0.36040485013706114,0.01652824010114532,449.61570245038496,1498.834297549615,58.383451227765185,194.6165487722348,507.99915367815015,1693.45084632185,1693.45084632185,624.7660561336805,0.3470922534076003,624.7660561336805,3498.6899143486107,2082.683943866319,2082.683943866319,11663.030085651386,2707.45,2707.45,15161.719999999998,0.45124166666666665,0.6452352847764453,3.2261764238822273,0.16818898580628014,478.46322970642956,290.10791581053564,188.35531389589391,478.46322970642956,290.10791581053564,188.35531389589391,449.61570245038496,58.383451227765185,507.99915367815015,2517.8479337221556,326.94732687548503,2304.0,-0.06955883379563531,19.181859487751776
100,100,2025,7NB,7,NB,MD,5,OP,MD,5.6,65,6000,1,6,70,1800,1,6,0.1,0.01,2793.0,345.0,0.0,0.0,0.0,1.0,1.0,1.0,3.66,1.83,0.3076923076923077,0.3076923076923077,30,4.136,0.708,2793.0,345.0,0.0,0.0,0.0,3138.0,3828.0,1.0,1.2,0.39875,3828.0,0.0,1.0,139.65,1990.0124999999998,258.75,0.0,0.0,0.0,2353.5,0.18657668685119352,0.9328834342559676,,0.209111518577928,0.20914803639466062,110.93941046251913,554.6970523125956,63.40009885798098,69.7188395578477,1.2778880981686969,4.819357323370411,5.299676278938537,-0.4803189555681264,0.17871034829964022,416.13453586405893,2237.215464135941,54.11705441711843,290.8829455828816,470.25159028117736,2528.098409718823,12640.492048594115,578.4856991154143,0.3213809439530079,2892.4284955770713,16197.599575231598,3109.8643008845856,15549.32150442293,87076.2004247684,3688.35,18441.75,103273.79999999999,0.614725,1.0448294463666836,5.224147231833419,0.27246246309496486,717.5050767490693,434.78961672090156,282.71546002816774,3587.5253837453465,2173.9480836045077,1413.5773001408388,2080.6726793202947,270.5852720855922,2351.257951405887,11651.767004193649,1515.2775236793161,15690.0,-0.09063175376899223,23.306598836663685
101,101,2025,7NB,7,NB,PM-Shoulder,1,OP,PM,5.6,65,6000,1,6,70,1800,1,6,0.1,0.01,3717.0,459.0,0.0,0.0,0.0,1.0,1.0,1.0,3.66,1.83,0.3076923076923077,0.3076923076923077,30,4.135,0.592,3717.0,459.0,0.0,0.0,0.0,4176.0,5094.0,1.0,1.2,0.530625,5094.0,0.0,1.0,185.85000000000002,2648.3625,344.25,0.0,0.0,0.0,3132.0,0.5315164197289146,2.657582098644573,,0.15028693744252672,0.15046351588132365,115.2503779721057,576.2518898605285,54.721558340491896,69.66568856035047,3.1007716145489472,4.823034221630173,6.140176014530138,-1.3171417928999656,1.3301949860601356,398.0142893626337,3133.1357106373666,51.797065342145665,407.2029346578543,449.8113547047794,3540.338645295221,3540.338645295221,553.4054853890707,0.30744749188281706,553.4054853890707,3099.0707181787957,4354.744514610929,4354.744514610929,24386.569281821205,4908.15,4908.15,27485.64,0.8180249999999999,2.976491950481922,14.882459752409607,0.7763389697616151,1955.554068712075,1184.6863284646615,770.8677402474134,1955.554068712075,1184.6863284646615,770.8677402474134,398.0142893626337,51.797065342145665,449.8113547047794,2228.8800204307486,290.0635659160157,4176.0,-0.2145120579252249,24.21226427985414
102,102,2025,7NB,7,NB,PM-Peak,3,Peak,PM,5.6,65,6000,1,6,70,1800,1,6,0.1,0.01,3647.0,451.0,0.0,0.0,0.0,1.0,1.0,1.0,3.66,1.83,0.3076923076923077,0.3076923076923077,30,4.135,0.592,3647.0,451.0,0.0,0.0,0.0,4098.0,5000.0,1.0,1.2,0.5208333333333334,5000.0,0.0,1.0,182.35000000000002,2598.4875,338.25,0.0,0.0,0.0,3073.5,0.4821828479626201,2.4109142398131005,,0.15310718231447826,0.1532636266928851,114.44455655676535,572.2227827838267,55.76130573764759,69.67512005628964,4.65318953580213,4.822381356911189,6.025683860074093,-1.203302503162904,1.1733407344553528,397.84709940439285,3066.8029005956073,51.84142172886838,399.1585782711316,449.68852113326125,3465.961478866739,10397.884436600218,553.3713645909979,0.30742853588388774,1660.1140937729938,9296.638925128764,4264.278635409002,12792.835906227006,71639.88107487123,4817.65,14452.95,80936.51999999999,0.8029416666666666,2.7002239485906725,13.501119742953362,0.7045327030014981,1774.1935080954718,1074.2762656890754,699.9172424063963,5322.580524286415,3222.8287970672263,2099.751727219189,1193.5412982131786,155.52426518660513,1349.0655633997837,6683.8312699938,870.9358850449887,12294.0,-0.19969559158852188,24.042974066547345
103,103,2025,7NB,7,NB,PM-Late,3,OP,PM,5.6,65,6000,1,6,70,1800,1,6,0.1,0.01,2375.0,294.0,0.0,0.0,0.0,1.0,1.0,1.0,3.66,1.83,0.3076923076923077,0.3076923076923077,30,4.135,0.592,2375.0,294.0,0.0,0.0,0.0,2669.0,3257.0,1.0,1.2,0.33927083333333335,3257.0,0.0,1.0,118.75,1692.1875,220.5,0.0,0.0,0.0,2001.75,0.11763447945093886,0.5881723972546943,,0.27376563479528543,0.2737863507503446,89.21114407387185,446.0557203693593,64.55993121580468,69.59587670907625,0.10286979485962654,4.827872223013192,5.204466511540289,-0.3765942885270972,0.048272966964041875,463.26278513014705,1792.987214869853,60.36989034045098,233.63010965954902,523.6326754705981,2026.6173245294021,6079.851973588206,644.3724561515,0.3579846978619445,1933.1173684545001,10825.4572633452,2493.8775438485,7481.6326315455,41897.142736654794,3138.25,9414.75,52722.59999999999,0.5230416666666666,0.6587530849252575,3.293765424626288,0.17188304687142608,504.0200463274091,305.1757888355511,198.84425749185797,1512.0601389822273,915.5273665066533,596.5327724755739,1389.7883553904412,181.10967102135294,1570.898026411794,7782.81479018647,1014.2141577195764,8007.0,-0.07235982548682826,18.741836990309217
104,104,2025,7SB,7,SB,Night,8,OP,NT,5.6,65,6000,1,6,70,1800,1,6,0.1,0.01,826.0,102.0,0.0,0.0,0.0,1.0,1.0,1.0,3.66,1.83,0.3076923076923077,0.3076923076923077,30,4.103,0.708,826.0,102.0,0.0,0.0,0.0,928.0,1132.0,1.0,1.2,0.11791666666666667,1132.0,0.0,1.0,41.300000000000004,588.5250000000001,76.5,0.0,0.0,0.0,696.0,0.11165683791795183,0.5582841895897592,,0.3076845753287543,0.30768643529089956,86.3753881501968,431.8769407509841,64.99935165943768,69.9986980083584,0.0,4.80008928108747,5.169282330083272,-0.3691930489958022,7.06383679288694e-05,181.08006469535516,603.6199353046449,23.538012299753817,78.46198770024618,204.618076995109,682.081923004891,5456.655384039128,251.6941015946166,0.13983005644145366,2013.5528127569328,11275.895751438822,839.0058984053834,6712.047187243067,37587.46424856118,1090.7,8725.6,48863.36,0.18178333333333335,0.6252782923405302,3.1263914617026516,0.163034117244591,186.81447430902674,113.2254336296244,73.58904067940233,1494.5157944722139,905.8034690369952,588.7123254352186,1448.6405175628413,188.30409839803053,1636.944615960872,8112.3868983519105,1054.502951028971,7424.0,-0.07142056196993497,18.146089947520338
105,105,2025,7SB,7,SB,AM-Early,1,OP,AM,5.6,65,6000,1,6,70,1800,1,6,0.1,0.01,3408.0,421.0,0.0,0.0,0.0,1.0,1.0,1.0,3.66,1.83,0.3076923076923077,0.3076923076923077,30,4.155,0.715,3408.0,421.0,0.0,0.0,0.0,3829.0,4671.0,1.0,1.2,0.4865625,4671.0,0.0,1.0,170.4,2428.2,315.75,0.0,0.0,0.0,2871.75,0.4268780175580979,2.1343900877904893,,0.15361752567787515,0.15373018421915685,132.22260690438452,661.1130345219225,58.565597678154404,69.78044346713148,2.771002001807093,4.815102674981785,5.737156510319908,-0.9220538353381231,0.7780582652921187,373.0140758510164,2864.5859241489834,48.54030566719877,372.45969433280123,421.55438151821517,3237.0456184817845,3237.0456184817845,518.6349928526128,0.28813055158478484,518.6349928526128,2904.3559599746313,3981.965007147387,3981.965007147387,22299.004040025367,4500.599999999999,4500.599999999999,25203.36,0.7500999999999999,2.390516898325348,11.95258449162674,0.6234912220538276,1471.8785563716494,891.6964516350679,580.1821047365816,1471.8785563716494,891.6964516350679,580.1821047365816,373.0140758510164,48.54030566719877,421.55438151821517,2088.8788247656917,271.8257117363131,3829.0,-0.16071617249408257,27.777858593358097
106,106,2025,7SB,7,SB,AM-Peak,2,Peak,AM,5.6,65,6000,1,6,70,1800,1,6,0.1,0.01,3398.0,420.0,0.0,0.0,0.0,1.0,1.0,1.0,3.66,1.83,0.3076923076923077,0.3076923076923077,30,4.155,0.715,3398.0,420.0,0.0,0.0,0.0,3818.0,4658.0,1.0,1.2,0.48520833333333335,4658.0,0.0,1.0,169.9,2421.075,315.0,0.0,0.0,0.0,2863.5,0.4210634467581344,2.105317233790672,,0.15419408598632173,0.15430473056940822,131.9944533200498,659.972266600249,58.67797540804184,69.78044647025219,4.29820656025715,4.815102467755616,5.726168935848306,-0.9110664680926899,0.7630052882660253,373.31544672933387,2854.784553270666,48.60599012936359,371.3940098706364,421.92143685869746,3226.178563141302,6452.357126282604,519.1334171174246,0.2884074539541248,1038.2668342348493,5814.294271715155,3968.9665828825755,7937.933165765151,44452.42572828484,4488.1,8976.2,50266.719999999994,0.7480166666666668,2.3579553018455526,11.789776509227762,0.6150920402265044,1453.3148975112013,880.2611368762738,573.0537606349274,2906.6297950224025,1760.5222737525476,1146.1075212698547,746.6308934586677,97.21198025872718,843.8428737173949,4181.133003368539,544.3870894488722,7636.0,-0.15910576133879284,27.729927168077687
107,107,2025,7SB,7,SB,AM-Shoulder,1,OP,AM,5.6,65,6000,1,6,70,1800,1,6,0.1,0.01,2823.0,349.0,0.0,0.0,0.0,1.0,1.0,1.0,3.66,1.83,0.3076923076923077,0.3076923076923077,30,4.155,0.715,2823.0,349.0,0.0,0.0,0.0,3172.0,3870.0,1.0,1.2,0.403125,3870.0,0.0,1.0,141.15,2011.3874999999998,261.75,0.0,0.0,0.0,2379.0,0.19828943917269792,0.9914471958634896,,0.20488810844418529,0.20492723712053218,114.91629133876357,574.5814566938178,63.25858167059445,69.72797262325655,1.3684556175169376,4.818726077343787,5.311532303231966,-0.49280622588817913,0.1949531015816395,412.1093802232787,2269.7406197767214,53.6397043162993,295.3602956837007,465.749084539578,2565.100915460422,2565.100915460422,573.0284931721767,0.3183491628734315,573.0284931721767,3208.9595617641894,3155.821506827823,3155.821506827823,17672.600438235808,3728.85,3728.85,20881.559999999998,0.621475,1.1104208593671083,5.552104296835542,0.2896363659994709,755.4280849562929,457.61485214077953,297.8132328155133,755.4280849562929,457.61485214077953,297.8132328155133,412.1093802232787,53.6397043162993,465.749084539578,2307.8125292503605,300.3823441712761,3172.0,-0.09278042526227619,24.142078012345287
108,108,2025,7SB,7,SB,MD,5,OP,MD,5.6,65,6000,1,6,70,1800,1,6,0.1,0.01,2615.0,323.0,0.0,0.0,0.0,1.0,1.0,1.0,3.66,1.83,0.3076923076923077,0.3076923076923077,30,4.136,0.708,2615.0,323.0,0.0,0.0,0.0,2938.0,3584.0,1.0,1.2,0.37333333333333335,3584.0,0.0,1.0,130.75,1863.1875,242.25,0.0,0.0,0.0,2203.5,0.1575348808137266,0.787674404068633,,0.23056406943211807,0.23059163614775374,105.39171552869485,526.9585776434742,64.02565545633246,69.69517031026253,0.8369310367733658,4.820994030206487,5.247896294152939,-0.42690226394645236,0.1077717691433721,429.5840921150545,2054.6659078849457,55.860823856793345,267.13917614320667,485.4449159718478,2321.805084028152,11609.02542014076,597.1665636854345,0.3317592020474636,2985.8328184271727,16720.663783192165,2856.083436314566,14280.41718157283,79970.33621680785,3453.2500000000005,17266.250000000004,96691.00000000001,0.5755416666666667,0.8821953325568689,4.4109766627843445,0.23004591503328653,625.3778714008035,378.97708100458107,246.40079039622242,3126.8893570040177,1894.8854050229054,1232.003951981112,2147.9204605752725,279.3041192839667,2427.2245798592394,12028.354579221525,1564.1030679902135,14690.0,-0.0813473132885829,22.141116707709006
109,109,2025,7SB,7,SB,PM-Shoulder,1,OP,PM,5.6,65,6000,1,6,70,1800,1,6,0.1,0.01,2670.0,330.0,0.0,0.0,0.0,1.0,1.0,1.0,3.66,1.83,0.3076923076923077,0.3076923076923077,30,4.135,0.592,2670.0,330.0,0.0,0.0,0.0,3000.0,3660.0,1.0,1.2,0.38125,3660.0,0.0,1.0,133.5,1902.375,247.5,0.0,0.0,0.0,2250.0,0.14447529279087618,0.7223764639543808,,0.23483428477917073,0.2348647698180056,95.86399690730195,479.31998453650976,63.92103084554239,69.6219792760772,0.7816656545568278,4.826062164473008,5.2564859414095535,-0.43042377693654554,0.1195395858849345,446.7428725067749,2089.757127493225,58.12903052995639,271.87096947004363,504.8719030367313,2361.628096963269,2361.628096963269,621.129964096644,0.34507220227591334,621.129964096644,3478.3277989412063,2905.370035903356,2905.370035903356,16270.072201058792,3526.5,3526.5,19748.399999999998,0.58775,0.8090616396289065,4.045308198144532,0.21101263547088053,596.5923646758853,361.4425209228589,235.14984375302637,596.5923646758853,361.4425209228589,235.14984375302637,446.7428725067749,58.12903052995639,504.8719030367313,2501.7600860379393,325.52257096775577,3000.0,-0.0818843200065946,20.13949514859285
110,110,2025,7SB,7,SB,PM-Peak,3,Peak,PM,5.6,65,6000,1,6,70,1800,1,6,0.1,0.01,2493.0,308.0,0.0,0.0,0.0,1.0,1.0,1.0,3.66,1.83,0.3076923076923077,0.3076923076923077,30,4.135,0.592,2493.0,308.0,0.0,0.0,0.0,2801.0,3417.0,1.0,1.2,0.3559375,3417.0,0.0,1.0,124.65,1776.2624999999998,231.0,0.0,0.0,0.0,2100.75,0.12643651320958427,0.6321825660479213,,0.2575883335886176,0.2576123717968081,91.85399725254314,459.26998626271563,64.36193917332953,69.60340791907863,0.5721268594223642,4.827349838827371,5.220476640629755,-0.39312680180238413,0.07020684381661041,457.54449739095185,1910.805502609048,59.508457885062676,248.49154211493732,517.0529552760145,2159.2970447239854,6477.891134171956,636.0698710461398,0.3533721505811888,1908.2096131384196,10685.97383357515,2656.28012895386,7968.840386861581,44625.50616642485,3292.35,9877.05,55311.479999999996,0.548725,0.7080444739736719,3.540222369868359,0.18464364147133236,534.6350267757927,323.9618529747246,210.67317380106803,1603.905080327378,971.8855589241738,632.0195214032041,1372.6334921728555,178.52537365518802,1551.1588658280436,7686.74755616799,999.7420924690529,8403.0,-0.07530477174110305,19.297058246332597
111,111,2025,7SB,7,SB,PM-Late,3,OP,PM,5.6,65,6000,1,6,70,1800,1,6,0.1,0.01,1825.0,226.0,0.0,0.0,0.0,1.0,1.0,1.0,3.66,1.83,0.3076923076923077,0.3076923076923077,30,4.135,0.592,1825.0,226.0,0.0,0.0,0.0,2051.0,2503.0,1.0,1.2,0.2607291666666667,2503.0,0.0,1.0,91.25,1300.3125,169.5,0.0,0.0,0.0,1538.25,0.10747455971251418,0.5373727985625709,,0.3076725865934003,0.3076868399201626,84.1345268197806,420.67263409890296,64.92431894684141,69.84826601407441,-0.3177716209938592,4.810427218512427,5.175256443969929,-0.36482922545750274,0.008255174392649608,400.07051025473083,1333.6794897452692,52.152919366467565,173.84708063353244,452.2234296211984,1507.5265703788016,4522.5797111364045,556.5292683541336,0.30918292686340754,1669.5878050624008,9349.691708349445,1855.2207316458666,5565.6621949376,31167.70829165056,2411.75,7235.250000000001,40517.40000000001,0.4019583333333333,0.6018575343900794,3.009287671950397,0.15705281399560994,397.72858818982724,240.78545088409328,156.94313730573396,1193.1857645694818,722.3563526522798,470.82941191720187,1200.2115307641925,156.4587580994027,1356.6702888635953,6721.184572279478,876.169045356655,6153.0,-0.07049490772241673,17.67532076045811
