,index,Year,SegDir,Segment,Direction,Period,Hours/Day,Peak,4Periods,Length,Speed GP,Capacity GP,Alpha GP,Beta GP,Speed ML,Capacity ML,Alpha ML,Beta ML,MinToll,MinCapture,AADT Lights,AADT MediumA,AADT MediumB,AADT HeavyA,AADT HeavyB,GrowthFactor,GrowthFactor_medium,GrowthFactor_heavy,MaxToll,Soft Cap,MaxCapture,MaxCap_aux,Min Speed,B1,B2,TotalLights,TotalMediumA,TotalMediumB,TotalHeavyA,TotalHeavyB,TotalVeh,Corridor PCE pre-fix,Suppressed ratio ref,Max VC,Suppressed ratio,Corridor PCE,Suppressed Demand,PCE ratio,HOV3,InScopeLights,InScopeMediumA,InScopeMediumB,InScopeHeavyA,InScopeHeavyB,InScopeVeh,TollLights,TollMediumA,TollMediumB,CaptureRateLights,CaptureRateMediumA,CaptureRateMediumB,VOT Lights,VOT MediumA,VOT MediumB,Speed GP Real,Speed ML Real,Bounus Seg,Time ML,Time GP,Time Savings,BonusRel,MLVeh_Lights,GPVeh_Lights,MLVeh_MediumA,GPVeh_MediumA,MLVeh_MediumB,GPVeh_MediumB,MLVeh,GPVeh,GPVehDay,ML PCE,ML V/C,ML Volume,ML PCE Total,GP PCE,GP Volume,GP PCE Total,Highway PCE,Highway Volume,Highway PCE Total,Highway V/C,TollLightsPerSeg,TollMediumAPerSeg,TollMediumBPerSeg,TollBlend,RevenuePerHour,RevenuePerHourLights,RevenuePerHourMediumA,RevenuePerHourMediumB,RevenuePerDay,RevenuePerDayLights,RevenuePerDayMediumA,RevenuePerDayMediumB,TransactionsDay_Lights,TransactionsDay_MediumA,TransactionsDay_MediumB,TransactionsDay,TransactionsLightsLength,TransactionsMediumALength,TransactionsMediumBLength,TotalVeh_hours,Difference in Travel Time,Implied Min VOT
0,0,2025,1NB,1,NB,Night,8,OP,NT,3.0,65,8400.0,1,6,70,1800,1,6,0.2,0.052631578947368425,929.0,115.0,0.0,0.0,0.0,1.0,1.0,1.0,3.0,3.0,0.15789473684210525,0.15789473684210525,30,4.009,0.708,929.0,115.0,0.0,0.0,0.0,1044.0,1274.0,1.0,1.2,0.10616666666666667,1274.0,0.0,1.0,0.0,882.55,109.25,0.0,0.0,0.0,991.8,2.9995234064662926,11.99809362586517,14.997617032331462,0.052631681209079344,0.052631656521254296,0.0526317111162016,2319.442853333313,9277.771413333252,11597.214266666564,64.99941844377969,69.99999986249948,0.0,2.571428576479611,2.7692555458121277,-0.19782696933251653,3.394391646065094e-05,46.45009025107297,882.549909748927,5.750008474947032,109.24999152505296,0.0,0.0,52.20009872602,991.7999012739799,7934.399210191839,63.70011567591407,0.03538895315328559,509.60092540731256,1528.8027762219376,1210.299884324086,9682.399074592688,29047.197223778065,1274.0,10192.0,30576.000000000004,0.15166666666666667,8.998570219398879,35.994280877595514,44.992851096994386,3.9907448080870895,624.9518189174935,417.98439882169544,206.9674200957981,0.0,4999.614551339948,3343.8751905735635,1655.7393607663848,0.0,371.6007220085838,46.00006779957626,0.0,417.60078980816,1114.8021660257514,138.0002033987288,0.0,8352.0,-0.07143687755060563,909.7415028659386
1,1,2025,1NB,1,NB,AM-Early,1,OP,AM,3.0,65,13041.800003999999,1,6,70,1800,1,6,0.2,0.0,2203.0,272.0,0.0,0.0,0.0,1.0,1.0,1.0,10.0,5.0,0.15957775013766984,0.15957775013766984,30,3.82,0.715,2203.0,272.0,0.0,0.0,0.0,2475.0,3019.0,1.0,1.2,0.18141066466814634,3019.0,0.0,1.0,0.0,2092.85,258.4,0.0,0.0,0.0,2351.25,4.999673941467942,19.99869576587177,24.998369707339712,0.0015696651559839432,0.0007753982650172541,1.4190404255147769e-05,3847.7546975399237,15391.018790159695,19238.773487699622,64.99007697424982,70.0,0.0,2.5714285714285716,2.7696535899060266,-0.198225018477455,0.0005792643251022523,3.2850737217009955,2199.714926278299,0.20036291168045844,271.7996370883195,0.0,0.0,3.485436633381454,2471.514563366619,2471.514563366619,3.8861624567423707,0.0021589791426346503,3.8861624567423707,11.658487370227112,3015.1138375432574,3015.1138375432574,9045.341512629773,3019.0,3019.0,9057.0,0.23148645118573008,14.999021824403826,59.996087297615304,74.99510912201913,5.861903842971188,61.293883186953906,49.27289244656873,12.02099074038517,0.0,61.293883186953906,49.27289244656873,12.02099074038517,0.0,3.2850737217009955,0.20036291168045844,0.0,3.485436633381454,9.855221165102986,0.6010887350413754,0.0,2475.0,-0.07157032893928829,1513.3328718654886
2,2,2025,1NB,1,NB,AM-Peak,2,Peak,AM,3.0,65,15600.0,1,6,70,1800,1,6,0.2,0.0,3492.0,432.0,0.0,0.0,0.0,1.0,1.0,1.0,10.0,5.0,0.13611615245009073,0.13611615245009073,30,3.82,0.715,3492.0,432.0,0.0,0.0,0.0,3924.0,4788.0,1.0,1.2,0.249375,4788.0,0.0,1.0,0.0,3317.3999999999996,410.4,0.0,0.0,0.0,3727.7999999999997,2.4787418259633065,9.914967303853226,12.393709129816532,0.023855273020679305,0.023442589927222993,0.022959424944284688,189.3788294997415,757.515317998966,946.8941474987074,64.95264951846687,69.99999673408026,1.800000002615584,2.571428691401139,2.771249538462995,-0.1998208470618561,0.002765713848149514,79.13748271880152,3412.8625172811985,9.620838906132315,422.3791610938677,0.0,0.0,88.75832162493384,3835.2416783750664,7670.483356750133,107.99999943719847,0.05999999968733248,215.99999887439694,647.9999966231908,4680.000000562802,9360.000001125603,28080.00000337681,4788.0,9576.0,28728.0,0.3069230769230769,7.43622547788992,29.74490191155968,37.1811273894496,3.284781486050322,874.6550748194479,588.4841652496251,286.1709095698228,0.0,1749.3101496388958,1176.9683304992502,572.3418191396456,0.0,158.27496543760304,19.24167781226463,0.0,177.51664324986768,474.82489631280913,57.72503343679389,0.0,7848.0,-0.07210496358717727,744.2892558240411
3,3,2025,1NB,1,NB,AM-Shoulder,1,OP,AM,3.0,65,15600.0,1,6,70,1800,1,6,0.2,0.0,4350.0,538.0,0.0,0.0,0.0,1.0,1.0,1.0,10.0,5.0,0.13611615245009073,0.13611615245009073,30,3.82,0.715,4350.0,538.0,0.0,0.0,0.0,4888.0,5964.0,1.0,1.2,0.310625,5964.0,0.0,1.0,0.0,4132.5,511.09999999999997,0.0,0.0,0.0,4643.599999999999,4.999999729586662,19.99999891834665,24.99999864793331,0.13611615063023064,0.1361161505405203,0.1361161509843242,-2855.0644570867557,-11420.257828347023,-14275.322285433778,64.91169577443917,69.56966145052132,-0.45876919969159236,2.587334712387783,2.7729979605752364,-0.1856632481874536,0.005161052141919714,562.4999924794281,3787.5000075205717,69.56896454125992,468.4310354587401,0.0,0.0,632.068957020688,4255.931042979311,4255.931042979311,771.2068861032078,0.42844827005733765,771.2068861032078,2313.6206583096236,5192.793113896792,5192.793113896792,15578.379341690377,5964.0,5964.0,17892.0,0.3823076923076923,14.999999188759986,59.999996755039945,74.99999594379993,6.6509816360554765,12611.637077596004,8437.49943086892,4174.137646727084,0.0,12611.637077596004,8437.49943086892,4174.137646727084,0.0,562.4999924794281,69.56896454125992,0.0,632.068957020688,1687.4999774382843,208.70689362377976,0.0,4888.0,-0.06695397934910102,1615.8285859154355
4,4,2025,1NB,1,NB,MD,5,OP,MD,3.0,65,15600.0,1,6,70,1800,1,6,0.2,0.0,5817.0,719.0,0.0,0.0,0.0,1.0,1.0,1.0,10.0,5.0,0.13611615245009073,0.13611615245009073,30,3.823,0.708,5817.0,719.0,0.0,0.0,0.0,6536.0,7974.0,1.0,1.2,0.4153125,7974.0,0.0,1.0,0.0,5526.15,683.05,0.0,0.0,0.0,6209.2,4.999999143455828,19.999996573823314,24.99999571727914,0.13611615220780818,0.13611615219404177,0.1361161521835076,-1679.6787653762808,-6718.715061505123,-8398.393826881404,64.4987648674163,67.61087683166181,-0.6133846098416812,2.662293530790403,2.7907511154672204,-0.12845758467681723,0.029482874343937846,752.1982745231791,5064.801725476821,92.97413775614022,626.0258622438598,0.0,0.0,845.1724122793192,5690.827587720681,28454.137938603402,1031.1206877915997,0.5728448265508888,5155.603438957998,15466.810316873994,6942.879312208401,34714.396561042005,104143.18968312602,7974.0,39870.0,119610.00000000001,0.5111538461538462,14.999997430367486,59.999989721469944,74.99998715183742,6.650090659897605,16861.419494705486,11282.972184974544,5578.447309730944,0.0,84307.09747352742,56414.860924872715,27892.23654865472,0.0,3760.991372615895,464.87068878070113,0.0,4225.862061396596,11282.974117847685,1394.6120663421034,0.0,32680.0,-0.04602975305281252,2335.400820139278
5,5,2025,1NB,1,NB,PM-Shoulder,1,OP,PM,3.0,65,11442.422112,1,6,70,1800,1,6,0.2,0.0,6929.0,856.0,0.0,0.0,0.0,1.0,1.0,1.0,10.0,5.0,0.17885104647777134,0.17885104647777134,30,4.005,0.592,6929.0,856.0,0.0,0.0,0.0,7785.0,9497.0,1.0,1.2,0.6313477928812958,9497.0,0.0,1.0,0.0,6582.549999999999,813.1999999999999,0.0,0.0,0.0,7395.75,9.999988708292333,39.99995483316933,49.99994354146167,0.17885103639867553,0.17885104246716796,0.17885104000898233,-1069.278972819765,-4277.11589127906,-5346.394864098825,58.72009031732149,46.08270778083405,-0.9959777047243494,3.906020472062247,3.0653903804862312,0.8406300915760156,0.4057386674199829,1177.2958896461014,5751.704110353899,145.44166773430098,710.558332265699,0.0,0.0,1322.7375573804024,6462.262442619598,6462.262442619598,1613.6208928490043,0.8964560515827802,1613.6208928490043,4840.862678547013,7883.379107150996,7883.379107150996,23650.13732145299,9497.0,9497.0,28491.0,0.8299816163957298,29.999966124876998,119.99986449950799,149.999830624385,13.298636335578108,52771.817229038556,35318.83680833997,17452.980420698583,0.0,52771.817229038556,35318.83680833997,17452.980420698583,0.0,1177.2958896461014,145.44166773430098,0.0,1322.7375573804024,3531.887668938304,436.32500320290296,0.0,7785.0,0.2742326383377882,-713.7495177845223
6,6,2025,1NB,1,NB,PM-Peak,3,Peak,PM,3.0,65,8400.0,1,6,70,1800,1,6,0.2,0.0,6758.0,835.0,0.0,0.0,0.0,1.0,1.0,1.0,10.0,5.0,0.2321981424148607,0.2321981424148607,30,4.005,0.592,6758.0,835.0,0.0,0.0,0.0,7593.0,9263.0,1.0,1.2,0.7719166666666667,9263.0,0.0,1.0,0.0,6420.099999999999,793.25,0.0,0.0,0.0,7213.349999999999,9.999984904345675,39.9999396173827,49.999924521728374,0.2321981282925357,0.23219813864864292,0.232198137441448,-323.7129862587682,-1294.8519450350727,-1618.564931293841,46.325280021352576,22.29456333920506,-2.0676334244941303,8.073717222506414,3.885567446479182,4.188149776027231,1.529381247830326,1490.7352034509083,5267.264796549091,184.19117348303598,650.808826516964,0.0,0.0,1674.9263769339443,5918.073623066055,17754.220869198165,2043.3087239000163,1.1351715132777869,6129.926171700049,18389.778515100148,7219.691276099984,21659.073828299952,64977.221484899856,9263.0,27789.0,83367.0,1.1027380952380952,29.999954713037027,119.99981885214811,149.99977356518514,13.29907132338423,66824.89604478619,44721.98859265729,22102.907452128904,0.0,200474.68813435856,134165.96577797187,66308.72235638672,0.0,4472.205610352725,552.573520449108,0.0,5024.779130801833,13416.616831058174,1657.7205613473238,0.0,22779.0,1.077873395254592,-143.26113590662555
7,7,2025,1NB,1,NB,PM-Late,3,OP,PM,3.0,65,8400.0,1,6,70,1800,1,6,0.2,0.0,5257.0,650.0,0.0,0.0,0.0,1.0,1.0,1.0,10.0,5.0,0.2321981424148607,0.2321981424148607,30,4.005,0.592,5257.0,650.0,0.0,0.0,0.0,5907.0,7207.0,1.0,1.2,0.6005833333333334,7207.0,0.0,1.0,0.0,4994.15,617.5,0.0,0.0,0.0,5611.65,9.999986474938233,39.99994589975293,49.99993237469116,0.23219813364281264,0.23219813868023587,0.23219813574193612,-1044.0552385423223,-4176.220954169289,-5220.276192711612,59.664566960768084,47.46844723541299,-1.029571264311548,3.791992586302975,3.016865941863911,0.7751266444390641,0.3392601865074044,1159.6323091322527,4097.367690867747,143.38235063504564,506.61764936495433,0.0,0.0,1303.0146597672983,4603.985340232702,13811.956020698104,1589.7793610373897,0.8832107561318832,4769.3380831121685,14308.014249336506,5617.22063896261,16851.66191688783,50554.985750663494,7207.0,21621.0,64863.0,0.8579761904761904,29.999959424814698,119.99983769925879,149.9997971240735,13.301150179461795,51994.78102681544,34788.92222167175,17205.858805143693,0.0,155984.34308044633,104366.76666501525,51617.576415431075,0.0,3478.8969273967577,430.1470519051369,0.0,3909.0439793018945,10436.690782190273,1290.4411557154108,0.0,17721.0,0.2569310865567223,-774.0660094719043
8,8,2025,1SB,1,SB,Night,8,OP,NT,3.0,65,8400.0,1,6,70,1800,1,6,0.2,0.052631578947368425,1025.0,127.0,0.0,0.0,0.0,1.0,1.0,1.0,3.0,3.0,0.15789473684210525,0.15789473684210525,30,4.009,0.708,1025.0,127.0,0.0,0.0,0.0,1152.0,1406.0,1.0,1.2,0.11716666666666667,1406.0,0.0,1.0,0.0,973.75,120.64999999999999,0.0,0.0,0.0,1094.3999999999999,2.99956196156253,11.99824784625012,14.99780980781265,0.052631674748973394,0.05263167434239967,0.05263167394735722,2318.9175165590887,9275.670066236355,11594.587582795442,64.99894928743356,69.99999975157249,0.0,2.57142858055448,2.7692755340400548,-0.19784695348557468,6.132778872090066e-05,51.25009328681284,973.7499067131871,6.350011509410519,120.64998849058948,0.0,0.0,57.60010479622336,1094.3998952037766,8755.199161630213,70.30012781504439,0.03905562656391355,562.4010225203551,1687.2030675610654,1335.6998721849554,10685.598977479644,32056.79693243893,1405.9999999999998,11247.999999999998,33743.99999999999,0.16738095238095235,8.998685884687589,35.994743538750356,44.99342942343795,3.9916045826565587,689.7505267983096,461.18349104896487,228.56703574934468,0.0,5518.004214386477,3689.467928391719,1828.5362859947575,0.0,410.00074629450273,50.800092075284155,0.0,460.8008383697869,1230.0022388835082,152.40027622585245,0.0,9216.0,-0.07144357831267831,909.6613039678367
9,9,2025,1SB,1,SB,AM-Early,1,OP,AM,3.0,65,15600.0,1,6,70,1800,1,6,0.2,0.0,4653.0,575.0,0.0,0.0,0.0,1.0,1.0,1.0,10.0,5.0,0.13611615245009073,0.13611615245009073,30,3.82,0.715,4653.0,575.0,0.0,0.0,0.0,5228.0,6378.0,1.0,1.2,0.3321875,6378.0,0.0,1.0,0.0,4420.349999999999,546.25,0.0,0.0,0.0,4966.599999999999,4.9999997362912945,19.999998945165178,24.99999868145647,0.13611615044229342,0.13611615033381705,0.13611615081354125,-2522.663649639602,-10090.654598558409,-12613.318248198011,64.86800109521576,69.35824430706388,-0.4906153479022457,2.5952214015553974,2.7748658346322257,-0.1796444330768283,0.007720039599994818,601.6810256075917,4051.3189743924086,74.35344711984756,500.64655288015246,0.0,0.0,676.0344727274393,4551.965527272561,4551.965527272561,824.7413669671344,0.45818964831507464,824.7413669671344,2474.2241009014033,5553.258633032866,5553.258633032866,16659.775899098597,6378.0,6378.0,19134.0,0.40884615384615386,14.999999208873884,59.99999683549554,74.99999604436941,6.649770114827038,13486.421500007342,9025.214908108303,4461.206591899038,0.0,13486.421500007342,9025.214908108303,4461.206591899038,0.0,601.6810256075917,74.35344711984756,0.0,676.0344727274393,1805.043076822775,223.0603413595427,0.0,5228.0,-0.0647398626754284,1669.9653812772312
10,10,2025,1SB,1,SB,AM-Peak,2,Peak,AM,3.0,65,15600.0,1,6,70,1800,1,6,0.2,0.0,7241.0,895.0,0.0,0.0,0.0,1.0,1.0,1.0,10.0,5.0,0.13611615245009073,0.13611615245009073,30,3.82,0.715,7241.0,895.0,0.0,0.0,0.0,8136.0,9926.0,1.0,1.2,0.5169791666666667,9926.0,0.0,1.0,0.0,6878.95,850.25,0.0,0.0,0.0,7729.2,2.6000056036262498,10.400022414504999,13.00002801813125,0.13191952188061928,0.13190398537347575,0.13188879249165222,-443.8802042073591,-1775.5208168294364,-2219.4010210367956,63.1241836445593,63.1242531896869,-1.0089318407420353,2.85151888386076,2.851522025433976,-3.141573215792448e-06,0.11273902099839324,907.467795040686,6333.532204959314,112.15136356379776,782.8486364362022,0.0,0.0,1019.6191586044838,7116.380841395517,14232.761682791033,1243.9218857320793,0.6910677142955997,2487.8437714641586,7463.531314392476,8682.07811426792,17364.15622853584,52092.46868560753,9926.0,19852.0,59556.0,0.6362820512820513,7.800016810878749,31.200067243514997,39.00008405439375,3.457955862581643,10577.39414129081,7078.264056648422,3499.130084642388,0.0,21154.78828258162,14156.528113296845,6998.260169284776,0.0,1814.935590081372,224.30272712759552,0.0,2039.2383172089676,5444.806770244117,672.9081813827866,0.0,16272.0,-1.101718025591729e-06,49656756.504471466
11,11,2025,1SB,1,SB,AM-Shoulder,1,OP,AM,3.0,65,12217.106112,1,6,70,1800,1,6,0.2,0.0,5917.0,731.0,0.0,0.0,0.0,1.0,1.0,1.0,10.0,5.0,0.1689664780809486,0.1689664780809486,30,3.82,0.715,5917.0,731.0,0.0,0.0,0.0,6648.0,8110.0,1.0,1.2,0.5127360177376042,8110.0,0.0,1.0,0.0,5621.15,694.4499999999999,0.0,0.0,0.0,6315.599999999999,2.6000063488631633,10.400025395452653,13.000031744315816,0.16190625585023685,0.16189225628969064,0.16187857958156643,-778.6492756792276,-3114.5971027169103,-3893.2463783961384,63.02024857712237,63.02035371698433,-0.6300726004246155,2.8562200842025582,2.8562248493787066,-4.765176148335826e-06,0.11918188980267436,910.0993500725589,5006.900649927441,112.42607738037566,618.5739226196243,0.0,0.0,1022.5254274529345,5625.474572547066,5625.474572547066,1247.3775822136859,0.6929875456742699,1247.3775822136859,3742.1327466410576,6862.622417786314,6862.622417786314,20587.86725335894,8110.0,8110.0,24330.0,0.6638233249062248,7.80001904658949,31.20007618635796,39.000095232947444,3.4576139167107978,10606.494444455771,7098.7922648546755,3507.702179601096,0.0,10606.494444455771,7098.7922648546755,3507.702179601096,0.0,910.0993500725589,112.42607738037566,0.0,1022.5254274529345,2730.2980502176765,337.278232141127,0.0,6648.0,-1.6683476965661015e-06,32737589.56135774
12,12,2025,1SB,1,SB,MD,5,OP,MD,3.0,65,15600.0,1,6,70,1800,1,6,0.2,0.0,5755.0,711.0,0.0,0.0,0.0,1.0,1.0,1.0,10.0,5.0,0.13611615245009073,0.13611615245009073,30,3.823,0.708,5755.0,711.0,0.0,0.0,0.0,6466.0,7888.0,1.0,1.2,0.41083333333333333,7888.0,0.0,1.0,0.0,5467.25,675.4499999999999,0.0,0.0,0.0,6142.7,1.6098386388619679,6.4393545554478715,8.04919319430984,0.04758128935313797,0.04750969581164724,0.04720836976855115,149.4799877393611,597.9199509574444,747.3999386968054,64.18713135641397,69.99578170760317,1.366985414011039,2.571583538446972,2.8043004290144724,-0.23271689056750056,0.0480454339036731,260.13880421594354,5494.861195784057,32.09042403597712,678.9095759640229,0.0,0.0,292.22922825192063,6173.77077174808,30868.8538587404,356.41007632387493,0.1980055979577083,1782.0503816193745,5346.151144858124,7531.589923676125,37657.949618380626,112973.84885514187,7888.0,39440.0,118320.0,0.5056410256410256,4.829515916585904,19.318063666343615,24.14757958292952,2.1401798869938573,1876.269350089493,1256.3444954825236,619.9248546069695,0.0,9381.346750447465,6281.722477412618,3099.624273034847,0.0,1300.6940210797177,160.4521201798856,0.0,1461.1461412596034,3902.0820632391533,481.35636053965686,0.0,32330.0,-0.08298572013173541,415.0550400367335
13,13,2025,1SB,1,SB,PM-Shoulder,1,OP,PM,3.0,65,15600.0,1,6,70,1800,1,6,0.2,0.0,6461.0,799.0,0.0,0.0,0.0,1.0,1.0,1.0,10.0,5.0,0.13611615245009073,0.13611615245009073,30,4.005,0.592,6461.0,799.0,0.0,0.0,0.0,7260.0,8858.0,1.0,1.2,0.4613541666666667,8858.0,0.0,1.0,0.0,6137.95,759.05,0.0,0.0,0.0,6897.0,1.744778648253168,6.979114593012672,8.72389324126584,0.05006545512380011,0.050037261877534336,0.04970478108833075,145.5401323045174,582.1605292180697,727.7006615225871,63.413329888796234,69.98850313939487,1.4726146950066532,2.5718509744592932,2.838519918693027,-0.266668944233734,0.09492613476329338,307.2992602771289,6153.700739722871,37.98078362814243,761.0192163718575,0.0,0.0,345.2800439052713,6914.719956094728,6914.719956094728,421.2416111615562,0.23402311731197567,421.2416111615562,1263.7248334846686,8436.758388838443,8436.758388838443,25310.27516651533,8858.0,8858.0,26574.0,0.5678205128205128,5.234335944759504,20.937343779038017,26.171679723797517,2.3205552807696472,2403.7242876862592,1608.5075638665821,795.2167238196769,0.0,2403.7242876862592,1608.5075638665821,795.2167238196769,0.0,307.2992602771289,37.98078362814243,0.0,345.2800439052713,921.8977808313866,113.9423508844273,0.0,7260.0,-0.09394647628772655,392.5718429493338
14,14,2025,1SB,1,SB,PM-Peak,3,Peak,PM,3.0,65,15600.0,1,6,70,1800,1,6,0.2,0.0,6412.0,792.0,0.0,0.0,0.0,1.0,1.0,1.0,10.0,5.0,0.13611615245009073,0.13611615245009073,30,4.005,0.592,6412.0,792.0,0.0,0.0,0.0,7204.0,8788.0,1.0,1.2,0.45770833333333333,8788.0,0.0,1.0,0.0,6091.4,752.4,0.0,0.0,0.0,6843.799999999999,4.999997954217251,19.999991816869002,24.999989771086252,0.13611615242674388,0.13611615199974453,0.13611615239989336,-822.6944501878694,-3290.7778007514776,-4113.472250939347,64.1073507649873,65.83187170449712,-1.0562499946148454,2.734237920622631,2.807790336865836,-0.07355241624320508,0.05282660766004131,829.1379308922676,5582.862069107732,102.41379276460778,689.5862072353922,0.0,0.0,931.5517236568754,6272.448276343124,18817.344829029375,1136.379309186091,0.6313218384367172,3409.137927558273,10227.41378267482,7651.620690813908,22954.862072441727,68864.58621732518,8788.0,26364.0,79092.0,0.5633333333333334,14.999993862651753,59.99997545060701,74.99996931325876,6.64908111718915,18581.88892635581,12437.063874675787,6144.825051680021,0.0,55745.666779067426,37311.19162402736,18434.47515504006,0.0,2487.4137926768026,307.24137829382335,0.0,2794.655170970626,7462.241378030408,921.72413488147,0.0,21612.0,-0.02619583637619721,4078.722257893868
15,15,2025,1SB,1,SB,PM-Late,3,OP,PM,3.0,65,15600.0,1,6,70,1800,1,6,0.2,0.0,4012.0,496.0,0.0,0.0,0.0,1.0,1.0,1.0,10.0,5.0,0.13611615245009073,0.13611615245009073,30,4.005,0.592,4012.0,496.0,0.0,0.0,0.0,4508.0,5500.0,1.0,1.2,0.2864583333333333,5500.0,0.0,1.0,0.0,3811.3999999999996,471.2,0.0,0.0,0.0,4282.599999999999,1.0522070813471036,4.2088283253884144,5.261035406735518,0.05069853086711741,0.050688059398509046,0.05056364453399239,144.82591262652153,579.3036505060861,724.1295631326077,64.9072949767449,69.99928910902261,0.904444551993103,2.5714546860562155,2.773185973386978,-0.2017312873307624,0.00541862969400598,193.2323805469313,3818.7676194530686,23.884213588577463,472.11578641142256,0.0,0.0,217.11659413550876,4290.883405864492,12872.650217593475,264.8850213126637,0.14715834517370205,794.6550639379911,2383.9651918139734,5235.114978687337,15705.34493606201,47116.03480818603,5500.0,16500.0,49500.0,0.3525641025641026,3.156621244041311,12.626484976165244,15.783106220206554,1.399455601484945,911.5351015148134,609.9614374711183,301.5736640436951,0.0,2734.60530454444,1829.884312413355,904.7209921310853,0.0,579.6971416407939,71.65264076573239,0.0,651.3497824065263,1739.0914249223817,214.95792229719717,0.0,13524.0,-0.07274351207120153,312.953066012577
16,16,2025,2NB,2,NB,Night,8,OP,NT,2.2,70,8400.0,1,6,70,1800,1,6,0.2,0.052631578947368425,1572.0,194.0,0.0,0.0,0.0,1.0,1.0,1.0,3.0,3.0,0.15789473684210525,0.15789473684210525,30,4.009,0.708,1572.0,194.0,0.0,0.0,0.0,1766.0,2154.0,1.0,1.2,0.1795,2154.0,0.0,1.0,0.0,1493.3999999999999,184.29999999999998,0.0,0.0,0.0,1677.6999999999998,2.999617653864677,11.998470615458707,14.998088269323384,0.05263161286899422,0.052631645856761854,0.052631679427973144,360358.487691886,1441433.950767544,1801792.43845943,69.98537326878379,69.99999678811986,0.0,1.8857143722384078,1.8861083942932566,-0.00039402205484884156,0.0005399287531903465,78.60005065855596,1493.399949341444,9.700012331401208,184.2999876685988,0.0,0.0,88.30006298995717,1677.6999370100427,13421.599496080342,107.70008765275958,0.05983338202931088,861.6007012220766,1895.5215426885686,2046.2999123472405,16370.399298777924,36014.87845731143,2154.0,17232.0,37910.4,0.25642857142857145,6.59915883850229,26.39663535400916,32.99579419251145,3.988167171726926,774.7419074515273,518.6942190101373,256.04768844138994,0.0,6197.935259612218,4149.5537520810985,2048.3815075311195,0.0,628.8004052684477,77.60009865120966,0.0,706.4005039196574,1383.360891590585,170.72021703266128,0.0,14128.0,-0.00020890742867219226,456768.9981235317
17,17,2025,2NB,2,NB,AM-Early,1,OP,AM,2.2,70,8400.0,1,6,70,1800,1,6,0.2,0.0,3701.0,457.0,0.0,0.0,0.0,1.0,1.0,1.0,10.0,5.0,0.2321981424148607,0.2321981424148607,30,3.82,0.715,3701.0,457.0,0.0,0.0,0.0,4158.0,5072.0,1.0,1.2,0.4226666666666667,5072.0,0.0,1.0,0.0,3515.95,434.15,0.0,0.0,0.0,3950.1,4.999961431400593,19.999845725602373,24.999807157002966,0.23219813630064723,0.23219793922932908,0.23219808992467963,-948.3603835318395,-3793.441534127358,-4741.801917659198,69.24767262564995,66.18334783236699,-0.5313517014922992,1.9944593968612352,1.9062012482872388,0.08825814857399639,0.02806713872494593,816.3970373262606,2884.6029626737395,100.80873531641322,356.1912646835868,0.0,0.0,917.2057726426738,3240.7942273573262,3240.7942273573262,1118.8232432755003,0.621568468486389,1118.8232432755003,2461.411135206101,3953.1767567244997,3953.1767567244997,8696.9888647939,5072.0,5072.0,11158.400000000001,0.6038095238095238,10.999915149081307,43.99966059632523,54.99957574540653,6.648576617537353,13415.848277617199,8980.298138550232,4435.550139066966,0.0,13415.848277617199,8980.298138550232,4435.550139066966,0.0,816.3970373262606,100.80873531641322,0.0,917.2057726426738,1796.0734821177734,221.7792176961091,0.0,4158.0,0.04630054074998543,-3399.093349805712
18,18,2025,2NB,2,NB,AM-Peak,2,Peak,AM,2.2,70,12032.710656000001,1,6,70,1800,1,6,0.2,0.0,6185.0,764.0,0.0,0.0,0.0,1.0,1.0,1.0,10.0,5.0,0.17121886747513695,0.17121886747513695,30,3.82,0.715,6185.0,764.0,0.0,0.0,0.0,6949.0,8477.0,1.0,1.2,0.5422604042598612,8477.0,0.0,1.0,0.0,5875.75,725.8,0.0,0.0,0.0,6601.549999999999,4.999982502961004,19.999930011844015,24.99991251480502,0.17121886200670458,0.17121886444773923,0.17121886138135153,-483.0474910387935,-1932.189964155174,-2415.2374551939674,67.16950802656189,58.23361401389455,-0.9686822609249601,2.2667320624906564,1.965177412759986,0.3015546497306705,0.10886448405260965,1006.0392284358944,5178.960771564106,124.27065181616912,639.7293481838309,0.0,0.0,1130.3098802520635,5818.6901197479365,11637.380239495873,1378.8511838844017,0.7660284354913343,2757.7023677688035,6066.945209091368,7098.1488161155985,14196.297632231197,31231.854790908637,8477.0,16954.0,37298.8,0.7044962886872894,10.99996150651421,43.99984602605684,54.99980753257105,6.6491349050629145,16534.282332307255,11066.392786838094,5467.889545469162,0.0,33068.56466461451,22132.78557367619,10935.779090938324,0.0,2012.0784568717888,248.54130363233824,0.0,2260.619760504127,4426.572605117935,546.7908679911442,0.0,13898.0,0.15344907170857067,-994.8410692575966
19,19,2025,2NB,2,NB,AM-Shoulder,1,OP,AM,2.2,70,12104.374728,1,6,70,1800,1,6,0.2,0.0,6832.0,844.0,0.0,0.0,0.0,1.0,1.0,1.0,10.0,5.0,0.17033639404598033,0.17033639404598033,30,3.82,0.715,6832.0,844.0,0.0,0.0,0.0,7676.0,9364.0,1.0,1.2,0.5962669741511277,9364.0,0.0,1.0,0.0,6490.4,801.8,0.0,0.0,0.0,7292.2,9.999980762791449,39.999923051165794,49.999903813957246,0.17033638574468538,0.17033639048645935,0.17033638787886346,-1100.308301966375,-4401.2332078655,-5501.541509831875,65.15714544872652,51.62648725773431,-0.6807719099380315,2.5568270671025504,2.025871438825899,0.5309556282766512,0.19201529976291085,1105.5512780373058,5726.448721962694,136.5757178920431,707.424282107957,0.0,0.0,1242.1269959293488,6433.873004070651,6433.873004070651,1515.278431713435,0.8418213509519084,1515.278431713435,3333.6125497695575,7848.721568286565,7848.721568286565,17267.187450230445,9364.0,9364.0,20600.800000000003,0.7736046025028513,21.99995767814119,87.99983071256476,109.99978839070594,13.298567516144354,36340.72138178242,24322.08132783563,12018.640053946794,0.0,36340.72138178242,24322.08132783563,12018.640053946794,0.0,1105.5512780373058,136.5757178920431,0.0,1242.1269959293488,2432.212811682073,300.4665793624948,0.0,7676.0,0.2620875234730435,-1130.035757818281
20,20,2025,2NB,2,NB,MD,5,OP,MD,2.2,70,13715.492676000002,1,6,70,1800,1,6,0.2,0.0,8292.0,1025.0,0.0,0.0,0.0,1.0,1.0,1.0,10.0,5.0,0.15264878158172504,0.15264878158172504,30,3.823,0.708,8292.0,1025.0,0.0,0.0,0.0,9317.0,11367.0,1.0,1.2,0.6564641395248971,11367.0,0.0,1.0,0.0,7877.4,973.75,0.0,0.0,0.0,8851.15,9.999983026924557,39.99993210769823,49.99991513462278,0.15264877298234047,0.15264877775214405,0.1526487755310367,-879.3654568727222,-3517.461827490889,-4396.8272843636105,62.135142060773404,44.02930696799364,-0.7293181398228831,2.9980031276884547,2.1244016770878686,0.873601450600586,0.3270017261818092,1202.4754442910887,7089.524555708911,148.64174733615027,876.3582526638497,0.0,0.0,1351.117191627239,7965.88280837276,39829.4140418638,1648.4006862995395,0.9157781590552997,8242.003431497698,18132.407549294938,9718.59931370046,48592.996568502305,106904.59245070508,11367.0,56835.0,125037.00000000001,0.8287708118491798,21.999962659234026,87.9998506369361,109.99981329617013,13.300396106556217,39534.86643704421,26454.414873049795,13080.451563994418,0.0,197674.33218522108,132272.07436524896,65402.25781997209,0.0,6012.377221455444,743.2087366807514,0.0,6755.585958136195,13227.229887201976,1635.0592206976532,0.0,46585.0,0.41122235028458437,-686.8108806401185
21,21,2025,2NB,2,NB,PM-Shoulder,1,OP,PM,2.2,70,10469.594412,1,6,70,1800,1,6,0.2,0.0,8170.0,1010.0,0.0,0.0,0.0,1.0,1.0,1.0,10.0,5.0,0.19303173137615684,0.19303173137615684,30,4.005,0.592,8170.0,1010.0,0.0,0.0,0.0,9180.0,11200.0,1.0,1.2,0.7960428475782845,11200.0,0.0,1.0,0.0,7761.5,959.5,0.0,0.0,0.0,8721.0,9.999987050530345,39.99994820212138,49.999935252651724,0.19303172162890841,0.193031727575451,0.1930317248405507,-360.0086719875529,-1440.0346879502115,-1800.043359937764,48.460469144730986,21.827787941421537,-0.9413925252908942,6.047337474335179,2.7238696267213522,3.3234678476138266,1.1482728171796817,1498.2157074227728,6671.7842925772275,185.21394260864525,824.7860573913547,0.0,0.0,1683.429650031418,7496.570349968582,7496.570349968582,2053.8575352487087,1.1410319640270603,2053.8575352487087,4518.48657754716,9146.14246475129,9146.14246475129,20121.51342245284,11200.0,11200.0,24640.0,1.0697644587991706,21.999971511166763,87.99988604466705,109.9998575558338,13.30063646162315,49259.50872432785,32960.70288088356,16298.805843444286,0.0,49259.50872432785,32960.70288088356,16298.805843444286,0.0,1498.2157074227728,185.21394260864525,0.0,1683.429650031418,3296.0745563301,407.4706737390196,0.0,9180.0,1.2201273566878434,-180.5340838373407
22,22,2025,2NB,2,NB,PM-Peak,3,Peak,PM,2.2,70,9987.280332,1,6,70,1800,1,6,0.2,0.0,8254.0,1020.0,0.0,0.0,0.0,1.0,1.0,1.0,10.0,5.0,0.2009302388611062,0.2009302388611062,30,4.005,0.592,8254.0,1020.0,0.0,0.0,0.0,9274.0,11314.0,1.0,1.2,0.8326905549563073,11314.0,0.0,1.0,0.0,7841.299999999999,969.0,0.0,0.0,0.0,8810.3,9.999987997525047,39.999951990100186,49.99993998762523,0.20093022875260985,0.20093023505407132,0.2009302321530583,-247.53558306308332,-990.1423322523333,-1237.6779153154166,43.94132255199173,17.574023015263485,-1.5576559613269776,7.51108610051066,3.0040060775097635,4.5070800230008965,1.5320597547598047,1575.5542027178394,6678.44579728216,194.7013977673951,825.2986022326049,0.0,0.0,1770.2556004852345,7503.744399514765,22511.233198544294,2159.6583960200246,1.1998102200111247,6478.975188060074,14253.745413732164,9154.341603979974,27463.024811939922,60418.65458626783,11313.999999999998,33942.0,74672.4,1.1328409360603495,21.999973594555104,87.99989437822042,109.99986797277552,13.299531250332636,51795.85329540544,34662.15085658279,17133.70243882265,0.0,155387.5598862163,103986.45256974836,51401.10731646795,0.0,4726.662608153518,584.1041933021853,0.0,5310.766801455703,10398.65773793774,1285.0292252648078,0.0,27822.0,1.500356492866066,-133.12372462648494
23,23,2025,2NB,2,NB,PM-Late,3,OP,PM,2.2,70,10088.199408,1,6,70,1800,1,6,0.2,0.0,7941.0,981.0,0.0,0.0,0.0,1.0,1.0,1.0,10.0,5.0,0.1992245395074533,0.1992245395074533,30,4.005,0.592,7941.0,981.0,0.0,0.0,0.0,8922.0,10884.0,1.0,1.2,0.7951374520186271,10884.0,0.0,1.0,0.0,7543.95,931.9499999999999,0.0,0.0,0.0,8475.9,9.999987130889586,39.999948523558345,49.99993565444793,0.1992245296118131,0.19922453575802854,0.19922453286376057,-352.37817928338086,-1409.5127171335234,-1761.8908964169045,48.3476994857082,21.562085171543316,-0.9494179915974129,6.121856905296328,2.7302229765662336,3.3916339287300943,1.156976906467169,1502.9398901650375,6438.0601098349625,185.66730609969468,795.3326939003053,0.0,0.0,1688.6071962647322,7233.392803735268,21700.178411205805,2059.9418084641216,1.1444121158134009,6179.825425392364,13595.615935863203,8824.058191535878,26472.174574607634,58238.7840641368,10884.0,32652.0,71834.40000000001,1.0788843043059722,21.999971687957093,87.99988675182837,109.99985843978546,13.298570737066763,49403.33694262235,33064.63503233217,16338.701910290185,0.0,148210.01082786705,99193.9050969965,49016.10573087056,0.0,4508.819670495112,557.0019182990841,0.0,5065.821588794197,9919.403275089247,1225.4042202579851,0.0,26766.0,1.242255287513443,-176.90565681952256
24,24,2025,2SB,2,SB,Night,8,OP,NT,2.2,70,8400.0,1,6,70,1800,1,6,0.2,0.052631578947368425,1661.0,205.0,0.0,0.0,0.0,1.0,1.0,1.0,3.0,3.0,0.15789473684210525,0.15789473684210525,30,4.009,0.708,1661.0,205.0,0.0,0.0,0.0,1866.0,2276.0,1.0,1.2,0.18966666666666668,2276.0,0.0,1.0,0.0,1577.9499999999998,194.75,0.0,0.0,0.0,1772.6999999999998,2.999638852626174,11.998555410504697,14.99819426313087,0.05263162365923616,0.052631656774123944,0.05263167750221245,258927.69222864546,1035710.7689145819,1294638.4611432273,69.97964500233445,69.9999955298797,0.0,1.8857144061338607,1.8862627839223336,-0.0005483777884729424,0.0007514425450256419,83.05007055309169,1577.9499294469083,10.250015156760638,194.74998484323936,0.0,0.0,93.30008570985233,1772.6999142901477,14181.599314321182,113.80011602337359,0.06322228667965199,910.4009281869887,2002.8820420113755,2162.1998839766266,17297.599071813012,38054.71795798863,2276.0,18208.0,40057.600000000006,0.27095238095238094,6.599205475777584,26.396821903110336,32.996027378887916,3.9882663593524494,818.6323049548694,548.0644803576773,270.5678245971921,0.0,6549.058439638955,4384.515842861419,2164.542596777537,0.0,664.4005644247335,82.0001212540851,0.0,746.4006856788186,1461.6812417344138,180.40026675898724,0.0,14928.0,-0.00029072184064016487,328201.35122312815
25,25,2025,2SB,2,SB,AM-Early,1,OP,AM,2.2,70,12573.080424,1,6,70,1800,1,6,0.2,0.0,5524.0,683.0,0.0,0.0,0.0,1.0,1.0,1.0,10.0,5.0,0.16478172964765558,0.16478172964765558,30,3.82,0.715,5524.0,683.0,0.0,0.0,0.0,6207.0,7573.0,1.0,1.2,0.46824722325389956,7573.0,0.0,1.0,0.0,5247.8,648.85,0.0,0.0,0.0,5896.65,4.999999730251485,19.99999892100594,24.999998651257425,0.1647817283111902,0.16478172724245563,0.16478172712036446,-924.0542763720432,-3696.217105488173,-4620.271381860217,68.81687316797066,64.71805228542252,-0.5300403279496881,2.039616387369749,1.918134229635946,0.12148215773380278,0.044415323172674784,864.741553831464,4659.2584461685365,106.91862372126734,576.0813762787327,0.0,0.0,971.6601775527313,5235.339822447269,5235.339822447269,1185.497424995266,0.6586096805529256,1185.497424995266,2608.0943349895856,6387.502575004734,6387.502575004734,14052.505665010416,7573.0,7573.0,16660.600000000002,0.6023185841986944,10.999999406553268,43.99999762621307,54.99999703276634,6.650555455746939,14216.575768901788,9512.156578968055,4704.419189933732,0.0,14216.575768901788,9512.156578968055,4704.419189933732,0.0,864.741553831464,106.91862372126734,0.0,971.6601775527313,1902.431418429221,235.22097218678817,0.0,6207.0,0.06333350182529175,-2469.4983149086197
26,26,2025,2SB,2,SB,AM-Peak,2,Peak,AM,2.2,70,12821.65746,1,6,70,1800,1,6,0.2,0.0,8210.0,1015.0,0.0,0.0,0.0,1.0,1.0,1.0,10.0,5.0,0.16198034040332243,0.16198034040332243,30,3.82,0.715,8210.0,1015.0,0.0,0.0,0.0,9225.0,11255.0,1.0,1.2,0.6853753969363333,11255.0,0.0,1.0,0.0,7799.5,964.25,0.0,0.0,0.0,8763.75,9.999984075942054,39.999936303768216,49.99992037971027,0.1619803315121304,0.16198033659207872,0.16198033425146227,-574.4842745440519,-2297.9370981762077,-2872.421372720259,59.937729800610185,39.029575909848376,-1.2069907075184654,3.3820505840211372,2.2022856127369743,1.179764971284163,0.43370271802108307,1263.365595628861,6946.634404371139,156.18953955891192,858.810460441088,0.0,0.0,1419.555135187773,7805.444864812227,15610.889729624454,1731.9342143055967,0.9621856746142203,3463.8684286111934,7620.510542944626,9523.065785694402,19046.131571388803,41901.48945705537,11254.999999999998,22509.999999999996,49522.0,0.8778116273276262,21.999964967072522,87.99985986829009,109.9998248353626,13.30079191996688,41538.65643851665,27793.99884443965,13744.657594077,0.0,83077.3128770333,55587.9976888793,27489.315188154,0.0,2526.731191257722,312.37907911782384,0.0,2839.110270375546,5558.8086207669885,687.2339740592125,0.0,18450.0,0.535700258159506,-508.57506296650763
27,27,2025,2SB,2,SB,AM-Shoulder,1,OP,AM,2.2,70,9696.455472,1,6,70,1800,1,6,0.2,0.0,7293.0,901.0,0.0,0.0,0.0,1.0,1.0,1.0,10.0,5.0,0.20601315408909707,0.20601315408909707,30,3.82,0.715,7293.0,901.0,0.0,0.0,0.0,8194.0,9996.0,1.0,1.2,0.7517793009610584,9996.0,0.0,1.0,0.0,6928.349999999999,855.9499999999999,0.0,0.0,0.0,7784.299999999999,9.99998565174317,39.99994260697268,49.999928258715855,0.2060131447951915,0.2060131504332006,0.20601314752935548,-437.70396437610015,-1750.8158575044006,-2188.5198218805012,52.83424541043176,26.432147853547736,-0.9071849364646495,4.993918796587047,2.498379582685163,2.4955392139018837,0.8393514568501023,1427.331171741765,5865.6688282582345,176.33695611329804,724.663043886702,0.0,0.0,1603.6681278550632,6590.331872144937,6590.331872144937,1956.3420400816592,1.086856688934255,1956.3420400816592,4303.952488179651,8039.657959918341,8039.657959918341,17687.24751182035,9996.0,9996.0,21991.2,1.0308921676446596,21.999968433834976,87.9998737353399,109.99984216917488,13.298736185677361,46918.87059579192,31401.24072294752,15517.629872844402,0.0,46918.87059579192,31401.24072294752,15517.629872844402,0.0,1427.331171741765,176.33695611329804,0.0,1603.6681278550632,3140.1285778318834,387.9413034492557,0.0,8194.0,0.9988631155958189,-240.42865596428177
28,28,2025,2SB,2,SB,MD,5,OP,MD,2.2,70,11567.508156,1,6,70,1800,1,6,0.2,0.0,7927.0,980.0,0.0,0.0,0.0,1.0,1.0,1.0,10.0,5.0,0.17717745334372692,0.17717745334372692,30,3.823,0.708,7927.0,980.0,0.0,0.0,0.0,8907.0,10867.0,1.0,1.2,0.7164657429705226,10867.0,0.0,1.0,0.0,7530.65,931.0,0.0,0.0,0.0,8461.65,9.999985104830014,39.999940419320055,49.99992552415007,0.1771774440618573,0.17717744959235546,0.17717744701394703,-594.8046451491261,-2379.2185805965046,-2974.023225745631,57.02696981416974,33.316346217824055,-0.8267085503575786,3.9620190982821746,2.314694265364971,1.6473248329172034,0.5877025721214391,1334.2613191244254,6592.738680875575,164.95220557048293,815.0477944295171,0.0,0.0,1499.2135246949083,7407.786475305092,37038.93237652546,1829.1179358358743,1.01617663101993,9145.589679179371,20120.297294194617,9037.882064164125,45189.41032082062,99416.70270580538,10867.0,54334.99999999999,119537.0,0.9394417409045309,21.99996723062603,87.99986892250412,109.99983615313016,13.300754951572225,43869.47776650967,29353.70529782922,14515.772468680452,0.0,219347.38883254834,146768.5264891461,72578.86234340226,0.0,6671.306595622127,824.7610278524146,0.0,7496.0676234745415,14676.874510368682,1814.4742612753123,0.0,44535.0,0.7116813903098603,-364.22634704491065
29,29,2025,2SB,2,SB,PM-Shoulder,1,OP,PM,2.2,70,13455.838380000001,1,6,70,1800,1,6,0.2,0.0,8663.0,1071.0,0.0,0.0,0.0,1.0,1.0,1.0,10.0,5.0,0.1552468631115361,0.1552468631115361,30,4.005,0.592,8663.0,1071.0,0.0,0.0,0.0,9734.0,11876.0,1.0,1.2,0.6963011571407726,11876.0,0.0,1.0,0.0,8229.85,1017.4499999999999,0.0,0.0,0.0,9247.3,9.999984225561676,39.9999369022467,49.99992112780838,0.1552468543724434,0.15524685921269193,0.15524685703420152,-716.2262178745108,-2864.904871498043,-3581.1310893725545,59.248949974852486,37.86002605103021,-0.7766797730579539,3.4865269195029556,2.2278875837635237,1.2586393357394319,0.4687774183274564,1277.6583244570534,7385.341675542946,157.9559169059534,913.0440830940466,0.0,0.0,1435.6142413630068,8298.385758636992,8298.385758636992,1751.5260751749136,0.9730700417638408,1751.5260751749136,3853.3573653848102,10124.473924825086,10124.473924825086,22273.84263461519,11876.0,11876.0,26127.2,0.8825908623911399,21.999965296235686,87.99986118494274,109.99982648117845,13.300780425299836,42008.53755956606,28108.438798501807,13900.09876106425,0.0,42008.53755956606,28108.438798501807,13900.09876106425,0.0,1277.6583244570534,157.9559169059534,0.0,1435.6142413630068,2810.8483138055176,347.5030171930975,0.0,9734.0,0.5649474169667209,-476.70451454721945
30,30,2025,2SB,2,SB,PM-Peak,3,Peak,PM,2.2,70,15600.0,1,6,70,1800,1,6,0.2,0.0,8707.0,1076.0,0.0,0.0,0.0,1.0,1.0,1.0,10.0,5.0,0.13611615245009073,0.13611615245009073,30,4.005,0.592,8707.0,1076.0,0.0,0.0,0.0,9783.0,11935.0,1.0,1.2,0.6216145833333333,11935.0,0.0,1.0,0.0,8271.65,1022.1999999999999,0.0,0.0,0.0,9293.85,9.999981279559847,39.99992511823939,49.999906397799236,0.13611614439287523,0.13611614853921214,0.136116146564623,-795.3765584057181,-3181.5062336228725,-3976.8827920285908,64.37545270327493,50.09725674014057,-1.051962873012586,2.6348748132995996,2.050471017398917,0.5844037959006827,0.22571672240794483,1125.9051057673264,7581.094894232674,139.13792703678263,936.8620729632173,0.0,0.0,1265.043032804109,8517.95696719589,25553.870901587674,1543.3188868776742,0.8573993815987079,4629.956660633023,10185.90465339265,10391.681113122326,31175.043339366977,68585.09534660736,11935.0,35805.0,78771.0,0.7650641025641025,21.999958815031665,87.99983526012666,109.99979407515833,13.29957654129679,37013.98061418744,24769.865956515052,12244.114657672395,0.0,111041.94184256233,74309.59786954516,36732.34397301718,0.0,3377.715317301979,417.4137811103479,0.0,3795.129098412327,7430.973698064355,918.3103184427654,0.0,29349.0,0.2850095372925662,-1026.6854544448552
31,31,2025,2SB,2,SB,PM-Late,3,OP,PM,2.2,70,13034.581871999999,1,6,70,1800,1,6,0.2,0.0,6708.0,829.0,0.0,0.0,0.0,1.0,1.0,1.0,10.0,5.0,0.1596553966311602,0.1596553966311602,30,4.005,0.592,6708.0,829.0,0.0,0.0,0.0,7537.0,9195.0,1.0,1.2,0.5527641193961957,9195.0,0.0,1.0,0.0,6372.599999999999,787.55,0.0,0.0,0.0,7160.15,4.999980834222988,19.999923336891953,24.99990417111494,0.15965539132128712,0.15965539355038677,0.1596553906309355,-681.2822834971217,-2725.129133988487,-3406.4114174856086,66.92600216700573,57.550129143642394,-0.6207793151078171,2.293652541952326,1.9723275815969104,0.3213249603554156,0.11866021535919588,1017.4199467340342,5690.580053265966,125.7366051906071,703.2633948093929,0.0,0.0,1143.1565519246412,6393.8434480753585,19181.530344226077,1394.6297623058554,0.7747943123921419,4183.889286917566,9204.556431218647,7800.370237694145,23401.110713082435,51482.44356878136,9195.0,27585.0,60687.00000000001,0.7054311438828792,10.999957835290575,43.9998313411623,54.99978917645288,6.649835217828206,16723.965936654982,11191.576514857958,5532.389421797025,0.0,50171.89780996495,33574.72954457387,16597.168265391076,0.0,3052.2598402021026,377.2098155718213,0.0,3429.469655773924,6714.971648444626,829.8615942580069,0.0,22611.0,0.1629166287352998,-933.6307074357138
32,32,2025,3NB,3,NB,Night,8,OP,NT,3.4,70,8400.0,1,6,70,1800,1,6,0.2,0.052631578947368425,1542.0,191.0,0.0,0.0,0.0,1.0,1.0,1.0,3.0,3.0,0.15789473684210525,0.15789473684210525,30,4.009,0.708,1542.0,191.0,0.0,0.0,0.0,1733.0,2115.0,1.0,1.2,0.17625,2115.0,0.0,1.0,0.0,1464.8999999999999,181.45,0.0,0.0,0.0,1646.35,2.999744114101686,11.998976456406744,14.99872057050843,0.05263168460386474,0.052631664210280385,0.05263160385062658,402128.799812041,1608515.199248164,2010643.999060205,69.98689175376681,69.99999712160624,0.0,2.914285834120888,2.9148315475664823,-0.0005457134455943979,0.0007477915946523049,77.10015477620145,1464.8998452237986,9.550015470955374,181.44998452904463,0.0,0.0,86.65017024715682,1646.349829752843,13170.798638022745,105.75020118906758,0.058750111771704215,846.0016095125407,2876.405472342638,2009.2497988109326,16073.99839048746,54651.59452765736,2115.0,16920.0,57528.0,0.2517857142857143,10.199129987945732,40.796519951782926,50.995649939728665,3.9915806892705072,1175.96189735388,786.3545006532136,389.6073967006665,0.0,9407.69517883104,6290.8360052257085,3116.859173605332,0.0,616.8012382096116,76.400123767643,0.0,693.2013619772546,2097.1242099126794,259.76042080998616,0.0,13864.0,-0.00018721954826171687,329815.30563180393
33,33,2025,3NB,3,NB,AM-Early,1,OP,AM,3.4,70,15600.0,1,6,70,1800,1,6,0.2,0.0,3840.0,475.0,0.0,0.0,0.0,1.0,1.0,1.0,10.0,5.0,0.13611615245009073,0.13611615245009073,30,3.82,0.715,3840.0,475.0,0.0,0.0,0.0,4315.0,5265.0,1.0,1.2,0.27421875,5265.0,0.0,1.0,0.0,3648.0,451.25,0.0,0.0,0.0,4099.25,0.99466838627298,3.97867354509192,4.9733419313649,0.043486088844694425,0.04345436408983053,0.04331431399461574,155.26312853159277,621.0525141263711,776.3156426579637,69.91977140844975,69.99978233877522,1.1029432234968737,2.914294776128148,2.9176296759938602,-0.0033348998657123374,0.004581227540159934,158.63725210544527,3681.3627478945546,19.608781795536025,455.391218204464,0.0,0.0,178.2460339009813,4136.753966099019,4136.753966099019,217.46359749205334,0.12081310971780741,217.46359749205334,739.3762314729813,5047.536402507947,5047.536402507947,17161.62376852702,5265.0,5265.0,17901.000000000004,0.3375,3.381872513328132,13.527490053312528,16.90936256664066,1.3229377157804136,801.748563182,536.4909624853107,265.25760069668934,0.0,801.748563182,536.4909624853107,265.25760069668934,0.0,158.63725210544527,19.608781795536025,0.0,178.2460339009813,539.3666571585139,66.66985810482248,0.0,4315.0,-0.0011430168445131195,17895.62073211787
34,34,2025,3NB,3,NB,AM-Peak,2,Peak,AM,3.4,70,13245.661692,1,6,70,1800,1,6,0.2,0.0,6586.0,814.0,0.0,0.0,0.0,1.0,1.0,1.0,10.0,5.0,0.15741554616311113,0.15741554616311113,30,3.82,0.715,6586.0,814.0,0.0,0.0,0.0,7400.0,9028.0,1.0,1.2,0.535924332630246,9028.0,0.0,1.0,0.0,6256.7,773.3,0.0,0.0,0.0,7030.0,4.999984392152483,19.999937568609933,24.999921960762418,0.1574155400291193,0.15741554276428577,0.15741554018903825,-508.427769277928,-2033.711077111712,-2542.13884638964,67.44173889795134,59.42023745495682,-1.4483607658962563,3.4331737592708387,3.0248330386124853,0.40834072065835336,0.15144983432767659,984.9018093001907,5601.0981906998095,121.72943921962218,692.2705607803778,0.0,0.0,1106.631248519813,6293.368751480188,12586.737502960375,1350.0901269590572,0.7500500705328096,2700.1802539181144,9180.612863321589,7677.909873040942,15355.819746081885,52209.78713667841,9028.0,18056.0,61390.399999999994,0.6815816536710019,16.999946933318444,67.99978773327378,84.99973466659222,6.649979267078577,25020.854520457324,16743.278492632566,8277.57602782476,0.0,50041.70904091465,33486.55698526513,16555.15205564952,0.0,1969.8036186003815,243.45887843924436,0.0,2213.262497039626,6697.332303241297,827.7601866934308,0.0,14800.0,0.1349961189413821,-734.6782927881184
35,35,2025,3NB,3,NB,AM-Shoulder,1,OP,AM,3.4,70,12407.243268,1,6,70,1800,1,6,0.2,0.0,7140.0,883.0,0.0,0.0,0.0,1.0,1.0,1.0,10.0,5.0,0.1667051804459592,0.1667051804459592,30,3.82,0.715,7140.0,883.0,0.0,0.0,0.0,8023.0,9789.0,1.0,1.2,0.61153565520986,9789.0,0.0,1.0,0.0,6783.0,838.8499999999999,0.0,0.0,0.0,7621.849999999999,9.999990408007541,39.999961632030164,49.999952040037705,0.16670517009867747,0.1667051762140756,0.16670517404777083,-1038.065180917395,-4152.26072366958,-5190.325904586975,64.47306898553879,49.710241262005894,-1.0730051987835447,4.10378213464676,3.1641118254469456,0.9396703091998146,0.3422617722908872,1130.7611687793292,6009.238831220671,139.8406370671773,743.1593629328227,0.0,0.0,1270.6018058465065,6752.398194153494,6752.398194153494,1550.2830799808612,0.8612683777671452,1550.2830799808612,5270.962471934928,8238.716920019138,8238.716920019138,28011.63752806507,9789.0,9789.0,33282.6,0.7889746165650824,33.99996738722564,135.99986954890255,169.9998369361282,13.301744796094024,57464.15126000988,38445.842861238336,19018.30839877154,0.0,57464.15126000988,38445.842861238336,19018.30839877154,0.0,1130.7611687793292,139.8406370671773,0.0,1270.6018058465065,3844.587973849719,475.45816602840284,0.0,8023.0,0.29697759151324615,-638.5212117549908
36,36,2025,3NB,3,NB,MD,5,OP,MD,3.4,70,13836.389448000002,1,6,70,1800,1,6,0.2,0.0,8510.0,1052.0,0.0,0.0,0.0,1.0,1.0,1.0,10.0,5.0,0.15146853821388515,0.15146853821388515,30,3.823,0.708,8510.0,1052.0,0.0,0.0,0.0,9562.0,11666.0,1.0,1.2,0.6690605319863465,11666.0,0.0,1.0,0.0,8084.5,999.4,0.0,0.0,0.0,9083.9,9.999992055721929,39.999968222887716,49.99996027860965,0.1514685275956694,0.15146853375977462,0.15146853190468848,-830.7921441772303,-3323.168576708921,-4153.960720886152,61.32631010900746,42.22158671446789,-1.146668744176093,4.831651670970864,3.3264678673376924,1.5051838036331713,0.5646895496812103,1224.5473113471892,7285.452688652811,151.37765263951874,900.6223473604813,0.0,0.0,1375.924963986708,8186.075036013292,40930.37518006646,1678.6802692657454,0.9326001495920808,8393.401346328727,28537.56457751767,9987.319730734254,49936.59865367127,169784.43542248232,11666.0,58330.0,198322.0,0.8431390315980356,33.999972989454555,135.99989195781822,169.9998649472728,13.300554288613384,62221.91991391632,41634.57551011363,20587.344403802686,0.0,311109.59956958157,208172.87755056814,102936.72201901342,0.0,6122.736556735946,756.8882631975937,0.0,6879.62481993354,20817.304292902216,2573.4200948718185,0.0,47810.0,0.45248710153266297,-398.6220964476587
37,37,2025,3NB,3,NB,PM-Shoulder,1,OP,PM,3.4,70,13076.846844,1,6,70,1800,1,6,0.2,0.0,9016.0,1114.0,0.0,0.0,0.0,1.0,1.0,1.0,10.0,5.0,0.1592018172578546,0.1592018172578546,30,4.005,0.592,9016.0,1114.0,0.0,0.0,0.0,10130.0,12358.0,1.0,1.2,0.7410273725962869,12358.0,0.0,1.0,0.0,8565.199999999999,1058.3,0.0,0.0,0.0,9623.5,9.999993522479976,39.9999740899199,49.99996761239988,0.1592018060599122,0.1592018127365605,0.15920181074550296,-559.5996192694614,-2238.3984770778457,-2797.998096347307,55.27905517623755,31.064407331543855,-1.2852391132782481,6.56700119280407,3.6903669816645523,2.8766342111395176,1.0632313363090078,1363.5953092643597,7652.4046907356405,168.48327841910196,945.5167215808981,0.0,0.0,1532.0785876834616,8597.921412316538,8597.921412316538,1869.0451445216656,1.0383584136231476,1869.0451445216656,6354.753491373663,10488.954855478336,10488.954855478336,35662.446508626344,12358.000000000002,12358.000000000002,42017.200000000004,0.9450290385308119,33.999977976431914,135.99991190572766,169.99988988215958,13.299103058469344,69275.92150634015,46362.2104837541,22913.711022586052,0.0,69275.92150634015,46362.2104837541,22913.711022586052,0.0,1363.5953092643597,168.48327841910196,0.0,1532.0785876834616,4636.2240514988225,572.8431466249467,0.0,10130.0,0.779498143526637,-208.57695741271235
38,38,2025,3NB,3,NB,PM-Peak,3,Peak,PM,3.4,70,12299.131248,1,6,70,1800,1,6,0.2,0.0,9216.0,1139.0,0.0,0.0,0.0,1.0,1.0,1.0,10.0,5.0,0.1679834743695677,0.1679834743695677,30,4.005,0.592,9216.0,1139.0,0.0,0.0,0.0,10355.0,12633.0,1.0,1.2,0.7945717160860059,12633.0,0.0,1.0,0.0,8755.199999999999,1082.05,0.0,0.0,0.0,9837.25,9.999994541761671,39.999978167046685,49.99997270880836,0.167983462654581,0.16798346982626275,0.1679834675847771,-341.4988339584258,-1365.9953358337032,-1707.494169792129,49.5130599642505,23.537408559024424,-2.1826840162879666,8.66705438232217,4.120125077046185,4.546929305275985,1.6519999269818453,1470.7288122333873,7745.2711877666125,181.7665135255076,957.2334864744923,0.0,0.0,1652.495325758895,8702.504674241105,26107.514022723313,2016.02835280991,1.1200157515610611,6048.08505842973,20563.489198661082,10616.97164719009,31850.91494157027,108293.11080133892,12633.0,37899.0,128856.6,1.0271457182843131,33.99998144198968,135.99992576795873,169.99990720994842,13.299848008449167,74724.9846687044,50004.7523221347,24720.2323465697,0.0,224174.95400611323,150014.2569664041,74160.6970397091,0.0,4412.186436700162,545.2995405765228,0.0,4957.485977276685,15001.43388478055,1854.0184379601774,0.0,31065.0,1.10359011443793,-131.95711484000782
39,39,2025,3NB,3,NB,PM-Late,3,OP,PM,3.4,70,11326.70526,1,6,70,1800,1,6,0.2,0.0,8220.0,1016.0,0.0,0.0,0.0,1.0,1.0,1.0,10.0,5.0,0.18042768582979357,0.18042768582979357,30,4.005,0.592,8220.0,1016.0,0.0,0.0,0.0,9236.0,11268.0,1.0,1.2,0.7548886243634451,11268.0,0.0,1.0,0.0,7809.0,965.1999999999999,0.0,0.0,0.0,8774.199999999999,9.999993519731333,39.999974078925334,49.99996759865667,0.18042767441416513,0.1804276814068368,0.18042767902466078,-477.15602332627515,-1908.6240933051006,-2385.7801166313757,53.28477128117171,27.709791560840163,-1.3529508893911337,7.36201856849387,3.828485983800851,3.5335325846930186,1.2524543692357373,1408.9597095002155,6811.0402904997845,174.14879809387887,841.8512019061211,0.0,0.0,1583.1085075940944,7652.891492405905,22958.674477217715,1931.406103781852,1.0730033909899177,5794.218311345556,19700.34225857489,9336.593896218148,28009.781688654446,95233.25774142511,11268.0,33804.0,114933.6,0.9948170929981451,33.99997796708653,135.99991186834612,169.99988983543267,13.300121421364029,71588.82027226589,47904.59907951996,23684.22119274593,0.0,214766.46081679768,143713.79723855987,71052.66357823779,0.0,4226.879128500646,522.4463942816366,0.0,4749.325522782283,14371.389036902197,1776.3177405575643,0.0,27708.0,0.9229582136761519,-169.80163527655878
40,40,2025,3SB,3,SB,Night,8,OP,NT,3.4,70,8400.0,1,6,70,1800,1,6,0.2,0.052631578947368425,1697.0,210.0,0.0,0.0,0.0,1.0,1.0,1.0,3.0,3.0,0.15789473684210525,0.15789473684210525,30,4.009,0.708,1697.0,210.0,0.0,0.0,0.0,1907.0,2327.0,1.0,1.2,0.19391666666666665,2327.0,0.0,1.0,0.0,1612.1499999999999,199.5,0.0,0.0,0.0,1811.6499999999999,2.9997672050109627,11.999068820043851,14.998836025054814,0.052631697117535556,0.05263165975863518,0.052631593060157154,226700.4968433345,906801.987373338,1133502.4842166726,69.97675135156578,69.99999489416643,0.0,2.9142859268551273,2.9152539387702707,-0.0009680119151433964,0.0013264675438423802,84.85019050803494,1612.149809491965,10.500016121847718,199.49998387815228,0.0,0.0,95.35020662988266,1811.6497933701173,14493.198346960939,116.35023887357809,0.06463902159643227,930.8019109886247,3164.726497361324,2210.6497611264217,17685.198089011374,60129.67350263867,2327.0,18616.0,63294.399999999994,0.2770238095238095,10.199208497037272,40.79683398814909,50.996042485186365,3.9907751470283803,1293.7721986006916,865.4047840047813,428.36741459591036,0.0,10350.177588805533,6923.23827203825,3426.939316767283,0.0,678.8015240642795,84.00012897478175,0.0,762.8016530390613,2307.9251818185503,285.6004385142579,0.0,15256.0,-0.0003320506328006982,185933.69511778743
41,41,2025,3SB,3,SB,AM-Early,1,OP,AM,3.4,70,12184.535711999999,1,6,70,1800,1,6,0.2,0.0,5586.0,690.0,0.0,0.0,0.0,1.0,1.0,1.0,10.0,5.0,0.16936000603861728,0.16936000603861728,30,3.82,0.715,5586.0,690.0,0.0,0.0,0.0,6276.0,7656.0,1.0,1.2,0.48503168795643575,7656.0,0.0,1.0,0.0,5306.7,655.5,0.0,0.0,0.0,5962.2,4.9999842483898895,19.999936993559558,24.999921241949448,0.1693599996573794,0.16936000287488387,0.1693599999591419,-862.2762933942097,-3449.1051735768388,-4311.381466971048,68.52791686885102,63.48037370529993,-0.8545387819403466,3.2135916676711087,2.9768889719851828,0.23670269568592595,0.08576646304827239,898.7427101818153,4687.257289818184,111.01548188448638,578.9845181155137,0.0,0.0,1009.7581920663016,5266.241807933698,5266.241807933698,1231.7891558352744,0.6843273087973747,1231.7891558352744,4188.083129839933,6424.210844164725,6424.210844164725,21842.316870160066,7656.0,7656.0,26030.399999999998,0.6283374418985823,16.999946444525623,67.99978577810249,84.99973222262813,6.649118660304811,22827.606926696564,15278.577940498673,7549.028986197892,0.0,22827.606926696564,15278.577940498673,7549.028986197892,0.0,898.7427101818153,111.01548188448638,0.0,1009.7581920663016,3055.725214618172,377.4526384072537,0.0,6276.0,0.07951344437548076,-1267.4086961031214
42,42,2025,3SB,3,SB,AM-Peak,2,Peak,AM,3.4,70,12178.386396,1,6,70,1800,1,6,0.2,0.0,8248.0,1019.0,0.0,0.0,0.0,1.0,1.0,1.0,10.0,5.0,0.1694345102170961,0.1694345102170961,30,3.82,0.715,8248.0,1019.0,0.0,0.0,0.0,9267.0,11305.0,1.0,1.2,0.7164864464762979,11305.0,0.0,1.0,0.0,7835.599999999999,968.05,0.0,0.0,0.0,8803.65,9.999992905458148,39.99997162183259,49.99996452729074,0.1694344991026163,0.16943450579391445,0.16943450361953635,-489.6195038410913,-1958.478015364365,-2448.0975192054566,57.22506804493534,33.858394204406615,-1.972602742456015,6.02509377049694,3.5648712525743314,2.4602225179226087,0.8913021874554059,1327.62096116846,6920.37903883154,164.02107333379888,854.9789266662011,0.0,0.0,1491.6420345022589,7775.357965497741,15550.715930995482,1819.6841811698569,1.010935656205476,3639.3683623397137,12373.852431955027,9485.315818830144,18970.631637660288,64500.14756804498,11305.0,22610.0,76874.0,0.9282838984081779,33.999975878557706,135.99990351423082,169.99987939278853,13.29879288241965,67445.93080329246,45139.08065559524,22306.850147697227,0.0,134891.86160658492,90278.16131119047,44613.700295394454,0.0,2655.24192233692,328.04214666759776,0.0,2983.2840690045177,9027.822535945528,1115.3432986698324,0.0,18534.0,0.6901294166362913,-243.88020593930807
43,43,2025,3SB,3,SB,AM-Shoulder,1,OP,AM,3.4,70,9643.605924,1,6,70,1800,1,6,0.2,0.0,7336.0,907.0,0.0,0.0,0.0,1.0,1.0,1.0,10.0,5.0,0.2069645764071995,0.2069645764071995,30,3.82,0.715,7336.0,907.0,0.0,0.0,0.0,8243.0,10057.0,1.0,1.2,0.7593853258480572,10057.0,0.0,1.0,0.0,6969.2,861.65,0.0,0.0,0.0,7830.849999999999,9.999986360020463,39.99994544008185,49.99993180010232,0.20696456071254393,0.20696457233296023,0.20696457182476105,-417.7037246591216,-1670.8148986364863,-2088.5186232956075,52.01099591286867,25.385390128774024,-1.4182989185433208,8.03611837222736,3.922247525153155,4.113870847074205,1.3809076808883936,1442.377416517861,5893.622583482139,178.33102375069518,728.6689762493048,0.0,0.0,1620.7084402685564,6622.291559731444,6622.291559731444,1977.3704877699465,1.0985391598721925,1977.3704877699465,6723.059658417818,8079.6295122300535,8079.6295122300535,27470.740341582183,10057.0,10057.0,34193.8,1.042867168075708,33.999953624069576,135.9998144962783,169.99976812034788,13.300964674380207,73293.75141903851,49040.76527001256,24252.986149025946,0.0,73293.75141903851,49040.76527001256,24252.986149025946,0.0,1442.377416517861,178.33102375069518,0.0,1620.7084402685564,4904.083216160728,606.3254807523635,0.0,8243.0,1.048855489280618,-145.8478410978674
44,44,2025,3SB,3,SB,MD,5,OP,MD,3.4,70,12967.063032,1,6,70,1800,1,6,0.2,0.0,8482.0,1048.0,0.0,0.0,0.0,1.0,1.0,1.0,10.0,5.0,0.16038538248934447,0.16038538248934447,30,3.823,0.708,8482.0,1048.0,0.0,0.0,0.0,9530.0,11626.0,1.0,1.2,0.7017538339501623,11626.0,0.0,1.0,0.0,8057.9,995.5999999999999,0.0,0.0,0.0,9053.5,9.999992824429336,39.999971297717344,49.99996412214668,0.16038537145171083,0.16038537803877428,0.1603853759902368,-683.7431479040101,-2734.9725916160405,-3418.7157395200506,58.692541852538625,36.67994364261019,-1.2193474650646783,5.561622503776647,3.475739737299798,2.085882766476849,0.7691920115292945,1292.3692846207407,7189.6307153792595,159.67968237540367,888.3203176245963,0.0,0.0,1452.0489669961444,8077.951033003856,40389.755165019276,1771.4083317469517,0.9841157398594176,8857.041658734759,30113.94163969818,9854.591668253048,49272.95834126524,167528.05836030183,11626.0,58130.0,197642.0,0.8965792771508446,33.999975603059745,135.99990241223898,169.9998780152987,13.299046191612577,65656.94536752117,43940.52414724896,21716.421220272216,0.0,328284.7268376058,219702.62073624477,108582.10610136107,0.0,6461.846423103703,798.3984118770184,0.0,7260.244834980722,21970.27783855259,2714.554600381862,0.0,47650.0,0.6001262822104485,-287.6477907141382
45,45,2025,3SB,3,SB,PM-Shoulder,1,OP,PM,3.4,70,15600.0,1,6,70,1800,1,6,0.2,0.0,9455.0,1169.0,0.0,0.0,0.0,1.0,1.0,1.0,10.0,5.0,0.13611615245009073,0.13611615245009073,30,4.005,0.592,9455.0,1169.0,0.0,0.0,0.0,10624.0,12962.0,1.0,1.2,0.6751041666666666,12962.0,0.0,1.0,0.0,8982.25,1110.55,0.0,0.0,0.0,10092.8,9.999992446385482,39.99996978554193,49.99996223192741,0.13611614191097696,0.13611614789020457,0.1361161462862965,-850.141085201096,-3400.564340804384,-4250.705426005479,61.22241043160204,42.37484810151441,-1.1300201424994771,4.8141765490531485,3.3321131683945984,1.4820633806585501,0.572423612129171,1222.6292156798727,8232.370784320126,151.16378803946668,1017.8362119605333,0.0,0.0,1373.7930037193394,9250.20699628066,9250.20699628066,1676.1205797982727,0.9311780998879293,1676.1205797982727,5698.809971314127,11285.879420201727,11285.879420201727,38371.99002868587,12962.0,12962.0,44070.799999999996,0.8308974358974359,33.99997431771064,135.99989727084255,169.9998715885532,13.301006648239367,62127.621577637256,41569.36193319837,20558.259644438887,0.0,62127.621577637256,41569.36193319837,20558.259644438887,0.0,1222.6292156798727,151.16378803946668,0.0,1373.7930037193394,4156.939333311567,513.9568793341867,0.0,10624.0,0.44478182635453634,-404.84067996911244
46,46,2025,3SB,3,SB,PM-Peak,3,Peak,PM,3.4,70,15600.0,1,6,70,1800,1,6,0.2,0.0,9516.0,1176.0,0.0,0.0,0.0,1.0,1.0,1.0,10.0,5.0,0.13611615245009073,0.13611615245009073,30,4.005,0.592,9516.0,1176.0,0.0,0.0,0.0,10692.0,13044.0,1.0,1.2,0.679375,13044.0,0.0,1.0,0.0,9040.199999999999,1117.2,0.0,0.0,0.0,10157.4,9.999992665415586,39.999970661662346,49.999963327077936,0.13611614179009185,0.1361161478852309,0.13611614625808344,-637.1378441383082,-2548.551376553233,-3185.689220691541,60.92779337146637,41.739633568560514,-1.7768263349105082,4.887441085579118,3.3482256407391415,1.5392154448399764,0.5944976992411956,1230.5171450107882,8285.482854989212,152.06896041737997,1023.9310395826201,0.0,0.0,1382.5861054281681,9309.413894571831,27928.241683715496,1686.7240262629282,0.9370689034794045,5060.172078788784,17204.585067881868,11357.275973737072,34071.82792121122,115844.21493211814,13044.0,39132.0,133048.8,0.8361538461538461,33.99997506241299,135.99990024965197,169.99987531206497,13.29965367641693,62518.91569207038,41837.55224423843,20681.36344783195,0.0,187556.74707621115,125512.65673271529,62044.09034349585,0.0,3691.5514350323647,456.2068812521399,0.0,4147.758316284505,12551.27487911004,1551.1033962572756,0.0,32076.0,0.4597107871440185,-389.8086924324709
47,47,2025,3SB,3,SB,PM-Late,3,OP,PM,3.4,70,12487.646916,1,6,70,1800,1,6,0.2,0.0,7059.0,872.0,0.0,0.0,0.0,1.0,1.0,1.0,10.0,5.0,0.1657670480349921,0.1657670480349921,30,4.005,0.592,7059.0,872.0,0.0,0.0,0.0,7931.0,9675.0,1.0,1.2,0.6013931092916833,9675.0,0.0,1.0,0.0,6706.049999999999,828.4,0.0,0.0,0.0,7534.45,9.999990280391764,39.999961121567054,49.99995140195882,0.16576703764868153,0.1657670438228158,0.16576704162399333,-1089.7242919859054,-4358.897167943622,-5448.621459929527,64.97373496939072,51.17739577140947,-1.0536810200453113,3.9861348340426046,3.139730232471704,0.8464046015709008,0.308858989914806,1111.6420428239408,5947.357957176059,137.32141910282058,734.6785808971795,0.0,0.0,1248.9634619267613,6682.036538073238,20046.109614219713,1523.6063001324026,0.8464479445180014,4570.8189003972075,15540.784261350505,8151.393699867598,24454.181099602793,83144.2157386495,9675.0,29025.0,98685.0,0.77476565962189,33.99996695333199,135.99986781332797,169.99983476665997,13.298436307466176,56471.487565870666,37795.792719948455,18675.69484592221,0.0,169414.462697612,113387.37815984536,56027.084537766634,0.0,3334.9261284718223,411.96425730846175,0.0,3746.890385780284,11338.748836804196,1400.6784748487698,0.0,23793.0,0.26957876597715913,-708.8801451574406
48,48,2025,4NB,4,NB,Night,8,OP,NT,4.4,70,8400.0,1,6,70,1800,1,6,0.2,0.052631578947368425,1472.0,182.0,0.0,0.0,0.0,1.0,1.0,1.0,3.0,3.0,0.15789473684210525,0.15789473684210525,30,4.009,0.708,1472.0,182.0,0.0,0.0,0.0,1654.0,2018.0,1.0,1.2,0.16816666666666666,2018.0,0.0,1.0,0.0,1398.3999999999999,172.9,0.0,0.0,0.0,1571.3,2.9997926374460544,11.999170549784218,14.998963187230272,0.05263171126774578,0.05263165556523618,0.05263159379124145,532975.8197644275,2131903.27905771,2664879.0988221373,69.99010924936357,69.99999782822016,0.0,3.7714286884387542,3.7719615361566334,-0.0005328477178792035,0.0007301616774446311,73.60018503681569,1398.3998149631843,9.100013247229334,172.89998675277067,0.0,0.0,82.70019828404503,1571.299801715955,12570.39841372764,100.90022477850368,0.056055680432502045,807.2017982280295,3551.68791220333,1917.0997752214962,15336.79820177197,67481.91208779668,2018.0,16144.0,71033.6,0.24023809523809525,13.19908760476264,52.79635041905056,65.99543802381321,3.990049733781213,1451.9027782463927,971.4552900276707,480.4474882187221,0.0,11615.222225971142,7771.6423202213655,3843.579905749777,0.0,588.8014802945255,72.80010597783468,0.0,661.6015862723602,2590.7265132959124,320.3204663024726,0.0,13232.0,-0.00014126541661984662,337784.23404558224
49,49,2025,4NB,4,NB,AM-Early,1,OP,AM,4.4,70,8400.0,1,6,70,1800,1,6,0.2,0.0,3665.0,453.0,0.0,0.0,0.0,1.0,1.0,1.0,10.0,5.0,0.2321981424148607,0.2321981424148607,30,3.82,0.715,3665.0,453.0,0.0,0.0,0.0,4118.0,5024.0,1.0,1.2,0.4186666666666667,5024.0,0.0,1.0,0.0,3481.75,430.34999999999997,0.0,0.0,0.0,3912.1,4.999982414424428,19.999929657697713,24.999912072122143,0.23219813593501404,0.2321981358888871,0.2321981375446967,-961.9687650059099,-3847.8750600236394,-4809.843825029549,69.28896998305181,66.38406510488184,-1.0526474718860315,3.976857994202371,3.810130242440821,0.16672775176154975,0.0530212892867823,808.4558597917352,2856.5441402082647,99.92646777978256,353.07353222021743,0.0,0.0,908.3823275715177,3209.6176724284824,3209.6176724284824,1108.2352631310828,0.615686257295046,1108.2352631310828,4876.235157776765,3915.7647368689168,3915.7647368689168,17229.364842223236,5024.0,5024.0,22105.600000000002,0.5980952380952381,21.999922623467487,87.99969049386995,109.99961311733743,6.650049461535026,26579.464596673584,17785.96635990705,8793.498236766533,0.0,26579.464596673584,17785.96635990705,8793.498236766533,0.0,808.4558597917352,99.92646777978256,0.0,908.3823275715177,3557.205783083635,439.6764582310433,0.0,4118.0,0.043759068890711114,-1799.3341941929225
50,50,2025,4NB,4,NB,AM-Peak,2,Peak,AM,4.4,70,13238.720988000001,1,6,70,1800,1,6,0.2,0.0,6514.0,805.0,0.0,0.0,0.0,1.0,1.0,1.0,10.0,5.0,0.15748819693652386,0.15748819693652386,30,3.82,0.715,6514.0,805.0,0.0,0.0,0.0,7319.0,8929.0,1.0,1.2,0.5302659273446713,8929.0,0.0,1.0,0.0,6188.299999999999,764.75,0.0,0.0,0.0,6953.049999999999,4.999988045612083,19.999952182448332,24.999940228060417,0.15748818992385225,0.15748819326270025,0.15748819095196528,-517.8059879295257,-2071.223951718103,-2589.0299396476285,67.59372947259001,59.97702943566415,-1.85476718327638,4.401685153199963,3.9056877325736976,0.49599742062626495,0.183935050768823,974.5841657057747,5539.4158342942255,120.43909579765001,684.56090420235,0.0,0.0,1095.0232615034247,6223.976738496575,12447.95347699315,1335.9014530987247,0.742167473943736,2671.8029061974494,11755.932787268779,7593.098546901276,15186.197093802552,66819.26721273123,8929.0,17858.0,78575.20000000001,0.6744609247444319,21.999947400693166,87.99978960277267,109.99973700346584,6.649799680807274,32039.415473216857,21440.800383075475,10598.615090141382,0.0,64078.830946433714,42881.60076615095,21197.230180282764,0.0,1949.1683314115494,240.87819159530002,0.0,2190.0465230068494,8576.340658210818,1059.8640430193202,0.0,14638.0,0.12699361920043253,-604.8404089640923
51,51,2025,4NB,4,NB,AM-Shoulder,1,OP,AM,4.4,70,13055.676228,1,6,70,1800,1,6,0.2,0.0,6873.0,850.0,0.0,0.0,0.0,1.0,1.0,1.0,10.0,5.0,0.1594286935365201,0.1594286935365201,30,3.82,0.715,6873.0,850.0,0.0,0.0,0.0,7723.0,9423.0,1.0,1.2,0.5657530724666053,9423.0,0.0,1.0,0.0,6529.349999999999,807.5,0.0,0.0,0.0,7336.849999999999,4.999987876244903,19.999951504979613,24.999939381224515,0.15942868717055417,0.1594286897214994,0.15942868755986886,-646.4471758071876,-2585.7887032287504,-3232.2358790359376,66.49130108695563,56.06948568776646,-1.2702886283595138,4.7084434030683635,3.970444188702933,0.7379992143654306,0.2726513956658755,1040.9656985770578,5832.034301422942,128.73866695011077,721.2613330498892,0.0,0.0,1169.7043655271686,6553.295634472831,6553.295634472831,1427.18169942739,0.7928787219041056,1427.18169942739,6279.599477480517,7995.81830057261,7995.81830057261,35181.60052251948,9423.0,9423.0,41461.2,0.7217550309489797,21.999946655477576,87.9997866219103,109.99973327738788,6.650896754398183,34230.165060476145,22901.18983887722,11328.975221598923,0.0,34230.165060476145,22901.18983887722,11328.975221598923,0.0,1040.9656985770578,128.73866695011077,0.0,1169.7043655271686,4580.249073739054,566.4501345804874,0.0,7723.0,0.18587321198601728,-406.5035121109836
52,52,2025,4NB,4,NB,MD,5,OP,MD,4.4,70,15600.0,1,6,70,1800,1,6,0.2,0.0,8580.0,1060.0,0.0,0.0,0.0,1.0,1.0,1.0,10.0,5.0,0.13611615245009073,0.13611615245009073,30,3.823,0.708,8580.0,1060.0,0.0,0.0,0.0,9640.0,11760.0,1.0,1.2,0.6125,11760.0,0.0,1.0,0.0,8151.0,1007.0,0.0,0.0,0.0,9158.0,9.99999491403578,39.99997965614312,49.9999745701789,0.1361161410281706,0.13611614777880468,0.13611614609886533,-1131.4473542791945,-4525.789417116778,-5657.236771395973,64.81717247255698,51.33519203321905,-1.326768763068222,5.142670934768596,4.072994700775867,1.0696762339927286,0.4131455972057959,1109.4826655206186,7470.517334479381,137.06896081325633,922.9310391867436,0.0,0.0,1246.551626333875,8393.448373666124,41967.24186833062,1520.6895479603877,0.8448275266446599,7603.447739801939,33455.17005512853,10239.310452039612,51196.55226019806,225264.82994487148,11760.0,58800.0,258720.0,0.7538461538461538,43.99997762175743,175.99991048702972,219.9998881087872,13.298748568633977,72941.3372883183,48817.212454635,24124.124833683298,0.0,364706.68644159153,244086.06227317502,120620.62416841649,0.0,5547.413327603093,685.3448040662817,0.0,6232.758131669375,24408.618641453613,3015.5171378916393,0.0,48200.0,0.26262647328977995,-560.9171034889287
53,53,2025,4NB,4,NB,PM-Shoulder,1,OP,PM,4.4,70,15600.0,1,6,70,1800,1,6,0.2,0.0,10093.0,1248.0,0.0,0.0,0.0,1.0,1.0,1.0,10.0,5.0,0.13611615245009073,0.13611615245009073,30,4.005,0.592,10093.0,1248.0,0.0,0.0,0.0,11341.0,13837.0,1.0,1.2,0.7206770833333334,13837.0,0.0,1.0,0.0,9588.35,1185.6,0.0,0.0,0.0,10773.949999999999,9.999996760403887,39.99998704161555,49.999983802019436,0.13611614033139022,0.1361161477976222,0.13611614591714566,-679.3502428035501,-2717.4009712142006,-3396.751214017751,57.74766599336442,35.6278919956782,-1.5610968568061363,7.409924786794129,4.57161333637857,2.838311450415559,1.0962531279814982,1305.1291941464854,8787.870805853514,161.37930482886088,1086.6206951711392,0.0,0.0,1466.5084989753464,9874.491501024653,9874.491501024653,1789.267108633068,0.9940372825739267,1789.267108633068,7872.775277985499,12047.732891366932,12047.732891366932,53010.0247220145,13837.0,13837.0,60882.8,0.8869871794871795,43.9999857457771,175.9999429831084,219.99992872888555,13.30129203406729,85828.4143873761,57425.66593884291,28402.748448533188,0.0,85828.4143873761,57425.66593884291,28402.748448533188,0.0,1305.1291941464854,161.37930482886088,0.0,1466.5084989753464,5742.568454244536,710.068941246988,0.0,11341.0,0.6208555364535585,-211.39322308564368
54,54,2025,4NB,4,NB,PM-Peak,3,Peak,PM,4.4,70,15600.0,1,6,70,1800,1,6,0.2,0.0,10351.0,1279.0,0.0,0.0,0.0,1.0,1.0,1.0,10.0,5.0,0.13611615245009073,0.13611615245009073,30,4.005,0.592,10351.0,1279.0,0.0,0.0,0.0,11630.0,14188.0,1.0,1.2,0.7389583333333334,14188.0,0.0,1.0,0.0,9833.449999999999,1215.05,0.0,0.0,0.0,11048.5,9.999988576505727,39.99995430602291,49.999942882528636,0.13611614692485763,0.13611614763466143,0.13611614666542407,-495.83597083289305,-1983.3438833315722,-2479.1798541644657,56.153586145380245,32.999848146672306,-2.501089253603933,8.000036813097326,4.701391631809775,3.298645181287551,1.2740493927222487,1338.4913249782412,9012.50867502176,165.38792518349535,1113.6120748165047,0.0,0.0,1503.8792501617365,10126.120749838265,30378.362249514794,1834.6551005287274,1.0192528336270708,5503.965301586182,24217.447326979203,12353.344899471274,37060.03469841382,163064.15267302084,14188.000000000002,42564.00000000001,187281.60000000003,0.9094871794871796,43.999949736625204,175.99979894650082,219.99974868312603,13.299210962243949,88001.79260242559,58893.55102195148,29108.241580474103,0.0,264005.3778072768,176680.65306585445,87324.72474142231,0.0,4015.4739749347236,496.1637755504861,0.0,4511.63775048521,17668.085489712787,2183.120612422139,0.0,34890.0,0.7016316528427042,-181.89265035051378
55,55,2025,4NB,4,NB,PM-Late,3,OP,PM,4.4,70,13819.701744,1,6,70,1800,1,6,0.2,0.0,8290.0,1025.0,0.0,0.0,0.0,1.0,1.0,1.0,10.0,5.0,0.15163036346333317,0.15163036346333317,30,4.005,0.592,8290.0,1025.0,0.0,0.0,0.0,9315.0,11365.0,1.0,1.2,0.6524221922407216,11365.0,0.0,1.0,0.0,7875.5,973.75,0.0,0.0,0.0,8849.25,9.999995369426026,39.999981477704104,49.99997684713013,0.15163035168980776,0.1516303588047387,0.1516303568757862,-899.4816845630163,-3597.926738252065,-4497.4084228150805,62.407959386547454,44.69899074317527,-1.4473824308735672,5.906173620716661,4.230229646907945,1.6759439738087165,0.6285574734067417,1194.164834733081,7095.835165266919,147.65006188611432,877.3499381138856,0.0,0.0,1341.8148966191955,7973.185103380804,23919.555310142412,1637.115020391424,0.9095083446619022,4911.345061174272,21609.9182691668,9727.884979608576,29183.654938825726,128408.0817308332,11365.0,34095.0,150018.0,0.8223766482467149,43.999979625474516,175.99991850189807,219.99989812737257,13.301121192838993,78529.62725647003,52543.22839771371,25986.398858756325,0.0,235588.8817694101,157629.68519314114,77959.19657626898,0.0,3582.4945041992432,442.95018565834295,0.0,4025.444689857586,15762.97581847667,1948.980816896709,0.0,27945.0,0.3961827403469066,-358.00702860132867
56,56,2025,4SB,4,SB,Night,8,OP,NT,4.4,70,8400.0,1,6,70,1800,1,6,0.2,0.052631578947368425,1575.0,195.0,0.0,0.0,0.0,1.0,1.0,1.0,3.0,3.0,0.15789473684210525,0.15789473684210525,30,4.009,0.708,1575.0,195.0,0.0,0.0,0.0,1770.0,2160.0,1.0,1.2,0.18,2160.0,0.0,1.0,0.0,1496.25,185.25,0.0,0.0,0.0,1681.5,2.999806359170443,11.999225436681773,14.999031795852215,0.05263172103480087,0.0526316767611802,0.052631594369617736,354416.54766349925,1417666.190653997,1772082.7383174961,69.98512716227974,69.99999673403171,0.0,3.771428747390953,3.772230053791908,-0.000801306400954882,0.001098030837770709,78.7502125983208,1496.2497874016792,9.750018120008631,185.24998187999137,0.0,0.0,88.50023071832943,1681.4997692816705,13451.998154253364,108.00026695834669,0.060000148310192604,864.0021356667735,3801.6093969338035,2051.9997330416536,16415.99786433323,72230.39060306622,2160.0000000000005,17280.000000000004,76032.00000000003,0.2571428571428572,13.19914798034995,52.7965919213998,65.99573990174974,3.991267040832981,1554.2034374776047,1039.4357095692553,514.7677279083493,0.0,12433.627499820837,8315.485676554043,4118.141823266795,0.0,630.0017007865664,78.00014496006905,0.0,708.0018457466355,2772.007483460892,343.20063782430384,0.0,14160.0,-0.00021242246351051565,224618.6743744244
57,57,2025,4SB,4,SB,AM-Early,1,OP,AM,4.4,70,10723.157976,1,6,70,1800,1,6,0.2,0.0,4868.0,602.0,0.0,0.0,0.0,1.0,1.0,1.0,10.0,5.0,0.18912330716984793,0.18912330716984793,30,3.82,0.715,4868.0,602.0,0.0,0.0,0.0,5470.0,6674.0,1.0,1.2,0.4659586950854699,6674.0,0.0,1.0,0.0,4624.599999999999,571.9,0.0,0.0,0.0,5196.5,4.999985680777578,19.999942723110312,24.99992840388789,0.1891233000712765,0.18912330099339283,0.18912330299939056,-885.7751729729005,-3543.100691891602,-4428.875864864502,68.78158886842486,64.37394268838035,-1.0954084514428293,4.101038230297064,3.8382364284287833,0.2628018018682807,0.09152676409029045,874.6196135096252,3993.380386490375,108.15961583812135,493.84038416187866,0.0,0.0,982.7792293477465,4487.220770652253,4487.220770652253,1199.0984610239893,0.6661658116799941,1199.0984610239893,5276.033228505554,5474.901538976011,5474.901538976011,24089.56677149445,6674.0,6674.0,29365.600000000006,0.6223912782910959,21.999936995421344,87.99974798168537,109.99968497710672,6.650803629345522,28759.595327722105,19241.57639217152,9518.018935550585,0.0,28759.595327722105,19241.57639217152,9518.018935550585,0.0,874.6196135096252,108.15961583812135,0.0,982.7792293477465,3848.3262994423512,475.902309687734,0.0,5470.0,0.06846941473479293,-1141.5414152944722
58,58,2025,4SB,4,SB,AM-Peak,2,Peak,AM,4.4,70,8400.0,1,6,70,1800,1,6,0.2,0.0,6671.0,825.0,0.0,0.0,0.0,1.0,1.0,1.0,10.0,5.0,0.2321981424148607,0.2321981424148607,30,3.82,0.715,6671.0,825.0,0.0,0.0,0.0,7496.0,9146.0,1.0,1.2,0.7621666666666667,9146.0,0.0,1.0,0.0,6337.45,783.75,0.0,0.0,0.0,7121.2,9.99998971775052,39.99995887100208,49.9999485887526,0.23219813587349125,0.23219813391344396,0.23219813597356145,-314.59264251179803,-1258.3705700471921,-1572.96321255899,50.963966790984344,23.469059296674814,-2.994225734518561,11.248853081955634,5.180130524037275,6.068722557918359,1.929921675073924,1471.5440761914572,5199.455923808543,181.98528745466172,643.0147125453383,0.0,0.0,1653.5293636461188,5842.470636353882,11684.941272707763,2017.4999385554424,1.120833299197468,4034.999877110885,17753.999459287894,7128.500061444558,14257.000122889116,62730.800540712116,9146.0,18292.0,80484.80000000002,1.088809523809524,43.99995475810229,175.99981903240916,219.99977379051145,13.301747237161527,96777.25043555896,64747.87277697754,32029.377658581423,0.0,193554.50087111793,129495.74555395509,64058.755317162846,0.0,2943.0881523829144,363.97057490932343,0.0,3307.0587272922376,12949.587870484824,1601.4705296010231,0.0,14992.0,1.1715385413085182,-98.86749267886088
59,59,2025,4SB,4,SB,AM-Shoulder,1,OP,AM,4.4,70,8400.0,1,6,70,1800,1,6,0.2,0.0,5739.0,709.0,0.0,0.0,0.0,1.0,1.0,1.0,10.0,5.0,0.2321981424148607,0.2321981424148607,30,3.82,0.715,5739.0,709.0,0.0,0.0,0.0,6448.0,7866.0,1.0,1.2,0.6555,7866.0,0.0,1.0,0.0,5452.05,673.55,0.0,0.0,0.0,6125.599999999999,9.999987985101479,39.999951940405914,49.99993992550739,0.23219813600243014,0.2321981359983838,0.23219813590312674,-675.2723931231533,-2701.089572492613,-3376.361965615766,60.80799261519661,38.8374361953034,-1.6481140581021796,6.797565077993625,4.341534535939004,2.456030542054622,0.7810451713792926,1265.9558473920492,4473.04415260795,156.39705450171138,552.6029454982886,0.0,0.0,1422.3529018937606,5025.647098106239,5025.647098106239,1735.1470108971835,0.9639705616095464,1735.1470108971835,7634.646847947608,6130.852989102816,6130.852989102816,26975.75315205239,7865.999999999999,7865.999999999999,34610.4,0.9364285714285713,43.99994713444651,175.99978853778603,219.99973567223253,13.298681292170485,83227.8388800274,55701.9903597936,27525.8485202338,0.0,83227.8388800274,55701.9903597936,27525.8485202338,0.0,1265.9558473920492,156.39705450171138,0.0,1422.3529018937606,5570.205728525017,688.1470398075302,0.0,6448.0,0.5657056328180106,-244.29634274993668
60,60,2025,4SB,4,SB,MD,5,OP,MD,4.4,70,10288.398588,1,6,70,1800,1,6,0.2,0.0,7266.0,898.0,0.0,0.0,0.0,1.0,1.0,1.0,10.0,5.0,0.1959251289895984,0.1959251289895984,30,3.823,0.708,7266.0,898.0,0.0,0.0,0.0,8164.0,9960.0,1.0,1.2,0.7171453164229995,9960.0,0.0,1.0,0.0,6902.7,853.0999999999999,0.0,0.0,0.0,7755.799999999999,9.999996161188202,39.99998464475281,49.99998080594101,0.19592511650381286,0.19592512441157783,0.19592512146171553,-551.8149854386356,-2207.2599417545425,-2759.0749271931777,56.48700100137201,31.913231553877658,-1.703821563807102,8.272430811473942,4.673641640022414,3.5987891714515285,1.236031903973564,1352.412301690869,5913.587698309131,167.14372363551703,730.8562763644829,0.0,0.0,1519.5560253263861,6644.443974673614,33222.21987336807,1853.8434725974203,1.0299130403319001,9269.217362987101,40784.55639714325,8106.15652740258,40530.7826370129,178335.44360285677,9960.0,49800.0,219120.00000000003,0.9680806896047912,43.99998310922809,175.99993243691236,219.99991554614044,13.299848026201595,88923.40249821547,59506.118431110524,29417.28406710495,0.0,444617.0124910773,297530.59215555264,147086.42033552474,0.0,6762.061508454345,835.7186181775852,0.0,7597.78012663193,29753.070637199122,3677.1619199813754,0.0,40820.0,0.7700182103466259,-166.72267840277217
61,61,2025,4SB,4,SB,PM-Shoulder,1,OP,PM,4.4,70,14891.888508000002,1,6,70,1800,1,6,0.2,0.0,8318.0,1028.0,0.0,0.0,0.0,1.0,1.0,1.0,10.0,5.0,0.14189053871863894,0.14189053871863894,30,4.005,0.592,8318.0,1028.0,0.0,0.0,0.0,9346.0,11402.0,1.0,1.2,0.616594675825957,11402.0,0.0,1.0,0.0,7902.099999999999,976.5999999999999,0.0,0.0,0.0,8878.699999999999,9.999994610348946,39.99997844139578,49.99997305174473,0.14189052745824315,0.141890534056364,0.14189053237616803,-1092.6311600039035,-4370.524640015614,-5463.155800019517,64.54538778185663,50.44910190460164,-1.347546571307409,5.232997021418128,4.090145075775794,1.1428519456423336,0.43664161095569526,1121.2331370277832,7196.766862972217,138.57029555944507,889.4297044405549,0.0,0.0,1259.8034325872281,8086.196567412771,8086.196567412771,1536.9440237061185,0.8538577909478436,1536.9440237061185,6762.553704306922,9865.055976293881,9865.055976293881,43406.24629569308,11402.0,11402.0,50168.8,0.7656517166291424,43.99997628553536,175.99990514214144,219.99988142767683,13.299800372672822,73722.59031375972,49334.23143977888,24388.358873980837,0.0,73722.59031375972,49334.23143977888,24388.358873980837,0.0,1121.2331370277832,138.57029555944507,0.0,1259.8034325872281,4933.4258029222465,609.7093004615583,0.0,9346.0,0.27941599245732485,-525.0021045234431
62,62,2025,4SB,4,SB,PM-Peak,3,Peak,PM,4.4,70,14507.698164,1,6,70,1800,1,6,0.2,0.0,8450.0,1044.0,0.0,0.0,0.0,1.0,1.0,1.0,10.0,5.0,0.14523331427975397,0.14523331427975397,30,4.005,0.592,8450.0,1044.0,0.0,0.0,0.0,9494.0,11582.0,1.0,1.2,0.6396174651853999,11582.0,0.0,1.0,0.0,8027.5,991.8,0.0,0.0,0.0,9019.3,9.9999950847835,39.999980339134,49.9999754239175,0.14523330242837337,0.14523330961369119,0.14523330777525345,-725.6824448565905,-2902.729779426362,-3628.4122242829526,63.278085941788795,46.993766226159316,-2.195419891921036,5.617766380534171,4.1720604545918265,1.4457059259423444,0.5488656799336595,1165.8603352437672,7284.139664756232,144.04239647485892,899.957603525141,0.0,0.0,1309.902731718626,8184.0972682813735,24552.29180484412,1597.987524668344,0.8877708470379688,4793.9625740050315,21093.43532562214,9984.012475331656,29952.037425994968,131788.96467437787,11582.0,34746.0,152882.40000000002,0.7983347784791975,43.9999783730474,175.9999134921896,219.999891865237,13.298919245799228,76649.27885550239,51297.829536719546,25351.449318782845,0.0,229947.83656650718,153893.48861015865,76054.34795634853,0.0,3497.5810057313015,432.1271894245767,0.0,3929.7081951558785,15389.356425217728,1901.3596334681376,0.0,28482.0,0.3465208478345947,-415.0219586987695
63,63,2025,4SB,4,SB,PM-Late,3,OP,PM,4.4,70,11045.620104000001,1,6,70,1800,1,6,0.2,0.0,6223.0,769.0,0.0,0.0,0.0,1.0,1.0,1.0,10.0,5.0,0.1843757664835562,0.1843757664835562,30,4.005,0.592,6223.0,769.0,0.0,0.0,0.0,6992.0,8530.0,1.0,1.2,0.5824266872571884,8530.0,0.0,1.0,0.0,5911.849999999999,730.55,0.0,0.0,0.0,6642.4,9.999993612753201,39.999974451012804,49.999968063766005,0.18437575495424158,0.18437576208786996,0.18437575956008842,-1124.5005755502689,-4498.0023022010755,-5622.502877751345,65.61675090555408,52.748292359982976,-1.3591628129753748,5.004901356774182,4.023362881529904,0.9815384752442782,0.34515000483882535,1090.001806926233,5132.998193073767,134.6957129932934,634.3042870067065,0.0,0.0,1224.6975199195265,5767.302480080473,17301.90744024142,1494.0889459061132,0.8300494143922851,4482.26683771834,19721.974085960697,7035.911054093886,21107.73316228166,92874.02591403932,8530.0,25590.0,112596.00000000001,0.7722517993273181,43.99997189611409,175.99988758445636,219.99985948057045,13.29947674476774,71666.47921639567,47960.04887146783,23706.430344927838,0.0,214999.43764918702,143880.1466144035,71119.29103478351,0.0,3270.005420778699,404.0871389798802,0.0,3674.0925597585792,14388.023851426276,1777.983411511473,0.0,20976.0,0.2439597183118226,-611.2848674789528
64,64,2025,5NB,5,NB,Night,8,OP,NT,3.0,70,5600.0,1,6,70,1800,1,6,0.2,0.052631578947368425,1033.0,128.0,0.0,0.0,0.0,1.0,1.0,1.0,3.0,3.0,0.15789473684210525,0.15789473684210525,30,4.009,0.708,1033.0,128.0,0.0,0.0,0.0,1161.0,1417.0,1.0,1.2,0.1540217391304348,1417.0,0.0,1.0,0.0,981.3499999999999,121.6,0.0,0.0,0.0,1102.95,2.9995633131323696,11.998253252529478,14.997816565661848,0.05263167047255868,0.0526316322132219,0.05263159017152355,390299.34744949377,1561197.389797975,1951496.7372474687,69.9864964917818,69.99999973968083,0.0,2.5714285809913164,2.571924714378817,-0.0004961333875006524,0.0006797158418364279,51.650089818245455,981.3499101817546,6.400006477127783,121.59999352287221,0.0,0.0,58.05009629537324,1102.9499037046269,8823.599229637015,70.8501092496288,0.039361171805349336,566.8008739970304,1700.402621991091,1346.1498907503712,10769.19912600297,32307.59737800891,1417.0,11336.0,34008.0,0.2530357142857143,8.998689939397108,35.99475975758843,44.99344969698554,3.991666299573003,695.1498392076269,464.7831436164024,230.36669559122444,0.0,5561.198713661015,3718.2651489312193,1842.9335647297955,0.0,413.20071854596364,51.20005181702226,0.0,464.4007703629859,1239.602155637891,153.6001554510668,0.0,9288.0,-0.00019290354213205685,362752.846960346
65,65,2025,5NB,5,NB,AM-Early,1,OP,AM,3.0,70,5611.44652,1,6,70,1800,1,6,0.2,0.0,2631.0,325.0,0.0,0.0,0.0,1.0,1.0,1.0,10.0,5.0,0.31956259095175643,0.31956259095175643,30,3.82,0.715,2631.0,325.0,0.0,0.0,0.0,2956.0,3606.0,1.0,1.2,0.39146946054244686,3606.0,0.0,1.0,0.0,2499.45,308.75,0.0,0.0,0.0,2808.2,4.999994320352093,19.999977281408373,24.999971601760468,0.31956258961101547,0.3195625896237029,0.31956258921083,-897.5635171765376,-3590.2540687061505,-4487.817585882688,69.44212221184243,66.62825319959025,-0.7711380468537952,2.701556642357044,2.592086679766008,0.10946996259103603,0.02830160842228808,798.7307146032525,1832.2692853967474,98.66494954631827,226.33505045368173,0.0,0.0,897.3956641495708,2058.604335850429,2058.604335850429,1094.7255632422073,0.6081808684678929,1094.7255632422073,3284.1766897266216,2511.2744367577925,2511.2744367577925,7533.8233102733775,3606.0,3606.0,10818.0,0.6426150524909573,14.99998296105628,59.99993184422512,74.9999148052814,6.649180539065069,17900.8373577141,11980.947109521094,5919.890248193006,0.0,17900.8373577141,11980.947109521094,5919.890248193006,0.0,798.7307146032525,98.66494954631827,0.0,897.3956641495708,2396.1921438097575,295.9948486389548,0.0,2956.0,0.04223236955984746,-2740.4746664788863
66,66,2025,5NB,5,NB,AM-Peak,2,Peak,AM,3.0,70,9308.807423999999,1,6,70,1800,1,6,0.2,0.0,4516.0,558.0,0.0,0.0,0.0,1.0,1.0,1.0,10.0,5.0,0.2132020983201787,0.2132020983201787,30,3.82,0.715,4516.0,558.0,0.0,0.0,0.0,5074.0,6190.0,1.0,1.2,0.47951757251344374,6190.0,0.0,1.0,0.0,4290.2,530.1,0.0,0.0,0.0,4820.3,4.999969197598046,19.999876790392182,24.999845987990227,0.2132020898541275,0.2132020919481637,0.21320209216345237,-544.5148667086469,-2178.0594668345875,-2722.574333543234,68.47744109808461,62.82633677095105,-1.2468028740021841,2.8650405108964816,2.6286028962760817,0.23643761462039992,0.07832882504108915,914.6796058921777,3601.3203941078223,113.01842894172158,444.9815710582784,0.0,0.0,1027.6980348338993,4046.3019651661007,8092.603930332201,1253.7348927173425,0.696519384842968,2507.469785434685,7522.409356304055,4936.2651072826575,9872.530214565315,29617.590643695945,6190.0,12380.0,37140.0,0.6649616559948293,14.999907592794138,59.99963037117655,74.99953796397068,6.649545175120071,20501.1735270304,13720.109565396026,6781.063961634377,0.0,41002.3470540608,27440.21913079205,13562.127923268754,0.0,1829.3592117843555,226.03685788344316,0.0,2055.3960696677987,5488.077635353066,678.1105736503295,0.0,10148.0,0.08994801571411147,-1268.8258267937997
67,67,2025,5NB,5,NB,AM-Shoulder,1,OP,AM,3.0,70,8494.522864,1,6,70,1800,1,6,0.2,0.0,4488.0,555.0,0.0,0.0,0.0,1.0,1.0,1.0,10.0,5.0,0.23006613166249398,0.23006613166249398,30,3.82,0.715,4488.0,555.0,0.0,0.0,0.0,5043.0,6153.0,1.0,1.2,0.5087426820544311,6153.0,0.0,1.0,0.0,4263.599999999999,527.25,0.0,0.0,0.0,4790.849999999999,4.999976843327253,19.99990737330901,24.999884216636264,0.23006612333000392,0.2300661296131332,0.23006612593813955,-685.4803544018729,-2741.9214176074915,-3427.4017720093643,67.77107052779118,59.62938547144422,-0.869218795917412,3.018645900454563,2.656000541207131,0.36264535924743235,0.11586359859662608,980.9099234298046,3507.0900765701954,121.30236683852448,433.69763316147555,0.0,0.0,1102.212290268329,3940.787709731671,3940.787709731671,1344.817023945378,0.7471205688585433,1344.817023945378,4034.451071836134,4808.1829760546225,4808.1829760546225,14424.548928163867,6153.0,6153.0,18459.0,0.7243491010044328,14.999930529981757,59.99972211992703,74.9996526499088,6.650772331424445,21991.689010417715,14713.580707616795,7278.10830280092,0.0,21991.689010417715,14713.580707616795,7278.10830280092,0.0,980.9099234298046,121.30236683852448,0.0,1102.212290268329,2942.729770289414,363.90710051557346,0.0,5043.0,0.13653813454518837,-827.2506539783034
68,68,2025,5NB,5,NB,MD,5,OP,MD,3.0,70,10400.0,1,6,70,1800,1,6,0.2,0.0,5793.0,716.0,0.0,0.0,0.0,1.0,1.0,1.0,10.0,5.0,0.19413287316652286,0.19413287316652286,30,3.823,0.708,5793.0,716.0,0.0,0.0,0.0,6509.0,7941.0,1.0,1.2,0.5672142857142857,7941.0,0.0,1.0,0.0,5503.349999999999,680.1999999999999,0.0,0.0,0.0,6183.549999999999,9.99998657625497,39.99994630501988,49.99993288127485,0.1941328634565135,0.19413286942190616,0.19413286661543247,-1170.7806827131574,-4683.1227308526295,-5853.903413565787,66.14245521107004,54.25923520805368,-0.916269039702075,3.317407613833869,2.721398826602282,0.5960087872315869,0.2054592495879834,1068.3810941034035,4724.6189058965965,132.04917778078055,583.9508222192194,0.0,0.0,1200.430271884184,5308.569728115815,26542.848640579075,1464.528627445745,0.8136270152476361,7322.643137228725,21967.929411686175,6476.471372554255,32382.356862771274,97147.07058831383,7941.0,39705.0,119115.0,0.7635576923076923,29.999959728764914,119.99983891505966,149.99979864382456,13.30002832663673,47897.26986063564,32051.389798075903,15845.880062559741,0.0,239486.3493031782,160256.94899037952,79229.40031279871,0.0,5341.905470517017,660.2458889039028,0.0,6002.15135942092,16025.716411551053,1980.7376667117085,0.0,32545.0,0.21900824730483007,-1006.6952156229885
69,69,2025,5NB,5,NB,PM-Shoulder,1,OP,PM,3.0,70,10400.0,1,6,70,1800,1,6,0.2,0.0,7214.0,892.0,0.0,0.0,0.0,1.0,1.0,1.0,10.0,5.0,0.19413287316652286,0.19413287316652286,30,4.005,0.592,7214.0,892.0,0.0,0.0,0.0,8106.0,9890.0,1.0,1.2,0.7064285714285714,9890.0,0.0,1.0,0.0,6853.299999999999,847.4,0.0,0.0,0.0,7700.7,9.99999047449835,39.9999618979934,49.99995237249175,0.19413286254615897,0.1941328690918798,0.19413286643042696,-588.7703446853426,-2355.0813787413704,-2943.8517234267124,57.487817690563226,33.61140080164007,-1.1411535860651814,5.355325743853463,3.131098156636888,2.224227587216575,0.7667473317353939,1330.450746887591,5883.549253112409,164.50819326845894,727.491806731541,0.0,0.0,1494.95894015605,6611.04105984395,6611.04105984395,1823.9753266929679,1.0133196259405377,1823.9753266929679,5471.925980078904,8066.024673307033,8066.024673307033,24198.0740199211,9890.0,9890.0,29670.000000000004,0.9509615384615384,29.99997142349505,119.9998856939802,149.99985711747524,13.301245756111243,59654.448774933655,39913.48438699538,19740.964387938275,0.0,59654.448774933655,39913.48438699538,19740.964387938275,0.0,1330.450746887591,164.50819326845894,0.0,1494.95894015605,3991.3522406627735,493.5245798053768,0.0,8106.0,0.7103666113123766,-269.7563108731816
70,70,2025,5NB,5,NB,PM-Peak,3,Peak,PM,3.0,70,10187.184079999999,1,6,70,1800,1,6,0.2,0.0,6911.0,854.0,0.0,0.0,0.0,1.0,1.0,1.0,10.0,5.0,0.1975794345715578,0.1975794345715578,30,4.005,0.592,6911.0,854.0,0.0,0.0,0.0,7765.0,9473.0,1.0,1.2,0.68708736642907,9473.0,0.0,1.0,0.0,6565.45,811.3,0.0,0.0,0.0,7376.75,9.999990148058178,39.99996059223271,49.999950740290885,0.19757942394022596,0.19757943056606697,0.19757942776372234,-509.8565582914342,-2039.426233165737,-2549.282791457171,59.035032066643986,36.28555929901351,-1.7435506109776484,4.960651109624584,3.0490370496758605,1.911614059948724,0.654323615198786,1297.1978289083565,5613.802171091644,160.29619201825014,693.7038079817498,0.0,0.0,1457.4940209266067,6307.505979073394,18922.517937220182,1778.0864049631068,0.9878257805350593,5334.25921488932,16002.77764466796,7694.913595036893,23084.740785110676,69254.22235533202,9473.0,28418.999999999996,85256.99999999999,0.9298938671971069,29.999970444174533,119.99988177669813,149.99985222087264,13.299407472462685,58151.42061894298,38915.896527498066,19235.52409144492,0.0,174454.26185682893,116747.6895824942,57706.57227433476,0.0,3891.59348672507,480.8885760547504,0.0,4372.48206277982,11674.78046017521,1442.665728164251,0.0,23295.0,0.6269566518228912,-313.8705774635204
71,71,2025,5NB,5,NB,PM-Late,3,OP,PM,3.0,70,9477.50944,1,6,70,1800,1,6,0.2,0.0,5436.0,672.0,0.0,0.0,0.0,1.0,1.0,1.0,10.0,5.0,0.2100127750042991,0.2100127750042991,30,4.005,0.592,5436.0,672.0,0.0,0.0,0.0,6108.0,7452.0,1.0,1.2,0.5698332724736309,7452.0,0.0,1.0,0.0,5164.2,638.4,0.0,0.0,0.0,5802.599999999999,9.99998433148389,39.99993732593556,49.99992165741945,0.21001276754974377,0.21001277113848946,0.21001276861441667,-1107.7240967819478,-4430.896387127791,-5538.620483909738,65.90264937991124,53.12874362258808,-0.943538877616185,3.3879965481335352,2.7313014225323156,0.6566951256012197,0.21902580601212993,1084.5479341803866,4351.452065819613,134.07215309481165,537.9278469051883,0.0,0.0,1218.6200872751983,4889.379912724802,14668.139738174406,1486.7643934648215,0.8259802185915676,4460.293180394465,13380.879541183394,5965.235606535178,17895.706819605533,53687.1204588166,7451.999999999999,22356.0,67068.0,0.7862825193872874,29.99995299445167,119.99981197780669,149.99976497225833,13.300568601108655,48625.020208478374,32536.387045641262,16088.633162837112,0.0,145875.06062543512,97609.1611369238,48265.899488511335,0.0,3253.64380254116,402.21645928443496,0.0,3655.860261825595,9760.93140762348,1206.649377853305,0.0,18324.0,0.24043304784441086,-913.6645552831237
72,72,2025,5SB,5,SB,Night,8,OP,NT,3.0,70,5600.0,1,6,70,1800,1,6,0.2,0.052631578947368425,1245.0,154.0,0.0,0.0,0.0,1.0,1.0,1.0,3.0,3.0,0.15789473684210525,0.15789473684210525,30,4.009,0.708,1245.0,154.0,0.0,0.0,0.0,1399.0,1707.0,1.0,1.2,0.18554347826086956,1707.0,0.0,1.0,0.0,1182.75,146.29999999999998,0.0,0.0,0.0,1329.05,2.999645534395769,11.998582137583076,14.998227671978846,0.0526316214511021,0.05263171593933167,0.05263165063008461,127710.81317597312,510843.2527038925,638554.0658798655,69.95874691412185,69.99999920441327,0.0,2.571428600654207,2.572944884518297,-0.0015162838640900844,0.0020773489329242913,62.250050271291,1182.749949728709,7.700020041924223,146.29997995807577,0.0,0.0,69.95007031321522,1329.0499296867847,10632.399437494278,85.35011039706367,0.047416727998368706,682.8008831765094,2048.4026495295284,1621.6498896029364,12973.19911682349,38919.597350470474,1707.0,13656.0,40968.0,0.3048214285714286,8.998936603187307,35.99574641274923,44.99468301593654,3.9902377080744973,837.3522247387615,560.1842559365705,277.167968802191,0.0,6698.817797910092,4481.474047492564,2217.343750417528,0.0,498.000402170328,61.60016033539378,0.0,559.6005625057218,1494.001206510984,184.80048100618134,0.0,11192.0,-0.0005893184394324719,118697.25473320302
73,73,2025,5SB,5,SB,AM-Early,1,OP,AM,3.0,70,10400.0,1,6,70,1800,1,6,0.2,0.0,4349.0,537.0,0.0,0.0,0.0,1.0,1.0,1.0,10.0,5.0,0.19413287316652286,0.19413287316652286,30,3.82,0.715,4349.0,537.0,0.0,0.0,0.0,4886.0,5960.0,1.0,1.2,0.4257142857142857,5960.0,0.0,1.0,0.0,4131.55,510.15,0.0,0.0,0.0,4641.7,4.999984868261435,19.99993947304574,24.999924341307175,0.19413286717526546,0.19413287025303075,0.1941328668769939,-1009.8982029828875,-4039.59281193155,-5049.491014914437,69.27781046319357,66.54918766470828,-0.6876922163107622,2.704766298679493,2.5982345399849454,0.10653175869454756,0.03672417692223269,802.0696473779681,3546.930352622032,99.03688375958363,437.96311624041635,0.0,0.0,901.1065311375517,3984.893468862448,3984.893468862448,1099.180298656719,0.610655721475955,1099.180298656719,3297.540895970157,4860.819701343281,4860.819701343281,14582.459104029844,5960.0,5960.0,17880.0,0.573076923076923,14.999954604784303,59.99981841913721,74.99977302392152,6.648567704208374,17973.20334291709,12031.008300544874,5942.195042372217,0.0,17973.20334291709,12031.008300544874,5942.195042372217,0.0,802.0696473779681,99.03688375958363,0.0,901.1065311375517,2406.208942133904,297.1106512787509,0.0,4886.0,0.04100159437306412,-2816.053126052827
74,74,2025,5SB,5,SB,AM-Peak,2,Peak,AM,3.0,70,9169.145104,1,6,70,1800,1,6,0.2,0.0,6300.0,779.0,0.0,0.0,0.0,1.0,1.0,1.0,10.0,5.0,0.21591664894358198,0.21591664894358198,30,3.82,0.715,6300.0,779.0,0.0,0.0,0.0,7079.0,8637.0,1.0,1.2,0.6763961040190871,8637.0,0.0,1.0,0.0,5985.0,740.05,0.0,0.0,0.0,6725.049999999999,9.99998553549072,39.99994214196288,49.999927677453606,0.2159166421467058,0.21591664478848735,0.21591664253624385,-504.9526795400379,-2019.8107181601515,-2524.763397700189,59.513579323031564,36.66692726010647,-1.766181310848,4.909056019969243,3.0245198162756206,1.8845362036936222,0.6207350054404572,1292.2611032480343,5007.7388967519655,159.78911297572006,619.2108870242799,0.0,0.0,1452.0502162237544,5626.949783776246,11253.899567552491,1771.6284421751943,0.9842380234306635,3543.2568843503886,10629.770653051166,6865.371557824805,13730.74311564961,41192.22934694883,8637.0,17274.0,51821.99999999999,0.9419634984544139,29.99995660647216,119.99982642588864,149.99978303236082,13.301294541128852,57942.44284350598,38767.77702167287,19174.665821833118,0.0,115884.88568701196,77535.55404334574,38349.331643666235,0.0,2584.5222064960685,319.5782259514401,0.0,2904.100432447509,7753.566619488205,958.7346778543204,0.0,14158.0,0.6230860824758064,-318.38026298113397
75,75,2025,5SB,5,SB,AM-Shoulder,1,OP,AM,3.0,70,7010.358671999999,1,6,70,1800,1,6,0.2,0.0,5094.0,630.0,0.0,0.0,0.0,1.0,1.0,1.0,10.0,5.0,0.26882231936352424,0.26882231936352424,30,3.82,0.715,5094.0,630.0,0.0,0.0,0.0,5724.0,6984.0,1.0,1.2,0.6582246855075967,6984.0,0.0,1.0,0.0,4839.3,598.5,0.0,0.0,0.0,5437.8,9.999985424461133,39.999941697844534,49.999927122305664,0.26882231304678694,0.2688223152828644,0.26882231248786775,-585.3557693343079,-2341.4230773372315,-2926.7788466715388,60.00120004824864,35.96185200518416,-1.1954879203467697,5.00530395303478,2.9999399987876405,2.005363954247139,0.5870606554819251,1300.911819527316,3793.088180472684,160.89015569679432,469.1098443032057,0.0,0.0,1461.8019752241105,4262.19802477589,4262.19802477589,1783.582286617699,0.990879048120944,1783.582286617699,5350.746859853098,5200.417713382301,5200.417713382301,15601.253140146904,6984.0,6984.0,20952.0,0.9962400394568571,29.9999562733834,119.9998250935336,149.99978136691698,13.301867428678353,58334.088244233826,39027.29770134712,19306.79054288671,0.0,58334.088244233826,39027.29770134712,19306.79054288671,0.0,1300.911819527316,160.89015569679432,0.0,1461.8019752241105,3902.7354585819485,482.670467090383,0.0,5724.0,0.6684680210462751,-299.19712289479236
76,76,2025,5SB,5,SB,MD,5,OP,MD,3.0,70,10400.0,1,6,70,1800,1,6,0.2,0.0,5876.0,726.0,0.0,0.0,0.0,1.0,1.0,1.0,10.0,5.0,0.19413287316652286,0.19413287316652286,30,3.823,0.708,5876.0,726.0,0.0,0.0,0.0,6602.0,8054.0,1.0,1.2,0.5752857142857143,8054.0,0.0,1.0,0.0,5582.2,689.6999999999999,0.0,0.0,0.0,6271.9,9.999986851581893,39.99994740632757,49.999934257909466,0.19413286339555563,0.19413286940041077,0.19413286660474433,-1129.6408310796812,-4518.563324318725,-5648.204155398406,65.82153067243824,53.200791218117004,-0.9293074973080353,3.383408326805162,2.734667488906821,0.6487408378983406,0.22363731694520214,1083.6884700466705,4792.311529953329,133.8934400254633,592.1065599745367,0.0,0.0,1217.5819100721337,5384.418089927866,26922.09044963933,1485.3687901230605,0.8252048834017003,7426.843950615303,22280.53185184591,6568.6312098769395,32843.1560493847,98529.46814815409,8054.0,40270.0,120810.0,0.7744230769230769,29.999960554745677,119.9998422189827,149.9998027737284,13.298982907678964,48577.803032245225,32510.61135503281,16067.191677212419,0.0,242889.01516122613,162553.05677516403,80335.95838606209,0.0,5418.442350233353,669.4672001273165,0.0,6087.9095503606695,16255.32705070006,2008.4016003819493,0.0,33010.0,0.23722841644549394,-924.867336914799
77,77,2025,5SB,5,SB,PM-Shoulder,1,OP,PM,3.0,70,10400.0,1,6,70,1800,1,6,0.2,0.0,6760.0,835.0,0.0,0.0,0.0,1.0,1.0,1.0,10.0,5.0,0.19413287316652286,0.19413287316652286,30,4.005,0.592,6760.0,835.0,0.0,0.0,0.0,7595.0,9265.0,1.0,1.2,0.6617857142857143,9265.0,0.0,1.0,0.0,6422.0,793.25,0.0,0.0,0.0,7215.25,9.999989488001969,39.999957952007875,49.99994744000985,0.1941328627187086,0.1941328691941445,0.194132866452464,-744.8230052718955,-2979.292021087582,-3724.1150263594777,61.02274119548319,40.42111462693088,-1.0690382220770793,4.45311817007821,2.9497199973921084,1.5033981726861017,0.5182592535700461,1246.7212443795468,5513.278755620453,153.9958984882551,681.0041015117449,0.0,0.0,1400.7171428678018,6194.282857132198,6194.282857132198,1708.7089398443122,0.9492827443579512,1708.7089398443122,5126.126819532937,7556.291060155688,7556.291060155688,22668.873180467064,9265.0,9265.0,27795.0,0.8908653846153847,29.999968464005907,119.99987385602363,149.99984232002953,13.298208633642801,55881.08640772823,37401.5980147926,18479.488392935633,0.0,55881.08640772823,37401.5980147926,18479.488392935633,0.0,1246.7212443795468,153.9958984882551,0.0,1400.7171428678018,3740.16373313864,461.98769546476535,0.0,7595.0,0.5096748755865907,-399.095449349993
78,78,2025,5SB,5,SB,PM-Peak,3,Peak,PM,3.0,70,10400.0,1,6,70,1800,1,6,0.2,0.0,6507.0,804.0,0.0,0.0,0.0,1.0,1.0,1.0,10.0,5.0,0.19413287316652286,0.19413287316652286,30,4.005,0.592,6507.0,804.0,0.0,0.0,0.0,7311.0,8919.0,1.0,1.2,0.6370714285714286,8919.0,0.0,1.0,0.0,6181.65,763.8,0.0,0.0,0.0,6945.45,9.999988761328828,39.99995504531531,49.99994380664414,0.19413286294693344,0.19413286924810894,0.19413286651478706,-639.6305816730919,-2558.5223266923676,-3198.1529083654596,62.66346672443909,44.237479977280984,-1.607992435792685,4.068947871633793,2.8724871030762653,1.196460768557528,0.41245018835734126,1200.0614122359111,5306.938587764089,148.2786855317056,655.7213144682944,0.0,0.0,1348.3400977676167,5962.6599022323835,17887.97970669715,1644.897468831028,0.9138319271283488,4934.692406493084,14804.077219479252,7274.102531168972,21822.307593506914,65466.92278052074,8919.0,26756.999999999996,80271.0,0.8575961538461538,29.99996628398648,119.99986513594592,149.99983141993243,13.299123433619545,53795.22417213055,36001.80190579053,17793.42226634001,0.0,161385.67251639164,108005.4057173716,53380.26679902003,0.0,3600.1842367077334,444.8360565951168,0.0,4045.0202933028504,10800.5527101232,1334.5081697853504,0.0,21933.0,0.41652433087556373,-501.47847839850056
79,79,2025,5SB,5,SB,PM-Late,3,OP,PM,3.0,70,10294.36232,1,6,70,1800,1,6,0.2,0.0,4725.0,584.0,0.0,0.0,0.0,1.0,1.0,1.0,10.0,5.0,0.19582851827706604,0.19582851827706604,30,4.005,0.592,4725.0,584.0,0.0,0.0,0.0,5309.0,6477.0,1.0,1.2,0.4661602922702537,6477.0,0.0,1.0,0.0,4488.75,554.8,0.0,0.0,0.0,5043.55,4.99998478222897,19.99993912891588,24.99992391114485,0.19582851196677675,0.19582851539172452,0.19582851196840573,-872.8132683266622,-3491.2530733066487,-4364.066341633311,68.75947101785376,64.2206348662917,-0.7550150936962979,2.802837442743483,2.6178211864553473,0.18501625628813567,0.0635578825866835,879.0252330908692,3845.9747669091307,108.64566033932876,475.35433966067126,0.0,0.0,987.6708934301979,4321.329106569802,12963.987319709406,1204.9622141088555,0.6694234522826975,3614.8866423265663,10844.659926979699,5272.037785891144,15816.113357673432,47448.3400730203,6477.0,19431.0,58293.0,0.6291793312361285,14.99995434668691,59.99981738674764,74.99977173343456,6.65000803987067,19704.05814617119,13185.338365948857,6518.719780222335,0.0,59112.174438513575,39556.01509784657,19556.159340667007,0.0,2637.0756992726074,325.9369810179863,0.0,2963.012680290594,7911.227097817822,977.8109430539589,0.0,15927.0,0.07067566617819927,-1621.474204226323
80,80,2025,6NB,6,NB,Night,8,OP,NT,4.4,70,7000.0,1,6,70,1800,1,6,0.2,0.052631578947368425,1035.0,128.0,0.0,0.0,0.0,1.0,1.0,1.0,3.0,3.0,0.15789473684210525,0.15789473684210525,30,4.009,0.708,1035.0,128.0,0.0,0.0,0.0,1163.0,1419.0,1.0,1.2,0.13386792452830187,1419.0,0.0,1.0,0.0,983.25,121.6,0.0,0.0,0.0,1104.85,2.999705405699283,11.998821622797132,14.998527028496415,0.05263167919825605,0.0526316649241335,0.05263161464016509,1476431.1032529692,5905724.413011877,7382155.516264846,69.99642954634007,69.99999973746804,0.0,3.77142858557315,3.77162094854028,-0.00019236296712987766,0.0002635566430407742,51.750098571685264,983.2499014283147,6.400010454774633,121.59998954522537,0.0,0.0,58.150109026459894,1104.8498909735401,8838.799127788321,70.95012993600916,0.03941673885333842,567.6010394880733,2497.4445737475226,1348.049870063991,10784.398960511928,47451.355426252485,1419.0000000000002,11352.000000000002,49948.80000000001,0.20271428571428574,13.198703785076846,52.794815140307385,65.99351892538424,3.990149599827124,1020.9215907520636,683.0342218962022,337.8873688558613,0.0,8167.372726016509,5464.273775169618,2703.0989508468906,0.0,414.0007885734821,51.200083638197064,0.0,465.20087221167915,1821.6034697233215,225.28036800806711,0.0,9304.0,-5.1002730591028075e-05,935639.1566804975
81,81,2025,6NB,6,NB,AM-Early,1,OP,AM,4.4,70,7000.0,1,6,70,1800,1,6,0.2,0.0,2469.0,305.0,0.0,0.0,0.0,1.0,1.0,1.0,10.0,5.0,0.26913875598086123,0.26913875598086123,30,3.82,0.715,2469.0,305.0,0.0,0.0,0.0,2774.0,3384.0,1.0,1.2,0.3192452830188679,3384.0,0.0,1.0,0.0,2345.5499999999997,289.75,0.0,0.0,0.0,2635.2999999999997,4.999975563053258,19.999902252213033,24.99987781526629,0.26913875007488786,0.26913874920135117,0.26913874913987973,-1277.9627274531522,-5111.850909812609,-6389.813637265761,69.84839897783361,69.14705738187068,-0.8508341886274136,3.817949888193172,3.7796141910680072,0.038335697125164714,0.011214298906027334,631.2783952381532,1837.7216047618467,77.9829525810915,227.0170474189085,0.0,0.0,709.2613478192446,2064.7386521807553,2064.7386521807553,865.2272529814277,0.4806818072119043,865.2272529814277,3806.999913118282,2518.7727470185723,2518.7727470185723,11082.60008688172,3384.0,3384.0,14889.600000000002,0.48342857142857143,21.999892477434337,87.99956990973735,109.99946238717169,6.649210468236198,20750.523105994158,13888.056818566665,6862.466287427494,0.0,20750.523105994158,13888.056818566665,6862.466287427494,0.0,631.2783952381532,77.9829525810915,0.0,709.2613478192446,2777.6249390478742,343.1249913568026,0.0,2774.0,0.010142754045045053,-7825.566150622246
82,82,2025,6NB,6,NB,AM-Peak,2,Peak,AM,4.4,70,8877.77547,1,6,70,1800,1,6,0.2,0.0,4331.0,535.0,0.0,0.0,0.0,1.0,1.0,1.0,10.0,5.0,0.22180847118258226,0.22180847118258226,30,3.82,0.715,4331.0,535.0,0.0,0.0,0.0,4866.0,5936.0,1.0,1.2,0.4757258226253369,5936.0,0.0,1.0,0.0,4114.45,508.25,0.0,0.0,0.0,4622.7,4.999982528533071,19.999930114132283,24.999912642665354,0.22180846602669196,0.22180846495216933,0.22180846564789097,-541.945855061677,-2167.783420246708,-2709.729275308385,68.51970941911539,62.91568899845763,-1.8387486877781327,4.1960916935435915,3.852906006725566,0.34318568681802564,0.11162408635688272,912.6198430435227,3418.3801569564775,112.73415231194006,422.2658476880599,0.0,0.0,1025.3539953554628,3840.6460046445372,7681.2920092890745,1250.822299979343,0.6949012777663016,2501.644599958686,11007.236239818218,4685.1777000206575,9370.355400041315,41229.56376018179,5936.0,11872.0,52236.8,0.6686359685553074,21.999923125545514,87.99969250218206,109.99961562772756,6.649175278983936,29998.137127749796,20077.566389804913,9920.570737944881,0.0,59996.27425549959,40155.13277960983,19841.141475889763,0.0,1825.2396860870454,225.46830462388013,0.0,2050.7079907109255,8031.0546187830005,992.0605403450727,0.0,9732.0,0.08907190733928277,-874.1592765524014
83,83,2025,6NB,6,NB,AM-Shoulder,1,OP,AM,4.4,70,8368.2578,1,6,70,1800,1,6,0.2,0.0,4457.0,551.0,0.0,0.0,0.0,1.0,1.0,1.0,10.0,5.0,0.23292299420571136,0.23292299420571136,30,3.82,0.715,4457.0,551.0,0.0,0.0,0.0,5008.0,6110.0,1.0,1.2,0.510517077932596,6110.0,0.0,1.0,0.0,4234.15,523.4499999999999,0.0,0.0,0.0,4757.599999999999,4.999984580144915,19.99993832057966,24.999922900724574,0.23292298772415823,0.2329229877487524,0.2329229876880157,-675.7856657289925,-2703.14266291597,-3378.9283286449627,67.71227960721974,59.3437799204952,-1.2850462739487623,4.4486549450286015,3.898849684745384,0.5498052602832173,0.17456692524403378,986.2308684722445,3470.7691315277552,121.92353793708442,429.0764620629156,0.0,0.0,1108.1544064093289,3899.845593590671,3899.845593590671,1352.0014822834978,0.7511119346019433,1352.0014822834978,5948.806522047391,4757.998517716502,4757.998517716502,20935.19347795261,6110.0,6110.0,26884.0,0.7301400298638028,21.999932152637626,87.9997286105505,109.99966076318813,6.650338915559496,32426.25044292785,21697.012193226263,10729.238249701588,0.0,32426.25044292785,21697.012193226263,10729.238249701588,0.0,986.2308684722445,121.92353793708442,0.0,1108.1544064093289,4339.415821277877,536.4635669231715,0.0,5008.0,0.14101730118870243,-545.6460613966452
84,84,2025,6NB,6,NB,MD,5,OP,MD,4.4,70,10834.112369999999,1,6,70,1800,1,6,0.2,0.0,5838.0,722.0,0.0,0.0,0.0,1.0,1.0,1.0,10.0,5.0,0.18746240204855633,0.18746240204855633,30,3.823,0.708,5838.0,722.0,0.0,0.0,0.0,6560.0,8004.0,1.0,1.2,0.5545197234736506,8004.0,0.0,1.0,0.0,5546.099999999999,685.9,0.0,0.0,0.0,6232.0,4.999989070462293,19.999956281849173,24.999945352311464,0.1874623948339992,0.18746239849685145,0.18746239582952728,-629.4997654054196,-2517.9990616216783,-3147.4988270270974,66.65890721098206,56.15168706686829,-1.3002484357385107,4.701550635257234,3.960460965320265,0.7410896699369687,0.2589743796316206,1039.685187988843,4798.314812011157,128.5804591289904,593.4195408710095,0.0,0.0,1168.2656471178334,5391.734352882167,26958.671764410832,1425.426565375814,0.7919036474310078,7127.13282687907,31359.384438267913,6578.573434624186,32892.86717312093,144728.61556173212,8004.0,40020.0,176088.00000000003,0.7387776429348591,21.999951910034092,87.99980764013637,109.99975955017045,6.650900124568975,34188.07980696087,22873.0241373293,11315.055669631573,0.0,170940.39903480437,114365.12068664649,56575.278348157866,0.0,5198.425939944214,642.9022956449521,0.0,5841.328235589166,22873.074135754545,2828.7701008377894,0.0,32800.0,0.1871220740278247,-404.80842791028675
85,85,2025,6NB,6,NB,PM-Shoulder,1,OP,PM,4.4,70,10992.639099999999,1,6,70,1800,1,6,0.2,0.0,7168.0,886.0,0.0,0.0,0.0,1.0,1.0,1.0,10.0,5.0,0.18513936288811425,0.18513936288811425,30,4.005,0.592,7168.0,886.0,0.0,0.0,0.0,8054.0,9826.0,1.0,1.2,0.6733531839350431,9826.0,0.0,1.0,0.0,6809.599999999999,841.6999999999999,0.0,0.0,0.0,7651.299999999999,9.999995810084679,39.999983240338715,49.99997905042339,0.18513935055299713,0.18513935833418643,0.185139355523353,-724.0517038847669,-2896.2068155390675,-3620.2585194238345,60.35509681518084,39.25182043599948,-1.5732123164118468,6.725802703353718,4.374112774740795,2.351689928612923,0.8256773585377472,1260.724921525689,5907.275078474311,155.8317979098847,730.1682020901153,0.0,0.0,1416.5567194355738,6637.4432805644265,6637.4432805644265,1728.2203152553432,0.9601223973640796,1728.2203152553432,7604.16938712351,8097.779684744657,8097.779684744657,35630.23061287649,9826.0,9826.0,43234.4,0.8938708812881887,43.99998156437259,175.99992625749036,219.99990782186293,13.300218042197741,82898.25824558725,55471.8733048754,27426.384940711847,0.0,82898.25824558725,55471.8733048754,27426.384940711847,0.0,1260.724921525689,155.8317979098847,0.0,1416.5567194355738,5547.189654713033,685.6599108034927,0.0,8054.0,0.5376381565178738,-255.13556923678857
86,86,2025,6NB,6,NB,PM-Peak,3,Peak,PM,4.4,70,9137.70805,1,6,70,1800,1,6,0.2,0.0,7016.0,867.0,0.0,0.0,0.0,1.0,1.0,1.0,10.0,5.0,0.2165372344740523,0.2165372344740523,30,4.005,0.592,7016.0,867.0,0.0,0.0,0.0,7883.0,9617.0,1.0,1.2,0.7550023883613819,9617.0,0.0,1.0,0.0,6665.2,823.65,0.0,0.0,0.0,7488.849999999999,9.999989512322777,39.99995804929111,49.99994756161389,0.21653722799867908,0.2165372253695597,0.21653722823889796,-345.6955327964472,-1382.7821311857888,-1728.477663982236,52.18967060731943,25.338971917111838,-2.8942427867811205,10.418733674893744,5.058472240347401,5.360261434546343,1.7632498264187966,1443.2639320567957,5572.736067943204,178.35088567563784,688.6491143243621,0.0,0.0,1621.6148177324335,6261.385182267566,18784.1555468027,1978.3165890837092,1.0990647717131719,5934.949767251128,26113.778975904967,7638.68341091629,22916.050232748872,100830.62102409505,9617.0,28851.0,126944.40000000001,1.0524520971098437,43.99995385422022,175.9998154168809,219.99976927110112,13.299491280746066,94893.26936830893,63503.54640995945,31389.722958349485,0.0,284679.8081049268,190510.63922987835,94169.16887504846,0.0,4329.791796170387,535.0526570269135,0.0,4864.8444531973,19051.083903149705,2354.2316909184196,0.0,23649.0,1.059660146356406,-111.9347214806411
87,87,2025,6NB,6,NB,PM-Late,3,OP,PM,4.4,70,8770.54769,1,6,70,1800,1,6,0.2,0.0,5457.0,674.0,0.0,0.0,0.0,1.0,1.0,1.0,10.0,5.0,0.22405849934078287,0.22405849934078287,30,4.005,0.592,5457.0,674.0,0.0,0.0,0.0,6131.0,7479.0,1.0,1.2,0.6045811541590687,7479.0,0.0,1.0,0.0,5184.15,640.3,0.0,0.0,0.0,5824.45,9.999984777141384,39.999939108565535,49.99992388570692,0.2240584939766704,0.22405849464580307,0.22405849397087174,-901.8595147434071,-3607.4380589736284,-4509.297573717035,64.13432491813573,47.34336527438237,-1.5008228610953045,5.576282937851297,4.116360472133804,1.4599224657174927,0.47255670396616906,1161.5528415491558,4295.447158450845,143.4646541217077,530.5353458782923,0.0,0.0,1305.0174956708636,4825.982504329137,14477.94751298741,1591.946803914279,0.8844148910634883,4775.840411742836,21013.69781166848,5887.0531960857215,17661.159588257164,77709.10218833153,7479.0,22437.0,98722.8,0.8527403606193721,43.999933019422095,175.99973207768838,219.99966509711047,13.297973567408363,76357.98791472104,51108.24722668226,25249.740688038786,0.0,229073.96374416313,153324.74168004678,75749.22206411636,0.0,3484.6585246474674,430.3939623651231,0.0,3915.0524870125905,15332.497508448858,1893.7334344065418,0.0,18393.0,0.3546634158015589,-410.9801038876457
88,88,2025,6SB,6,SB,Night,8,OP,NT,4.4,70,7000.0,1,6,70,1800,1,6,0.2,0.052631578947368425,1235.0,153.0,0.0,0.0,0.0,1.0,1.0,1.0,3.0,3.0,0.15789473684210525,0.15789473684210525,30,4.009,0.708,1235.0,153.0,0.0,0.0,0.0,1388.0,1694.0,1.0,1.2,0.159811320754717,1694.0,0.0,1.0,0.0,1173.25,145.35,0.0,0.0,0.0,1318.6,2.999753068225857,11.999012272903428,14.998765341129285,0.052631689060289664,0.05263165326690148,0.05263160004203109,510074.99437090365,2040299.9774836146,2550374.9718545177,69.98966602308343,69.999999240079,0.0,3.771428612371254,3.7719854230041565,-0.0005568106329025824,0.0007628866585517834,61.75012918998485,1173.2498708100152,7.65001080234413,145.34998919765587,0.0,0.0,69.40013999232897,1318.599860007671,10548.798880061368,84.70016159701723,0.047055645331676235,677.6012927761378,2981.4456882150066,1609.299838402983,12874.398707223863,56647.354311785006,1694.0000000000002,13552.000000000002,59628.80000000001,0.24200000000000002,13.198913500193772,52.79565400077509,65.99456750096886,3.9917457376424874,1218.921937227153,815.0346138044005,403.8873234227525,0.0,9751.375497817224,6520.276910435204,3231.09858738202,0.0,494.0010335198788,61.20008641875304,0.0,555.2011199386318,2173.604547487467,269.2803802425134,0.0,11104.0,-0.00014761738725361156,323243.0802467111
89,89,2025,6SB,6,SB,AM-Early,1,OP,AM,4.4,70,12262.71391,1,6,70,1800,1,6,0.2,0.0,4527.0,559.0,0.0,0.0,0.0,1.0,1.0,1.0,10.0,5.0,0.1684184907542913,0.1684184907542913,30,3.82,0.715,4527.0,559.0,0.0,0.0,0.0,5086.0,6204.0,1.0,1.2,0.3911058369456529,6204.0,0.0,1.0,0.0,4300.65,531.05,0.0,0.0,0.0,4831.7,4.99998444943351,19.99993779773404,24.999922247167554,0.16841848453835637,0.16841848749794178,0.16841848469090392,-1188.7606640298497,-4755.042656119399,-5943.80332014925,69.59003996140365,68.08517779420643,-0.8904259142379782,3.8774959330790577,3.7936463342515814,0.08384959882747633,0.030438335067523796,724.3089555298823,3802.691044470118,89.43863778578198,469.56136221421804,0.0,0.0,813.7475933156643,4272.252406684336,4272.252406684336,992.6248688872282,0.5514582604929046,992.6248688872282,4367.549423103805,5211.375131112773,5211.375131112773,22930.050576896203,6204.000000000001,6204.000000000001,27297.600000000006,0.5059238962543815,21.999931577507446,87.99972631002979,109.99965788753724,6.64862268239706,23805.323109323996,15934.747462633293,7870.575646690702,0.0,23805.323109323996,15934.747462633293,7870.575646690702,0.0,724.3089555298823,89.43863778578198,0.0,813.7475933156643,3186.9594043314823,393.53000625744073,0.0,5086.0,0.022102639898302055,-3577.8235216517833
90,90,2025,6SB,6,SB,AM-Peak,2,Peak,AM,4.4,70,12541.352509999999,1,6,70,1800,1,6,0.2,0.0,6683.0,826.0,0.0,0.0,0.0,1.0,1.0,1.0,10.0,5.0,0.16514628247092566,0.16514628247092566,30,3.82,0.715,6683.0,826.0,0.0,0.0,0.0,7509.0,9161.0,1.0,1.2,0.5675484749078192,9161.0,0.0,1.0,0.0,6348.849999999999,784.6999999999999,0.0,0.0,0.0,7133.549999999999,4.999988121516477,19.999952486065908,24.999940607582385,0.16514627601967438,0.16514627869026485,0.1651462764503355,-449.06912968846746,-1796.2765187538698,-2245.3456484423373,66.37819443942772,55.592389404890795,-2.008774221940605,4.748851467369638,3.9772097181840143,0.771641749185624,0.281920171054957,1048.4889345075096,5634.51106549249,129.5902848882508,696.4097151117492,0.0,0.0,1178.0792193957604,6330.92078060424,12661.84156120848,1437.2597891722621,0.7984776606512567,2874.5195783445242,12647.886144715907,7723.740210827737,15447.480421655475,67968.91385528409,9161.0,18322.0,80616.79999999999,0.730463480130661,21.9999477346725,87.99979093869,109.9997386733625,6.650004201345621,34470.619737399014,23066.70175954767,11403.917977851348,0.0,68941.23947479803,46133.40351909534,22807.835955702696,0.0,2096.977869015019,259.1805697765016,0.0,2356.158438791521,9226.702623666086,1140.3945070166071,0.0,15018.0,0.19401585630690704,-388.78052879798446
91,91,2025,6SB,6,SB,AM-Shoulder,1,OP,AM,4.4,70,8416.88774,1,6,70,1800,1,6,0.2,0.0,5148.0,636.0,0.0,0.0,0.0,1.0,1.0,1.0,10.0,5.0,0.23181433650866157,0.23181433650866157,30,3.82,0.715,5148.0,636.0,0.0,0.0,0.0,5784.0,7056.0,1.0,1.2,0.587173663652782,7056.0,0.0,1.0,0.0,4890.599999999999,604.1999999999999,0.0,0.0,0.0,5494.8,9.999984083822092,39.99993633528837,49.99992041911046,0.23181433117685735,0.23181433197448506,0.23181432997416376,-959.3881134958739,-3837.5524539834955,-4796.94056747937,64.9332460920668,49.508308377041,-1.475433558487512,5.332438304889195,4.065713881386475,1.26672442350272,0.40317087464232726,1133.7111680535384,4014.288831946462,140.06221937898385,495.93778062101615,0.0,0.0,1273.7733874325222,4510.226612567478,4510.226612567478,1553.89782619049,0.8632765701058277,1553.89782619049,6837.150435238156,5502.1021738095105,5502.1021738095105,24209.24956476185,7056.0,7056.0,31046.400000000005,0.8383146143755031,43.999929968817206,175.99971987526882,219.99964984408604,13.298734030288925,74534.12337503125,49883.21199922164,24650.911375809606,0.0,74534.12337503125,49883.21199922164,24650.911375809606,0.0,1133.7111680535384,140.06221937898385,0.0,1273.7733874325222,4988.329139435569,616.273765267529,0.0,5784.0,0.3115626087959604,-473.6618588044752
92,92,2025,6SB,6,SB,MD,5,OP,MD,4.4,70,11655.028279999999,1,6,70,1800,1,6,0.2,0.0,5681.0,702.0,0.0,0.0,0.0,1.0,1.0,1.0,10.0,5.0,0.17602497767708739,0.17602497767708739,30,3.823,0.708,5681.0,702.0,0.0,0.0,0.0,6383.0,7787.0,1.0,1.2,0.5104546420414765,7787.0,0.0,1.0,0.0,5396.95,666.9,0.0,0.0,0.0,6063.849999999999,4.9999881545871006,19.999952618348402,24.999940772935503,0.17602497042543727,0.17602497420144209,0.1760249715383533,-773.0947583679529,-3092.3790334718115,-3865.4737918397645,67.9829749370405,61.22402774290504,-1.1758974105661761,4.312032542331286,3.883325203765976,0.4287073385653102,0.15329838630224427,949.9979641375636,4731.002035862436,117.39105529494172,584.6089447050583,0.0,0.0,1067.3890194325054,5315.610980567494,26578.05490283747,1302.1711300223888,0.7234284055679937,6510.855650111944,28647.764860492556,6484.828869977611,32424.144349888054,142666.23513950745,7787.0,38935.0,171314.0,0.6681236469723951,21.999947880183242,87.99979152073297,109.99973940091623,6.64967877883931,31230.294089660296,20899.90569730659,10330.388392353707,0.0,156151.47044830146,104499.52848653294,51651.941961768534,0.0,4749.989820687818,586.9552764747086,0.0,5336.9450971625265,20899.9552110264,2582.6032164887183,0.0,31915.0,0.110396970655344,-699.7764262193135
93,93,2025,6SB,6,SB,PM-Shoulder,1,OP,PM,4.4,70,13000.0,1,6,70,1800,1,6,0.2,0.0,6430.0,795.0,0.0,0.0,0.0,1.0,1.0,1.0,10.0,5.0,0.1600284495021337,0.1600284495021337,30,4.005,0.592,6430.0,795.0,0.0,0.0,0.0,7225.0,8815.0,1.0,1.2,0.5310240963855422,8815.0,0.0,1.0,0.0,6108.5,755.25,0.0,0.0,0.0,6863.75,4.999987326638716,19.999949306554864,24.99993663319358,0.16002844310223477,0.1600284457870527,0.1600284435171772,-741.7233147241795,-2966.893258896718,-3708.616573620898,67.55855895032815,59.813543700021576,-1.1934151730645377,4.413716086176395,3.907721006809866,0.5059950793665289,0.18672063647237366,977.5337446900011,5452.466255309999,120.86148368067154,674.1385163193285,0.0,0.0,1098.3952283706726,6126.604771629327,6126.604771629327,1340.1181957320157,0.7445101087400087,1340.1181957320157,5896.520061220869,7474.881804267984,7474.881804267984,32889.479938779135,8815.0,8815.0,38786.00000000001,0.678076923076923,21.999944237210354,87.99977694884141,109.99972118605177,6.65050219889973,32141.471478776577,21505.687873171446,10635.783605605133,0.0,32141.471478776577,21505.687873171446,10635.783605605133,0.0,977.5337446900011,120.86148368067154,0.0,1098.3952283706726,4301.148476636005,531.7905281949548,0.0,7225.0,0.12948597878015006,-592.8896383219802
94,94,2025,6SB,6,SB,PM-Peak,3,Peak,PM,4.4,70,12744.2917,1,6,70,1800,1,6,0.2,0.0,6303.0,779.0,0.0,0.0,0.0,1.0,1.0,1.0,10.0,5.0,0.16284196587115884,0.16284196587115884,30,4.005,0.592,6303.0,779.0,0.0,0.0,0.0,7082.0,8640.0,1.0,1.2,0.5286249265852249,8640.0,0.0,1.0,0.0,5987.849999999999,740.05,0.0,0.0,0.0,6727.9,4.999987364768626,19.999949459074504,24.99993682384313,0.16284195940914412,0.1628419621833408,0.16284195986421696,-514.6724765677276,-2058.6899062709103,-2573.362382838638,67.60538784682942,59.94979962821002,-1.8643637788929173,4.403684443271633,3.9050142068282088,0.4986702364434241,0.1830123204975033,975.0732266480435,5327.926773351956,120.51119411378134,658.4888058862186,0.0,0.0,1095.5844207618247,5986.415579238175,17959.246737714526,1336.6068089893874,0.7425593383274375,4009.8204269681623,17643.209878659916,7303.393191010612,21910.179573031837,96404.79012134009,8640.0,25920.0,114048.0,0.6779505839465366,21.999944404981957,87.99977761992783,109.99972202490977,6.649940859351255,32056.51505976804,21451.556777043326,10604.958282724714,0.0,96169.54517930411,64354.67033112998,31814.874848174142,0.0,2925.2196799441303,361.533582341344,0.0,3286.753262285474,12870.966591754175,1590.7477623019138,0.0,21246.0,0.12769998008495384,-601.5984511643368
95,95,2025,6SB,6,SB,PM-Late,3,OP,PM,4.4,70,9039.52535,1,6,70,1800,1,6,0.2,0.0,4554.0,563.0,0.0,0.0,0.0,1.0,1.0,1.0,10.0,5.0,0.21849859437171562,0.21849859437171562,30,4.005,0.592,4554.0,563.0,0.0,0.0,0.0,5117.0,6243.0,1.0,1.2,0.4939267755018981,6243.0,0.0,1.0,0.0,4326.3,534.85,0.0,0.0,0.0,4861.15,4.999985661602268,19.99994264640907,24.999928308011338,0.21849858801549984,0.21849858795853247,0.21849859037511934,-747.7557489618968,-2991.022995847587,-3738.7787448094837,68.16843230004744,61.444568505696154,-1.2155149714739986,4.296555520208855,3.8727603245735236,0.42379519563533163,0.13882450180858466,945.290441331457,3608.7095586685427,116.8639697696211,446.1360302303789,0.0,0.0,1062.154411101078,4054.8455888989215,12164.536766696765,1295.8823506403203,0.7199346392446224,3887.6470519209606,17105.64702845223,4947.1176493596795,14841.352948079038,65301.95297154778,6243.0,18729.0,82407.6,0.6906336072169984,21.99993691104998,87.99974764419991,109.9996845552499,6.650362011120872,31080.329920336706,20796.330071910645,10283.999848426063,0.0,93240.98976101012,62388.99021573193,30851.999545278188,0.0,2835.871323994371,350.59190930886325,0.0,3186.463233303234,12477.833825575233,1542.6044009589984,0.0,15351.0,0.10942975038921389,-707.8870708913843
96,96,2025,7NB,7,NB,Night,8,OP,NT,5.6,70,4200.0,1,6,70,1800,1,6,0.2,0.052631578947368425,682.0,84.0,0.0,0.0,0.0,1.0,1.0,1.0,3.0,3.0,0.15789473684210525,0.15789473684210525,30,4.009,0.708,682.0,84.0,0.0,0.0,0.0,766.0,934.0,1.0,1.2,0.11974358974358974,934.0,0.0,1.0,0.0,647.9,79.8,0.0,0.0,0.0,727.6999999999999,2.999646982538241,11.998587930152963,14.998234912691204,0.052631676848357026,0.052631661466129034,0.0526316272658031,847056.721707731,3388226.886830924,4235283.608538656,69.99377719297743,69.99999997865143,0.0,4.800000001463902,4.80042674470369,-0.00042674323978797446,0.000584640244054466,34.10006343005052,647.8999365699494,4.200006584997097,79.7999934150029,0.0,0.0,38.300070015047616,727.6999299849523,5821.599439879618,46.700083185041805,0.025944490658356557,373.60066548033444,2092.163726689873,887.2999168149581,7098.399334519665,39751.03627331012,933.9999999999999,7471.999999999999,41843.2,0.22238095238095235,16.79802310221415,67.1920924088566,83.99011551107074,3.986475759173177,855.0208838618876,572.8136532849564,282.2072305769312,0.0,6840.167070895101,4582.509226279652,2257.6578446154494,0.0,272.80050744040415,33.60005267997678,0.0,306.40056012038093,1527.6828416662631,188.16029500786993,0.0,6128.0,-8.889693822716912e-05,421749.6662436086
97,97,2025,7NB,7,NB,AM-Early,1,OP,AM,5.6,70,4200.0,1,6,70,1800,1,6,0.2,0.0,1275.0,158.0,0.0,0.0,0.0,1.0,1.0,1.0,10.0,5.0,0.39473684210526316,0.39473684210526316,30,3.82,0.715,1275.0,158.0,0.0,0.0,0.0,1433.0,1749.0,1.0,1.2,0.22423076923076923,1749.0,0.0,1.0,0.0,1211.25,150.1,0.0,0.0,0.0,1361.35,4.999994846870217,19.999979387480867,24.999974234351082,0.3947368406633276,0.3947368406828614,0.3947368399831543,-185503.7414313542,-742014.9657254168,-927518.707156771,69.97824864615752,69.83655402702169,0.0,4.811233954498848,4.801491985016256,0.009741969482591983,0.002044019472270679,478.12499825345554,796.8750017465445,59.2499997864975,98.7500002135025,0.0,0.0,537.3749980399531,895.625001960047,895.625001960047,655.874997612948,0.36437499867386003,655.874997612948,3672.899986632509,1093.125002387052,1093.125002387052,6121.500013367491,1749.0,1749.0,9794.4,0.4164285714285714,27.99997114247321,111.99988456989284,139.99985571236604,6.653866136138069,20023.479290445706,13387.48615359181,6635.9931368538955,0.0,20023.479290445706,13387.48615359181,6635.9931368538955,0.0,478.12499825345554,59.2499997864975,0.0,537.3749980399531,2677.499990219351,331.79999880438595,0.0,1433.0,0.0020289463177264894,-30794.56277791521
98,98,2025,7NB,7,NB,AM-Peak,2,Peak,AM,5.6,70,5228.334372,1,6,70,1800,1,6,0.2,0.0,2282.0,282.0,0.0,0.0,0.0,1.0,1.0,1.0,10.0,5.0,0.3369818405434822,0.3369818405434822,30,3.82,0.715,2282.0,282.0,0.0,0.0,0.0,2564.0,3128.0,1.0,1.2,0.3543137208215384,3128.0,0.0,1.0,0.0,2167.9,267.9,0.0,0.0,0.0,2435.7999999999997,4.999983641865978,19.999934567463914,24.99991820932989,0.336981833059885,0.336981833063301,0.33698183300296936,-653.6191952656959,-2614.4767810627836,-3268.095976328479,69.68442628116486,67.98462122770766,-2.0939744870050694,4.942294212018947,4.821737336895003,0.12055687512394364,0.029780151546154127,730.5429158905247,1551.4570841094753,90.27743307765833,191.72256692234168,0.0,0.0,820.820348968183,1743.179651031817,3486.359302063634,1001.3752151234996,0.5563195639574998,2002.7504302469993,11215.402409383196,2126.6247848765006,4253.249569753001,23818.197590616805,3128.0,6256.0,35033.6,0.5982784912823857,27.999908394449477,111.99963357779791,139.99954197224739,6.649744235101854,30566.174148190607,20455.1347231487,10111.039425041905,0.0,61132.34829638121,40910.2694462974,20222.07885008381,0.0,1461.0858317810494,180.55486615531666,0.0,1641.640697936366,8182.0806579738755,1011.1072504697732,0.0,5128.0,0.02500278772994657,-2488.4438834660564
99,99,2025,7NB,7,NB,AM-Shoulder,1,OP,AM,5.6,70,5513.923026,1,6,70,1800,1,6,0.2,0.0,2497.0,309.0,0.0,0.0,0.0,1.0,1.0,1.0,10.0,5.0,0.32382362300124906,0.32382362300124906,30,3.82,0.715,2497.0,309.0,0.0,0.0,0.0,2806.0,3424.0,1.0,1.2,0.37568893112571694,3424.0,0.0,1.0,0.0,2372.15,293.55,0.0,0.0,0.0,2665.7,4.999984450008223,19.999937800032892,24.999922250041116,0.32382361564207746,0.32382361567178475,0.32382361560725476,-944.5164372207399,-3778.0657488829597,-4722.582186103699,69.56063830849158,67.29753905831298,-1.3909804495415272,4.9927531482073615,4.830317952372542,0.1624351958348198,0.041535594750381905,768.1581898453541,1728.8418101546458,95.05842238045241,213.9415776195476,0.0,0.0,863.2166122258064,1942.7833877741934,1942.7833877741934,1053.3334569867113,0.5851852538815063,1053.3334569867113,5898.667359125583,2370.6665430132884,2370.6665430132884,13275.732640874414,3424.0,3424.0,19174.399999999998,0.6209734854575751,27.999912920046047,111.99965168018419,139.99956460023023,6.6517968468492805,32154.87262036861,21508.362424490115,10646.510195878494,0.0,32154.87262036861,21508.362424490115,10646.510195878494,0.0,768.1581898453541,95.05842238045241,0.0,863.2166122258064,4301.685863133983,532.3271653305335,0.0,2806.0,0.03362826162510386,-1846.8846327218525
100,100,2025,7NB,7,NB,MD,5,OP,MD,5.6,70,7800.0,1,6,70,1800,1,6,0.2,0.0,3606.0,446.0,0.0,0.0,0.0,1.0,1.0,1.0,10.0,5.0,0.24671052631578946,0.24671052631578946,30,3.823,0.708,3606.0,446.0,0.0,0.0,0.0,4052.0,4944.0,1.0,1.2,0.4336842105263158,4944.0,0.0,1.0,0.0,3425.7,423.7,0.0,0.0,0.0,3849.3999999999996,4.9999860866862065,19.999944346744826,24.999930433431032,0.24671051964271384,0.24671052003824534,0.2467105205507473,-885.3887814770476,-3541.5551259081903,-4426.943907385238,69.09746935768483,65.34904009457945,-1.4198151956782896,5.141621047741609,4.862696175755546,0.27892487198606286,0.08589376078509696,845.1562271400447,2760.843772859955,104.53124734020454,341.4687526597954,0.0,0.0,949.6874744802493,3102.3125255197506,15511.562627598752,1158.7499691606583,0.6437499828670324,5793.7498458032915,32444.99913649843,3785.2500308393414,18926.250154196707,105987.00086350155,4944.0,24720.0,138432.0,0.6338461538461538,27.999922085442755,111.99968834177102,139.99961042721378,6.651018019936729,35371.7756340275,23664.308509948012,11707.46712407949,0.0,176858.8781701375,118321.54254974006,58537.335620397454,0.0,4225.781135700224,522.6562367010227,0.0,4748.437372401247,23664.37435992125,2926.874925525727,0.0,20260.0,0.0573601273665272,-1075.5554464005008
101,101,2025,7NB,7,NB,PM-Shoulder,1,OP,PM,5.6,70,7800.0,1,6,70,1800,1,6,0.2,0.0,4776.0,590.0,0.0,0.0,0.0,1.0,1.0,1.0,10.0,5.0,0.24671052631578946,0.24671052631578946,30,4.005,0.592,4776.0,590.0,0.0,0.0,0.0,5366.0,6546.0,1.0,1.2,0.5742105263157895,6546.0,0.0,1.0,0.0,4537.2,560.5,0.0,0.0,0.0,5097.7,9.999989356777663,39.99995742711065,49.99994678388831,0.2467105197079745,0.2467105184009199,0.2467105197046741,-978.1391554591048,-3912.5566218364193,-4890.695777295524,65.39797127969038,50.598792357079304,-1.879876657861957,6.640474690163036,5.13777405361726,1.502700636545776,0.4627504534556462,1119.374970019022,3656.625029980978,138.2812455637156,451.71875443628437,0.0,0.0,1257.6562155827376,4108.343784417262,4108.343784417262,1534.2187067101686,0.8523437259500937,1534.2187067101686,8591.624757576943,5011.781293289831,5011.781293289831,28065.975242423054,6546.0,6546.0,36657.6,0.8392307692307692,55.99994039795491,223.99976159181963,279.9997019897745,13.298532233787306,93659.89764291995,62684.93160402779,30974.966038892162,0.0,93659.89764291995,62684.93160402779,30974.966038892162,0.0,1119.374970019022,138.2812455637156,0.0,1257.6562155827376,6268.499832106522,774.3749751568073,0.0,5366.0,0.2924808722345033,-399.2806995715825
102,102,2025,7NB,7,NB,PM-Peak,3,Peak,PM,5.6,70,7800.0,1,6,70,1800,1,6,0.2,0.0,5180.0,640.0,0.0,0.0,0.0,1.0,1.0,1.0,10.0,5.0,0.24671052631578946,0.24671052631578946,30,4.005,0.592,5180.0,640.0,0.0,0.0,0.0,5820.0,7100.0,1.0,1.2,0.6228070175438597,7100.0,0.0,1.0,0.0,4921.0,608.0,0.0,0.0,0.0,5529.0,9.999990350606641,39.999961402426564,49.9999517530332,0.2467105196762548,0.24671052274035454,0.24671052557541132,-585.3543986190328,-2341.4175944761314,-2926.771993095164,62.80436745889561,43.095892486252744,-3.1858970606998915,7.79656669384864,5.349946406512354,2.4466202873362866,0.7534265769219253,1214.0624673268499,3965.93753267315,149.99999782613557,490.00000217386446,0.0,0.0,1364.0624651529854,4455.937534847015,13367.812604541044,1664.0624608052567,0.9244791448918093,4992.18738241577,27956.24934152831,5435.937539194743,16307.81261758423,91323.75065847168,7100.0,21300.0,119279.99999999999,0.9102564102564102,55.99994596339719,223.99978385358875,279.9997298169859,13.298956275933545,101587.3996575854,67987.43256649225,33599.96709109315,0.0,304762.19897275616,203962.29769947677,100799.90127327945,0.0,3642.1874019805496,449.99999347840674,0.0,4092.1873954589564,20396.249451091076,2519.9999634790775,0.0,17460.0,0.4573167843995742,-245.23601972157147
103,103,2025,7NB,7,NB,PM-Late,3,OP,PM,5.6,70,6749.248734,1,6,70,1800,1,6,0.2,0.0,3588.0,443.0,0.0,0.0,0.0,1.0,1.0,1.0,10.0,5.0,0.27703265237943875,0.27703265237943875,30,4.005,0.592,3588.0,443.0,0.0,0.0,0.0,4031.0,4917.0,1.0,1.2,0.47510694992249664,4917.0,0.0,1.0,0.0,3408.6,420.84999999999997,0.0,0.0,0.0,3829.45,4.999989355016633,19.999957420066533,24.999946775083167,0.2770326441613894,0.2770326466728046,0.27703264563341073,-706.0676127388763,-2824.270450955505,-3530.3380636943816,68.36445000288897,61.50773951505486,-1.631896961481599,5.4627271730212,4.914835122432802,0.5478920505883984,0.1573241177329394,944.2934708885118,2643.706529111488,116.5891893522498,326.41081064775017,0.0,0.0,1060.8826602407617,2970.1173397592383,8910.352019277714,1294.0610389452613,0.718922799414034,3882.183116835784,21740.22545428039,3622.9389610547387,10868.816883164216,60865.374545719606,4917.0,14751.0,82605.59999999999,0.728525528364384,27.999940388093144,111.99976155237258,139.9997019404657,6.648460182711105,39498.12230078029,26440.160893743898,13057.961407036393,0.0,118494.36690234087,79320.48268123169,39173.88422110918,0.0,2832.8804126655355,349.7675680567494,0.0,3182.647980722285,15864.130310926997,1958.6983811177963,0.0,12093.0,0.11147719851021096,-547.5519511166831
104,104,2025,7SB,7,SB,Night,8,OP,NT,5.6,70,4200.0,1,6,70,1800,1,6,0.2,0.052631578947368425,901.0,111.0,0.0,0.0,0.0,1.0,1.0,1.0,3.0,3.0,0.15789473684210525,0.15789473684210525,30,4.009,0.708,901.0,111.0,0.0,0.0,0.0,1012.0,1234.0,1.0,1.2,0.1582051282051282,1234.0,0.0,1.0,0.0,855.9499999999999,105.44999999999999,0.0,0.0,0.0,961.4,2.9997351363537628,11.998940545415051,14.998675681768814,0.05263171357876146,0.05263168846028921,0.05263167582856929,159263.2757239354,637053.1028957416,796316.378619677,69.96691514462195,69.99999988645179,0.0,4.800000007786163,4.802269748573114,-0.002269740786950969,0.003109555545165594,45.05011523774087,855.9498847622591,5.550011548137497,105.44998845186251,0.0,0.0,50.600126785878366,961.3998732141216,7691.198985712973,61.700149882153354,0.034277861045640755,493.60119905722684,2764.1667147204703,1172.2998501178467,9378.398800942774,52519.03328527953,1234.0,9872.0,55283.200000000004,0.2938095238095238,16.79851676358107,67.19406705432428,83.99258381790536,3.9868017133942493,1129.7029641402742,756.775116022449,372.9278481178251,0.0,9037.623713122193,6054.200928179592,2983.4227849426006,0.0,360.40092190192695,44.400092385099974,0.0,404.80101428702693,2018.2451626507907,248.64051735655983,0.0,8096.0,-0.0004726391697645413,79297.20839312467
105,105,2025,7SB,7,SB,AM-Early,1,OP,AM,5.6,70,7800.0,1,6,70,1800,1,6,0.2,0.0,3329.0,412.0,0.0,0.0,0.0,1.0,1.0,1.0,10.0,5.0,0.24671052631578946,0.24671052631578946,30,3.82,0.715,3329.0,412.0,0.0,0.0,0.0,3741.0,4565.0,1.0,1.2,0.4004385964912281,4565.0,0.0,1.0,0.0,3162.5499999999997,391.4,0.0,0.0,0.0,3553.95,4.999984688112422,19.999938752449687,24.999923440562107,0.2467105199106279,0.24671051978945266,0.2467105196907334,-998.1840723456023,-3992.7362893824093,-4990.920361728012,69.4379555577007,67.04313421409891,-1.310974187923404,5.011698870267621,4.8388521421946935,0.1728467280729271,0.05322743480673046,780.2343547433562,2548.765645256644,96.56249744559176,315.43750255440824,0.0,0.0,876.7968521889479,2864.203147811052,2864.203147811052,1069.9218470801316,0.5944010261556286,1069.9218470801316,5991.562343648737,3495.0781529198684,3495.0781529198684,19572.437656351263,4565.0,4565.0,25564.0,0.5852564102564103,27.99991425342956,111.99965701371823,139.9995712671478,6.651944343767557,32661.461624688236,21846.495030393915,10814.966594294321,0.0,32661.461624688236,21846.495030393915,10814.966594294321,0.0,780.2343547433562,96.56249744559176,0.0,876.7968521889479,4369.312386562795,540.7499856953139,0.0,3741.0,0.03572060542327944,-1735.6364487279757
106,106,2025,7SB,7,SB,AM-Peak,2,Peak,AM,5.6,70,7800.0,1,6,70,1800,1,6,0.2,0.0,4436.0,548.0,0.0,0.0,0.0,1.0,1.0,1.0,10.0,5.0,0.24671052631578946,0.24671052631578946,30,3.82,0.715,4436.0,548.0,0.0,0.0,0.0,4984.0,6080.0,1.0,1.2,0.5333333333333333,6080.0,0.0,1.0,0.0,4214.2,520.6,0.0,0.0,0.0,4734.8,4.999988597944923,19.999954391779692,24.999942989724616,0.2467105192680504,0.24671052176392783,0.24671051981010583,-420.50617109137283,-1682.0246843654913,-2102.530855456864,66.97408112608933,56.171626847566,-2.7282047758389676,5.981667593709,5.016866142103939,0.9648014516050614,0.2971066146823966,1039.687470299418,3396.3125297005818,128.43749763030084,419.56250236969913,0.0,0.0,1168.1249679297189,3815.875032070281,7631.750064140562,1424.9999631903206,0.7916666462168448,2849.999926380641,15959.99958773159,4655.000036809679,9310.000073619358,52136.000412268404,6080.0,12160.0,68096.0,0.7794871794871795,27.999936148491567,111.99974459396627,139.99968074245783,6.649262540367973,43496.14971365227,29111.182782770426,14384.966930881843,0.0,86992.29942730453,58222.36556554085,28769.933861763686,0.0,2079.374940598836,256.8749952606017,0.0,2336.2499358594378,11644.49966735348,1438.4999734593694,0.0,9968.0,0.19231157943561347,-310.9440967129672
107,107,2025,7SB,7,SB,AM-Shoulder,1,OP,AM,5.6,70,6698.064216000001,1,6,70,1800,1,6,0.2,0.0,3312.0,409.0,0.0,0.0,0.0,1.0,1.0,1.0,10.0,5.0,0.2787012421219834,0.2787012421219834,30,3.82,0.715,3312.0,409.0,0.0,0.0,0.0,3721.0,4539.0,1.0,1.2,0.440762448630666,4539.0,0.0,1.0,0.0,3146.3999999999996,388.54999999999995,0.0,0.0,0.0,3534.95,4.999986876725583,19.99994750690233,24.999934383627913,0.2787012351820687,0.27870123550028314,0.2787012366735456,-807.1964250405892,-3228.785700162357,-4035.9821252029456,68.94531470249723,64.30437267334706,-1.5179548033476373,5.225150110814558,4.873427606355243,0.35172250445931486,0.10059582070668319,876.9055663768609,2435.094433623139,108.289365053635,300.710634946365,0.0,0.0,985.1949314304959,2735.8050685695043,2735.8050685695043,1201.7736615377657,0.6676520341876476,1201.7736615377657,6729.932504611488,3337.2263384622343,3337.2263384622343,18688.46749538851,4539.0,4539.0,25418.4,0.6776584776773958,27.99992650966326,111.99970603865304,139.9996325483163,6.648732886931743,36681.66846758625,24553.291414466745,12128.377053119508,0.0,36681.66846758625,24553.291414466745,12128.377053119508,0.0,876.9055663768609,108.289365053635,0.0,985.1949314304959,4910.671171710421,606.4204443003559,0.0,3721.0,0.07217148439850579,-852.9428990183852
108,108,2025,7SB,7,SB,MD,5,OP,MD,5.6,70,7800.0,1,6,70,1800,1,6,0.2,0.0,3526.0,436.0,0.0,0.0,0.0,1.0,1.0,1.0,10.0,5.0,0.24671052631578946,0.24671052631578946,30,3.823,0.708,3526.0,436.0,0.0,0.0,0.0,3962.0,4834.0,1.0,1.2,0.42403508771929826,4834.0,0.0,1.0,0.0,3349.7,414.2,0.0,0.0,0.0,3763.8999999999996,4.999985260833519,19.999941043334076,24.999926304167595,0.2467105214957141,0.2467105200792644,0.24671052027498025,-917.2166937088507,-3668.866774835403,-4586.083468544252,69.21016064263058,65.90200762192352,-1.3882254946311108,5.09847897089289,4.854778501887163,0.24370046900572628,0.07504654758541338,826.4062338541935,2699.5937661458065,102.1874974168313,333.8125025831687,0.0,0.0,928.5937312710248,3033.406268728975,15167.031343644876,1132.9687261046874,0.6294270700581597,5664.843630523437,31723.124330931245,3701.0312738953126,18505.156369476565,103628.87566906876,4834.0,24170.0,135352.0,0.6197435897435898,27.999917460667703,111.99966984267081,139.99958730333853,6.650661860468548,34584.27230963255,23139.30633689867,11444.965972733882,0.0,172921.36154816276,115696.53168449335,57224.82986366941,0.0,4132.031169270967,510.93748708415654,0.0,4642.968656355124,23139.374547917418,2861.2499276712765,0.0,19810.0,0.050198061335031935,-1231.0157500885318
109,109,2025,7SB,7,SB,PM-Shoulder,1,OP,PM,5.6,70,7800.0,1,6,70,1800,1,6,0.2,0.0,3780.0,467.0,0.0,0.0,0.0,1.0,1.0,1.0,10.0,5.0,0.24671052631578946,0.24671052631578946,30,4.005,0.592,3780.0,467.0,0.0,0.0,0.0,4247.0,5181.0,1.0,1.2,0.4544736842105263,5181.0,0.0,1.0,0.0,3591.0,443.65,0.0,0.0,0.0,4034.6499999999996,4.9999863562484155,19.999945424993662,24.999931781242076,0.24671052151509662,0.24671052013321154,0.24671052006331673,-819.0294699889234,-3276.1178799556938,-4095.147349944617,68.8096897045617,63.970339822400426,-1.4878767670473902,5.252434189545188,4.88303321004113,0.36940097950405804,0.11375549775634747,885.937482760712,2894.062517239288,109.4531222570993,357.54687774290073,0.0,0.0,995.3906050178113,3251.609394982189,3251.609394982189,1214.29684953201,0.6746093608511166,1214.29684953201,6800.062357379255,3966.70315046799,3966.70315046799,22213.53764262074,5181.0,5181.0,29013.599999999995,0.6642307692307692,27.999923594991124,111.9996943799645,139.9996179749556,6.649381423397437,37064.898068966715,24806.181827238703,12258.71624172801,0.0,37064.898068966715,24806.181827238703,12258.71624172801,0.0,885.937482760712,109.4531222570993,0.0,995.3906050178113,4961.249903459987,612.937484639756,0.0,4247.0,0.07564990111974819,-812.1234052429179
110,110,2025,7SB,7,SB,PM-Peak,3,Peak,PM,5.6,70,7800.0,1,6,70,1800,1,6,0.2,0.0,3725.0,460.0,0.0,0.0,0.0,1.0,1.0,1.0,10.0,5.0,0.24671052631578946,0.24671052631578946,30,4.005,0.592,3725.0,460.0,0.0,0.0,0.0,4185.0,5105.0,1.0,1.2,0.44780701754385965,5105.0,0.0,1.0,0.0,3538.75,437.0,0.0,0.0,0.0,3975.75,4.9999862396867325,19.99994495874693,24.999931198433664,0.24671052092630774,0.24671052002153204,0.24671051987264608,-565.6193467519063,-2262.477387007625,-2828.0967337595316,68.909111985588,64.44132172969815,-2.2907048666439667,5.2140457548243075,4.875987954543265,0.3380578002810424,0.10410349772427303,873.0468559279715,2851.9531440720284,107.8124972494095,352.1875027505905,0.0,0.0,980.859353177381,3204.1406468226187,9612.421940467855,1196.4843476762,0.6647135264867778,3589.4530430286004,20100.93704096016,3908.5156523238,11725.5469569714,65663.06295903985,5105.0,15315.0,85764.0,0.6544871794871795,27.9999229422457,111.9996917689828,139.9996147112285,6.648727216567113,36520.21115173126,24445.244690953085,12074.96646077817,0.0,109560.63345519378,73335.73407285925,36224.89938233451,0.0,2619.1405677839143,323.4374917482285,0.0,2942.578059532143,14667.187179589919,1811.2499537900796,0.0,12555.0,0.06933113933680919,-887.4197670688308
111,111,2025,7SB,7,SB,PM-Late,3,OP,PM,5.6,70,6744.4235340000005,1,6,70,1800,1,6,0.2,0.0,2836.0,350.0,0.0,0.0,0.0,1.0,1.0,1.0,10.0,5.0,0.27718909803653213,0.27718909803653213,30,4.005,0.592,2836.0,350.0,0.0,0.0,0.0,3186.0,3886.0,1.0,1.2,0.37566133939001184,3886.0,0.0,1.0,0.0,2694.2,332.5,0.0,0.0,0.0,3026.7,4.999983991199787,19.99993596479915,24.999919955998937,0.277189091153619,0.2771890911761979,0.27718909111959344,-1030.1820210183707,-4120.728084073483,-5150.910105091853,69.59303903108315,67.71408946689512,-1.2906423916509226,4.962039697281432,4.828069081017261,0.13397061626417095,0.038454640993647864,746.8028493860803,2089.19715061392,92.16537281608579,257.8346271839142,0.0,0.0,838.9682222021661,2347.031777797834,7041.095333393501,1023.2989678343376,0.568499426574632,3069.896903503013,17191.422659616874,2862.7010321656626,8588.103096496987,48093.37734038312,3886.0,11658.0,65284.799999999996,0.5761797106023798,27.999910350718807,111.99964140287523,139.99955175359403,6.647812990302249,31232.90153763552,20910.412832471608,10322.488705163913,0.0,93698.70461290656,62731.23849741482,30967.466115491738,0.0,2240.408548158241,276.4961184482574,0.0,2516.9046666064983,12546.28786968615,1548.3782633102412,0.0,9558.0,0.02774828073419855,-2239.2898371119823
