,index,Year,SegDir,Segment,Direction,Period,Hours/Day,Peak,4Periods,Length,Speed GP,Capacity GP,Alpha GP,Beta GP,Speed ML,Capacity ML,Alpha ML,Beta ML,MinToll,MinCapture,AADT Lights,AADT MediumA,AADT MediumB,AADT HeavyA,AADT HeavyB,GrowthFactor,GrowthFactor_medium,GrowthFactor_heavy,MaxToll,Soft Cap,MaxCapture,MaxCap_aux,Min Speed,B1,B2,TotalLights,TotalMediumA,TotalMediumB,TotalHeavyA,TotalHeavyB,TotalVeh,Corridor PCE pre-fix,Suppressed ratio ref,Max VC,Suppressed ratio,Corridor PCE,Suppressed Demand,PCE ratio,HOV3,InScopeLights,InScopeMediumA,InScopeMediumB,InScopeHeavyA,InScopeHeavyB,InScopeVeh,TollLights,TollMediumA,TollMediumB,CaptureRateLights,CaptureRateMediumA,VOT Lights,VOT MediumA,Speed GP Real,Speed ML Real,Bounus Seg,Time ML,Time GP,Time Savings,BonusRel,MLVeh_Lights,GPVeh_Lights,MLVeh_MediumA,GPVeh_MediumA,MLVeh,GPVeh,GPVehDay,ML PCE,ML V/C,ML Volume,ML PCE Total,GP PCE,GP Volume,GP PCE Total,Highway PCE,Highway Volume,Highway PCE Total,Highway V/C,TollLightsPerSeg,TollMediumAPerSeg,TollBlend,RevenuePerHour,RevenuePerHourLights,RevenuePerHourMediumA,RevenuePerDay,RevenuePerDayLights,RevenuePerDayMediumA,TransactionsDay_Lights,TransactionsDay_MediumA,TransactionsDay,TransactionsLightsLength,TransactionsMediumALength,TotalVeh_hours,Difference in Travel Time,Implied Min VOT
0,0,2025,1NB,1,NB,Night,8,OP,NT,3.0,70,12000,1,8,75,1800,1,4,0.05,0.01,2238.0,0.0,277.0,0.0,0.0,1.0,1.0,1.0,3.66,1.83,0.17391304347826086,0.17391304347826086,30,4.103,0.708,2685.6,0.0,332.4,0.0,0.0,3018.0,3682.7999999999997,1.0,1.2,0.23607692307692307,3682.7999999999997,0.0,1.0,53.711999999999996,1973.916,0.0,249.29999999999998,0.0,0.0,2263.5,0.117777617,0.588888085,,0.17391288362187948,0.17391262631169174,108.65758740423021,543.287937021151,69.9974817720862,74.8229430322302,0.0,2.4056792302658354,2.5715210810881044,-0.165841850822269,0.00012673823356033656,343.28942358736583,2288.598576412634,0.0,0.0,343.28942358736583,2620.998576412634,20967.988611301073,343.28942358736583,0.19071634643742547,2746.3153886989267,8238.946166096779,3285.798576412634,26286.38861130107,78859.16583390321,3629.0879999999997,29032.703999999998,87098.112,0.30242399999999997,0.353332851,1.766664255,0.11777761700000001,121.29543075427061,121.29543075427061,0.0,970.3634460341649,970.3634460341649,0.0,2746.3153886989267,0.0,2746.3153886989267,8238.946166096779,0.0,24144.0,-0.06449173294433785,42.6108185898942
1,1,2025,1NB,1,NB,AM-Early,1,OP,AM,3.0,70,12000,1,8,75,1800,1,4,0.05,0.01,1841.0,0.0,228.0,0.0,0.0,1.0,1.0,1.0,3.66,1.83,0.17391304347826086,0.17391304347826086,30,4.155,0.715,2209.2,0.0,273.59999999999997,0.0,0.0,2482.7999999999997,3030.0,1.0,1.2,0.19423076923076923,3030.0,0.0,1.0,44.184,1623.7619999999997,0.0,205.2,0.0,0.0,1862.1,0.169543156,0.84771578,,0.11244064855677693,0.11244064855112862,151.82976469431006,759.1488234715504,69.99929650697332,74.981114251898,0.0,2.4006044961574258,2.5714544142892697,-0.17084991813184391,3.5404719156636316e-05,182.5768523818492,1982.4391476181506,0.0,0.0,182.5768523818492,2256.0391476181508,2256.0391476181508,182.5768523818492,0.10143158465658289,182.5768523818492,547.7305571455476,2803.2391476181506,2803.2391476181506,8409.717442854451,2985.816,2985.816,8957.447999999999,0.24881799999999998,0.508629468,2.54314734,0.169543156,92.86396729609449,92.86396729609449,0.0,92.86396729609449,92.86396729609449,0.0,182.5768523818492,0.0,182.5768523818492,547.7305571455476,0.0,2482.7999999999997,-0.06644096709723922,59.541084193847084
2,2,2025,1NB,1,NB,AM-Peak,2,Peak,AM,3.0,70,12000,1,8,75,1800,1,4,0.05,0.01,4183.0,0.0,517.0,0.0,0.0,1.0,1.0,1.0,3.66,1.83,0.17391304347826086,0.17391304347826086,30,4.155,0.715,3135.768759528643,0.0,387.5669253350008,0.0,0.0,3523.3356848636436,4298.469535533645,1.0,1.2,0.2755429189444644,4298.469535533645,0.0,1.0,62.71537519057286,2304.7900382535527,0.0,290.6751940012506,0.0,0.0,2642.501763647733,0.167837166,0.83918583,,0.1128204608027453,0.11282046096819352,151.61431948932054,758.0715974466025,69.98848437609117,74.92256289292033,1.1792644160197072,2.402480548579963,2.5718516639501625,-0.16937111537019955,0.0005796367545796693,260.0274741693428,2813.025910168727,0.0,0.0,260.0274741693428,3200.5928355037277,6401.185671007455,260.0274741693428,0.1444597078718571,520.0549483386856,1560.1648450160567,3975.7266861737294,7951.453372347459,23854.360117042375,4235.754160343072,8471.508320686144,25414.524962058433,0.3529795133619226,0.5035114980000001,2.51755749,0.167837166,130.9268230401621,130.9268230401621,0.0,261.8536460803242,261.8536460803242,0.0,520.0549483386856,0.0,520.0549483386856,1560.1648450160567,0.0,7046.671369727287,-0.0658557092324908,59.45659587816491
3,3,2025,1NB,1,NB,AM-Shoulder,1,OP,AM,3.0,70,12000,1,8,75,1800,1,4,0.05,0.01,4812.0,0.0,595.0,0.0,0.0,1.0,1.0,1.0,3.66,1.83,0.17391304347826086,0.17391304347826086,30,4.155,0.715,3368.3999999999996,0.0,416.5,0.0,0.0,3784.8999999999996,4617.9,1.0,1.2,0.29601923076923076,4617.9,0.0,1.0,67.368,2475.774,0.0,312.375,0.0,0.0,2838.6749999999997,0.174664118,0.8733205900000001,,0.10304711653322378,0.10304711671532872,157.43781314308671,787.1890657154335,69.97863903150389,74.92280562822786,0.8851397928770283,2.4024727650105957,2.572213499593287,-0.16974073458269112,0.0010753515856601337,255.12137188792556,3045.910628112074,0.0,0.0,255.12137188792556,3462.410628112074,3462.410628112074,255.12137188792556,0.14173409549329197,255.12137188792556,765.3641156637767,4295.410628112074,4295.410628112074,12886.231884336223,4550.531999999999,4550.531999999999,13651.596,0.3792109999999999,0.523992354,2.61996177,0.174664118,133.68164821126354,133.68164821126354,0.0,133.68164821126354,133.68164821126354,0.0,255.12137188792556,0.0,255.12137188792556,765.3641156637767,0.0,3784.8999999999996,-0.06599014219058029,61.74031887964185
4,4,2025,1NB,1,NB,MD,5,OP,MD,3.0,70,12000,1,8,75,1800,1,4,0.05,0.01,5111.0,0.0,632.0,0.0,0.0,1.0,1.0,1.0,3.66,1.83,0.17391304347826086,0.17391304347826086,30,4.136,0.708,3577.7,0.0,442.4,0.0,0.0,4020.1,4904.9,1.0,1.2,0.3144166666666666,4904.9,0.0,1.0,71.554,2629.6094999999996,0.0,331.79999999999995,0.0,0.0,3015.075,0.415252552,2.07626276,,0.010001843599551873,0.01000140036677445,366.5543561771636,1832.7717808858179,69.94779824543949,74.99934491369264,1.690493108296186,2.4000209629449363,2.5733476180107755,-0.17332665506583922,0.0026290938176197383,26.3009429468958,3479.845057053104,0.0,0.0,26.3009429468958,3922.245057053104,19611.225285265522,26.3009429468958,0.014611634970497665,131.504714734479,394.514144203437,4807.045057053104,24035.22528526552,72105.67585579655,4833.346,24166.729999999996,72500.18999999999,0.4027788333333333,1.2457576559999999,6.22878828,0.415252552,32.76460103611464,32.76460103611464,0.0,163.8230051805732,163.8230051805732,0.0,131.504714734479,0.0,131.504714734479,394.514144203437,0.0,20100.5,-0.06735454388390114,143.7468063439857
5,5,2025,1NB,1,NB,PM-Shoulder,1,OP,PM,3.0,70,12000,1,8,75,1800,1,4,0.05,0.01,6757.0,0.0,835.0,0.0,0.0,1.0,1.0,1.0,3.66,1.83,0.17391304347826086,0.17391304347826086,30,4.135,0.592,8108.4,0.0,1002.0,0.0,0.0,9110.4,11114.4,1.0,1.2,0.7124615384615385,11114.4,0.0,1.0,162.168,5959.674,0.0,751.5,0.0,0.0,6832.799999999999,1.419297409,7.096487045,,0.047650978245518054,0.0476509857362726,167.75372832214714,838.7686416107358,48.60227362931969,74.71798794211388,3.1424268252185694,2.4090584470696808,3.70353044330448,-1.2944719962347992,1.5509795644699955,283.98429612437957,7662.247703875621,0.0,0.0,283.98429612437957,8664.24770387562,8664.24770387562,283.98429612437957,0.1577690534024331,283.98429612437957,851.9528883731386,10668.24770387562,10668.24770387562,32004.743111626864,10952.232,10952.232,32856.696,0.912686,4.257892226999999,21.289461135,1.419297409,1209.1745270580618,1209.1745270580618,0.0,1209.1745270580618,1209.1745270580618,0.0,283.98429612437957,0.0,283.98429612437957,851.9528883731386,0.0,9110.4,-0.34952378981386334,65.78577581260673
6,6,2025,1NB,1,NB,PM-Peak,3,Peak,PM,3.0,70,12000,1,8,75,1800,1,4,0.05,0.01,6670.0,0.0,824.0,0.0,0.0,1.0,1.0,1.0,3.66,1.83,0.17391304347826086,0.17391304347826086,30,4.135,0.592,8004.0,0.0,988.8,0.0,0.0,8992.8,10970.4,1.0,1.2,0.7032307692307692,10970.4,0.0,1.0,160.08,5882.9400000000005,0.0,741.5999999999999,0.0,0.0,6744.599999999999,1.202351064,6.01175532,,0.055307021599767074,0.055307039717262876,160.69368584587664,803.4684292293833,50.5975902560036,74.60531536481923,4.630445528759775,2.412696724352706,3.5574816723340357,-1.1447849479813295,1.3508927482404867,325.36788965013375,7518.552110349867,0.0,0.0,325.36788965013375,8507.352110349866,25522.0563310496,325.36788965013375,0.18075993869451876,976.1036689504012,2928.3110068512037,10484.952110349866,31454.8563310496,94364.5689931488,10810.32,32430.96,97292.88,0.90086,3.6070531919999995,18.03526596,1.202351064,1173.6192849368185,1173.6192849368185,0.0,3520.8578548104556,3520.8578548104556,0.0,976.1036689504012,0.0,976.1036689504012,2928.3110068512037,0.0,26978.399999999998,-0.3217964429399984,63.01713170426535
7,7,2025,1NB,1,NB,PM-Late,3,OP,PM,3.0,70,12000,1,8,75,1800,1,4,0.05,0.01,6393.0,0.0,790.0,0.0,0.0,1.0,1.0,1.0,3.66,1.83,0.17391304347826086,0.17391304347826086,30,4.135,0.592,7112.911659659985,0.0,878.9613970172671,0.0,0.0,7991.873056677252,9749.795850711787,1.0,1.2,0.6249869135071658,9749.795850711787,0.0,1.0,142.25823319319971,5227.990069850089,0.0,659.2210477629503,0.0,0.0,5993.904792507939,0.187399184,0.93699592,,0.15075553430107017,0.1507556237181734,115.1981109881999,575.9905549409996,63.82491290625866,70.00290826284345,1.103574513779969,2.5713217417217145,2.8202153642476686,-0.24889362252595415,0.3408379061621638,788.1484363009392,6182.504990165846,0.0,0.0,788.1484363009392,7061.466387183113,21184.399161549336,788.1484363009392,0.4378602423894107,2364.4453089028175,7093.3359267084525,8819.389181217648,26458.167543652944,79374.50263095883,9607.537617518587,28822.61285255576,86467.83855766727,0.8006281347932156,0.562197552,2.8109877599999997,0.187399184,443.09512150101597,443.09512150101597,0.0,1329.285364503048,1329.285364503048,0.0,2364.4453089028175,0.0,2364.4453089028175,7093.3359267084525,0.0,23975.619170031758,-0.0882534098924569,45.17572979929408
8,8,2025,1SB,1,SB,Night,8,OP,NT,3.0,70,12000,1,8,75,1800,1,4,0.05,0.01,1637.0,0.0,202.0,0.0,0.0,1.0,1.0,1.0,3.66,1.83,0.17391304347826086,0.17391304347826086,30,4.103,0.708,1964.3999999999999,0.0,242.39999999999998,0.0,0.0,2206.7999999999997,2691.6,1.0,1.2,0.17253846153846153,2691.6,0.0,1.0,39.288,1443.8339999999998,0.0,181.79999999999998,0.0,0.0,1655.1,0.147646003,0.738230015,,0.1346763739306925,0.1346763738940404,132.29369904188215,661.4684952094107,69.99975384813371,74.97868096682055,0.0,2.4006824030373823,2.571437613773824,-0.17075521073644184,1.2388012996439671e-05,194.45032767784747,1730.6616723221523,0.0,0.0,194.45032767784747,1973.0616723221524,15784.49337857722,194.45032767784747,0.10802795982102636,1555.6026214227797,4666.8078642683395,2457.861672322152,19662.893378577217,58988.68013573165,2652.3119999999994,21218.495999999996,63655.48799999999,0.22102599999999994,0.442938009,2.2146900449999998,0.147646003,86.12944099102336,86.12944099102336,0.0,689.0355279281869,689.0355279281869,0.0,1555.6026214227797,0.0,1555.6026214227797,4666.8078642683395,0.0,17654.399999999998,-0.06640457066576182,51.879881977208676
9,9,2025,1SB,1,SB,AM-Early,1,OP,AM,3.0,70,12000,1,8,75,1800,1,4,0.05,0.01,4573.0,0.0,565.0,0.0,0.0,1.0,1.0,1.0,3.66,1.83,0.17391304347826086,0.17391304347826086,30,4.155,0.715,3201.1,0.0,395.5,0.0,0.0,3596.6,4387.6,1.0,1.2,0.2812564102564103,4387.6,0.0,1.0,64.022,2352.8085,0.0,296.625,0.0,0.0,2697.45,0.795369856,3.9768492799999997,,0.010000201262823591,0.010000894144594803,706.679583178933,3533.397915894665,69.97858835563804,74.99958023667007,1.5121604204991619,2.4000134325017375,2.5722153622937114,-0.1722019297919739,0.0010779034852421666,23.52855853288208,3113.549441467118,0.0,0.0,23.52855853288208,3509.049441467118,3509.049441467118,23.52855853288208,0.01307142140715671,23.52855853288208,70.58567559864625,4300.0494414671175,4300.0494414671175,12900.148324401353,4323.5779999999995,4323.5779999999995,12970.733999999999,0.36029816666666664,2.386109568,11.93054784,0.7953698559999999,56.141718636557975,56.141718636557975,0.0,56.141718636557975,56.141718636557975,0.0,23.52855853288208,0.0,23.52855853288208,70.58567559864625,0.0,3596.6,-0.06694693310532791,277.1292483054639
10,10,2025,1SB,1,SB,AM-Peak,2,Peak,AM,3.0,70,12000,1,8,75,1800,1,4,0.05,0.01,7757.0,0.0,959.0,0.0,0.0,1.0,1.0,1.0,3.66,1.83,0.17391304347826086,0.17391304347826086,30,4.155,0.715,5692.901953294214,0.0,703.8150023474476,0.0,0.0,6396.716955641661,7804.346960336557,1.0,1.2,0.5002786513036254,7804.346960336557,0.0,1.0,113.85803906588428,4184.282935671247,0.0,527.8612517605857,0.0,0.0,4797.537716731245,1.233788573,6.168942865,,0.010000514943201703,0.010000536267655782,754.6780620039129,3773.3903100195644,67.91768375105009,74.99580110410226,4.202801138983835,2.400134372191592,2.6502670594566173,-0.25013268726502513,0.10800872859842298,41.844984024764194,5537.198930203565,0.0,0.0,41.844984024764194,6241.013932551013,12482.027865102025,41.844984024764194,0.02324721334709122,83.68996804952839,251.06990414858518,7648.643937245908,15297.287874491816,45891.86362347545,7690.488921270672,15380.977842541344,46142.93352762404,0.640874076772556,3.701365719,18.506828595,1.233788573,154.88358938136483,154.88358938136483,0.0,309.76717876272966,309.76717876272966,0.0,83.68996804952839,0.0,83.68996804952839,251.06990414858518,0.0,12793.433911283322,-0.09438018194147939,295.9521811780051
11,11,2025,1SB,1,SB,AM-Shoulder,1,OP,AM,3.0,70,12000,1,8,75,1800,1,4,0.05,0.01,7826.0,0.0,967.0,0.0,0.0,1.0,1.0,1.0,3.66,1.83,0.17391304347826086,0.17391304347826086,30,4.155,0.715,5478.2,0.0,676.9,0.0,0.0,6155.099999999999,7508.9,1.0,1.2,0.4813397435897436,7508.9,0.0,1.0,109.564,4026.477,0.0,507.67499999999995,0.0,0.0,4616.325,0.683611767,3.418058835,,0.010000701015237676,0.010000712985651786,456.31785867716974,2281.589293385849,68.45862995978477,74.99639949037073,2.5879020492933575,2.4001152218395676,2.6293251866965335,-0.22920996485696588,0.07931836291710817,40.267592621731154,5328.368407378269,0.0,0.0,40.267592621731154,6005.268407378268,6005.268407378268,40.267592621731154,0.02237088478985064,40.267592621731154,120.80277786519346,7359.068407378269,7359.068407378269,22077.205222134806,7399.335999999999,7399.335999999999,22198.007999999998,0.6166113333333333,2.050835301,10.254176505,0.683611767,82.5822004349334,82.5822004349334,0.0,82.5822004349334,82.5822004349334,0.0,40.267592621731154,0.0,40.267592621731154,120.80277786519346,0.0,6155.099999999999,-0.0871744453735461,178.9481798733999
12,12,2025,1SB,1,SB,MD,5,OP,MD,3.0,70,12000,1,8,75,1800,1,4,0.05,0.01,5968.0,0.0,738.0,0.0,0.0,1.0,1.0,1.0,3.66,1.83,0.17391304347826086,0.17391304347826086,30,4.136,0.708,4177.599999999999,0.0,516.6,0.0,0.0,4694.2,5727.4,1.0,1.2,0.36714102564102563,5727.4,0.0,1.0,83.55199999999999,3070.5359999999996,0.0,387.45000000000005,0.0,0.0,3520.6499999999996,0.188471815,0.9423590749999999,,0.08337183999434648,0.08337184112717773,166.497786648303,832.4889332415148,69.86949481891233,74.90515212947389,1.283099542660766,2.4030389750610106,2.576231593866877,-0.17319261880586634,0.0065801407404785075,255.99623608888064,3838.0517639111185,0.0,0.0,255.99623608888064,4354.651763911119,21773.258819555595,255.99623608888064,0.14222013116048923,1279.9811804444032,3839.9435413332094,5387.851763911119,26939.258819555595,80817.77645866678,5643.847999999999,28219.239999999998,84657.71999999999,0.4703206666666666,0.565415445,2.827077225,0.188471815,144.7442257465195,144.7442257465195,0.0,723.7211287325975,723.7211287325975,0.0,1279.9811804444032,0.0,1279.9811804444032,3839.9435413332094,0.0,23471.0,-0.06722711545739075,65.29324966600117
13,13,2025,1SB,1,SB,PM-Shoulder,1,OP,PM,3.0,70,12000,1,8,75,1800,1,4,0.05,0.01,4858.0,0.0,600.0,0.0,0.0,1.0,1.0,1.0,3.66,1.83,0.17391304347826086,0.17391304347826086,30,4.135,0.592,3400.6,0.0,420.0,0.0,0.0,3820.6,4660.6,1.0,1.2,0.29875641025641025,4660.6,0.0,1.0,68.012,2499.441,0.0,315.0,0.0,0.0,2865.45,0.186849115,0.934245575,,0.049417390423899865,0.049417391246508444,166.0208103336104,830.1040516680521,69.97077991875295,74.99038734565138,1.3040927213352587,2.4003076443695424,2.5725024104205816,-0.17219476605103923,0.0014711594190542833,123.51585173850269,3209.072148261497,0.0,0.0,123.51585173850269,3629.072148261497,3629.072148261497,123.51585173850269,0.0686199176325015,123.51585173850269,370.54755521550805,4469.072148261497,4469.072148261497,13407.216444784492,4592.588,4592.588,13777.764,0.3827156666666666,0.560547345,2.802736725,0.186849115,69.23648275743132,69.23648275743132,0.0,69.23648275743132,69.23648275743132,0.0,123.51585173850269,0.0,123.51585173850269,370.54755521550805,0.0,3820.6,-0.06693667821399121,65.1062001308276
14,14,2025,1SB,1,SB,PM-Peak,3,Peak,PM,3.0,70,12000,1,8,75,1800,1,4,0.05,0.01,6246.0,0.0,772.0,0.0,0.0,1.0,1.0,1.0,3.66,1.83,0.17391304347826086,0.17391304347826086,30,4.135,0.592,4372.2,0.0,540.4,0.0,0.0,4912.599999999999,5993.4,1.0,1.2,0.38419230769230767,5993.4,0.0,1.0,87.444,3213.5669999999996,0.0,405.29999999999995,0.0,0.0,3684.45,0.212310187,1.061550935,,0.03626786852210635,0.036267871975083826,180.92427521327474,904.6213760663736,69.76912833527881,74.98763020255632,2.8230599614190552,2.4003958988140397,2.5799376356689105,-0.17954173685487085,0.01165741800926491,116.54922544297973,4168.206774557019,0.0,0.0,116.54922544297973,4708.606774557019,14125.820323671058,116.54922544297973,0.0647495696905443,349.6476763289392,1048.9430289868176,5789.406774557019,17368.220323671056,52104.66097101317,5905.955999999999,17717.867999999995,53153.603999999985,0.49216299999999996,0.636930561,3.1846528050000003,0.212310187,74.23376354551256,74.23376354551256,0.0,222.7012906365377,222.7012906365377,0.0,349.6476763289392,0.0,349.6476763289392,1048.9430289868176,0.0,14737.8,-0.06959150266759079,70.95069616206852
15,15,2025,1SB,1,SB,PM-Late,3,OP,PM,3.0,70,12000,1,8,75,1800,1,4,0.05,0.01,4575.0,0.0,566.0,0.0,0.0,1.0,1.0,1.0,3.66,1.83,0.17391304347826086,0.17391304347826086,30,4.135,0.592,3202.5,0.0,396.2,0.0,0.0,3598.7,4391.1,1.0,1.2,0.28148076923076926,4391.1,0.0,1.0,64.05,2353.8374999999996,0.0,297.15,0.0,0.0,2699.0249999999996,0.163716463,0.818582315,,0.07541220859239703,0.07541221068562047,146.27410837641898,731.3705418820949,69.98382785966304,74.9756826236184,1.0412818740693408,2.400778408428888,2.572022787335238,-0.17124437890635003,0.0008140757921331253,177.50808454260633,2960.9419154573934,0.0,0.0,177.50808454260633,3357.141915457393,10071.42574637218,177.50808454260633,0.09861560252367019,532.524253627819,1597.572760883457,4149.541915457394,12448.625746372181,37345.87723911654,4327.05,12981.15,38943.45,0.3605875,0.49114938900000005,2.455746945,0.163716463,87.18298726566145,87.18298726566145,0.0,261.5489617969844,261.5489617969844,0.0,532.524253627819,0.0,532.524253627819,1597.572760883457,0.0,10796.099999999999,-0.06657965075176062,57.362395441732936
16,16,2025,2NB,2,NB,Night,8,OP,NT,2.2,70,12000,1,8,75,1800,1,4,0.05,0.01,3220.0,0.0,398.0,0.0,0.0,1.0,1.0,1.0,3.66,1.83,0.17391304347826086,0.17391304347826086,30,4.103,0.708,3135.7208664291657,0.0,387.5828897014932,0.0,0.0,3523.3037561306587,4298.469535533645,1.0,1.2,0.2755429189444644,4298.469535533645,0.0,1.0,62.714417328583316,2304.7548368254365,0.0,290.6871672761199,0.0,0.0,2642.477817097994,0.117777617,0.588888085,,0.17391291378291726,0.17391277990343634,111.79219619841771,558.9609809920886,69.99133016846581,74.67158864965202,0.23682831702882914,1.767740614429999,1.8859478692901288,-0.11820725486012984,0.0003200094989050442,400.8266292275837,2672.1798198729985,0.0,0.0,400.8266292275837,3059.7627095744915,24478.101676595932,400.8266292275837,0.22268146068199093,3206.6130338206694,7054.548674405473,3834.928488977478,30679.427911819825,67494.74140600362,4235.755118205062,33886.040945640496,74549.2900804091,0.35297959318375516,0.2591107574,1.295553787,0.117777617,103.85849148524818,103.85849148524818,0.0,830.8679318819854,830.8679318819854,0.0,3206.6130338206694,0.0,3206.6130338206694,7054.548674405473,0.0,28186.43004904527,-0.0626779015395707,59.781923100758135
17,17,2025,2NB,2,NB,AM-Early,1,OP,AM,2.2,70,12000,1,8,75,1800,1,4,0.05,0.01,3086.0,0.0,381.0,0.0,0.0,1.0,1.0,1.0,3.66,1.83,0.17391304347826086,0.17391304347826086,30,4.155,0.715,3136.6935414180252,0.0,387.2586647052066,0.0,0.0,3523.952206123232,4298.469535533645,1.0,1.2,0.2755429189444644,4298.469535533645,0.0,1.0,62.73387082836051,2305.4697529422483,0.0,290.44399852890496,0.0,0.0,2642.964154592424,0.169543156,0.84771578,,0.11039828669167277,0.11039828683862561,153.00262310171235,765.0131155085619,69.9883581571377,74.92769312852306,0.5658178281961203,1.7616984387011771,1.8860279548726362,-0.12432951617145904,0.00042972674694037783,254.51991074429833,2819.4397598453666,0.0,0.0,254.51991074429833,3206.6984245505732,3206.6984245505732,254.51991074429833,0.14139995041349906,254.51991074429833,559.9438036374563,3981.215753960986,3981.215753960986,8758.67465871417,4235.735664705285,4235.735664705285,9318.618462351626,0.35297797205877374,0.37299494320000004,1.8649747160000003,0.169543156,94.93463965133863,94.93463965133863,0.0,94.93463965133863,94.93463965133863,0.0,254.51991074429833,0.0,254.51991074429833,559.9438036374563,0.0,3523.952206123232,-0.0659213538432706,81.81958454637025
18,18,2025,2NB,2,NB,AM-Peak,2,Peak,AM,2.2,70,12000,1,8,75,1800,1,4,0.05,0.01,6362.0,0.0,786.0,0.0,0.0,1.0,1.0,1.0,3.66,1.83,0.17391304347826086,0.17391304347826086,30,4.155,0.715,5331.914374087388,0.0,658.7369849155434,0.0,0.0,5990.651359002932,7308.125328834018,1.0,1.2,0.468469572361155,7308.125328834018,0.0,1.0,106.63828748174775,3918.9570649542297,0.0,494.05273868665756,0.0,0.0,4492.988519252199,0.167837166,0.83918583,,0.12056265466238833,0.12056266555845169,147.39377097181583,736.9688548590791,69.23246871704471,74.20491896568674,1.3634764748480654,1.7788578148173493,1.9066198627047113,-0.127762047887362,0.028640640476882997,472.4798672588038,4752.796219346836,0.0,0.0,472.4798672588038,5411.5332042623795,10823.066408524759,472.4798672588038,0.26248881514377986,944.9597345176076,2078.911415938737,6729.007174093465,13458.01434818693,29607.63156601125,7201.487041352269,14402.974082704539,31686.542981949984,0.6001239201126891,0.36924176520000007,1.8462088260000002,0.167837166,174.45930020810243,174.45930020810243,0.0,348.91860041620487,348.91860041620487,0.0,944.9597345176076,0.0,944.9597345176076,2078.911415938737,0.0,11981.302718005863,-0.06700971199687393,78.82019838065017
19,19,2025,2NB,2,NB,AM-Shoulder,1,OP,AM,2.2,70,12000,1,8,75,1800,1,4,0.05,0.01,7274.0,0.0,899.0,0.0,0.0,1.0,1.0,1.0,3.66,1.83,0.17391304347826086,0.17391304347826086,30,4.155,0.715,6052.573162044785,0.0,748.0427925045726,0.0,0.0,6800.615954549357,8296.701539558504,1.0,1.2,0.5318398422793913,8296.701539558504,0.0,1.0,121.0514632408957,4448.641274102917,0.0,561.0320943784295,0.0,0.0,5100.461965912018,0.174664118,0.8733205900000001,,0.13196759806698016,0.13196762217226263,141.70590581587004,708.5295290793503,68.02536441613304,73.24556098608558,0.8767064309366269,1.802156993856269,1.9404526698675735,-0.13829567601130455,0.07499158629000441,587.0765036049922,5344.445195198897,0.0,0.0,587.0765036049922,6092.487987703469,6092.487987703469,587.0765036049922,0.3261536131138846,587.0765036049922,1291.568307930983,7588.573572712615,7588.573572712615,16694.861859967754,8175.650076317607,8175.650076317607,17986.430167898736,0.6813041730264673,0.38426105960000007,1.9213052980000003,0.174664118,225.59063934151757,225.59063934151757,0.0,225.59063934151757,225.59063934151757,0.0,587.0765036049922,0.0,587.0765036049922,1291.568307930983,0.0,6800.615954549357,-0.07126980119579138,75.77855925982355
20,20,2025,2NB,2,NB,MD,5,OP,MD,2.2,70,12000,1,8,75,1800,1,4,0.05,0.01,7621.0,0.0,942.0,0.0,0.0,1.0,1.0,1.0,3.66,1.83,0.17391304347826086,0.17391304347826086,30,4.136,0.708,7654.430434165306,0.0,946.1321964287781,0.0,0.0,8600.562630594084,10492.82702345164,1.0,1.2,0.6726171168879257,10492.82702345164,0.0,1.0,153.08860868330612,5626.0063691115,0.0,709.5991473215836,0.0,0.0,6450.4219729455635,0.415252552,2.07626276,,0.13878812137086502,0.1387881329402199,134.9267846069956,674.6339230349781,59.1173244160328,69.93230305520906,1.0225388053496143,1.887539723892558,2.232848006974436,-0.3453082830818779,0.4755731981264061,780.8228547895066,6720.518970692493,0.0,0.0,780.8228547895066,7666.651167121271,38333.25583560635,780.8228547895066,0.4337904748830592,3904.1142739475326,8589.051402684572,9558.915559978828,47794.57779989414,105148.07115976712,10339.738414768335,51698.692073841674,113737.1225624517,0.8616448678973613,0.9135556144000001,4.567778072,0.415252552,713.3251028447897,713.3251028447897,0.0,3566.625514223949,3566.625514223949,0.0,3904.1142739475326,0.0,3904.1142739475326,8589.051402684572,0.0,43002.81315297042,-0.15464925601889898,72.15336075240405
21,21,2025,2NB,2,NB,PM-Shoulder,1,OP,PM,2.2,70,12000,1,8,75,1800,1,4,0.05,0.01,8273.0,0.0,1022.0,0.0,0.0,1.0,1.0,1.0,3.66,1.83,0.17391304347826086,0.17391304347826086,30,4.135,0.592,9625.664732077877,0.0,1189.1006111668792,0.0,0.0,10814.765343244757,13192.966565578514,1.0,1.2,0.8457029849729817,13192.966565578514,0.0,1.0,192.51329464155756,7074.86357807724,0.0,891.8254583751593,0.0,0.0,8111.074007433568,1.419297409,7.096487045,,0.16659138463829032,0.16659141967842644,110.81828689644107,554.0914344822053,34.832623500781594,56.10915394319804,0.8429005154171336,2.35255730524167,3.7895509075576266,-1.4369936023159564,2.6082561719253774,1178.6113195988964,8254.540117837423,0.0,0.0,1178.6113195988964,9443.640729004303,9443.640729004303,1178.6113195988964,0.6547840664438314,1178.6113195988964,2592.9449031175723,11821.841951338061,11821.841951338061,26008.052292943736,13000.453270936958,13000.453270936958,28600.997196061307,1.083371105911413,3.1224542998,15.612271499000002,1.419297409,3680.1599826745264,3680.1599826745264,0.0,3680.1599826745264,3680.1599826745264,0.0,1178.6113195988964,0.0,1178.6113195988964,2592.9449031175723,0.0,10814.765343244757,-0.3791989175947241,59.26111598740164
22,22,2025,2NB,2,NB,PM-Peak,3,Peak,PM,2.2,70,12000,1,8,75,1800,1,4,0.05,0.01,7207.0,0.0,891.0,0.0,0.0,1.0,1.0,1.0,3.66,1.83,0.17391304347826086,0.17391304347826086,30,4.135,0.592,8648.4,0.0,1069.2,0.0,0.0,9717.6,11856.0,1.0,1.2,0.76,11856.0,0.0,1.0,172.968,6356.573999999999,0.0,801.9000000000001,0.0,0.0,7288.200000000001,1.202351064,6.01175532,,0.11337743630731492,0.11337745194015973,127.81528693665503,639.0764346832751,45.168477961401805,70.70419495989057,2.3730548313071296,1.8669330734178025,2.9223920299638846,-1.0554589565460821,1.4202485096219506,720.6920638177339,7754.739936182265,0.0,0.0,720.6920638177339,8823.939936182265,26471.819808546796,720.6920638177339,0.40038447989874104,2162.076191453202,4756.567621197044,10962.339936182267,32887.0198085468,72351.44357880297,11683.032000000001,35049.096000000005,77108.01120000001,0.9735860000000001,2.6451723408,13.225861704000001,1.202351064,1906.354713444738,1906.354713444738,0.0,5719.064140334214,5719.064140334214,0.0,2162.076191453202,0.0,2162.076191453202,4756.567621197044,0.0,29152.800000000003,-0.3611626864993625,68.35042082174066
23,23,2025,2NB,2,NB,PM-Late,3,OP,PM,2.2,70,12000,1,8,75,1800,1,4,0.05,0.01,7436.0,0.0,919.0,0.0,0.0,1.0,1.0,1.0,3.66,1.83,0.17391304347826086,0.17391304347826086,30,4.135,0.592,8278.728251191676,0.0,1023.1510574025217,0.0,0.0,9301.879308594198,11348.18142339924,1.0,1.2,0.7274475271409769,11348.18142339924,0.0,1.0,165.57456502383354,6084.865264625882,0.0,767.3632930518913,0.0,0.0,6976.409481445648,0.187399184,0.93699592,,0.1739130133934503,0.17391297974942976,69.88697255563922,349.43486277819613,54.166273556405706,61.795413772391086,0.6251516207829643,2.1360808503716964,2.436940762826201,-0.30085991245450483,0.7551802736433241,1058.2372542642215,7054.916431903622,0.0,0.0,1058.2372542642215,8078.067489306143,24234.20246791843,1058.2372542642215,0.5879095857023453,3174.7117627926646,6984.365878143863,10124.369604111187,30373.10881233356,66820.83938713383,11182.60685837541,33547.82057512623,73805.20526527769,0.9318839048646175,0.41227820480000005,2.061391024,0.187399184,436.28815544053447,436.28815544053447,0.0,1308.8644663216035,1308.8644663216035,0.0,3174.7117627926646,0.0,3174.7117627926646,6984.365878143863,0.0,27905.637925782594,-0.12345803272853773,37.37271259659851
24,24,2025,2SB,2,SB,Night,8,OP,NT,2.2,70,12000,1,8,75,1800,1,4,0.05,0.01,2585.0,0.0,319.0,0.0,0.0,1.0,1.0,1.0,3.66,1.83,0.17391304347826086,0.17391304347826086,30,4.103,0.708,3102.0,0.0,382.8,0.0,0.0,3484.8,4250.4,1.0,1.2,0.2724615384615384,4250.4,0.0,1.0,62.04,2279.9700000000003,0.0,287.1,0.0,0.0,2613.6000000000004,0.147646003,0.738230015,,0.12981310964401058,0.12981311001663826,134.43901685677454,672.1950842838728,69.99026672885881,74.88281480431918,0.459857698795121,1.7627542493553052,1.8859765245839955,-0.12322227522869023,0.00035926725150241,295.96999559505485,2743.990004404945,0.0,0.0,295.96999559505485,3126.790004404945,25014.32003523956,295.96999559505485,0.16442777533058603,2367.759964760439,5209.0719224729655,3892.390004404945,31139.12003523956,68506.06407752704,4188.36,33506.88,73715.13600000001,0.34902999999999995,0.3248212066,1.6241060330000001,0.147646003,96.1373310865824,96.1373310865824,0.0,769.0986486926593,769.0986486926593,0.0,2367.759964760439,0.0,2367.759964760439,5209.0719224729655,0.0,27878.4,-0.06533605992570365,71.8925223833019
25,25,2025,2SB,2,SB,AM-Early,1,OP,AM,2.2,70,12000,1,8,75,1800,1,4,0.05,0.01,6971.0,0.0,862.0,0.0,0.0,1.0,1.0,1.0,3.66,1.83,0.17391304347826086,0.17391304347826086,30,4.155,0.715,7565.311826069724,0.0,935.4897136812655,0.0,0.0,8500.80153975099,10371.78096711352,1.0,1.2,0.6648577543021488,10371.78096711352,0.0,1.0,151.30623652139448,5560.5041921612465,0.0,701.6172852609491,0.0,0.0,6375.601154813243,0.795369856,3.9768492799999997,,0.08108114859822843,0.08108115765684623,173.20099161933587,866.0049580966794,57.45912740662872,74.07229795356321,1.7325851289649579,1.7820427291556737,2.29728514785576,-0.5152424187000864,0.5638520811338196,450.85206668569816,6963.153522862631,0.0,0.0,450.85206668569816,7898.643236543896,7898.643236543896,450.85206668569816,0.2504733703809434,450.85206668569816,991.8745467085361,9769.622663906426,9769.622663906426,21493.16986059414,10220.474730592125,10220.474730592125,22485.044407302674,0.8517062275493437,1.7498136832000002,8.749068416,0.795369856,788.9071153856336,788.9071153856336,0.0,788.9071153856336,788.9071153856336,0.0,450.85206668569816,0.0,450.85206668569816,991.8745467085361,0.0,8500.80153975099,-0.22428318016202878,92.62085113333468
26,26,2025,2SB,2,SB,AM-Peak,2,Peak,AM,2.2,70,12000,1,8,75,1800,1,4,0.05,0.01,9309.0,0.0,1150.0,0.0,0.0,1.0,1.0,1.0,3.66,1.83,0.17391304347826086,0.17391304347826086,30,4.155,0.715,8780.39614217791,0.0,1084.6982021167253,0.0,0.0,9865.094344294635,12034.490748528086,1.0,1.2,0.7714417146492363,12034.490748528086,0.0,1.0,175.60792284355819,6453.591164500764,0.0,813.523651587544,0.0,0.0,7398.820758220976,1.233788573,6.168942865,,0.1346388812676787,0.13463890155860433,140.45398837551772,702.2699418775886,44.81931444579452,67.36200955208771,1.9259953493800315,1.9595614928609117,2.945158836814511,-0.9855973439535994,1.4514390350073092,868.9042945473586,7735.883924786993,0.0,0.0,868.9042945473586,8820.582126903719,17641.164253807437,868.9042945473586,0.4827246080818659,1737.8085890947173,3823.178896008378,10989.978531137169,21979.957062274338,48355.90553700355,11858.882825684528,23717.765651369056,52179.08443301193,0.9882402354737106,2.7143348606,13.571674303000002,1.233788573,2358.497217214946,2358.497217214946,0.0,4716.994434429892,4716.994434429892,0.0,1737.8085890947173,0.0,1737.8085890947173,3823.178896008378,0.0,19730.18868858927,-0.3346499793605778,75.10908469279023
27,27,2025,2SB,2,SB,AM-Shoulder,1,OP,AM,2.2,70,12000,1,8,75,1800,1,4,0.05,0.01,8274.0,0.0,1023.0,0.0,0.0,1.0,1.0,1.0,3.66,1.83,0.17391304347826086,0.17391304347826086,30,4.155,0.715,8523.542053644886,0.0,1053.8534591344837,0.0,0.0,9577.395512779369,11685.102431048337,1.0,1.2,0.7490450276313037,11685.102431048337,0.0,1.0,170.4708410728977,6264.803409428991,0.0,790.3900943508628,0.0,0.0,7183.046634584527,0.683611767,3.418058835,,0.15674762195220063,0.15674767661487687,131.06051291616384,655.3025645808192,49.981253180856456,64.20998952834002,0.885871617535745,2.055754890627102,2.640990203314028,-0.5852353126869256,1.034728007111647,981.993036426033,7371.078176145955,0.0,0.0,981.993036426033,8424.931635280438,8424.931635280438,981.993036426033,0.5455516869033517,981.993036426033,2160.384680137273,10532.638553549406,10532.638553549406,23171.804817808697,11514.631589975439,11514.631589975439,25332.18949794597,0.9595526324979533,1.5039458874000002,7.5197294370000005,0.683611767,1476.864388588371,1476.864388588371,0.0,1476.864388588371,1476.864388588371,0.0,981.993036426033,0.0,981.993036426033,2160.384680137273,0.0,9577.395512779369,-0.22159692677108278,70.08583578404483
28,28,2025,2SB,2,SB,MD,5,OP,MD,2.2,70,12000,1,8,75,1800,1,4,0.05,0.01,7694.0,0.0,951.0,0.0,0.0,1.0,1.0,1.0,3.66,1.83,0.17391304347826086,0.17391304347826086,30,4.136,0.708,7871.148412681477,0.0,972.8960411307622,0.0,0.0,8844.04445381224,10789.836536073763,1.0,1.2,0.6916561882098565,10789.836536073763,0.0,1.0,157.42296825362953,5785.294083320885,0.0,729.6720308480717,0.0,0.0,6633.033340359179,0.188471815,0.9423590749999999,,0.17391303795994692,0.1739126839971241,113.34121876314906,566.7060938157452,58.56551800847738,63.85103390275114,0.5944766318716375,2.067311865318324,2.253885980841029,-0.18657411552270542,0.5043952223236389,1006.1380695220414,6707.5873749058055,0.0,0.0,1006.1380695220414,7680.483416036568,38402.417080182844,1006.1380695220414,0.5589655941789119,5030.690347610207,11067.518764742455,9626.275498298091,48131.37749149046,105889.03048127901,10632.413567820133,53162.067839100666,116956.54924602147,0.8860344639850111,0.414637993,2.073189965,0.188471815,417.1830698275137,417.1830698275137,0.0,2085.9153491375682,2085.9153491375682,0.0,5030.690347610207,0.0,5030.690347610207,11067.518764742455,0.0,44220.222269061196,-0.0827788615345511,60.6102774134487
29,29,2025,2SB,2,SB,PM-Shoulder,1,OP,PM,2.2,70,12000,1,8,75,1800,1,4,0.05,0.01,5126.0,0.0,634.0,0.0,0.0,1.0,1.0,1.0,3.66,1.83,0.17391304347826086,0.17391304347826086,30,4.135,0.592,6151.2,0.0,760.8,0.0,0.0,6912.0,8433.599999999999,1.0,1.2,0.5406153846153845,8433.599999999999,0.0,1.0,123.024,4521.132,0.0,570.5999999999999,0.0,0.0,5184.0,0.186849115,0.934245575,,0.11480446374672408,0.1148044762202947,127.2570590204615,636.2852951023075,67.5801916870562,73.80511443096697,1.065998647987529,1.7884939413442027,1.9532350634821043,-0.1647411221379016,0.09250346554191172,519.0461347881541,5509.129865211846,0.0,0.0,519.0461347881541,6269.929865211846,6269.929865211846,519.0461347881541,0.2883589637711967,519.0461347881541,1141.901496533939,7791.529865211845,7791.529865211845,17141.36570346606,8310.576,8310.576,18283.2672,0.6925479999999999,0.41106805300000004,2.0553402650000003,0.186849115,213.36328404454207,213.36328404454207,0.0,213.36328404454207,213.36328404454207,0.0,519.0461347881541,0.0,519.0461347881541,1141.901496533939,0.0,6912.0,-0.0843427016122737,68.05190321949813
30,30,2025,2SB,2,SB,PM-Peak,3,Peak,PM,2.2,70,12000,1,8,75,1800,1,4,0.05,0.01,7001.0,0.0,865.0,0.0,0.0,1.0,1.0,1.0,3.66,1.83,0.17391304347826086,0.17391304347826086,30,4.135,0.592,4900.7,0.0,605.5,0.0,0.0,5506.2,6717.2,1.0,1.2,0.43058974358974356,6717.2,0.0,1.0,98.014,3602.0144999999998,0.0,454.125,0.0,0.0,4129.65,0.212310187,1.061550935,,0.04517912568707814,0.045179132295577185,170.2994631234534,851.497315617267,69.44980254419357,74.96698765202208,2.2073936937081804,1.7607750309070818,1.9006533519804227,-0.13987832107334097,0.020466520784607686,162.7358658221779,4639.950134177821,0.0,0.0,162.7358658221779,5245.450134177821,15736.350402533464,162.7358658221779,0.0904088143456544,488.20759746653374,1074.0567144263744,6456.450134177821,19369.350402533462,42612.57088557362,6619.186,19857.557999999997,43686.6276,0.5515988333333333,0.46708241140000006,2.3354120570000005,0.212310187,76.01106062948972,76.01106062948972,0.0,228.03318188846916,228.03318188846916,0.0,488.20759746653374,0.0,488.20759746653374,1074.0567144263744,0.0,16518.6,-0.0735948619602791,91.06923161681999
31,31,2025,2SB,2,SB,PM-Late,3,OP,PM,2.2,70,12000,1,8,75,1800,1,4,0.05,0.01,6368.0,0.0,787.0,0.0,0.0,1.0,1.0,1.0,3.66,1.83,0.17391304347826086,0.17391304347826086,30,4.135,0.592,4457.599999999999,0.0,550.9,0.0,0.0,5008.499999999999,6110.299999999999,1.0,1.2,0.3916858974358974,6110.299999999999,0.0,1.0,89.15199999999999,3276.3359999999993,0.0,413.17499999999995,0.0,0.0,3756.374999999999,0.163716463,0.818582315,,0.08192500916630414,0.08192500866303423,142.48055019577575,712.4027509788787,69.77985703351436,74.88339432945754,1.0143800375247223,1.7627406073401508,1.891663376962812,-0.12892276962266114,0.00815025501048091,268.4138568318922,4100.034143168107,0.0,0.0,268.4138568318922,4650.934143168107,13952.802429504321,268.4138568318922,0.1491188093510512,805.2415704956766,1771.5314550904886,5752.734143168107,17258.202429504323,37968.045344909515,6021.147999999999,18063.444,39739.5768,0.5017623333333333,0.36017621860000004,1.800881093,0.163716463,96.67628797355272,96.67628797355272,0.0,290.0288639206582,290.0288639206582,0.0,805.2415704956766,0.0,805.2415704956766,1771.5314550904886,0.0,15025.499999999996,-0.06815312448965154,76.19280759132391
32,32,2025,3NB,3,NB,Night,8,OP,NT,3.4,70,12000,1,8,75,1800,1,4,0.05,0.01,3349.0,0.0,414.0,0.0,0.0,1.0,1.0,1.0,3.66,1.83,0.17391304347826086,0.17391304347826086,30,4.103,0.708,3135.607596275796,0.0,387.6206464192832,0.0,0.0,3523.228242695079,4298.469535533645,1.0,1.2,0.2755429189444644,4298.469535533645,0.0,1.0,62.71215192551592,2304.6715832627096,0.0,290.7154848144624,0.0,0.0,2642.4211820213095,0.117777617,0.588888085,,0.1739129137987292,0.17391277994696744,111.79113195838787,558.9556597919393,69.99132991084318,74.6716358914228,0.36606456758533606,2.7319610393513902,2.9146467178129156,-0.1826856784615254,0.0004945748322657553,400.81215039434835,2672.0832939559314,0.0,0.0,400.81215039434835,3059.7039403752146,24477.631523001717,400.81215039434835,0.22267341688574907,3206.497203154787,10902.090490726276,3834.9452332137807,30679.561865710246,104310.51034341483,4235.757383608129,33886.05906886503,115212.6008341411,0.3529797819673441,0.4004438978,2.002219489,0.117777617,160.50277978951266,160.50277978951266,0.0,1284.0222383161013,1284.0222383161013,0.0,3206.497203154787,0.0,3206.497203154787,10902.090490726276,0.0,28185.825941560634,-0.06267849799601392,38.682052580757045
33,33,2025,3NB,3,NB,AM-Early,1,OP,AM,3.4,70,12000,1,8,75,1800,1,4,0.05,0.01,3209.0,0.0,397.0,0.0,0.0,1.0,1.0,1.0,3.66,1.83,0.17391304347826086,0.17391304347826086,30,4.155,0.715,3134.951986256243,0.0,387.8391830924675,0.0,0.0,3522.7911693487104,4298.469535533645,1.0,1.2,0.2755429189444644,4298.469535533645,0.0,1.0,62.69903972512486,2304.1897098983386,0.0,290.87938731935066,0.0,0.0,2642.0933770115325,0.169543156,0.84771578,,0.11040567160080964,0.11040567174636687,152.99833793311367,764.9916896655684,69.98835529463611,74.92783795182166,0.8749830075611212,2.722619597420805,2.9147705949254465,-0.19215099750464137,0.0006642864764332252,254.3956124170008,2817.8573341141173,0.0,0.0,254.3956124170008,3205.6965172065848,3205.6965172065848,254.3956124170008,0.14133089578722266,254.3956124170008,864.9450822178027,3981.3748833915197,3981.3748833915197,13536.674603531166,4235.7704958085205,4235.7704958085205,14401.619685748969,0.35298087465071004,0.5764467303999999,2.882233652,0.169543156,146.64551900588575,146.64551900588575,0.0,146.64551900588575,146.64551900588575,0.0,254.3956124170008,0.0,254.3956124170008,864.9450822178027,0.0,3522.7911693487104,-0.06592319746849792,52.940601360938984
34,34,2025,3NB,3,NB,AM-Peak,2,Peak,AM,3.4,70,12000,1,8,75,1800,1,4,0.05,0.01,6617.0,0.0,818.0,0.0,0.0,1.0,1.0,1.0,3.66,1.83,0.17391304347826086,0.17391304347826086,30,4.155,0.715,4631.9,0.0,572.5999999999999,0.0,0.0,5204.5,6349.699999999999,1.0,1.2,0.4070320512820512,6349.699999999999,0.0,1.0,92.63799999999999,3404.4465,0.0,429.44999999999993,0.0,0.0,3903.375,0.167837166,0.83918583,,0.11266428174513572,0.1126642841162039,151.70280885937547,758.5140442968774,69.7396380461842,74.63440724262078,1.977305664056439,2.733323778359207,2.925165740965039,-0.19184196260583208,0.014905636550674738,383.5595196622412,4155.702480337758,0.0,0.0,383.5595196622412,4728.3024803377575,9456.604960675515,383.5595196622412,0.21308862203457846,767.1190393244824,2608.20473370324,5873.502480337758,11747.004960675516,39939.81686629676,6257.062,12514.124,42548.0216,0.5214218333333334,0.5706463644,2.853231822,0.167837166,218.8768454262683,218.8768454262683,0.0,437.7536908525366,437.7536908525366,0.0,767.1190393244824,0.0,767.1190393244824,2608.20473370324,0.0,10409.0,-0.06558327957941339,52.49232140462819
35,35,2025,3NB,3,NB,AM-Shoulder,1,OP,AM,3.4,70,12000,1,8,75,1800,1,4,0.05,0.01,7565.0,0.0,935.0,0.0,0.0,1.0,1.0,1.0,3.66,1.83,0.17391304347826086,0.17391304347826086,30,4.155,0.715,5295.5,0.0,654.5,0.0,0.0,5950.0,7259.0,1.0,1.2,0.46532051282051284,7259.0,0.0,1.0,105.91,3892.1925,0.0,490.875,0.0,0.0,4462.5,0.174664118,0.8733205900000001,,0.11498999113306725,0.11498999958384629,150.39924534336876,751.9962267168439,69.2537179665873,74.33550365786773,1.4151324107048209,2.744314492559552,2.9456902241468605,-0.2013757315873086,0.04302417850977043,447.5631810631909,4742.026818936809,0.0,0.0,447.5631810631909,5396.526818936809,5396.526818936809,447.5631810631909,0.2486462117017727,447.5631810631909,1521.714815614849,6705.526818936809,6705.526818936809,22798.79118438515,7153.09,7153.09,24320.506,0.5960908333333333,0.5938580012,2.969290006,0.174664118,265.78897611690024,265.78897611690024,0.0,265.78897611690024,265.78897611690024,0.0,447.5631810631909,0.0,447.5631810631909,1521.714815614849,0.0,5950.0,-0.06836283392481693,52.04126136448747
36,36,2025,3NB,3,NB,MD,5,OP,MD,3.4,70,12000,1,8,75,1800,1,4,0.05,0.01,7925.0,0.0,980.0,0.0,0.0,1.0,1.0,1.0,3.66,1.83,0.17391304347826086,0.17391304347826086,30,4.136,0.708,7326.84830048156,0.0,906.0329759586031,0.0,0.0,8232.881276440163,10044.947228357369,1.0,1.2,0.6439068736126519,10044.947228357369,0.0,1.0,146.5369660096312,5385.233500853947,0.0,679.5247319689523,0.0,0.0,6174.660957330122,0.415252552,2.07626276,,0.12056432358961784,0.12056433813532033,143.43709777935277,717.1854888967638,61.33647464298318,72.23998098313706,1.8542784866802873,2.8239210091655425,3.325916613033406,-0.5019956038678637,0.5639343312843383,649.2670344026058,6531.044300069323,0.0,0.0,649.2670344026058,7437.077276027926,37185.38638013963,649.2670344026058,0.36070390800144764,3246.3351720130286,11037.539584844297,9249.143227945133,46245.716139725664,157235.43487506727,9898.41026234774,49492.051311738694,168272.97445991155,0.8248675218623116,1.4118586767999999,7.059293384,0.41525255199999994,916.673296081523,916.673296081523,0.0,4583.366480407614,4583.366480407614,0.0,3246.3351720130286,0.0,3246.3351720130286,11037.539584844297,0.0,41164.40638220082,-0.15093451288005022,49.632213764481925
37,37,2025,3NB,3,NB,PM-Shoulder,1,OP,PM,3.4,70,12000,1,8,75,1800,1,4,0.05,0.01,8604.0,0.0,1063.0,0.0,0.0,1.0,1.0,1.0,3.66,1.83,0.17391304347826086,0.17391304347826086,30,4.135,0.592,9061.592189553876,0.0,1119.5342279748688,0.0,0.0,10181.126417528745,12420.194873478482,1.0,1.2,0.7961663380434925,12420.194873478482,0.0,1.0,181.23184379107752,6660.270259322098,0.0,839.6506709811516,0.0,0.0,7635.844813146559,1.419297409,7.096487045,,0.130601885676893,0.1306019168094012,121.52764864086087,607.6382432043044,40.30550827487637,67.1883957686087,2.0595747943042215,3.0362385895111887,5.061342946198729,-2.02510435668754,2.9414684077208304,869.8438549851951,8010.516490777603,0.0,0.0,869.8438549851951,9130.050718752473,9130.050718752473,869.8438549851951,0.4832465861028862,869.8438549851951,2957.4691069496635,11369.11917470221,11369.11917470221,38655.00519398751,12238.963029687404,12238.963029687404,41612.474300937174,1.0199135858072836,4.825611190599999,24.128055953,1.419297409,4197.5282406912,4197.5282406912,0.0,4197.5282406912,4197.5282406912,0.0,869.8438549851951,0.0,869.8438549851951,2957.4691069496635,0.0,10181.126417528745,-0.4001120608135188,42.051089495107576
38,38,2025,3NB,3,NB,PM-Peak,3,Peak,PM,3.4,70,12000,1,8,75,1800,1,4,0.05,0.01,7495.0,0.0,926.0,0.0,0.0,1.0,1.0,1.0,3.66,1.83,0.17391304347826086,0.17391304347826086,30,4.135,0.592,8994.0,0.0,1111.2,0.0,0.0,10105.2,12327.6,1.0,1.2,0.7902307692307693,12327.6,0.0,1.0,179.88,6610.59,0.0,833.4000000000001,0.0,0.0,7578.900000000001,1.202351064,6.01175532,,0.13928809449986104,0.13928810670875882,118.68177111672239,593.4088555836119,42.00158334546838,65.80083198558276,2.8822888126894988,3.1002647511310686,4.8569597560661935,-1.7566950049351249,2.6614634372392563,920.7764846198364,7893.343515380164,0.0,0.0,920.7764846198364,9004.543515380165,27013.63054614049,920.7764846198364,0.5115424914554647,2762.329453859509,9391.92014312233,11226.943515380164,33680.830546140496,114514.82385687769,12147.720000000001,36443.16,123906.74400000002,1.01231,4.0879936176,20.439968087999997,1.202351064,3764.1283923620554,3764.1283923620554,0.0,11292.385177086166,11292.385177086166,0.0,2762.329453859509,0.0,2762.329453859509,9391.92014312233,0.0,30315.600000000002,-0.36168613559975804,41.06635678779322
39,39,2025,3NB,3,NB,PM-Late,3,OP,PM,3.4,70,12000,1,8,75,1800,1,4,0.05,0.01,7734.0,0.0,956.0,0.0,0.0,1.0,1.0,1.0,3.66,1.83,0.17391304347826086,0.17391304347826086,30,4.135,0.592,7651.895548097484,0.0,945.8510659401595,0.0,0.0,8597.746614037644,10489.448745917962,1.0,1.2,0.6724005606357668,10489.448745917962,0.0,1.0,153.03791096194968,5624.14322785165,0.0,709.3882994551196,0.0,0.0,6448.309960528233,0.187399184,0.93699592,,0.16709363907025993,0.1670937694594879,110.68657445123996,553.4328722561999,60.29981013074073,66.02970965359636,1.0265191102619011,3.08951835575562,3.383095229615013,-0.29357687385939313,0.642269036001139,939.7585585940903,6559.099078541443,0.0,0.0,939.7585585940903,7504.950144481603,22514.850433444808,939.7585585940903,0.5220880881078279,2819.275675782271,9585.537297659721,9396.652276361921,28189.956829085764,95845.8532188916,10336.410834956012,31009.232504868036,105431.39051655133,0.8613675695796676,0.6371572256,3.1857861279999997,0.187399184,598.7739559276656,598.7739559276656,0.0,1796.3218677829968,1796.3218677829968,0.0,2819.275675782271,0.0,2819.275675782271,9585.537297659721,0.0,25793.239842112933,-0.08677759682596974,38.2998527512941
40,40,2025,3SB,3,SB,Night,8,OP,NT,3.4,70,12000,1,8,75,1800,1,4,0.05,0.01,2688.0,0.0,332.0,0.0,0.0,1.0,1.0,1.0,3.66,1.83,0.17391304347826086,0.17391304347826086,30,4.103,0.708,3136.3425927020735,0.0,387.37564761052397,0.0,0.0,3523.7182403125976,4298.469535533645,1.0,1.2,0.2755429189444644,4298.469535533645,0.0,1.0,62.72685185404147,2305.211805636024,0.0,290.53173570789295,0.0,0.0,2642.7886802344483,0.147646003,0.738230015,,0.129609407739645,0.129609408120066,134.5308432198032,672.6542160990158,69.98933908046898,74.878180269336,0.7206484993445249,2.7244251832271327,2.9147296242568412,-0.19030444102970856,0.0006081566604438536,298.7771368429227,2774.8386040051096,0.0,0.0,298.7771368429227,3162.2142516156337,25297.71401292507,298.7771368429227,0.16598729824606817,2390.2170947433815,8126.738122127497,3936.9655468366814,31495.72437469345,107085.46287395773,4235.742683679604,33885.94146943683,115212.20099608523,0.35297855697330033,0.5019964102,2.5099820509999997,0.147646003,149.98505014498133,149.98505014498133,0.0,1199.8804011598506,1199.8804011598506,0.0,2390.2170947433815,0.0,2390.2170947433815,8126.738122127497,0.0,28189.74592250078,-0.06529059829287934,46.55046478193881
41,41,2025,3SB,3,SB,AM-Early,1,OP,AM,3.4,70,12000,1,8,75,1800,1,4,0.05,0.01,7250.0,0.0,896.0,0.0,0.0,1.0,1.0,1.0,3.66,1.83,0.17391304347826086,0.17391304347826086,30,4.155,0.715,8118.48793047419,0.0,1003.3331290627414,0.0,0.0,9121.821059536931,11128.487317662413,1.0,1.2,0.7133645716450265,11128.487317662413,0.0,1.0,162.3697586094838,5967.088628898529,0.0,752.4998467970561,0.0,0.0,6841.365794652698,0.795369856,3.9768492799999997,,0.12357548460343215,0.12357549619817053,145.8337737657091,729.1688688285454,53.18691197921672,70.59274350157841,1.9913712044385983,2.8898154382601478,3.8355300657371294,-0.9457146274769817,1.2621047614884389,737.3858689877653,7218.732302876941,0.0,0.0,737.3858689877653,8222.065431939682,8222.065431939682,737.3858689877653,0.4096588161043141,737.3858689877653,2507.111954558402,10228.731690065164,10228.731690065164,34777.687746221556,10966.11755905293,10966.11755905293,37284.79970077996,0.9138431299210774,2.7042575103999997,13.521287551999999,0.795369856,1994.0812742729945,1994.0812742729945,0.0,1994.0812742729945,1994.0812742729945,0.0,737.3858689877653,0.0,737.3858689877653,2507.111954558402,0.0,9121.821059536931,-0.24656686592684288,50.46151341374017
42,42,2025,3SB,3,SB,AM-Peak,2,Peak,AM,3.4,70,12000,1,8,75,1800,1,4,0.05,0.01,9681.0,0.0,1197.0,0.0,0.0,1.0,1.0,1.0,3.66,1.83,0.17391304347826086,0.17391304347826086,30,4.155,0.715,9176.378690134245,0.0,1134.6064757866636,0.0,0.0,10310.985165920909,12580.198117494236,1.0,1.2,0.8064229562496305,12580.198117494236,0.0,1.0,183.52757380268488,6744.63833724867,0.0,850.9548568399978,0.0,0.0,7733.238874440682,1.233788573,6.168942865,,0.1586803473544244,0.1586803714202527,130.31125285080722,651.5562642540363,40.78366404852061,60.70977970424136,2.2323094615648604,3.3602493864056626,5.002002756723863,-1.6417533703182006,2.8601723481402637,1070.2415541345863,7922.6095621969735,0.0,0.0,1070.2415541345863,9057.216037983637,18114.432075967274,1070.2415541345863,0.5945786411858813,2140.4831082691726,7277.642568115187,11326.428989556964,22652.857979113927,77019.71712898735,12396.67054369155,24793.3410873831,84297.35969710254,1.0330558786409625,4.1948811481999995,20.974405740999998,1.233788573,4489.536119459445,4489.536119459445,0.0,8979.07223891889,8979.07223891889,0.0,2140.4831082691726,0.0,2140.4831082691726,7277.642568115187,0.0,20621.970331841818,-0.3282192054195291,45.09039891031393
43,43,2025,3SB,3,SB,AM-Shoulder,1,OP,AM,3.4,70,12000,1,8,75,1800,1,4,0.05,0.01,8605.0,0.0,1064.0,0.0,0.0,1.0,1.0,1.0,3.66,1.83,0.17391304347826086,0.17391304347826086,30,4.155,0.715,8890.076157656133,0.0,1099.249393578864,0.0,0.0,9989.325551234997,12187.824338392726,1.0,1.2,0.7812707909226106,12187.824338392726,0.0,1.0,177.80152315312264,6534.2059758772575,0.0,824.437045184148,0.0,0.0,7491.994163426248,0.683611767,3.418058835,,0.17308606593343173,0.1730839159060163,125.0309234918429,625.1546174592145,46.067276216186876,58.61674157723433,1.0570074746481,3.4802343922718126,4.428306093953945,-0.9480717016821325,2.074207920145477,1130.9800063633147,7581.294628139695,0.0,0.0,1130.9800063633147,8680.544021718559,8680.544021718559,1130.9800063633147,0.628322225757397,1130.9800063633147,3845.33202163527,10879.042808876287,10879.042808876287,36988.745550179374,12010.022815239601,12010.022815239601,40834.07757181465,1.0008352346033,2.3242800078,11.621400039,0.683611767,2628.7142180117694,2628.7142180117694,0.0,2628.7142180117694,2628.7142180117694,0.0,1130.9800063633147,0.0,1130.9800063633147,3845.33202163527,0.0,9989.325551234997,-0.2140935340889271,43.26329532589719
44,44,2025,3SB,3,SB,MD,5,OP,MD,3.4,70,12000,1,8,75,1800,1,4,0.05,0.01,8002.0,0.0,989.0,0.0,0.0,1.0,1.0,1.0,3.66,1.83,0.17391304347826086,0.17391304347826086,30,4.136,0.708,7566.531356018424,0.0,935.178644226721,0.0,0.0,8501.710000245144,10372.067288698587,1.0,1.2,0.6648761082499094,10372.067288698587,0.0,1.0,151.3306271203685,5561.400546673542,0.0,701.3839831700407,0.0,0.0,6376.282500183858,0.188471815,0.9423590749999999,,0.16766136369915693,0.1676614181119788,123.73236562884306,618.6618281442152,61.04902246409313,66.28864338810368,1.0039298365092102,3.0774502173114366,3.341576847032818,-0.26412662972138135,0.5853888518635323,932.4319997325229,6482.768729165533,0.0,0.0,932.4319997325229,7417.947373392254,37089.73686696127,932.4319997325229,0.5180177776291793,4662.159998662614,15851.343995452888,9288.304661845696,46441.523309228476,157901.1792513768,10220.73666157822,51103.68330789109,173752.5232468297,0.8517280551315183,0.640804171,3.2040208549999996,0.188471815,597.5063146024715,597.5063146024715,0.0,2987.5315730123575,2987.5315730123575,0.0,4662.159998662614,0.0,4662.159998662614,15851.343995452888,0.0,42508.550001225725,-0.07904251250600891,42.81396734562043
45,45,2025,3SB,3,SB,PM-Shoulder,1,OP,PM,3.4,70,12000,1,8,75,1800,1,4,0.05,0.01,5331.0,0.0,659.0,0.0,0.0,1.0,1.0,1.0,3.66,1.83,0.17391304347826086,0.17391304347826086,30,4.135,0.592,6397.2,0.0,790.8,0.0,0.0,7188.0,8769.599999999999,1.0,1.2,0.5621538461538461,8769.599999999999,0.0,1.0,127.944,4701.941999999999,0.0,593.0999999999999,0.0,0.0,5391.0,0.186849115,0.934245575,,0.12500407262037588,0.12500408542662844,123.46961149810856,617.3480574905428,66.87657482559973,73.17110825287482,1.5460776658053776,2.7879856526839615,3.0503954565853557,-0.26240980390139423,0.1864703469505089,587.7618992247953,5681.494100775204,0.0,0.0,587.7618992247953,6472.294100775204,6472.294100775204,587.7618992247953,0.32653438845821964,587.7618992247953,1998.3904573643042,8053.894100775204,8053.894100775204,27383.239942635693,8641.655999999999,8641.655999999999,29381.6304,0.720138,0.635286991,3.176434955,0.186849115,373.39748838296543,373.39748838296543,0.0,373.39748838296543,373.39748838296543,0.0,587.7618992247953,0.0,587.7618992247953,1998.3904573643042,0.0,7188.0,-0.08602484747834581,42.72304896128324
46,46,2025,3SB,3,SB,PM-Peak,3,Peak,PM,3.4,70,12000,1,8,75,1800,1,4,0.05,0.01,7281.0,0.0,900.0,0.0,0.0,1.0,1.0,1.0,3.66,1.83,0.17391304347826086,0.17391304347826086,30,4.135,0.592,7002.744559712539,0.0,865.6050135615005,0.0,0.0,7868.349573274039,9599.55960039704,1.0,1.2,0.615356384640836,9599.55960039704,0.0,1.0,140.05489119425079,5147.017251388716,0.0,649.2037601711254,0.0,0.0,5901.262179955529,0.212310187,1.061550935,,0.14057841927578202,0.140578452574966,118.27501891670516,591.3750945835259,64.243997709468,71.22578359955439,2.2089874011487507,2.864131353709337,3.175393924309529,-0.31126257060019213,0.3577182477326262,723.5595491854061,6139.130119332882,0.0,0.0,723.5595491854061,7004.735132894382,21014.205398683145,723.5595491854061,0.4019775273252256,2170.6786475562185,7380.307401691142,8735.945160017383,26207.83548005215,89106.6406321773,9459.504709202789,28378.514127608367,96486.94803386844,0.7882920591002324,0.7218546358,3.609273179,0.212310187,522.3048148568436,522.3048148568436,0.0,1566.9144445705306,1566.9144445705306,0.0,2170.6786475562185,0.0,2170.6786475562185,7380.307401691142,0.0,23605.048719822116,-0.09802329349353855,40.9256120819049
47,47,2025,3SB,3,SB,PM-Late,3,OP,PM,3.4,70,12000,1,8,75,1800,1,4,0.05,0.01,6623.0,0.0,819.0,0.0,0.0,1.0,1.0,1.0,3.66,1.83,0.17391304347826086,0.17391304347826086,30,4.135,0.592,4636.099999999999,0.0,573.3,0.0,0.0,5209.4,6355.999999999999,1.0,1.2,0.40743589743589737,6355.999999999999,0.0,1.0,92.722,3407.5334999999995,0.0,429.97499999999997,0.0,0.0,3907.0499999999997,0.163716463,0.818582315,,0.08456558365985509,0.08456558927386747,141.0339349362762,705.169674681381,69.70210114626924,74.84994049652776,1.5996438828996316,2.725453068455858,2.9267410400140994,-0.20128797155824119,0.017063796247887803,288.16005926800875,4255.217940731991,0.0,0.0,288.16005926800875,4828.517940731991,14485.553822195972,288.16005926800875,0.16008892181556042,864.4801778040262,2939.232604533689,5975.1179407319905,17925.35382219597,60946.2029954663,6263.277999999999,18789.834,63885.43559999999,0.5219398333333333,0.5566359742,2.7831798709999997,0.163716463,160.40025531617778,160.40025531617778,0.0,481.20076594853333,481.20076594853333,0.0,864.4801778040262,0.0,864.4801778040262,2939.232604533689,0.0,15628.199999999999,-0.06877546349548967,48.80066952812325
48,48,2025,4NB,4,NB,Night,8,OP,NT,4.4,70,12000,1,8,75,1800,1,4,0.05,0.01,3091.0,0.0,382.0,0.0,0.0,1.0,1.0,1.0,3.66,1.83,0.17391304347826086,0.17391304347826086,30,4.103,0.708,3135.843600267761,0.0,387.541978421962,0.0,0.0,3523.385578689723,4298.469535533647,1.0,1.2,0.27554291894446453,4298.469535533647,0.0,1.0,62.71687200535522,2304.845046196804,0.0,290.6564838164715,0.0,0.0,2642.5391840172924,0.117777617,0.588888085,,0.1739129137657665,0.17391277985617032,111.79334950743365,558.9667475371682,69.99133044760518,74.67153745513473,0.47357646999954545,3.5354836527722555,3.771895723537186,-0.23641207076493043,0.0006399983888016245,400.84231776267893,2672.2844104997266,0.0,0.0,400.84231776267893,3059.8263889216887,24478.61111137351,400.84231776267893,0.22269017653482162,3206.7385421014314,14109.6495852463,3834.910345765613,30679.282766124903,134988.8441709496,4235.752663528292,33886.021308226336,149098.4937561959,0.35297938862735767,0.5182215148,2.591107574,0.117777617,207.72511310691843,207.72511310691843,0.0,1661.8009048553474,1661.8009048553474,0.0,3206.7385421014314,0.0,3206.7385421014314,14109.6495852463,0.0,28187.084629517783,-0.06267725517693509,29.8912699217737
49,49,2025,4NB,4,NB,AM-Early,1,OP,AM,4.4,70,12000,1,8,75,1800,1,4,0.05,0.01,2962.0,0.0,366.0,0.0,0.0,1.0,1.0,1.0,3.66,1.83,0.17391304347826086,0.17391304347826086,30,4.155,0.715,3135.9770355297183,0.0,387.4975000013089,0.0,0.0,3523.474535531027,4298.469535533644,1.0,1.2,0.27554291894446437,4298.469535533644,0.0,1.0,62.719540710594366,2304.943121114343,0.0,290.62312500098164,0.0,0.0,2642.6059016482704,0.169543156,0.84771578,,0.11040132603729297,0.11040132618740077,153.0008594477157,765.0042972385786,69.98835697963894,74.92775273333484,1.1319216912418626,3.5233940745502728,3.7720559732071304,-0.24866189865685762,0.0008595404366256138,254.4687770115602,2818.788717807564,0.0,0.0,254.4687770115602,3206.2862178088726,3206.2862178088726,254.4687770115602,0.1413715427842001,254.4687770115602,1119.662618850865,3981.2812178114905,3981.2812178114905,17517.63735837056,4235.749994823051,4235.749994823051,18637.299977221424,0.3529791662352542,0.7459898864000001,3.7299494320000006,0.169543156,189.83113405520075,189.83113405520075,0.0,189.83113405520075,189.83113405520075,0.0,254.4687770115602,0.0,254.4687770115602,1119.662618850865,0.0,3523.474535531027,-0.06592211261526876,40.909320707945376
50,50,2025,4NB,4,NB,AM-Peak,2,Peak,AM,4.4,70,12000,1,8,75,1800,1,4,0.05,0.01,6108.0,0.0,755.0,0.0,0.0,1.0,1.0,1.0,3.66,1.83,0.17391304347826086,0.17391304347826086,30,4.155,0.715,4275.599999999999,0.0,528.5,0.0,0.0,4804.099999999999,5861.099999999999,1.0,1.2,0.37571153846153843,5861.099999999999,0.0,1.0,85.51199999999999,3142.566,0.0,396.375,0.0,0.0,3603.075,0.167837166,0.83918583,,0.11119331939281336,0.11119332106120808,152.5431560144014,762.7157800720069,69.86162650719059,74.74518326595081,2.394368797983278,3.5320001699729824,3.7788985627585907,-0.24689839278560832,0.010233888122126422,349.4323449509959,3840.6556550490036,0.0,0.0,349.4323449509959,4369.155655049004,8738.311310098008,349.4323449509959,0.19412908052833105,698.8646899019918,3075.004635568764,5426.155655049004,10852.311310098008,47750.16976443124,5775.588,11551.176,50825.1744,0.481299,0.7384835304000001,3.6924176520000005,0.167837166,258.05003173536215,258.05003173536215,0.0,516.1000634707243,516.1000634707243,0.0,698.8646899019918,0.0,698.8646899019918,3075.004635568764,0.0,9608.199999999999,-0.06533607311368868,40.78694011080251
51,51,2025,4NB,4,NB,AM-Shoulder,1,OP,AM,4.4,70,12000,1,8,75,1800,1,4,0.05,0.01,6983.0,0.0,863.0,0.0,0.0,1.0,1.0,1.0,3.66,1.83,0.17391304347826086,0.17391304347826086,30,4.155,0.715,4888.099999999999,0.0,604.0999999999999,0.0,0.0,5492.199999999999,6700.4,1.0,1.2,0.42951282051282047,6700.4,0.0,1.0,97.76199999999999,3592.7535,0.0,453.07499999999993,0.0,0.0,4119.15,0.174664118,0.8733205900000001,,0.10863316430813726,0.10863316821094651,154.03629710745398,770.18148553727,69.59317193731012,74.59681680083114,1.7930957890686903,3.539025005649552,3.7934756047304834,-0.25445059908093137,0.03020443562361945,390.2921812841352,4400.045818715865,0.0,0.0,390.2921812841352,5004.145818715864,5004.145818715864,390.2921812841352,0.21682898960229735,390.2921812841352,1717.285597650195,6212.345818715865,6212.345818715865,27334.321602349806,6602.638,6602.638,29051.607200000002,0.5502198333333334,0.7685221192000001,3.8426105960000005,0.174664118,299.94817426767423,299.94817426767423,0.0,299.94817426767423,299.94817426767423,0.0,390.2921812841352,0.0,390.2921812841352,1717.285597650195,0.0,5492.199999999999,-0.06707584958860159,41.18617569718021
52,52,2025,4NB,4,NB,MD,5,OP,MD,4.4,70,12000,1,8,75,1800,1,4,0.05,0.01,7316.0,0.0,904.0,0.0,0.0,1.0,1.0,1.0,3.66,1.83,0.17391304347826086,0.17391304347826086,30,4.136,0.708,5794.590491666049,0.0,716.0073543556737,0.0,0.0,6510.597846021723,7942.61255473307,1.0,1.2,0.5091418304316071,7942.61255473307,0.0,1.0,115.89180983332099,4259.024011374547,0.0,537.0055157667553,0.0,0.0,4882.948384516292,0.415252552,2.07626276,,0.025668684477117256,0.025668686475826725,248.5498261839068,1242.749130919534,67.76584105774806,74.9816237539993,3.714687282314054,3.5208626698474106,3.8957680725164607,-0.37490540266905015,0.17034511649040826,109.3235435284395,5569.375138304289,0.0,0.0,109.3235435284395,6285.382492659963,31426.912463299814,109.3235435284395,0.06073530196024417,546.6177176421975,2405.117957625669,7717.39720137131,38586.98600685655,169782.73843016883,7826.72074489975,39133.603724498746,172187.85638779448,0.6522267287416458,1.8271112288000002,9.135556144,0.415252552,199.7462739530174,199.7462739530174,0.0,998.731369765087,998.731369765087,0.0,546.6177176421975,0.0,546.6177176421975,2405.117957625669,0.0,32552.989230108615,-0.0962340148824314,66.45717277644566
53,53,2025,4NB,4,NB,PM-Shoulder,1,OP,PM,4.4,70,12000,1,8,75,1800,1,4,0.05,0.01,7941.0,0.0,982.0,0.0,0.0,1.0,1.0,1.0,3.66,1.83,0.17391304347826086,0.17391304347826086,30,4.135,0.592,7755.8230643366915,0.0,959.1006484294963,0.0,0.0,8714.923712766187,10633.12500962518,1.0,1.2,0.6816105775400757,10633.12500962518,0.0,1.0,155.11646128673382,5700.529952287468,0.0,719.3254863221223,0.0,0.0,6536.19278457464,1.419297409,7.096487045,,0.02225797917278108,0.022258018202664712,205.29470817485046,1026.4735408742522,52.035067280778144,74.95484577891361,5.0607340047242095,3.5221205147788965,5.073501655632953,-1.551381140854056,1.7838401253600027,126.88227695182918,7473.824326098128,0.0,0.0,126.88227695182918,8432.924974527625,8432.924974527625,126.88227695182918,0.07049015386212733,126.88227695182918,558.2820185880485,10351.126271386616,10351.126271386616,45544.95559410111,10478.008548338445,10478.008548338445,46103.23761268916,0.8731673790282037,6.2449085996,31.224542998000004,1.419297409,792.368222473307,792.368222473307,0.0,792.368222473307,792.368222473307,0.0,126.88227695182918,0.0,126.88227695182918,558.2820185880485,0.0,8714.923712766187,-0.3057811441002696,54.89163320183167
54,54,2025,4NB,4,NB,PM-Peak,3,Peak,PM,4.4,70,12000,1,8,75,1800,1,4,0.05,0.01,6919.0,0.0,855.0,0.0,0.0,1.0,1.0,1.0,3.66,1.83,0.17391304347826086,0.17391304347826086,30,4.135,0.592,7927.486601017082,0.0,979.6214834325199,0.0,0.0,8907.108084449601,10866.351051314641,1.0,1.2,0.6965609648278616,10866.351051314641,0.0,1.0,158.54973202034165,5826.702651747555,0.0,734.7161125743899,0.0,0.0,6680.3310633372,1.202351064,6.01175532,,0.04869720970990653,0.04869721056073241,166.71909145406588,833.5954572703295,51.25050765106547,74.72758269964592,6.997815859130693,3.5328320609687123,5.151168487879585,-1.6183364269108726,1.8902436855378892,283.74416094941915,7485.1927080473215,0.0,0.0,283.74416094941915,8464.814191479842,25394.442574439527,283.74416094941915,0.15763564497189952,851.2324828482574,3745.4229245323327,10424.05715834488,31272.17147503464,137597.55449015243,10707.8013192943,32123.403957882896,141342.97741468475,0.8923167766078584,5.2903446816,26.451723408000003,1.202351064,1501.104412813814,1501.104412813814,0.0,4503.313238441442,4503.313238441442,0.0,851.2324828482574,0.0,851.2324828482574,3745.4229245323327,0.0,26721.3242533488,-0.31416880086891524,44.577297180231525
55,55,2025,4NB,4,NB,PM-Late,3,OP,PM,4.4,70,12000,1,8,75,1800,1,4,0.05,0.01,7138.0,0.0,882.0,0.0,0.0,1.0,1.0,1.0,3.66,1.83,0.17391304347826086,0.17391304347826086,30,4.135,0.592,5746.976294392561,0.0,710.1195141011822,0.0,0.0,6457.095808493743,7877.334836696107,1.0,1.2,0.5049573613266736,7877.334836696107,0.0,1.0,114.93952588785122,4224.027576378532,0.0,532.5896355758866,0.0,0.0,4842.821856370307,0.187399184,0.93699592,,0.09652363412077936,0.09652364110065745,135.03815204523372,675.1907602261687,68.45704052228302,74.47062255501896,2.3380013398068984,3.545022062961224,3.8564331438497845,-0.3114110808885604,0.11645626421706211,407.71849229844383,5224.318276206265,0.0,0.0,407.71849229844383,5934.437790307447,17803.31337092234,407.71849229844383,0.22651027349913547,1223.1554768953315,5381.884098339459,7354.676818509812,22064.030455529435,97081.73400432953,7762.395310808255,23287.185932424767,102463.61810266899,0.6468662759006879,0.8245564096000001,4.122782048,0.187399184,336.18689613713013,336.18689613713013,0.0,1008.5606884113904,1008.5606884113904,0.0,1223.1554768953315,0.0,1223.1554768953315,5381.884098339459,0.0,19371.287425481227,-0.08075106433134899,36.10645776610527
56,56,2025,4SB,4,SB,Night,8,OP,NT,4.4,70,12000,1,8,75,1800,1,4,0.05,0.01,2482.0,0.0,307.0,0.0,0.0,1.0,1.0,1.0,3.66,1.83,0.17391304347826086,0.17391304347826086,30,4.103,0.708,2978.4,0.0,368.4,0.0,0.0,3346.8,4083.6,1.0,1.2,0.26176923076923075,4083.6,0.0,1.0,59.568000000000005,2189.124,0.0,276.29999999999995,0.0,0.0,2510.1000000000004,0.147646003,0.738230015,,0.13053471419044205,0.13053471446752943,134.11502815937436,670.5751407968718,69.99295468014978,74.89854025102814,0.8774649076646827,3.524768294751593,3.7718081942163133,-0.2470398994647205,0.0005200832192069104,285.7566756674372,2633.0753243325626,0.0,0.0,285.7566756674372,3001.4753243325626,24011.8025946605,285.7566756674372,0.15875370870413177,2286.0534053394977,10058.63498349379,3738.2753243325624,29906.2025946605,131587.2914165062,4024.0319999999997,32192.255999999998,141645.9264,0.33533599999999997,0.6496424132,3.2482120660000002,0.147646003,185.63965636860365,185.63965636860365,0.0,1485.1172509488292,1485.1172509488292,0.0,2286.0534053394977,0.0,2286.0534053394977,10058.63498349379,0.0,26774.4,-0.06549641093720811,35.859633197693675
57,57,2025,4SB,4,SB,AM-Early,1,OP,AM,4.4,70,12000,1,8,75,1800,1,4,0.05,0.01,6693.0,0.0,827.0,0.0,0.0,1.0,1.0,1.0,3.66,1.83,0.17391304347826086,0.17391304347826086,30,4.155,0.715,8031.599999999999,0.0,992.4,0.0,0.0,9024.0,11008.8,1.0,1.2,0.7056923076923076,11008.8,0.0,1.0,160.632,5903.226,0.0,744.3,0.0,0.0,6768.0,0.795369856,3.9768492799999997,,0.11746282082880391,0.11746284119169777,149.0456388717109,745.2281943585544,53.92287378270039,71.38242665921862,2.711444209398507,3.698389258470326,4.895881496670098,-1.197492238199772,1.540500507580892,693.4095779499368,7177.558422050063,0.0,0.0,693.4095779499368,8169.958422050063,8169.958422050063,693.4095779499368,0.38522754330552045,693.4095779499368,3051.002142979722,10154.758422050063,10154.758422050063,44680.93705702028,10848.168,10848.168,47731.9392,0.904014,3.4996273664000004,17.498136832,0.7953698559999999,2426.675135117473,2426.675135117473,0.0,2426.675135117473,2426.675135117473,0.0,693.4095779499368,0.0,693.4095779499368,3051.002142979722,0.0,9024.0,-0.2445917530917034,39.851775099387936
58,58,2025,4SB,4,SB,AM-Peak,2,Peak,AM,4.4,70,12000,1,8,75,1800,1,4,0.05,0.01,8936.0,0.0,1104.0,0.0,0.0,1.0,1.0,1.0,3.66,1.83,0.17391304347826086,0.17391304347826086,30,4.155,0.715,10498.783284104047,0.0,1297.0743896207327,0.0,0.0,11795.85767372478,14390.006452966245,1.0,1.2,0.9224363110875798,14390.006452966245,0.0,1.0,209.97566568208094,7716.605713816474,0.0,972.8057922155496,0.0,0.0,8846.893255293586,1.233788573,6.168942865,,0.1739130374241341,0.17391302254788146,48.78680239884032,243.93401199420163,23.697624787179546,48.30372137195535,2.476247969705071,5.465417415091246,11.140356992352434,-5.6749395772611875,10.095431936665694,1342.0183382942516,8946.789280127714,0.0,0.0,1342.0183382942516,10243.863669748447,20487.727339496894,1342.0183382942516,0.7455657434968065,2684.0366765885033,11809.761376989416,12838.012448989912,25676.024897979823,112974.50955111123,14180.030787284164,28360.061574568328,124784.27092810065,1.1816692322736804,5.4286697212,27.143348606000004,1.233788573,7285.374318393143,7285.374318393143,0.0,14570.748636786286,14570.748636786286,0.0,2684.0366765885033,0.0,2684.0366765885033,11809.761376989416,0.0,23591.71534744956,-0.5094037454236777,13.044599571882442
59,59,2025,4SB,4,SB,AM-Shoulder,1,OP,AM,4.4,70,12000,1,8,75,1800,1,4,0.05,0.01,7943.0,0.0,982.0,0.0,0.0,1.0,1.0,1.0,3.66,1.83,0.17391304347826086,0.17391304347826086,30,4.155,0.715,9531.6,0.0,1178.3999999999999,0.0,0.0,10710.0,13066.8,1.0,1.2,0.8376153846153845,13066.8,0.0,1.0,190.632,7005.726000000001,0.0,883.8,0.0,0.0,8032.5,0.683611767,3.418058835,,0.1739130427178544,0.17391302729356964,65.65497542355084,328.2748771177542,36.778249133370366,54.52673784289523,1.4402385306272245,4.8416613654872975,7.178155736632452,-2.3364943711451547,4.667216216329317,1218.3871251075834,8122.580874892417,0.0,0.0,1218.3871251075834,9300.980874892417,9300.980874892417,1218.3871251075834,0.6768817361708797,1218.3871251075834,5360.903350473367,11657.780874892418,11657.780874892418,51294.235849526645,12876.168000000001,12876.168000000001,56655.13920000001,1.0730140000000001,3.0078917748000005,15.039458874000001,0.683611767,3664.7766121333193,3664.7766121333193,0.0,3664.7766121333193,3664.7766121333193,0.0,1218.3871251075834,0.0,1218.3871251075834,5360.903350473367,0.0,10710.0,-0.32550065182081067,17.554806262981508
60,60,2025,4SB,4,SB,MD,5,OP,MD,4.4,70,12000,1,8,75,1800,1,4,0.05,0.01,7386.0,0.0,913.0,0.0,0.0,1.0,1.0,1.0,3.66,1.83,0.17391304347826086,0.17391304347826086,30,4.136,0.708,7907.076611997409,0.0,977.4114468932622,0.0,0.0,8884.48805889067,10839.310952677195,1.0,1.2,0.6948276251716151,10839.310952677195,0.0,1.0,158.1415322399482,5811.701309818096,0.0,733.0585851699467,0.0,0.0,6663.366044168003,0.188471815,0.9423590749999999,,0.17391303755275642,0.1739127085967775,108.63586376922512,543.1793188461256,58.21089944771721,63.67701933694416,1.1945115631322647,4.145922700983467,4.535233135112689,-0.3893104341292215,1.0464122522472405,1010.7306281397982,6738.204451617663,0.0,0.0,1010.7306281397982,7715.615898510925,38578.07949255462,1010.7306281397982,0.5615170156332212,5053.653140698991,22236.073819075562,9670.43879229745,48352.193961487246,212749.6534305439,10681.169420437247,53405.847102186235,234985.72724961946,0.890097451703104,0.829275986,4.14637993,0.188471815,838.1746382310305,838.1746382310305,0.0,4190.873191155152,4190.873191155152,0.0,5053.653140698991,0.0,5053.653140698991,22236.073819075562,0.0,44422.44029445335,-0.08584132778425473,29.04702239818854
61,61,2025,4SB,4,SB,PM-Shoulder,1,OP,PM,4.4,70,12000,1,8,75,1800,1,4,0.05,0.01,4922.0,0.0,608.0,0.0,0.0,1.0,1.0,1.0,3.66,1.83,0.17391304347826086,0.17391304347826086,30,4.135,0.592,5906.4,0.0,729.6,0.0,0.0,6636.0,8095.2,1.0,1.2,0.5189230769230769,8095.2,0.0,1.0,118.128,4341.204,0.0,547.2,0.0,0.0,4977.0,0.186849115,0.934245575,,0.10397052771271065,0.10397054077414936,131.69310836039529,658.4655418019764,68.15274302439731,74.25600241044677,2.257067564275588,3.5552681457419655,3.873651863219846,-0.3183837174778805,0.1400459097540462,451.3572707885303,5336.914729211469,0.0,0.0,451.3572707885303,6066.51472921147,6066.51472921147,451.3572707885303,0.2507540393269613,451.3572707885303,1985.9719914695334,7525.71472921147,7525.71472921147,33113.144808530466,7977.072,7977.072,35099.116799999996,0.664756,0.8221361060000001,4.110680530000001,0.186849115,371.0771090208699,371.0771090208699,0.0,371.0771090208699,371.0771090208699,0.0,451.3572707885303,0.0,451.3572707885303,1985.9719914695334,0.0,6636.0,-0.0821921351531148,35.21206105892922
62,62,2025,4SB,4,SB,PM-Peak,3,Peak,PM,4.4,70,12000,1,8,75,1800,1,4,0.05,0.01,6721.0,0.0,831.0,0.0,0.0,1.0,1.0,1.0,3.66,1.83,0.17391304347826086,0.17391304347826086,30,4.135,0.592,7465.728731499671,0.0,923.0799845076963,0.0,0.0,8388.808716007366,10234.968685022759,1.0,1.2,0.6560877362194076,10234.968685022759,0.0,1.0,149.31457462999342,5487.310617652258,0.0,692.3099883807722,0.0,0.0,6291.606537005525,0.212310187,1.061550935,,0.157359987210682,0.15736009555717556,113.31565938731394,566.5782969365697,61.49185044487121,68.16752091571153,2.4012091291002338,3.872812102503088,4.293251838903137,-0.42043973640004895,0.714897876440155,863.4831286147988,6452.931028254879,0.0,0.0,863.4831286147988,7376.011012762575,22128.033038287726,863.4831286147988,0.47971284923044377,2590.4493858443966,11397.977297715346,9222.170981777967,27666.5129453339,121732.65695946917,10085.654110392765,30256.962331178296,133130.63425718452,0.8404711758660637,0.9341648228000001,4.670824114000001,0.212310187,806.6355638332333,806.6355638332333,0.0,2419.9066914996997,2419.9066914996997,0.0,2590.4493858443966,0.0,2590.4493858443966,11397.977297715346,0.0,25166.4261480221,-0.09793036890830638,30.298304649014423
63,63,2025,4SB,4,SB,PM-Late,3,OP,PM,4.4,70,12000,1,8,75,1800,1,4,0.05,0.01,6114.0,0.0,756.0,0.0,0.0,1.0,1.0,1.0,3.66,1.83,0.17391304347826086,0.17391304347826086,30,4.135,0.592,4279.8,0.0,529.1999999999999,0.0,0.0,4809.0,5867.4,1.0,1.2,0.3761153846153846,5867.4,0.0,1.0,85.596,3145.653,0.0,396.9,0.0,0.0,3606.75,0.163716463,0.818582315,,0.07989567272369169,0.07989567531384281,143.62675914356748,718.1337957178374,69.83926388899111,74.90805122044908,1.9770327495938556,3.5243207599015856,3.7801085707264277,-0.25578781082484214,0.011891599038062872,251.32406259029892,3942.879937409701,0.0,0.0,251.32406259029892,4472.079937409701,13416.239812229105,251.32406259029892,0.13962447921683274,753.9721877708968,3317.477626191946,5530.479937409701,16591.439812229102,73002.33517380805,5781.804,17345.412,76319.8128,0.481817,0.7203524372000001,3.601762186,0.163716463,181.0419010139272,181.0419010139272,0.0,543.1257030417817,543.1257030417817,0.0,753.9721877708968,0.0,753.9721877708968,3317.477626191946,0.0,14427.0,-0.06766678946887685,38.40287677635494
64,64,2025,5NB,5,NB,Night,8,OP,NT,3.0,70,8000,1,8,75,1800,1,4,0.05,0.01,1592.0,0.0,197.0,0.0,0.0,1.0,1.0,1.0,3.66,1.83,0.2448979591836735,0.2448979591836735,30,4.103,0.708,1910.3999999999999,0.0,236.39999999999998,0.0,0.0,2146.7999999999997,2619.6,1.0,1.2,0.22582758620689655,2619.6,0.0,1.0,38.208,1404.1439999999998,0.0,177.29999999999998,0.0,0.0,1610.1,0.117777617,0.588888085,,0.21113198488900112,0.21113198503347386,106.8226261268611,534.1131306343054,69.99646035524547,74.91048252552875,0.0,2.4028679823101897,2.5715586057704267,-0.168690623460237,0.00017814704834198254,296.45970978998156,1575.7322902100182,0.0,0.0,296.45970978998156,1812.1322902100183,14497.058321680146,296.45970978998156,0.16469983877221198,2371.6776783198525,7115.033034959557,2284.932290210018,18279.458321680144,54838.374965040435,2581.3919999999994,20651.135999999995,61953.407999999996,0.3226739999999999,0.353332851,1.766664255,0.11777761699999999,104.7489544667268,104.7489544667268,0.0,837.9916357338144,837.9916357338144,0.0,2371.6776783198525,0.0,2371.6776783198525,7115.033034959557,0.0,17174.399999999998,-0.06559859187408956,41.891225932102394
65,65,2025,5NB,5,NB,AM-Early,1,OP,AM,3.0,70,8000,1,8,75,1800,1,4,0.05,0.01,2313.0,0.0,286.0,0.0,0.0,1.0,1.0,1.0,3.66,1.83,0.2448979591836735,0.2448979591836735,30,4.155,0.715,2170.662987196563,0.0,268.40017913455125,0.0,0.0,2439.063166331114,2975.863524600217,1.0,1.2,0.25653995901726007,2975.863524600217,0.0,1.0,43.413259743931256,1595.4372955894737,0.0,201.30013435091342,0.0,0.0,1829.2973747483356,0.169543156,0.84771578,,0.11333544370354043,0.11333544358785994,151.32351850327848,756.6175925163925,69.9844621530459,74.98194224983541,1.0790720823734024,2.4005779871672384,2.571999476203247,-0.17142148903600862,0.000782139541305494,180.81959379680958,1946.430133655822,0.0,0.0,180.81959379680958,2214.8303127903732,2214.8303127903732,180.81959379680958,0.10045532988711643,180.81959379680958,542.4587813904287,2751.6306710594754,2751.6306710594754,8254.892013178425,2932.450264856285,2932.450264856285,8797.350794568854,0.3665562831070356,0.508629468,2.54314734,0.169543156,91.97017379684735,91.97017379684735,0.0,91.97017379684735,91.97017379684735,0.0,180.81959379680958,0.0,180.81959379680958,542.4587813904287,0.0,2439.063166331114,-0.06664911506477399,59.34255627579548
66,66,2025,5NB,5,NB,AM-Peak,2,Peak,AM,3.0,70,8000,1,8,75,1800,1,4,0.05,0.01,4412.0,0.0,545.0,0.0,0.0,1.0,1.0,1.0,3.66,1.83,0.2448979591836735,0.2448979591836735,30,4.155,0.715,3088.3999999999996,0.0,381.5,0.0,0.0,3469.8999999999996,4232.9,1.0,1.2,0.36490517241379306,4232.9,0.0,1.0,61.767999999999994,2269.9739999999997,0.0,286.125,0.0,0.0,2602.4249999999997,0.167837166,0.83918583,,0.12537228524563612,0.1253722873950792,144.9237957502499,724.6189787512493,69.75444975982303,74.89731989189828,2.2583729621270097,2.4032902680603234,2.5804805373674653,-0.17719026930714188,0.012401193336284543,284.5918278281776,2742.040172171822,0.0,0.0,284.5918278281776,3123.540172171822,6247.080344343644,284.5918278281776,0.15810657101565423,569.1836556563552,1707.5509669690655,3886.540172171822,7773.080344343644,23319.241033030932,4171.132,8342.264,25026.791999999998,0.5213914999999999,0.5035114980000001,2.51755749,0.167837166,143.2952575483238,143.2952575483238,0.0,286.5905150966476,286.5905150966476,0.0,569.1836556563552,0.0,569.1836556563552,1707.5509669690655,0.0,6939.799999999999,-0.068665609657303,56.83286107852937
67,67,2025,5NB,5,NB,AM-Shoulder,1,OP,AM,3.0,70,8000,1,8,75,1800,1,4,0.05,0.01,4147.0,0.0,512.0,0.0,0.0,1.0,1.0,1.0,3.66,1.83,0.2448979591836735,0.2448979591836735,30,4.155,0.715,2902.8999999999996,0.0,358.4,0.0,0.0,3261.2999999999997,3978.0999999999995,1.0,1.2,0.34293965517241376,3978.0999999999995,0.0,1.0,58.05799999999999,2133.6314999999995,0.0,268.79999999999995,0.0,0.0,2445.975,0.174664118,0.8733205900000001,,0.11170921102628026,0.11170921420008668,152.2470083665744,761.235041832872,69.84073040019629,74.94489512964854,1.4534407811463248,2.401764652397134,2.5772926338051887,-0.1755279814080546,0.008033765455965488,238.34629148581882,2606.495708514181,0.0,0.0,238.34629148581882,2964.895708514181,2964.895708514181,238.34629148581882,0.13241460638101046,238.34629148581882,715.0388744574565,3681.6957085141808,3681.6957085141808,11045.087125542543,3920.0419999999995,3920.0419999999995,11760.125999999998,0.49000524999999995,0.523992354,2.61996177,0.174664118,124.89163434282436,124.89163434282436,0.0,124.89163434282436,124.89163434282436,0.0,238.34629148581882,0.0,238.34629148581882,715.0388744574565,0.0,3261.2999999999997,-0.06810556904005893,59.70470916336251
68,68,2025,5NB,5,NB,MD,5,OP,MD,3.0,70,8000,1,8,75,1800,1,4,0.05,0.01,4546.0,0.0,562.0,0.0,0.0,1.0,1.0,1.0,3.66,1.83,0.2448979591836735,0.2448979591836735,30,4.136,0.708,3182.2,0.0,393.4,0.0,0.0,3575.6,4362.4,1.0,1.2,0.37606896551724134,4362.4,0.0,1.0,63.644,2338.917,0.0,295.04999999999995,0.0,0.0,2681.7,0.415252552,2.07626276,,0.010005343783897655,0.010007382042515745,333.2097038388488,1666.048519194244,69.47969990768361,74.99958983600823,2.3712772156877913,2.4000131253195174,2.5906847646026487,-0.19067163928313136,0.02638098464848631,23.40166866700255,3095.1543313329976,0.0,0.0,23.40166866700255,3488.5543313329977,17442.771656664987,23.40166866700255,0.013000927037223638,117.00834333501275,351.0250300050383,4275.354331332997,21376.771656664987,64130.31496999496,4298.756,21493.78,64481.34,0.5373445,1.2457576559999999,6.22878828,0.415252552,29.152807905093738,29.152807905093738,0.0,145.7640395254687,145.7640395254687,0.0,117.00834333501275,0.0,117.00834333501275,351.0250300050383,0.0,17878.0,-0.0735989348794337,130.67047209366618
69,69,2025,5NB,5,NB,PM-Shoulder,1,OP,PM,3.0,70,8000,1,8,75,1800,1,4,0.05,0.01,5076.0,0.0,627.0,0.0,0.0,1.0,1.0,1.0,3.66,1.83,0.2448979591836735,0.2448979591836735,30,4.135,0.592,3553.2,0.0,438.9,0.0,0.0,3992.1,4869.9,1.0,1.2,0.41981896551724135,4869.9,0.0,1.0,71.064,2611.602,0.0,329.17499999999995,0.0,0.0,2994.075,1.419297409,7.096487045,,0.010000139077057534,0.010000924110085168,996.7869127841362,4983.934563920682,68.75811343791051,74.99936279088097,2.647122481501189,2.4000203908650524,2.617872873468851,-0.21785248260379841,0.063628693795183,26.11638321392161,3456.019616786078,0.0,0.0,26.11638321392161,3894.919616786078,3894.919616786078,26.11638321392161,0.014509101785512004,26.11638321392161,78.34914964176482,4772.719616786078,4772.719616786078,14318.158850358235,4798.836,4798.836,14396.508,0.5998545000000001,4.257892226999999,21.289461135,1.419297409,111.20074508391008,111.20074508391008,0.0,111.20074508391008,111.20074508391008,0.0,26.11638321392161,0.0,26.11638321392161,78.34914964176482,0.0,3992.1,-0.08321736506445777,390.8968285427986
70,70,2025,5NB,5,NB,PM-Peak,3,Peak,PM,3.0,70,8000,1,8,75,1800,1,4,0.05,0.01,5606.0,0.0,693.0,0.0,0.0,1.0,1.0,1.0,3.66,1.83,0.2448979591836735,0.2448979591836735,30,4.135,0.592,5326.757853873967,0.0,658.4807693069317,0.0,0.0,5985.238623180899,7302.200161794763,1.0,1.2,0.6295000139478244,7302.200161794763,0.0,1.0,106.53515707747934,3915.1670225973658,0.0,493.8605769801988,0.0,0.0,4488.928967385674,1.202351064,6.01175532,,0.05511825511202082,0.05511825880907443,160.85470265852695,804.2735132926349,50.75989020235584,74.92295572697009,5.300451417700703,2.4024679519578167,3.5461069612724643,-1.1436390093146476,1.3353093940861338,215.7971747576926,5004.425522038795,0.0,0.0,215.7971747576926,5662.9062913457265,16988.71887403718,215.7971747576926,0.11988731930982922,647.3915242730778,1942.1745728192336,6979.86782995959,20939.60348987877,62818.81046963631,7195.665004717283,21586.995014151846,64760.98504245554,0.8994581255896604,3.6070531919999995,18.03526596,1.202351064,778.3918880343168,778.3918880343168,0.0,2335.1756641029506,2335.1756641029506,0.0,647.3915242730778,0.0,647.3915242730778,1942.1745728192336,0.0,17955.715869542695,-0.3225055030219029,63.080275552363524
71,71,2025,5NB,5,NB,PM-Late,3,OP,PM,3.0,70,8000,1,8,75,1800,1,4,0.05,0.01,4570.0,0.0,565.0,0.0,0.0,1.0,1.0,1.0,3.66,1.83,0.2448979591836735,0.2448979591836735,30,4.135,0.592,3199.0,0.0,395.5,0.0,0.0,3594.5,4385.5,1.0,1.2,0.3780603448275862,4385.5,0.0,1.0,63.980000000000004,2351.265,0.0,296.625,0.0,0.0,2695.875,0.187399184,0.93699592,,0.06446707407882611,0.06446707934286766,153.52209666250218,767.610483312511,69.57179163123764,74.9845777414271,1.9655280285490933,2.40049361377619,2.5872554921983673,-0.1867618784221774,0.021682881454620568,151.57917493395107,2983.440825066049,0.0,0.0,151.57917493395107,3378.940825066049,10136.822475198147,151.57917493395107,0.08421065274108393,454.73752480185317,1364.2125744055595,4169.940825066049,12509.822475198147,37529.46742559444,4321.52,12964.56,38893.68,0.5401900000000001,0.562197552,2.8109877599999997,0.187399184,85.21744108204705,85.21744108204705,0.0,255.65232324614112,255.65232324614112,0.0,454.73752480185317,0.0,454.73752480185317,1364.2125744055595,0.0,10783.5,-0.07218532494581258,60.204743789216536
72,72,2025,5SB,5,SB,Night,8,OP,NT,3.0,70,8000,1,8,75,1800,1,4,0.05,0.01,1472.0,0.0,182.0,0.0,0.0,1.0,1.0,1.0,3.66,1.83,0.2448979591836735,0.2448979591836735,30,4.103,0.708,1766.3999999999999,0.0,218.4,0.0,0.0,1984.8,2421.6,1.0,1.2,0.20875862068965517,2421.6,0.0,1.0,35.327999999999996,1298.3039999999999,0.0,163.8,0.0,0.0,1488.6,0.147646003,0.738230015,,0.1352506098511919,0.13525060984803544,132.04616197628764,660.2308098814381,69.99729825128368,74.9858617153973,0.0,2.4004525104102323,2.5715278231713605,-0.1710753127611282,0.00013597488762113718,175.5964077722418,1555.4755922277582,0.0,0.0,175.5964077722418,1773.8755922277583,14191.004737822066,175.5964077722418,0.09755355987346767,1404.7712621779344,4214.313786533803,2210.675592227758,17685.404737822064,53056.21421346619,2386.272,19090.176,57270.52799999999,0.298284,0.442938009,2.2146900449999998,0.147646003,77.77832324618892,77.77832324618892,0.0,622.2265859695113,622.2265859695113,0.0,1404.7712621779344,0.0,1404.7712621779344,4214.313786533803,0.0,15878.4,-0.0665267205042907,51.782808618152
73,73,2025,5SB,5,SB,AM-Early,1,OP,AM,3.0,70,8000,1,8,75,1800,1,4,0.05,0.01,3483.0,0.0,430.0,0.0,0.0,1.0,1.0,1.0,3.66,1.83,0.2448979591836735,0.2448979591836735,30,4.155,0.715,4179.599999999999,0.0,516.0,0.0,0.0,4695.599999999999,5727.599999999999,1.0,1.2,0.49375862068965515,5727.599999999999,0.0,1.0,83.59199999999998,3072.006,0.0,387.0,0.0,0.0,3521.7,0.795369856,3.9768492799999997,,0.010002400692258828,0.010002622654033547,356.41971828211376,1782.098591410569,65.65828158207029,74.99877976225793,3.1132717125259894,2.400039048243055,2.7414668136723472,-0.3414277654292923,0.2329523918739731,30.727434941023272,4065.2805650589758,0.0,0.0,30.727434941023272,4581.280565058976,4581.280565058976,30.727434941023272,0.017070797189457372,30.727434941023272,92.18230482306981,5613.280565058976,5613.280565058976,16839.84169517693,5644.008,5644.008,16932.023999999998,0.7055009999999999,2.386109568,11.93054784,0.795369856,73.31902651287315,73.31902651287315,0.0,73.31902651287315,73.31902651287315,0.0,30.727434941023272,0.0,30.727434941023272,92.18230482306981,0.0,4695.599999999999,-0.12454200201385289,139.7724385420054
74,74,2025,5SB,5,SB,AM-Peak,2,Peak,AM,3.0,70,8000,1,8,75,1800,1,4,0.05,0.01,4270.0,0.0,528.0,0.0,0.0,1.0,1.0,1.0,3.66,1.83,0.2448979591836735,0.2448979591836735,30,4.155,0.715,5124.0,0.0,633.6,0.0,0.0,5757.6,7024.8,1.0,1.2,0.6055862068965517,7024.8,0.0,1.0,102.48,3766.1400000000003,0.0,475.20000000000005,0.0,0.0,4318.200000000001,1.233788573,6.168942865,,0.048729974574545996,0.04872997777540665,208.5055160028916,1042.527580014458,54.432041422156594,74.95222701466496,5.222013394191161,2.4015297099148456,3.3068757903820027,-0.9053460804671571,1.0075626899662016,183.52390644418068,4837.99609355582,0.0,0.0,183.52390644418068,5471.5960935558205,10943.192187111641,183.52390644418068,0.1019577258023226,367.04781288836136,1101.143438665084,6738.79609355582,13477.59218711164,40432.77656133492,6922.320000000001,13844.640000000001,41533.920000000006,0.8652900000000001,3.701365719,18.506828595,1.233788573,679.2890959294535,679.2890959294535,0.0,1358.578191858907,1358.578191858907,0.0,367.04781288836136,0.0,367.04781288836136,1101.143438665084,0.0,11515.2,-0.2737768630743079,81.76686902074181
75,75,2025,5SB,5,SB,AM-Shoulder,1,OP,AM,3.0,70,8000,1,8,75,1800,1,4,0.05,0.01,3240.0,0.0,400.0,0.0,0.0,1.0,1.0,1.0,3.66,1.83,0.2448979591836735,0.2448979591836735,30,4.155,0.715,3888.0,0.0,480.0,0.0,0.0,4368.0,5328.0,1.0,1.2,0.4593103448275862,5328.0,0.0,1.0,77.76,2857.68,0.0,360.0,0.0,0.0,3276.0,0.683611767,3.418058835,,0.01000104947215413,0.010001396580249334,392.11336985729974,1960.5668492864988,67.49738575783128,74.99908641429812,2.8960793230850874,2.400029235098577,2.6667699493697175,-0.26674071427114043,0.13061768777936972,28.57979905558541,3781.6602009444146,0.0,0.0,28.57979905558541,4261.660200944414,4261.660200944414,28.57979905558541,0.015877666141991896,28.57979905558541,85.73939716675623,5221.660200944414,5221.660200944414,15664.980602833242,5250.24,5250.24,15750.72,0.65628,2.050835301,10.254176505,0.683611767,58.61246079868103,58.61246079868103,0.0,58.61246079868103,58.61246079868103,0.0,28.57979905558541,0.0,28.57979905558541,85.73939716675623,0.0,4368.0,-0.1000238938248812,153.76994896364695
76,76,2025,5SB,5,SB,MD,5,OP,MD,3.0,70,8000,1,8,75,1800,1,4,0.05,0.01,4470.0,0.0,552.0,0.0,0.0,1.0,1.0,1.0,3.66,1.83,0.2448979591836735,0.2448979591836735,30,4.136,0.708,3129.0,0.0,386.4,0.0,0.0,3515.4,4288.2,1.0,1.2,0.36967241379310345,4288.2,0.0,1.0,62.58,2299.815,0.0,289.79999999999995,0.0,0.0,2636.55,0.188471815,0.9423590749999999,,0.09414756520291856,0.09414756845868862,158.77254111288363,793.862705564418,69.68622778863225,74.95667166902084,1.6987348566206428,2.4013873080545673,2.5830067964930508,-0.1816194884384834,0.0158621683383369,216.52198266715016,2849.89801733285,0.0,0.0,216.52198266715016,3236.29801733285,16181.490086664251,216.52198266715016,0.12028999037063898,1082.6099133357507,3247.829740007252,4009.09801733285,20045.49008666425,60136.47025999275,4225.62,21128.1,63384.3,0.5282025,0.565415445,2.827077225,0.188471815,122.42487318202899,122.42487318202899,0.0,612.1243659101449,612.1243659101449,0.0,1082.6099133357507,0.0,1082.6099133357507,3247.829740007252,0.0,17577.0,-0.07031320578988343,62.263741612895544
77,77,2025,5SB,5,SB,PM-Shoulder,1,OP,PM,3.0,70,8000,1,8,75,1800,1,4,0.05,0.01,4630.0,0.0,572.0,0.0,0.0,1.0,1.0,1.0,3.66,1.83,0.2448979591836735,0.2448979591836735,30,4.135,0.592,3241.0,0.0,400.4,0.0,0.0,3641.4,4442.2,1.0,1.2,0.382948275862069,4442.2,0.0,1.0,64.82000000000001,2382.1349999999998,0.0,300.29999999999995,0.0,0.0,2731.05,0.186849115,0.934245575,,0.06677258760245407,0.06677259096290342,151.89025471045466,759.4512735522733,69.53058916994209,74.98205519517813,1.9728663613033184,2.400574371180683,2.5887886489794565,-0.18821427779877364,0.023783306244712497,159.0613179683719,3017.118682031628,0.0,0.0,159.0613179683719,3417.518682031628,3417.518682031628,159.0613179683719,0.08836739887131773,159.0613179683719,477.1839539051157,4218.318682031628,4218.318682031628,12654.956046094883,4377.379999999999,4377.379999999999,13132.14,0.5471725,0.560547345,2.802736725,0.186849115,89.16139947937167,89.16139947937167,0.0,89.16139947937167,89.16139947937167,0.0,159.0613179683719,0.0,159.0613179683719,477.1839539051157,0.0,3641.4,-0.07270360903079934,59.56480576880575
78,78,2025,5SB,5,SB,PM-Peak,3,Peak,PM,3.0,70,8000,1,8,75,1800,1,4,0.05,0.01,4957.0,0.0,613.0,0.0,0.0,1.0,1.0,1.0,3.66,1.83,0.2448979591836735,0.2448979591836735,30,4.135,0.592,3469.8999999999996,0.0,429.09999999999997,0.0,0.0,3898.9999999999995,4757.2,1.0,1.2,0.41010344827586204,4757.2,0.0,1.0,69.398,2550.3764999999994,0.0,321.825,0.0,0.0,2924.2499999999995,0.212310187,1.061550935,,0.05566060439035245,0.05566060629395567,160.39368153474226,801.9684076737113,69.15152398691795,74.98574633809534,3.4461521486213926,2.4004562038819612,2.6029795096642023,-0.2025233057822411,0.04322478538281411,141.95549741295167,3258.546502587048,0.0,0.0,141.95549741295167,3687.646502587048,11062.939507761144,141.95549741295167,0.0788641652294176,425.866492238855,1277.599476716565,4545.846502587048,13637.539507761145,40912.61852328343,4687.802,14063.405999999999,42190.218,0.58597525,0.636930561,3.1846528050000003,0.212310187,90.41579460426536,90.41579460426536,0.0,271.2473838127961,271.2473838127961,0.0,425.866492238855,0.0,425.866492238855,1277.599476716565,0.0,11696.999999999998,-0.07780441798728091,62.89948295480089
79,79,2025,5SB,5,SB,PM-Late,3,OP,PM,3.0,70,8000,1,8,75,1800,1,4,0.05,0.01,4118.0,0.0,509.0,0.0,0.0,1.0,1.0,1.0,3.66,1.83,0.2448979591836735,0.2448979591836735,30,4.135,0.592,2882.6,0.0,356.29999999999995,0.0,0.0,3238.8999999999996,3951.5,1.0,1.2,0.34064655172413794,3951.5,0.0,1.0,57.652,2118.711,0.0,267.22499999999997,0.0,0.0,2429.1749999999997,0.163716463,0.818582315,,0.08373089861263358,0.08373090358506938,141.4859053027898,707.429526513949,69.82867541717607,74.9781971923238,1.6376495186271267,2.400697892725917,2.5777375687656905,-0.17703967603977366,0.008643326351853662,177.4015759304715,2647.5464240695283,0.0,0.0,177.4015759304715,3003.8464240695284,9011.539272208585,177.4015759304715,0.09855643107248416,532.2047277914145,1596.6141833742436,3716.446424069528,11149.339272208585,33448.017816625754,3893.8479999999995,11681.544,35044.632,0.4867309999999999,0.49114938900000005,2.455746945,0.163716463,87.13067562588819,87.13067562588819,0.0,261.39202687766453,261.39202687766453,0.0,532.2047277914145,0.0,532.2047277914145,1596.6141833742436,0.0,9716.699999999999,-0.0686802559674631,55.48466874619208
80,80,2025,6NB,6,NB,Night,8,OP,NT,4.4,70,8000,1,8,75,1800,1,4,0.05,0.01,1554.0,0.0,192.0,0.0,0.0,1.0,1.0,1.0,3.66,1.83,0.282574568288854,0.282574568288854,30,4.103,0.708,1554.0,0.0,192.0,0.0,0.0,1746.0,2130.0,1.0,1.2,0.18362068965517242,2130.0,0.0,1.0,31.080000000000002,989.898,0.0,124.80000000000001,0.0,0.0,1134.9,0.117777617,0.588888085,,0.21584492945417538,0.21584492946318806,105.60467813867906,528.0233906933953,69.99924116760826,74.9743743825714,0.0,3.521203106716015,3.77146945590268,-0.2502663491866648,5.601172952888326e-05,213.6644639768293,1309.2555360231709,0.0,0.0,213.6644639768293,1501.2555360231709,12010.044288185367,213.6644639768293,0.1187024799871274,1709.3157118146344,7520.989131984392,1885.2555360231709,15082.044288185367,66360.99486801562,2098.92,16791.36,73881.98400000001,0.262365,0.5182215148,2.591107574,0.117777617,110.72552218100252,110.72552218100252,0.0,885.8041774480201,885.8041774480201,0.0,1709.3157118146344,0.0,1709.3157118146344,7520.989131984392,0.0,13968.0,-0.06635778232141747,28.23654495686606
81,81,2025,6NB,6,NB,AM-Early,1,OP,AM,4.4,70,8000,1,8,75,1800,1,4,0.05,0.01,2259.0,0.0,279.0,0.0,0.0,1.0,1.0,1.0,3.66,1.83,0.282574568288854,0.282574568288854,30,4.155,0.715,2259.0,0.0,279.0,0.0,0.0,2538.0,3096.0,1.0,1.2,0.26689655172413795,3096.0,0.0,1.0,45.18,1438.9830000000002,0.0,181.35,0.0,0.0,1649.7,0.169543156,0.84771578,,0.11397288044407904,0.11397288735177859,150.965630448369,754.8281522418451,69.97722058580459,74.9863222550256,1.7620096429385463,3.5206420592564354,3.7726562699970168,-0.2520142107405814,0.0016819470387707132,164.0050374200622,2049.814962579938,0.0,0.0,164.0050374200622,2328.814962579938,2328.814962579938,164.0050374200622,0.09111390967781233,164.0050374200622,721.6221646482737,2886.814962579938,2886.814962579938,12701.985835351728,3050.82,3050.82,13423.608000000002,0.38135250000000004,0.7459898864000001,3.7299494320000006,0.169543156,122.34609923401996,122.34609923401996,0.0,122.34609923401996,122.34609923401996,0.0,164.0050374200622,0.0,164.0050374200622,721.6221646482737,0.0,2538.0,-0.06680020460511783,40.36514183111471
82,82,2025,6NB,6,NB,AM-Peak,2,Peak,AM,4.4,70,8000,1,8,75,1800,1,4,0.05,0.01,4308.0,0.0,532.0,0.0,0.0,1.0,1.0,1.0,3.66,1.83,0.282574568288854,0.282574568288854,30,4.155,0.715,4308.0,0.0,532.0,0.0,0.0,4840.0,5904.0,1.0,1.2,0.5089655172413793,5904.0,0.0,1.0,86.16,2744.1960000000004,0.0,345.8,0.0,0.0,3146.0,0.167837166,0.83918583,,0.21035151344235337,0.2103515313955878,113.37710570544807,566.8855285272402,67.39614712659342,73.64122363310305,3.2701406058230296,3.584948578737728,3.917137867007681,-0.33218928826995286,0.19962173494338048,577.2457817824525,3644.5942182175477,0.0,0.0,577.2457817824525,4176.594218217548,8353.188436435095,577.2457817824525,0.32069210099025136,1154.491563564905,5079.762879685582,5240.594218217548,10481.188436435095,46117.22912031443,5817.84,11635.68,51196.99200000001,0.72723,0.7384835304000001,3.6924176520000005,0.167837166,426.2865028392136,426.2865028392136,0.0,852.5730056784272,852.5730056784272,0.0,1154.491563564905,0.0,1154.491563564905,5079.762879685582,0.0,9680.0,-0.08480408388681855,30.314734145841726
83,83,2025,6NB,6,NB,AM-Shoulder,1,OP,AM,4.4,70,8000,1,8,75,1800,1,4,0.05,0.01,4049.0,0.0,500.0,0.0,0.0,1.0,1.0,1.0,3.66,1.83,0.282574568288854,0.282574568288854,30,4.155,0.715,4049.0,0.0,500.0,0.0,0.0,4549.0,5549.0,1.0,1.2,0.47836206896551725,5549.0,0.0,1.0,80.98,2579.213,0.0,325.0,0.0,0.0,2956.85,0.174664118,0.8733205900000001,,0.1814780525627051,0.1814780605740179,122.17676045814383,610.8838022907191,68.19459203002846,74.35630944458646,2.3238201979093493,3.5504720711931546,3.871274717557539,-0.32080264636438427,0.13678922019668496,468.07055238441234,3499.949447615588,0.0,0.0,468.07055238441234,3999.949447615588,3999.949447615588,468.07055238441234,0.260039195769118,468.07055238441234,2059.5104304914144,4999.949447615588,4999.949447615588,21999.777569508587,5468.02,5468.02,24059.288,0.6835025,0.7685221192000001,3.8426105960000005,0.174664118,359.72257285358324,359.72257285358324,0.0,359.72257285358324,359.72257285358324,0.0,468.07055238441234,0.0,468.07055238441234,2059.5104304914144,0.0,4549.0,-0.08286744542035104,32.66758301019888
84,84,2025,6NB,6,NB,MD,5,OP,MD,4.4,70,8000,1,8,75,1800,1,4,0.05,0.01,4439.0,0.0,549.0,0.0,0.0,1.0,1.0,1.0,3.66,1.83,0.282574568288854,0.282574568288854,30,4.136,0.708,4439.0,0.0,549.0,0.0,0.0,4988.0,6086.0,1.0,1.2,0.5246551724137931,6086.0,0.0,1.0,88.78,2827.6430000000005,0.0,356.85,0.0,0.0,3242.2000000000003,0.415252552,2.07626276,,0.08247588856938254,0.08247589750207245,167.19067219213272,835.9533609606638,64.69084894044023,74.9232799145202,3.8911051832773778,3.523604416427004,4.080948145278791,-0.5573437288517868,0.4240418161748009,233.2123689819946,4117.007631018006,0.0,0.0,233.2123689819946,4666.007631018006,23330.038155090027,233.2123689819946,0.12956242721221922,1166.061844909973,5130.672117603881,5764.007631018006,28820.038155090027,126808.16788239613,5997.22,29986.1,131938.84,0.7496525,1.8271112288000002,9.135556144,0.415252552,426.1049380620512,426.1049380620512,0.0,2130.524690310256,2130.524690310256,0.0,1166.061844909973,0.0,1166.061844909973,5130.672117603881,0.0,24940.0,-0.13657211731459326,44.7033882866665
85,85,2025,6NB,6,NB,PM-Shoulder,1,OP,PM,4.4,70,8000,1,8,75,1800,1,4,0.05,0.01,4956.0,0.0,613.0,0.0,0.0,1.0,1.0,1.0,3.66,1.83,0.282574568288854,0.282574568288854,30,4.135,0.592,4956.0,0.0,613.0,0.0,0.0,5569.0,6795.0,1.0,1.2,0.5857758620689655,6795.0,0.0,1.0,99.12,3156.972,0.0,398.45,0.0,0.0,3619.85,1.419297409,7.096487045,,0.010003903186809854,0.01000304896872606,257.76080180437333,1288.8040090218665,55.51230816405957,74.99791508350998,5.440617593124071,3.5200978548008526,4.755702090782851,-1.2356042359819983,1.348454721515363,31.58204225146948,4825.29795774853,0.0,0.0,31.58204225146948,5438.29795774853,5438.29795774853,31.58204225146948,0.017545579028594157,31.58204225146948,138.96098590646574,6664.29795774853,6664.29795774853,29322.911014093537,6695.88,6695.88,29461.872000000003,0.836985,6.2449085996,31.224542998000004,1.419297409,197.22696724913231,197.22696724913231,0.0,197.22696724913231,197.22696724913231,0.0,31.58204225146948,0.0,31.58204225146948,138.96098590646574,0.0,5569.0,-0.25981531483579573,68.92000048245276
86,86,2025,6NB,6,NB,PM-Peak,3,Peak,PM,4.4,70,8000,1,8,75,1800,1,4,0.05,0.01,5474.0,0.0,677.0,0.0,0.0,1.0,1.0,1.0,3.66,1.83,0.282574568288854,0.282574568288854,30,4.135,0.592,5474.0,0.0,677.0,0.0,0.0,6151.0,7505.0,1.0,1.2,0.6469827586206897,7505.0,0.0,1.0,109.48,3486.9380000000006,0.0,440.05,0.0,0.0,3998.15,1.202351064,6.01175532,,0.08251326015055793,0.08251327517020218,142.15398566077587,710.7699283038794,48.651565884209155,74.82259181150859,7.496436980110766,3.528346099865973,5.426341273954484,-1.897995174088511,2.2672304024605006,287.7186223228662,5076.801377677134,0.0,0.0,287.7186223228662,5753.801377677134,17261.404133031403,287.7186223228662,0.15984367906825903,863.1558669685987,3797.8858146618345,7107.801377677134,21323.404133031403,93822.97818533819,7395.52,22186.56,97620.86400000002,0.92444,5.2903446816,26.451723408000003,1.202351064,1522.1306834030543,1522.1306834030543,0.0,4566.392050209162,4566.392050209162,0.0,863.1558669685987,0.0,863.1558669685987,3797.8858146618345,0.0,18453.0,-0.34977438356090235,38.009087075073765
87,87,2025,6NB,6,NB,PM-Late,3,OP,PM,4.4,70,8000,1,8,75,1800,1,4,0.05,0.01,4463.0,0.0,552.0,0.0,0.0,1.0,1.0,1.0,3.66,1.83,0.282574568288854,0.282574568288854,30,4.135,0.592,4463.0,0.0,552.0,0.0,0.0,5015.0,6119.0,1.0,1.2,0.5275,6119.0,0.0,1.0,89.26,2842.931,0.0,358.8,0.0,0.0,3259.75,0.187399184,0.93699592,,0.19353191258690502,0.1935319325099424,104.27722127381288,521.3861063690644,66.34264450592171,73.8241386240913,2.3995550758326867,3.5760661068363335,3.979340919646872,-0.40327481281053856,0.2848399170590718,550.1978737826025,3823.5421262173973,0.0,0.0,550.1978737826025,4375.542126217397,13126.62637865219,550.1978737826025,0.30566548543477917,1650.5936213478076,7262.611933930354,5479.542126217397,16438.62637865219,72329.95606606963,6029.74,18089.219999999998,79592.56799999998,0.7537174999999999,0.8245564096000001,4.122782048,0.187399184,453.66918337573674,453.66918337573674,0.0,1361.0075501272102,1361.0075501272102,0.0,1650.5936213478076,0.0,1650.5936213478076,7262.611933930354,0.0,15045.0,-0.10134211191091547,27.881609966260125
88,88,2025,6SB,6,SB,Night,8,OP,NT,4.4,70,8000,1,8,75,1800,1,4,0.05,0.01,1437.0,0.0,178.0,0.0,0.0,1.0,1.0,1.0,3.66,1.83,0.282574568288854,0.282574568288854,30,4.103,0.708,1437.0,0.0,178.0,0.0,0.0,1615.0,1971.0,1.0,1.2,0.16991379310344829,1971.0,0.0,1.0,28.740000000000002,915.369,0.0,115.7,0.0,0.0,1049.75,0.147646003,0.738230015,,0.13569747913414723,0.13569747925170542,131.8543488731242,659.271744365621,69.99943544194049,74.99608993823458,0.0,3.520183521799945,3.7714589886795453,-0.25127546687960045,4.167163383405185e-05,124.21326577754522,1284.0467342224547,0.0,0.0,124.21326577754522,1462.0467342224547,11696.373873779638,124.21326577754522,0.06900736987641401,993.7061262203617,4372.306955369592,1818.0467342224547,14544.373873779638,63995.245044630414,1942.26,15538.08,68367.55200000001,0.2427825,0.6496424132,3.2482120660000002,0.147646003,80.69420573117746,80.69420573117746,0.0,645.5536458494197,645.5536458494197,0.0,993.7061262203617,0.0,993.7061262203617,4372.306955369592,0.0,12920.0,-0.06662553341659866,35.255173495487746
89,89,2025,6SB,6,SB,AM-Early,1,OP,AM,4.4,70,8000,1,8,75,1800,1,4,0.05,0.01,3401.0,0.0,420.0,0.0,0.0,1.0,1.0,1.0,3.66,1.83,0.282574568288854,0.282574568288854,30,4.155,0.715,3401.0,0.0,420.0,0.0,0.0,3821.0,4661.0,1.0,1.2,0.4018103448275862,4661.0,0.0,1.0,68.02,2166.437,0.0,273.0,0.0,0.0,2483.65,0.795369856,3.9768492799999997,,0.010000555096717484,0.010000675575731095,595.6324349776644,2978.1621748883217,69.11589573885202,74.99953776917188,3.731844056695696,3.520021694167236,3.819671251856439,-0.2996495576892029,0.06609247218617875,21.665572582067334,3311.3144274179326,0.0,0.0,21.665572582067334,3731.3144274179326,3731.3144274179326,21.665572582067334,0.01203642921225963,21.665572582067334,95.32851936109628,4571.314427417932,4571.314427417932,20113.783480638904,4592.98,4592.98,20209.112,0.5741225,3.4996273664000004,17.498136832,0.7953698560000001,75.82143071692836,75.82143071692836,0.0,75.82143071692836,75.82143071692836,0.0,21.665572582067334,0.0,21.665572582067334,95.32851936109628,0.0,3821.0,-0.07844904389181845,159.26000935231664
90,90,2025,6SB,6,SB,AM-Peak,2,Peak,AM,4.4,70,8000,1,8,75,1800,1,4,0.05,0.01,4170.0,0.0,515.0,0.0,0.0,1.0,1.0,1.0,3.66,1.83,0.282574568288854,0.282574568288854,30,4.155,0.715,4170.0,0.0,515.0,0.0,0.0,4685.0,5715.0,1.0,1.2,0.49267241379310345,5715.0,0.0,1.0,83.4,2656.29,0.0,334.75,0.0,0.0,3045.25,1.233788573,6.168942865,,0.010000571651928353,0.010000723051287654,556.138511409813,2780.692557049065,65.70631694922346,74.99895534251277,7.149594145040152,3.520049029940994,4.017878527630973,-0.4978294976899793,0.3376364399972898,26.564418473300766,4060.035581526699,0.0,0.0,26.564418473300766,4575.035581526699,9150.071163053399,26.564418473300766,0.01475801026294487,53.12883694660153,233.76688256504676,5605.035581526699,11210.071163053399,49324.31311743496,5631.6,11263.2,49558.08000000001,0.7039500000000001,5.4286697212,27.143348606000004,1.233788573,144.2094542272938,144.2094542272938,0.0,288.4189084545876,288.4189084545876,0.0,53.12883694660153,0.0,53.12883694660153,233.76688256504676,0.0,9370.0,-0.12390357106776699,148.70013674059172
91,91,2025,6SB,6,SB,AM-Shoulder,1,OP,AM,4.4,70,8000,1,8,75,1800,1,4,0.05,0.01,3163.0,0.0,391.0,0.0,0.0,1.0,1.0,1.0,3.66,1.83,0.282574568288854,0.282574568288854,30,4.155,0.715,3163.0,0.0,391.0,0.0,0.0,3554.0,4336.0,1.0,1.2,0.3737931034482759,4336.0,0.0,1.0,63.26,2014.831,0.0,254.15,0.0,0.0,2310.1,0.683611767,3.418058835,,0.010000581578341229,0.010000669519920758,550.8728267009105,2754.364133504553,69.50134011020396,74.99965419526758,3.4717247050619013,3.5200162298436064,3.7984879080229477,-0.27847167817934126,0.03707129113429573,20.149481782070836,3079.590518217929,0.0,0.0,20.149481782070836,3470.590518217929,3470.590518217929,20.149481782070836,0.01119415654559491,20.149481782070836,88.65771984111169,4252.590518217929,4252.590518217929,18711.398280158886,4272.74,4272.74,18800.055999999997,0.5340925,3.0078917748000005,15.039458874000001,0.683611767,60.60746051877332,60.60746051877332,0.0,60.60746051877332,60.60746051877332,0.0,20.149481782070836,0.0,20.149481782070836,88.65771984111169,0.0,3554.0,-0.07331119248561234,147.29219965264988
92,92,2025,6SB,6,SB,MD,5,OP,MD,4.4,70,8000,1,8,75,1800,1,4,0.05,0.01,4365.0,0.0,539.0,0.0,0.0,1.0,1.0,1.0,3.66,1.83,0.282574568288854,0.282574568288854,30,4.136,0.708,4365.0,0.0,539.0,0.0,0.0,4904.0,5982.0,1.0,1.2,0.5156896551724138,5982.0,0.0,1.0,87.3,2780.505,0.0,350.35,0.0,0.0,3187.6,0.188471815,0.9423590749999999,,0.19625899754864287,0.19625901250008654,114.59249794780429,572.9624897390215,66.9556457451407,73.87022531498623,2.308214863780665,3.573835044827482,3.942908728038961,-0.36907368321147915,0.23492781455623415,545.6991239789893,3732.0008760210103,0.0,0.0,545.6991239789893,4271.00087602101,21355.004380105052,545.6991239789893,0.3031661799883274,2728.4956198949467,12005.380727537766,5349.00087602101,26745.004380105052,117678.01927246225,5894.7,29473.5,129683.40000000001,0.7368374999999999,0.829275986,4.14637993,0.188471815,452.5351790970126,452.5351790970126,0.0,2262.675895485063,2262.675895485063,0.0,2728.4956198949467,0.0,2728.4956198949467,12005.380727537766,0.0,24520.0,-0.09360441964758363,30.639705333637515
93,93,2025,6SB,6,SB,PM-Shoulder,1,OP,PM,4.4,70,8000,1,8,75,1800,1,4,0.05,0.01,4521.0,0.0,559.0,0.0,0.0,1.0,1.0,1.0,3.66,1.83,0.282574568288854,0.282574568288854,30,4.135,0.592,4521.0,0.0,559.0,0.0,0.0,5080.0,6198.0,1.0,1.2,0.5343103448275862,6198.0,0.0,1.0,90.42,2879.877,0.0,363.35,0.0,0.0,3302.0,0.186849115,0.934245575,,0.20067224348847545,0.20067226565164992,102.70077302577948,513.5038651288975,66.07992005503786,73.6011789519332,2.331759706272856,3.586899065467562,3.995162218418467,-0.4082631529509051,0.30651509637615715,577.9113785608603,3852.6686214391398,0.0,0.0,577.9113785608603,4411.668621439139,4411.668621439139,577.9113785608603,0.3210618769782557,577.9113785608603,2542.8100656677852,5529.668621439139,5529.668621439139,24330.541934332214,6107.58,6107.58,26873.352,0.7634475,0.8221361060000001,4.110680530000001,0.186849115,475.1218103831176,475.1218103831176,0.0,475.1218103831176,475.1218103831176,0.0,577.9113785608603,0.0,577.9113785608603,2542.8100656677852,0.0,5080.0,-0.10218938071368751,27.460099739513232
94,94,2025,6SB,6,SB,PM-Peak,3,Peak,PM,4.4,70,8000,1,8,75,1800,1,4,0.05,0.01,4840.0,0.0,598.0,0.0,0.0,1.0,1.0,1.0,3.66,1.83,0.282574568288854,0.282574568288854,30,4.135,0.592,4840.0,0.0,598.0,0.0,0.0,5438.0,6634.0,1.0,1.2,0.5718965517241379,6634.0,0.0,1.0,96.8,3083.08,0.0,388.7,0.0,0.0,3534.7000000000003,0.212310187,1.061550935,,0.2208206863904014,0.22082072245470385,98.54361219908114,492.7180609954057,63.983457147265014,72.47567777265506,3.4335912954399506,3.6426013265874793,4.126066514229994,-0.4834651876425151,0.4858539816379496,680.8078417965187,4062.392158203481,0.0,0.0,680.8078417965187,4660.392158203481,13981.176474610442,680.8078417965187,0.3782265787758437,2042.423525389556,8986.663511714047,5856.392158203481,17569.17647461044,77304.37648828595,6537.2,19611.6,86291.04000000001,0.8171499999999999,0.9341648228000001,4.670824114000001,0.212310187,635.9867368926954,635.9867368926954,0.0,1907.9602106780862,1907.9602106780862,0.0,2042.423525389556,0.0,2042.423525389556,8986.663511714047,0.0,16314.0,-0.11717338680196708,26.34855941151902
95,95,2025,6SB,6,SB,PM-Late,3,OP,PM,4.4,70,8000,1,8,75,1800,1,4,0.05,0.01,4021.0,0.0,497.0,0.0,0.0,1.0,1.0,1.0,3.66,1.83,0.282574568288854,0.282574568288854,30,4.135,0.592,4021.0,0.0,497.0,0.0,0.0,4518.0,5512.0,1.0,1.2,0.47517241379310343,5512.0,0.0,1.0,80.42,2561.377,0.0,323.05,0.0,0.0,2936.7000000000003,0.163716463,0.818582315,,0.16553481536788106,0.1655348236006624,111.09672914009836,555.4836457004918,68.1749132147806,74.54031503459603,2.504611377121889,3.5417075964526172,3.872392168190743,-0.33068457173812593,0.13832012756417555,423.9970687825371,3516.582931217463,0.0,0.0,423.9970687825371,4013.582931217463,12040.748793652388,423.9970687825371,0.2355539271014095,1271.9912063476113,5596.76130792949,5007.582931217463,15022.748793652388,66100.09469207052,5431.58,16294.74,71696.856,0.6789475,0.7203524372000001,3.601762186,0.163716463,305.4273218631567,305.4273218631567,0.0,916.28196558947,916.28196558947,0.0,1271.9912063476113,0.0,1271.9912063476113,5596.76130792949,0.0,13554.0,-0.08539542416558192,29.70500779147015
96,96,2025,7NB,7,NB,Night,8,OP,NT,5.6,70,6000,1,8,75,1800,1,4,0.05,0.01,769.0,0.0,95.0,0.0,0.0,1.0,1.0,1.0,3.66,1.83,0.35502958579881655,0.35502958579881655,30,4.103,0.708,769.0,0.0,95.0,0.0,0.0,864.0,1054.0,1.0,1.2,0.10979166666666666,1054.0,0.0,1.0,15.38,489.853,0.0,61.75,0.0,0.0,561.6,0.117777617,0.588888085,,0.2176459177972471,0.21764591779531428,105.14697338882164,525.734866944108,69.99997295408271,74.99841757488382,0.0,4.480094525521334,4.800001854577903,-0.3199073290565684,2.540771726309843e-06,106.61450577073488,647.0054942292651,0.0,0.0,106.61450577073488,742.0054942292651,5936.043953834121,106.61450577073488,0.0592302809837416,852.916046165879,4776.329858528922,932.0054942292651,7456.043953834121,41753.84614147108,1038.62,8308.96,46530.176,0.1731033333333333,0.6595546552,3.297773276,0.117777617,70.31809359293545,70.31809359293545,0.0,562.5447487434836,562.5447487434836,0.0,852.916046165879,0.0,852.916046165879,4776.329858528922,0.0,6912.0,-0.06664733446956138,22.08970029176925
97,97,2025,7NB,7,NB,AM-Early,1,OP,AM,5.6,70,6000,1,8,75,1800,1,4,0.05,0.01,930.0,0.0,115.0,0.0,0.0,1.0,1.0,1.0,3.66,1.83,0.35502958579881655,0.35502958579881655,30,4.155,0.715,930.0,0.0,115.0,0.0,0.0,1045.0,1275.0,1.0,1.2,0.1328125,1275.0,0.0,1.0,18.6,592.41,0.0,74.75,0.0,0.0,679.25,0.169543156,0.84771578,,0.11333804052553711,0.11333804055773648,151.32205204612552,756.6102602306275,69.99981119555554,74.9996138505948,0.0,4.480023066109897,4.800012946625397,-0.31998988051550015,1.7736876794343382e-05,67.14258858773344,844.2574114122665,0.0,0.0,67.14258858773344,959.2574114122665,959.2574114122665,67.14258858773344,0.037301438104296356,67.14258858773344,375.99849609130723,1189.2574114122665,1189.2574114122665,6659.841503908692,1256.3999999999999,1256.3999999999999,7035.839999999999,0.20939999999999998,0.9494416736,4.747208368,0.169543156,63.7479716785739,63.7479716785739,0.0,63.7479716785739,63.7479716785739,0.0,67.14258858773344,0.0,67.14258858773344,375.99849609130723,0.0,1045.0,-0.06666437863265888,31.790347068513764
98,98,2025,7NB,7,NB,AM-Peak,2,Peak,AM,5.6,70,6000,1,8,75,1800,1,4,0.05,0.01,1497.0,0.0,185.0,0.0,0.0,1.0,1.0,1.0,3.66,1.83,0.35502958579881655,0.35502958579881655,30,4.155,0.715,1497.0,0.0,185.0,0.0,0.0,1682.0,2052.0,1.0,1.2,0.21375,2052.0,0.0,1.0,29.94,953.5889999999999,0.0,120.25,0.0,0.0,1093.3,0.167837166,0.83918583,,0.11643495742790433,0.11643495773828176,149.60432895276224,748.0216447638112,69.9916056982319,74.9971785315868,3.432485598855186,4.480168542053696,4.800575678298633,-0.32040713624493655,0.0007886792691266822,111.03109461871786,1356.0289053812821,0.0,0.0,111.03109461871786,1541.0289053812821,3082.0578107625643,111.03109461871786,0.06168394145484325,222.06218923743572,1243.54825972964,1911.0289053812821,3822.0578107625643,21403.523740270357,2022.06,4044.12,22647.071999999996,0.33701,0.9398881296,4.6994406479999995,0.167837166,104.35680784862735,104.35680784862735,0.0,208.7136156972547,208.7136156972547,0.0,222.06218923743572,0.0,222.06218923743572,1243.54825972964,0.0,3364.0,-0.06674348197308114,31.429480872429046
99,99,2025,7NB,7,NB,AM-Shoulder,1,OP,AM,5.6,70,6000,1,8,75,1800,1,4,0.05,0.01,1769.0,0.0,219.0,0.0,0.0,1.0,1.0,1.0,3.66,1.83,0.35502958579881655,0.35502958579881655,30,4.155,0.715,1769.0,0.0,219.0,0.0,0.0,1988.0,2426.0,1.0,1.2,0.2527083333333333,2426.0,0.0,1.0,35.38,1126.853,0.0,142.35,0.0,0.0,1292.2,0.174664118,0.8733205900000001,,0.107170723379308,0.10717072429007438,154.9072845611877,774.5364228059386,69.96677977728349,74.99575315683441,2.6652249418776863,4.480253692463653,4.802279039703511,-0.3220253472398582,0.0031222843938103497,120.76565115214336,1612.8543488478565,0.0,0.0,120.76565115214336,1831.8543488478565,1831.8543488478565,120.76565115214336,0.06709202841785743,120.76565115214336,676.2876464520028,2269.8543488478563,2269.8543488478563,12711.184353547995,2390.6199999999994,2390.6199999999994,13387.471999999998,0.39843666666666655,0.9781190608,4.890595304,0.174664118,118.1231852818349,118.1231852818349,0.0,118.1231852818349,118.1231852818349,0.0,120.76565115214336,0.0,120.76565115214336,676.2876464520028,0.0,1988.0,-0.06705677545545954,32.54354717672011
100,100,2025,7NB,7,NB,MD,5,OP,MD,5.6,70,6000,1,8,75,1800,1,4,0.05,0.01,2550.0,0.0,315.0,0.0,0.0,1.0,1.0,1.0,3.66,1.83,0.35502958579881655,0.35502958579881655,30,4.136,0.708,2550.0,0.0,315.0,0.0,0.0,2865.0,3495.0,1.0,1.2,0.3640625,3495.0,0.0,1.0,51.0,1624.3500000000001,0.0,204.75,0.0,0.0,1862.25,0.415252552,2.07626276,,0.011698864173839061,0.011698898952575927,311.3604062244045,1556.8020311220228,69.1229041283501,74.99982843128453,4.842362485198893,4.480010248394715,4.860906876483403,-0.3808966280886885,0.08344242078226174,19.00305002077548,2479.9969499792246,0.0,0.0,19.00305002077548,2794.9969499792246,13974.984749896123,19.00305002077548,0.010557250011541933,95.01525010387739,532.0854005817133,3424.9969499792246,17124.984749896124,95899.91459941829,3444.0,17220.0,96432.0,0.574,2.3254142912,11.627071456,0.415252552,44.189964094699754,44.189964094699754,0.0,220.94982047349876,220.94982047349876,0.0,95.01525010387739,0.0,95.01525010387739,532.0854005817133,0.0,14325.0,-0.07835916995888761,65.41185004714382
101,101,2025,7NB,7,NB,PM-Shoulder,1,OP,PM,5.6,70,6000,1,8,75,1800,1,4,0.05,0.01,3265.0,0.0,404.0,0.0,0.0,1.0,1.0,1.0,3.66,1.83,0.35502958579881655,0.35502958579881655,30,4.135,0.592,3265.0,0.0,404.0,0.0,0.0,3669.0,4477.0,1.0,1.2,0.4663541666666667,4477.0,0.0,1.0,65.3,2079.805,0.0,262.6,0.0,0.0,2384.85,1.419297409,7.096487045,,0.010000505543147109,0.010000508307808948,530.320763855641,2651.6038192782053,64.06864858667275,74.99960738811211,6.226011148072106,4.4800234521395375,5.244374704508643,-0.7643512523691056,0.6087933451768411,20.79910143116507,3178.9008985688347,0.0,0.0,20.79910143116507,3582.9008985688347,3582.9008985688347,20.79910143116507,0.01155505635064726,20.79910143116507,116.47496801452438,4390.900898568834,4390.900898568834,24589.04503198547,4411.699999999999,4411.699999999999,24705.519999999997,0.7352833333333332,7.9480654903999985,39.740327451999995,1.419297409,165.31262031637232,165.31262031637232,0.0,165.31262031637232,165.31262031637232,0.0,20.79910143116507,0.0,20.79910143116507,116.47496801452438,0.0,3669.0,-0.14574688031196265,111.41192517975654
102,102,2025,7NB,7,NB,PM-Peak,3,Peak,PM,5.6,70,6000,1,8,75,1800,1,4,0.05,0.01,3772.0,0.0,466.0,0.0,0.0,1.0,1.0,1.0,3.66,1.83,0.35502958579881655,0.35502958579881655,30,4.135,0.592,3772.0,0.0,466.0,0.0,0.0,4238.0,5170.0,1.0,1.2,0.5385416666666667,5170.0,0.0,1.0,75.44,2402.764,0.0,302.90000000000003,0.0,0.0,2754.7000000000003,1.202351064,6.01175532,,0.021815173387110847,0.02181517655477736,206.32112955635984,1031.6056477817992,54.683331380128394,74.99809078722447,10.946586565842663,4.480114046546313,6.144468369425285,-1.664354322878972,1.8419216661126403,52.41671326830801,3644.143286731692,0.0,0.0,52.41671326830801,4110.143286731693,12330.429860195078,52.41671326830801,0.029120396260171117,157.25013980492403,880.6007829075745,5042.143286731693,15126.429860195078,84708.00721709242,5094.56,15283.680000000002,85588.608,0.8490933333333334,6.733165958399999,33.665829792,1.202351064,352.930429429385,352.930429429385,0.0,1058.791288288155,1058.791288288155,0.0,157.25013980492403,0.0,157.25013980492403,880.6007829075745,0.0,12714.0,-0.27087035408315485,43.34477511688233
103,103,2025,7NB,7,NB,PM-Late,3,OP,PM,5.6,70,6000,1,8,75,1800,1,4,0.05,0.01,2896.0,0.0,358.0,0.0,0.0,1.0,1.0,1.0,3.66,1.83,0.35502958579881655,0.35502958579881655,30,4.135,0.592,2896.0,0.0,358.0,0.0,0.0,3254.0,3970.0,1.0,1.2,0.41354166666666664,3970.0,0.0,1.0,57.92,1844.752,0.0,232.70000000000002,0.0,0.0,2115.1,0.187399184,0.93699592,,0.12092699819020744,0.12092700087354583,124.94282431404866,624.7141215702434,68.41746956426498,74.9554814873087,4.1966428955982416,4.482660818567229,4.9110264109430855,-0.42836559237585625,0.15210618299202697,223.08032176538154,2614.9996782346184,0.0,0.0,223.08032176538154,2972.9996782346184,8918.999034703855,223.08032176538154,0.12393351209187864,669.2409652961446,3747.7494056584096,3688.9996782346184,11066.999034703855,61975.194594341585,3912.08,11736.24,65722.94399999999,0.6520133333333333,1.0494354304,5.247177152,0.187399184,234.10839348562365,234.10839348562365,0.0,702.325180456871,702.325180456871,0.0,669.2409652961446,0.0,669.2409652961446,3747.7494056584096,0.0,9762.0,-0.08722526749629013,26.2484925029514
104,104,2025,7SB,7,SB,Night,8,OP,NT,5.6,70,6000,1,8,75,1800,1,4,0.05,0.01,729.0,0.0,90.0,0.0,0.0,1.0,1.0,1.0,3.66,1.83,0.35502958579881655,0.35502958579881655,30,4.103,0.708,729.0,0.0,90.0,0.0,0.0,819.0,999.0,1.0,1.2,0.1040625,999.0,0.0,1.0,14.58,464.373,0.0,58.5,0.0,0.0,532.35,0.147646003,0.738230015,,0.13587168822991938,0.13587168825178447,131.77976248545755,658.8988124272877,69.99997546751784,74.99973992536746,0.0,4.4800155351785875,4.800001682227937,-0.3199861470493497,2.3046522743058738e-06,63.09514347839235,651.3248565216076,0.0,0.0,63.09514347839235,741.3248565216076,5930.5988521728605,63.09514347839235,0.03505285748799575,504.7611478271388,2826.6624278319773,921.3248565216076,7370.5988521728605,41275.35357216802,984.42,7875.36,44102.015999999996,0.16407,0.8268176168,4.134088083999999,0.147646003,52.16817616245842,52.16817616245842,0.0,417.3454092996674,417.3454092996674,0.0,504.7611478271388,0.0,504.7611478271388,2826.6624278319773,0.0,6552.0,-0.06666375727202392,27.68482405156671
105,105,2025,7SB,7,SB,AM-Early,1,OP,AM,5.6,70,6000,1,8,75,1800,1,4,0.05,0.01,2298.0,0.0,284.0,0.0,0.0,1.0,1.0,1.0,3.66,1.83,0.35502958579881655,0.35502958579881655,30,4.155,0.715,2298.0,0.0,284.0,0.0,0.0,2582.0,3150.0,1.0,1.2,0.328125,3150.0,0.0,1.0,45.96,1463.826,0.0,184.6,0.0,0.0,1678.3,0.795369856,3.9768492799999997,,0.0100012050829785,0.010001652559445979,655.2312705577822,3276.156352788911,69.61293914782856,74.99990364774779,4.380484111154244,4.480005755448593,4.826688890214469,-0.3466831347658763,0.0365637795938229,14.640024031796086,2237.3999759682038,0.0,0.0,14.640024031796086,2521.3999759682038,2521.3999759682038,14.640024031796086,0.008133346684331159,14.640024031796086,81.98413457805808,3089.3999759682038,3089.3999759682038,17300.63986542194,3104.04,3104.04,17382.624,0.51734,4.4540711936,22.270355967999997,0.7953698559999999,65.20770931363468,65.20770931363468,0.0,65.20770931363468,65.20770931363468,0.0,14.640024031796086,0.0,14.640024031796086,81.98413457805808,0.0,2582.0,-0.0718262856072482,137.65362826844165
106,106,2025,7SB,7,SB,AM-Peak,2,Peak,AM,5.6,70,6000,1,8,75,1800,1,4,0.05,0.01,3435.0,0.0,425.0,0.0,0.0,1.0,1.0,1.0,3.66,1.83,0.35502958579881655,0.35502958579881655,30,4.155,0.715,3435.0,0.0,425.0,0.0,0.0,3860.0,4710.0,1.0,1.2,0.490625,4710.0,0.0,1.0,68.7,2188.0950000000003,0.0,276.25,0.0,0.0,2509.0,1.233788573,6.168942865,,0.0100021457694285,0.010002784887105433,357.08212939590663,1785.410646979533,61.46154932277228,74.9995189325373,10.234378476843384,4.480028735947425,5.466832575850927,-0.9868038399035024,0.9135606289157704,21.885645147357657,3344.4143548526426,0.0,0.0,21.885645147357657,3769.4143548526426,7538.828709705285,21.885645147357657,0.012158691748532032,43.771290294715314,245.11922565040575,4619.414354852643,9238.828709705285,51737.4407743496,4641.3,9282.6,51982.560000000005,0.7735500000000001,6.9092160088,34.546080044,1.233788573,151.21264981503955,151.21264981503955,0.0,302.4252996300791,302.4252996300791,0.0,43.771290294715314,0.0,43.771290294715314,245.11922565040575,0.0,7720.0,-0.1805074192801494,75.0172540747703
107,107,2025,7SB,7,SB,AM-Shoulder,1,OP,AM,5.6,70,6000,1,8,75,1800,1,4,0.05,0.01,3333.0,0.0,412.0,0.0,0.0,1.0,1.0,1.0,3.66,1.83,0.35502958579881655,0.35502958579881655,30,4.155,0.715,3333.0,0.0,412.0,0.0,0.0,3745.0,4569.0,1.0,1.2,0.4759375,4569.0,0.0,1.0,66.66,2123.121,0.0,267.8,0.0,0.0,2434.25,0.683611767,3.418058835,,0.030676849232514597,0.030676857105058557,242.9171711281498,1214.5858556407488,63.589905429368436,74.99784475159957,6.069753577488776,4.480128743870786,5.283857520014825,-0.8037287761440393,0.6628848024203108,65.13066281938562,3201.2093371806145,0.0,0.0,65.13066281938562,3613.2093371806145,3613.2093371806145,65.13066281938562,0.036183701566325346,65.13066281938562,364.73171178855944,4437.209337180615,4437.209337180615,24848.37228821144,4502.34,4502.34,25213.104,0.75039,3.8282258952,19.141129476,0.683611767,249.33488997671188,249.33488997671188,0.0,249.33488997671188,249.33488997671188,0.0,65.13066281938562,0.0,65.13066281938562,364.73171178855944,0.0,3745.0,-0.15211022876744493,51.03301914456929
108,108,2025,7SB,7,SB,MD,5,OP,MD,5.6,70,6000,1,8,75,1800,1,4,0.05,0.01,2635.0,0.0,326.0,0.0,0.0,1.0,1.0,1.0,3.66,1.83,0.35502958579881655,0.35502958579881655,30,4.136,0.708,2635.0,0.0,326.0,0.0,0.0,2961.0,3613.0,1.0,1.2,0.37635416666666666,3613.0,0.0,1.0,52.7,1678.4950000000001,0.0,211.9,0.0,0.0,1924.65,0.188471815,0.9423590749999999,,0.11756099760211926,0.11756099879214794,144.97852548170775,724.8926274085387,69.23627768495487,74.97209081565758,3.8561689068810385,4.48166772921088,4.852947201016458,-0.3712794718055781,0.07253766539254822,197.3255466701692,2384.974453329831,0.0,0.0,197.3255466701692,2710.974453329831,13554.872266649154,197.3255466701692,0.10962530370564955,986.6277333508459,5525.1153067647365,3362.974453329831,16814.872266649152,94163.28469323524,3560.3,17801.499999999996,99688.39999999998,0.5933833333333334,1.0554421639999998,5.27721082,0.18847181499999996,208.26570199004632,208.26570199004632,0.0,1041.3285099502316,1041.3285099502316,0.0,986.6277333508459,0.0,986.6277333508459,5525.1153067647365,0.0,14805.0,-0.07650597800194756,30.45767342052684
109,109,2025,7SB,7,SB,PM-Shoulder,1,OP,PM,5.6,70,6000,1,8,75,1800,1,4,0.05,0.01,2723.0,0.0,336.0,0.0,0.0,1.0,1.0,1.0,3.66,1.83,0.35502958579881655,0.35502958579881655,30,4.135,0.592,2723.0,0.0,336.0,0.0,0.0,3059.0,3731.0,1.0,1.2,0.38864583333333336,3731.0,0.0,1.0,54.46,1734.551,0.0,218.4,0.0,0.0,1988.3500000000001,0.186849115,0.934245575,,0.09540718676151927,0.09540720131631789,135.56332138103832,677.8166069051917,68.92808386774826,74.98328295602174,4.229641568739656,4.480998787383936,4.874645879387572,-0.39364709200363546,0.10226485476097341,165.48863120438,2503.05136879562,0.0,0.0,165.48863120438,2839.05136879562,2839.05136879562,165.48863120438,0.09193812844687778,165.48863120438,926.7363347445279,3511.05136879562,3511.05136879562,19661.88766525547,3676.54,3676.54,20588.624,0.6127566666666666,1.046355044,5.23177522,0.186849115,173.1598639853588,173.1598639853588,0.0,173.1598639853588,173.1598639853588,0.0,165.48863120438,0.0,165.48863120438,926.7363347445279,0.0,3059.0,-0.08075398741643393,28.479689365764354
110,110,2025,7SB,7,SB,PM-Peak,3,Peak,PM,5.6,70,6000,1,8,75,1800,1,4,0.05,0.01,2613.0,0.0,323.0,0.0,0.0,1.0,1.0,1.0,3.66,1.83,0.35502958579881655,0.35502958579881655,30,4.135,0.592,2613.0,0.0,323.0,0.0,0.0,2936.0,3582.0,1.0,1.2,0.373125,3582.0,0.0,1.0,52.26,1664.481,0.0,209.95000000000002,0.0,0.0,1908.4,0.212310187,1.061550935,,0.057717789287264745,0.05771779471318496,158.68812644459035,793.4406322229519,69.10291112157874,74.99654164859659,6.9801572344011475,4.480206588383234,4.8623132447900215,-0.38210665640678787,0.08536914536232973,96.07016363065571,2464.669836369344,0.0,0.0,96.07016363065571,2787.669836369344,8363.009509108033,96.07016363065571,0.053372313128142064,288.21049089196714,1613.9787489950158,3433.669836369344,10301.009509108033,57685.65325100498,3529.74,10589.22,59299.632,0.58829,1.1889370472,5.944685236,0.21231018699999998,114.22137667105264,114.22137667105264,0.0,342.6641300131579,342.6641300131579,0.0,288.21049089196714,0.0,288.21049089196714,1613.9787489950158,0.0,8808.0,-0.07858536403762467,33.337841690039994
111,111,2025,7SB,7,SB,PM-Late,3,OP,PM,5.6,70,6000,1,8,75,1800,1,4,0.05,0.01,2089.0,0.0,258.0,0.0,0.0,1.0,1.0,1.0,3.66,1.83,0.35502958579881655,0.35502958579881655,30,4.135,0.592,2089.0,0.0,258.0,0.0,0.0,2347.0,2863.0,1.0,1.2,0.29822916666666666,2863.0,0.0,1.0,41.78,1330.693,0.0,167.70000000000002,0.0,0.0,1525.55,0.163716463,0.818582315,,0.08273136372883903,0.08273136801023913,142.03355037389707,710.1677518694854,69.86279434937691,74.99619952622383,3.3550368540378863,4.480227026471005,4.809426864887444,-0.3291998384164385,0.012914804895797957,110.09004659442,1937.12995340558,0.0,0.0,110.09004659442,2195.1299534055797,6585.389860216739,110.09004659442,0.0611611369969,330.27013978326,1849.512782786256,2711.1299534055797,8133.389860216739,45546.98321721374,2821.22,8463.66,47396.49599999999,0.4702033333333333,0.9168121927999999,4.584060964,0.163716463,100.93189702368437,100.93189702368437,0.0,302.7956910710531,302.7956910710531,0.0,330.27013978326,0.0,330.27013978326,1849.512782786256,0.0,7041.0,-0.06844887086647546,29.83898117098678
