,index,Year,SegDir,Segment,Direction,Period,Hours/Day,Peak,4Periods,Length,Speed GP,Capacity GP,Alpha GP,Beta GP,Speed ML,Capacity ML,Alpha ML,Beta ML,MinToll,MinCapture,AADT Lights,AADT MediumA,AADT MediumB,AADT HeavyA,AADT HeavyB,GrowthFactor,GrowthFactor_medium,GrowthFactor_heavy,MaxToll,Soft Cap,MaxCapture,MaxCap_aux,Min Speed,B1,B2,TotalLights,TotalMediumA,TotalMediumB,TotalHeavyA,TotalHeavyB,TotalVeh,Corridor PCE pre-fix,Suppressed ratio ref,Max VC,Suppressed ratio,Corridor PCE,Suppressed Demand,PCE ratio,HOV3,InScopeLights,InScopeMediumA,InScopeMediumB,InScopeHeavyA,InScopeHeavyB,InScopeVeh,TollLights,TollMediumA,TollMediumB,CaptureRateLights,CaptureRateMediumA,VOT Lights,VOT MediumA,Speed GP Real,Speed ML Real,Bounus Seg,Time ML,Time GP,Time Savings,BonusRel,MLVeh_Lights,GPVeh_Lights,MLVeh_MediumA,GPVeh_MediumA,MLVeh,GPVeh,GPVehDay,ML PCE,ML V/C,ML Volume,ML PCE Total,GP PCE,GP Volume,GP PCE Total,Highway PCE,Highway Volume,Highway PCE Total,Highway V/C,TollLightsPerSeg,TollMediumAPerSeg,TollBlend,RevenuePerHour,RevenuePerHourLights,RevenuePerHourMediumA,RevenuePerDay,RevenuePerDayLights,RevenuePerDayMediumA,TransactionsDay_Lights,TransactionsDay_MediumA,TransactionsDay,TransactionsLightsLength,TransactionsMediumALength,TotalVeh_hours,Difference in Travel Time,Implied Min VOT
0,0,2025,1NB,1,NB,Night,8,OP,NT,3.0,65,12000,1,6,70,1800,1,6,0.2,0.01,1830.0,226.0,0.0,0.0,0.0,1.0,1.0,1.0,1.25,0.625,0.13729977116704806,0.13729977116704806,30,4.009,0.708,1830.0,226.0,0.0,0.0,0.0,2056.0,2508.0,1.0,1.2,0.16076923076923078,2508.0,0.0,1.0,0.0,1738.5,214.7,0.0,0.0,0.0,1953.1999999999998,0.2000038970272498,1.000019485136249,,0.07257097723970495,0.07255106829557986,154.5870886315905,772.9354431579525,64.99647108643055,69.99994502641466,0.0,2.571430590867986,2.7693811216402944,-0.1979505307723084,0.00020598280104931201,126.16464393122705,1703.8353560687729,15.576714363060995,210.423285636939,141.74135829428803,1914.2586417057119,15314.069133645695,172.89478702041004,0.09605265945578335,1383.1582961632803,4149.474888489841,2335.10521297959,18680.84170383672,56042.52511151016,2508.0,20064.0,60192.0,0.209,0.6000116910817495,3.000058455408747,0.28792187983715717,122.43131499229032,75.70026135990231,46.73105363238801,979.4505199383226,605.6020908792185,373.8484290591041,1009.3171514498164,124.61371490448796,1133.9308663543043,3027.9514543494493,373.8411447134639,16448.0,-0.07147825527714402,60.62238769866293
1,1,2025,1NB,1,NB,AM-Early,1,OP,AM,3.0,65,12000,1,6,70,1800,1,6,0.2,0.01,3467.0,429.0,0.0,0.0,0.0,1.0,1.0,1.0,1.25,0.625,0.13729977116704806,0.13729977116704806,30,3.82,0.715,3467.0,429.0,0.0,0.0,0.0,3896.0,4754.0,1.0,1.2,0.3047435897435897,4754.0,0.0,1.0,0.0,3293.6499999999996,407.54999999999995,0.0,0.0,0.0,3701.2,0.20000002262875324,1.0000001131437661,,0.04928251342132121,0.04924724727108029,148.67157055049233,743.3578527524616,64.81206736959446,69.99975007459865,1.2191700752345627,2.5714377523944614,2.777260582871703,-0.2058228304772416,0.011000844688079282,162.31935033013457,3304.6806496698655,20.07071562532877,408.9292843746712,182.39006595546334,3713.6099340445367,3713.6099340445367,222.5314972061209,0.12362860955895605,222.5314972061209,667.5944916183627,4531.468502793879,4531.468502793879,13594.405508381638,4754.0,4754.0,14262.000000000002,0.39616666666666667,0.6000000678862597,3.000000339431298,0.2880342816924286,157.6037749059497,97.39162121733432,60.21215368861537,157.6037749059497,97.39162121733432,60.21215368861537,162.31935033013457,20.07071562532877,182.39006595546334,486.9580509904037,60.212146875986306,3896.0,-0.07411001752828668,58.30257668646758
2,2,2025,1NB,1,NB,AM-Peak,2,Peak,AM,3.0,65,12000,1,6,70,1800,1,6,0.2,0.01,4855.0,600.0,0.0,0.0,0.0,1.0,1.0,1.0,1.25,0.625,0.13729977116704806,0.13729977116704806,30,3.82,0.715,4855.0,600.0,0.0,0.0,0.0,5455.0,6655.0,1.0,1.2,0.4266025641025641,6655.0,0.0,1.0,0.0,4612.25,570.0,0.0,0.0,0.0,5182.25,0.20000009566475258,1.0000004783237628,,0.0806870968231421,0.080660623121016,124.18758650563427,620.9379325281714,63.84876765791233,69.96377057429339,1.7152477623400184,2.572760137460872,2.8191616941520383,-0.24640155669116615,0.06840536714213863,372.14906232253713,4482.850937677463,45.97655517897912,554.0234448210209,418.1256175015163,5036.874382498484,10073.748764996968,510.0787278594745,0.2833770710330414,1020.157455718949,3060.472367156847,6144.921272140526,12289.842544281051,36869.52763284315,6655.0,13310.0,39930.0,0.5545833333333333,0.6000002869942578,3.0000014349712885,0.28796710891859373,361.2192757101402,223.2895441981662,137.92973151197398,722.4385514202804,446.5790883963324,275.85946302394797,744.2981246450743,91.95311035795824,836.2512350030325,2232.8943739352226,275.8593310738747,10910.0,-0.08740242079845656,48.701014315935005
3,3,2025,1NB,1,NB,AM-Shoulder,1,OP,AM,3.0,65,12000,1,6,70,1800,1,6,0.2,0.01,4132.0,511.0,0.0,0.0,0.0,1.0,1.0,1.0,1.25,0.625,0.13729977116704806,0.13729977116704806,30,3.82,0.715,4132.0,511.0,0.0,0.0,0.0,4643.0,5665.0,1.0,1.2,0.3631410256410256,5665.0,0.0,1.0,0.0,3925.3999999999996,485.45,0.0,0.0,0.0,4410.849999999999,0.20000001869477343,1.000000093473867,,0.059079601301567926,0.0590428928851778,139.4710892012313,697.3554460061565,64.49516390713687,69.99787588457467,1.2911122357256561,2.5715066025262967,2.790906931551835,-0.2194003290255382,0.029696342379859405,231.9110669491747,3900.0889330508253,28.66237235110956,482.3376276488904,260.5734393002843,4382.426560699716,4382.426560699716,317.8981840025034,0.176610102223613,317.8981840025034,953.6945520075102,5347.1018159974965,5347.1018159974965,16041.30544799249,5665.0,5665.0,16995.0,0.47208333333333335,0.6000000560843203,3.0000002804216015,0.28799785947934203,225.13377826695643,139.14665317607938,85.98712509087704,225.13377826695643,139.14665317607938,85.98712509087704,231.9110669491747,28.66237235110956,260.5734393002843,695.7332008475241,85.98711705332869,4643.0,-0.07861255656545468,54.69454478479659
4,4,2025,1NB,1,NB,MD,5,OP,MD,3.0,65,12000,1,6,70,1800,1,6,0.2,0.01,5636.0,697.0,0.0,0.0,0.0,1.0,1.0,1.0,1.25,0.625,0.13729977116704806,0.13729977116704806,30,3.823,0.708,5636.0,697.0,0.0,0.0,0.0,6333.0,7727.0,1.0,1.2,0.4953205128205128,7727.0,0.0,1.0,0.0,5354.2,662.15,0.0,0.0,0.0,6016.349999999999,0.20719616394682555,1.0359808197341278,,0.10565706111274996,0.10566649207414244,110.84882111402169,554.2441055701084,62.633276652901266,69.55480191035603,0.712261931308931,2.587887465080966,2.8738716800258945,-0.28598421494492854,0.1433580477893211,565.7090366098859,5070.2909633901145,69.96706772689342,627.0329322731066,635.6761043367793,5697.323895663221,28486.619478316105,775.6102397905661,0.4308945776614256,3878.0511989528304,11634.15359685849,6951.389760209434,34756.94880104717,104270.8464031415,7727.0,38635.0,115905.0,0.6439166666666667,0.6215884918404766,3.107942459202383,0.2984181427924525,569.0918474211687,351.6382268868679,217.45362053430082,2845.4592371058434,1758.1911344343396,1087.268102671504,2828.5451830494294,349.8353386344671,3178.3805216838964,8485.635549148288,1049.5060159034015,31665.0,-0.09951182473893605,43.47012592706732
5,5,2025,1NB,1,NB,PM-Shoulder,1,OP,PM,3.0,65,12000,1,6,70,1800,1,6,0.2,0.01,7121.0,880.0,0.0,0.0,0.0,1.0,1.0,1.0,1.25,0.625,0.13729977116704806,0.13729977116704806,30,4.005,0.592,7121.0,880.0,0.0,0.0,0.0,8001.0,9761.0,1.0,1.2,0.6257051282051282,9761.0,0.0,1.0,0.0,6764.95,836.0,0.0,0.0,0.0,7600.95,0.5040023454393804,2.520011727196902,,0.09088669821514181,0.09094605382243784,121.01228292105513,605.0614146052757,55.62805537371567,69.26940596445311,1.3193942056299273,2.5985497853463673,3.235777321186932,-0.6372275358405646,0.6391687761799432,614.8439690905236,6506.156030909477,76.03090099555803,803.969099004442,690.8748700860816,7310.1251299139185,7310.1251299139185,842.9366720771977,0.46829815115399875,842.9366720771977,2528.810016231593,8918.063327922802,8918.063327922802,26754.189983768407,9761.0,9761.0,29283.0,0.8134166666666667,1.512007036318141,7.560035181590706,0.7258645325694811,1504.444693917104,929.6484075026453,574.7962864144586,1504.444693917104,929.6484075026453,574.7962864144586,614.8439690905236,76.03090099555803,690.8748700860816,1844.5319072715708,228.09270298667408,8001.0,-0.19693182582997396,47.45579722394319
6,6,2025,1NB,1,NB,PM-Peak,3,Peak,PM,3.0,65,12000,1,6,70,1800,1,6,0.2,0.01,6508.0,804.0,0.0,0.0,0.0,1.0,1.0,1.0,1.25,0.625,0.13729977116704806,0.13729977116704806,30,4.005,0.592,6508.0,804.0,0.0,0.0,0.0,7312.0,8920.0,1.0,1.2,0.5717948717948718,8920.0,0.0,1.0,0.0,6182.599999999999,763.8,0.0,0.0,0.0,6946.4,0.3402377851123072,1.701188925561536,,0.09620645647745488,0.09624192403389568,118.73464309502025,593.6732154751013,59.36547925956625,69.400562676491,1.668187500287091,2.5936389138379976,3.0320651369287903,-0.4384262230907927,0.36008308374628895,594.8060378175124,5913.193962182488,73.50958157708952,730.4904184229105,668.315619394602,6643.6843806053985,19931.053141816195,815.334782548781,0.45296376808265615,2446.0043476463434,7338.01304293903,8104.665217451219,24313.995652353657,72941.98695706097,8920.0,26760.0,80280.0,0.7433333333333333,1.0207133553369214,5.103566776684608,0.48993195053060185,982.2875249401939,607.1264666353729,375.161058304821,2946.8625748205814,1821.3793999061188,1125.483174914463,1784.4181134525375,220.52874473126855,2004.946858183806,5353.254340357613,661.5862341938057,21936.0,-0.14459657140970233,46.562605135302064
7,7,2025,1NB,1,NB,PM-Late,3,OP,PM,3.0,65,12000,1,6,70,1800,1,6,0.2,0.01,5882.0,727.0,0.0,0.0,0.0,1.0,1.0,1.0,1.25,0.625,0.13729977116704806,0.13729977116704806,30,4.005,0.592,5882.0,727.0,0.0,0.0,0.0,6609.0,8063.0,1.0,1.2,0.5168589743589743,8063.0,0.0,1.0,0.0,5587.9,690.65,0.0,0.0,0.0,6278.549999999999,0.23762116954231066,1.1881058477115534,,0.10420103780186273,0.10422240370603414,115.5685820750607,577.8429103753036,61.95004758579237,69.47171127198153,0.777360328625312,2.590982670562131,2.9055667754044023,-0.3145841048422713,0.1867803284578766,582.2649791330286,5299.735020866971,71.98120311957247,655.0187968804275,654.2461822526011,5954.753817747399,17864.261453242198,798.208588491746,0.4434492158287478,2394.625765475238,7183.877296425714,7264.791411508254,21794.374234524763,65383.12270357429,8063.0,24189.0,72567.0,0.6719166666666667,0.7128635086269319,3.56431754313466,0.34219500204948494,671.6393210303895,415.0754559753581,256.56386505503144,2014.9179630911685,1245.2263679260743,769.6915951650943,1746.794937399086,215.94360935871742,1962.7385467578033,5240.384812197258,647.8308280761523,19827.0,-0.10826944591507,45.32101257845518
8,8,2025,1SB,1,SB,Night,8,OP,NT,3.0,65,12000,1,6,70,1800,1,6,0.2,0.01,1785.0,221.0,0.0,0.0,0.0,1.0,1.0,1.0,1.25,0.625,0.13729977116704806,0.13729977116704806,30,4.009,0.708,1785.0,221.0,0.0,0.0,0.0,2006.0,2448.0,1.0,1.2,0.15692307692307692,2448.0,0.0,1.0,0.0,1695.75,209.95,0.0,0.0,0.0,1905.6999999999998,0.20000398112237494,1.0000199056118748,,0.07254989830521187,0.07253055282065865,154.60280411828398,773.0140205914199,64.99694786907442,69.99995254243123,0.0,2.5714303147690143,2.7693608069502,-0.19793049218118552,0.00017815167561986215,123.02649005106304,1661.973509948937,15.227789564697282,205.77221043530272,138.2542796157603,1867.7457203842396,14941.965763073917,168.7098587451549,0.09372769930286383,1349.6788699612391,4049.0366098837176,2279.2901412548454,18234.321130038763,54702.96339011629,2448.0000000000005,19584.000000000004,58752.00000000001,0.20400000000000004,0.6000119433671248,3.0000597168356244,0.28812041542293104,119.50164143067278,73.81736338117457,45.684278049498204,956.0131314453822,590.5389070493966,365.47422439598563,984.2119204085043,121.82231651757826,1106.0342369260825,2952.635761225513,365.4669495527348,16048.0,-0.0714715437888931,60.62855063462117
9,9,2025,1SB,1,SB,AM-Early,1,OP,AM,3.0,65,12000,1,6,70,1800,1,6,0.2,0.01,7354.0,909.0,0.0,0.0,0.0,1.0,1.0,1.0,1.25,0.625,0.13729977116704806,0.13729977116704806,30,3.82,0.715,7354.0,909.0,0.0,0.0,0.0,8263.0,10081.0,1.0,1.2,0.6462179487179487,10081.0,0.0,1.0,0.0,6986.299999999999,863.55,0.0,0.0,0.0,7849.849999999999,0.5972456026634491,2.986228013317245,,0.08644082639149141,0.08648394942084607,120.94699650862535,604.7349825431268,53.71036832824175,69.34325376712427,1.4933496871096268,2.595782433349533,3.351308240896073,-0.7555258075465399,0.7974461361814654,603.9015454188764,6750.098454581123,74.68321452237161,834.3167854776284,678.584759941248,7584.415240058752,7584.415240058752,827.9511889859912,0.4599728827699951,827.9511889859912,2483.8535669579733,9253.048811014009,9253.048811014009,27759.146433042028,10081.0,10081.0,30243.0,0.8400833333333333,1.7917368079903473,8.958684039951736,0.8601705847695567,1751.0959493231176,1082.0326273292553,669.0633219938622,1751.0959493231176,1082.0326273292553,669.0633219938622,603.9015454188764,74.68321452237161,678.584759941248,1811.704636256629,224.04964356711486,8263.0,-0.22544205224898303,47.430194709264846
10,10,2025,1SB,1,SB,AM-Peak,2,Peak,AM,3.0,65,12000,1,6,70,1800,1,6,0.2,0.01,7993.0,988.0,0.0,0.0,0.0,1.0,1.0,1.0,1.25,0.625,0.13729977116704806,0.13729977116704806,30,3.82,0.715,7993.0,988.0,0.0,0.0,0.0,8981.0,10957.0,1.0,1.2,0.7023717948717949,10957.0,0.0,1.0,0.0,7593.349999999999,938.5999999999999,0.0,0.0,0.0,8531.949999999999,0.9179059990278394,4.5895299951391975,,0.08331596465991924,0.08339041979238923,122.7669389199477,613.8346945997386,48.03080910784519,69.13394175352207,2.6915553002205077,2.6036415027764535,3.7475945823823196,-1.1439530796058661,1.3403584240176238,632.6472802503977,7360.352719749602,78.27024801713652,909.7297519828635,710.9175282675342,8270.082471732465,16540.16494346493,867.4580243018072,0.4819211246121151,1734.9160486036144,5204.748145810843,10089.541975698194,20179.083951396387,60537.25185418916,10957.0,21914.0,65742.0,0.9130833333333334,2.7537179970835184,13.768589985417591,1.3221426500802225,2819.8031544363575,1742.1322014314603,1077.670953004897,5639.606308872715,3484.2644028629206,2155.341906009794,1265.2945605007953,156.54049603427305,1421.8350565350684,3795.883681502386,469.62148810281917,17962.0,-0.3052499555271166,48.143897615665765
11,11,2025,1SB,1,SB,AM-Shoulder,1,OP,AM,3.0,65,12000,1,6,70,1800,1,6,0.2,0.01,6891.0,852.0,0.0,0.0,0.0,1.0,1.0,1.0,1.25,0.625,0.13729977116704806,0.13729977116704806,30,3.82,0.715,6891.0,852.0,0.0,0.0,0.0,7743.0,9447.0,1.0,1.2,0.6055769230769231,9447.0,0.0,1.0,0.0,6546.45,809.4,0.0,0.0,0.0,7355.849999999999,0.4386475023980373,2.1932375119901866,,0.08975144404069169,0.08978003585166136,119.13795718039616,595.6897859019808,57.04487984439489,69.44208746858125,1.3084245133880836,2.5920879766386653,3.155410275050065,-0.5633222984113999,0.5290659229724354,587.553340840186,6303.446659159814,72.66796101833471,779.3320389816653,660.2213018585207,7082.778698141479,7082.778698141479,805.5572238951902,0.44753179105288343,805.5572238951902,2416.671671685571,8641.44277610481,8641.44277610481,25924.32832831443,9447.0,9447.0,28341.0,0.78725,1.3159425071941118,6.579712535970559,0.6317683212223963,1251.3207105312677,773.1864164555109,478.1342940757568,1251.3207105312677,773.1864164555109,478.1342940757568,587.553340840186,72.66796101833471,660.2213018585207,1762.660022520558,218.0038830550041,7743.0,-0.1785258490363704,46.72076752172398
12,12,2025,1SB,1,SB,MD,5,OP,MD,3.0,65,12000,1,6,70,1800,1,6,0.2,0.01,5561.0,687.0,0.0,0.0,0.0,1.0,1.0,1.0,1.25,0.625,0.13729977116704806,0.13729977116704806,30,3.823,0.708,5561.0,687.0,0.0,0.0,0.0,6248.0,7622.0,1.0,1.2,0.4885897435897436,7622.0,0.0,1.0,0.0,5282.95,652.65,0.0,0.0,0.0,5935.599999999999,0.20002291342776252,1.0001145671388125,,0.10680820462027646,0.10681672434936426,110.35633529602067,551.7816764801033,62.82889342937668,69.56229845082142,0.6770270892151831,2.5876085754592326,2.8649239255236996,-0.27731535006446695,0.13109962412131432,564.2624045986895,4996.7375954013105,69.71393514661258,617.2860648533874,633.9763397453021,5614.0236602546975,28070.118301273487,773.4042100385273,0.4296690055769596,3867.0210501926363,11601.06315057791,6848.595789961473,34242.978949807366,102728.9368494221,7622.0,38110.0,114330.0,0.6351666666666667,0.6000687402832876,3.000343701416438,0.2880033855074723,547.7619965348474,338.5962303167544,209.1657662180931,2738.8099826742373,1692.9811515837719,1045.8288310904654,2821.3120229934475,348.5696757330629,3169.8816987265104,8463.936068980343,1045.7090271991888,31240.0,-0.09679675875294823,43.2769942337336
13,13,2025,1SB,1,SB,PM-Shoulder,1,OP,PM,3.0,65,12000,1,6,70,1800,1,6,0.2,0.01,6430.0,795.0,0.0,0.0,0.0,1.0,1.0,1.0,1.25,0.625,0.13729977116704806,0.13729977116704806,30,4.005,0.592,6430.0,795.0,0.0,0.0,0.0,7225.0,8815.0,1.0,1.2,0.5650641025641026,8815.0,0.0,1.0,0.0,6108.5,755.25,0.0,0.0,0.0,6863.75,0.32467199685644577,1.6233599842822288,,0.09703235505478341,0.09706572108672913,118.39424539298383,591.9712269649192,59.74558927544561,69.41221532337816,1.0338770182265038,2.593203504043411,3.0127747032528953,-0.4195711992094844,0.33365518961031204,592.7221408521444,5837.277859147855,73.30888585075218,721.6911141492478,666.0310267028966,6558.968973297104,6558.968973297104,812.648798404401,0.45147155466911165,812.648798404401,2437.946395213203,8002.3512015955985,8002.3512015955985,24007.053604786794,8815.0,8815.0,26444.999999999996,0.7345833333333334,0.9740159905693373,4.8700799528466865,0.46761634270357855,934.340978501754,577.3208431544797,357.0201353472743,934.340978501754,577.3208431544797,357.0201353472743,592.7221408521444,73.30888585075218,666.0310267028966,1778.1664225564332,219.92665755225653,7225.0,-0.13926404744320012,46.42911584038582
14,14,2025,1SB,1,SB,PM-Peak,3,Peak,PM,3.0,65,12000,1,6,70,1800,1,6,0.2,0.01,6004.0,742.0,0.0,0.0,0.0,1.0,1.0,1.0,1.25,0.625,0.13729977116704806,0.13729977116704806,30,4.005,0.592,6004.0,742.0,0.0,0.0,0.0,6746.0,8230.0,1.0,1.2,0.5275641025641026,8230.0,0.0,1.0,0.0,5703.8,704.9,0.0,0.0,0.0,6408.7,0.25364347743956545,1.2682173871978273,,0.1024075717640614,0.10243109972496553,116.2550142535716,581.275071267858,61.534919383615176,69.46172340397366,1.3069505934221928,2.5913552267219275,2.925168372739079,-0.3338131460171514,0.2136345168063838,584.1123078278534,5419.887692172147,72.2036821961282,669.7963178038718,656.3159900239816,6089.684009976018,18269.052029928054,800.7233544162381,0.44484630800902114,2402.170063248714,7206.510189746143,7429.276645583763,22287.82993675129,66863.48981025387,8230.0,24690.000000000004,74070.00000000001,0.6858333333333333,0.7609304323186963,3.8046521615934816,0.36526040169276247,719.1787264606278,444.4688309181199,274.7098955425079,2157.5361793818834,1333.4064927543598,824.1296866275238,1752.3369234835604,216.6110465883846,1968.947970071945,5257.010770450681,649.8331397651538,20238.0,-0.11411758349642429,45.590201668067294
15,15,2025,1SB,1,SB,PM-Late,3,OP,PM,3.0,65,12000,1,6,70,1800,1,6,0.2,0.01,3804.0,470.0,0.0,0.0,0.0,1.0,1.0,1.0,1.25,0.625,0.13729977116704806,0.13729977116704806,30,4.005,0.592,3804.0,470.0,0.0,0.0,0.0,4274.0,5214.0,1.0,1.2,0.3342307692307692,5214.0,0.0,1.0,0.0,3613.7999999999997,446.5,0.0,0.0,0.0,4060.2999999999997,0.20000008010035522,1.0000004005017762,,0.0509404039607985,0.05090430798492769,144.59849975300452,722.9924987650227,64.67681039134136,69.99946947915913,1.3119574260366778,2.5714480600969583,2.783068597707125,-0.21162053761016653,0.018957825012606733,184.0884318335336,3619.911568166466,22.728773515270213,447.27122648472977,206.8172053488038,4067.1827946511958,12201.548383953588,252.27475237934425,0.1401526402107468,756.8242571380327,2270.472771414098,4961.725247620656,14885.175742861968,44655.5272285859,5214.0,15642.0,46926.0,0.4345,0.6000002403010657,3.0000012015053286,0.28791842356641867,178.63945119131967,110.45310333676652,68.18634785455313,535.9183535739589,331.35931001029957,204.5590435636594,552.2652955006008,68.18632054581064,620.4516160464115,1656.7958865018024,204.55896163743193,12822.0,-0.07603856325514702,56.705294020786084
16,16,2025,2NB,2,NB,Night,8,OP,NT,2.2,70,12000,1,6,70,1800,1,6,0.2,0.01,2760.0,341.0,0.0,0.0,0.0,1.0,1.0,1.0,1.25,0.625,0.13729977116704806,0.13729977116704806,30,4.009,0.708,2760.0,341.0,0.0,0.0,0.0,3101.0,3783.0,1.0,1.2,0.2425,3783.0,0.0,1.0,0.0,2622.0,323.95,0.0,0.0,0.0,2945.95,1.2489297922429186,6.244648961214593,,0.010000776504923956,0.010000899495064485,80167.73138827809,400838.6569413904,69.9351737223495,69.99999999556357,1.0288517620172637,1.8857142858337976,1.8874622450221519,-0.0017479591883542422,0.0023947042517768915,26.222035995910613,2733.7779640040894,3.23979139142614,337.76020860857386,29.461827387336754,3071.5381726126634,24572.305380901307,35.94141017018903,0.01996745009454946,287.53128136151224,632.568818995327,3747.058589829811,29976.468718638487,65948.23118100468,3783.0,30264.0,66580.8,0.31525,2.747645542934421,13.738227714672107,1.7982877035778289,116.55785221427644,72.04886033082974,44.508991883446704,932.4628177142115,576.3908826466379,356.07193506757363,209.7762879672849,25.91833113140912,235.69461909869403,461.5078335280268,57.020328489100066,24808.0,-0.0009260896174025073,42870.444592662076
17,17,2025,2NB,2,NB,AM-Early,1,OP,AM,2.2,70,12000,1,6,70,1800,1,6,0.2,0.01,5911.0,731.0,0.0,0.0,0.0,1.0,1.0,1.0,1.25,0.625,0.13729977116704806,0.13729977116704806,30,3.82,0.715,5911.0,731.0,0.0,0.0,0.0,6642.0,8104.0,1.0,1.2,0.5194871794871795,8104.0,0.0,1.0,0.0,5615.45,694.4499999999999,0.0,0.0,0.0,6309.9,0.20000026790140665,1.0000013395070333,,0.04053767221510699,0.04052917330500523,158.8266608804945,794.1333044024727,65.11920442558338,69.99809894605464,1.6753542014643361,1.8857654991706032,2.027051791623873,-0.14128629245326962,0.1936323830961342,227.63727144032254,5683.362728559678,28.14548440166088,702.8545155983392,255.78275584198343,6386.217244158017,6386.217244158017,312.07372464530516,0.17337429146961397,312.07372464530516,686.5621942196714,7791.9262753546955,7791.9262753546955,17142.237805780333,8104.000000000001,8104.000000000001,17828.800000000003,0.6753333333333335,0.44000058938309466,2.2000029469154736,0.2880297271511861,162.08068222531884,100.16053359930142,61.92014862601743,162.08068222531884,100.16053359930142,61.92014862601743,227.63727144032254,28.14548440166088,255.78275584198343,500.80199716870965,61.920065683653945,6642.0,-0.06970038606664562,84.93404325160135
18,18,2025,2NB,2,NB,AM-Peak,2,Peak,AM,2.2,70,12000,1,6,70,1800,1,6,0.2,0.01,7043.0,871.0,0.0,0.0,0.0,1.0,1.0,1.0,1.25,0.625,0.13729977116704806,0.13729977116704806,30,3.82,0.715,7043.0,871.0,0.0,0.0,0.0,7914.0,9656.0,1.0,1.2,0.6189743589743589,9656.0,0.0,1.0,0.0,6690.849999999999,827.4499999999999,0.0,0.0,0.0,7518.299999999999,0.3568564368883675,1.7842821844418375,,0.07721855956313298,0.0772388803199368,126.28406335461219,631.4203167730609,59.73451166678422,69.7408845377916,1.9364568242327584,1.8927204734329268,2.2097778372464623,-0.31705736381353544,0.4439670655990818,516.6577992529882,6526.342200747012,63.911311520731694,807.0886884792683,580.5691107737199,7333.43088922628,14666.86177845256,708.3917338151832,0.39355096323065736,1416.7834676303664,3116.9236287868066,8947.608266184816,17895.21653236963,39369.47637121319,9656.0,19312.0,42486.399999999994,0.8046666666666666,0.7850841611544085,3.9254208057720428,0.5139930291246017,656.4986468980736,405.619854930415,250.87879196765866,1312.9972937961472,811.23970986083,501.7575839353173,1033.3155985059764,127.82262304146339,1161.1382215474398,2273.2943167131484,281.2097706912195,15828.0,-0.14347929392242031,67.53158468161078
19,19,2025,2NB,2,NB,AM-Shoulder,1,OP,AM,2.2,70,12000,1,6,70,1800,1,6,0.2,0.01,6733.0,832.0,0.0,0.0,0.0,1.0,1.0,1.0,1.25,0.625,0.13729977116704806,0.13729977116704806,30,3.82,0.715,6733.0,832.0,0.0,0.0,0.0,7565.0,9229.0,1.0,1.2,0.5916025641025641,9229.0,0.0,1.0,0.0,6396.349999999999,790.4,0.0,0.0,0.0,7186.75,0.2720028105566775,1.3600140527833875,,0.07722360286416675,0.07723836244391584,126.26889008698203,631.3444504349102,61.89183559301239,69.80223980353595,1.1844578693917487,1.8910567966232126,2.1327530317246377,-0.24169623510142513,0.33844308203418216,493.949192180213,6239.050807819787,61.04920167567108,770.950798324329,554.998393855884,7010.0016061441165,7010.0016061441165,677.0967972072262,0.37616488733734793,677.0967972072262,1489.6129538558978,8551.903202792775,8551.903202792775,18814.187046144107,9229.000000000002,9229.000000000002,20303.800000000003,0.7690833333333335,0.5984061832246906,2.992030916123453,0.3916828285304658,478.243349617744,295.58225079948045,182.66109881826358,478.243349617744,295.58225079948045,182.66109881826358,493.949192180213,61.04920167567108,554.998393855884,1086.6882227964686,134.30824368647637,7565.0,-0.11332593671475358,67.52347063474976
20,20,2025,2NB,2,NB,MD,5,OP,MD,2.2,70,12000,1,6,70,1800,1,6,0.2,0.01,7928.0,980.0,0.0,0.0,0.0,1.0,1.0,1.0,1.25,0.625,0.13729977116704806,0.13729977116704806,30,3.823,0.708,7928.0,980.0,0.0,0.0,0.0,8908.0,10868.0,1.0,1.2,0.6966666666666667,10868.0,0.0,1.0,0.0,7531.599999999999,931.0,0.0,0.0,0.0,8462.6,0.7191958418462034,3.595979209231017,,0.07737802267050663,0.07742541148297477,125.36276824040274,626.8138412020138,51.89036606601218,69.46846784941299,1.3910181251223517,1.9001426702851256,2.543824798462138,-0.6436821281770124,0.9016114024645582,582.7803155451877,7345.2196844548125,72.08305809064952,907.9169419093505,654.8633736358372,8253.136626364163,41265.68313182081,799.0294898171362,0.44390527212063124,3995.147449085681,8789.324387988498,10068.970510182864,50344.85255091432,110758.67561201152,10868.0,54340.0,119548.00000000001,0.9056666666666666,1.5822308520616477,7.911154260308239,1.0358532561005678,1492.3531873397064,922.0929952298183,570.2601921098882,7461.765936698532,4610.464976149091,2851.300960549441,2913.9015777259383,360.41529045324756,3274.316868179186,6410.583470997065,792.9136389971447,44540.0,-0.25303713076708295,67.03891349754157
21,21,2025,2NB,2,NB,PM-Shoulder,1,OP,PM,2.2,70,12000,1,6,70,1800,1,6,0.2,0.01,7153.0,884.0,0.0,0.0,0.0,1.0,1.0,1.0,1.25,0.625,0.13729977116704806,0.13729977116704806,30,4.005,0.592,7153.0,884.0,0.0,0.0,0.0,8037.0,9805.0,1.0,1.2,0.628525641025641,9805.0,0.0,1.0,0.0,6795.349999999999,839.8,0.0,0.0,0.0,7635.15,0.3805630947723027,1.9028154738615135,,0.08025461859013436,0.08028981184310954,125.96592798836312,629.8296399418157,59.07702770771359,69.64240191176721,1.1947732024739388,1.8953970049343813,2.2343710427186063,-0.33897403778422497,0.4776597570959193,545.3582224364694,6607.641777563531,67.42738398584339,816.5726160141567,612.7856064223129,7424.214393577688,7424.214393577688,747.6403743939995,0.415355763552222,747.6403743939995,1644.808823666799,9057.359625606001,9057.359625606001,19926.191176333203,9805.0,9805.0,21571.0,0.8170833333333334,0.8372388084990661,4.18619404249533,0.5480629423739359,738.8591815004609,456.5950683578783,282.26411314258263,738.8591815004609,456.5950683578783,282.26411314258263,545.3582224364694,67.42738398584339,612.7856064223129,1199.7880893602328,148.34024476885548,8037.0,-0.1517089289573804,67.36145881730648
22,22,2025,2NB,2,NB,PM-Peak,3,Peak,PM,2.2,70,12000,1,6,70,1800,1,6,0.2,0.01,7219.0,892.0,0.0,0.0,0.0,1.0,1.0,1.0,1.25,0.625,0.13729977116704806,0.13729977116704806,30,4.005,0.592,7219.0,892.0,0.0,0.0,0.0,8111.0,9895.0,1.0,1.2,0.6342948717948718,9895.0,0.0,1.0,0.0,6858.049999999999,847.4,0.0,0.0,0.0,7705.45,0.40201813279009274,2.010090663950464,,0.08025357052876345,0.08029106712369977,125.96830585915232,629.8415292957618,58.5620363780717,69.62237075864452,1.883982855523835,1.8959423323517102,2.2540199788787882,-0.3580776465270781,0.5045787996353684,550.3829993647861,6668.617000635214,68.03865028062317,823.9613497193768,618.4216496454093,7492.578350354591,22477.735051063773,754.4989502066555,0.419166083448142,2263.4968506199666,4979.693071363927,9140.501049793344,27421.50314938003,60327.30692863607,9895.0,29684.999999999996,65307.0,0.8245833333333333,0.8844398921382041,4.422199460691021,0.5789380136452198,787.6611631700094,486.7806805928926,300.8804825771168,2362.9834895100284,1460.3420417786779,902.6414477313505,1651.1489980943584,204.1159508418695,1855.264948936228,3632.5277958075885,449.0550918521129,24333.0,-0.1588617891067655,67.36273040596382
23,23,2025,2NB,2,NB,PM-Late,3,OP,PM,2.2,70,12000,1,6,70,1800,1,6,0.2,0.01,7295.0,902.0,0.0,0.0,0.0,1.0,1.0,1.0,1.25,0.625,0.13729977116704806,0.13729977116704806,30,4.005,0.592,7295.0,902.0,0.0,0.0,0.0,8197.0,10001.0,1.0,1.2,0.6410897435897436,10001.0,0.0,1.0,0.0,6930.25,856.9,0.0,0.0,0.0,7787.15,0.4285612624217051,2.1428063121085255,,0.08025420173019843,0.08029468329737545,125.9702831437146,629.851415718573,57.937112193928506,69.59753942723103,1.2186347409333558,1.8966187754096537,2.278332402177147,-0.3817136267674932,0.5378868195541202,556.1816815407077,6738.818318459293,68.80451411752102,833.195485882479,624.9861956582288,7572.013804341772,22716.041413025316,762.5952238932707,0.4236640132740393,2287.7856716798124,5033.128477695587,9238.40477610673,27715.21432832019,60973.471522304426,10001.000000000002,30003.000000000004,66006.6,0.8334166666666668,0.9428347773277513,4.714173886638757,0.617281907039857,848.7438756048928,524.3874318692075,324.3564437356853,2546.2316268146783,1573.1622956076226,973.0693312070558,1668.545044622123,206.41354235256307,1874.958586974686,3670.7990981686708,454.1097931756388,24591.0,-0.1675407971210576,67.36378777738749
24,24,2025,2SB,2,SB,Night,8,OP,NT,2.2,70,12000,1,6,70,1800,1,6,0.2,0.01,2817.0,348.0,0.0,0.0,0.0,1.0,1.0,1.0,1.25,0.625,0.13729977116704806,0.13729977116704806,30,4.009,0.708,2817.0,348.0,0.0,0.0,0.0,3165.0,3861.0,1.0,1.2,0.2475,3861.0,0.0,1.0,0.0,2676.15,330.59999999999997,0.0,0.0,0.0,3006.75,1.248951745243653,6.244758726218265,,0.010000786846948407,0.01000092462129365,70929.43518222682,354647.17591113417,69.92673789011705,69.9999999949856,1.050065082148937,1.8857142858493674,1.8876899449739089,-0.001975659124541451,0.002706653185683636,26.76360572046098,2790.236394279539,3.30630567979968,344.69369432020034,30.06991140026066,3134.9300885997395,25079.440708797916,36.68252275986002,0.020379179311033346,293.46018207888017,645.6124005735364,3824.31747724014,30594.53981792112,67307.98759942647,3861.0,30888.0,67953.6,0.32175,2.7476938395360366,13.738469197680184,1.7982604803613782,118.961773301925,73.53819456188207,45.42357874004295,951.6941864154,588.3055564950565,363.3886299203436,214.10884576368784,26.45044543839744,240.5592912020853,471.0394606801133,58.19097996447437,25320.0,-0.0010466014981971832,37930.17924183253
25,25,2025,2SB,2,SB,AM-Early,1,OP,AM,2.2,70,12000,1,6,70,1800,1,6,0.2,0.01,9535.0,1178.0,0.0,0.0,0.0,1.0,1.0,1.0,1.25,0.625,0.13729977116704806,0.13729977116704806,30,3.82,0.715,9535.0,1178.0,0.0,0.0,0.0,10713.0,13069.0,1.0,1.2,0.8377564102564102,13069.0,0.0,1.0,0.0,9058.25,1119.1,0.0,0.0,0.0,10177.35,1.2499996576935846,6.249998288467923,,0.10944608159987133,0.10976435892418389,109.83884509814497,549.194225490725,37.572106147962415,59.024108722754406,0.7753051709364105,2.236374302914508,3.513244625685125,-1.276870322770617,2.22971656576005,991.3899686520346,8543.610031347966,122.83729407205418,1055.1627059279458,1114.2272627240886,9598.772737275911,9598.772737275911,1359.901850868197,0.7555010282601095,1359.901850868197,2991.7840719100336,11709.098149131803,11709.098149131803,25760.015928089968,13069.0,13069.0,28751.800000000003,1.0890833333333334,2.7499992469258863,13.749996234629432,1.8012214081529285,4415.333998165786,2726.321667202973,1689.0123309628132,4415.333998165786,2726.321667202973,1689.0123309628132,991.3899686520346,122.83729407205418,1114.2272627240886,2181.057931034476,270.2420469585192,10713.0,-0.36344475230545953,58.73735031986362
26,26,2025,2SB,2,SB,AM-Peak,2,Peak,AM,2.2,70,12000,1,6,70,1800,1,6,0.2,0.01,8678.0,1073.0,0.0,0.0,0.0,1.0,1.0,1.0,1.25,0.625,0.13729977116704806,0.13729977116704806,30,3.82,0.715,8678.0,1073.0,0.0,0.0,0.0,9751.0,11897.0,1.0,1.2,0.7626282051282052,11897.0,0.0,1.0,0.0,8244.1,1019.3499999999999,0.0,0.0,0.0,9263.449999999999,1.2493866277106462,6.246933138553231,,0.0772330914328374,0.0773203060698468,126.42242044233612,632.1121022116806,43.721392995267735,69.09962460448851,2.3845809328088543,1.9102853417155274,3.0191169804284885,-1.108831638712961,1.5527616917584584,636.7173290814547,8041.282670918546,78.81645399229834,994.1835460077017,715.533783073753,9035.466216926246,18070.932433852493,873.1666910583498,0.48509260614352767,1746.3333821166996,3841.9334406567395,11023.83330894165,22047.6666178833,48504.86655934327,11897.0,23794.0,52346.8,0.9914166666666666,2.748650580963422,13.74325290481711,1.7998692240098007,2833.307916766257,1750.1134564892188,1083.1944602770382,5666.615833532514,3500.2269129784377,2166.3889205540763,1273.4346581629095,157.63290798459667,1431.067566147506,2801.556247958401,346.7923975661127,19502.0,-0.3672701806193644,67.60557242905675
27,27,2025,2SB,2,SB,AM-Shoulder,1,OP,AM,2.2,70,12000,1,6,70,1800,1,6,0.2,0.01,8461.0,1046.0,0.0,0.0,0.0,1.0,1.0,1.0,1.25,0.625,0.13729977116704806,0.13729977116704806,30,3.82,0.715,8461.0,1046.0,0.0,0.0,0.0,9507.0,11599.0,1.0,1.2,0.743525641025641,11599.0,0.0,1.0,0.0,8037.95,993.6999999999999,0.0,0.0,0.0,9031.65,1.0736652268391575,5.3683261341957875,,0.07716803020316683,0.07724081373833667,126.43225367609287,632.1612683804643,46.1617857944999,69.22943374746417,1.4896138166547046,1.9067034475756501,2.859508091554976,-0.9528046439793258,1.3340975140017455,620.2727683715448,7840.727231628455,76.75419661178515,969.2458033882149,697.0269649833299,8809.97303501667,8809.97303501667,850.5353582069002,0.4725196434482779,850.5353582069002,1871.1777880551806,10748.4646417931,10748.4646417931,23646.62221194482,11599.0,11599.0,25517.800000000003,0.9665833333333333,2.3620634990461467,11.810317495230734,1.5465784199063466,2371.615096699277,1465.123665622731,906.4914310765456,2371.615096699277,1465.123665622731,906.4914310765456,620.2727683715448,76.75419661178515,697.0269649833299,1364.6000904173986,168.85923254592734,9507.0,-0.3332057869649877,67.61083084283041
28,28,2025,2SB,2,SB,MD,5,OP,MD,2.2,70,12000,1,6,70,1800,1,6,0.2,0.01,7027.0,868.0,0.0,0.0,0.0,1.0,1.0,1.0,1.25,0.625,0.13729977116704806,0.13729977116704806,30,3.823,0.708,7027.0,868.0,0.0,0.0,0.0,7895.0,9631.0,1.0,1.2,0.6173717948717948,9631.0,0.0,1.0,0.0,6675.65,824.5999999999999,0.0,0.0,0.0,7500.25,0.34807307662855375,1.7403653831427688,,0.07740298296338018,0.0774233099316543,125.29184943308078,626.4592471654039,59.87984829070676,69.74120519879081,1.232329005741431,1.8927117709501333,2.2044144026411328,-0.31170263169099943,0.43661916018978053,516.7152232194888,6510.2847767805115,63.843261369642136,804.1567386303578,580.558484589131,7314.441515410869,36572.207577054345,708.2450073284152,0.39346944851578625,3541.2250366420762,7790.695080612569,8922.754992671586,44613.77496335793,98150.30491938745,9631.0,48155.00000000001,105941.00000000001,0.8025833333333333,0.7657607685828183,3.8288038429140916,0.5011816505057171,640.1235709472528,395.68024647099827,244.4433244762546,3200.6178547362642,1978.4012323549914,1222.2166223812728,2583.5761160974444,319.2163068482107,2902.792422945655,5683.867455414378,702.2758750660636,39475.0,-0.14139929013235675,67.00098900164747
29,29,2025,2SB,2,SB,PM-Shoulder,1,OP,PM,2.2,70,12000,1,6,70,1800,1,6,0.2,0.01,6866.0,849.0,0.0,0.0,0.0,1.0,1.0,1.0,1.25,0.625,0.13729977116704806,0.13729977116704806,30,4.005,0.592,6866.0,849.0,0.0,0.0,0.0,7715.0,9413.0,1.0,1.2,0.6033974358974359,9413.0,0.0,1.0,0.0,6522.7,806.55,0.0,0.0,0.0,7329.25,0.2979000954647732,1.489500477323866,,0.08025895208046524,0.08028545193419456,125.95679780644306,629.7839890322153,61.149059496283876,69.71969931445413,1.1469667252579596,1.8932956007834367,2.1586595294735784,-0.2653639286901417,0.37393498395023084,523.5050667352506,6342.494933264749,64.75423125752462,784.2457687424753,588.2592979927751,7126.740702007224,7126.740702007224,717.7677605078245,0.3987598669487914,717.7677605078245,1579.089073117214,8695.232239492176,8695.232239492176,19129.510926882787,9413.0,9413.0,20708.600000000002,0.7844166666666667,0.6553802100225011,3.2769010501125053,0.42906872629941245,555.2880689918024,343.094860584792,212.19320840701045,555.2880689918024,343.094860584792,212.19320840701045,523.5050667352506,64.75423125752462,588.2592979927751,1151.7111468175515,142.4593087665542,7715.0,-0.12292995957303868,67.35657636708186
30,30,2025,2SB,2,SB,PM-Peak,3,Peak,PM,2.2,70,12000,1,6,70,1800,1,6,0.2,0.01,7013.0,867.0,0.0,0.0,0.0,1.0,1.0,1.0,1.25,0.625,0.13729977116704806,0.13729977116704806,30,4.005,0.592,7013.0,867.0,0.0,0.0,0.0,7880.0,9614.0,1.0,1.2,0.6162820512820513,9614.0,0.0,1.0,0.0,6662.349999999999,823.65,0.0,0.0,0.0,7486.0,0.33817804191105233,1.6908902095552616,,0.08025691359450034,0.0802876144803652,125.96117197125027,629.8058598562513,60.121554360328815,69.68200788557826,1.8304327595902201,1.8943196960792428,2.195552017981427,-0.3012323219021844,0.424477693205984,534.6996482863193,6478.30035171368,66.12889366675279,800.8711063332472,600.8285419530721,7279.171458046928,21837.514374140785,733.0863292865777,0.4072701829369876,2199.2589878597328,4838.3697732914125,8880.913670713422,26642.741012140265,58614.030226708586,9614.0,28841.999999999996,63452.4,0.8011666666666667,0.7439916922043152,3.7199584610215757,0.48706138025094986,643.8088336632239,397.81209614959084,245.99673751363312,1931.4265009896717,1193.4362884487725,737.9902125408994,1604.098944858958,198.38668100025836,1802.4856258592163,3529.0176786897077,436.4506982005684,23640.0,-0.13720117739644128,67.3589154926472
31,31,2025,2SB,2,SB,PM-Late,3,OP,PM,2.2,70,12000,1,6,70,1800,1,6,0.2,0.01,5774.0,714.0,0.0,0.0,0.0,1.0,1.0,1.0,1.25,0.625,0.13729977116704806,0.13729977116704806,30,4.005,0.592,5774.0,714.0,0.0,0.0,0.0,6488.0,7916.0,1.0,1.2,0.5074358974358975,7916.0,0.0,1.0,0.0,5485.3,678.3,0.0,0.0,0.0,6163.599999999999,1.249999043862619,6.249995219313095,,0.010000051899540554,0.010000053642012608,955.7684513574609,4778.842256787304,64.94609548946181,69.99999962773433,2.1529048387405125,1.8857142957426671,2.0324547458194524,-0.14674045007678527,0.2010344303440786,54.853284684549806,5719.14671531545,6.783036385377152,707.2169636146228,61.63632106992696,6426.363678930073,19279.091036790218,75.20239384068125,0.04177910768926736,225.60718152204376,496.3357993484963,7840.797606159318,23522.392818477954,51749.2642006515,7915.999999999999,23747.999999999996,52245.6,0.6596666666666666,2.749997896497762,13.749989482488811,1.8002453174250874,244.1130964567796,150.84641749850485,93.26667895827475,732.3392893703387,452.5392524955146,279.8000368748243,164.55985405364942,20.349109156131455,184.90896320978086,362.0316789180288,44.7680401434892,19464.0,-0.07219863093070834,511.10612372056727
32,32,2025,3NB,3,NB,Night,8,OP,NT,3.4,70,12000,1,6,70,1800,1,6,0.2,0.01,2870.0,355.0,0.0,0.0,0.0,1.0,1.0,1.0,1.25,0.625,0.13729977116704806,0.13729977116704806,30,4.009,0.708,2870.0,355.0,0.0,0.0,0.0,3225.0,3935.0,1.0,1.2,0.25224358974358974,3935.0,0.0,1.0,0.0,2726.5,337.25,0.0,0.0,0.0,3063.75,1.2493408787673916,6.246704393836958,,0.01000087628565259,0.010001424598712888,63312.96955902024,316564.8477951012,69.91790934971202,69.99999999437995,1.653928397889275,2.914285714519692,2.9177073785150336,-0.003421663995341717,0.004687679994167438,27.26738919283179,2842.7326108071684,3.3729804459159216,351.6270195540841,30.64036963874771,3194.3596303612526,25554.87704289002,37.386330530579556,0.020770183628099754,299.09064424463645,1016.908190431764,3897.6136694694205,31180.909355755364,106015.09180956824,3935.0,31480.0,107032.0,0.3279166666666667,4.2477589878091315,21.238794939045658,1.799465097769869,187.46333754215985,115.82529751794081,71.63804002421904,1499.7067003372788,926.6023801435265,573.1043201937523,218.13911354265431,26.983843567327373,245.12295710998168,741.6729860450247,91.74506812891306,25800.0,-0.0011727234953503706,21907.601923536415
33,33,2025,3NB,3,NB,AM-Early,1,OP,AM,3.4,70,12000,1,6,70,1800,1,6,0.2,0.01,6148.0,760.0,0.0,0.0,0.0,1.0,1.0,1.0,1.25,0.625,0.13729977116704806,0.13729977116704806,30,3.82,0.715,6148.0,760.0,0.0,0.0,0.0,6908.0,8428.0,1.0,1.2,0.5402564102564102,8428.0,0.0,1.0,0.0,5840.599999999999,722.0,0.0,0.0,0.0,6562.599999999999,0.20000117323339775,1.0000058661669888,,0.05833175500392,0.05833131183984843,140.0879793049665,700.4398965248325,64.50113376916384,69.97864772218517,2.1974765754585457,2.9151749375020626,3.162735103697148,-0.24756016619508525,0.3403756634936639,340.6924482758951,5807.307551724105,42.115207148370565,717.8847928516294,382.8076554242657,6525.192344575735,6525.192344575735,467.0380697210068,0.2594655942894482,467.0380697210068,1587.929437051423,7960.961930278993,7960.961930278993,27067.270562948575,8428.0,8428.0,28655.199999999997,0.7023333333333334,0.6800039889935523,3.4000199449677617,0.2880149913615267,374.86476813849697,231.67222384758816,143.19254429090878,374.86476813849697,231.67222384758816,143.19254429090878,340.6924482758951,42.115207148370565,382.8076554242657,1158.3543241380435,143.19170430445993,6908.0,-0.07827407546894914,48.473349240472835
34,34,2025,3NB,3,NB,AM-Peak,2,Peak,AM,3.4,70,12000,1,6,70,1800,1,6,0.2,0.01,7325.0,905.0,0.0,0.0,0.0,1.0,1.0,1.0,1.25,0.625,0.13729977116704806,0.13729977116704806,30,3.82,0.715,7325.0,905.0,0.0,0.0,0.0,8230.0,10040.0,1.0,1.2,0.6435897435897436,10040.0,0.0,1.0,0.0,6958.75,859.75,0.0,0.0,0.0,7818.5,0.45119183746775143,2.255959187338757,,0.07719891118733306,0.07723988116900854,126.34225243427528,631.7112621713765,57.510199833605405,69.67324974863944,3.112448684563367,2.9279529910829756,3.5471968553445197,-0.6192438642615441,0.8670882632505637,537.207923224854,6787.792076775146,66.40698783505509,838.5930121649449,603.6149110599091,7626.385088940091,15252.770177880182,736.4288867300193,0.40912715929445514,1472.8577734600385,5007.716429764131,9303.57111326998,18607.14222653996,63264.283570235864,10040.0,20080.0,68272.0,0.8366666666666667,1.5340522473903548,7.670261236951775,0.6497441946942172,1333.4639665929435,824.1050219389924,509.3589446539511,2666.927933185887,1648.2100438779848,1018.7178893079022,1074.415846449708,132.81397567011018,1207.2298221198182,3653.013877929007,451.5675172783746,16460.0,-0.17457273715399715,43.71704236480113
35,35,2025,3NB,3,NB,AM-Shoulder,1,OP,AM,3.4,70,12000,1,6,70,1800,1,6,0.2,0.01,7003.0,865.0,0.0,0.0,0.0,1.0,1.0,1.0,1.25,0.625,0.13729977116704806,0.13729977116704806,30,3.82,0.715,7003.0,865.0,0.0,0.0,0.0,7868.0,9598.0,1.0,1.2,0.6152564102564102,9598.0,0.0,1.0,0.0,6652.849999999999,821.75,0.0,0.0,0.0,7474.599999999999,0.34427648762380203,1.7213824381190101,,0.07721000316274952,0.0772398983723495,126.31085778900858,631.5542889450429,60.04683302874359,69.75016658989738,1.9040164307514718,2.9247241974264675,3.3973481982363336,-0.4726240008098661,0.6617956030123483,513.6665695412981,6489.3334304587015,63.4718864874782,801.5281135125218,577.1384560287763,7290.861543971223,7290.861543971223,704.0822290037328,0.39115679389096264,704.0822290037328,2393.8795786126916,8893.917770996268,8893.917770996268,30239.32042138731,9598.0,9598.0,32633.2,0.7998333333333333,1.1705400579209269,5.852700289604634,0.49572630292896075,972.7492244899311,601.267296062915,371.4819284270161,972.7492244899311,601.267296062915,371.4819284270161,513.6665695412981,63.4718864874782,577.1384560287763,1746.4663364404137,215.80441405742587,7868.0,-0.13911556108826864,43.70617916574692
36,36,2025,3NB,3,NB,MD,5,OP,MD,3.4,70,12000,1,6,70,1800,1,6,0.2,0.01,8246.0,1019.0,0.0,0.0,0.0,1.0,1.0,1.0,1.25,0.625,0.13729977116704806,0.13729977116704806,30,3.823,0.708,8246.0,1019.0,0.0,0.0,0.0,9265.0,11303.0,1.0,1.2,0.724551282051282,11303.0,0.0,1.0,0.0,7833.7,968.05,0.0,0.0,0.0,8801.75,0.9113427541858,4.556713770929,,0.07733109753267589,0.07742688304298108,125.49332307508784,627.4666153754392,48.55205958790858,69.33043808007108,2.23706373918027,2.9424305636781987,4.201675515549174,-1.2592449518709752,1.7637240277309403,605.7886187417231,7640.211381258277,74.95309412975783,944.0469058702422,680.7417128714809,8584.25828712852,42921.2914356426,830.6479011309966,0.461471056183887,4153.239505654983,14121.014319226942,10472.352098869003,52361.76049434501,178029.98568077304,11303.0,56515.0,192150.99999999997,0.9419166666666666,3.09856536423172,15.4928268211586,1.3127164790355776,3038.3109391412154,1877.0756320788778,1161.2353070623374,15191.554695706076,9385.37816039439,5806.176535311687,3028.9430937086154,374.7654706487891,3403.7085643574046,10298.406518609292,1274.202600205883,46325.0,-0.29970066636770915,43.423295181691294
37,37,2025,3NB,3,NB,PM-Shoulder,1,OP,PM,3.4,70,12000,1,6,70,1800,1,6,0.2,0.01,7439.0,919.0,0.0,0.0,0.0,1.0,1.0,1.0,1.25,0.625,0.13729977116704806,0.13729977116704806,30,4.005,0.592,7439.0,919.0,0.0,0.0,0.0,8358.0,10196.0,1.0,1.2,0.6535897435897436,10196.0,0.0,1.0,0.0,7067.049999999999,873.05,0.0,0.0,0.0,7940.099999999999,0.4813735541953416,2.406867770976708,,0.08023644217674775,0.08030780684751818,126.00400248147405,630.0200124073702,56.73544860641907,69.54873526740091,1.9203831277596783,2.9331949634405428,3.5956356213057132,-0.6624406578651705,0.933449372617399,567.0349486851851,6871.965051314815,70.11273076822575,848.8872692317742,637.1476794534109,7720.85232054659,7720.85232054659,777.3731409898623,0.4318739672165902,777.3731409898623,2643.068679365532,9418.626859010139,9418.626859010139,32023.331320634472,10196.000000000002,10196.000000000002,34666.4,0.8496666666666668,1.6366700842641615,8.183350421320807,0.6932579602294048,1501.8061821174188,928.0491372453064,573.7570448721125,1501.8061821174188,928.0491372453064,573.7570448721125,567.0349486851851,70.11273076822575,637.1476794534109,1927.9188255296292,238.38328461196753,8358.0,-0.18423464656427363,43.600000858641536
38,38,2025,3NB,3,NB,PM-Peak,3,Peak,PM,3.4,70,12000,1,6,70,1800,1,6,0.2,0.01,7508.0,928.0,0.0,0.0,0.0,1.0,1.0,1.0,1.25,0.625,0.13729977116704806,0.13729977116704806,30,4.005,0.592,7508.0,928.0,0.0,0.0,0.0,8436.0,10292.0,1.0,1.2,0.6597435897435897,10292.0,0.0,1.0,0.0,7132.599999999999,881.5999999999999,0.0,0.0,0.0,8014.2,0.5092427915256288,2.5462139576281437,,0.08023373959635229,0.0803100412720829,126.00921049553698,630.0460524776848,56.120266000377796,69.52286053358358,3.0289228504621297,2.9342866279424182,3.6350504824518595,-0.7007638545094412,0.987447732387619,572.2751710449422,6935.724828955058,70.80133238546827,857.1986676145317,643.0765034304105,7792.92349656959,23378.770489708768,784.679168201347,0.4359328712229706,2354.037504604041,8003.727515653739,9507.320831798654,28521.96249539596,96974.67248434626,10292.0,30876.0,104978.4,0.8576666666666667,1.7314254911871378,8.657127455935688,0.733508911997321,1603.7879776317584,990.8518191206924,612.936158511066,4811.363932895275,2972.5554573620775,1838.808475533198,1716.8255131348267,212.4039971564048,1929.2295102912315,5837.206744658411,722.1735903317764,25308.0,-0.19277967607117594,43.60180293963217
39,39,2025,3NB,3,NB,PM-Late,3,OP,PM,3.4,70,12000,1,6,70,1800,1,6,0.2,0.01,7587.0,938.0,0.0,0.0,0.0,1.0,1.0,1.0,1.25,0.625,0.13729977116704806,0.13729977116704806,30,4.005,0.592,7587.0,938.0,0.0,0.0,0.0,8525.0,10401.0,1.0,1.2,0.6667307692307692,10401.0,0.0,1.0,0.0,7207.65,891.0999999999999,0.0,0.0,0.0,8098.75,0.5425086265716202,2.712543132858101,,0.08023011002234175,0.08031229110840146,126.01569546931141,630.078477346557,55.40330691120411,69.49202944698803,1.9591107953231566,2.935588464222668,3.6820906796584274,-0.7465022154357595,1.0518928025606173,578.2705525025315,7008.729447497469,71.56628260669653,866.4337173933035,649.836835109228,7875.163164890772,23625.489494672318,792.9694003226211,0.4405385557347895,2378.908200967863,8088.2878832907345,9608.030599677379,28824.091799032136,98001.91211670925,10401.0,31203.0,106090.19999999998,0.86675,1.8445293303435089,9.222646651717543,0.7814936984428963,1726.6675316233864,1066.6369949648652,660.0305366585212,5180.002594870159,3199.9109848945955,1980.0916099755636,1734.8116575075944,214.6988478200896,1949.510505327684,5898.3596355258205,729.9760825883046,25575.0,-0.20273868309647644,43.60404687519425
40,40,2025,3SB,3,SB,Night,8,OP,NT,3.4,70,12000,1,6,70,1800,1,6,0.2,0.01,2929.0,362.0,0.0,0.0,0.0,1.0,1.0,1.0,1.25,0.625,0.13729977116704806,0.13729977116704806,30,4.009,0.708,2929.0,362.0,0.0,0.0,0.0,3291.0,4015.0,1.0,1.2,0.25737179487179485,4015.0,0.0,1.0,0.0,2782.5499999999997,343.9,0.0,0.0,0.0,3126.45,1.2493544707141333,6.246772353570666,,0.010000880205942732,0.010001460027477928,56111.58826650763,280557.94133253815,69.90738673895504,69.99999999365856,1.687553207900343,2.914285714549725,2.9181465581279338,-0.003860843578208595,0.005289356063840589,27.827949217045944,2901.172050782954,3.439502103449659,358.5604978965503,31.267451320495603,3259.7325486795044,26077.860389436035,38.14645552739492,0.021192475292997177,305.17164421915936,1037.5835903451418,3976.853544472605,31814.82835578084,108170.41640965485,4015.0,32120.0,109207.99999999999,0.33458333333333334,4.247805200428053,21.239026002140264,1.7990836169664521,191.259382010999,118.20770740141553,73.05167460958344,1530.075056087992,945.6616592113243,584.4133968766675,222.62359373636755,27.516016827597273,250.13961056396482,756.9202187036497,93.55445721383073,26328.0,-0.001323046495884506,19415.77448668084
41,41,2025,3SB,3,SB,AM-Early,1,OP,AM,3.4,70,12000,1,6,70,1800,1,6,0.2,0.01,9916.0,1226.0,0.0,0.0,0.0,1.0,1.0,1.0,1.25,0.625,0.13729977116704806,0.13729977116704806,30,3.82,0.715,9916.0,1226.0,0.0,0.0,0.0,11142.0,13594.0,1.0,1.2,0.8714102564102564,13594.0,0.0,1.0,0.0,9420.199999999999,1164.7,0.0,0.0,0.0,10584.9,1.2499998307472526,6.249999153736264,,0.1166947813066764,0.11727791783589037,106.8618073344159,534.3090366720795,34.25958130788165,51.95839410387126,0.9177603549685764,3.9262183429337476,5.954538619917938,-2.02832027698419,4.165146480716147,1099.288178865153,8816.711821134846,136.59359090346152,1089.4064090965385,1235.8817697686145,9906.118230231385,9906.118230231385,1509.0689515755375,0.8383716397641875,1509.0689515755375,5130.834435356827,12084.931048424462,12084.931048424462,41088.76556464317,13594.0,13594.0,46219.59999999999,1.1328333333333334,4.2499994245406585,21.249997122703295,1.802615686687755,7574.587541259517,4671.9741275812485,2902.6134136782684,7574.587541259517,4671.9741275812485,2902.6134136782684,1099.288178865153,136.59359090346152,1235.8817697686145,3737.57980814152,464.4182090717691,11142.0,-0.34063433062629855,36.976403921943216
42,42,2025,3SB,3,SB,AM-Peak,2,Peak,AM,3.4,70,12000,1,6,70,1800,1,6,0.2,0.01,9025.0,1116.0,0.0,0.0,0.0,1.0,1.0,1.0,1.25,0.625,0.13729977116704806,0.13729977116704806,30,3.82,0.715,9025.0,1116.0,0.0,0.0,0.0,10141.0,12373.0,1.0,1.2,0.7931410256410256,12373.0,0.0,1.0,0.0,8573.75,1060.2,0.0,0.0,0.0,9633.949999999999,1.2499994789099997,6.2499973945499985,,0.09359516171253893,0.09389794479982953,117.21919037741026,586.0959518870512,41.4962866194295,66.51443660465911,2.784551270880299,3.0670033516559996,4.91610253878675,-1.8490991871307503,2.742489049566419,802.4615177328807,8222.538482267119,99.55060107677927,1016.4493989232208,902.0121188096599,9238.98788119034,18477.97576238068,1101.1133209632185,0.6117296227573435,2202.226641926437,7487.570582549885,11271.886679036781,22543.773358073562,76648.8294174501,12373.0,24746.0,84136.4,1.0310833333333334,4.249998228293999,21.249991141469994,1.8018244350330557,5525.909419648429,3410.460028638857,2115.449391009573,11051.818839296859,6820.920057277714,4230.898782019146,1604.9230354657614,199.10120215355855,1804.0242376193198,5456.738320583589,676.944087322099,20282.0,-0.37613112674966526,40.56027348699317
43,43,2025,3SB,3,SB,AM-Shoulder,1,OP,AM,3.4,70,12000,1,6,70,1800,1,6,0.2,0.01,8799.0,1088.0,0.0,0.0,0.0,1.0,1.0,1.0,1.25,0.625,0.13729977116704806,0.13729977116704806,30,3.82,0.715,8799.0,1088.0,0.0,0.0,0.0,9887.0,12063.0,1.0,1.2,0.7732692307692308,12063.0,0.0,1.0,0.0,8359.05,1033.6,0.0,0.0,0.0,9392.65,1.2499982806758343,6.2499914033791715,,0.08344542111145883,0.08363855523152663,122.74936467003886,613.7468233501943,42.9849697194438,68.45513328290724,2.1429020991392878,2.980054091150785,4.745844915827003,-1.7657908246762175,2.5092361061115653,697.5244473417399,8101.47555265826,86.44881068730592,1001.5511893126941,783.9732580290458,9103.026741970954,9103.026741970954,956.8708794036577,0.5315949330020321,956.8708794036577,3253.360989972436,11106.129120596343,11106.129120596343,37760.839010027565,12063.0,12063.0,41014.2,1.00525,4.249994154297837,21.24997077148918,1.8013480295041266,4801.509524017476,2964.474823682224,1837.0347003352524,4801.509524017476,2964.474823682224,1837.0347003352524,697.5244473417399,86.44881068730592,783.9732580290458,2371.5831209619155,293.9259563368401,9887.0,-0.37207090749793575,42.473828605549784
44,44,2025,3SB,3,SB,MD,5,OP,MD,3.4,70,12000,1,6,70,1800,1,6,0.2,0.01,7308.0,903.0,0.0,0.0,0.0,1.0,1.0,1.0,1.25,0.625,0.13729977116704806,0.13729977116704806,30,3.823,0.708,7308.0,903.0,0.0,0.0,0.0,8211.0,10017.0,1.0,1.2,0.6421153846153846,10017.0,0.0,1.0,0.0,6942.599999999999,857.8499999999999,0.0,0.0,0.0,7800.45,0.44086359828720745,2.2043179914360373,,0.0773840987566133,0.07742543162327647,125.34668263865468,626.7334131932735,57.66236768057229,69.67304784764184,1.9812757345736636,2.9279614758076726,3.537835996088174,-0.6098745202805014,0.8542638860693699,537.2468440276634,6770.753155972337,66.41940651802771,836.5805934819723,603.6662505456911,7607.333749454308,38036.66874727154,736.5050635817465,0.40916947976763696,3682.5253179087326,12520.58608088969,9280.494936418254,46402.47468209127,157768.41391911032,10017.0,50085.0,170289.0,0.83475,1.4989362341765053,7.494681170882527,0.6348906688890096,1303.0910366218927,805.2987612100382,497.79227541185446,6515.455183109463,4026.493806050191,2488.9613770592723,2686.234220138317,332.09703259013855,3018.3312527284556,9133.196348470277,1129.1299108064711,41055.0,-0.17238631778150448,43.372554546247294
45,45,2025,3SB,3,SB,PM-Shoulder,1,OP,PM,3.4,70,12000,1,6,70,1800,1,6,0.2,0.01,7141.0,883.0,0.0,0.0,0.0,1.0,1.0,1.0,1.25,0.625,0.13729977116704806,0.13729977116704806,30,4.005,0.592,7141.0,883.0,0.0,0.0,0.0,8024.0,9790.0,1.0,1.2,0.6275641025641026,9790.0,0.0,1.0,0.0,6783.95,838.8499999999999,0.0,0.0,0.0,7622.799999999999,0.37715250888841745,1.8857625444420871,,0.0802458681134311,0.08029972910748226,125.98511764055797,629.9255882027899,59.16123305281822,69.64575260247513,1.843762347138167,2.9291089890921804,3.448203992264191,-0.5190950031720107,0.7314680408305138,544.3839569881109,6596.616043011889,67.35942776181149,815.6405722381885,611.7433847499224,7412.256615250078,7412.256615250078,746.4622402735454,0.4147012445964141,746.4622402735454,2537.971616930054,9043.537759726454,9043.537759726454,30748.028383069945,9790.0,9790.0,33286.0,0.8158333333333333,1.2823185302206193,6.4115926511030965,0.5432664567362763,1129.9548476208197,698.0736356006792,431.8812120201404,1129.9548476208197,698.0736356006792,431.8812120201404,544.3839569881109,67.35942776181149,611.7433847499224,1850.9054537595769,229.02205439015904,8024.0,-0.15054068852555264,43.593466311611756
46,46,2025,3SB,3,SB,PM-Peak,3,Peak,PM,3.4,70,12000,1,6,70,1800,1,6,0.2,0.01,7293.0,901.0,0.0,0.0,0.0,1.0,1.0,1.0,1.25,0.625,0.13729977116704806,0.13729977116704806,30,4.005,0.592,7293.0,901.0,0.0,0.0,0.0,8194.0,9996.0,1.0,1.2,0.6407692307692308,9996.0,0.0,1.0,0.0,6928.349999999999,855.9499999999999,0.0,0.0,0.0,7784.299999999999,0.427383132725209,2.136915663626045,,0.08024144252441262,0.08030358882143349,125.99409914267277,629.9704957133638,57.966614899674596,69.59894423077328,2.94161094128013,2.9310789445826257,3.519267087668857,-0.5881881430862315,0.8288244815349064,555.9407983140142,6737.0592016859855,68.73585685170599,832.264143148294,624.6766551657201,7569.32334483428,22707.97003450284,762.1483688691321,0.4234157604828512,2286.445106607396,7773.913362465147,9233.851631130867,27701.5548933926,94185.28663753484,9995.999999999998,29987.999999999996,101959.19999999998,0.8329999999999999,1.4531026512657106,7.2655132563285525,0.6154903436408489,1307.2403271180413,807.8390479768697,499.40127914117164,3921.720981354124,2423.517143930609,1498.2038374235149,1667.8223949420426,206.20757055511797,1874.0299654971604,5670.596142802945,701.1057398874011,24582.0,-0.1671337038178151,43.596574097810645
47,47,2025,3SB,3,SB,PM-Late,3,OP,PM,3.4,70,12000,1,6,70,1800,1,6,0.2,0.01,6005.0,742.0,0.0,0.0,0.0,1.0,1.0,1.0,1.25,0.625,0.13729977116704806,0.13729977116704806,30,4.005,0.592,6005.0,742.0,0.0,0.0,0.0,6747.0,8231.0,1.0,1.2,0.5276282051282051,8231.0,0.0,1.0,0.0,5704.75,704.9,0.0,0.0,0.0,6409.65,0.20000002831755295,1.0000001415877648,,0.045636148132485066,0.045633344906719456,149.19033872038025,745.9516936019013,64.82534319375407,69.99575082627508,2.491156734591856,2.9144626294003873,3.1469173929441756,-0.23245476354378836,0.3187053997620923,260.3428160587942,5744.657183941205,32.166944824746544,709.8330551752534,292.50976088354076,6454.490239116459,19363.470717349377,356.84365053303384,0.19824647251835215,1070.5309515991016,3639.8052354369456,7874.156349466966,23622.469048400897,80316.39476456305,8231.0,24693.0,83956.2,0.6859166666666666,0.68000009627968,3.4000004813984,0.2879750737506501,286.4007678749571,177.0331399857031,109.36762788925402,859.2023036248713,531.0994199571093,328.10288366776206,781.0284481763827,96.50083447423964,877.5292826506222,2655.496723799701,328.1028372124148,20241.0,-0.07386745011641682,51.622954574526034
48,48,2025,4NB,4,NB,Night,8,OP,NT,4.4,70,12000,1,6,70,1800,1,6,0.2,0.01,2650.0,327.0,0.0,0.0,0.0,1.0,1.0,1.0,1.25,0.625,0.13729977116704806,0.13729977116704806,30,4.009,0.708,2650.0,327.0,0.0,0.0,0.0,2977.0,3631.0,1.0,1.2,0.23275641025641025,3631.0,0.0,1.0,0.0,2517.5,310.65,0.0,0.0,0.0,2828.15,1.2494514123880096,6.247257061940048,,0.010000906364616586,0.010001766400254611,102575.1869632822,512875.934816411,69.94930356210523,69.99999999653056,0.0,3.771428571615496,3.7741619509564495,-0.0027333793409534124,0.0037447299531930688,25.177281772922253,2624.8227182270775,3.107048732239095,323.8929512677609,28.28433050516135,2948.7156694948385,23589.725355958708,34.498427969639536,0.01916579331646641,275.9874237571163,1214.3446645313118,3596.50157203036,28772.01257624288,126596.85533546869,3630.9999999999995,29047.999999999996,127811.2,0.3025833333333333,5.497586214507242,27.487931072536213,1.7984630181102808,223.82061858438112,138.41427719358185,85.40634139079927,1790.564948675049,1107.3142175486548,683.2507311263942,201.41825418337802,24.85638985791276,226.2746440412908,886.2403184068634,109.36811537481616,23816.0,-0.0007242347775406719,27426.5205784177
49,49,2025,4NB,4,NB,AM-Early,1,OP,AM,4.4,70,12000,1,6,70,1800,1,6,0.2,0.01,5675.0,701.0,0.0,0.0,0.0,1.0,1.0,1.0,1.25,0.625,0.13729977116704806,0.13729977116704806,30,3.82,0.715,5675.0,701.0,0.0,0.0,0.0,6376.0,7778.0,1.0,1.2,0.4985897435897436,7778.0,0.0,1.0,0.0,5391.25,665.9499999999999,0.0,0.0,0.0,6057.2,0.20000002765421826,1.0000001382710912,,0.025044617789614473,0.02501074433508948,185.42080928014454,927.1040464007227,65.77837490964122,69.99991752066948,3.731051620609534,3.7714330152181454,4.013477079095567,-0.24204406387742194,0.33160645550378476,135.02179565825904,5539.978204341741,16.655905189952836,684.3440948100472,151.67770084821188,6224.322299151788,6224.322299151788,184.98951122811755,0.10277195068228753,184.98951122811755,813.9538494037173,7593.010488771883,7593.010488771883,33409.246150596286,7778.0,7778.0,34223.200000000004,0.6481666666666667,0.8800001216785605,4.400000608392802,0.28784897262023434,192.105189577651,118.81919660852567,73.28599296912532,192.105189577651,118.81919660852567,73.28599296912532,135.02179565825904,16.655905189952836,151.67770084821188,594.0959008963398,73.28598283579248,6376.0,-0.06030782264538715,49.57775649201726
50,50,2025,4NB,4,NB,AM-Peak,2,Peak,AM,4.4,70,12000,1,6,70,1800,1,6,0.2,0.01,6762.0,836.0,0.0,0.0,0.0,1.0,1.0,1.0,1.25,0.625,0.13729977116704806,0.13729977116704806,30,3.82,0.715,6762.0,836.0,0.0,0.0,0.0,7598.0,9270.0,1.0,1.2,0.5942307692307692,9270.0,0.0,1.0,0.0,6423.9,794.1999999999999,0.0,0.0,0.0,7218.099999999999,0.27945132661125205,1.3972566330562604,,0.07720960246804959,0.07724007115799217,126.3120345970937,631.5601729854685,61.69877311922369,69.7970783715076,3.7184778726280405,3.7823932771915203,4.2788533167403395,-0.49646003954881923,0.6951719010771225,495.9867652945037,6266.013234705496,61.344064513677374,774.6559354863226,557.3308298081811,7040.669170191819,14081.338340383638,680.0189588355358,0.3777883104641866,1360.0379176710717,5984.166837752716,8589.981041164465,17179.96208232893,75591.83316224729,9270.0,18540.0,81576.0,0.7725,1.2295858370895092,6.147929185447546,0.40248546928714485,986.9972665675746,609.8583019899603,377.1389645776142,1973.9945331351491,1219.7166039799206,754.2779291552284,991.9735305890074,122.68812902735475,1114.6616596163622,4364.683534591632,539.827767720361,15196.0,-0.11602642175334628,33.773271282645375
51,51,2025,4NB,4,NB,AM-Shoulder,1,OP,AM,4.4,70,12000,1,6,70,1800,1,6,0.2,0.01,6463.0,799.0,0.0,0.0,0.0,1.0,1.0,1.0,1.25,0.625,0.13729977116704806,0.13729977116704806,30,3.82,0.715,6463.0,799.0,0.0,0.0,0.0,7262.0,8860.0,1.0,1.2,0.5679487179487179,8860.0,0.0,1.0,0.0,6139.849999999999,759.05,0.0,0.0,0.0,6898.9,0.21297579750184711,1.0648789875092355,,0.07721764675027297,0.07723985951676106,126.28887033764777,631.4443516882388,63.488660717790964,69.84513714334054,2.27434927701229,3.779790702654113,4.158222854526544,-0.3784321518724312,0.5299081678442229,474.10476839966344,5988.895231600337,58.628915366197475,740.3710846338025,532.7336837658609,6729.26631623414,6729.26631623414,649.9915144982558,0.36110639694347546,649.9915144982558,2859.9626637923257,8210.008485501745,8210.008485501745,36124.03733620768,8860.0,8860.0,38984.00000000001,0.7383333333333333,0.9370935090081274,4.685467545040637,0.3067302597203248,718.9843812063787,444.2805010571262,274.70388014925254,718.9843812063787,444.2805010571262,274.70388014925254,474.10476839966344,58.628915366197475,532.7336837658609,2086.0609809585194,257.9672276112689,7262.0,-0.09100814581413759,33.76707763038711
52,52,2025,4NB,4,NB,MD,5,OP,MD,4.4,70,12000,1,6,70,1800,1,6,0.2,0.01,7611.0,941.0,0.0,0.0,0.0,1.0,1.0,1.0,1.25,0.625,0.13729977116704806,0.13729977116704806,30,3.823,0.708,7611.0,941.0,0.0,0.0,0.0,8552.0,10434.0,1.0,1.2,0.6688461538461539,10434.0,0.0,1.0,0.0,7230.45,893.9499999999999,0.0,0.0,0.0,8124.4,0.563549559528789,2.8177477976439453,,0.0773550045938026,0.07742615916222863,125.42626349641655,627.1313174820829,54.974314557096555,69.58361269002657,2.671678577913527,3.793996744262736,4.802242686005816,-1.0082459417430805,1.4122153369708252,559.31149296526,7051.68850703474,69.21511498307427,871.7848850169257,628.5266079483342,7923.4733920516655,39617.366960258325,766.9568379144828,0.42608713217471267,3834.784189572414,16873.050434118624,9667.043162085516,48335.21581042758,212674.94956588137,10433.999999999998,52169.99999999999,229548.0,0.8694999999999998,2.479618061926672,12.39809030963336,0.8117881993456246,2245.014126551643,1386.8788801998314,858.1352463518119,11225.070632758216,6934.394400999157,4290.67623175906,2796.5574648263,346.07557491537136,3142.6330397416714,12304.85284523572,1522.7325296276342,42760.0,-0.20995314224356118,33.536434089950944
53,53,2025,4NB,4,NB,PM-Shoulder,1,OP,PM,4.4,70,12000,1,6,70,1800,1,6,0.2,0.01,6867.0,849.0,0.0,0.0,0.0,1.0,1.0,1.0,1.25,0.625,0.13729977116704806,0.13729977116704806,30,4.005,0.592,6867.0,849.0,0.0,0.0,0.0,7716.0,9414.0,1.0,1.2,0.6034615384615385,9414.0,0.0,1.0,0.0,6523.65,806.55,0.0,0.0,0.0,7330.2,0.29816665649418966,1.4908332824709483,,0.080246875446389,0.08029984634905642,125.98392224472747,629.9196112236374,61.143895572260114,69.71962394620327,2.2943748762176814,3.7865952949445973,4.317683679280848,-0.5310883843362508,0.748369497757619,523.5025290058356,6343.497470994164,64.76584107283145,784.2341589271686,588.2683700786671,7127.731629921333,7127.731629921333,717.80005222433,0.39877780679129443,717.80005222433,3158.320229787052,8696.199947775669,8696.199947775669,38263.27977021295,9413.999999999998,9413.999999999998,41421.6,0.7844999999999999,1.3119332885744346,6.559666442872173,0.4294741703429307,1111.642708785504,686.8003944556593,424.8423143298447,1111.642708785504,686.8003944556593,424.8423143298447,523.5025290058356,64.76584107283145,588.2683700786671,2303.411127625677,284.9697007204584,7716.0,-0.12300307845263661,33.68554070714638
54,54,2025,4NB,4,NB,PM-Peak,3,Peak,PM,4.4,70,12000,1,6,70,1800,1,6,0.2,0.01,6930.0,857.0,0.0,0.0,0.0,1.0,1.0,1.0,1.25,0.625,0.13729977116704806,0.13729977116704806,30,4.005,0.592,6930.0,857.0,0.0,0.0,0.0,7787.0,9501.0,1.0,1.2,0.6090384615384615,9501.0,0.0,1.0,0.0,6583.5,814.15,0.0,0.0,0.0,7397.65,0.3150985636323115,1.5754928181615573,,0.080244932863587,0.08030145977413154,125.98769400324912,629.9384700162457,60.708005319851786,69.70380252314925,3.618153376917045,3.787454779275826,4.348685129894571,-0.5612303506187453,0.7908414850984207,528.292515507425,6401.707484492575,65.3774334751092,791.6225665248908,593.6699489825343,7193.330051017465,21579.990153052393,724.4248159327526,0.40245823107375145,2173.274447798258,9562.407570312334,8776.575184067247,26329.725552201744,115850.79242968769,9501.0,28503.0,125413.20000000003,0.79175,1.3864336799821706,6.932168399910853,0.45389848380532977,1185.6499147854233,732.4425363819972,453.207378403426,3556.94974435627,2197.3276091459916,1359.622135210278,1584.8775465222752,196.1323004253276,1781.009846947603,6973.461204698012,862.9821218714416,23361.0,-0.1290574814811556,33.686549198729715
55,55,2025,4NB,4,NB,PM-Late,3,OP,PM,4.4,70,12000,1,6,70,1800,1,6,0.2,0.01,7003.0,866.0,0.0,0.0,0.0,1.0,1.0,1.0,1.25,0.625,0.13729977116704806,0.13729977116704806,30,4.005,0.592,7003.0,866.0,0.0,0.0,0.0,7869.0,9601.0,1.0,1.2,0.6154487179487179,9601.0,0.0,1.0,0.0,6652.849999999999,822.6999999999999,0.0,0.0,0.0,7475.549999999999,0.33554413799549493,1.6777206899774746,,0.08024256902901798,0.08030338175142648,125.99230271225237,629.9615135612619,60.189913330557154,69.68471289864519,2.3400399356098545,3.788492325195943,4.386116965315063,-0.5976246401191201,0.8421230996244934,533.8417753647022,6469.158224635297,66.06559216689857,799.9344078331014,599.9073675316008,7269.092632468399,21807.277897405198,732.038551865398,0.4066880843696655,2196.115655596194,9662.908884623253,8868.961448134602,26606.884344403807,117070.29111537676,9601.0,28803.0,126733.20000000001,0.8000833333333334,1.4763942071801779,7.3819710359008885,0.48335310567673406,1275.8551925449142,788.1609046992282,487.69428784568584,3827.5655776347426,2364.482714097685,1463.0828635370576,1601.5253260941067,198.1967765006957,1799.7221025948024,7046.71143481407,872.0658166030612,23607.0,-0.1362536942915729,33.68778147386427
56,56,2025,4SB,4,SB,Night,8,OP,NT,4.4,70,12000,1,6,70,1800,1,6,0.2,0.01,2704.0,334.0,0.0,0.0,0.0,1.0,1.0,1.0,1.25,0.625,0.13729977116704806,0.13729977116704806,30,4.009,0.708,2704.0,334.0,0.0,0.0,0.0,3038.0,3706.0,1.0,1.2,0.23756410256410257,3706.0,0.0,1.0,0.0,2568.7999999999997,317.3,0.0,0.0,0.0,2886.1,1.2494629422780354,6.247314711390177,,0.010000909352709487,0.010001810162510696,90734.27301167148,453671.36505835736,69.94269251381465,69.99999999607772,2.015815147789328,3.7714285716398943,3.77451868825119,-0.003090116611295546,0.004233460046987695,25.69033594524013,2678.3096640547597,3.1735743645646437,330.8264256354354,28.863910309804773,3009.136089690195,24073.08871752156,35.21105903893406,0.01956169946607448,281.6884723114725,1239.429278170479,3670.7889409610657,29366.311527688526,129211.77072182953,3705.9999999999995,29647.999999999996,130451.20000000001,0.3088333333333333,5.4976369460233565,27.48818473011678,1.7989745670754735,228.47193843621992,141.236140048304,87.2357983879159,1827.7755074897593,1129.889120386432,697.8863871033273,205.52268756192103,25.38859491651715,230.91128247843818,904.2998252724526,111.70981763267547,24304.0,-0.000818678318089679,24260.50080525975
57,57,2025,4SB,4,SB,AM-Early,1,OP,AM,4.4,70,12000,1,6,70,1800,1,6,0.2,0.01,9153.0,1131.0,0.0,0.0,0.0,1.0,1.0,1.0,1.25,0.625,0.13729977116704806,0.13729977116704806,30,3.82,0.715,9153.0,1131.0,0.0,0.0,0.0,10284.0,12546.0,1.0,1.2,0.8042307692307692,12546.0,0.0,1.0,0.0,8695.35,1074.45,0.0,0.0,0.0,9769.8,1.2499997076360374,6.249998538180187,,0.09836486001681201,0.09882861077010474,114.87510622876626,574.3755311438313,40.59447444113146,64.9995524920594,2.0804862172005354,4.061566424357326,6.503348143670208,-2.441781719312882,3.7427298139710437,855.3168855471863,8297.683114452813,106.18640084193905,1024.813599158061,961.5032863891254,9322.496713610873,9322.496713610873,1173.8760880730033,0.6521533822627796,1173.8760880730033,5165.054787521215,11372.123911926996,11372.123911926996,50037.34521247879,12546.0,12546.0,55202.4,1.0455,5.499998713598565,27.499993567992828,1.802189063143364,7624.367110390287,4704.241770228656,2920.125340161632,7624.367110390287,4704.241770228656,2920.125340161632,855.3168855471863,106.18640084193905,961.5032863891254,3763.39429640762,467.22016370453184,10284.0,-0.3754653242252607,30.715269045124668
58,58,2025,4SB,4,SB,AM-Peak,2,Peak,AM,4.4,70,12000,1,6,70,1800,1,6,0.2,0.01,8331.0,1030.0,0.0,0.0,0.0,1.0,1.0,1.0,1.25,0.625,0.13729977116704806,0.13729977116704806,30,3.82,0.715,8331.0,1030.0,0.0,0.0,0.0,9361.0,11421.0,1.0,1.2,0.7321153846153846,11421.0,0.0,1.0,0.0,7914.45,978.5,0.0,0.0,0.0,8892.949999999999,0.9801929593388066,4.900964796694033,,0.07710606252426536,0.0772359094949814,126.60110792857428,633.0055396428714,47.59383233026103,69.29954556575346,4.587153986568736,3.8095487906123275,5.546937220101605,-1.7373884294892776,2.4324468486820567,610.2520765451719,7720.747923454828,75.57533744083929,954.4246625591607,685.8274139860112,8675.172586013989,17350.345172027977,836.9780888676898,0.46498782714871656,1673.9561777353797,7365.407182035671,10584.02191113231,21168.04382226462,93139.39281796433,11421.0,22842.0,100504.8,0.95175,4.3128490210907495,21.564245105453747,1.4122457594951803,4261.6501714480755,2631.925070946442,1629.725100501634,8523.300342896151,5263.850141892884,3259.450201003268,1220.5041530903438,151.15067488167858,1371.6548279720223,5370.218273597513,665.0629694793859,18722.0,-0.31321580911230384,33.85056361726585
59,59,2025,4SB,4,SB,AM-Shoulder,1,OP,AM,4.4,70,12000,1,6,70,1800,1,6,0.2,0.01,8123.0,1004.0,0.0,0.0,0.0,1.0,1.0,1.0,1.25,0.625,0.13729977116704806,0.13729977116704806,30,3.82,0.715,8123.0,1004.0,0.0,0.0,0.0,9127.0,11135.0,1.0,1.2,0.7137820512820513,11135.0,0.0,1.0,0.0,7716.849999999999,953.8,0.0,0.0,0.0,8670.65,0.8413154748266334,4.2065773741331665,,0.07712820050146377,0.07723703012462585,126.53927936111174,632.6963968055586,49.84736894459312,69.39680053414277,2.8614795309209566,3.804209963110817,5.296167191761798,-1.491957228650981,2.088891909856521,595.1867540397207,7527.813245960279,73.66867933286814,930.3313206671319,668.8554333725888,8458.144566627412,8458.144566627412,816.192792038325,0.4534404400212917,816.192792038325,3591.2482849686303,10318.807207961676,10318.807207961676,45402.75171503138,11135.0,11135.0,48994.00000000001,0.9279166666666666,3.701788089237187,18.508940446185935,1.2119701594736072,3566.784435497206,2203.255236975981,1363.529198521225,3566.784435497206,2203.255236975981,1363.529198521225,595.1867540397207,73.66867933286814,668.8554333725888,2618.821717774771,324.14218906461986,9127.0,-0.28170508494741714,33.83403191473575
60,60,2025,4SB,4,SB,MD,5,OP,MD,4.4,70,12000,1,6,70,1800,1,6,0.2,0.01,6746.0,834.0,0.0,0.0,0.0,1.0,1.0,1.0,1.25,0.625,0.13729977116704806,0.13729977116704806,30,3.823,0.708,6746.0,834.0,0.0,0.0,0.0,7580.0,9248.0,1.0,1.2,0.5928205128205128,9248.0,0.0,1.0,0.0,6408.7,792.3,0.0,0.0,0.0,7201.0,0.27292189335673067,1.3646094667836532,,0.07739477584392514,0.07742546733131417,125.31795607016247,626.5897803508124,61.81076211440987,69.7970542080695,2.3668582970232332,3.7823945866397035,4.271100872552646,-0.4887062859129423,0.6845510525399817,495.999899950963,6250.000100049037,61.34419776660021,772.6558022333998,557.3440977175633,7022.655902282437,35113.27951141218,680.0324932507637,0.37779582958375757,3400.1624662538184,14960.714851516803,8567.967506749237,42839.837533746184,188495.28514848324,9248.0,46240.0,203456.00000000003,0.7706666666666667,1.200856330769615,6.004281653848075,0.3930787204907963,963.9524611372352,595.6246199172095,368.3278412200257,4819.762305686176,2978.123099586048,1841.6392061001284,2479.999499754815,306.72098883300106,2786.7204885878164,10911.997798921187,1349.5723508652047,37900.0,-0.11442162114538504,33.507474885070174
61,61,2025,4SB,4,SB,PM-Shoulder,1,OP,PM,4.4,70,12000,1,6,70,1800,1,6,0.2,0.01,6591.0,815.0,0.0,0.0,0.0,1.0,1.0,1.0,1.25,0.625,0.13729977116704806,0.13729977116704806,30,4.005,0.592,6591.0,815.0,0.0,0.0,0.0,7406.0,9036.0,1.0,1.2,0.5792307692307692,9036.0,0.0,1.0,0.0,6261.45,774.25,0.0,0.0,0.0,7035.7,0.23313521057092168,1.1656760528546084,,0.08025431546655,0.08029411013605565,125.9696809160623,629.8484045803115,62.878174466847675,69.78048818437969,2.202099261194171,3.78329253447522,4.198595176124161,-0.4153026416489407,0.5852182484329571,502.5083835780295,6088.49161642197,62.16771477284109,752.8322852271589,564.6760983508706,6841.323901649129,6841.323901649129,689.0115278965527,0.3827841821647515,689.0115278965527,3031.6507227448324,8346.988472103447,8346.988472103447,36726.74927725517,9036.0,9036.0,39758.4,0.753,1.0257949265120554,5.128974632560277,0.3358027987093773,834.3271824382614,515.4705504041166,318.85663203414475,834.3271824382614,515.4705504041166,318.85663203414475,502.5083835780295,62.16771477284109,564.6760983508706,2211.03688774333,273.5379450005008,7406.0,-0.09891466650812429,33.6817328652573
62,62,2025,4SB,4,SB,PM-Peak,3,Peak,PM,4.4,70,12000,1,6,70,1800,1,6,0.2,0.01,6732.0,832.0,0.0,0.0,0.0,1.0,1.0,1.0,1.25,0.625,0.13729977116704806,0.13729977116704806,30,4.005,0.592,6732.0,832.0,0.0,0.0,0.0,7564.0,9228.0,1.0,1.2,0.5915384615384616,9228.0,0.0,1.0,0.0,6395.4,790.4,0.0,0.0,0.0,7185.799999999999,0.26450056368504465,1.3225028184252232,,0.08025072696610268,0.08029675423046483,125.97650492669882,629.8825246334941,62.029542092022375,69.75111351121737,3.5140084387171204,3.7848858134364196,4.256036577028884,-0.47115076359246455,0.6639129676724286,513.235499239013,6218.764500760987,63.46655454375939,768.5334454562407,576.7020537827724,6987.297946217228,20961.893838651682,703.6351628702912,0.39090842381682844,2110.9054886108734,9287.984149887843,8524.36483712971,25573.09451138913,112521.61585011217,9228.0,27684.0,121809.6,0.769,1.1638024802141966,5.8190124010709825,0.38093461722698096,966.6174148917187,597.3047469483348,369.3126679433838,2899.852244675156,1791.9142408450043,1107.9380038301515,1539.7064977170392,190.39966363127817,1730.1061613483173,6774.708589954973,837.758519977624,22692.0,-0.1107017656134366,33.68355746703177
63,63,2025,4SB,4,SB,PM-Late,3,OP,PM,4.4,70,12000,1,6,70,1800,1,6,0.2,0.01,5543.0,685.0,0.0,0.0,0.0,1.0,1.0,1.0,1.25,0.625,0.13729977116704806,0.13729977116704806,30,4.005,0.592,5543.0,685.0,0.0,0.0,0.0,6228.0,7598.0,1.0,1.2,0.48705128205128206,7598.0,0.0,1.0,0.0,5265.849999999999,650.75,0.0,0.0,0.0,5916.599999999999,1.249989907941384,6.24994953970692,,0.01000000466194582,0.010000021546877354,1222.3297634250787,6111.648817125393,65.9850454323193,69.99999970892642,4.132838935940593,3.771428587110903,4.000906542843623,-0.22947795573272023,0.3143848208386211,52.65852454910738,5490.341475450892,6.507514021630438,678.4924859783696,59.166038570737825,6168.833961429262,18506.501884287783,72.1810666139987,0.04010059256333261,216.54319984199608,952.7900793047828,7525.818933386001,22577.456800158005,99340.80992069523,7598.0,22794.0,100293.60000000002,0.6331666666666667,5.49995559494209,27.49977797471045,1.7999220683039436,468.57473747741074,289.61954671525854,178.95519076215217,1405.7242124322322,868.8586401457756,536.8655722864565,157.97557364732216,19.522542064891315,177.4981157122135,695.0925240482176,85.8991850855218,18684.0,-0.057356489904315536,326.8261399532296
64,64,2025,5NB,5,NB,Night,8,OP,NT,3.0,70,8000,1,6,70,1800,1,6,0.2,0.01,1487.0,184.0,0.0,0.0,0.0,1.0,1.0,1.0,1.25,0.625,0.1933404940923738,0.1933404940923738,30,4.009,0.708,1487.0,184.0,0.0,0.0,0.0,1671.0,2039.0,1.0,1.2,0.1757758620689655,2039.0,0.0,1.0,0.0,1412.6499999999999,174.79999999999998,0.0,0.0,0.0,1587.4499999999998,1.249700772922456,6.24850386461228,,0.010000071808626039,0.010000098592054663,287232.0463971633,1436160.2319858163,69.98188343982123,69.99999999989127,0.0,2.5714285714325653,2.5720942500037953,-0.0006656785712300106,0.0009119796480563617,14.126601440455572,1472.8733985595445,1.7480172338911548,182.25198276610885,15.874618674346726,1655.1253813256533,13241.003050605226,19.370653142129036,0.010761473967849464,154.9652251370323,464.8956754110969,2019.629346857871,16157.034774862968,48471.1043245889,2039.0,16312.0,48936.0,0.254875,3.749102318767368,18.745511593836838,1.800138810670269,85.72955154084767,52.96207421671443,32.76747732413324,685.8364123267813,423.6965937337154,262.1398185930659,113.01281152364457,13.984137871129239,126.99694939477381,339.0384345709337,41.95241361338772,13368.0,-0.00025880800100114076,112640.018194966
65,65,2025,5NB,5,NB,AM-Early,1,OP,AM,3.0,70,8000,1,6,70,1800,1,6,0.2,0.01,4065.0,502.0,0.0,0.0,0.0,1.0,1.0,1.0,1.25,0.625,0.1933404940923738,0.1933404940923738,30,3.82,0.715,4065.0,502.0,0.0,0.0,0.0,4567.0,5571.0,1.0,1.2,0.4802586206896552,5571.0,0.0,1.0,0.0,3861.75,476.9,0.0,0.0,0.0,4338.65,0.20000006714892404,1.00000033574462,,0.05444692951650663,0.05444410942570172,143.53813378961195,717.6906689480596,64.63994837820206,69.99882185117141,2.4012981831086453,2.5714718510935586,2.7846556891852305,-0.21318383809167196,0.29212115132662325,210.26043006036946,3854.7395699396307,25.96439578511715,476.0356042148828,236.2248258454866,4330.7751741545135,4330.7751741545135,288.15361741572093,0.16008534300873384,288.15361741572093,864.4608522471628,5282.846382584279,5282.846382584279,15848.539147752837,5571.0,5571.0,16713.0,0.696375,0.6000002014467721,3.0000010072338603,0.287931229877795,204.04951390007668,126.15630039250662,77.89321350757005,204.04951390007668,126.15630039250662,77.89321350757005,210.26043006036946,25.96439578511715,236.2248258454866,630.7812901811084,77.89318735535146,4567.0,-0.0765566238295148,56.289464231220364
66,66,2025,5NB,5,NB,AM-Peak,2,Peak,AM,3.0,70,8000,1,6,70,1800,1,6,0.2,0.01,4453.0,550.0,0.0,0.0,0.0,1.0,1.0,1.0,1.25,0.625,0.1933404940923738,0.1933404940923738,30,3.82,0.715,4453.0,550.0,0.0,0.0,0.0,5003.0,6103.0,1.0,1.2,0.5261206896551724,6103.0,0.0,1.0,0.0,4230.349999999999,522.5,0.0,0.0,0.0,4752.849999999999,0.22729992880795621,1.136499644039781,,0.09081005531834183,0.09081947714002088,118.54198410153757,592.7099205076877,62.796293829342225,69.9561802755077,3.03412765117567,2.573039283893258,2.8664112007816156,-0.29337191688835773,0.4041262022136707,384.1583175159473,4068.841682484053,47.45317680566091,502.5468231943391,431.61149432160823,4571.388505678392,9142.777011356784,526.5178479329301,0.29250991551829447,1053.0356958658601,3159.10708759758,5576.48215206707,11152.96430413414,33458.89291240242,6103.0,12206.0,36618.0,0.762875,0.6818997864238686,3.4094989321193427,0.32726115645404846,423.7490303116484,261.9574746670772,161.79155564457125,847.4980606232969,523.9149493341544,323.5831112891425,768.3166350318946,94.90635361132182,863.2229886432165,2304.949905095684,284.71906083396544,10006.0,-0.10234816163443711,46.48705258883826
67,67,2025,5NB,5,NB,AM-Shoulder,1,OP,AM,3.0,70,8000,1,6,70,1800,1,6,0.2,0.01,4266.0,527.0,0.0,0.0,0.0,1.0,1.0,1.0,1.25,0.625,0.1933404940923738,0.1933404940923738,30,3.82,0.715,4266.0,527.0,0.0,0.0,0.0,4793.0,5847.0,1.0,1.2,0.5040517241379311,5847.0,0.0,1.0,0.0,4052.7,500.65,0.0,0.0,0.0,4553.349999999999,0.20000545988950022,1.000027299447501,,0.07915249185144858,0.07915720921912787,125.0750206731426,625.3751033657129,63.906053795452344,69.9851358350441,2.071939851230754,2.5719747179495713,2.816634564483296,-0.24465984653372486,0.335932210484973,320.78130372636565,3945.218696273634,39.63005679555637,487.36994320444364,360.411360521922,4432.588639478077,4432.588639478077,439.6714741130348,0.2442619300627971,439.6714741130348,1319.0144223391044,5407.3285258869655,5407.3285258869655,16221.985577660897,5847.0,5847.0,17541.0,0.730875,0.6000163796685006,3.0000818983425033,0.28797413793964904,311.3674525498696,192.47403652723563,118.89341602263399,311.3674525498696,192.47403652723563,118.89341602263399,320.78130372636565,39.63005679555637,360.411360521922,962.343911179097,118.89017038666911,4793.0,-0.08686247396761852,49.04902771495789
68,68,2025,5NB,5,NB,MD,5,OP,MD,3.0,70,8000,1,6,70,1800,1,6,0.2,0.01,4708.0,582.0,0.0,0.0,0.0,1.0,1.0,1.0,1.25,0.625,0.1933404940923738,0.1933404940923738,30,3.823,0.708,4708.0,582.0,0.0,0.0,0.0,5290.0,6454.0,1.0,1.2,0.5563793103448276,6454.0,0.0,1.0,0.0,4472.599999999999,552.9,0.0,0.0,0.0,5025.5,0.31468457563053914,1.5734228781526958,,0.09116894493330523,0.09118334460516227,117.61799183846999,588.0899591923501,60.3402384854839,69.93725460468147,2.0463070797694076,2.5737355722274966,2.983084000294476,-0.40934842806697924,0.5639679375462888,407.7622231087009,4300.237776891299,50.415271232194215,531.5847287678058,458.1774943408951,4831.822505659105,24159.112528295525,559.0080368052835,0.31056002044737974,2795.0401840264176,8385.120552079254,5894.991963194717,29474.959815973583,88424.87944792074,6454.0,32270.0,96810.0,0.80675,0.9440537268916174,4.720268634458087,0.4531890498044513,622.9230699064037,384.9494464113803,237.97362349502345,3114.6153495320186,1924.7472320569013,1189.8681174751173,2038.8111155435045,252.07635616097107,2290.8874717044755,6116.433346630513,756.2290684829132,26450.0,-0.13722323207344156,46.124702681752936
69,69,2025,5NB,5,NB,PM-Shoulder,1,OP,PM,3.0,70,8000,1,6,70,1800,1,6,0.2,0.01,5570.0,688.0,0.0,0.0,0.0,1.0,1.0,1.0,1.25,0.625,0.1933404940923738,0.1933404940923738,30,4.005,0.592,5570.0,688.0,0.0,0.0,0.0,6258.0,7634.0,1.0,1.2,0.6581034482758621,7634.0,0.0,1.0,0.0,5291.5,653.6,0.0,0.0,0.0,5945.099999999999,0.8346432823842197,4.173216411921098,,0.09695551124903438,0.09702947476720314,118.45779756098605,592.2889878049302,49.199119792894706,69.75183099106897,2.282968092467195,2.5805774191511506,3.658602039177039,-1.0780246200258885,1.4894276508154007,513.0400877742654,5056.959912225735,63.418464707843974,624.581535292156,576.4585524821094,5681.541447517891,5681.541447517891,703.2954818977973,0.390719712165443,703.2954818977973,2109.886445693392,6930.704518102203,6930.704518102203,20792.11355430661,7634.0,7634.0,22902.0,0.95425,2.503929847152659,12.519649235763294,1.201932797438577,2078.5933217766433,1284.6163885638032,793.9769332128403,2078.5933217766433,1284.6163885638032,793.9769332128403,513.0400877742654,63.418464707843974,576.4585524821094,1539.1202633227963,190.25539412353191,6258.0,-0.29465479122413046,46.45403825921022
70,70,2025,5NB,5,NB,PM-Peak,3,Peak,PM,3.0,70,8000,1,6,70,1800,1,6,0.2,0.01,5539.0,685.0,0.0,0.0,0.0,1.0,1.0,1.0,1.25,0.625,0.1933404940923738,0.1933404940923738,30,4.005,0.592,5539.0,685.0,0.0,0.0,0.0,6224.0,7594.0,1.0,1.2,0.6546551724137931,7594.0,0.0,1.0,0.0,5262.05,650.75,0.0,0.0,0.0,5912.799999999999,0.8087501939756055,4.043750969878028,,0.0969535269257398,0.0970250904370647,118.45645614796769,592.2822807398385,49.656746943557856,69.75954384820461,3.5485431855101988,2.5802921015607043,3.6248850575047995,-1.0445929559440952,1.443235385924433,510.17430635958914,5028.8256936404105,63.13907760191985,621.8609223980801,573.313383961509,5650.686616038491,16952.059848115474,699.5915391653486,0.3886619662029715,2098.7746174960457,6296.323852488137,6894.408460834651,20683.22538250395,62049.676147511855,7594.0,22781.999999999996,68345.99999999999,0.94925,2.4262505819268165,12.131252909634084,1.1650212505147064,2003.7668265589655,1237.810707689063,765.9561188699024,6011.300479676896,3713.4321230671894,2297.868356609707,1530.5229190787675,189.41723280575957,1719.940151884527,4591.568757236302,568.2516984172787,18672.0,-0.2881727115129945,46.45351221488929
71,71,2025,5NB,5,NB,PM-Late,3,OP,PM,3.0,70,8000,1,6,70,1800,1,6,0.2,0.01,3830.0,473.0,0.0,0.0,0.0,1.0,1.0,1.0,1.25,0.625,0.1933404940923738,0.1933404940923738,30,4.005,0.592,3830.0,473.0,0.0,0.0,0.0,4303.0,5249.0,1.0,1.2,0.4525,5249.0,0.0,1.0,0.0,3638.5,449.34999999999997,0.0,0.0,0.0,4087.85,1.249885797736423,6.249428988682116,,0.010000107321538942,0.01000010440148755,987.0545934906443,4935.272967453222,65.09547525812434,69.99999996835597,2.986504297989041,2.5714285725910053,2.765169150178911,-0.19374057758790553,0.26542459288796527,36.38539048941944,3793.6146095105805,4.493546912808431,468.5064530871916,40.878937402227876,4262.121062597772,12786.363187793315,49.866031227844736,0.027703350682135964,149.59809368353422,448.79428105060265,5199.133968772156,15597.401906316467,46792.2057189494,5249.0,15747.000000000002,47241.0,0.656125,3.749657393209269,18.748286966046347,1.799451987534254,220.67905547018194,136.43274845345783,84.2463070167241,662.0371664105458,409.29824536037347,252.7389210501723,109.15617146825832,13.480640738425294,122.63681220668362,327.46851440477496,40.44192221527588,12909.0,-0.07006463874926791,387.0802327414292
72,72,2025,5SB,5,SB,Night,8,OP,NT,3.0,70,8000,1,6,70,1800,1,6,0.2,0.01,1525.0,188.0,0.0,0.0,0.0,1.0,1.0,1.0,1.25,0.625,0.1933404940923738,0.1933404940923738,30,4.009,0.708,1525.0,188.0,0.0,0.0,0.0,1713.0,2089.0,1.0,1.2,0.18008620689655172,2089.0,0.0,1.0,0.0,1448.75,178.6,0.0,0.0,0.0,1627.35,1.2497063856335031,6.248531928167516,,0.010000067585523695,0.010000098096072224,248374.81097573758,1241874.054878688,69.97904993138562,69.99999999987428,0.0,2.5714285714331897,2.572198396184141,-0.0007698247509511091,0.0010546599151303267,14.487597914527454,1510.5124020854726,1.7860175199584991,186.2139824800415,16.273615434485954,1696.726384565514,13573.811076524113,19.84565047440295,0.011025361374668306,158.7652037952236,476.29561138567084,2069.154349525597,16553.234796204775,49659.70438861432,2089.0,16712.0,50135.99999999999,0.261125,3.7491191569005093,18.745595784502548,1.7983238722715489,87.79569337200849,54.31573087882675,33.47996249318174,702.3655469760679,434.525847030614,267.8396999454539,115.90078331621963,14.288140159667993,130.18892347588763,347.7023499486589,42.86442047900398,13704.0,-0.0002992866926956898,97401.88665715199
73,73,2025,5SB,5,SB,AM-Early,1,OP,AM,3.0,70,8000,1,6,70,1800,1,6,0.2,0.01,4818.0,595.0,0.0,0.0,0.0,1.0,1.0,1.0,1.25,0.625,0.1933404940923738,0.1933404940923738,30,3.82,0.715,4818.0,595.0,0.0,0.0,0.0,5413.0,6603.0,1.0,1.2,0.5692241379310344,6603.0,0.0,1.0,0.0,4577.099999999999,565.25,0.0,0.0,0.0,5142.349999999999,0.3646638239220423,1.8233191196102114,,0.09079899413015712,0.0908153125950231,118.56363569187742,592.8181784593871,59.12126969436368,69.92978508103619,2.1011192682705695,2.574010484822912,3.0445895517896884,-0.4705790669667764,0.6482305430947298,415.5960760331421,4402.403923966858,51.3333554443368,543.6666445556632,466.9294314774789,4946.070568522521,4946.070568522521,569.5961423661524,0.3164423013145291,569.5961423661524,1708.7884270984573,6033.403857633848,6033.403857633848,18100.211572901542,6603.0,6603.0,19809.0,0.825375,1.0939914717661268,5.4699573588306345,0.5250256810176503,735.449828245943,454.65856287972423,280.79126536621874,735.449828245943,454.65856287972423,280.79126536621874,415.5960760331421,51.3333554443368,466.9294314774789,1246.7882280994263,154.0000663330104,5413.0,-0.15456239961480453,46.49554340857939
74,74,2025,5SB,5,SB,AM-Peak,2,Peak,AM,3.0,70,8000,1,6,70,1800,1,6,0.2,0.01,3481.0,430.0,0.0,0.0,0.0,1.0,1.0,1.0,1.25,0.625,0.1933404940923738,0.1933404940923738,30,3.82,0.715,3481.0,430.0,0.0,0.0,0.0,3911.0,4771.0,1.0,1.2,0.41129310344827585,4771.0,0.0,1.0,0.0,3306.95,408.5,0.0,0.0,0.0,3715.45,1.249995520301039,6.249977601505195,,0.010000035201740387,0.010000041819800787,1750.580396207923,8752.901981039615,67.14720034077223,69.99999998215688,4.241467842149219,2.571428572084033,2.680677661711873,-0.10924908962783997,0.1496712536881235,33.06961641039537,3447.930383589605,4.085017083388622,425.9149829166114,37.15463349378399,3873.845366506216,7747.690733012432,45.32466766056123,0.02518037092253402,90.64933532112246,271.9480059633674,4725.675332339439,9451.350664678877,28354.051994036632,4771.0,9542.0,28626.0,0.596375,3.7499865609031175,18.749932804515588,1.7997254004725955,200.60441293203874,124.01061711320384,76.5937958188349,401.2088258640775,248.02123422640767,153.1875916376698,66.13923282079074,8.170034166777244,74.30926698756798,198.41769846237221,24.510102500331733,7822.0,-0.04075428060159751,686.5021161599699
75,75,2025,5SB,5,SB,AM-Shoulder,1,OP,AM,3.0,70,8000,1,6,70,1800,1,6,0.2,0.01,3793.0,469.0,0.0,0.0,0.0,1.0,1.0,1.0,1.25,0.625,0.1933404940923738,0.1933404940923738,30,3.82,0.715,3793.0,469.0,0.0,0.0,0.0,4262.0,5200.0,1.0,1.2,0.4482758620689655,5200.0,0.0,1.0,0.0,3603.35,445.54999999999995,0.0,0.0,0.0,4048.8999999999996,0.20000006006212634,1.0000003003106317,,0.025934960830750666,0.025920148596837785,183.2581205469581,916.2906027347906,65.73165698957419,69.99999090640699,2.701543568077268,2.57142890547897,2.7384065493518612,-0.16697764387289116,0.22875982975490677,93.45274110948542,3699.5472588905145,11.548722207321074,457.4512777926789,105.0014633168065,4156.998536683193,4156.998536683193,128.09890773144863,0.07116605985080479,128.09890773144863,384.2967231943459,5071.901092268551,5071.901092268551,15215.703276805652,5200.0,5200.0,15599.999999999998,0.65,0.600000180186379,3.0000009009318953,0.28798912467682225,90.71783853117769,56.07166150460228,34.64617702657541,90.71783853117769,56.07166150460228,34.64617702657541,93.45274110948542,11.548722207321074,105.0014633168065,280.35822332845623,34.64616662196322,4262.0,-0.060976206733223084,71.8659296262581
76,76,2025,5SB,5,SB,MD,5,OP,MD,3.0,70,8000,1,6,70,1800,1,6,0.2,0.01,4637.0,573.0,0.0,0.0,0.0,1.0,1.0,1.0,1.25,0.625,0.1933404940923738,0.1933404940923738,30,3.823,0.708,4637.0,573.0,0.0,0.0,0.0,5210.0,6356.0,1.0,1.2,0.5479310344827586,6356.0,0.0,1.0,0.0,4405.15,544.35,0.0,0.0,0.0,4949.5,0.28706709364381894,1.4353354682190946,,0.09117132381422387,0.09118423558404537,117.61368397985655,588.0684198992827,61.0796815741849,69.94274650761338,2.0151962081322052,2.5735334825664404,2.946970176676172,-0.37343669410973135,0.5144919991892128,401.62335710022825,4235.3766428997715,49.6361386401751,523.3638613598249,451.25949574040334,4758.7405042595965,23793.702521297982,550.5317730207536,0.30585098501152974,2752.6588651037678,8257.976595311304,5805.4682269792465,29027.341134896233,87082.02340468869,6356.0,31780.0,95340.0,0.7945,0.8612012809314569,4.306006404657284,0.4133704928510344,559.6120804737593,345.8785495867085,213.73353088705085,2798.0604023687965,1729.3927479335425,1068.6676544352542,2008.1167855011413,248.18069320087548,2256.2974787020166,6024.350356503424,744.5420796026265,26050.0,-0.12671885757965934,46.12301332543393
77,77,2025,5SB,5,SB,PM-Shoulder,1,OP,PM,3.0,70,8000,1,6,70,1800,1,6,0.2,0.01,4858.0,600.0,0.0,0.0,0.0,1.0,1.0,1.0,1.25,0.625,0.1933404940923738,0.1933404940923738,30,4.005,0.592,4858.0,600.0,0.0,0.0,0.0,5458.0,6658.0,1.0,1.2,0.5739655172413793,6658.0,0.0,1.0,0.0,4615.099999999999,570.0,0.0,0.0,0.0,5185.099999999999,0.3671340026203145,1.8356700131015724,,0.09698475761293084,0.0970131749952596,118.40988836937534,592.0494418468767,59.0194694428947,69.89044946661639,1.9907428452689855,2.575459184676987,3.0498410388822976,-0.47438185420531065,0.6554250804116051,447.59435485943703,4410.405645140563,55.29750974729797,544.702490252702,502.891864606735,4955.108135393265,4955.108135393265,613.4868841013309,0.34082604672296163,613.4868841013309,1840.460652303993,6044.51311589867,6044.51311589867,18133.53934769601,6658.000000000001,6658.000000000001,19974.0,0.8322500000000002,1.1014020078609434,5.507010039304717,0.5286128215655154,797.505262476328,492.98132114940756,304.5239413269204,797.505262476328,492.98132114940756,304.5239413269204,447.59435485943703,55.29750974729797,502.891864606735,1342.783064578311,165.89252924189393,5458.0,-0.15554314082518922,46.435250340931496
78,78,2025,5SB,5,SB,PM-Peak,3,Peak,PM,3.0,70,8000,1,6,70,1800,1,6,0.2,0.01,4919.0,608.0,0.0,0.0,0.0,1.0,1.0,1.0,1.25,0.625,0.1933404940923738,0.1933404940923738,30,4.005,0.592,4919.0,608.0,0.0,0.0,0.0,5527.0,6743.0,1.0,1.2,0.5812931034482759,6743.0,0.0,1.0,0.0,4673.05,577.6,0.0,0.0,0.0,5250.65,0.3961821240126461,1.9809106200632303,,0.09698281760449962,0.09701394550495836,118.41274371218068,592.0637185609035,58.29618046227715,69.88180891810543,3.1502859678846624,2.5757776277792437,3.087680849287821,-0.5119032215085775,0.7072656206671726,453.20555580670697,4465.794444193293,56.03525492366395,551.964745076336,509.2408107303709,5017.759189269629,15053.277567808887,621.3113205776988,0.3451729558764993,1863.9339617330963,5591.801885199289,6121.688679422301,18365.0660382669,55095.1981148007,6743.0,20228.999999999996,60686.99999999999,0.842875,1.1885463720379383,5.94273186018969,0.5705606565061987,871.6583138702078,538.6558191414989,333.00249472870894,2614.9749416106233,1615.9674574244968,999.0074841861268,1359.6166674201208,168.10576477099184,1527.7224321911126,4078.8500022603625,504.3172943129755,16581.0,-0.16578890322380593,46.43637008320812
79,79,2025,5SB,5,SB,PM-Late,3,OP,PM,3.0,70,8000,1,6,70,1800,1,6,0.2,0.01,3555.0,439.0,0.0,0.0,0.0,1.0,1.0,1.0,1.25,0.625,0.1933404940923738,0.1933404940923738,30,4.005,0.592,3555.0,439.0,0.0,0.0,0.0,3994.0,4872.0,1.0,1.2,0.42,4872.0,0.0,1.0,0.0,3377.25,417.04999999999995,0.0,0.0,0.0,3794.2999999999997,1.2498446819614342,6.249223409807171,,0.01000010645049304,0.010000074989138867,1543.6279184069024,7718.139592034512,66.78268017717366,69.99999997976637,2.772004119113544,2.5714285721718477,2.695309615044831,-0.1238810428729833,0.1697170297542757,33.77285950992762,3521.2271404900725,4.170531274220364,434.82946872577963,37.94339078414799,3956.0566092158524,11868.169827647558,46.28445333258871,0.025713585184771508,138.85335999776612,416.56007999329836,4825.715546667411,14477.146640002233,43431.4399200067,4872.0,14615.999999999998,43848.0,0.609,3.7495340458843023,18.747670229421512,1.7993492176726549,204.82023156991352,126.63248655934105,78.18774501057248,614.4606947097406,379.89745967802315,234.56323503171745,101.31857852978285,12.511593822661093,113.83017235244395,303.9557355893486,37.53478146798328,11982.0,-0.04596171147889545,605.344281728197
80,80,2025,6NB,6,NB,Night,8,OP,NT,4.4,70,10000,1,6,70,1800,1,6,0.2,0.01,1452.0,179.0,0.0,0.0,0.0,1.0,1.0,1.0,1.25,0.625,0.16057091882247995,0.16057091882247995,30,4.009,0.708,1452.0,179.0,0.0,0.0,0.0,1631.0,1989.0,1.0,1.2,0.14625,1989.0,0.0,1.0,0.0,1379.3999999999999,170.04999999999998,0.0,0.0,0.0,1549.4499999999998,1.249791902007221,6.248959510036105,,0.010000104151908582,0.010000100353906355,1271801.584583285,6359007.922916424,69.99590731831792,69.99999999990632,0.0,3.7714285714336184,3.7716490879876234,-0.00022051655400501247,0.0003021076859015485,13.794143667142697,1438.2058563328574,1.7005170651817756,177.29948293481823,15.494660732324473,1615.5053392676755,12924.042714141404,18.895694862688025,0.010497608257048903,151.1655589015042,665.1284591666185,1970.1043051373122,15760.834441098497,69347.6715408334,1989.0000000000002,15912.000000000002,70012.80000000002,0.19890000000000002,5.499084368831773,27.495421844158866,1.7984434650209373,122.61159388176812,75.8551598214042,46.756434060363915,980.8927510541449,606.8412785712336,374.0514724829113,110.35314933714157,13.604136521454205,123.95728585859578,485.55385708342294,59.858200694398505,13048.0,-5.8466879834430686e-05,340053.8996211992
81,81,2025,6NB,6,NB,AM-Early,1,OP,AM,4.4,70,10000,1,6,70,1800,1,6,0.2,0.01,3969.0,491.0,0.0,0.0,0.0,1.0,1.0,1.0,1.25,0.625,0.16057091882247995,0.16057091882247995,30,3.82,0.715,3969.0,491.0,0.0,0.0,0.0,4460.0,5442.0,1.0,1.2,0.4001470588235294,5442.0,0.0,1.0,0.0,3770.5499999999997,466.45,0.0,0.0,0.0,4237.0,1.2496274350666428,6.2481371753332136,,0.010000581126441753,0.010000534478717396,3031.243634660604,15156.218173303017,68.32409057693609,69.99999996068992,3.592557806443914,3.7714285735465025,3.863937269720755,-0.0925086961742525,0.12673691666029172,37.70769116630495,3931.292308833695,4.664749307597729,486.33525069240227,42.37244047390268,4417.627559526098,4417.627559526098,51.70193908909813,0.028723299493943408,51.70193908909813,227.4885319920318,5390.298060910902,5390.298060910902,23717.31146800797,5442.0,5442.0,23944.800000000003,0.5442,5.498360714293229,27.491803571466143,1.7999095191087429,335.5728594101224,207.33048773551295,128.24237167460947,335.5728594101224,207.33048773551295,128.24237167460947,37.70769116630495,4.664749307597729,42.37244047390268,165.91384113174178,20.52489695343001,4460.0,-0.02394156263849958,810.4929504440116
82,82,2025,6NB,6,NB,AM-Peak,2,Peak,AM,4.4,70,10000,1,6,70,1800,1,6,0.2,0.01,4348.0,537.0,0.0,0.0,0.0,1.0,1.0,1.0,1.25,0.625,0.16057091882247995,0.16057091882247995,30,3.82,0.715,4348.0,537.0,0.0,0.0,0.0,4885.0,5959.0,1.0,1.2,0.43816176470588236,5959.0,0.0,1.0,0.0,4130.599999999999,510.15,0.0,0.0,0.0,4640.75,1.249659203864575,6.248296019322876,,0.010000587353381942,0.010000537935437773,1758.5017731757046,8792.508865878523,67.16026284090732,69.99999993223672,6.146651962622719,3.771428575079491,3.9308958725396406,-0.15946729746014965,0.2184702025221653,41.30842612187944,4306.691573878121,5.10177442776358,531.8982255722365,46.41020054964302,4838.5897994503575,9677.179598900715,56.61374940517018,0.031452083002872326,113.22749881034036,498.2009947654976,5902.38625059483,11804.77250118966,51940.99900523451,5959.0,11918.0,52439.200000000004,0.5959,5.498500497004131,27.492502485020655,1.7991486948980047,367.3949476949176,227.13440156161255,140.26054613330504,734.7898953898352,454.2688031232251,280.5210922666101,82.61685224375888,10.20354885552716,92.82040109928604,363.5141498725391,44.895614964319506,9770.0,-0.040567672772548496,470.18763988655195
83,83,2025,6NB,6,NB,AM-Shoulder,1,OP,AM,4.4,70,10000,1,6,70,1800,1,6,0.2,0.01,4165.0,515.0,0.0,0.0,0.0,1.0,1.0,1.0,1.25,0.625,0.16057091882247995,0.16057091882247995,30,3.82,0.715,4165.0,515.0,0.0,0.0,0.0,4680.0,5710.0,1.0,1.2,0.4198529411764706,5710.0,0.0,1.0,0.0,3956.75,489.25,0.0,0.0,0.0,4446.0,1.249644803372595,6.2482240168629755,,0.010000586898288439,0.010000536308530438,2271.7548664443984,11358.774332221994,67.78153047644548,69.99999994754697,3.7694789476590596,3.7714285742546125,3.894866317480714,-0.12343774322610157,0.16910971209143544,39.56982220980278,4125.430177790197,4.892762388948517,510.10723761105146,44.4625845987513,4635.537415401249,4635.537415401249,54.24810937664833,0.030137838542582406,54.24810937664833,238.69168125725267,5655.751890623352,5655.751890623352,24885.30831874275,5710.0,5710.0,25124.000000000004,0.571,5.498437134839419,27.492185674197096,1.799699654988946,352.0849119140739,217.5721798573732,134.51273205670077,352.0849119140739,217.5721798573732,134.51273205670077,39.56982220980278,4.892762388948517,44.4625845987513,174.10721772313224,21.528154511373476,4680.0,-0.03169242103948354,607.4210872845985
84,84,2025,6NB,6,NB,MD,5,OP,MD,4.4,70,10000,1,6,70,1800,1,6,0.2,0.01,4597.0,568.0,0.0,0.0,0.0,1.0,1.0,1.0,1.25,0.625,0.16057091882247995,0.16057091882247995,30,3.823,0.708,4597.0,568.0,0.0,0.0,0.0,5165.0,6301.0,1.0,1.2,0.4633088235294118,6301.0,0.0,1.0,0.0,4367.15,539.6,0.0,0.0,0.0,4906.75,1.249675095130113,6.248375475650565,,0.010000569730991336,0.010000540112938697,1258.148016942056,6290.740084710282,66.09389681850645,69.99999990528738,4.159630238430897,3.7714285765314552,3.9943173682880713,-0.22288879175661602,0.30535765169751444,43.67398810069881,4553.326011899301,5.396291444941721,562.6037085550582,49.07027954564053,5115.929720454359,25579.648602271795,59.86286243552397,0.03325714579751332,299.31431217761985,1316.9829735815274,6241.137137564476,31205.685687822377,137305.01702641847,6301.0,31504.999999999996,138622.0,0.6301,5.4985704185724975,27.49285209286249,1.7993855175894016,388.5039415773516,240.1444990315897,148.35944254576194,1942.5197078867582,1200.7224951579485,741.7972127288097,218.36994050349404,26.981457224708606,245.35139772820264,960.8277382153739,118.71841178871787,25825.0,-0.05580147274380057,336.4032130861113
85,85,2025,6NB,6,NB,PM-Shoulder,1,OP,PM,4.4,70,10000,1,6,70,1800,1,6,0.2,0.01,5439.0,672.0,0.0,0.0,0.0,1.0,1.0,1.0,1.25,0.625,0.16057091882247995,0.16057091882247995,30,4.005,0.592,5439.0,672.0,0.0,0.0,0.0,6111.0,7455.0,1.0,1.2,0.5481617647058824,7455.0,0.0,1.0,0.0,5167.05,638.4,0.0,0.0,0.0,5805.45,0.20362854562861893,1.0181427281430946,,0.08876325927491542,0.08879047992209785,121.92845146415361,609.6422573207681,63.56791436687141,69.87314187477821,2.346819369506621,3.7782757854673608,4.153038567167217,-0.374762781699856,0.5228056941619442,458.6441988364517,4980.355801163549,56.683842382267265,615.3161576177328,515.328041218719,5595.671958781281,5595.671958781281,628.6957259832535,0.34927540332402973,628.6957259832535,2766.2611943263155,6826.3042740167475,6826.3042740167475,30035.738805673693,7455.000000000001,7455.000000000001,32802.00000000001,0.7455,0.8959656007659234,4.479828003829617,0.2932215618180409,664.863289617052,410.9294251483071,253.933864468745,664.863289617052,410.9294251483071,253.933864468745,458.6441988364517,56.683842382267265,515.328041218719,2018.0344748803877,249.40890648197598,6111.0,-0.09023821369313247,32.60119023105712
86,86,2025,6NB,6,NB,PM-Peak,3,Peak,PM,4.4,70,10000,1,6,70,1800,1,6,0.2,0.01,5409.0,668.0,0.0,0.0,0.0,1.0,1.0,1.0,1.25,0.625,0.16057091882247995,0.16057091882247995,30,4.005,0.592,5409.0,668.0,0.0,0.0,0.0,6077.0,7413.0,1.0,1.2,0.5450735294117647,7413.0,0.0,1.0,0.0,5138.55,634.6,0.0,0.0,0.0,5773.15,0.20001096218367867,1.0000548109183933,,0.08733956163164261,0.08736501015918956,122.5739255792859,612.8696278964294,63.71268450500538,69.88868626091731,3.718570969051009,3.7774354351776154,4.143601891068641,-0.36616645589102603,0.5098774479068957,448.7987044222771,4960.201295577723,55.441835447021695,612.5581645529783,504.2405398692988,5572.759460130701,16718.278380392105,615.1242107633423,0.3417356726463013,1845.3726322900268,8119.639582076118,6797.8757892366575,20393.627367709974,89731.9604179239,7413.0,22239.0,97851.60000000002,0.7413,0.8800482336081862,4.400241168040931,0.2879767164315406,638.9219538382033,394.9645070724674,243.95744676573582,1916.76586151461,1184.8935212174024,731.8723402972075,1346.3961132668314,166.32550634106508,1512.7216196078966,5924.142898374059,731.8322279006865,18231.0,-0.08836912075947313,32.773776892857185
87,87,2025,6NB,6,NB,PM-Late,3,OP,PM,4.4,70,10000,1,6,70,1800,1,6,0.2,0.01,3740.0,462.0,0.0,0.0,0.0,1.0,1.0,1.0,1.25,0.625,0.16057091882247995,0.16057091882247995,30,4.005,0.592,3740.0,462.0,0.0,0.0,0.0,4202.0,5126.0,1.0,1.2,0.37691176470588234,5126.0,0.0,1.0,0.0,3553.0,438.9,0.0,0.0,0.0,3991.8999999999996,1.2496047727594337,6.248023863797169,,0.010002201192642175,0.010000553214345675,4340.05814851316,21700.2907425658,68.82099659318699,69.99999997252526,3.383922478461465,3.7714285729088433,3.8360386083995617,-0.06461003549071842,0.08851575065025706,35.53782083745765,3704.4621791625423,4.389242805776317,457.6107571942237,39.92706364323397,4162.072936356766,12486.218809070298,48.705549254786604,0.027058638474881446,146.1166477643598,642.9132501631832,5077.294450745214,15231.883352235642,67020.28674983683,5126.000000000001,15378.000000000002,67663.20000000001,0.5126000000000001,5.498261000141508,27.491305000707545,1.7990885823285403,316.06222703636774,195.39621434060965,120.66601269575808,948.1866811091032,586.188643021829,361.99803808727427,106.61346251237296,13.167728417328952,119.78119092970192,469.09923505444107,57.9380050362474,12606.0,-0.016842905425728874,1160.4433552174223
88,88,2025,6SB,6,SB,Night,8,OP,NT,4.4,70,10000,1,6,70,1800,1,6,0.2,0.01,1489.0,184.0,0.0,0.0,0.0,1.0,1.0,1.0,1.25,0.625,0.16057091882247995,0.16057091882247995,30,4.009,0.708,1489.0,184.0,0.0,0.0,0.0,1673.0,2041.0,1.0,1.2,0.15007352941176472,2041.0,0.0,1.0,0.0,1414.55,174.79999999999998,0.0,0.0,0.0,1589.35,1.249798101125518,6.24899050562759,,0.01000010424669067,0.010000100842202467,1089361.912350193,5446809.561750964,69.99522192410133,69.99999999989063,0.0,3.771428571434464,3.7716860200295663,-0.00025744859510234974,0.0003527045833635075,14.145647462156287,1474.8543525378436,1.7480176272169912,182.251982372783,15.893665089373279,1657.1063349106266,13256.850679285013,19.38970034380726,0.01077205574655959,155.11760275045808,682.5174521020156,2021.6102996561926,16172.882397249541,71160.68254789799,2041.0,16328.0,71843.2,0.2041,5.499111644952279,27.495558224761396,1.79961945421051,125.85121513158734,77.78849468453329,48.06272044705404,1006.8097210526987,622.3079574762663,384.5017635764323,113.1651796972503,13.98414101773593,127.14932071498623,497.92679066790134,61.530220478038096,13384.0,-6.825822556150408e-05,291273.2385963083
89,89,2025,6SB,6,SB,AM-Early,1,OP,AM,4.4,70,10000,1,6,70,1800,1,6,0.2,0.01,4705.0,581.0,0.0,0.0,0.0,1.0,1.0,1.0,1.25,0.625,0.16057091882247995,0.16057091882247995,30,3.82,0.715,4705.0,581.0,0.0,0.0,0.0,5286.0,6448.0,1.0,1.2,0.47411764705882353,6448.0,0.0,1.0,0.0,4469.75,551.9499999999999,0.0,0.0,0.0,5021.7,0.20000016927712122,1.000000846385606,,0.023338561963089016,0.023308518388415116,189.40984023350703,947.049201167535,65.86208112196991,69.99998246554148,3.8798328680343097,3.7714295161424918,4.0083762235071,-0.23694670736460832,0.3246182833475844,104.31753733451713,4600.6824626654825,12.865136724485723,568.1348632755142,117.18267405900285,5168.817325940997,5168.817325940997,142.9129475079743,0.07939608194887461,142.9129475079743,628.816969035087,6305.087052492025,6305.087052492025,27742.38303096491,6447.999999999999,6447.999999999999,28371.199999999997,0.6447999999999999,0.8800007448193334,4.400003724096667,0.2878298605973552,148.40616005084365,91.7995105520937,56.606649498749974,148.40616005084365,91.7995105520937,56.606649498749974,104.31753733451713,12.865136724485723,117.18267405900285,458.9971642718754,56.60660158773718,5286.0,-0.0591128911440587,50.644342308424335
90,90,2025,6SB,6,SB,AM-Peak,2,Peak,AM,4.4,70,10000,1,6,70,1800,1,6,0.2,0.01,3399.0,420.0,0.0,0.0,0.0,1.0,1.0,1.0,1.25,0.625,0.16057091882247995,0.16057091882247995,30,3.82,0.715,3399.0,420.0,0.0,0.0,0.0,3819.0,4659.0,1.0,1.2,0.3425735294117647,4659.0,0.0,1.0,0.0,3229.0499999999997,399.0,0.0,0.0,0.0,3628.0499999999997,1.2495618421744163,6.247809210872082,,0.010000549769091465,0.010000528957591185,7698.266621578305,38491.33310789152,69.33041520497281,69.99999998452243,4.805715249469058,3.7714285722624648,3.8078525740758042,-0.03642400181333949,0.04990088362670914,32.292275231884794,3366.707724768115,3.9902110540788827,416.0097889459211,36.28248628596368,3782.717513714036,7565.435027428072,44.26290839412144,0.0245905046634008,88.52581678824288,389.5135938682687,4614.737091605878,9229.474183211756,40609.68640613173,4658.999999999999,9317.999999999998,40999.2,0.4658999999999999,5.498072105567433,27.49036052783716,1.7992502440222717,287.2375981365215,177.54525767773188,109.69234045878963,574.475196273043,355.09051535546376,219.38468091757926,64.58455046376959,7.980422108157765,72.56497257192736,284.1720220405862,35.11385727589417,7638.0,-0.0095654968528239,2058.360059245536
91,91,2025,6SB,6,SB,AM-Shoulder,1,OP,AM,4.4,70,10000,1,6,70,1800,1,6,0.2,0.01,3704.0,458.0,0.0,0.0,0.0,1.0,1.0,1.0,1.25,0.625,0.16057091882247995,0.16057091882247995,30,3.82,0.715,3704.0,458.0,0.0,0.0,0.0,4162.0,5078.0,1.0,1.2,0.37338235294117644,5078.0,0.0,1.0,0.0,3518.7999999999997,435.09999999999997,0.0,0.0,0.0,3953.8999999999996,1.2496007587148503,6.248003793574251,,0.010000570943069154,0.01000053195256203,4592.049892001645,22960.249460008225,68.88466783623146,69.99999997405183,3.352261948433736,3.7714285728265953,3.832492894175548,-0.06106432134895279,0.08365812216335862,35.190009034471736,3668.8099909655284,4.351231452559738,453.6487685474403,39.54124048703147,4122.458759512969,4122.458759512969,48.24370339215095,0.02680205744008386,48.24370339215095,212.2722949254642,5029.756296607849,5029.756296607849,22130.92770507454,5078.0,5078.0,22343.200000000004,0.5078,5.4982433383453415,27.49121669172671,1.7996393571494005,313.10387948827315,193.4832327500966,119.62064673817653,313.10387948827315,193.4832327500966,119.62064673817653,35.190009034471736,4.351231452559738,39.54124048703147,154.83603975167566,19.14541839126285,4162.0,-0.015933316260482992,1227.8208267384077
92,92,2025,6SB,6,SB,MD,5,OP,MD,4.4,70,10000,1,6,70,1800,1,6,0.2,0.01,4528.0,560.0,0.0,0.0,0.0,1.0,1.0,1.0,1.25,0.625,0.16057091882247995,0.16057091882247995,30,3.823,0.708,4528.0,560.0,0.0,0.0,0.0,5088.0,6208.0,1.0,1.2,0.45647058823529413,6208.0,0.0,1.0,0.0,4301.599999999999,532.0,0.0,0.0,0.0,4833.599999999999,1.2496715902936195,6.248357951468098,,0.010000606890312843,0.01000054002527746,1375.5526416336716,6877.763208168357,66.41019849318955,69.99999991337,4.098235181231407,3.7714285760959836,3.975293042183476,-0.20386446608749242,0.2792943249342193,43.01861059936972,4484.98138940063,5.320287293447608,554.6797127065524,48.33889789281733,5039.661102107182,25198.30551053591,58.97947247971255,0.032766373599840304,294.89736239856273,1297.5483945536762,6149.020527520288,30745.10263760144,135278.45160544635,6208.000000000001,31040.000000000004,136576.00000000003,0.6208000000000001,5.498554997291926,27.492774986459633,1.7998381991860017,382.8096577097952,236.5401962877198,146.2694614220754,1914.048288548976,1182.700981438599,731.3473071103771,215.0930529968486,26.601436467238038,241.69448946408664,946.4094331861339,117.04632045584738,25440.0,-0.051282877494615464,367.7948239662223
93,93,2025,6SB,6,SB,PM-Shoulder,1,OP,PM,4.4,70,10000,1,6,70,1800,1,6,0.2,0.01,4744.0,586.0,0.0,0.0,0.0,1.0,1.0,1.0,1.25,0.625,0.16057091882247995,0.16057091882247995,30,4.005,0.592,4744.0,586.0,0.0,0.0,0.0,5330.0,6502.0,1.0,1.2,0.47808823529411765,6502.0,0.0,1.0,0.0,4506.8,556.6999999999999,0.0,0.0,0.0,5063.5,1.249687409399441,6.248437046997205,,0.010000572690340884,0.010000541447682825,1042.1041129433293,5210.520564716648,65.3379917094887,69.99999988565071,4.292321116857462,3.771428577589431,4.0405282300964975,-0.26909965250706636,0.36866653237505814,45.0705810008283,4698.9294189991715,5.567301423925028,580.4326985760749,50.63788242475333,5279.362117575247,5279.362117575247,61.77248527260338,0.034318047373668545,61.77248527260338,271.7989351994549,6440.227514727396,6440.227514727396,28337.001064800545,6501.999999999999,6501.999999999999,28608.8,0.6501999999999999,5.498624601357541,27.493123006787705,1.7992669858478991,400.8887083524674,247.82620548863227,153.06250286383514,400.8887083524674,247.82620548863227,153.06250286383514,45.0705810008283,5.567301423925028,50.63788242475333,198.31055640364454,24.496126265270124,5330.0,-0.06660011691110981,278.6374633538314
94,94,2025,6SB,6,SB,PM-Peak,3,Peak,PM,4.4,70,10000,1,6,70,1800,1,6,0.2,0.01,4804.0,594.0,0.0,0.0,0.0,1.0,1.0,1.0,1.25,0.625,0.16057091882247995,0.16057091882247995,30,4.005,0.592,4804.0,594.0,0.0,0.0,0.0,5398.0,6586.0,1.0,1.2,0.48426470588235293,6586.0,0.0,1.0,0.0,4563.8,564.3,0.0,0.0,0.0,5128.099999999999,1.249999334131284,6.2499966706564205,,0.010000062008374331,0.010000034362693398,965.0940899743341,4825.470449871671,64.99143593019046,69.9999998765335,6.793419950922133,3.7714285780806445,4.062073659729129,-0.29064508164848446,0.39818377097176477,45.63828299381878,4758.361717006182,5.643019390867884,588.3569806091322,51.28130238468666,5346.718697615313,16040.15609284594,62.56734116642242,0.03475963398134579,187.70202349926728,825.8889033967761,6523.432658833578,19570.297976500733,86109.31109660323,6586.0,19758.0,86935.2,0.6586,5.49999707017765,27.499985350888252,1.8002014665311923,406.1933733375869,251.01042275394173,155.18295058364515,1218.5801200127607,753.0312682618252,465.54885175093546,136.91484898145632,16.92905817260365,153.84390715405996,602.4253355184078,74.48785595945607,16194.0,-0.07155091364538808,258.0465481214797
95,95,2025,6SB,6,SB,PM-Late,3,OP,PM,4.4,70,10000,1,6,70,1800,1,6,0.2,0.01,3472.0,429.0,0.0,0.0,0.0,1.0,1.0,1.0,1.25,0.625,0.16057091882247995,0.16057091882247995,30,4.005,0.592,3472.0,429.0,0.0,0.0,0.0,3901.0,4759.0,1.0,1.2,0.3499264705882353,4759.0,0.0,1.0,0.0,3298.3999999999996,407.54999999999995,0.0,0.0,0.0,3705.95,1.2495743122428888,6.247871561214444,,0.010002057752257336,0.010000548465056804,6777.383781986959,33886.918909934786,69.24041453689051,69.99999998240746,3.141650100208499,3.7714285723764145,3.812802129590714,-0.041373557214299694,0.0566817746821358,32.990787290045596,3439.009212709954,4.0757235269339,424.9242764730661,37.066510816979495,3863.9334891830204,11591.800467549061,45.2179578708473,0.02512108770602628,135.6538736125419,596.8770438951844,4713.782042129153,14141.346126387458,62221.92295610482,4759.0,14277.0,62818.8,0.4759,5.498126973868711,27.490634869343555,1.7991722442637919,293.4317647958977,181.38753748856473,112.04422730733297,880.2952943876932,544.1626124656942,336.13268192199894,98.97236187013678,12.227170580801701,111.19953245093848,435.4783922286019,53.79955055552749,11703.0,-0.010851220652969198,1812.1347010660315
96,96,2025,7NB,7,NB,Night,8,OP,NT,5.6,70,6000,1,6,70,1800,1,6,0.2,0.01,663.0,82.0,0.0,0.0,0.0,1.0,1.0,1.0,1.25,0.625,0.24291497975708504,0.24291497975708504,30,4.009,0.708,663.0,82.0,0.0,0.0,0.0,745.0,909.0,1.0,1.2,0.0946875,909.0,0.0,1.0,0.0,629.85,77.89999999999999,0.0,0.0,0.0,707.75,1.2499453459258196,6.249726729629098,,0.01000001767643125,0.010000040128069885,6513364.354809189,32566821.774045944,69.99920072597749,69.99999999999915,0.0,4.800000000000058,4.800054807987352,-5.480798729351477e-05,7.508694267314681e-05,6.298511133500223,656.7014888664997,0.7790031259766439,81.22099687402336,7.0775142594768665,737.9224857405231,5903.379885924185,8.635520511430155,0.004797511395238975,69.08416409144124,386.87131891207093,900.3644794885698,7202.915835908559,40336.32868108793,909.0,7272.0,40723.2,0.1515,6.999693937184589,34.99846968592295,1.8002579534757719,71.35156748418393,44.08765019445114,27.263917289732788,570.8125398734715,352.70120155560915,218.1113383178623,50.38808906800178,6.232025007813151,56.62011407581493,282.17329878080994,34.89934004375365,5960.0,-1.1418200309361798e-05,1368353.8560523507
97,97,2025,7NB,7,NB,AM-Early,1,OP,AM,5.6,70,6000,1,6,70,1800,1,6,0.2,0.01,1357.0,168.0,0.0,0.0,0.0,1.0,1.0,1.0,1.25,0.625,0.24291497975708504,0.24291497975708504,30,3.82,0.715,1357.0,168.0,0.0,0.0,0.0,1525.0,1861.0,1.0,1.2,0.19385416666666666,1861.0,0.0,1.0,0.0,1289.1499999999999,159.6,0.0,0.0,0.0,1448.75,1.2491507593437867,6.245753796718933,,0.010000572593512854,0.010000485054914264,88396.60356215265,441983.0178107632,69.94119296548672,69.99999999993713,2.664681044857385,4.800000000004311,4.804035872905443,-0.004035872901131832,0.00552914588045675,12.892238158927094,1344.107761841073,1.5960774147643164,166.40392258523568,14.48831557369141,1510.5116844263086,1510.5116844263086,17.680470403220042,0.009822483557344467,17.680470403220042,99.01063425803223,1843.3195295967798,1843.3195295967798,10322.589365741966,1860.9999999999998,1860.9999999999998,10421.599999999999,0.31016666666666665,6.995244252325206,34.97622126162602,1.7995919212534972,146.00911169032324,90.18435488084245,55.82475680948078,146.00911169032324,90.18435488084245,55.82475680948078,12.892238158927094,1.5960774147643164,14.48831557369141,72.19653368999172,8.938033522680172,1525.0,-0.0008401004921495242,18570.715034065684
98,98,2025,7NB,7,NB,AM-Peak,2,Peak,AM,5.6,70,6000,1,6,70,1800,1,6,0.2,0.01,1703.0,211.0,0.0,0.0,0.0,1.0,1.0,1.0,1.25,0.625,0.24291497975708504,0.24291497975708504,30,3.82,0.715,1703.0,211.0,0.0,0.0,0.0,1914.0,2336.0,1.0,1.2,0.24333333333333335,2336.0,0.0,1.0,0.0,1617.85,200.45,0.0,0.0,0.0,1818.3,1.2493275412602496,6.246637706301248,,0.010000587911657784,0.01000047817611176,22601.55228183344,113007.76140916719,69.77052941069921,69.99999999975408,5.226268364214299,4.800000000016863,4.815786877897402,-0.01578687788053923,0.0216280227194405,16.179451152875544,1686.8205488471244,2.004595850401602,208.9954041495984,18.184047003277147,1895.815952996723,3791.631905993446,22.19323870408035,0.012329577057822417,44.3864774081607,248.5642734856999,2313.8067612959194,4627.613522591839,25914.635726514294,2335.9999999999995,4671.999999999999,26163.199999999993,0.38933333333333325,6.9962342310573975,34.98117115528699,1.8002273062138678,183.31834053554547,113.19522999546895,70.12311054007651,366.63668107109095,226.3904599909379,140.24622108015302,32.35890230575109,4.009191700803204,36.368094006554294,181.2098529122061,22.451473524497942,3828.0,-0.003278151272224045,4748.2252692927395
99,99,2025,7NB,7,NB,AM-Shoulder,1,OP,AM,5.6,70,6000,1,6,70,1800,1,6,0.2,0.01,2051.0,253.0,0.0,0.0,0.0,1.0,1.0,1.0,1.25,0.625,0.24291497975708504,0.24291497975708504,30,3.82,0.715,2051.0,253.0,0.0,0.0,0.0,2304.0,2810.0,1.0,1.2,0.29270833333333335,2810.0,0.0,1.0,0.0,1948.4499999999998,240.35,0.0,0.0,0.0,2188.7999999999997,1.2498702496537923,6.249351248268962,,0.010000065247012744,0.010000139532119274,7463.195424461338,37315.97712230669,69.30936433970473,69.99999999925515,4.023518881823569,4.800000000051075,4.8478297730905355,-0.04782977303946012,0.06552678913403336,19.48462713054198,2031.5153728694581,2.4035335365448676,250.59646646345513,21.888160667086847,2282.1118393329134,2282.1118393329134,26.695227740176584,0.01483068207787588,26.695227740176584,149.49327534498886,2783.3047722598235,2783.3047722598235,15586.50672465501,2810.0,2810.0,15735.999999999998,0.4683333333333333,6.999273398061237,34.996366990306186,1.7988620278235967,220.4931740643774,136.37823234594472,84.11494171843269,220.4931740643774,136.37823234594472,84.11494171843269,19.48462713054198,2.4035335365448676,21.888160667086847,109.11391193103509,13.459787804651258,2304.0,-0.009866223707968236,1567.8981984162476
100,100,2025,7NB,7,NB,MD,5,OP,MD,5.6,70,6000,1,6,70,1800,1,6,0.2,0.01,2793.0,345.0,0.0,0.0,0.0,1.0,1.0,1.0,1.25,0.625,0.24291497975708504,0.24291497975708504,30,3.823,0.708,2793.0,345.0,0.0,0.0,0.0,3138.0,3828.0,1.0,1.2,0.39875,3828.0,0.0,1.0,0.0,2653.35,327.75,0.0,0.0,0.0,2981.1,1.2499023832022804,6.249511916011402,,0.010000091977487982,0.010000105326362502,1167.729763090027,5838.648815450135,65.80883357902638,69.9999999952394,5.481149323906429,4.800000000326441,5.105697544335217,-0.30569754400877613,0.4188056357392478,26.533744048467735,2766.4662559515323,3.27753452071531,341.72246547928466,29.811278569183045,3108.188721430817,15540.943607154086,36.366347610613666,0.020203526450340924,181.83173805306834,1018.2577330971826,3791.633652389386,18958.16826194693,106165.74226690279,3827.9999999999995,19139.999999999996,107183.99999999997,0.6379999999999999,6.99945334593277,34.99726672966385,1.7995733003973056,300.4264533973259,185.72170356017122,114.70474983715468,1502.1322669866295,928.6085178008561,573.5237491857733,132.66872024233868,16.38767260357655,149.05639284591524,742.9448333570965,91.77096658002868,15690.0,-0.05987380594997215,245.32137880042586
101,101,2025,7NB,7,NB,PM-Shoulder,1,OP,PM,5.6,70,6000,1,6,70,1800,1,6,0.2,0.01,3717.0,459.0,0.0,0.0,0.0,1.0,1.0,1.0,1.25,0.625,0.24291497975708504,0.24291497975708504,30,4.005,0.592,3717.0,459.0,0.0,0.0,0.0,4176.0,5094.0,1.0,1.2,0.530625,5094.0,0.0,1.0,0.0,3531.1499999999996,436.04999999999995,0.0,0.0,0.0,3967.2,0.3955168330232485,1.9775841651162427,,0.1023044615753085,0.10234672145781798,116.3096269216815,581.5481346084075,58.19918313796696,69.96968702428832,4.402951754796852,4.802079504562677,5.773276906713253,-0.971197402150576,1.3333893621971562,361.2523994916506,3355.7476005083495,44.62828789168152,414.3717121083185,405.8806873833321,3770.119312616668,3770.119312616668,495.13726316669516,0.27507625731483065,495.13726316669516,2772.768673733493,4598.8627368333055,4598.8627368333055,25753.63132626651,5094.000000000001,5094.000000000001,28526.4,0.8490000000000002,2.2148942649301917,11.074471324650958,0.5694717871647057,1294.370562351022,800.1358678263274,494.2346945246946,1294.370562351022,800.1358678263274,494.2346945246946,361.2523994916506,44.62828789168152,405.8806873833321,2023.013437153243,249.91841219341651,4176.0,-0.16822290318714025,24.43479557178183
102,102,2025,7NB,7,NB,PM-Peak,3,Peak,PM,5.6,70,6000,1,6,70,1800,1,6,0.2,0.01,3647.0,451.0,0.0,0.0,0.0,1.0,1.0,1.0,1.25,0.625,0.24291497975708504,0.24291497975708504,30,4.005,0.592,3647.0,451.0,0.0,0.0,0.0,4098.0,5000.0,1.0,1.2,0.5208333333333334,5000.0,0.0,1.0,0.0,3464.6499999999996,428.45,0.0,0.0,0.0,3893.1,0.3536705147294798,1.768352573647399,,0.10230938805295223,0.10234666270301494,116.30361724704485,581.5180862352242,59.25562191868971,69.97288521178619,6.75248967952319,4.801860020249735,5.6703480466555165,-0.8684880264057817,1.192376823918057,354.4662213176609,3292.5337786823393,43.850427635106755,407.14957236489323,398.31664895276765,3699.6833510472325,11099.050053141698,486.01750422298113,0.27000972456832284,1458.0525126689433,8165.094070946082,4513.982495777019,13541.947487331057,75834.90592905392,5000.0,15000.0,84000.0,0.8333333333333334,1.9805548824850867,9.902774412425433,0.509411966698313,1136.2806980655807,702.0398053067325,434.24089275884825,3408.8420941967424,2106.1194159201978,1302.7226782765447,1063.3986639529826,131.55128290532025,1194.9499468583028,5955.0325181367025,736.6871842697933,12294.0,-0.15316308968336312,24.43353303509346
103,103,2025,7NB,7,NB,PM-Late,3,OP,PM,5.6,70,6000,1,6,70,1800,1,6,0.2,0.01,2375.0,294.0,0.0,0.0,0.0,1.0,1.0,1.0,1.25,0.625,0.24291497975708504,0.24291497975708504,30,4.005,0.592,2375.0,294.0,0.0,0.0,0.0,2669.0,3257.0,1.0,1.2,0.33927083333333335,3257.0,0.0,1.0,0.0,2256.25,279.3,0.0,0.0,0.0,2535.5499999999997,1.2495095530629174,6.247547765314588,,0.010000862427514306,0.010000564093670877,3077.0359635912673,15385.17981795634,68.34859510718019,69.99999999819318,4.663545131800099,4.800000000123896,4.915975221920872,-0.11597522179697606,0.15888605403159586,22.564445852079153,2352.435554147921,2.7931575513622757,291.2068424486377,25.35760340344143,2643.6423965965587,7930.927189789676,30.94391850616598,0.017191065836758876,92.83175551849794,519.8578309035885,3226.056081493834,9678.168244481501,54197.742169096404,3257.0,9771.0,54717.59999999999,0.5428333333333333,6.997253497152338,34.98626748576169,1.8000469186190537,255.61130487160113,157.88914764976542,97.72215722183572,766.8339146148035,473.6674429492963,293.1664716655072,67.69333755623745,8.379472654086827,76.07281021032428,379.0826903149297,46.92504686288623,8007.0,-0.023591498443651594,646.4361268048882
104,104,2025,7SB,7,SB,Night,8,OP,NT,5.6,70,6000,1,6,70,1800,1,6,0.2,0.01,826.0,102.0,0.0,0.0,0.0,1.0,1.0,1.0,1.25,0.625,0.24291497975708504,0.24291497975708504,30,4.009,0.708,826.0,102.0,0.0,0.0,0.0,928.0,1132.0,1.0,1.2,0.11791666666666667,1132.0,0.0,1.0,0.0,784.6999999999999,96.89999999999999,0.0,0.0,0.0,881.5999999999999,1.2498666321414236,6.249333160707118,,0.010000180281157602,0.010000097765449375,1746156.2258215751,8730781.129107874,69.99701889627313,69.99999999999682,0.0,4.800000000000218,4.800204427247254,-0.0002044272470360653,0.000280065328738249,7.847141466624369,818.1528585333756,0.9690094734720444,101.03099052652796,8.816150940096414,919.1838490599035,7353.470792479228,10.754169887040502,0.005974538826133613,86.03335909632402,481.78681093941447,1121.2458301129595,8969.966640903676,50231.81318906059,1132.0,9056.0,50713.6,0.18866666666666668,6.999253139991971,34.99626569995986,1.7993729259201883,88.83584254963768,54.92412955023182,33.911712999405864,710.6867403971014,439.39303640185454,271.2937039952469,62.77713173299495,7.752075787776355,70.52920752077131,351.5519377047717,43.411624411547585,7424.0,-4.2587196052668326e-05,366839.54323982674
105,105,2025,7SB,7,SB,AM-Early,1,OP,AM,5.6,70,6000,1,6,70,1800,1,6,0.2,0.01,3408.0,421.0,0.0,0.0,0.0,1.0,1.0,1.0,1.25,0.625,0.24291497975708504,0.24291497975708504,30,3.82,0.715,3408.0,421.0,0.0,0.0,0.0,3829.0,4671.0,1.0,1.2,0.4865625,4671.0,0.0,1.0,0.0,3237.6,399.95,0.0,0.0,0.0,3637.5499999999997,0.24849799261647484,1.2424899630823742,,0.09429456965889321,0.09430863151579166,116.7853494467471,583.9267472337356,62.124864899360794,69.98895360747001,4.267560374547995,4.800757586467735,5.408462465782475,-0.6077048793147402,0.8335935781219904,305.28809872763264,3102.7119012723674,37.71873717474087,383.28126282525915,343.0068359023735,3485.9931640976265,3485.9931640976265,418.44431025185526,0.2324690612510307,418.44431025185526,2343.2881374103895,4252.555689748145,4252.555689748145,23814.31186258961,4671.0,4671.0,26157.6,0.7785,1.391588758652259,6.957943793261295,0.3578022920167266,687.2803395543369,424.8354863396946,262.44485321464236,687.2803395543369,424.8354863396946,262.44485321464236,305.28809872763264,37.71873717474087,343.0068359023735,1709.6133528747428,211.22492817854888,3829.0,-0.11236185573247198,24.534737278728386
106,106,2025,7SB,7,SB,AM-Peak,2,Peak,AM,5.6,70,6000,1,6,70,1800,1,6,0.2,0.01,3398.0,420.0,0.0,0.0,0.0,1.0,1.0,1.0,1.25,0.625,0.24291497975708504,0.24291497975708504,30,3.82,0.715,3398.0,420.0,0.0,0.0,0.0,3818.0,4658.0,1.0,1.2,0.48520833333333335,4658.0,0.0,1.0,0.0,3228.1,399.0,0.0,0.0,0.0,3627.1,0.244374246673115,1.221871233365575,,0.09429520227496863,0.09430904086760603,116.78438985489984,583.9219492744991,62.24100783434736,69.989136365079,6.649479326800677,4.800745050593977,5.398370169298259,-0.5976251187042818,0.8197671319386148,304.3943424638262,3093.6056575361736,37.6293073061748,382.3706926938252,342.023649770001,3475.976350229999,6951.952700459998,417.2822643823506,0.231823480212417,834.5645287647012,4673.561361082327,4240.717735617649,8481.435471235298,47496.038638917664,4658.0,9316.0,52169.59999999999,0.7763333333333333,1.3684957813694438,6.842478906847219,0.35191808034615313,674.040115056245,416.56237353447193,257.47774152177305,1348.08023011249,833.1247470689439,514.9554830435461,608.7886849276524,75.2586146123496,684.047299540002,3409.2166355948534,421.4482418291578,7636.0,-0.11070473123594039,24.53453568380249
107,107,2025,7SB,7,SB,AM-Shoulder,1,OP,AM,5.6,70,6000,1,6,70,1800,1,6,0.2,0.01,2823.0,349.0,0.0,0.0,0.0,1.0,1.0,1.0,1.25,0.625,0.24291497975708504,0.24291497975708504,30,3.82,0.715,2823.0,349.0,0.0,0.0,0.0,3172.0,3870.0,1.0,1.2,0.403125,3870.0,0.0,1.0,0.0,2681.85,331.55,0.0,0.0,0.0,3013.3999999999996,0.20000558681586603,1.00002793407933,,0.023415093234370656,0.02339233141031434,189.1486564822005,945.7432824110024,65.85661473615748,69.99999916370331,5.2222770865254535,4.800000057346059,5.101993191513452,-0.30199313416739315,0.4137306723734306,62.79576779059694,2760.204232209403,7.75572747908972,341.2442725209103,70.55149526968665,3101.4485047303133,3101.4485047303133,86.0629502278661,0.04781275012659227,86.0629502278661,481.9525212760501,3783.937049772134,3783.937049772134,21190.047478723947,3870.0,3870.0,21671.999999999996,0.645,1.1200312861688497,5.600156430844248,0.28795206164023535,113.76651168236248,70.33322456446272,43.433287117899745,113.76651168236248,70.33322456446272,43.433287117899745,62.79576779059694,7.75572747908972,70.55149526968665,351.65629962734283,43.43207388290243,3172.0,-0.059191206814960505,39.73711270634465
108,108,2025,7SB,7,SB,MD,5,OP,MD,5.6,70,6000,1,6,70,1800,1,6,0.2,0.01,2615.0,323.0,0.0,0.0,0.0,1.0,1.0,1.0,1.25,0.625,0.24291497975708504,0.24291497975708504,30,3.823,0.708,2615.0,323.0,0.0,0.0,0.0,2938.0,3584.0,1.0,1.2,0.37333333333333335,3584.0,0.0,1.0,0.0,2484.25,306.84999999999997,0.0,0.0,0.0,2791.1,1.249919759001775,6.249598795008875,,0.010000074992364456,0.010000165245800791,1733.6920801575307,8668.460400787655,67.12072101452428,69.99999999679343,5.1317760856228185,4.800000000219879,5.005905701270593,-0.20590570105071393,0.2820908107407131,24.8426862997814,2590.1573137002188,3.0685507056739723,319.931449294326,27.91123700545537,2910.0887629945446,14550.443814972723,34.04833841680332,0.018915743564890734,170.2416920840166,953.3534756704928,3549.9516615831967,17749.758307915985,99398.64652432951,3584.0,17920.0,100352.0,0.5973333333333334,6.999550650409939,34.9977532520497,1.799582557217574,281.28002148614564,173.88764104756498,107.39238043858066,1406.4001074307282,869.438205237825,536.9619021929033,124.213431498907,15.342753528369862,139.55618502727685,695.5952163938791,85.91941975887121,14690.0,-0.04113255689144348,364.2210252431788
109,109,2025,7SB,7,SB,PM-Shoulder,1,OP,PM,5.6,70,6000,1,6,70,1800,1,6,0.2,0.01,2670.0,330.0,0.0,0.0,0.0,1.0,1.0,1.0,1.25,0.625,0.24291497975708504,0.24291497975708504,30,4.005,0.592,2670.0,330.0,0.0,0.0,0.0,3000.0,3660.0,1.0,1.2,0.38125,3660.0,0.0,1.0,0.0,2536.5,313.5,0.0,0.0,0.0,2850.0,1.2499163136720917,6.249581568360458,,0.010000064124641439,0.010000178204626153,1528.5943523886492,7642.971761943246,66.75232866103372,69.99999999636323,5.240597329558901,4.800000000249379,5.033532263813563,-0.2335322635641841,0.31993920142458093,25.36516265215301,2644.6348373478468,3.135055867150299,326.8649441328497,28.50021851930331,2971.4997814806966,2971.4997814806966,34.77033025360391,0.01931685014089106,34.77033025360391,194.71384942018187,3625.2296697463958,3625.2296697463958,20301.286150579814,3659.9999999999995,3659.9999999999995,20495.999999999996,0.6099999999999999,6.999531356563713,34.99765678281857,1.7998850754863929,287.2638605815716,177.54425134808378,109.7196092334878,287.2638605815716,177.54425134808378,109.7196092334878,25.36516265215301,3.135055867150299,28.50021851930331,142.04491085205686,17.556312856041675,3000.0,-0.04639530479283204,321.13326730853976
110,110,2025,7SB,7,SB,PM-Peak,3,Peak,PM,5.6,70,6000,1,6,70,1800,1,6,0.2,0.01,2493.0,308.0,0.0,0.0,0.0,1.0,1.0,1.0,1.25,0.625,0.24291497975708504,0.24291497975708504,30,4.005,0.592,2493.0,308.0,0.0,0.0,0.0,2801.0,3417.0,1.0,1.2,0.3559375,3417.0,0.0,1.0,0.0,2368.35,292.59999999999997,0.0,0.0,0.0,2660.95,1.2499172646304184,6.2495863231520925,,0.010000070124806101,0.01000017988432544,2308.3902576191877,11541.951288095937,67.81517875029299,69.99999999759174,7.644774890843153,4.800000000165138,4.954642989841686,-0.15464298967654777,0.21186089608310962,23.683666080084528,2469.3163339199155,2.9260526341536237,305.0739473658464,26.609718714238152,2774.390281285762,8323.170843857286,32.4618239825454,0.018034346656969666,97.38547194763619,545.3586429067626,3384.5381760174546,10153.614528052363,56860.24135709323,3417.0,10251.0,57405.6,0.5695,6.999536681930342,34.997683409651714,1.799689886268691,268.179753220227,165.77468949014104,102.40506373008597,804.539259660681,497.32406847042313,307.2151911902579,71.05099824025359,8.77815790246087,79.82915614271447,397.8855901454201,49.15768425378087,8403.0,-0.03121173210534167,484.95593647461925
111,111,2025,7SB,7,SB,PM-Late,3,OP,PM,5.6,70,6000,1,6,70,1800,1,6,0.2,0.01,1825.0,226.0,0.0,0.0,0.0,1.0,1.0,1.0,1.25,0.625,0.24291497975708504,0.24291497975708504,30,4.005,0.592,1825.0,226.0,0.0,0.0,0.0,2051.0,2503.0,1.0,1.2,0.2607291666666667,2503.0,0.0,1.0,0.0,1733.75,214.7,0.0,0.0,0.0,1948.4499999999998,1.2498530793703044,6.249265396851522,,0.01000006127831464,0.010000142950876971,14941.412800877642,74707.0640043882,69.65332214461735,69.99999999962796,3.5839387344533087,4.800000000025511,4.823890514545476,-0.023890514519965045,0.03273000492730296,17.337606241278007,1807.662393758722,2.1470306915532857,223.85296930844672,19.484636932831293,2031.5153630671687,6094.546089201506,23.778698315937863,0.013210387953298812,71.33609494781359,399.4821317077561,2479.221301684062,7437.663905052186,41650.91786829224,2503.0,7509.0,42050.4,0.4171666666666667,6.999177244473705,34.99588622236852,1.8007430817021048,196.4862208751303,121.3489790775983,75.13724179753198,589.4586626253908,364.0469372327949,225.41172539259594,52.012818723834016,6.441092074659857,58.45391079849387,291.2717848534705,36.0701156180952,6153.0,-0.004952540785892213,3138.952269091942
