,index,Year,SegDir,Segment,Direction,Period,Hours/Day,Peak,4Periods,Length,Speed GP,Capacity GP,Alpha GP,Beta GP,Speed ML,Capacity ML,Alpha ML,Beta ML,MinToll,MinCapture,AADT Lights,AADT MediumA,AADT MediumB,AADT HeavyA,AADT HeavyB,GrowthFactor,GrowthFactor_medium,GrowthFactor_heavy,MaxToll,Soft Cap,MaxCapture,MaxCap_aux,Min Speed,B1,B2,TotalLights,TotalMediumA,TotalMediumB,TotalHeavyA,TotalHeavyB,TotalVeh,Corridor PCE pre-fix,Suppressed ratio ref,Max VC,Suppressed ratio,Corridor PCE,Suppressed Demand,PCE ratio,HOV3,InScopeLights,InScopeMediumA,InScopeMediumB,InScopeHeavyA,InScopeHeavyB,InScopeVeh,TollLights,TollMediumA,TollMediumB,CaptureRateLights,CaptureRateMediumA,VOT Lights,VOT MediumA,Speed GP Real,Speed ML Real,Bounus Seg,Time ML,Time GP,Time Savings,BonusRel,MLVeh_Lights,GPVeh_Lights,MLVeh_MediumA,GPVeh_MediumA,MLVeh,GPVeh,GPVehDay,ML PCE,ML V/C,ML Volume,ML PCE Total,GP PCE,GP Volume,GP PCE Total,Highway PCE,Highway Volume,Highway PCE Total,Highway V/C,TollLightsPerSeg,TollMediumAPerSeg,TollBlend,RevenuePerHour,RevenuePerHourLights,RevenuePerHourMediumA,RevenuePerDay,RevenuePerDayLights,RevenuePerDayMediumA,TransactionsDay_Lights,TransactionsDay_MediumA,TransactionsDay,TransactionsLightsLength,TransactionsMediumALength,TotalVeh_hours,Difference in Travel Time,Implied Min VOT
0,0,2025,1NB,1,NB,Night,8,OP,NT,3.0,70,12000,1,8,75,1800,1,4,0.05,0.01,2238.0,0.0,277.0,0.0,0.0,1.0,1.0,1.0,3.66,1.83,0.17391304347826086,0.17391304347826086,30,4.103,0.708,2238.0,0.0,277.0,0.0,0.0,2515.0,3069.0,1.0,1.2,0.19673076923076924,3069.0,0.0,1.0,67.14,1628.145,0.0,207.75,0.0,0.0,1886.25,0.117777617,0.588888085,,0.17391293605583938,0.1739128861712444,107.25672544250122,536.2836272125061,69.99940939188956,74.89257956925907,0.0,2.403442384215646,2.571450267419765,-0.16800788320411897,2.9723507935253136e-05,283.1554772746346,1887.7045227253652,0.0,0.0,283.1554772746346,2164.704522725365,17317.63618180292,283.1554772746346,0.1573085984859081,2265.243818197077,6795.73145459123,2718.704522725365,21749.63618180292,65248.90854540876,3001.8599999999997,24014.879999999997,72044.63999999998,0.25015499999999996,0.353332851,1.766664255,0.11777761699999999,100.04813206171237,100.04813206171237,0.0,800.3850564936989,800.3850564936989,0.0,2265.243818197077,0.0,2265.243818197077,6795.73145459123,0.0,20120.0,-0.0653358477637216,42.061460957843614
1,1,2025,1NB,1,NB,AM-Early,1,OP,AM,3.0,70,12000,1,8,75,1800,1,4,0.05,0.01,1841.0,0.0,228.0,0.0,0.0,1.0,1.0,1.0,3.66,1.83,0.17391304347826086,0.17391304347826086,30,4.155,0.715,2209.2,0.0,273.59999999999997,0.0,0.0,2482.7999999999997,3030.0,1.0,1.2,0.19423076923076923,3030.0,0.0,1.0,66.276,1607.193,0.0,205.2,0.0,0.0,1862.1,0.169543156,0.84771578,,0.11206877385187329,0.11206877384942149,152.0415093250211,760.2075466251056,69.99929162869536,74.97367755333983,0.0,2.4008426140219608,2.5714545934949316,-0.1706119794729708,3.5650230913829296e-05,180.11614885331377,1962.807851146686,0.0,0.0,180.11614885331377,2236.407851146686,2236.407851146686,180.11614885331377,0.10006452714072987,180.11614885331377,540.3484465599413,2783.607851146686,2783.607851146686,8350.823553440057,2963.7239999999997,2963.7239999999997,8891.171999999999,0.24697699999999997,0.508629468,2.54314734,0.169543156,91.6123809694698,91.6123809694698,0.0,91.6123809694698,91.6123809694698,0.0,180.11614885331377,0.0,180.11614885331377,540.3484465599413,0.0,2482.7999999999997,-0.06634843170265262,59.62412130392985
2,2,2025,1NB,1,NB,AM-Peak,2,Peak,AM,3.0,70,12000,1,8,75,1800,1,4,0.05,0.01,4183.0,0.0,517.0,0.0,0.0,1.0,1.0,1.0,3.66,1.83,0.17391304347826086,0.17391304347826086,30,4.155,0.715,4183.0,0.0,517.0,0.0,0.0,4700.0,5734.0,1.0,1.2,0.36756410256410255,5734.0,0.0,1.0,125.49,3043.1325,0.0,387.75,0.0,0.0,3525.0,0.167837166,0.83918583,,0.10773780557863863,0.10773780752185208,154.56795066745934,772.8397533372965,69.88142045133687,74.69941778733767,1.4898771654987835,2.4096573351139545,2.5757919463778802,-0.1661346112639257,0.005977823680553477,327.8604176350365,3729.649582364964,0.0,0.0,327.8604176350365,4246.649582364964,8493.299164729928,327.8604176350365,0.1821446764639092,655.720835270073,1967.162505810219,5280.649582364964,10561.299164729928,31683.897494189783,5608.51,11217.02,33651.060000000005,0.4673758333333334,0.5035114980000001,2.51755749,0.167837166,165.08149001832288,165.08149001832288,0.0,330.16298003664576,330.16298003664576,0.0,655.720835270073,0.0,655.720835270073,1967.162505810219,0.0,9400.0,-0.06449845900696555,60.61488261468993
3,3,2025,1NB,1,NB,AM-Shoulder,1,OP,AM,3.0,70,12000,1,8,75,1800,1,4,0.05,0.01,4812.0,0.0,595.0,0.0,0.0,1.0,1.0,1.0,3.66,1.83,0.17391304347826086,0.17391304347826086,30,4.155,0.715,4812.0,0.0,595.0,0.0,0.0,5407.0,6597.0,1.0,1.2,0.42288461538461536,6597.0,0.0,1.0,144.35999999999999,3500.7300000000005,0.0,446.25,0.0,0.0,4055.25,0.174664118,0.8733205900000001,,0.10347065572988698,0.10347067117314798,157.17263876570541,785.8631938285271,69.6302438211215,74.53241878648618,1.1430233255245859,2.4150564671146384,2.585083580382339,-0.1700271132677007,0.018707362266661913,362.2228286332873,4305.417171366713,0.0,0.0,362.2228286332873,4900.417171366713,4900.417171366713,362.2228286332873,0.2012349047962707,362.2228286332873,1086.668485899862,6090.417171366713,6090.417171366713,18271.25151410014,6452.64,6452.64,19357.920000000002,0.53772,0.523992354,2.61996177,0.174664118,189.8019926480948,189.8019926480948,0.0,189.8019926480948,189.8019926480948,0.0,362.2228286332873,0.0,362.2228286332873,1086.668485899862,0.0,5407.0,-0.06577238529461912,61.63632892772762
4,4,2025,1NB,1,NB,MD,5,OP,MD,3.0,70,12000,1,8,75,1800,1,4,0.05,0.01,5111.0,0.0,632.0,0.0,0.0,1.0,1.0,1.0,3.66,1.83,0.17391304347826086,0.17391304347826086,30,4.136,0.708,5111.0,0.0,632.0,0.0,0.0,5743.0,7007.0,1.0,1.2,0.44916666666666666,7007.0,0.0,1.0,153.32999999999998,3718.2525,0.0,474.0,0.0,0.0,4307.25,0.415252552,2.07626276,,0.011718591101600697,0.011718600573803403,311.2176394627408,1556.0881973137039,69.11144486652124,74.9892621934597,2.260297112642653,2.4003436590112095,2.604489029966657,-0.2041453709554477,0.04529282819717741,43.57268066000454,4914.097319339996,0.0,0.0,43.57268066000454,5546.097319339996,27730.48659669998,43.57268066000454,0.024207044811113635,217.86340330002272,653.5902099000682,6810.097319339996,34050.48659669998,102151.45979009994,6853.67,34268.35,102805.05,0.5711391666666666,1.2457576559999999,6.22878828,0.41525255200000005,54.28100052464379,54.28100052464379,0.0,271.40500262321893,271.40500262321893,0.0,217.86340330002272,0.0,217.86340330002272,653.5902099000682,0.0,28715.0,-0.07838211971968305,122.04613312264344
5,5,2025,1NB,1,NB,PM-Shoulder,1,OP,PM,3.0,70,12000,1,8,75,1800,1,4,0.05,0.01,6757.0,0.0,835.0,0.0,0.0,1.0,1.0,1.0,3.66,1.83,0.17391304347826086,0.17391304347826086,30,4.135,0.592,8108.4,0.0,1002.0,0.0,0.0,9110.4,11114.4,1.0,1.2,0.7124615384615385,11114.4,0.0,1.0,243.25199999999998,5898.860999999999,0.0,751.5,0.0,0.0,6832.799999999999,1.419297409,7.096487045,,0.04722022825946985,0.04722023389567904,168.18689179105172,840.9344589552588,48.54255659027193,74.47407564072427,2.942881607134621,2.4169484273742574,3.708086525382401,-1.2911380980081435,1.5572213969167465,278.5455628908845,7586.602437109114,0.0,0.0,278.5455628908845,8588.602437109115,8588.602437109115,278.5455628908845,0.1547475349393803,278.5455628908845,835.6366886726536,10592.602437109115,10592.602437109115,31777.807311327346,10871.148,10871.148,32613.444,0.905929,4.257892226999999,21.289461135,1.419297409,1186.0169870984366,1186.0169870984366,0.0,1186.0169870984366,1186.0169870984366,0.0,278.5455628908845,0.0,278.5455628908845,835.6366886726536,0.0,9110.4,-0.34819524549120207,65.95564383962814
6,6,2025,1NB,1,NB,PM-Peak,3,Peak,PM,3.0,70,12000,1,8,75,1800,1,4,0.05,0.01,6670.0,0.0,824.0,0.0,0.0,1.0,1.0,1.0,3.66,1.83,0.17391304347826086,0.17391304347826086,30,4.135,0.592,8004.0,0.0,988.8,0.0,0.0,8992.8,10970.4,1.0,1.2,0.7032307692307692,10970.4,0.0,1.0,240.12,5822.91,0.0,741.5999999999999,0.0,0.0,6744.599999999999,1.202351064,6.01175532,,0.054630879101834014,0.05463087845969511,161.27321089704495,806.3660544852248,50.5210344268694,74.31257215971259,4.331719599727127,2.422201180348649,3.562872416251789,-1.14067123590314,1.3582780674078088,318.1106922308603,7445.76930776914,0.0,0.0,318.1106922308603,8434.56930776914,25303.70792330742,318.1106922308603,0.17672816235047795,954.3320766925809,2862.996230077743,10412.16930776914,31236.50792330742,93709.52376992226,10730.28,32190.840000000004,96572.52,0.89419,3.6070531919999995,18.03526596,1.202351064,1147.4421878206542,1147.4421878206542,0.0,3442.326563461963,3442.326563461963,0.0,954.3320766925809,0.0,954.3320766925809,2862.996230077743,0.0,26978.399999999998,-0.3201549487711233,63.24439643021371
7,7,2025,1NB,1,NB,PM-Late,3,OP,PM,3.0,70,12000,1,8,75,1800,1,4,0.05,0.01,6393.0,0.0,790.0,0.0,0.0,1.0,1.0,1.0,3.66,1.83,0.17391304347826086,0.17391304347826086,30,4.135,0.592,7112.911659659985,0.0,878.9613970172671,0.0,0.0,7991.873056677252,9749.795850711787,1.0,1.2,0.6249869135071658,9749.795850711787,0.0,1.0,213.38734978979954,5174.643232402639,0.0,659.2210477629503,0.0,0.0,5993.904792507939,0.187399184,0.93699592,,0.1427099094994661,0.14270997317536838,117.61165055203564,588.0582527601783,63.57134823279771,69.56042568507338,1.0662352808547535,2.5876782412880672,2.831464252430853,-0.24378601114278586,0.35624888297312574,738.4728673882054,6161.05144248198,0.0,0.0,738.4728673882054,7040.012839499247,21120.038518497742,738.4728673882054,0.41026270410455856,2215.418602164616,6646.255806493848,8797.935633533782,26393.806900601347,79181.42070180405,9536.408500921987,28609.225502765963,85827.6765082979,0.7947007084101656,0.562197552,2.8109877599999997,0.18739918400000002,415.1676382640697,415.1676382640697,0.0,1245.5029147922091,1245.5029147922091,0.0,2215.418602164616,0.0,2215.418602164616,6646.255806493848,0.0,23975.619170031758,-0.08609891893690412,46.12221590275907
8,8,2025,1SB,1,SB,Night,8,OP,NT,3.0,70,12000,1,8,75,1800,1,4,0.05,0.01,1637.0,0.0,202.0,0.0,0.0,1.0,1.0,1.0,3.66,1.83,0.17391304347826086,0.17391304347826086,30,4.103,0.708,1637.0,0.0,202.0,0.0,0.0,1839.0,2243.0,1.0,1.2,0.1437820512820513,2243.0,0.0,1.0,49.11,1190.9175,0.0,151.5,0.0,0.0,1379.25,0.147646003,0.738230015,,0.1350905531240559,0.13509055309977427,132.11503878604333,660.5751939302166,69.99994249694497,74.98611009249055,0.0,2.4004445593721497,2.57143068378743,-0.17098612441528038,2.893931636939462e-06,160.88170380011786,1427.0082961998821,0.0,0.0,160.88170380011786,1629.0082961998821,13032.066369599057,160.88170380011786,0.08937872433339882,1287.053630400943,3861.1608912028287,2033.0082961998821,16264.066369599057,48792.19910879717,2193.89,17551.12,52653.36,0.18282416666666665,0.442938009,2.2146900449999998,0.147646003,71.26062156575195,71.26062156575195,0.0,570.0849725260156,570.0849725260156,0.0,1287.053630400943,0.0,1287.053630400943,3861.1608912028287,0.0,14712.0,-0.06649454931580615,51.809819131781694
9,9,2025,1SB,1,SB,AM-Early,1,OP,AM,3.0,70,12000,1,8,75,1800,1,4,0.05,0.01,4573.0,0.0,565.0,0.0,0.0,1.0,1.0,1.0,3.66,1.83,0.17391304347826086,0.17391304347826086,30,4.155,0.715,4573.0,0.0,565.0,0.0,0.0,5138.0,6268.0,1.0,1.2,0.4017948717948718,6268.0,0.0,1.0,137.19,3326.8575,0.0,423.75,0.0,0.0,3853.5,0.795369856,3.9768492799999997,,0.010000531047947736,0.010000535907589111,658.1847079404903,3290.9235397024518,69.63026624373214,74.99396843886399,2.039330952056067,2.4001930254796187,2.585082747923615,-0.18488972244399626,0.018706221798209837,33.27034172084779,4402.539658279153,0.0,0.0,33.27034172084779,4967.539658279153,4967.539658279153,33.27034172084779,0.01848352317824877,33.27034172084779,99.81102516254336,6097.539658279153,6097.539658279153,18292.61897483746,6130.81,6130.81,18392.430000000004,0.5109008333333334,2.386109568,11.93054784,0.795369856,79.3866807107445,79.3866807107445,0.0,79.3866807107445,79.3866807107445,0.0,33.27034172084779,0.0,33.27034172084779,99.81102516254336,0.0,5138.0,-0.0715217811083622,258.1116501727413
10,10,2025,1SB,1,SB,AM-Peak,2,Peak,AM,3.0,70,12000,1,8,75,1800,1,4,0.05,0.01,7757.0,0.0,959.0,0.0,0.0,1.0,1.0,1.0,3.66,1.83,0.17391304347826086,0.17391304347826086,30,4.155,0.715,7757.0,0.0,959.0,0.0,0.0,8716.0,10634.0,1.0,1.2,0.6816666666666666,10634.0,0.0,1.0,232.70999999999998,5643.2175,0.0,719.25,0.0,0.0,6537.0,1.233788573,6.168942865,,0.05293364875187154,0.052933655231287416,202.59143391291485,1012.9571695645742,53.73119022785585,74.43447009110699,4.245277054492805,2.418234452125231,3.350009542626559,-0.9317750905013278,1.0666559305412426,298.7160929754146,7225.573907024585,0.0,0.0,298.7160929754146,8184.573907024585,16369.14781404917,298.7160929754146,0.16595338498634143,597.4321859508292,1792.2965578524877,10102.573907024585,20205.14781404917,60615.443442147516,10401.29,20802.58,62407.740000000005,0.8667741666666667,3.701365719,18.506828595,1.233788573,1105.6575062528163,1105.6575062528163,0.0,2211.3150125056327,2211.3150125056327,0.0,597.4321859508292,0.0,597.4321859508292,1792.2965578524877,0.0,17432.0,-0.2781410257628025,79.44762114231956
11,11,2025,1SB,1,SB,AM-Shoulder,1,OP,AM,3.0,70,12000,1,8,75,1800,1,4,0.05,0.01,7826.0,0.0,967.0,0.0,0.0,1.0,1.0,1.0,3.66,1.83,0.17391304347826086,0.17391304347826086,30,4.155,0.715,7826.0,0.0,967.0,0.0,0.0,8793.0,10727.0,1.0,1.2,0.6876282051282051,10727.0,0.0,1.0,234.78,5693.415,0.0,725.25,0.0,0.0,6594.75,0.683611767,3.418058835,,0.11125599433493362,0.11125602001106084,152.5070804350264,762.5354021751322,55.974978140322456,71.1490211373798,1.7222119225749606,2.529901284972602,3.215722559976029,-0.6858212750034269,0.882682764310017,633.426546986426,6957.793453013574,0.0,0.0,633.426546986426,7924.793453013574,7924.793453013574,633.426546986426,0.35190363721468115,633.426546986426,1900.2796409592781,9858.793453013575,9858.793453013575,29576.380359040726,10492.220000000001,10492.220000000001,31476.660000000003,0.8743516666666667,2.050835301,10.254176505,0.683611767,1299.053523150298,1299.053523150298,0.0,1299.053523150298,1299.053523150298,0.0,633.426546986426,0.0,633.426546986426,1900.2796409592781,0.0,8793.0,-0.21327128264713832,59.80669820981428
12,12,2025,1SB,1,SB,MD,5,OP,MD,3.0,70,12000,1,8,75,1800,1,4,0.05,0.01,5968.0,0.0,738.0,0.0,0.0,1.0,1.0,1.0,3.66,1.83,0.17391304347826086,0.17391304347826086,30,4.136,0.708,5968.0,0.0,738.0,0.0,0.0,6706.0,8182.0,1.0,1.2,0.5244871794871795,8182.0,0.0,1.0,179.04,4341.72,0.0,553.5,0.0,0.0,5029.5,0.188471815,0.9423590749999999,,0.11435972895979354,0.11435974894991231,146.67130047467754,733.3565023733876,68.07294769983585,73.54088607049572,1.272705037914101,2.4476180478360487,2.6442222069433616,-0.19660415910731288,0.09972728065526319,496.51792241931486,5292.442077580685,0.0,0.0,496.51792241931486,6030.442077580685,30152.210387903426,496.51792241931486,0.2758432902329527,2482.5896120965745,7447.768836289723,7506.442077580685,37532.210387903426,112596.63116371028,8002.96,40014.8,120044.4,0.6669133333333334,0.565415445,2.827077225,0.188471815,280.73890205519234,280.73890205519234,0.0,1403.6945102759616,1403.6945102759616,0.0,2482.5896120965745,0.0,2482.5896120965745,7447.768836289723,0.0,33530.0,-0.07435235911379065,57.51815704889316
13,13,2025,1SB,1,SB,PM-Shoulder,1,OP,PM,3.0,70,12000,1,8,75,1800,1,4,0.05,0.01,4858.0,0.0,600.0,0.0,0.0,1.0,1.0,1.0,3.66,1.83,0.17391304347826086,0.17391304347826086,30,4.135,0.592,4858.0,0.0,600.0,0.0,0.0,5458.0,6658.0,1.0,1.2,0.4267948717948718,6658.0,0.0,1.0,145.73999999999998,3534.195,0.0,450.0,0.0,0.0,4093.5,0.186849115,0.934245575,,0.06289862107699677,0.06289862207631816,154.6686765312185,773.3433826560924,69.52416725942078,74.86914990205378,1.592852290840536,2.404194521181044,2.5890277740163703,-0.18483325283532626,0.0241109075452848,222.29599211721663,4489.964007882783,0.0,0.0,222.29599211721663,5089.964007882783,5089.964007882783,222.29599211721663,0.12349777339845368,222.29599211721663,666.8879763516499,6289.964007882783,6289.964007882783,18869.89202364835,6512.26,6512.26,19536.78,0.5426883333333333,0.560547345,2.802736725,0.186849115,124.60742818544672,124.60742818544672,0.0,124.60742818544672,124.60742818544672,0.0,222.29599211721663,0.0,222.29599211721663,666.8879763516499,0.0,5458.0,-0.0713909888068113,60.65438295341902
14,14,2025,1SB,1,SB,PM-Peak,3,Peak,PM,3.0,70,12000,1,8,75,1800,1,4,0.05,0.01,6246.0,0.0,772.0,0.0,0.0,1.0,1.0,1.0,3.66,1.83,0.17391304347826086,0.17391304347826086,30,4.135,0.592,6246.0,0.0,772.0,0.0,0.0,7018.0,8562.0,1.0,1.2,0.5488461538461539,8562.0,0.0,1.0,187.38,4543.965,0.0,579.0,0.0,0.0,5263.5,0.212310187,1.061550935,,0.1003593990357999,0.10035940651639202,133.28207097525214,666.4103548762607,67.0915733348144,73.795272954852,2.385358182768063,2.4391806248907586,2.682900266799921,-0.2437196419091623,0.15271622265874887,456.02959663970853,5602.590403360291,0.0,0.0,456.02959663970853,6374.590403360291,19123.77121008087,456.02959663970853,0.2533497759109492,1368.0887899191257,4104.266369757377,7918.590403360291,23755.77121008087,71267.31363024261,8374.619999999999,25123.859999999997,75371.57999999999,0.6978849999999999,0.636930561,3.1846528050000003,0.212310187,290.4591868203333,290.4591868203333,0.0,871.3775604609998,871.3775604609998,0.0,1368.0887899191257,0.0,1368.0887899191257,4104.266369757377,0.0,21054.0,-0.09084185682379592,52.26747881382437
15,15,2025,1SB,1,SB,PM-Late,3,OP,PM,3.0,70,12000,1,8,75,1800,1,4,0.05,0.01,4575.0,0.0,566.0,0.0,0.0,1.0,1.0,1.0,3.66,1.83,0.17391304347826086,0.17391304347826086,30,4.135,0.592,4575.0,0.0,566.0,0.0,0.0,5141.0,6273.0,1.0,1.2,0.4021153846153846,6273.0,0.0,1.0,137.25,3328.3125,0.0,424.5,0.0,0.0,3855.75,0.163716463,0.818582315,,0.08109468556628861,0.08109468741888898,142.94580422457418,714.7290211228709,69.726506086992,74.80416532361895,1.315480735994866,2.4062831156698454,2.5815146936436033,-0.17523157797375788,0.013817987434593702,269.90845565384797,4167.841544346152,0.0,0.0,269.90845565384797,4733.841544346152,14201.524633038454,269.90845565384797,0.14994914202991555,809.7253669615438,2429.1761008846315,5865.841544346152,17597.524633038454,52792.57389911536,6135.75,18407.25,55221.74999999999,0.5113125,0.49114938900000005,2.455746945,0.163716463,132.56537308032102,132.56537308032102,0.0,397.69611924096307,397.69611924096307,0.0,809.7253669615438,0.0,809.7253669615438,2429.1761008846315,0.0,15423.0,-0.06787936493455801,56.057178127284
16,16,2025,2NB,2,NB,Night,8,OP,NT,2.2,70,12000,1,8,75,1800,1,4,0.05,0.01,3220.0,0.0,398.0,0.0,0.0,1.0,1.0,1.0,3.66,1.83,0.17391304347826086,0.17391304347826086,30,4.103,0.708,3220.0,0.0,398.0,0.0,0.0,3618.0,4414.0,1.0,1.2,0.28294871794871795,4414.0,0.0,1.0,96.6,2342.55,0.0,298.5,0.0,0.0,2713.5,0.117777617,0.588888085,,0.17391279260266082,0.17391250345836598,114.7228208998023,573.6141044990115,69.98919090316103,74.54182632897718,0.189670654979779,1.7708178951430746,1.8860055145177894,-0.11518761937471478,0.0003989834608001337,407.39941231136316,2716.000587688637,0.0,0.0,407.39941231136316,3114.000587688637,24912.004701509097,407.39941231136316,0.2263330068396462,3259.1952984909053,7170.229656679992,3910.000587688637,31280.004701509097,68816.01034332001,4317.400000000001,34539.200000000004,75986.24,0.3597833333333334,0.2591107574,1.295553787,0.117777617,105.5615702883122,105.5615702883122,0.0,844.4925623064976,844.4925623064976,0.0,3259.1952984909053,0.0,3259.1952984909053,7170.229656679992,0.0,28944.0,-0.061074911228011834,61.34910208545577
17,17,2025,2NB,2,NB,AM-Early,1,OP,AM,2.2,70,12000,1,8,75,1800,1,4,0.05,0.01,3086.0,0.0,381.0,0.0,0.0,1.0,1.0,1.0,3.66,1.83,0.17391304347826086,0.17391304347826086,30,4.155,0.715,3136.6935414180252,0.0,387.2586647052066,0.0,0.0,3523.952206123232,4298.469535533645,1.0,1.2,0.2755429189444644,4298.469535533645,0.0,1.0,94.10080624254076,2281.9445513816136,0.0,290.44399852890496,0.0,0.0,2642.964154592424,0.169543156,0.84771578,,0.10908682527864501,0.10908682540832693,153.7688182910198,768.8440914550991,69.98822881712229,74.90120573758897,0.5170489368578173,1.762321429944033,1.8860314402999554,-0.12371001035592233,0.00043450178236756554,248.93008657212204,2793.6626486033624,0.0,0.0,248.93008657212204,3180.921313308569,3180.921313308569,248.93008657212204,0.1382944925400678,248.93008657212204,547.6461904586686,3955.438642718982,3955.438642718982,8701.96501398176,4204.368729291104,4204.368729291104,9249.611204440429,0.35036406077425863,0.37299494320000004,1.8649747160000003,0.169543156,92.84966350173976,92.84966350173976,0.0,92.84966350173976,92.84966350173976,0.0,248.93008657212204,0.0,248.93008657212204,547.6461904586686,0.0,3523.952206123232,-0.06559276145271864,82.22931459412824
18,18,2025,2NB,2,NB,AM-Peak,2,Peak,AM,2.2,70,12000,1,8,75,1800,1,4,0.05,0.01,6362.0,0.0,786.0,0.0,0.0,1.0,1.0,1.0,3.66,1.83,0.17391304347826086,0.17391304347826086,30,4.155,0.715,6362.0,0.0,786.0,0.0,0.0,7148.0,8720.0,1.0,1.2,0.558974358974359,8720.0,0.0,1.0,190.85999999999999,4628.3550000000005,0.0,589.5,0.0,0.0,5361.0,0.167837166,0.83918583,,0.1342516261167487,0.13425165570446967,140.6337363555396,703.1686817776979,67.11169407382079,72.01439094215297,1.2300786277238485,1.8329669705327605,1.9668703319395289,-0.1339033614067684,0.11118378332858331,621.3641849955845,5549.775815004416,0.0,0.0,621.3641849955845,6335.775815004416,12671.551630008831,621.3641849955845,0.34520232499754694,1242.728369991169,2734.0024139805723,7907.775815004416,15815.551630008831,34794.21358601943,8529.14,17058.28,37528.21600000001,0.7107616666666666,0.36924176520000007,1.8462088260000002,0.167837166,229.43360849982903,229.43360849982903,0.0,458.86721699965807,458.86721699965807,0.0,1242.728369991169,0.0,1242.728369991169,2734.0024139805723,0.0,14296.0,-0.06807940474384319,75.20520660724043
19,19,2025,2NB,2,NB,AM-Shoulder,1,OP,AM,2.2,70,12000,1,8,75,1800,1,4,0.05,0.01,7274.0,0.0,899.0,0.0,0.0,1.0,1.0,1.0,3.66,1.83,0.17391304347826086,0.17391304347826086,30,4.155,0.715,7274.0,0.0,899.0,0.0,0.0,8173.0,9971.0,1.0,1.2,0.6391666666666667,9971.0,0.0,1.0,218.22,5291.835,0.0,674.25,0.0,0.0,6129.75,0.174664118,0.8733205900000001,,0.15455801830703375,0.1545581513924785,131.92200913784447,659.6100456892224,62.80409609900055,67.58066201383023,0.6587291618277876,1.953221469967052,2.1017737408707107,-0.14855227090365863,0.29600145356430263,817.895530807802,6237.884469192198,0.0,0.0,817.895530807802,7136.884469192198,7136.884469192198,817.895530807802,0.45438640600433444,817.895530807802,1799.3701677771644,8934.884469192199,8934.884469192199,19656.745832222838,9752.78,9752.78,21456.116,0.8127316666666667,0.38426105960000007,1.9213052980000003,0.174664118,314.28540331031047,314.28540331031047,0.0,314.28540331031047,314.28540331031047,0.0,817.895530807802,0.0,817.895530807802,1799.3701677771644,0.0,8173.0,-0.07067947801180409,70.54652895071897
20,20,2025,2NB,2,NB,MD,5,OP,MD,2.2,70,12000,1,8,75,1800,1,4,0.05,0.01,7621.0,0.0,942.0,0.0,0.0,1.0,1.0,1.0,3.66,1.83,0.17391304347826086,0.17391304347826086,30,4.136,0.708,7621.0,0.0,942.0,0.0,0.0,8563.0,10447.0,1.0,1.2,0.6696794871794872,10447.0,0.0,1.0,228.63,5544.2775,0.0,706.5,0.0,0.0,6422.25,0.415252552,2.07626276,,0.13087972343661866,0.1308797511977491,138.45528737961655,692.2764368980829,59.046291313351404,69.50931827525126,0.9854855379419161,1.8990259619191014,2.2355341387910754,-0.336508176871974,0.47925319871520217,725.6335058558675,6666.736494144133,0.0,0.0,725.6335058558675,7608.736494144133,38043.68247072066,725.6335058558675,0.4031297254754819,3628.1675292793375,7981.968564414543,9492.736494144134,47463.68247072067,104420.10143558549,10218.37,51091.850000000006,112402.07000000004,0.8515308333333333,0.9135556144000001,4.567778072,0.415252552,662.9065632713831,662.9065632713831,0.0,3314.5328163569156,3314.5328163569156,0.0,3628.1675292793375,0.0,3628.1675292793375,7981.968564414543,0.0,42815.0,-0.1505269684917224,74.04026063081099
21,21,2025,2NB,2,NB,PM-Shoulder,1,OP,PM,2.2,70,12000,1,8,75,1800,1,4,0.05,0.01,8273.0,0.0,1022.0,0.0,0.0,1.0,1.0,1.0,3.66,1.83,0.17391304347826086,0.17391304347826086,30,4.135,0.592,9625.664732077877,0.0,1189.1006111668792,0.0,0.0,10814.765343244757,13192.966565578514,1.0,1.2,0.8457029849729817,13192.966565578514,0.0,1.0,288.7699419623363,7002.6710925866555,0.0,891.8254583751593,0.0,0.0,8111.074007433568,1.419297409,7.096487045,,0.16112096151387523,0.16112104207226804,112.28022933005654,561.4011466502826,34.24743253564495,54.18674122559542,0.7678613620695354,2.436020270169874,3.854303526625348,-1.418283256455474,2.696967260048156,1128.277099602981,8208.61769051256,0.0,0.0,1128.277099602981,9397.718301679439,9397.718301679439,1128.277099602981,0.626820610890545,1128.277099602981,2482.2096191265587,11775.919524013196,11775.919524013196,25907.022952829033,12904.196623616177,12904.196623616177,28389.232571955592,1.0753497186346814,3.1224542998,15.612271499000002,1.419297409,3522.993681021201,3522.993681021201,0.0,3522.993681021201,3522.993681021201,0.0,1128.277099602981,0.0,1128.277099602981,2482.2096191265587,0.0,10814.765343244757,-0.36797394046889137,60.042903385056974
22,22,2025,2NB,2,NB,PM-Peak,3,Peak,PM,2.2,70,12000,1,8,75,1800,1,4,0.05,0.01,7207.0,0.0,891.0,0.0,0.0,1.0,1.0,1.0,3.66,1.83,0.17391304347826086,0.17391304347826086,30,4.135,0.592,8648.4,0.0,1069.2,0.0,0.0,9717.6,11856.0,1.0,1.2,0.76,11856.0,0.0,1.0,259.452,6291.711,0.0,801.9000000000001,0.0,0.0,7288.200000000001,1.202351064,6.01175532,,0.11017329478693957,0.1101733113649756,129.09638332443083,645.4819166221542,44.851249587592385,69.5440784122142,2.205477662896399,1.8980767739502677,2.943061814637075,-1.044985040686807,1.4485661146242217,693.1785307172304,7695.769469282769,0.0,0.0,693.1785307172304,8764.969469282769,26294.908407848307,693.1785307172304,0.38509918373179464,2079.535592151691,4574.978302733721,10903.36946928277,32710.10840784831,71962.23849726628,11596.548,34789.644,76537.21680000001,0.9663790000000001,2.6451723408,13.225861704000001,1.202351064,1833.5766766896008,1833.5766766896008,0.0,5500.730030068802,5500.730030068802,0.0,2079.535592151691,0.0,2079.535592151691,4574.978302733721,0.0,29152.800000000003,-0.3550673096601846,69.0354991039737
23,23,2025,2NB,2,NB,PM-Late,3,OP,PM,2.2,70,12000,1,8,75,1800,1,4,0.05,0.01,7436.0,0.0,919.0,0.0,0.0,1.0,1.0,1.0,3.66,1.83,0.17391304347826086,0.17391304347826086,30,4.135,0.592,8278.728251191676,0.0,1023.1510574025217,0.0,0.0,9301.879308594198,11348.18142339924,1.0,1.2,0.7274475271409769,11348.18142339924,0.0,1.0,248.3618475357503,6022.774802741944,0.0,767.3632930518913,0.0,0.0,6976.409481445648,0.187399184,0.93699592,,0.17391304057124204,0.17391221661339942,100.65381490079736,503.2690745039868,54.06323257473754,59.121526097563724,0.4875403877623938,2.232689321689202,2.4415854123691534,-0.2088960906799513,0.7615434435171686,1047.4390786207139,6982.927325035212,0.0,0.0,1047.4390786207139,8006.078382437733,24018.2351473132,1047.4390786207139,0.5819105992337299,3142.3172358621414,6913.097918896711,10052.380497242777,30157.141491728333,66345.71128180233,11099.81957586349,33299.45872759048,73258.80920069905,0.9249849646552909,0.41227820480000005,2.061391024,0.187399184,431.83630297111404,431.83630297111404,0.0,1295.508908913342,1295.508908913342,0.0,3142.3172358621414,0.0,3142.3172358621414,6913.097918896711,0.0,27905.637925782594,-0.0855575601089672,53.82556946566704
24,24,2025,2SB,2,SB,Night,8,OP,NT,2.2,70,12000,1,8,75,1800,1,4,0.05,0.01,2585.0,0.0,319.0,0.0,0.0,1.0,1.0,1.0,3.66,1.83,0.17391304347826086,0.17391304347826086,30,4.103,0.708,2585.0,0.0,319.0,0.0,0.0,2904.0,3542.0,1.0,1.2,0.22705128205128206,3542.0,0.0,1.0,77.55,1880.5874999999999,0.0,239.25,0.0,0.0,2178.0,0.147646003,0.738230015,,0.13147957613329658,0.13147957625703785,133.69383962289714,668.4691981144857,69.99773950031752,74.92056307692708,0.0,1.7618660962874075,1.8857751827743128,-0.12390908648690524,8.342897223685892e-05,247.25884738157586,2260.191152618424,0.0,0.0,247.25884738157586,2579.191152618424,20633.529220947392,247.25884738157586,0.1373660263230977,1978.070779052607,4351.755713915735,3217.191152618424,25737.529220947392,56622.56428608426,3464.45,27715.6,60974.32,0.28870416666666665,0.3248212066,1.6241060330000001,0.147646003,80.31491714900872,80.31491714900872,0.0,642.5193371920698,642.5193371920698,0.0,1978.070779052607,0.0,1978.070779052607,4351.755713915735,0.0,23232.0,-0.06570724210327808,71.49403188390221
25,25,2025,2SB,2,SB,AM-Early,1,OP,AM,2.2,70,12000,1,8,75,1800,1,4,0.05,0.01,6971.0,0.0,862.0,0.0,0.0,1.0,1.0,1.0,3.66,1.83,0.17391304347826086,0.17391304347826086,30,4.155,0.715,7565.311826069724,0.0,935.4897136812655,0.0,0.0,8500.80153975099,10371.78096711352,1.0,1.2,0.6648577543021488,10371.78096711352,0.0,1.0,226.9593547820917,5503.7643534657245,0.0,701.6172852609491,0.0,0.0,6375.601154813243,0.795369856,3.9768492799999997,,0.07907013214070205,0.07907014590059264,174.88314608542615,874.4157304271307,57.32863857150524,73.65135642384061,1.6198784005656128,1.7922276847201717,2.3025141236409823,-0.5102864389208106,0.5710157779595746,435.18337469982043,6903.1690965878115,0.0,0.0,435.18337469982043,7838.658810269077,7838.658810269077,435.18337469982043,0.24176854149990024,435.18337469982043,957.4034243396051,9709.638237631607,9709.638237631607,21361.204122789535,10144.821612331427,10144.821612331427,22318.60754712914,0.8454018010276189,1.7498136832000002,8.749068416,0.795369856,761.4898237508986,761.4898237508986,0.0,761.4898237508986,761.4898237508986,0.0,435.18337469982043,0.0,435.18337469982043,957.4034243396051,0.0,8500.80153975099,-0.2216214153396336,93.5203989761637
26,26,2025,2SB,2,SB,AM-Peak,2,Peak,AM,2.2,70,12000,1,8,75,1800,1,4,0.05,0.01,9309.0,0.0,1150.0,0.0,0.0,1.0,1.0,1.0,3.66,1.83,0.17391304347826086,0.17391304347826086,30,4.155,0.715,9309.0,0.0,1150.0,0.0,0.0,10459.0,12759.0,1.0,1.2,0.8178846153846154,12759.0,0.0,1.0,279.27,6772.2975,0.0,862.5,0.0,0.0,7844.25,1.233788573,6.168942865,,0.15977799989060618,0.15977805280830004,129.89026457660577,649.451322883029,38.805641714371376,56.51136871107345,1.192296809011381,2.335813182562936,3.4015672507514494,-1.0657540681885136,2.0767185621009143,1082.0641492141524,7947.6658507858465,0.0,0.0,1082.0641492141524,9097.665850785846,18195.331701571693,1082.0641492141524,0.601146749563418,2164.128298428305,4761.082256542271,11397.665850785846,22795.331701571693,50149.72974345773,12479.73,24959.46,54910.812,1.0399775,2.7143348606,13.571674303000002,1.233788573,2937.084441617454,2937.084441617454,0.0,5874.168883234908,5874.168883234908,0.0,2164.128298428305,0.0,2164.128298428305,4761.082256542271,0.0,20918.0,-0.31331265549816045,69.46003453294428
27,27,2025,2SB,2,SB,AM-Shoulder,1,OP,AM,2.2,70,12000,1,8,75,1800,1,4,0.05,0.01,8274.0,0.0,1023.0,0.0,0.0,1.0,1.0,1.0,3.66,1.83,0.17391304347826086,0.17391304347826086,30,4.155,0.715,8523.542053644886,0.0,1053.8534591344837,0.0,0.0,9577.395512779369,11685.102431048337,1.0,1.2,0.7490450276313037,11685.102431048337,0.0,1.0,255.70626160934657,6200.876844026654,0.0,790.3900943508628,0.0,0.0,7183.046634584527,0.683611767,3.418058835,,0.15047141847457954,0.15047143460143492,133.56731216929154,667.8365608464577,49.45554977879763,63.01281866349,0.8292458208026855,2.0948118620899208,2.6690634436459235,-0.5742515815560028,1.0731883463663439,933.0547345068647,7334.781057528675,0.0,0.0,933.0547345068647,8388.634516663158,8388.634516663158,933.0547345068647,0.5183637413927027,933.0547345068647,2052.7204159151024,10496.341434932127,10496.341434932127,23091.95115685068,11429.396169438991,11429.396169438991,25144.67157276578,0.9524496807865825,1.5039458874000002,7.5197294370000005,0.6836117669999999,1403.2638306806982,1403.2638306806982,0.0,1403.2638306806982,1403.2638306806982,0.0,933.0547345068647,0.0,933.0547345068647,2052.7204159151024,0.0,9577.395512779369,-0.21515096725148608,71.42637014400617
28,28,2025,2SB,2,SB,MD,5,OP,MD,2.2,70,12000,1,8,75,1800,1,4,0.05,0.01,7694.0,0.0,951.0,0.0,0.0,1.0,1.0,1.0,3.66,1.83,0.17391304347826086,0.17391304347826086,30,4.136,0.708,7694.0,0.0,951.0,0.0,0.0,8645.0,10547.0,1.0,1.2,0.6760897435897436,10547.0,0.0,1.0,230.82,5597.385,0.0,713.25,0.0,0.0,6483.75,0.188471815,0.9423590749999999,,0.1625157360360346,0.1625159096798418,125.56111709416038,627.8055854708019,59.67279646083527,64.59041250000762,0.5966739980669236,2.043646957665496,2.212063248730682,-0.16841629106518585,0.4470980793324626,909.6631431520597,6553.51685684794,0.0,0.0,909.6631431520597,7504.51685684794,37522.5842842397,909.6631431520597,0.5053684128622553,4548.315715760298,10006.294574672656,9406.51685684794,47032.5842842397,103471.68542532735,10316.18,51580.9,113477.98000000001,0.8596816666666667,0.414637993,2.073189965,0.188471815,377.1808999826417,377.1808999826417,0.0,1885.9044999132084,1885.9044999132084,0.0,4548.315715760298,0.0,4548.315715760298,10006.294574672656,0.0,43225.0,-0.07613538679864867,67.14498240329434
29,29,2025,2SB,2,SB,PM-Shoulder,1,OP,PM,2.2,70,12000,1,8,75,1800,1,4,0.05,0.01,5126.0,0.0,634.0,0.0,0.0,1.0,1.0,1.0,3.66,1.83,0.17391304347826086,0.17391304347826086,30,4.135,0.592,6151.2,0.0,760.8,0.0,0.0,6912.0,8433.599999999999,1.0,1.2,0.5406153846153845,8433.599999999999,0.0,1.0,184.536,4474.998,0.0,570.5999999999999,0.0,0.0,5184.0,0.186849115,0.934245575,,0.1086268019401222,0.10862681281189954,129.7289715199089,648.6448575995446,67.50135392463142,73.58211205436949,1.0197900931431463,1.79391425870551,1.9555163315299497,-0.16160207282443984,0.09562880276745966,486.10472142844293,5480.559278571557,0.0,0.0,486.10472142844293,6241.359278571557,6241.359278571557,486.10472142844293,0.27005817857135717,486.10472142844293,1069.4303871425745,7762.959278571557,7762.959278571557,17078.510412857428,8249.064,8249.064,18147.940800000004,0.687422,0.41106805300000004,2.0553402650000003,0.186849115,199.82212139169744,199.82212139169744,0.0,199.82212139169744,199.82212139169744,0.0,486.10472142844293,0.0,486.10472142844293,1069.4303871425745,0.0,6912.0,-0.0826390811566407,69.37378156144861
30,30,2025,2SB,2,SB,PM-Peak,3,Peak,PM,2.2,70,12000,1,8,75,1800,1,4,0.05,0.01,7001.0,0.0,865.0,0.0,0.0,1.0,1.0,1.0,3.66,1.83,0.17391304347826086,0.17391304347826086,30,4.135,0.592,7001.0,0.0,865.0,0.0,0.0,7866.0,9596.0,1.0,1.2,0.6151282051282051,9596.0,0.0,1.0,210.03,5093.2275,0.0,648.75,0.0,0.0,5899.5,0.212310187,1.061550935,,0.1329892580842993,0.132989308375774,120.7260285706815,603.6301428534075,64.03811413288514,70.8171135998702,1.3762948575093572,1.8639562287983726,2.0612724435652106,-0.19731621476683792,0.24051467625576728,677.3445464795504,6113.62545352045,0.0,0.0,677.3445464795504,6978.62545352045,20935.87636056135,677.3445464795504,0.3763025258219725,2032.0336394386513,4470.474006765034,8708.62545352045,26125.87636056135,57476.927993234975,9385.970000000001,28157.91,61947.40200000001,0.7821641666666668,0.46708241140000006,2.3354120570000005,0.212310187,316.37572411830786,316.37572411830786,0.0,949.1271723549236,949.1271723549236,0.0,2032.0336394386513,0.0,2032.0336394386513,4470.474006765034,0.0,23598.0,-0.09572544152657306,64.55937356720936
31,31,2025,2SB,2,SB,PM-Late,3,OP,PM,2.2,70,12000,1,8,75,1800,1,4,0.05,0.01,6368.0,0.0,787.0,0.0,0.0,1.0,1.0,1.0,3.66,1.83,0.17391304347826086,0.17391304347826086,30,4.135,0.592,6368.0,0.0,787.0,0.0,0.0,7155.0,8729.0,1.0,1.2,0.559551282051282,8729.0,0.0,1.0,191.04,4632.72,0.0,590.25,0.0,0.0,5366.25,0.163716463,0.818582315,,0.1264763875894972,0.12647643435626107,122.95005980262346,614.7502990131173,66.98801624174138,72.48367634052764,0.8692265631169359,1.8210996829115735,1.9705017017319666,-0.14940201882039306,0.116158759944223,585.9296903136155,5591.0303096863845,0.0,0.0,585.9296903136155,6378.0303096863845,19134.09092905915,585.9296903136155,0.3255164946186753,1757.7890709408466,3867.135956069863,7952.0303096863845,23856.09092905915,52483.40004393014,8537.96,25613.879999999997,56350.536,0.7114966666666666,0.36017621860000004,1.800881093,0.163716463,211.03794022262713,211.03794022262713,0.0,633.1138206678813,633.1138206678813,0.0,1757.7890709408466,0.0,1757.7890709408466,3867.135956069863,0.0,21465.0,-0.07581927926734425,65.74869508161682
32,32,2025,3NB,3,NB,Night,8,OP,NT,3.4,70,12000,1,8,75,1800,1,4,0.05,0.01,3349.0,0.0,414.0,0.0,0.0,1.0,1.0,1.0,3.66,1.83,0.17391304347826086,0.17391304347826086,30,4.103,0.708,3349.0,0.0,414.0,0.0,0.0,3763.0,4591.0,1.0,1.2,0.2942948717948718,4591.0,0.0,1.0,100.47,2436.3975,0.0,310.5,0.0,0.0,2822.25,0.117777617,0.588888085,,0.1739124996846658,0.17391162027780527,116.47499821056824,582.3749910528412,69.98519604739185,74.46443310319513,0.3049483380876979,2.7395629228425125,2.9149021724802684,-0.17533924963775593,0.0008445477265393389,423.71997945047053,2824.81002054953,0.0,0.0,423.71997945047053,3238.81002054953,25910.48016439624,423.71997945047053,0.23539998858359473,3389.7598356037643,11525.183441052799,4066.81002054953,32534.48016439624,110617.2325589472,4490.530000000001,35924.240000000005,122142.416,0.3742108333333334,0.4004438978,2.002219489,0.117777617,169.67608014688233,169.67608014688233,0.0,1357.4086411750586,1357.4086411750586,0.0,3389.7598356037643,0.0,3389.7598356037643,11525.183441052799,0.0,30104.0,-0.060152704709318286,40.30276754690942
33,33,2025,3NB,3,NB,AM-Early,1,OP,AM,3.4,70,12000,1,8,75,1800,1,4,0.05,0.01,3209.0,0.0,397.0,0.0,0.0,1.0,1.0,1.0,3.66,1.83,0.17391304347826086,0.17391304347826086,30,4.155,0.715,3209.0,0.0,397.0,0.0,0.0,3606.0,4400.0,1.0,1.2,0.28205128205128205,4400.0,0.0,1.0,96.27,2334.5475,0.0,297.75,0.0,0.0,2704.5,0.169543156,0.84771578,,0.10879870368015493,0.1087987038296866,153.93854965663985,769.6927482831994,69.98578987655604,74.89261598686733,0.8209410222508369,2.7239000442416392,2.9148774395462853,-0.19097739530464608,0.0008106636069825031,253.99574167974652,2858.7342583202535,0.0,0.0,253.99574167974652,3255.7342583202535,3255.7342583202535,253.99574167974652,0.14110874537763696,253.99574167974652,863.5855217111381,4049.7342583202535,4049.7342583202535,13769.096478288862,4303.73,4303.73,14632.682,0.35864416666666665,0.5764467303999999,2.882233652,0.169543156,146.41501482681286,146.41501482681286,0.0,146.41501482681286,146.41501482681286,0.0,253.99574167974652,0.0,253.99574167974652,863.5855217111381,0.0,3606.0,-0.06551815617138697,53.26593413724562
34,34,2025,3NB,3,NB,AM-Peak,2,Peak,AM,3.4,70,12000,1,8,75,1800,1,4,0.05,0.01,6617.0,0.0,818.0,0.0,0.0,1.0,1.0,1.0,3.66,1.83,0.17391304347826086,0.17391304347826086,30,4.155,0.715,6617.0,0.0,818.0,0.0,0.0,7435.0,9071.0,1.0,1.2,0.581474358974359,9071.0,0.0,1.0,198.51,4813.8675,0.0,613.5,0.0,0.0,5576.25,0.167837166,0.83918583,,0.14017682603940065,0.14017689360102917,137.94573385351669,689.7286692675833,66.19760240537153,71.062594142275,1.8233842660337252,2.870708597994184,3.0816826076384705,-0.21097400964428648,0.22933374389327582,674.7926671242245,5743.697332875775,0.0,0.0,674.7926671242245,6561.697332875775,13123.39466575155,674.7926671242245,0.3748848150690136,1349.585334248449,4588.590136444726,8197.697332875774,16395.394665751548,55744.34186355526,8872.489999999998,17744.979999999996,60332.931999999986,0.7393741666666664,0.5706463644,2.853231822,0.167837166,385.06798221821816,385.06798221821816,0.0,770.1359644364363,770.1359644364363,0.0,1349.585334248449,0.0,1349.585334248449,4588.590136444726,0.0,14870.0,-0.06846065494264457,47.732087838587084
35,35,2025,3NB,3,NB,AM-Shoulder,1,OP,AM,3.4,70,12000,1,8,75,1800,1,4,0.05,0.01,7565.0,0.0,935.0,0.0,0.0,1.0,1.0,1.0,3.66,1.83,0.17391304347826086,0.17391304347826086,30,4.155,0.715,7565.0,0.0,935.0,0.0,0.0,8500.0,10370.0,1.0,1.2,0.6647435897435897,10370.0,0.0,1.0,226.95,5503.5375,0.0,701.25,0.0,0.0,6375.0,0.174664118,0.8733205900000001,,0.16158584341813226,0.16158601902738637,129.2039019135607,646.0195095678037,60.77437019192101,65.33712892474747,0.9243835044458648,3.1222675889991818,3.3566781417196583,-0.2344105527204765,0.6060776255845033,889.2937487208192,6448.756251279181,0.0,0.0,889.2937487208192,7383.756251279181,7383.756251279181,889.2937487208192,0.4940520826226773,889.2937487208192,3023.598745650785,9253.756251279181,9253.756251279181,31462.771254349216,10143.05,10143.05,34486.37,0.8452541666666666,0.5938580012,2.969290006,0.174664118,528.1142080950007,528.1142080950007,0.0,528.1142080950007,528.1142080950007,0.0,889.2937487208192,0.0,889.2937487208192,3023.598745650785,0.0,8500.0,-0.069834086803564,44.707232496041776
36,36,2025,3NB,3,NB,MD,5,OP,MD,3.4,70,12000,1,8,75,1800,1,4,0.05,0.01,7925.0,0.0,980.0,0.0,0.0,1.0,1.0,1.0,3.66,1.83,0.17391304347826086,0.17391304347826086,30,4.136,0.708,7925.0,0.0,980.0,0.0,0.0,8905.0,10865.0,1.0,1.2,0.6964743589743589,10865.0,0.0,1.0,237.75,5765.4375,0.0,735.0,0.0,0.0,6678.75,0.415252552,2.07626276,,0.14494520043873385,0.14494527150981387,132.33282476712262,661.6641238356132,56.53911673414676,66.57957923900621,1.3025071539972748,3.0640025414952587,3.6081214526083025,-0.5441189111130438,0.9505549615019462,835.6724940544926,6851.577505945507,0.0,0.0,835.6724940544926,7831.577505945507,39157.88752972754,835.6724940544926,0.46426249669694036,4178.362470272463,14206.432398926374,9791.577505945508,48957.88752972754,166456.81760107362,10627.25,53136.25,180663.25,0.8856041666666666,1.4118586767999999,7.059293384,0.415252552,1179.8514616939317,1179.8514616939317,0.0,5899.257308469659,5899.257308469659,0.0,4178.362470272463,0.0,4178.362470272463,14206.432398926374,0.0,44525.0,-0.15080393447390789,45.789904763710254
37,37,2025,3NB,3,NB,PM-Shoulder,1,OP,PM,3.4,70,12000,1,8,75,1800,1,4,0.05,0.01,8604.0,0.0,1063.0,0.0,0.0,1.0,1.0,1.0,3.66,1.83,0.17391304347826086,0.17391304347826086,30,4.135,0.592,9061.592189553876,0.0,1119.5342279748688,0.0,0.0,10181.126417528745,12420.194873478482,1.0,1.2,0.7961663380434925,12420.194873478482,0.0,1.0,271.84776568661624,6592.308317900444,0.0,839.6506709811516,0.0,0.0,7635.844813146559,1.419297409,7.096487045,,0.1267458623476864,0.1267458929610421,122.85566636251788,614.2783318125895,39.89925369143573,65.60194807170359,1.904911176816294,3.1096637523176285,5.11287758857976,-2.0032138362621317,3.012070867782842,835.5478026141177,7954.196621253142,0.0,0.0,835.5478026141177,9073.730849228012,9073.730849228012,835.5478026141177,0.4641932236745098,835.5478026141177,2840.8625288880003,11312.799305177748,11312.799305177748,38463.517637604346,12148.347107791866,12148.347107791866,41304.380166492345,1.0123622589826555,4.825611190599999,24.128055953,1.419297409,4032.0288265759255,4032.0288265759255,0.0,4032.0288265759255,4032.0288265759255,0.0,835.5478026141177,0.0,835.5478026141177,2840.8625288880003,0.0,10181.126417528745,-0.3917977306432205,42.51061119810308
38,38,2025,3NB,3,NB,PM-Peak,3,Peak,PM,3.4,70,12000,1,8,75,1800,1,4,0.05,0.01,7495.0,0.0,926.0,0.0,0.0,1.0,1.0,1.0,3.66,1.83,0.17391304347826086,0.17391304347826086,30,4.135,0.592,8994.0,0.0,1111.2,0.0,0.0,10105.2,12327.6,1.0,1.2,0.7902307692307693,12327.6,0.0,1.0,269.82,6543.135,0.0,833.4000000000001,0.0,0.0,7578.900000000001,1.202351064,6.01175532,,0.13474967133553525,0.1347497149897145,120.14458612222701,600.722930611135,41.54055722412723,64.24070046562173,2.669859046044046,3.1755569058461646,4.9108633497461724,-1.7353064439000079,2.7353113605808277,881.6852907540375,7842.494709245962,0.0,0.0,881.6852907540375,8953.694709245963,26861.08412773789,881.6852907540375,0.4898251615300208,2645.0558722621126,8993.189965691183,11176.094709245963,33528.28412773789,113996.16603430883,12057.78,36173.340000000004,122989.35600000001,1.004815,4.0879936176,20.439968087999997,1.202351064,3604.323841334305,3604.323841334305,0.0,10812.971524002915,10812.971524002915,0.0,2645.0558722621126,0.0,2645.0558722621126,8993.189965691183,0.0,30315.600000000002,-0.35336076781482845,41.57252114955952
39,39,2025,3NB,3,NB,PM-Late,3,OP,PM,3.4,70,12000,1,8,75,1800,1,4,0.05,0.01,7734.0,0.0,956.0,0.0,0.0,1.0,1.0,1.0,3.66,1.83,0.17391304347826086,0.17391304347826086,30,4.135,0.592,7734.0,0.0,956.0,0.0,0.0,8690.0,10602.0,1.0,1.2,0.6796153846153846,10602.0,0.0,1.0,232.01999999999998,5626.485,0.0,717.0,0.0,0.0,6517.5,0.187399184,0.93699592,,0.16100734410621062,0.16100753911076698,112.31110358077592,561.5555179038796,59.237325121447235,64.67066254183953,0.956499431619181,3.1544442562038006,3.443774673852391,-0.28933041764859047,0.7253998746063475,905.9054065034325,6596.074593496567,0.0,0.0,905.9054065034325,7552.074593496567,22656.2237804897,905.9054065034325,0.5032807813907958,2717.7162195102974,9240.235146335011,9464.074593496567,28392.2237804897,96533.56085366498,10369.98,31109.94,105773.79599999999,0.864165,0.6371572256,3.1857861279999997,0.187399184,577.2041754637672,577.2041754637672,0.0,1731.6125263913018,1731.6125263913018,0.0,2717.7162195102974,0.0,2717.7162195102974,9240.235146335011,0.0,26070.0,-0.08401549028320425,38.86197355736191
40,40,2025,3SB,3,SB,Night,8,OP,NT,3.4,70,12000,1,8,75,1800,1,4,0.05,0.01,2688.0,0.0,332.0,0.0,0.0,1.0,1.0,1.0,3.66,1.83,0.17391304347826086,0.17391304347826086,30,4.103,0.708,2688.0,0.0,332.0,0.0,0.0,3020.0,3684.0,1.0,1.2,0.23615384615384616,3684.0,0.0,1.0,80.64,1955.52,0.0,249.0,0.0,0.0,2265.0,0.147646003,0.738230015,,0.1308455167408351,0.1308455169076058,133.97610437478585,669.8805218739291,69.99689482537295,74.90849638571605,0.0,2.723322584791594,2.914414996678577,-0.191092411886983,0.0001771168782219019,255.87102489703787,2351.4889751029623,0.0,0.0,255.87102489703787,2683.4889751029623,21467.9118008237,255.87102489703787,0.14215056938724327,2046.968199176303,6959.69187719943,3347.4889751029623,26779.9118008237,91051.70012280057,3603.36,28826.88,98011.39199999999,0.30028,0.5019964102,2.5099820509999997,0.147646003,128.44633597250782,128.44633597250782,0.0,1027.5706877800626,1027.5706877800626,0.0,2046.968199176303,0.0,2046.968199176303,6959.69187719943,0.0,24160.0,-0.06556801694499999,46.35851362449336
41,41,2025,3SB,3,SB,AM-Early,1,OP,AM,3.4,70,12000,1,8,75,1800,1,4,0.05,0.01,7250.0,0.0,896.0,0.0,0.0,1.0,1.0,1.0,3.66,1.83,0.17391304347826086,0.17391304347826086,30,4.155,0.715,8118.48793047419,0.0,1003.3331290627414,0.0,0.0,9121.821059536931,11128.487317662413,1.0,1.2,0.7133645716450265,11128.487317662413,0.0,1.0,243.55463791422568,5906.199969419973,0.0,752.4998467970561,0.0,0.0,6841.365794652698,0.795369856,3.9768492799999997,,0.11915412071567019,0.11915415212573803,148.13831095963076,740.6915547981536,52.85439702398848,69.65648949839147,1.8629225176553663,2.9286574943560835,3.8596599618270666,-0.9310024674709831,1.2951627191316522,703.7480641271551,7171.185228432809,0.0,0.0,703.7480641271551,8174.51835749555,8174.51835749555,703.7480641271551,0.3909711467373084,703.7480641271551,2392.743418032327,10181.184615621034,10181.184615621034,34616.027693111515,10884.93267974819,10884.93267974819,37008.77111114384,0.9070777233123491,2.7042575103999997,13.521287551999999,0.795369856,1903.1159878453198,1903.1159878453198,0.0,1903.1159878453198,1903.1159878453198,0.0,703.7480641271551,0.0,703.7480641271551,2392.743418032327,0.0,9121.821059536931,-0.24121359826482483,51.258931127899906
42,42,2025,3SB,3,SB,AM-Peak,2,Peak,AM,3.4,70,12000,1,8,75,1800,1,4,0.05,0.01,9681.0,0.0,1197.0,0.0,0.0,1.0,1.0,1.0,3.66,1.83,0.17391304347826086,0.17391304347826086,30,4.155,0.715,9681.0,0.0,1197.0,0.0,0.0,10878.0,13272.0,1.0,1.2,0.8507692307692307,13272.0,0.0,1.0,290.43,7042.9275,0.0,897.75,0.0,0.0,8158.5,1.233788573,6.168942865,,0.17391302556227378,0.1739128447735959,116.56197284971837,582.8098642485919,34.45111890719971,49.926287275143444,1.377871935232921,4.0860238390200605,5.921433221066367,-1.8354093820463069,4.119792084289496,1224.856830340741,8165.713169659259,0.0,0.0,1224.856830340741,9362.713169659259,18725.426339318517,1224.856830340741,0.6804760168559673,2449.713660681482,8329.026446317039,11756.713169659259,23513.426339318517,79945.64955368296,12981.57,25963.14,88274.676,1.0817975,4.1948811481999995,20.974405740999998,1.233788573,5138.12882684038,5138.12882684038,0.0,10276.25765368076,10276.25765368076,0.0,2449.713660681482,0.0,2449.713660681482,8329.026446317039,0.0,21756.0,-0.30996032776601595,40.332862577757226
43,43,2025,3SB,3,SB,AM-Shoulder,1,OP,AM,3.4,70,12000,1,8,75,1800,1,4,0.05,0.01,8605.0,0.0,1064.0,0.0,0.0,1.0,1.0,1.0,3.66,1.83,0.17391304347826086,0.17391304347826086,30,4.155,0.715,8890.076157656133,0.0,1099.249393578864,0.0,0.0,9989.325551234997,12187.824338392726,1.0,1.2,0.7812707909226106,12187.824338392726,0.0,1.0,266.702284729684,6467.530404694836,0.0,824.437045184148,0.0,0.0,7491.994163426248,0.683611767,3.418058835,,0.16626249764300075,0.1662625491505948,127.46780431812857,637.3390215906428,45.43047777689661,57.29643765439742,0.9818216072114809,3.560430776351124,4.490377605135884,-0.9299468287847601,2.1592458904647325,1075.3077586666109,7548.066114259837,0.0,0.0,1075.3077586666109,8647.3155078387,8647.3155078387,1075.3077586666109,0.5973931992592283,1075.3077586666109,3656.046379466477,10845.81429499643,10845.81429499643,36875.76860298786,11921.12205366304,11921.12205366304,40531.814982454336,0.9934268378052534,2.3242800078,11.621400039,0.683611767,2499.316325701031,2499.316325701031,0.0,2499.316325701031,2499.316325701031,0.0,1075.3077586666109,0.0,1075.3077586666109,3656.046379466477,0.0,9989.325551234997,-0.20709768989608587,44.10650668447355
44,44,2025,3SB,3,SB,MD,5,OP,MD,3.4,70,12000,1,8,75,1800,1,4,0.05,0.01,8002.0,0.0,989.0,0.0,0.0,1.0,1.0,1.0,3.66,1.83,0.17391304347826086,0.17391304347826086,30,4.136,0.708,8002.0,0.0,989.0,0.0,0.0,8991.0,10969.0,1.0,1.2,0.7031410256410257,10969.0,0.0,1.0,240.06,5821.455,0.0,741.75,0.0,0.0,6743.25,0.188471815,0.9423590749999999,,0.17007872999109197,0.17391203774023,122.25645236735271,611.2822618367635,56.97216757654283,61.5685392801469,0.8059313939358737,3.313380541184625,3.58069577967037,-0.2673152384857449,0.912981789576978,990.1056731002923,6771.834326899708,0.0,0.0,990.1056731002923,7760.834326899708,38804.17163449854,990.1056731002923,0.5500587072779402,4950.528365501461,16831.796442704966,9738.834326899709,48694.17163449855,165560.18355729507,10728.94,53644.70000000001,182391.98000000004,0.8940783333333334,0.640804171,3.2040208549999996,0.188471815,634.4638450534297,634.4638450534297,0.0,3172.319225267149,3172.319225267149,0.0,4950.528365501461,0.0,4950.528365501461,16831.796442704966,0.0,44955.0,-0.07465455177830083,42.303270715346954
45,45,2025,3SB,3,SB,PM-Shoulder,1,OP,PM,3.4,70,12000,1,8,75,1800,1,4,0.05,0.01,5331.0,0.0,659.0,0.0,0.0,1.0,1.0,1.0,3.66,1.83,0.17391304347826086,0.17391304347826086,30,4.135,0.592,6397.2,0.0,790.8,0.0,0.0,7188.0,8769.599999999999,1.0,1.2,0.5621538461538461,8769.599999999999,0.0,1.0,191.916,4653.963,0.0,593.0999999999999,0.0,0.0,5391.0,0.186849115,0.934245575,,0.11811612059116651,0.11811615689905167,125.98947333770872,629.9473666885436,66.76390949148266,72.89927868335401,1.484998315737623,2.7983815983433296,3.0555430554291476,-0.25716145708581806,0.19352255736650362,549.708054934827,5655.575945065172,0.0,0.0,549.708054934827,6446.375945065172,6446.375945065172,549.708054934827,0.3053933638526817,549.708054934827,1869.007386778412,8027.975945065172,8027.975945065172,27295.118213221584,8577.684,8577.684,29164.125599999996,0.714807,0.635286991,3.176434955,0.186849115,349.22237614800895,349.22237614800895,0.0,349.22237614800895,349.22237614800895,0.0,549.708054934827,0.0,549.708054934827,1869.007386778412,0.0,7188.0,-0.0841622757136047,43.594973473255614
46,46,2025,3SB,3,SB,PM-Peak,3,Peak,PM,3.4,70,12000,1,8,75,1800,1,4,0.05,0.01,7281.0,0.0,900.0,0.0,0.0,1.0,1.0,1.0,3.66,1.83,0.17391304347826086,0.17391304347826086,30,4.135,0.592,7281.0,0.0,900.0,0.0,0.0,8181.0,9981.0,1.0,1.2,0.6398076923076923,9981.0,0.0,1.0,218.42999999999998,5296.9275,0.0,675.0,0.0,0.0,6135.75,0.212310187,1.061550935,,0.14313876411162546,0.1431388516146178,117.47942674299372,587.3971337149686,62.40272962893795,69.01878003727147,1.920976368443017,2.955717268399066,3.2690877660806574,-0.3133704976815914,0.48607881095907224,758.1956559388819,6304.374344061118,0.0,0.0,758.1956559388819,7204.374344061118,21613.123032183354,758.1956559388819,0.42121980885493443,2274.586967816646,7733.595690576596,9004.374344061118,27013.123032183354,91844.6183094234,9762.57,29287.71,99578.21399999999,0.8135475,0.7218546358,3.609273179,0.212310187,547.3070490829037,547.3070490829037,0.0,1641.9211472487113,1641.9211472487113,0.0,2274.586967816646,0.0,2274.586967816646,7733.595690576596,0.0,24543.0,-0.09585869823779448,40.65032067231617
47,47,2025,3SB,3,SB,PM-Late,3,OP,PM,3.4,70,12000,1,8,75,1800,1,4,0.05,0.01,6623.0,0.0,819.0,0.0,0.0,1.0,1.0,1.0,3.66,1.83,0.17391304347826086,0.17391304347826086,30,4.135,0.592,6623.0,0.0,819.0,0.0,0.0,7442.0,9080.0,1.0,1.2,0.5820512820512821,9080.0,0.0,1.0,198.69,4818.2325,0.0,614.25,0.0,0.0,5581.5,0.163716463,0.818582315,,0.13408523902269698,0.1340852856598918,120.36310029228878,601.8155014614438,66.06651056270708,71.5302370012154,1.2703852634319475,2.8519407813025106,3.0877974069233343,-0.23585662562082366,0.2377110189135394,646.0538564294268,5778.256143570574,0.0,0.0,646.0538564294268,6597.256143570574,19791.768430711723,646.0538564294268,0.3589188091274593,1938.1615692882804,6589.7493355801535,8235.256143570574,24705.768430711723,83999.61266441985,8881.310000000001,26643.930000000004,90589.36200000001,0.7401091666666668,0.5566359742,2.7831798709999997,0.163716463,359.6168177592609,359.6168177592609,0.0,1078.850453277783,1078.850453277783,0.0,1938.1615692882804,0.0,1938.1615692882804,6589.7493355801535,0.0,22326.0,-0.07638345219540488,41.64813158902725
48,48,2025,4NB,4,NB,Night,8,OP,NT,4.4,70,12000,1,8,75,1800,1,4,0.05,0.01,3091.0,0.0,382.0,0.0,0.0,1.0,1.0,1.0,3.66,1.83,0.17391304347826086,0.17391304347826086,30,4.103,0.708,3091.0,0.0,382.0,0.0,0.0,3473.0,4237.0,1.0,1.2,0.2716025641025641,4237.0,0.0,1.0,92.72999999999999,2248.7025,0.0,286.5,0.0,0.0,2604.75,0.117777617,0.588888085,,0.17391284777035917,0.1739126895602766,113.198796166927,565.9939808346351,69.99220881932308,74.61059316391614,0.36404624608850683,3.538371547589815,3.771848387889657,-0.23347684029984217,0.0005751485516875053,391.0782555633261,2607.191744436674,0.0,0.0,391.0782555633261,2989.191744436674,23913.533955493393,391.0782555633261,0.21726569753518116,3128.6260445066087,13765.95459582908,3753.191744436674,30025.533955493393,132112.34940417093,4144.27,33154.16,145878.304,0.34535583333333336,0.5182215148,2.591107574,0.117777617,202.66516600336837,202.66516600336837,0.0,1621.321328026947,1621.321328026947,0.0,3128.6260445066087,0.0,3128.6260445066087,13765.95459582908,0.0,27784.0,-0.06189984757856932,30.26705779864358
49,49,2025,4NB,4,NB,AM-Early,1,OP,AM,4.4,70,12000,1,8,75,1800,1,4,0.05,0.01,2962.0,0.0,366.0,0.0,0.0,1.0,1.0,1.0,3.66,1.83,0.17391304347826086,0.17391304347826086,30,4.155,0.715,3135.9770355297183,0.0,387.4975000013089,0.0,0.0,3523.474535531027,4298.469535533644,1.0,1.2,0.27554291894446437,4298.469535533644,0.0,1.0,94.07931106589155,2281.42329334787,0.0,290.62312500098164,0.0,0.0,2642.6059016482704,0.169543156,0.84771578,,0.10909084489467262,0.10909084502623044,153.76645395239467,768.8322697619735,69.98822770821741,74.90128531326114,1.0343964514806505,3.5246391152817678,3.77206294036509,-0.24742382508332206,0.0008690854430298669,248.8823946337057,2793.015329830121,0.0,0.0,248.8823946337057,3180.51282983143,3180.51282983143,248.8823946337057,0.13826799701872539,248.8823946337057,1095.0825363883052,3955.5078298340477,3955.5078298340477,17404.23445126981,4204.390224467754,4204.390224467754,18499.316987658116,0.35036585203897946,0.7459898864000001,3.7299494320000006,0.169543156,185.6637492997581,185.6637492997581,0.0,185.6637492997581,185.6637492997581,0.0,248.8823946337057,0.0,248.8823946337057,1095.0825363883052,0.0,3523.474535531027,-0.0655937689786731,41.114025120961145
50,50,2025,4NB,4,NB,AM-Peak,2,Peak,AM,4.4,70,12000,1,8,75,1800,1,4,0.05,0.01,6108.0,0.0,755.0,0.0,0.0,1.0,1.0,1.0,3.66,1.83,0.17391304347826086,0.17391304347826086,30,4.155,0.715,6108.0,0.0,755.0,0.0,0.0,6863.0,8373.0,1.0,1.2,0.5367307692307692,8373.0,0.0,1.0,183.23999999999998,4443.57,0.0,566.25,0.0,0.0,5147.25,0.167837166,0.83918583,,0.12866186086037554,0.1286618968806125,143.29544066721218,716.4772033360608,67.83560966005103,72.74873531290571,2.537543049415979,3.6289290647388905,3.8917612935595365,-0.26283222882064594,0.16485582931942247,571.7179850633389,5353.042014936661,0.0,0.0,571.7179850633389,6108.042014936661,12216.084029873322,571.7179850633389,0.31762110281296607,1143.4359701266778,5031.118268557383,7618.042014936661,15236.084029873322,67038.76973144262,8189.76,16379.52,72069.888,0.68248,0.7384835304000001,3.6924176520000005,0.167837166,422.20431600274907,422.20431600274907,0.0,844.4086320054981,844.4086320054981,0.0,1143.4359701266778,0.0,1143.4359701266778,5031.118268557383,0.0,13726.0,-0.06753554727408544,38.31428894845245
51,51,2025,4NB,4,NB,AM-Shoulder,1,OP,AM,4.4,70,12000,1,8,75,1800,1,4,0.05,0.01,6983.0,0.0,863.0,0.0,0.0,1.0,1.0,1.0,3.66,1.83,0.17391304347826086,0.17391304347826086,30,4.155,0.715,6983.0,0.0,863.0,0.0,0.0,7846.0,9572.0,1.0,1.2,0.6135897435897436,9572.0,0.0,1.0,209.48999999999998,5080.1325,0.0,647.25,0.0,0.0,5884.5,0.174664118,0.8733205900000001,,0.14741326825931722,0.1474133212477765,134.8318223121347,674.1591115606735,64.49153432019006,69.42129256012132,1.4279436345086205,3.8028678272068555,4.093560539113283,-0.29069271190642754,0.441320795728055,748.8789350153758,6024.631064984625,0.0,0.0,748.8789350153758,6887.631064984625,6887.631064984625,748.8789350153758,0.4160438527863199,748.8789350153758,3295.0673140676536,8613.631064984624,8613.631064984624,37899.97668593235,9362.51,9362.51,41195.044,0.7802091666666667,0.7685221192000001,3.8426105960000005,0.174664118,575.5300261622558,575.5300261622558,0.0,575.5300261622558,575.5300261622558,0.0,748.8789350153758,0.0,748.8789350153758,3295.0673140676536,0.0,7846.0,-0.07101219320660035,36.051289388271314
52,52,2025,4NB,4,NB,MD,5,OP,MD,4.4,70,12000,1,8,75,1800,1,4,0.05,0.01,7316.0,0.0,904.0,0.0,0.0,1.0,1.0,1.0,3.66,1.83,0.17391304347826086,0.17391304347826086,30,4.136,0.708,7316.0,0.0,904.0,0.0,0.0,8220.0,10028.0,1.0,1.2,0.6428205128205128,10028.0,0.0,1.0,219.48,5322.39,0.0,678.0,0.0,0.0,6165.0,0.415252552,2.07626276,,0.1145763204541274,0.11457635104316877,146.5550842658261,732.7754213291307,61.190168130666926,71.76646256994924,2.2818484419177545,3.678598478261135,4.3144186078431455,-0.6358201295820103,0.7438963498879666,609.8198622218432,6486.700137778157,0.0,0.0,609.8198622218432,7390.700137778157,36953.50068889079,609.8198622218432,0.3387888123454684,3049.099311109216,13416.036968880551,9198.700137778156,45993.50068889078,202371.40303111947,9808.519999999999,49042.6,215787.44,0.8173766666666665,1.8271112288000002,9.135556144,0.415252552,1114.2087178107988,1114.2087178107988,0.0,5571.043589053994,5571.043589053994,0.0,3049.099311109216,0.0,3049.099311109216,13416.036968880551,0.0,41100.0,-0.14737098723479408,39.185851407974894
53,53,2025,4NB,4,NB,PM-Shoulder,1,OP,PM,4.4,70,12000,1,8,75,1800,1,4,0.05,0.01,7941.0,0.0,982.0,0.0,0.0,1.0,1.0,1.0,3.66,1.83,0.17391304347826086,0.17391304347826086,30,4.135,0.592,7941.0,0.0,982.0,0.0,0.0,8923.0,10887.0,1.0,1.2,0.6978846153846154,10887.0,0.0,1.0,238.23,5777.0775,0.0,736.5,0.0,0.0,6692.25,1.419297409,7.096487045,,0.03428126561875885,0.034281291824583476,183.6817562816677,918.4087814083384,50.13223821077034,74.74206014215332,4.564531223924503,3.532147755867225,5.266072479949291,-1.7339247240820663,2.047662154673387,198.04552827765534,7504.724471722345,0.0,0.0,198.04552827765534,8486.724471722344,8486.724471722344,198.04552827765534,0.1100252934875863,198.04552827765534,871.4003244216835,10450.724471722344,10450.724471722344,45983.187675578316,10648.769999999999,10648.769999999999,46854.587999999996,0.8873974999999998,6.2449085996,31.224542998000004,1.419297409,1236.7762226534549,1236.7762226534549,0.0,1236.7762226534549,1236.7762226534549,0.0,198.04552827765534,0.0,198.04552827765534,871.4003244216835,0.0,8923.0,-0.32926336101222115,49.11276905926943
54,54,2025,4NB,4,NB,PM-Peak,3,Peak,PM,4.4,70,12000,1,8,75,1800,1,4,0.05,0.01,6919.0,0.0,855.0,0.0,0.0,1.0,1.0,1.0,3.66,1.83,0.17391304347826086,0.17391304347826086,30,4.135,0.592,7927.486601017082,0.0,979.6214834325199,0.0,0.0,8907.108084449601,10866.351051314641,1.0,1.2,0.6965609648278616,10866.351051314641,0.0,1.0,237.82459803051245,5767.2465022399265,0.0,734.7161125743899,0.0,0.0,6680.3310633372,1.202351064,6.01175532,,0.04819088971022165,0.048190894544456846,167.21675558940686,836.0837779470344,51.19011397679858,74.49786327410709,6.554227829889739,3.5437257982640338,5.157245793976068,-1.6135199957120339,1.8985695948900714,277.9287401211059,7411.733262865463,0.0,0.0,277.9287401211059,8391.354746297982,25174.064238893945,277.9287401211059,0.1544048556228366,833.7862203633176,3668.659369598598,10350.597713163022,31051.79313948907,136627.8898137519,10628.526453284128,31885.57935985239,140296.54918335052,0.8857105377736774,5.2903446816,26.451723408000003,1.202351064,1470.338832163481,1470.338832163481,0.0,4411.0164964904425,4411.0164964904425,0.0,833.7862203633176,0.0,833.7862203633176,3668.659369598598,0.0,26721.3242533488,-0.3128646685012976,44.71036245706066
55,55,2025,4NB,4,NB,PM-Late,3,OP,PM,4.4,70,12000,1,8,75,1800,1,4,0.05,0.01,7138.0,0.0,882.0,0.0,0.0,1.0,1.0,1.0,3.66,1.83,0.17391304347826086,0.17391304347826086,30,4.135,0.592,7138.0,0.0,882.0,0.0,0.0,8020.0,9784.0,1.0,1.2,0.6271794871794871,9784.0,0.0,1.0,214.14,5192.8949999999995,0.0,661.5,0.0,0.0,6015.0,0.187399184,0.93699592,,0.14349294929622972,0.1434930512652331,117.37054192015663,586.8527096007832,63.42743361224168,69.40155213058452,1.5509300232761223,3.803949506824618,4.162236826637854,-0.35828731981323614,0.5354073096367186,745.1438189356447,6178.716181064355,0.0,0.0,745.1438189356447,7060.716181064355,21182.148543193063,745.1438189356447,0.4139687882975804,2235.431456806934,9835.89840995051,8824.716181064356,26474.148543193067,116486.2535900495,9569.86,28709.58,126322.152,0.7974883333333334,0.8245564096000001,4.122782048,0.187399184,614.4131119772078,614.4131119772078,0.0,1843.2393359316234,1843.2393359316234,0.0,2235.431456806934,0.0,2235.431456806934,9835.89840995051,0.0,24060.0,-0.08608047421046228,31.38249783961407
56,56,2025,4SB,4,SB,Night,8,OP,NT,4.4,70,12000,1,8,75,1800,1,4,0.05,0.01,2482.0,0.0,307.0,0.0,0.0,1.0,1.0,1.0,3.66,1.83,0.17391304347826086,0.17391304347826086,30,4.103,0.708,2482.0,0.0,307.0,0.0,0.0,2789.0,3403.0,1.0,1.2,0.21814102564102564,3403.0,0.0,1.0,74.46,1805.655,0.0,230.25,0.0,0.0,2091.75,0.147646003,0.738230015,,0.13206714499478925,0.13206714508403247,133.4336371464928,667.1681857324639,69.99836275310479,74.9315535776338,0.0,3.523215353148649,3.7715167843449344,-0.24830143119628545,0.00012085169541761908,238.46770069556618,2169.0722993044337,0.0,0.0,238.46770069556618,2476.0722993044337,19808.57839443547,238.46770069556618,0.1324820559419812,1907.7416055645294,8394.06306448393,3090.0722993044337,24720.57839443547,108770.54493551608,3328.54,26628.32,117164.60800000001,0.27737833333333334,0.6496424132,3.2482120660000002,0.147646003,154.91873255012294,154.91873255012294,0.0,1239.3498604009835,1239.3498604009835,0.0,1907.7416055645294,0.0,1907.7416055645294,8394.06306448393,0.0,22312.0,-0.06583596080679045,35.67744308729753
57,57,2025,4SB,4,SB,AM-Early,1,OP,AM,4.4,70,12000,1,8,75,1800,1,4,0.05,0.01,6693.0,0.0,827.0,0.0,0.0,1.0,1.0,1.0,3.66,1.83,0.17391304347826086,0.17391304347826086,30,4.155,0.715,8031.599999999999,0.0,992.4,0.0,0.0,9024.0,11008.8,1.0,1.2,0.7056923076923076,11008.8,0.0,1.0,240.94799999999998,5842.989,0.0,744.3,0.0,0.0,6768.0,0.795369856,3.9768492799999997,,0.1133870997122884,0.11338712427298184,151.29441109301663,756.4720554650831,53.62471143257957,70.52393096490533,2.5362557721016272,3.743410164294071,4.92310341533339,-1.179693251039319,1.5777945361496017,662.5195763608042,7128.132423639195,0.0,0.0,662.5195763608042,8120.532423639194,8120.532423639194,662.5195763608042,0.36806643131155786,662.5195763608042,2915.086135987539,10105.332423639195,10105.332423639195,44463.46266401246,10767.851999999999,10767.851999999999,47378.548800000004,0.8973209999999999,3.4996273664000004,17.498136832,0.7953698559999999,2318.571640208005,2318.571640208005,0.0,2318.571640208005,2318.571640208005,0.0,662.5195763608042,0.0,662.5195763608042,2915.086135987539,0.0,9024.0,-0.23962390214373158,40.45305109438947
58,58,2025,4SB,4,SB,AM-Peak,2,Peak,AM,4.4,70,12000,1,8,75,1800,1,4,0.05,0.01,8936.0,0.0,1104.0,0.0,0.0,1.0,1.0,1.0,3.66,1.83,0.17391304347826086,0.17391304347826086,30,4.155,0.715,10498.783284104047,0.0,1297.0743896207327,0.0,0.0,11795.85767372478,14390.006452966245,1.0,1.2,0.9224363110875798,14390.006452966245,0.0,1.0,314.9634985231214,7637.864839185695,0.0,972.8057922155496,0.0,0.0,8846.893255293586,1.233788573,6.168942865,,0.17391304281349654,0.17391303182039772,52.86357297989392,264.31786489946955,23.56626296566953,44.25698980254094,1.930894212033498,5.965159428552975,11.202454983405113,-5.237295554852138,10.180506184407864,1328.3243147810017,8855.495470799924,0.0,0.0,1328.3243147810017,10152.569860420657,20305.139720841315,1328.3243147810017,0.7379579526561121,2656.6486295620034,11689.253970072816,12746.718639662122,25493.437279324244,112171.12402902669,14075.042954443124,28150.08590888625,123860.3779990995,1.1729202462035937,5.4286697212,27.143348606000004,1.233788573,7211.033987585362,7211.033987585362,0.0,14422.067975170725,14422.067975170725,0.0,2656.6486295620034,0.0,2656.6486295620034,11689.253970072816,0.0,23591.71534744956,-0.46751319800976365,14.134645181789818
59,59,2025,4SB,4,SB,AM-Shoulder,1,OP,AM,4.4,70,12000,1,8,75,1800,1,4,0.05,0.01,7943.0,0.0,982.0,0.0,0.0,1.0,1.0,1.0,3.66,1.83,0.17391304347826086,0.17391304347826086,30,4.155,0.715,9531.6,0.0,1178.3999999999999,0.0,0.0,10710.0,13066.8,1.0,1.2,0.8376153846153845,13066.8,0.0,1.0,285.948,6934.239,0.0,883.8,0.0,0.0,8032.5,0.683611767,3.418058835,,0.17391303531147573,0.17391299983359795,75.72861993399734,378.64309966998667,36.63177240658765,50.953727394014464,1.1233660147111344,5.181171496219373,7.206858490759888,-2.025686994540515,4.706538989483906,1205.954552065212,8039.697447934788,0.0,0.0,1205.954552065212,9218.097447934788,9218.097447934788,1205.954552065212,0.6699747511473401,1205.954552065212,5306.200029086934,11574.897447934789,11574.897447934789,50929.548770913076,12780.852,12780.852,56235.74880000001,1.065071,3.0078917748000005,15.039458874000001,0.683611767,3627.38077793957,3627.38077793957,0.0,3627.38077793957,3627.38077793957,0.0,1205.954552065212,0.0,1205.954552065212,5306.200029086934,0.0,10710.0,-0.2810776702689118,20.24829409999929
60,60,2025,4SB,4,SB,MD,5,OP,MD,4.4,70,12000,1,8,75,1800,1,4,0.05,0.01,7386.0,0.0,913.0,0.0,0.0,1.0,1.0,1.0,3.66,1.83,0.17391304347826086,0.17391304347826086,30,4.136,0.708,7386.0,0.0,913.0,0.0,0.0,8299.0,10125.0,1.0,1.2,0.6490384615384616,10125.0,0.0,1.0,221.57999999999998,5373.3150000000005,0.0,684.75,0.0,0.0,6224.25,0.188471815,0.9423590749999999,,0.15456303178685507,0.15456303795656845,128.5189902748941,642.5949513744705,61.972973569690545,67.16119862913072,1.337900233637624,3.9308411015388245,4.259921459200659,-0.32908035766183463,0.6692352562477603,830.5158571457853,6333.904142854215,0.0,0.0,830.5158571457853,7246.904142854215,36234.52071427107,830.5158571457853,0.46139769841432515,4152.579285728926,18271.34885720728,9072.904142854215,45364.52071427107,199603.89114279274,9903.42,49517.1,217875.24000000002,0.825285,0.829275986,4.14637993,0.188471815,688.7268563232062,688.7268563232062,0.0,3443.6342816160313,3443.6342816160313,0.0,4152.579285728926,0.0,4152.579285728926,18271.34885720728,0.0,41495.0,-0.07725033449879237,34.36336638366153
61,61,2025,4SB,4,SB,PM-Shoulder,1,OP,PM,4.4,70,12000,1,8,75,1800,1,4,0.05,0.01,4922.0,0.0,608.0,0.0,0.0,1.0,1.0,1.0,3.66,1.83,0.17391304347826086,0.17391304347826086,30,4.135,0.592,5906.4,0.0,729.6,0.0,0.0,6636.0,8095.2,1.0,1.2,0.5189230769230769,8095.2,0.0,1.0,177.19199999999998,4296.906,0.0,547.2,0.0,0.0,4977.0,0.186849115,0.934245575,,0.09868013073077408,0.09868016036667215,134.0418883860086,670.2094419300429,68.10067546026252,74.07804887841016,2.149022058810393,3.5638087665257348,3.8766135315948054,-0.3128047650690706,0.14410339542774103,424.01924581784755,5305.1887541821525,0.0,0.0,424.01924581784755,6034.788754182153,6034.788754182153,424.01924581784755,0.23556624767658196,424.01924581784755,1865.6846815985293,7493.988754182153,7493.988754182153,32973.55051840148,7918.008,7918.008,34839.2352,0.659834,0.8221361060000001,4.110680530000001,0.186849115,348.601531625742,348.601531625742,0.0,348.601531625742,348.601531625742,0.0,424.01924581784755,0.0,424.01924581784755,1865.6846815985293,0.0,6636.0,-0.08069021131966835,35.84007710855844
62,62,2025,4SB,4,SB,PM-Peak,3,Peak,PM,4.4,70,12000,1,8,75,1800,1,4,0.05,0.01,6721.0,0.0,831.0,0.0,0.0,1.0,1.0,1.0,3.66,1.83,0.17391304347826086,0.17391304347826086,30,4.135,0.592,7465.728731499671,0.0,923.0799845076963,0.0,0.0,8388.808716007366,10234.968685022759,1.0,1.2,0.6560877362194076,10234.968685022759,0.0,1.0,223.97186194499014,5431.317652166011,0.0,692.3099883807722,0.0,0.0,6291.606537005525,0.212310187,1.061550935,,0.14934416001884604,0.14934410021859953,115.6115871183635,578.0579355918175,61.15313411350246,67.6066524326889,2.3128571422392343,3.904941163339597,4.317031397115417,-0.4120902337758201,0.7474758711909789,811.1355725582639,6430.621296996416,0.0,0.0,811.1355725582639,7353.701281504113,22061.103844512338,811.1355725582639,0.4506308736434799,2433.4067176747917,10706.989557769084,9199.861250519505,27599.583751558515,121438.16850685747,10010.996823077769,30032.990469233308,132145.15806462656,0.8342497352564807,0.9341648228000001,4.670824114000001,0.212310187,757.7343184056673,757.7343184056673,0.0,2273.202955217002,2273.202955217002,0.0,2433.4067176747917,0.0,2433.4067176747917,10706.989557769084,0.0,25166.4261480221,-0.0954568535339292,30.912189069081148
63,63,2025,4SB,4,SB,PM-Late,3,OP,PM,4.4,70,12000,1,8,75,1800,1,4,0.05,0.01,6114.0,0.0,756.0,0.0,0.0,1.0,1.0,1.0,3.66,1.83,0.17391304347826086,0.17391304347826086,30,4.135,0.592,6114.0,0.0,756.0,0.0,0.0,6870.0,8382.0,1.0,1.2,0.5373076923076923,8382.0,0.0,1.0,183.42,4447.9349999999995,0.0,567.0,0.0,0.0,5152.5,0.163716463,0.818582315,,0.11882332051026927,0.11882329176491843,125.723687407132,628.61843703566,67.72086337724062,73.20840189709055,1.8229056578346199,3.6061434638486745,3.8983554968781475,-0.2922120330294731,0.17388988786591938,528.5184061138444,5402.061593886156,0.0,0.0,528.5184061138444,6158.061593886156,18474.184781658467,528.5184061138444,0.2936213367299136,1585.5552183415334,6976.442960702748,7670.061593886156,23010.184781658467,101244.81303929727,8198.58,24595.74,108221.25600000001,0.683215,0.7203524372000001,3.601762186,0.163716463,380.71952194916724,380.71952194916724,0.0,1142.1585658475017,1142.1585658475017,0.0,1585.5552183415334,0.0,1585.5552183415334,6976.442960702748,0.0,20610.0,-0.07495776956808586,33.615959199767914
64,64,2025,5NB,5,NB,Night,8,OP,NT,3.0,70,8000,1,8,75,1800,1,4,0.05,0.01,1592.0,0.0,197.0,0.0,0.0,1.0,1.0,1.0,3.66,1.83,0.2448979591836735,0.2448979591836735,30,4.103,0.708,1592.0,0.0,197.0,0.0,0.0,1789.0,2183.0,1.0,1.2,0.1881896551724138,2183.0,0.0,1.0,47.76,1158.18,0.0,147.75,0.0,0.0,1341.75,0.117777617,0.588888085,,0.2136320211243405,0.2136320211560008,106.17286246062602,530.8643123031301,69.99917803320771,74.94579610718438,0.0,2.4017357790498544,2.5714587664816255,-0.16972298743177117,4.136722268419241e-05,247.42433422578867,1296.8156657742113,0.0,0.0,247.42433422578867,1493.8156657742113,11950.52532619369,247.42433422578867,0.13745796345877148,1979.3946738063094,5938.184021418928,1887.8156657742113,15102.52532619369,45307.57597858107,2135.24,17081.92,51245.76,0.26690499999999995,0.353332851,1.766664255,0.117777617,87.4231454187748,87.4231454187748,0.0,699.3851633501984,699.3851633501984,0.0,1979.3946738063094,0.0,1979.3946738063094,5938.184021418928,0.0,14312.0,-0.0660026089642468,41.63641665122589
65,65,2025,5NB,5,NB,AM-Early,1,OP,AM,3.0,70,8000,1,8,75,1800,1,4,0.05,0.01,2313.0,0.0,286.0,0.0,0.0,1.0,1.0,1.0,3.66,1.83,0.2448979591836735,0.2448979591836735,30,4.155,0.715,2313.0,0.0,286.0,0.0,0.0,2599.0,3171.0,1.0,1.2,0.27336206896551724,3171.0,0.0,1.0,69.39,1682.7075,0.0,214.5,0.0,0.0,1949.25,0.169543156,0.84771578,,0.11320795725823203,0.11320795727258011,151.39536284861603,756.9768142430802,69.97402624252541,74.96742283485287,1.0952734627888523,2.401042922290731,2.572383063626091,-0.17134014133536013,0.0013076543106018128,190.49587873810648,2053.1141212618936,0.0,0.0,190.49587873810648,2339.1141212618936,2339.1141212618936,190.49587873810648,0.10583104374339249,190.49587873810648,571.4876362143194,2911.1141212618936,2911.1141212618936,8733.342363785681,3101.61,3101.61,9304.83,0.38770125,0.508629468,2.54314734,0.169543156,96.89181745875561,96.89181745875561,0.0,96.89181745875561,96.89181745875561,0.0,190.49587873810648,0.0,190.49587873810648,571.4876362143194,0.0,2599.0,-0.06660755303443612,59.37073052886903
66,66,2025,5NB,5,NB,AM-Peak,2,Peak,AM,3.0,70,8000,1,8,75,1800,1,4,0.05,0.01,4412.0,0.0,545.0,0.0,0.0,1.0,1.0,1.0,3.66,1.83,0.2448979591836735,0.2448979591836735,30,4.155,0.715,4412.0,0.0,545.0,0.0,0.0,4957.0,6047.0,1.0,1.2,0.5212931034482758,6047.0,0.0,1.0,132.35999999999999,3209.7300000000005,0.0,408.75,0.0,0.0,3717.75,0.167837166,0.83918583,,0.19175614767528512,0.191756177076171,118.87609242841391,594.3804621420694,66.97609929401749,72.82996117657189,1.9760221318737652,2.4715103110325813,2.687525877101627,-0.21601556606904548,0.15905330877208618,615.485459877793,3664.154540122207,0.0,0.0,615.485459877793,4209.1545401222065,8418.309080244413,615.485459877793,0.3419363665987739,1230.970919755586,3692.9127592667583,5299.1545401222065,10598.309080244413,31794.92724073324,5914.639999999999,11829.279999999999,35487.84,0.7393299999999999,0.5035114980000001,2.51755749,0.167837166,309.9040059002865,309.9040059002865,0.0,619.808011800573,619.808011800573,0.0,1230.970919755586,0.0,1230.970919755586,3692.9127592667583,0.0,9914.0,-0.08037711112274325,46.6180754621231
67,67,2025,5NB,5,NB,AM-Shoulder,1,OP,AM,3.0,70,8000,1,8,75,1800,1,4,0.05,0.01,4147.0,0.0,512.0,0.0,0.0,1.0,1.0,1.0,3.66,1.83,0.2448979591836735,0.2448979591836735,30,4.155,0.715,4147.0,0.0,512.0,0.0,0.0,4659.0,5683.0,1.0,1.2,0.4899137931034483,5683.0,0.0,1.0,124.41,3016.9425,0.0,384.0,0.0,0.0,3494.25,0.174664118,0.8733205900000001,,0.17004250025099296,0.1700425157100089,126.10413235430991,630.5206617715495,67.93328131716041,73.83883661355192,1.4022124103426277,2.437741549776313,2.6496585548346063,-0.21191700505829347,0.10717507726626764,513.0084458134813,3509.5815541865186,0.0,0.0,513.0084458134813,4021.5815541865186,4021.5815541865186,513.0084458134813,0.28500469211860074,513.0084458134813,1539.025337440444,5045.581554186519,5045.581554186519,15136.744662559555,5558.59,5558.59,16675.77,0.6948237500000001,0.523992354,2.61996177,0.174664118,268.81250314368754,268.81250314368754,0.0,268.81250314368754,268.81250314368754,0.0,513.0084458134813,0.0,513.0084458134813,1539.025337440444,0.0,4659.0,-0.07997898622508419,49.452600923258785
68,68,2025,5NB,5,NB,MD,5,OP,MD,3.0,70,8000,1,8,75,1800,1,4,0.05,0.01,4546.0,0.0,562.0,0.0,0.0,1.0,1.0,1.0,3.66,1.83,0.2448979591836735,0.2448979591836735,30,4.136,0.708,4546.0,0.0,562.0,0.0,0.0,5108.0,6232.0,1.0,1.2,0.5372413793103449,6232.0,0.0,1.0,136.38,3307.215,0.0,421.5,0.0,0.0,3831.0,0.415252552,2.07626276,,0.09198071414296789,0.09198072316308073,160.24253744384765,801.2126872192382,64.1688686140729,74.73176569015905,2.3818000080871706,2.4086143066161094,2.805098545255076,-0.3964842386389664,0.320127864142311,304.1999975243356,4105.420002475665,0.0,0.0,304.1999975243356,4667.420002475665,23337.100012378323,304.1999975243356,0.1689999986246309,1520.999987621678,4562.999962865034,5791.420002475665,28957.100012378323,86871.30003713496,6095.62,30478.100000000002,91434.3,0.7619525,1.2457576559999999,6.22878828,0.415252552,378.95947587112204,378.95947587112204,0.0,1894.7973793556102,1894.7973793556102,0.0,1520.999987621678,0.0,1520.999987621678,4562.999962865034,0.0,25540.0,-0.14134413898208092,62.84021076229319
69,69,2025,5NB,5,NB,PM-Shoulder,1,OP,PM,3.0,70,8000,1,8,75,1800,1,4,0.05,0.01,5076.0,0.0,627.0,0.0,0.0,1.0,1.0,1.0,3.66,1.83,0.2448979591836735,0.2448979591836735,30,4.135,0.592,5076.0,0.0,627.0,0.0,0.0,5703.0,6957.0,1.0,1.2,0.5997413793103449,6957.0,0.0,1.0,152.28,3692.79,0.0,470.25,0.0,0.0,4277.25,1.419297409,7.096487045,,0.014908288537065014,0.014908290044157928,226.13469781555435,1130.6734890777718,53.56023955001252,74.98680011868156,3.5882796158324917,2.4004224705563395,3.360701922027866,-0.9602794514715267,1.0813044903210338,55.05317882678831,4868.666821173212,0.0,0.0,55.05317882678831,5495.666821173212,5495.666821173212,55.05317882678831,0.030585099348215728,55.05317882678831,165.15953648036492,6749.666821173212,6749.666821173212,20249.00046351964,6804.72,6804.72,20414.160000000003,0.8505900000000001,4.257892226999999,21.289461135,1.419297409,234.4105021982229,234.4105021982229,0.0,234.4105021982229,234.4105021982229,0.0,55.05317882678831,0.0,55.05317882678831,165.15953648036492,0.0,5703.0,-0.2857377636431644,88.68027365315858
70,70,2025,5NB,5,NB,PM-Peak,3,Peak,PM,3.0,70,8000,1,8,75,1800,1,4,0.05,0.01,5606.0,0.0,693.0,0.0,0.0,1.0,1.0,1.0,3.66,1.83,0.2448979591836735,0.2448979591836735,30,4.135,0.592,5606.0,0.0,693.0,0.0,0.0,6299.0,7685.0,1.0,1.2,0.6625,7685.0,0.0,1.0,168.18,4078.365,0.0,519.75,0.0,0.0,4724.25,1.202351064,6.01175532,,0.09751431916396432,0.09751434315938028,134.57755106772453,672.8877553386228,47.4885775431322,74.2744891354479,4.474015590877091,2.4234431242165764,3.790385168654764,-1.3669420444381877,1.669970538199884,397.69898627714133,5040.121013722858,0.0,0.0,397.69898627714133,5733.121013722858,17199.363041168574,397.69898627714133,0.22094388126507852,1193.096958831424,3579.290876494272,7119.121013722858,21357.363041168574,64072.08912350572,7516.82,22550.46,67651.37999999999,0.9396025,3.6070531919999995,18.03526596,1.202351064,1434.5213979061266,1434.5213979061266,0.0,4303.56419371838,4303.56419371838,0.0,1193.096958831424,0.0,1193.096958831424,3579.290876494272,0.0,18897.0,-0.36063407374594747,52.77551022263708
71,71,2025,5NB,5,NB,PM-Late,3,OP,PM,3.0,70,8000,1,8,75,1800,1,4,0.05,0.01,4570.0,0.0,565.0,0.0,0.0,1.0,1.0,1.0,3.66,1.83,0.2448979591836735,0.2448979591836735,30,4.135,0.592,4570.0,0.0,565.0,0.0,0.0,5135.0,6265.0,1.0,1.2,0.5400862068965517,6265.0,0.0,1.0,137.1,3324.6749999999997,0.0,423.75,0.0,0.0,3851.25,0.187399184,0.93699592,,0.18021993780886528,0.1802199612002486,107.38280546316133,536.9140273158067,65.83293775536238,72.95762489080256,1.4361024423333493,2.467185578881033,2.7341936443560613,-0.2670080654750282,0.22298814991066102,599.1727217346892,3833.727278265311,0.0,0.0,599.1727217346892,4398.727278265311,13196.181834795932,599.1727217346892,0.33287373429704953,1797.5181652040674,5392.554495612202,5528.727278265311,16586.181834795934,49758.5455043878,6127.9,18383.7,55151.100000000006,0.7659874999999999,0.562197552,2.8109877599999997,0.187399184,336.8534373844194,336.8534373844194,0.0,1010.5603121532582,1010.5603121532582,0.0,1797.5181652040674,0.0,1797.5181652040674,5392.554495612202,0.0,15405.0,-0.09765514085887363,42.110904103200525
72,72,2025,5SB,5,SB,Night,8,OP,NT,3.0,70,8000,1,8,75,1800,1,4,0.05,0.01,1472.0,0.0,182.0,0.0,0.0,1.0,1.0,1.0,3.66,1.83,0.2448979591836735,0.2448979591836735,30,4.103,0.708,1472.0,0.0,182.0,0.0,0.0,1654.0,2018.0,1.0,1.2,0.17396551724137932,2018.0,0.0,1.0,44.16,1070.8799999999999,0.0,136.5,0.0,0.0,1240.5,0.147646003,0.738230015,,0.13540099162213076,0.1354009916192097,131.98153209518244,659.9076604759123,69.99936805431106,74.99085425477607,0.0,2.400292699539905,2.571451785969578,-0.17115908642967304,3.180392117917673e-05,144.99821390830738,1282.8417860916925,0.0,0.0,144.99821390830738,1464.8417860916925,11718.73428873354,144.99821390830738,0.080554563282393,1159.985711266459,3479.957133799377,1828.8417860916925,14630.73428873354,43892.20286620062,1973.84,15790.72,47372.159999999996,0.24672999999999998,0.442938009,2.2146900449999998,0.147646003,64.22522017710178,64.22522017710178,0.0,513.8017614168142,513.8017614168142,0.0,1159.985711266459,0.0,1159.985711266459,3479.957133799377,0.0,13232.0,-0.06656126603794622,51.75746356673822
73,73,2025,5SB,5,SB,AM-Early,1,OP,AM,3.0,70,8000,1,8,75,1800,1,4,0.05,0.01,3483.0,0.0,430.0,0.0,0.0,1.0,1.0,1.0,3.66,1.83,0.2448979591836735,0.2448979591836735,30,4.155,0.715,4179.599999999999,0.0,516.0,0.0,0.0,4695.599999999999,5727.599999999999,1.0,1.2,0.49375862068965515,5727.599999999999,0.0,1.0,125.38799999999998,3040.6589999999997,0.0,387.0,0.0,0.0,3521.7,0.795369856,3.9768492799999997,,0.01000239563473735,0.010002619780813514,356.4414106937775,1782.2070534688878,65.65648808801255,74.99579043152616,3.0028400105928053,2.40013471375232,2.7415417004745963,-0.34140698672227643,0.23305498679305425,30.413874308324832,4023.7981256916746,0.0,0.0,30.413874308324832,4539.798125691675,4539.798125691675,30.413874308324832,0.01689659683795824,30.413874308324832,91.2416229249745,5571.798125691675,5571.798125691675,16715.394377075023,5602.2119999999995,5602.2119999999995,16806.636,0.7002765,2.386109568,11.93054784,0.795369856,72.57083648704327,72.57083648704327,0.0,72.57083648704327,72.57083648704327,0.0,30.413874308324832,0.0,30.413874308324832,91.2416229249745,0.0,4695.599999999999,-0.12453102087164111,139.78094537010884
74,74,2025,5SB,5,SB,AM-Peak,2,Peak,AM,3.0,70,8000,1,8,75,1800,1,4,0.05,0.01,4270.0,0.0,528.0,0.0,0.0,1.0,1.0,1.0,3.66,1.83,0.2448979591836735,0.2448979591836735,30,4.155,0.715,5124.0,0.0,633.6,0.0,0.0,5757.6,7024.8,1.0,1.2,0.6055862068965517,7024.8,0.0,1.0,153.72,3727.71,0.0,475.20000000000005,0.0,0.0,4318.200000000001,1.233788573,6.168942865,,0.04875558664349226,0.04875558739865393,208.46773886951632,1042.3386943475814,54.40687184090985,74.90962564521607,5.017584613911061,2.4028954683675594,3.3084056096137036,-0.9055101412461442,1.0096585423136313,181.74668788681254,4788.533312113187,0.0,0.0,181.74668788681254,5422.1333121131875,10844.266624226375,181.74668788681254,0.1009703821593403,363.4933757736251,1090.4801273208752,6689.333312113187,13378.666624226375,40135.999872679124,6871.08,13742.16,41226.479999999996,0.858885,3.701365719,18.506828595,1.233788573,672.7109600860405,672.7109600860405,0.0,1345.421920172081,1345.421920172081,0.0,363.4933757736251,0.0,363.4933757736251,1090.4801273208752,0.0,11515.2,-0.27369985669679525,81.75205445863385
75,75,2025,5SB,5,SB,AM-Shoulder,1,OP,AM,3.0,70,8000,1,8,75,1800,1,4,0.05,0.01,3240.0,0.0,400.0,0.0,0.0,1.0,1.0,1.0,3.66,1.83,0.2448979591836735,0.2448979591836735,30,4.155,0.715,3888.0,0.0,480.0,0.0,0.0,4368.0,5328.0,1.0,1.2,0.4593103448275862,5328.0,0.0,1.0,116.64,2828.52,0.0,360.0,0.0,0.0,3276.0,0.683611767,3.418058835,,0.010001048765313799,0.010001383383139974,392.15695490953055,1960.7847745476531,67.49632318834519,74.99684815985542,2.7933519895846928,2.4001008631233525,2.666811931336153,-0.26671106821280066,0.13067520307338712,28.288166453665387,3743.071833546335,0.0,0.0,28.288166453665387,4223.071833546335,4223.071833546335,28.288166453665387,0.015715648029814105,28.288166453665387,84.86449936099616,5183.071833546335,5183.071833546335,15549.215500639006,5211.360000000001,5211.360000000001,15634.080000000002,0.6514200000000001,2.050835301,10.254176505,0.683611767,58.01437036374096,58.01437036374096,0.0,58.01437036374096,58.01437036374096,0.0,28.288166453665387,0.0,28.288166453665387,84.86449936099616,0.0,4368.0,-0.10001120254444429,153.7870411409924
76,76,2025,5SB,5,SB,MD,5,OP,MD,3.0,70,8000,1,8,75,1800,1,4,0.05,0.01,4470.0,0.0,552.0,0.0,0.0,1.0,1.0,1.0,3.66,1.83,0.2448979591836735,0.2448979591836735,30,4.136,0.708,4470.0,0.0,552.0,0.0,0.0,5022.0,6126.0,1.0,1.2,0.5281034482758621,6126.0,0.0,1.0,134.1,3251.9249999999997,0.0,414.0,0.0,0.0,3766.5,0.188471815,0.9423590749999999,,0.1821495329335036,0.18214955814772435,118.90206608626536,594.5103304313267,66.51424647822101,73.06183185047925,1.3830337083763735,2.463666670285099,2.7061871633611307,-0.24252049307603185,0.18461927094760658,592.3366198847837,3743.5633801152167,0.0,0.0,592.3366198847837,4295.563380115216,21477.81690057608,592.3366198847837,0.3290758999359909,2961.683099423918,8885.049298271755,5399.563380115216,26997.81690057608,80993.45070172823,5991.9,29959.499999999996,89878.49999999999,0.7489874999999999,0.565415445,2.827077225,0.188471815,334.91627352195076,334.91627352195076,0.0,1674.5813676097537,1674.5813676097537,0.0,2961.683099423918,0.0,2961.683099423918,8885.049298271755,0.0,25110.0,-0.08961704362488264,46.62826121030014
77,77,2025,5SB,5,SB,PM-Shoulder,1,OP,PM,3.0,70,8000,1,8,75,1800,1,4,0.05,0.01,4630.0,0.0,572.0,0.0,0.0,1.0,1.0,1.0,3.66,1.83,0.2448979591836735,0.2448979591836735,30,4.135,0.592,4630.0,0.0,572.0,0.0,0.0,5202.0,6346.0,1.0,1.2,0.5470689655172414,6346.0,0.0,1.0,138.9,3368.3250000000003,0.0,429.0,0.0,0.0,3901.5,0.186849115,0.934245575,,0.1855693864343678,0.18556942461792403,106.10727021300846,530.5363510650423,65.51887660701925,72.6428837791262,1.3953438550322963,2.477875197621528,2.747299851913456,-0.2694246542919281,0.2409436542642925,625.0580035615419,3866.0419964384578,0.0,0.0,625.0580035615419,4438.041996438458,4438.041996438458,625.0580035615419,0.34725444642307884,625.0580035615419,1875.1740106846257,5582.041996438458,5582.041996438458,16746.125989315377,6207.1,6207.1,18621.300000000003,0.7758875000000001,0.560547345,2.802736725,0.186849115,350.3746043674229,350.3746043674229,0.0,350.3746043674229,350.3746043674229,0.0,625.0580035615419,0.0,625.0580035615419,1875.1740106846257,0.0,5202.0,-0.09806889266356475,41.61069420117978
78,78,2025,5SB,5,SB,PM-Peak,3,Peak,PM,3.0,70,8000,1,8,75,1800,1,4,0.05,0.01,4957.0,0.0,613.0,0.0,0.0,1.0,1.0,1.0,3.66,1.83,0.2448979591836735,0.2448979591836735,30,4.135,0.592,4957.0,0.0,613.0,0.0,0.0,5570.0,6796.0,1.0,1.2,0.5858620689655173,6796.0,0.0,1.0,148.71,3606.2174999999997,0.0,459.75,0.0,0.0,4177.5,0.212310187,1.061550935,,0.20210759370285972,0.20210762910876912,102.39082452782972,511.95412263914864,63.09510470824921,70.98949247826991,2.0314840496444813,2.535586517329991,2.8528362197402988,-0.3172497024103076,0.38552847818706654,728.8439412941425,4079.4460587058575,0.0,0.0,728.8439412941425,4692.4460587058575,14077.338176117573,728.8439412941425,0.40491330071896803,2186.5318238824275,6559.5954716472825,5918.4460587058575,17755.338176117573,53266.01452835272,6647.29,19941.870000000003,59825.61000000001,0.83091125,0.636930561,3.1846528050000003,0.212310187,464.2229804099293,464.2229804099293,0.0,1392.6689412297878,1392.6689412297878,0.0,2186.5318238824275,0.0,2186.5318238824275,6559.5954716472825,0.0,16710.0,-0.11120501773466254,40.153264520717535
79,79,2025,5SB,5,SB,PM-Late,3,OP,PM,3.0,70,8000,1,8,75,1800,1,4,0.05,0.01,4118.0,0.0,509.0,0.0,0.0,1.0,1.0,1.0,3.66,1.83,0.2448979591836735,0.2448979591836735,30,4.135,0.592,4118.0,0.0,509.0,0.0,0.0,4627.0,5645.0,1.0,1.2,0.4866379310344828,5645.0,0.0,1.0,123.53999999999999,2995.8450000000003,0.0,381.75,0.0,0.0,3470.25,0.163716463,0.818582315,,0.15762502523916985,0.15762504045985865,113.24185763470874,566.2092881735438,67.92461228989333,74.11064256355121,1.5149741971237063,2.428800962637003,2.6499967233052963,-0.2211957606682935,0.10763836807111347,472.22014373764085,3522.2398562623594,0.0,0.0,472.22014373764085,4031.2398562623594,12093.719568787077,472.22014373764085,0.2623445242986894,1416.6604312129225,4249.981293638768,5049.239856262359,15147.719568787077,45443.15870636123,5521.46,16564.38,49693.14,0.6901825,0.49114938900000005,2.455746945,0.163716463,231.9306350702345,231.9306350702345,0.0,695.7919052107035,695.7919052107035,0.0,1416.6604312129225,0.0,1416.6604312129225,4249.981293638768,0.0,13881.0,-0.08347020157534374,44.40857162145441
80,80,2025,6NB,6,NB,Night,8,OP,NT,4.4,70,8000,1,8,75,1800,1,4,0.05,0.01,1554.0,0.0,192.0,0.0,0.0,1.0,1.0,1.0,3.66,1.83,0.282574568288854,0.282574568288854,30,4.103,0.708,1554.0,0.0,192.0,0.0,0.0,1746.0,2130.0,1.0,1.2,0.18362068965517242,2130.0,0.0,1.0,46.62,979.7970000000001,0.0,124.80000000000001,0.0,0.0,1134.9,0.117777617,0.588888085,,0.21539154990164794,0.21539154991474158,105.7205631617879,528.6028158089395,69.99923281381918,74.96852419012812,0.0,3.5214778849116466,3.7714699059941896,-0.24999202108254304,5.662835489698441e-05,211.03999441898497,1296.3400055810152,0.0,0.0,211.03999441898497,1488.3400055810152,11906.720044648122,211.03999441898497,0.11724444134388054,1688.3199553518798,7428.6078035482715,1872.3400055810152,14978.720044648122,65906.36819645175,2083.38,16667.04,73334.97600000002,0.2604225,0.5182215148,2.591107574,0.11777761699999999,109.36546559118995,109.36546559118995,0.0,874.9237247295196,874.9237247295196,0.0,1688.3199553518798,0.0,1688.3199553518798,7428.6078035482715,0.0,13968.0,-0.06628503668694744,28.267530257162537
81,81,2025,6NB,6,NB,AM-Early,1,OP,AM,4.4,70,8000,1,8,75,1800,1,4,0.05,0.01,2259.0,0.0,279.0,0.0,0.0,1.0,1.0,1.0,3.66,1.83,0.282574568288854,0.282574568288854,30,4.155,0.715,2259.0,0.0,279.0,0.0,0.0,2538.0,3096.0,1.0,1.2,0.26689655172413795,3096.0,0.0,1.0,67.77,1424.2995,0.0,181.35,0.0,0.0,1649.7,0.169543156,0.84771578,,0.11366920249762325,0.11366921173288731,151.13584425119697,755.6792212559849,69.97708939974564,74.98012690173988,1.6837479583608037,3.52093295795521,3.772663342596236,-0.25173038464102593,0.0016916364997005024,161.89898828276355,2029.3310117172364,0.0,0.0,161.89898828276355,2308.3310117172364,2308.3310117172364,161.89898828276355,0.08994388237931308,161.89898828276355,712.3555484441597,2866.3310117172364,2866.3310117172364,12611.856451555841,3028.23,3028.23,13324.212000000001,0.37852875,0.7459898864000001,3.7299494320000006,0.169543156,120.77500787733372,120.77500787733372,0.0,120.77500787733372,120.77500787733372,0.0,161.89898828276355,0.0,161.89898828276355,712.3555484441597,0.0,2538.0,-0.06672484708582359,40.41065354310079
82,82,2025,6NB,6,NB,AM-Peak,2,Peak,AM,4.4,70,8000,1,8,75,1800,1,4,0.05,0.01,4308.0,0.0,532.0,0.0,0.0,1.0,1.0,1.0,3.66,1.83,0.282574568288854,0.282574568288854,30,4.155,0.715,4308.0,0.0,532.0,0.0,0.0,4840.0,5904.0,1.0,1.2,0.5089655172413793,5904.0,0.0,1.0,129.24,2716.1940000000004,0.0,345.8,0.0,0.0,3146.0,0.167837166,0.83918583,,0.20484834320220213,0.2048483547917964,114.9463653396318,574.7318266981589,67.31670051077522,73.45358021021708,3.162869081308391,3.594106635026603,3.921760840873984,-0.32765420584738125,0.20595520914021603,556.4078407157623,3622.352159284238,0.0,0.0,556.4078407157623,4154.352159284238,8308.704318568476,556.4078407157623,0.30911546706431237,1112.8156814315246,4896.388998298708,5218.352159284238,10436.704318568476,45921.4990017013,5774.76,11549.52,50817.888000000006,0.7218450000000001,0.7384835304000001,3.6924176520000005,0.167837166,410.89802655401706,410.89802655401706,0.0,821.7960531080341,821.7960531080341,0.0,1112.8156814315246,0.0,1112.8156814315246,4896.388998298708,0.0,9680.0,-0.08354772744743962,30.73432228332401
83,83,2025,6NB,6,NB,AM-Shoulder,1,OP,AM,4.4,70,8000,1,8,75,1800,1,4,0.05,0.01,4049.0,0.0,500.0,0.0,0.0,1.0,1.0,1.0,3.66,1.83,0.282574568288854,0.282574568288854,30,4.155,0.715,4049.0,0.0,500.0,0.0,0.0,4549.0,5549.0,1.0,1.2,0.47836206896551725,5549.0,0.0,1.0,121.47,2552.8945000000003,0.0,325.0,0.0,0.0,2956.85,0.174664118,0.8733205900000001,,0.1773726352923367,0.17737264517021112,123.55399779413968,617.7699889706984,68.15192061496728,74.23086910365008,2.23855694291022,3.5564718989261923,3.873698607725242,-0.3172267087990499,0.14010994972643923,452.81362508831234,3474.716374911688,0.0,0.0,452.81362508831234,3974.716374911688,3974.716374911688,452.81362508831234,0.2515631250490624,452.81362508831234,1992.3799503885743,4974.716374911688,4974.716374911688,21888.75204961143,5427.530000000001,5427.530000000001,23881.132000000005,0.6784412500000001,0.7685221192000001,3.8426105960000005,0.174664118,347.99728675550415,347.99728675550415,0.0,347.99728675550415,347.99728675550415,0.0,452.81362508831234,0.0,452.81362508831234,1992.3799503885743,0.0,4549.0,-0.08189246013265225,33.035828287203124
84,84,2025,6NB,6,NB,MD,5,OP,MD,4.4,70,8000,1,8,75,1800,1,4,0.05,0.01,4439.0,0.0,549.0,0.0,0.0,1.0,1.0,1.0,3.66,1.83,0.282574568288854,0.282574568288854,30,4.136,0.708,4439.0,0.0,549.0,0.0,0.0,4988.0,6086.0,1.0,1.2,0.5246551724137931,6086.0,0.0,1.0,133.17,2798.7895,0.0,356.85,0.0,0.0,3242.2000000000003,0.415252552,2.07626276,,0.08215450804226013,0.08215451731349793,167.44129959673913,837.2064979836957,64.66882129154871,74.87601393429516,3.733201946238765,3.5258287150764196,4.082338207616304,-0.5565094925398841,0.42594620157719304,229.93317448634318,4075.896825513657,0.0,0.0,229.93317448634318,4624.896825513657,23124.484127568285,229.93317448634318,0.12774065249241287,1149.6658724317158,5058.52983869955,5722.896825513657,28614.484127568285,125903.73016130047,5952.83,29764.15,130962.26000000002,0.74410375,1.8271112288000002,9.135556144,0.415252552,420.11348497762737,420.11348497762737,0.0,2100.567424888137,2100.567424888137,0.0,1149.6658724317158,0.0,1149.6658724317158,5058.52983869955,0.0,24940.0,-0.13632126106103115,44.77040096169495
85,85,2025,6NB,6,NB,PM-Shoulder,1,OP,PM,4.4,70,8000,1,8,75,1800,1,4,0.05,0.01,4956.0,0.0,613.0,0.0,0.0,1.0,1.0,1.0,3.66,1.83,0.282574568288854,0.282574568288854,30,4.135,0.592,5861.197470758405,0.0,724.9624797366631,0.0,0.0,6586.159950495068,8036.084909968395,1.0,1.2,0.6927659405145168,8036.084909968395,0.0,1.0,175.83592412275215,3695.4850053131745,0.0,471.22561182883106,0.0,0.0,4281.0039678217945,1.419297409,7.096487045,,0.12782080033543766,0.1278208133595116,122.48121505326871,612.4060752663435,42.72180734506744,73.75962370971098,4.120912353602025,3.5791939644242317,6.179513845649155,-2.6003198812249235,3.2990768256822,472.35985100673906,5213.001695628915,0.0,0.0,472.35985100673906,5937.964175365578,5937.964175365578,472.35985100673906,0.2624221394481884,472.35985100673906,2078.383344429652,7387.889134838904,7387.889134838904,32506.712193291183,7860.248985845643,7860.248985845643,34585.09553772084,0.9825311232307053,6.2449085996,31.224542998000004,1.419297409,2949.8440956577597,2949.8440956577597,0.0,2949.8440956577597,2949.8440956577597,0.0,472.35985100673906,0.0,472.35985100673906,2078.383344429652,0.0,6586.159950495068,-0.42079683712590843,32.74898798215741
86,86,2025,6NB,6,NB,PM-Peak,3,Peak,PM,4.4,70,8000,1,8,75,1800,1,4,0.05,0.01,5474.0,0.0,677.0,0.0,0.0,1.0,1.0,1.0,3.66,1.83,0.282574568288854,0.282574568288854,30,4.135,0.592,6409.8673445893555,0.0,792.7439152880879,0.0,0.0,7202.611259877443,8788.09909045362,1.0,1.2,0.7575947491770362,8788.09909045362,0.0,1.0,192.29602033768066,4041.421360763589,0.0,515.2835449372571,0.0,0.0,4681.697318920338,1.202351064,6.01175532,,0.23758563838562907,0.23758567733093966,95.36784444409469,476.83922222047346,38.03668725477392,64.20948239684387,3.7204522323590314,4.111542254278888,6.940667525320985,-2.8291252710420975,4.341857366832609,960.183673982335,5257.38765026934,0.0,0.0,960.183673982335,6050.131565557428,18150.394696672283,960.183673982335,0.5334353744346305,2880.551021947005,12674.424496566824,7635.619396133604,22906.858188400813,100790.17602896359,8595.803070115939,25787.409210347818,113464.6005255304,1.0744753837644923,5.2903446816,26.451723408000003,1.202351064,5079.702593011594,5079.702593011594,0.0,15239.107779034783,15239.107779034783,0.0,2880.551021947005,0.0,2880.551021947005,12674.424496566824,0.0,21607.833779632332,-0.40761573158790065,25.499423648153662
87,87,2025,6NB,6,NB,PM-Late,3,OP,PM,4.4,70,8000,1,8,75,1800,1,4,0.05,0.01,4463.0,0.0,552.0,0.0,0.0,1.0,1.0,1.0,3.66,1.83,0.282574568288854,0.282574568288854,30,4.135,0.592,4463.0,0.0,552.0,0.0,0.0,5015.0,6119.0,1.0,1.2,0.5275,6119.0,0.0,1.0,133.89,2813.9215,0.0,358.8,0.0,0.0,3259.75,0.187399184,0.93699592,,0.18889709943687477,0.1888971213231139,105.33280413531057,526.6640206765528,66.24878106476324,73.62485610140217,2.3143864225523627,3.5857455481664724,3.9849789800950433,-0.39923343192857086,0.29256405987306644,531.5416093930598,3797.5683906069403,0.0,0.0,531.5416093930598,4349.568390606941,13048.705171820822,531.5416093930598,0.29530089410725546,1594.6248281791795,7016.34924398839,5453.568390606941,16360.705171820822,71987.10275601162,5985.110000000001,17955.33,79003.452,0.7481387500000001,0.8245564096000001,4.122782048,0.187399184,438.28604099414713,438.28604099414713,0.0,1314.8581229824413,1314.8581229824413,0.0,1594.6248281791795,0.0,1594.6248281791795,7016.34924398839,0.0,15045.0,-0.10018457661200737,28.16385137307769
88,88,2025,6SB,6,SB,Night,8,OP,NT,4.4,70,8000,1,8,75,1800,1,4,0.05,0.01,1437.0,0.0,178.0,0.0,0.0,1.0,1.0,1.0,3.66,1.83,0.282574568288854,0.282574568288854,30,4.103,0.708,1437.0,0.0,178.0,0.0,0.0,1615.0,1971.0,1.0,1.2,0.16991379310344829,1971.0,0.0,1.0,43.11,906.0285000000001,0.0,115.7,0.0,0.0,1049.75,0.147646003,0.738230015,,0.1356107978297891,0.13561079798018388,131.89149857273873,659.4574928636937,69.9994321417632,74.99457831748758,0.0,3.520254476028426,3.7714591664878925,-0.2512046904594665,4.1915231269676066e-05,122.8672477415271,1271.022752258473,0.0,0.0,122.8672477415271,1449.022752258473,11592.182018067784,122.8672477415271,0.06825958207862616,982.9379819322168,4324.927120501754,1805.022752258473,14440.182018067784,63536.80087949825,1927.89,15423.12,67861.728,0.24098625,0.6496424132,3.2482120660000002,0.147646003,79.81977532604792,79.81977532604792,0.0,638.5582026083833,638.5582026083833,0.0,982.9379819322168,0.0,982.9379819322168,4324.927120501754,0.0,12920.0,-0.0666067639526896,35.265106570251
89,89,2025,6SB,6,SB,AM-Early,1,OP,AM,4.4,70,8000,1,8,75,1800,1,4,0.05,0.01,3401.0,0.0,420.0,0.0,0.0,1.0,1.0,1.0,3.66,1.83,0.282574568288854,0.282574568288854,30,4.155,0.715,3401.0,0.0,420.0,0.0,0.0,3821.0,4661.0,1.0,1.2,0.4018103448275862,4661.0,0.0,1.0,102.03,2144.3305,0.0,273.0,0.0,0.0,2483.65,0.795369856,3.9768492799999997,,0.010000555036662974,0.010000671044627287,595.7076848950172,2978.5384244750862,69.11556290125081,74.99833937847143,3.599886374194469,3.5200779402294637,3.8196896461248713,-0.29961170589540753,0.066117672333931,21.444495182045035,3277.5255048179547,0.0,0.0,21.444495182045035,3697.5255048179547,3697.5255048179547,21.444495182045035,0.011913608434469463,21.444495182045035,94.35577880099817,4537.525504817955,4537.525504817955,19965.112221199004,4558.97,4558.97,20059.468,0.56987125,3.4996273664000004,17.498136832,0.7953698560000001,75.04774219771777,75.04774219771777,0.0,75.04774219771777,75.04774219771777,0.0,21.444495182045035,0.0,21.444495182045035,94.35577880099817,0.0,3821.0,-0.07843875645744355,159.2801296510741
90,90,2025,6SB,6,SB,AM-Peak,2,Peak,AM,4.4,70,8000,1,8,75,1800,1,4,0.05,0.01,4170.0,0.0,515.0,0.0,0.0,1.0,1.0,1.0,3.66,1.83,0.282574568288854,0.282574568288854,30,4.155,0.715,5004.0,0.0,618.0,0.0,0.0,5622.0,6858.0,1.0,1.2,0.5912068965517241,6858.0,0.0,1.0,150.12,3155.0220000000004,0.0,401.7,0.0,0.0,3654.3,1.233788573,6.168942865,,0.03685632878899666,0.03685633349343061,228.9951446861008,1144.9757234305039,55.80546363313418,74.96403200038404,7.6418460738495675,3.5216889080705736,4.730719589313679,-1.2090306812431058,1.314228694502598,116.28252816851784,4737.597471831482,0.0,0.0,116.28252816851784,5355.597471831482,10711.194943662964,116.28252816851784,0.06460140453806547,232.56505633703568,1023.2862478829571,6591.597471831482,13183.194943662964,58006.05775211705,6707.88,13415.76,59029.344000000005,0.838485,5.4286697212,27.143348606000004,1.233788573,631.2594397730189,631.2594397730189,0.0,1262.5188795460379,1262.5188795460379,0.0,232.56505633703568,0.0,232.56505633703568,1023.2862478829571,0.0,11244.0,-0.2555701428539984,61.22864831179166
91,91,2025,6SB,6,SB,AM-Shoulder,1,OP,AM,4.4,70,8000,1,8,75,1800,1,4,0.05,0.01,3163.0,0.0,391.0,0.0,0.0,1.0,1.0,1.0,3.66,1.83,0.282574568288854,0.282574568288854,30,4.155,0.715,3163.0,0.0,391.0,0.0,0.0,3554.0,4336.0,1.0,1.2,0.3737931034482759,4336.0,0.0,1.0,94.89,1994.2715,0.0,254.15,0.0,0.0,2310.1,0.683611767,3.418058835,,0.010000581491951781,0.01000066472712197,550.9356698186465,2754.6783490932326,69.50115138383977,74.99875764954314,3.3490013472189015,3.520058308613972,3.79849822259757,-0.27843991398359824,0.0370854221015281,19.943874652826917,3048.1661253471734,0.0,0.0,19.943874652826917,3439.1661253471734,3439.1661253471734,19.943874652826917,0.01107993036268162,19.943874652826917,87.75304847243844,4221.166125347174,4221.166125347174,18573.130951527568,4241.110000000001,4241.110000000001,18660.884000000005,0.5301387500000001,3.0078917748000005,15.039458874000001,0.683611767,59.9890165258803,59.9890165258803,0.0,59.9890165258803,59.9890165258803,0.0,19.943874652826917,0.0,19.943874652826917,87.75304847243844,0.0,3554.0,-0.07330263111014161,147.30900262530653
92,92,2025,6SB,6,SB,MD,5,OP,MD,4.4,70,8000,1,8,75,1800,1,4,0.05,0.01,4365.0,0.0,539.0,0.0,0.0,1.0,1.0,1.0,3.66,1.83,0.282574568288854,0.282574568288854,30,4.136,0.708,4365.0,0.0,539.0,0.0,0.0,4904.0,5982.0,1.0,1.2,0.5156896551724138,5982.0,0.0,1.0,130.95,2752.1325,0.0,350.35,0.0,0.0,3187.6,0.188471815,0.9423590749999999,,0.19159225014886017,0.19159226679198307,115.97874286549845,579.8937143274923,66.8759007344624,73.68234038289962,2.2257081576148128,3.582948079934629,3.947610381327632,-0.36466230139300304,0.2413690795617133,527.287258382808,3706.762741617192,0.0,0.0,527.287258382808,4245.762741617193,21228.813708085963,527.287258382808,0.29293736576822665,2636.43629191404,11600.319684421776,5323.762741617193,26618.813708085963,117122.78031557825,5851.050000000001,29255.250000000004,128723.10000000002,0.7313812500000001,0.829275986,4.14637993,0.188471815,437.26666110063985,437.26666110063985,0.0,2186.3333055031994,2186.3333055031994,0.0,2636.43629191404,0.0,2636.43629191404,11600.319684421776,0.0,24520.0,-0.09237545405136016,31.01035905494611
93,93,2025,6SB,6,SB,PM-Shoulder,1,OP,PM,4.4,70,8000,1,8,75,1800,1,4,0.05,0.01,4521.0,0.0,559.0,0.0,0.0,1.0,1.0,1.0,3.66,1.83,0.282574568288854,0.282574568288854,30,4.135,0.592,4521.0,0.0,559.0,0.0,0.0,5080.0,6198.0,1.0,1.2,0.5343103448275862,6198.0,0.0,1.0,135.63,2850.4905,0.0,363.35,0.0,0.0,3302.0,0.186849115,0.934245575,,0.1957383897694178,0.19573841529209873,103.78378766114083,518.9189383057042,65.9736284557698,73.38233421295135,2.2505735407830305,3.5975961085386987,4.001598914284236,-0.4040028057455376,0.3153333697122608,557.9504205230226,3827.4195794769776,0.0,0.0,557.9504205230226,4386.419579476978,4386.419579476978,557.9504205230226,0.30997245584612365,557.9504205230226,2454.9818503012993,5504.419579476978,5504.419579476978,24219.446149698702,6062.37,6062.37,26674.428,0.75779625,0.8221361060000001,4.110680530000001,0.186849115,458.7111860698603,458.7111860698603,0.0,458.7111860698603,458.7111860698603,0.0,557.9504205230226,0.0,557.9504205230226,2454.9818503012993,0.0,5080.0,-0.10096034470206301,27.74967584522482
94,94,2025,6SB,6,SB,PM-Peak,3,Peak,PM,4.4,70,8000,1,8,75,1800,1,4,0.05,0.01,4840.0,0.0,598.0,0.0,0.0,1.0,1.0,1.0,3.66,1.83,0.282574568288854,0.282574568288854,30,4.135,0.592,4840.0,0.0,598.0,0.0,0.0,5438.0,6634.0,1.0,1.2,0.5718965517241379,6634.0,0.0,1.0,145.2,3051.6200000000003,0.0,388.7,0.0,0.0,3534.7000000000003,0.212310187,1.061550935,,0.2154230933272774,0.2154230420354112,99.61818677327017,498.09093386635084,63.808468336804744,72.14826230077095,3.313126424833205,3.659131787532726,4.137381869229491,-0.47825008169676453,0.5013560179872598,657.3894200593863,4037.4105799406143,0.0,0.0,657.3894200593863,4635.410579940614,13906.231739821844,657.3894200593863,0.36521634447743684,1972.168260178159,8677.5403447839,5831.410579940614,17494.231739821844,76974.61965521611,6488.800000000001,19466.4,85652.16000000002,0.8111000000000002,0.9341648228000001,4.670824114000001,0.21231018700000004,614.1100711003714,614.1100711003714,0.0,1842.3302133011143,1842.3302133011143,0.0,1972.168260178159,0.0,1972.168260178159,8677.5403447839,0.0,16314.0,-0.11559244392053895,26.635878816382398
95,95,2025,6SB,6,SB,PM-Late,3,OP,PM,4.4,70,8000,1,8,75,1800,1,4,0.05,0.01,4021.0,0.0,497.0,0.0,0.0,1.0,1.0,1.0,3.66,1.83,0.282574568288854,0.282574568288854,30,4.135,0.592,4021.0,0.0,497.0,0.0,0.0,4518.0,5512.0,1.0,1.2,0.47517241379310343,5512.0,0.0,1.0,120.63,2535.2405,0.0,323.05,0.0,0.0,2936.7000000000003,0.163716463,0.818582315,,0.16194133251857756,0.16194134182164902,112.05772898388585,560.2886449194293,68.13703186297994,74.43546588967509,2.4117230117270227,3.5466964147344626,3.8745450569506814,-0.3278486422162188,0.1412695851652908,410.56022482506484,3489.809775174935,0.0,0.0,410.56022482506484,3986.809775174935,11960.429325524805,410.56022482506484,0.22808901379170268,1231.6806744751946,5419.394967690857,4980.809775174936,14942.429325524807,65746.68903230915,5391.370000000001,16174.11,71166.084,0.6739212500000001,0.7203524372000001,3.601762186,0.163716463,295.74805857011546,295.74805857011546,0.0,887.2441757103463,887.2441757103463,0.0,1231.6806744751946,0.0,1231.6806744751946,5419.394967690857,0.0,13554.0,-0.08461603553379246,29.961959621359853
96,96,2025,7NB,7,NB,Night,8,OP,NT,5.6,70,6000,1,8,75,1800,1,4,0.05,0.01,769.0,0.0,95.0,0.0,0.0,1.0,1.0,1.0,3.66,1.83,0.35502958579881655,0.35502958579881655,30,4.103,0.708,769.0,0.0,95.0,0.0,0.0,864.0,1054.0,1.0,1.2,0.10979166666666666,1054.0,0.0,1.0,23.07,484.8545,0.0,61.75,0.0,0.0,561.6,0.117777617,0.588888085,,0.21761718428335708,0.21761718428111415,105.15424297429838,525.7712148714919,69.99997270141509,74.99804705637423,0.0,4.480116658870289,4.800001871903695,-0.3198852130334062,2.564508062674609e-06,105.51267107711494,640.417328922885,0.0,0.0,105.51267107711494,735.417328922885,5883.33863138308,105.51267107711494,0.058618150598397194,844.1013686169196,4726.967664254749,925.417328922885,7403.33863138308,41458.69633574524,1030.9299999999998,8247.439999999999,46185.66399999999,0.17182166666666665,0.6595546552,3.297773276,0.117777617,69.59137339149756,69.59137339149756,0.0,556.7309871319804,556.7309871319804,0.0,844.1013686169196,0.0,844.1013686169196,4726.967664254749,0.0,6912.0,-0.06664272672596663,22.091227515608907
97,97,2025,7NB,7,NB,AM-Early,1,OP,AM,5.6,70,6000,1,8,75,1800,1,4,0.05,0.01,930.0,0.0,115.0,0.0,0.0,1.0,1.0,1.0,3.66,1.83,0.35502958579881655,0.35502958579881655,30,4.155,0.715,1116.0,0.0,138.0,0.0,0.0,1254.0,1530.0,1.0,1.2,0.159375,1530.0,0.0,1.0,33.48,703.638,0.0,89.7,0.0,0.0,815.1,0.169543156,0.84771578,,0.1133345972355803,0.11333459732966547,151.3239914000478,756.6199570002389,69.99918448062193,74.99882575904195,0.0,4.480070142424749,4.800055921980288,-0.3199857795555392,7.661311299498374e-05,79.74652932964925,1002.7734706703507,0.0,0.0,79.74652932964925,1140.7734706703507,1140.7734706703507,79.74652932964925,0.044303627405360695,79.74652932964925,446.58056424603575,1416.7734706703507,1416.7734706703507,7933.931435753963,1496.52,1496.52,8380.511999999999,0.24942,0.9494416736,4.747208368,0.169543156,75.71467827053367,75.71467827053367,0.0,75.71467827053367,75.71467827053367,0.0,79.74652932964925,0.0,79.74652932964925,446.58056424603575,0.0,1254.0,-0.06666292742346372,31.790754495808358
98,98,2025,7NB,7,NB,AM-Peak,2,Peak,AM,5.6,70,6000,1,8,75,1800,1,4,0.05,0.01,1497.0,0.0,185.0,0.0,0.0,1.0,1.0,1.0,3.66,1.83,0.35502958579881655,0.35502958579881655,30,4.155,0.715,1688.5463436368675,0.0,208.6713918322114,0.0,0.0,1897.217735469079,2314.5605191335017,1.0,1.2,0.24110005407640642,2314.5605191335017,0.0,1.0,50.65639030910602,1064.628469663045,0.0,135.6364046909374,0.0,0.0,1233.1915280549013,0.167837166,0.83918583,,0.11703557660384979,0.11703557888067637,149.27719455866358,746.3859727933179,69.97795843184896,74.99326059142658,3.7468086177689144,4.480402603516247,4.801511897881788,-0.3211092943655407,0.002071300098050304,124.59940681588868,1513.290546511873,0.0,0.0,124.59940681588868,1721.9619383440843,3443.9238766881685,124.59940681588868,0.06922189267549371,249.19881363177737,1395.5133563379532,2139.3047220085073,4278.6094440170145,23960.21288649528,2263.904128824396,4527.808257648792,25355.726242833232,0.37731735480406603,0.9398881296,4.6994406479999995,0.167837166,117.1095034214551,117.1095034214551,0.0,234.2190068429102,234.2190068429102,0.0,249.19881363177737,0.0,249.19881363177737,1395.5133563379532,0.0,3794.435470938158,-0.06687670492021476,31.36075515938311
99,99,2025,7NB,7,NB,AM-Shoulder,1,OP,AM,5.6,70,6000,1,8,75,1800,1,4,0.05,0.01,1769.0,0.0,219.0,0.0,0.0,1.0,1.0,1.0,3.66,1.83,0.35502958579881655,0.35502958579881655,30,4.155,0.715,1769.0,0.0,219.0,0.0,0.0,1988.0,2426.0,1.0,1.2,0.2527083333333333,2426.0,0.0,1.0,53.07,1115.3545000000001,0.0,142.35,0.0,0.0,1292.2,0.174664118,0.8733205900000001,,0.10707966557497674,0.10707966662698984,154.96196155208852,774.8098077604427,69.96662576277454,74.99367429398869,2.585799637046284,4.480377887377801,4.80228961075278,-0.32191172337497864,0.003136766731309478,119.4317868575454,1596.4982131424547,0.0,0.0,119.4317868575454,1815.4982131424547,1815.4982131424547,119.4317868575454,0.06635099269863634,119.4317868575454,668.8180064022542,2253.498213142455,2253.498213142455,12619.589993597747,2372.9300000000003,2372.9300000000003,13288.408000000001,0.3954883333333334,0.9781190608,4.890595304,0.174664118,116.81850719076809,116.81850719076809,0.0,116.81850719076809,116.81850719076809,0.0,119.4317868575454,0.0,119.4317868575454,668.8180064022542,0.0,1988.0,-0.06703296749412778,32.5550339395144
100,100,2025,7NB,7,NB,MD,5,OP,MD,5.6,70,6000,1,8,75,1800,1,4,0.05,0.01,2550.0,0.0,315.0,0.0,0.0,1.0,1.0,1.0,3.66,1.83,0.35502958579881655,0.35502958579881655,30,4.136,0.708,2550.0,0.0,315.0,0.0,0.0,2865.0,3495.0,1.0,1.2,0.3640625,3495.0,0.0,1.0,76.5,1607.775,0.0,204.75,0.0,0.0,1862.25,0.415252552,2.07626276,,0.011699109334185257,0.011699144139637085,311.3586368745115,1556.7931843725578,69.1225183149211,74.99941046004865,4.716681405767891,4.480035215463239,4.860934008063614,-0.38089879260037485,0.08347959104715195,18.809535509769702,2454.69046449023,0.0,0.0,18.809535509769702,2769.69046449023,13848.45232245115,18.809535509769702,0.010449741949872056,94.04767754884851,526.6669942735516,3399.69046449023,16998.45232245115,95191.33300572644,3418.5,17092.5,95717.99999999999,0.56975,2.3254142912,11.627071456,0.415252552,43.739962685252344,43.739962685252344,0.0,218.69981342626173,218.69981342626173,0.0,94.04767754884851,0.0,94.04767754884851,526.6669942735516,0.0,14325.0,-0.07835917787991294,65.41147833498141
101,101,2025,7NB,7,NB,PM-Shoulder,1,OP,PM,5.6,70,6000,1,8,75,1800,1,4,0.05,0.01,3265.0,0.0,404.0,0.0,0.0,1.0,1.0,1.0,3.66,1.83,0.35502958579881655,0.35502958579881655,30,4.135,0.592,3265.0,0.0,404.0,0.0,0.0,3669.0,4477.0,1.0,1.2,0.4663541666666667,4477.0,0.0,1.0,97.95,2058.5825,0.0,262.6,0.0,0.0,2384.85,1.419297409,7.096487045,,0.01000050556545183,0.010000508299533856,530.2454687599338,2651.2273437996696,64.06657985968914,74.9985894878404,6.064860104313924,4.480084256177591,5.244544046769259,-0.7644597905916681,0.6090253440738853,20.58686574819174,3146.4631342518082,0.0,0.0,20.58686574819174,3550.4631342518082,3550.4631342518082,20.58686574819174,0.011437147637884301,20.58686574819174,115.28644818987374,4358.463134251808,4358.463134251808,24407.39355181012,4379.049999999999,4379.049999999999,24522.679999999993,0.7298416666666665,7.9480654903999985,39.740327451999995,1.419297409,163.62575720870052,163.62575720870052,0.0,163.62575720870052,163.62575720870052,0.0,20.58686574819174,0.0,20.58686574819174,115.28644818987374,0.0,3669.0,-0.14576286971268554,111.39610688233905
102,102,2025,7NB,7,NB,PM-Peak,3,Peak,PM,5.6,70,6000,1,8,75,1800,1,4,0.05,0.01,3772.0,0.0,466.0,0.0,0.0,1.0,1.0,1.0,3.66,1.83,0.35502958579881655,0.35502958579881655,30,4.135,0.592,3772.0,0.0,466.0,0.0,0.0,4238.0,5170.0,1.0,1.2,0.5385416666666667,5170.0,0.0,1.0,113.16,2378.246,0.0,302.90000000000003,0.0,0.0,2754.7000000000003,1.202351064,6.01175532,,0.021853721451904028,0.021853724602005978,206.23086775539474,1031.1543387769739,54.675040517170636,74.99468771344554,10.65768990753805,4.480317343061083,6.145400109844996,-1.6650827667839128,1.8431981504876431,51.97352562810495,3606.866474371895,0.0,0.0,51.97352562810495,4072.866474371895,12218.599423115686,51.97352562810495,0.02887418090450275,155.92057688431487,873.1552305521632,5004.866474371895,15014.599423115684,84081.75676944782,5056.839999999999,15170.519999999999,84954.91199999998,0.8428066666666666,6.733165958399999,33.665829792,1.202351064,349.9463734971862,349.9463734971862,0.0,1049.8391204915586,1049.8391204915586,0.0,155.92057688431487,0.0,155.92057688431487,873.1552305521632,0.0,12714.0,-0.27094782064986017,43.32581255365437
103,103,2025,7NB,7,NB,PM-Late,3,OP,PM,5.6,70,6000,1,8,75,1800,1,4,0.05,0.01,2896.0,0.0,358.0,0.0,0.0,1.0,1.0,1.0,3.66,1.83,0.35502958579881655,0.35502958579881655,30,4.135,0.592,2896.0,0.0,358.0,0.0,0.0,3254.0,3970.0,1.0,1.2,0.41354166666666664,3970.0,0.0,1.0,86.88,1825.9279999999999,0.0,232.70000000000002,0.0,0.0,2115.1,0.187399184,0.93699592,,0.12057823606314208,0.12057823875975261,125.07128052851625,625.3564026425813,68.40782418220083,74.9365510969134,4.071337731906463,4.4837932234893,4.911718856969939,-0.4279256334806387,0.1530548340488165,220.16717741830087,2588.952822581699,0.0,0.0,220.16717741830087,2946.952822581699,8840.858467745096,220.16717741830087,0.1223150985657227,660.5015322549026,3698.8085806274544,3662.952822581699,10988.858467745096,61537.607419372536,3883.12,11649.359999999999,65236.41599999999,0.6471866666666667,1.0494354304,5.247177152,0.187399184,231.05123659392774,231.05123659392774,0.0,693.1537097817832,693.1537097817832,0.0,660.5015322549026,0.0,660.5015322549026,3698.8085806274544,0.0,9762.0,-0.08712339731607276,26.275479102629465
104,104,2025,7SB,7,SB,Night,8,OP,NT,5.6,70,6000,1,8,75,1800,1,4,0.05,0.01,729.0,0.0,90.0,0.0,0.0,1.0,1.0,1.0,3.66,1.83,0.35502958579881655,0.35502958579881655,30,4.103,0.708,729.0,0.0,90.0,0.0,0.0,819.0,999.0,1.0,1.2,0.1040625,999.0,0.0,1.0,21.869999999999997,459.6345,0.0,58.5,0.0,0.0,532.35,0.147646003,0.738230015,,0.13586588652996953,0.13586588655689025,131.78224467526522,658.9112233763259,69.9999753316193,74.9996388698853,0.0,4.480021571609386,4.800001691546702,-0.31998011993731534,2.317418981228336e-06,62.44864882225928,644.6813511777407,0.0,0.0,62.44864882225928,734.6813511777407,5877.450809421925,62.44864882225928,0.034693693790144045,499.58919057807424,2797.6994672372157,914.6813511777407,7317.450809421925,40977.72453276278,977.13,7817.04,43775.424,0.162855,0.8268176168,4.134088083999999,0.147646003,51.633642991600546,51.633642991600546,0.0,413.06914393280437,413.06914393280437,0.0,499.58919057807424,0.0,499.58919057807424,2797.6994672372157,0.0,6552.0,-0.06666250149470433,27.685345520013698
105,105,2025,7SB,7,SB,AM-Early,1,OP,AM,5.6,70,6000,1,8,75,1800,1,4,0.05,0.01,2298.0,0.0,284.0,0.0,0.0,1.0,1.0,1.0,3.66,1.83,0.35502958579881655,0.35502958579881655,30,4.155,0.715,2298.0,0.0,284.0,0.0,0.0,2582.0,3150.0,1.0,1.2,0.328125,3150.0,0.0,1.0,68.94,1448.8890000000001,0.0,184.6,0.0,0.0,1678.3,0.795369856,3.9768492799999997,,0.010001205062060165,0.010001645752381504,655.2402424862366,3276.201212431183,69.61279240358729,74.9996538443253,4.267061484365805,4.480020677127736,4.826699064907576,-0.34667838777984006,0.03657771892337944,14.490636001163292,2214.5693639988367,0.0,0.0,14.490636001163292,2498.5693639988367,2498.5693639988367,14.490636001163292,0.008050353333979606,14.490636001163292,81.14756160651443,3066.5693639988367,3066.5693639988367,17172.788438393483,3081.06,3081.06,17253.935999999998,0.51351,4.4540711936,22.270355967999997,0.795369856,64.54232438972451,64.54232438972451,0.0,64.54232438972451,64.54232438972451,0.0,14.490636001163292,0.0,14.490636001163292,81.14756160651443,0.0,2582.0,-0.07182515071228673,137.65551312736065
106,106,2025,7SB,7,SB,AM-Peak,2,Peak,AM,5.6,70,6000,1,8,75,1800,1,4,0.05,0.01,3435.0,0.0,425.0,0.0,0.0,1.0,1.0,1.0,3.66,1.83,0.35502958579881655,0.35502958579881655,30,4.155,0.715,3435.0,0.0,425.0,0.0,0.0,3860.0,4710.0,1.0,1.2,0.490625,4710.0,0.0,1.0,103.05,2165.7675,0.0,276.25,0.0,0.0,2509.0,1.233788573,6.168942865,,0.010002148451126871,0.010002752557410387,357.0171303822983,1785.0856519114918,61.45869205772967,74.99827178097743,9.969469794205336,4.480103234661776,5.46708673338487,-0.9869834987230943,0.9139088247372728,21.662328045625916,3310.2876719543738,0.0,0.0,21.662328045625916,3735.2876719543738,7470.5753439087475,21.662328045625916,0.012034626692014399,43.32465609125183,242.61807411101023,4585.287671954374,9170.575343908748,51355.22192588898,4606.95,9213.9,51597.83999999999,0.767825,6.9092160088,34.546080044,1.233788573,149.66970372071577,149.66970372071577,0.0,299.33940744143155,299.33940744143155,0.0,43.32465609125183,0.0,43.32465609125183,242.61807411101023,0.0,7720.0,-0.18053188962524785,75.00359881981059
107,107,2025,7SB,7,SB,AM-Shoulder,1,OP,AM,5.6,70,6000,1,8,75,1800,1,4,0.05,0.01,3333.0,0.0,412.0,0.0,0.0,1.0,1.0,1.0,3.66,1.83,0.35502958579881655,0.35502958579881655,30,4.155,0.715,3333.0,0.0,412.0,0.0,0.0,3745.0,4569.0,1.0,1.2,0.4759375,4569.0,0.0,1.0,99.99,2101.4565000000002,0.0,267.8,0.0,0.0,2434.25,0.683611767,3.418058835,,0.030715224852675894,0.030715232683452717,242.82107581194848,1214.1053790597423,63.58386325622308,74.99476409030127,5.907623074750495,4.480312780175187,5.284359628260162,-0.8040468480849752,0.6635726907164229,64.5467089156173,3168.463291084383,0.0,0.0,64.5467089156173,3580.463291084383,3580.463291084383,64.5467089156173,0.0358592827308985,64.5467089156173,361.4615699274569,4404.463291084383,4404.463291084383,24664.994430072544,4469.01,4469.01,25026.456000000002,0.744835,3.8282258952,19.141129476,0.683611767,247.09938252070287,247.09938252070287,0.0,247.09938252070287,247.09938252070287,0.0,64.5467089156173,0.0,64.5467089156173,361.4615699274569,0.0,3745.0,-0.15215596678640547,51.01283105293036
108,108,2025,7SB,7,SB,MD,5,OP,MD,5.6,70,6000,1,8,75,1800,1,4,0.05,0.01,2635.0,0.0,326.0,0.0,0.0,1.0,1.0,1.0,3.66,1.83,0.35502958579881655,0.35502958579881655,30,4.136,0.708,2635.0,0.0,326.0,0.0,0.0,2961.0,3613.0,1.0,1.2,0.37635416666666666,3613.0,0.0,1.0,79.05,1661.3674999999998,0.0,211.9,0.0,0.0,1924.65,0.188471815,0.9423590749999999,,0.11724819276851003,0.11724820156369097,145.14161674242604,725.7080837121302,69.23178449101437,74.95984487077163,3.741397144331398,4.482399884621603,4.853262160873661,-0.37086227625205836,0.07296916039691573,194.79233689933758,2361.1576631006624,0.0,0.0,194.79233689933758,2687.1576631006624,13435.788315503312,194.79233689933758,0.10821796494407644,973.9616844966879,5454.185433181452,3339.1576631006624,16695.788315503312,93496.41456681854,3533.95,17669.75,98950.59999999999,0.5889916666666667,1.0554421639999998,5.27721082,0.188471815,205.59204558765387,205.59204558765387,0.0,1027.9602279382693,1027.9602279382693,0.0,973.9616844966879,0.0,973.9616844966879,5454.185433181452,0.0,14805.0,-0.07641505114681411,30.49193629042565
109,109,2025,7SB,7,SB,PM-Shoulder,1,OP,PM,5.6,70,6000,1,8,75,1800,1,4,0.05,0.01,2723.0,0.0,336.0,0.0,0.0,1.0,1.0,1.0,3.66,1.83,0.35502958579881655,0.35502958579881655,30,4.135,0.592,2723.0,0.0,336.0,0.0,0.0,3059.0,3731.0,1.0,1.2,0.38864583333333336,3731.0,0.0,1.0,81.69,1716.8515,0.0,218.4,0.0,0.0,1988.3500000000001,0.186849115,0.934245575,,0.09525022977948282,0.09525024438672856,135.637678887201,678.188394436005,68.92343791731315,74.97417449837752,4.10676796527113,4.481543174673717,4.874974466640742,-0.3934312919670253,0.10271501929781741,163.53049987224975,2477.77950012775,0.0,0.0,163.53049987224975,2813.77950012775,2813.77950012775,163.53049987224975,0.09085027770680541,163.53049987224975,915.7707992845985,3485.77950012775,3485.77950012775,19520.365200715398,3649.31,3649.31,20436.135999999995,0.6082183333333333,1.046355044,5.23177522,0.186849115,171.11096338916988,171.11096338916988,0.0,171.11096338916988,171.11096338916988,0.0,163.53049987224975,0.0,163.53049987224975,915.7707992845985,0.0,3059.0,-0.08070427746017135,28.495310690588443
110,110,2025,7SB,7,SB,PM-Peak,3,Peak,PM,5.6,70,6000,1,8,75,1800,1,4,0.05,0.01,2613.0,0.0,323.0,0.0,0.0,1.0,1.0,1.0,3.66,1.83,0.35502958579881655,0.35502958579881655,30,4.135,0.592,2613.0,0.0,323.0,0.0,0.0,2936.0,3582.0,1.0,1.2,0.373125,3582.0,0.0,1.0,78.39,1647.4965000000002,0.0,209.95000000000002,0.0,0.0,1908.4,0.212310187,1.061550935,,0.05769985148911055,0.057699857069276765,158.70271199026067,793.5135599513034,69.10085667966325,74.99353402449994,6.787134710280724,4.480386267571159,4.862457806530879,-0.38207153895971935,0.08556719494730379,95.06030337882943,2439.549696621171,0.0,0.0,95.06030337882943,2762.549696621171,8287.649089863513,95.06030337882943,0.05281127965490524,285.1809101364883,1597.0130967643345,3408.549696621171,10225.649089863513,57263.63490323567,3503.61,10510.830000000002,58860.648,0.583935,1.1889370472,5.944685236,0.212310187,113.02071640516165,113.02071640516165,0.0,339.06214921548496,339.06214921548496,0.0,285.1809101364883,0.0,285.1809101364883,1597.0130967643345,0.0,8808.0,-0.07857580552093435,33.34090588030687
111,111,2025,7SB,7,SB,PM-Late,3,OP,PM,5.6,70,6000,1,8,75,1800,1,4,0.05,0.01,2089.0,0.0,258.0,0.0,0.0,1.0,1.0,1.0,3.66,1.83,0.35502958579881655,0.35502958579881655,30,4.135,0.592,2089.0,0.0,258.0,0.0,0.0,2347.0,2863.0,1.0,1.2,0.29822916666666666,2863.0,0.0,1.0,62.669999999999995,1317.1145,0.0,167.70000000000002,0.0,0.0,1525.55,0.163716463,0.818582315,,0.082646504193215,0.08264650885139965,142.08037137523476,710.4018568761738,69.86230206934779,74.99381635960752,3.259043788565712,4.48036939990926,4.809460754191503,-0.3290913542822427,0.012961233242359142,108.85490904719427,1917.4750909528057,0.0,0.0,108.85490904719427,2175.4750909528057,6526.425272858417,108.85490904719427,0.06047494947066348,326.5647271415828,1828.7624719928635,2691.4750909528057,8074.425272858417,45216.78152800713,2800.33,8400.99,47045.543999999994,0.46672166666666665,0.9168121927999999,4.584060964,0.163716463,99.79950786060273,99.79950786060273,0.0,299.3985235818082,299.3985235818082,0.0,326.5647271415828,0.0,326.5647271415828,1828.7624719928635,0.0,7041.0,-0.06842583214665711,29.848817515805628
