,index,Year,SegDir,Segment,Direction,Period,Hours/Day,Peak,4Periods,Length,Speed GP,Capacity GP,Alpha GP,Beta GP,Speed ML,Capacity ML,Alpha ML,Beta ML,MinToll,MinCapture,AADT Lights,AADT MediumA,AADT MediumB,AADT HeavyA,AADT HeavyB,GrowthFactor,GrowthFactor_medium,GrowthFactor_heavy,MaxToll,Soft Cap,MaxCapture,MaxCap_aux,Min Speed,B1,B2,TotalLights,TotalMediumA,TotalMediumB,TotalHeavyA,TotalHeavyB,TotalVeh,Corridor PCE pre-fix,Suppressed ratio ref,Max VC,Suppressed ratio,Corridor PCE,Suppressed Demand,PCE ratio,HOV3,InScopeLights,InScopeMediumA,InScopeMediumB,InScopeHeavyA,InScopeHeavyB,InScopeVeh,TollLights,TollMediumA,TollMediumB,CaptureRateLights,CaptureRateMediumA,CaptureRateMediumB,VOT Lights,VOT MediumA,VOT MediumB,Speed GP Real,Speed ML Real,Bounus Seg,Time ML,Time GP,Time Savings,BonusRel,MLVeh_Lights,GPVeh_Lights,MLVeh_MediumA,GPVeh_MediumA,MLVeh_MediumB,GPVeh_MediumB,MLVeh,GPVeh,GPVehDay,ML PCE,ML V/C,ML Volume,ML PCE Total,GP PCE,GP Volume,GP PCE Total,Highway PCE,Highway Volume,Highway PCE Total,Highway V/C,TollLightsPerSeg,TollMediumAPerSeg,TollMediumBPerSeg,TollBlend,RevenuePerHour,RevenuePerHourLights,RevenuePerHourMediumA,RevenuePerHourMediumB,RevenuePerDay,RevenuePerDayLights,RevenuePerDayMediumA,RevenuePerDayMediumB,TransactionsDay_Lights,TransactionsDay_MediumA,TransactionsDay_MediumB,TransactionsDay,TransactionsLightsLength,TransactionsMediumALength,TransactionsMediumBLength,TotalVeh_hours,Difference in Travel Time,Implied Min VOT
0,0,2025,1NB,1,NB,Night,8,OP,NT,3.0,65,8400.0,1,6,70,1800,1,6,0.2,0.052631578947368425,929.0,115.0,0.0,0.0,0.0,1.0,1.0,1.0,1.2059999999999997,1.2059999999999997,0.15789473684210525,0.15789473684210525,30,4.009,0.708,929.0,115.0,0.0,0.0,0.0,1044.0,1274.0,1.0,1.2,0.10616666666666667,1274.0,0.0,1.0,0.0,882.55,109.25,0.0,0.0,0.0,991.8,0.20000172280915116,0.8000068912366046,1.0000086140457558,0.07245270736698813,0.07243934649788747,0.0724262397782139,154.66064203566782,618.6425681426713,773.3032101783392,64.99948425617923,69.99999906455388,0.0,2.571428605791899,2.76925274192292,-0.1978241361310209,3.0102588246116657e-05,63.94313688673537,865.0568631132646,7.913998604894206,107.0860013951058,0.0,0.0,71.85713549162958,972.1428645083704,7777.142916066963,87.68513270141798,0.04871396261189888,701.4810616113439,2104.443184834032,1186.3148672985822,9490.518938388657,28471.55681516597,1274.0000000000002,10192.000000000002,30576.000000000004,0.1516666666666667,0.6000051684274534,2.4000206737098138,3.0000258421372674,0.2660834004793849,57.359972880962076,38.36621261750536,18.993760263456718,0.0,458.8797830476966,306.9297009400429,151.95008210765374,0.0,511.54509509388294,63.31198883915365,0.0,574.8570839330366,1534.6352852816487,189.93596651746094,0.0,8352.0,-0.07143592678855862,60.66046137363785
1,1,2025,1NB,1,NB,AM-Early,1,OP,AM,3.0,65,13041.800003999999,1,6,70,1800,1,6,0.2,0.0,2203.0,272.0,0.0,0.0,0.0,1.0,1.0,1.0,4.02,2.01,0.15957775013766984,0.15957775013766984,30,3.82,0.715,2203.0,272.0,0.0,0.0,0.0,2475.0,3019.0,1.0,1.2,0.18141066466814634,3019.0,0.0,1.0,0.0,2092.85,258.4,0.0,0.0,0.0,2351.25,2.0059146642401147,8.023658656960459,10.029573321200573,0.0006316529878869522,0.00031474205818904675,3.174082748208139e-05,1543.7181888886446,6174.872755554578,7718.590944443222,64.99003107668254,70.0,0.0,2.5714285714285716,2.7696555459038907,-0.19822697447531912,0.0005819440421759196,1.3219549556992078,2201.6780450443007,0.08132934783604967,271.91867065216394,0.0,0.0,1.4032843035352576,2473.596715696465,2473.596715696465,1.5659429992073568,0.000869968332892976,1.5659429992073568,4.697828997622071,3017.4340570007926,3017.4340570007926,9052.302171002379,3019.0,3019.0,9057.0,0.23148645118573008,6.017743992720344,24.070975970881378,30.08871996360172,2.3546816198308456,9.912863270794801,7.955186493305797,1.957676777489005,0.0,9.912863270794801,7.955186493305797,1.957676777489005,0.0,1.3219549556992078,0.08132934783604967,0.0,1.4032843035352576,3.9658648670976238,0.243988043508149,0.0,2475.0,-0.0715709846188208,607.1569228808062
2,2,2025,1NB,1,NB,AM-Peak,2,Peak,AM,3.0,65,15600.0,1,6,70,1800,1,6,0.2,0.0,3492.0,432.0,0.0,0.0,0.0,1.0,1.0,1.0,4.02,2.01,0.13611615245009073,0.13611615245009073,30,3.82,0.715,3492.0,432.0,0.0,0.0,0.0,3924.0,4788.0,1.0,1.2,0.249375,4788.0,0.0,1.0,0.0,3317.3999999999996,410.4,0.0,0.0,0.0,3727.7999999999997,0.24995761773411224,0.999830470936449,1.2497880886705612,0.02472459096287709,0.022124778645688042,0.023447883885250497,188.7833855428893,755.1335421715572,943.9169277144466,64.95272598461833,69.99999649842681,0.0,2.571428700057797,2.7712462759858054,-0.1998175759280083,0.00276124425439969,82.02135806024846,3409.9786419397515,9.080009156190371,422.9199908438096,0.0,0.0,91.10136721643883,3832.898632783561,7665.797265567122,109.26138552881957,0.060700769738233094,218.52277105763915,655.5683131729174,4678.73861447118,9357.47722894236,28072.43168682708,4788.0,9576.0,28727.999999999996,0.3069230769230769,0.7498728532023367,2.9994914128093466,3.7493642660116837,0.3246969172758999,88.74099928439225,61.50558979216898,27.23540949222326,0.0,177.4819985687845,123.01117958433797,54.47081898444652,0.0,164.04271612049692,18.160018312380743,0.0,182.20273443287766,492.12814836149073,54.48005493714223,0.0,7848.0,-0.07210386808979218,75.05574519355658
3,3,2025,1NB,1,NB,AM-Shoulder,1,OP,AM,3.0,65,15600.0,1,6,70,1800,1,6,0.2,0.0,4350.0,538.0,0.0,0.0,0.0,1.0,1.0,1.0,4.02,2.01,0.13611615245009073,0.13611615245009073,30,3.82,0.715,4350.0,538.0,0.0,0.0,0.0,4888.0,5964.0,1.0,1.2,0.310625,5964.0,0.0,1.0,0.0,4132.5,511.09999999999997,0.0,0.0,0.0,4643.599999999999,2.0099603791107077,8.03984151644283,10.04980189555354,0.13611614619027562,0.1361161466661713,0.13611614666874983,-1147.713673175674,-4590.854692702696,-5738.568365878371,64.91169577196435,69.56966153134077,-0.4587691274484186,2.5873347093820622,2.7729979606809594,-0.18566325129889716,0.0051610522867605564,562.499974131314,3787.500025868686,69.56896256108016,468.4310374389198,0.0,0.0,632.0689366923942,4255.931063307606,4255.931063307606,771.2068618145545,0.4284482565636414,771.2068618145545,2313.6205854436635,5192.793138185445,5192.793138185445,15578.379414556335,5964.0,5964.0,17892.0,0.3823076923076923,6.029881137332123,24.119524549328492,30.149405686660618,2.6736420611848484,5069.778284127506,3391.8079837642176,1677.9703003632876,0.0,5069.778284127506,3391.8079837642176,1677.9703003632876,0.0,562.499974131314,69.56896256108016,0.0,632.0689366923942,1687.4999223939421,208.70688768324047,0.0,4888.0,-0.06695398046859877,649.5503116688058
4,4,2025,1NB,1,NB,MD,5,OP,MD,3.0,65,15600.0,1,6,70,1800,1,6,0.2,0.0,5817.0,719.0,0.0,0.0,0.0,1.0,1.0,1.0,4.02,2.01,0.13611615245009073,0.13611615245009073,30,3.823,0.708,5817.0,719.0,0.0,0.0,0.0,6536.0,7974.0,1.0,1.2,0.4153125,7974.0,0.0,1.0,0.0,5526.15,683.05,0.0,0.0,0.0,6209.2,1.6298314180285733,6.519325672114293,8.149157090142866,0.04758505730440934,0.047511894814820474,0.047203356294760405,149.48535177581428,597.9414071032571,747.4267588790714,64.13323202587668,69.99549625601746,1.3818139746877973,2.57159402573027,2.8066572401555097,-0.23506321442523959,0.051274265166894505,262.96216442276165,5554.037835577238,32.45299975326312,686.5470002467368,0.0,0.0,295.41516417602475,6240.584835823975,31202.924179119873,360.321163682551,0.20017842426808388,1801.605818412755,5404.817455238265,7613.678836317449,38068.394181587246,114205.18254476174,7974.0,39870.0,119610.00000000001,0.5111538461538462,4.8894942540857205,19.557977016342882,24.4474712704286,2.166969571596329,1920.467015272739,1285.7519919870376,634.7150232857014,0.0,9602.335076363695,6428.759959935188,3173.5751164285066,0.0,1314.8108221138082,162.2649987663156,0.0,1477.0758208801237,3944.4324663414245,486.79499629894684,0.0,32680.0,-0.08375202039712386,416.01526347209835
5,5,2025,1NB,1,NB,PM-Shoulder,1,OP,PM,3.0,65,11442.422112,1,6,70,1800,1,6,0.2,0.0,6929.0,856.0,0.0,0.0,0.0,1.0,1.0,1.0,4.02,2.01,0.17885104647777134,0.17885104647777134,30,4.005,0.592,6929.0,856.0,0.0,0.0,0.0,7785.0,9497.0,1.0,1.2,0.6313477928812958,9497.0,0.0,1.0,0.0,6582.549999999999,813.1999999999999,0.0,0.0,0.0,7395.75,4.019995632853885,16.07998253141554,20.099978164269423,0.17885104573676966,0.17885104520890216,0.17885104494059784,-429.8499897423351,-1719.3999589693403,-2149.249948711675,58.72009061161275,46.08270379046108,-0.9959779150682752,3.9060208102906326,3.0653903651232173,0.8406304451674154,0.4057386463726537,1177.295951114573,5751.704048885427,145.44166996387924,710.5583300361208,0.0,0.0,1322.7376210784523,6462.262378921548,6462.262378921548,1613.6209610062106,0.8964560894478948,1613.6209610062106,4840.862883018632,7883.379038993789,7883.379038993789,23650.13711698137,9497.0,9497.0,28491.0,0.8299816163957298,12.059986898561654,48.239947594246615,60.29993449280827,5.34605199226946,21214.272283248676,14198.173746171431,7016.098537077246,0.0,21214.272283248676,14198.173746171431,7016.098537077246,0.0,1177.295951114573,145.44166996387924,0.0,1322.7376210784523,3531.887853343719,436.3250098916377,0.0,7785.0,0.27423275506172773,-286.9271977452554
6,6,2025,1NB,1,NB,PM-Peak,3,Peak,PM,3.0,65,8400.0,1,6,70,1800,1,6,0.2,0.0,6758.0,835.0,0.0,0.0,0.0,1.0,1.0,1.0,4.02,2.01,0.2321981424148607,0.2321981424148607,30,4.005,0.592,6758.0,835.0,0.0,0.0,0.0,7593.0,9263.0,1.0,1.2,0.7719166666666667,9263.0,0.0,1.0,0.0,6420.099999999999,793.25,0.0,0.0,0.0,7213.349999999999,4.019986356980126,16.079945427920503,20.09993178490063,0.2321981355813164,0.23219813581055743,0.23219813768054615,-130.13234946303484,-520.5293978521394,-650.6617473151742,46.32528046424048,22.294561552765025,-2.067633627081346,8.07371786944498,3.885567409331629,4.188150460113351,1.529381196938178,1490.7352502456094,5267.26474975439,184.19117123172467,650.8088287682754,0.0,0.0,1674.926421477334,5918.073578522666,17754.220735568,2043.3087639407836,1.1351715355226575,6129.92629182235,18389.77887546705,7219.691236059216,21659.073708177646,64977.22112453294,9263.0,27788.999999999996,83366.99999999999,1.1027380952380952,12.059959070940376,48.239836283761505,60.299795354701885,5.346216547034614,26863.558048702787,17978.206103570108,8885.35194513268,0.0,80590.67414610836,53934.61831071033,26656.055835398038,0.0,4472.205750736828,552.573513695174,0.0,5024.7792644320025,13416.617252210484,1657.7205410855222,0.0,22779.0,1.0778735816177156,-57.59085871339005
7,7,2025,1NB,1,NB,PM-Late,3,OP,PM,3.0,65,8400.0,1,6,70,1800,1,6,0.2,0.0,5257.0,650.0,0.0,0.0,0.0,1.0,1.0,1.0,4.02,2.01,0.2321981424148607,0.2321981424148607,30,4.005,0.592,5257.0,650.0,0.0,0.0,0.0,5907.0,7207.0,1.0,1.2,0.6005833333333334,7207.0,0.0,1.0,0.0,4994.15,617.5,0.0,0.0,0.0,5611.65,4.019996064814585,16.07998425925834,20.099980324072924,0.23219814127984845,0.23219814129402636,0.23219814072891767,-419.7102584113769,-1678.8410336455077,-2098.5512920568844,59.66456718561904,47.468444756823075,-1.0295714034931354,3.7919927843038708,3.016865930494597,0.7751268538092737,0.3392601709314439,1159.632347272755,4097.3676527272455,143.38235224906128,506.6176477509387,0.0,0.0,1303.0146995218163,4603.985300478184,13811.955901434554,1589.7794040199387,0.8832107800110771,4769.338212059816,14308.014636179449,5617.220595980061,16851.661787940182,50554.985363820546,7207.0,21621.0,64862.99999999999,0.8579761904761904,12.059988194443754,48.23995277777502,60.29994097221877,5.347064344282067,20901.91031966554,13985.152418004523,6916.75790166102,0.0,62705.730958996624,41955.45725401357,20750.27370498306,0.0,3478.897041818265,430.14705674718385,0.0,3909.0440985654486,10436.691125454794,1290.4411702415516,0.0,17721.0,0.256931156924894,-311.17456801235306
8,8,2025,1SB,1,SB,Night,8,OP,NT,3.0,65,8400.0,1,6,70,1800,1,6,0.2,0.052631578947368425,1025.0,127.0,0.0,0.0,0.0,1.0,1.0,1.0,1.2059999999999997,1.2059999999999997,0.15789473684210525,0.15789473684210525,30,4.009,0.708,1025.0,127.0,0.0,0.0,0.0,1152.0,1406.0,1.0,1.2,0.11716666666666667,1406.0,0.0,1.0,0.0,973.75,120.64999999999999,0.0,0.0,0.0,1094.3999999999999,0.20000781850292826,0.800031274011713,1.0000390925146414,0.07249079692490117,0.07247607321717044,0.07246160143527669,154.6325608864434,618.5302435457736,773.1628044322172,64.99906840673964,69.99999830460703,0.0,2.5714286337083148,2.7692704589799337,-0.19784182527161898,5.437495635526556e-05,70.58791350562251,954.4120864943775,8.744238233651613,118.25576176634839,0.0,0.0,79.33215173927412,1072.6678482607258,8581.342786085806,96.82062820657734,0.05378923789254297,774.5650256526187,2323.695076957856,1309.1793717934227,10473.434974347381,31420.304923042146,1406.0,11248.0,33744.0,0.16738095238095238,0.6000234555087848,2.400093822035139,3.000117277543924,0.26614428304748217,63.34139594178953,42.35440377879883,20.986992162990692,0.0,506.7311675343162,338.83523023039066,167.89593730392554,0.0,564.7033080449801,69.9539058692129,0.0,634.657213914193,1694.1099241349402,209.8617176076387,0.0,9216.0,-0.0714418574141344,60.65688634695992
9,9,2025,1SB,1,SB,AM-Early,1,OP,AM,3.0,65,15600.0,1,6,70,1800,1,6,0.2,0.0,4653.0,575.0,0.0,0.0,0.0,1.0,1.0,1.0,4.02,2.01,0.13611615245009073,0.13611615245009073,30,3.82,0.715,4653.0,575.0,0.0,0.0,0.0,5228.0,6378.0,1.0,1.2,0.3321875,6378.0,0.0,1.0,0.0,4420.349999999999,546.25,0.0,0.0,0.0,4966.599999999999,1.3014091099247072,5.205636439698829,6.507045549623536,0.04774204325006773,0.04769356955899785,0.04749553878467134,150.47408381510246,601.8963352604098,752.3704190755122,64.77100515481473,69.9987960883542,1.1022936449372212,2.5714727975149683,2.7790212544913664,-0.20754845697639812,0.013412964807018257,211.03654088043686,4441.963459119563,26.052612371602578,548.9473876283975,0.0,0.0,237.08915325203944,4990.91084674796,4990.91084674796,289.1943779952446,0.16066354333069147,289.1943779952446,867.5831339857339,6088.805622004755,6088.805622004755,18266.416866014264,6377.999999999999,6377.999999999999,19133.999999999996,0.4088461538461538,3.9042273297741215,15.616909319096486,19.52113664887061,1.7304262953928797,1230.795915419284,823.9346304863952,406.8612849328887,0.0,1230.795915419284,823.9346304863952,406.8612849328887,0.0,211.03654088043686,26.052612371602578,0.0,237.08915325203944,633.1096226413106,78.15783711480773,0.0,5228.0,-0.07468401209273404,376.2232094279651
10,10,2025,1SB,1,SB,AM-Peak,2,Peak,AM,3.0,65,15600.0,1,6,70,1800,1,6,0.2,0.0,7241.0,895.0,0.0,0.0,0.0,1.0,1.0,1.0,4.02,2.01,0.13611615245009073,0.13611615245009073,30,3.82,0.715,7241.0,895.0,0.0,0.0,0.0,8136.0,9926.0,1.0,1.2,0.5169791666666667,9926.0,0.0,1.0,0.0,6878.95,850.25,0.0,0.0,0.0,7729.2,1.1050036145659443,4.420014458263777,5.525018072829722,0.131917456729253,0.13190996484423537,0.13190263861594112,-188.64794678193007,-754.5917871277203,-943.2397339096503,63.12418496147393,63.12422190481547,-1.0089367022483529,2.8515202970964237,2.8515219659447157,-1.6688482920024228e-06,0.1127389394981065,907.4535889676949,6333.546411032305,112.15644760881112,782.8435523911888,0.0,0.0,1019.6100365765061,7116.389963423493,14232.779926846986,1243.9229317941283,0.6910682954411824,2487.8458635882566,7463.53759076477,8682.077068205872,17364.154136411744,52092.46240923523,9926.0,19852.0,59556.0,0.6362820512820513,3.315010843697833,13.260043374791332,16.575054218489164,1.469652673202333,4495.417847635772,3008.218487580425,1487.199360055347,0.0,8990.835695271544,6016.43697516085,2974.398720110694,0.0,1814.9071779353899,224.31289521762224,0.0,2039.2200731530122,5444.72153380617,672.9386856528668,0.0,16272.0,-5.852482680944488e-07,39728126.99134213
11,11,2025,1SB,1,SB,AM-Shoulder,1,OP,AM,3.0,65,12217.106112,1,6,70,1800,1,6,0.2,0.0,5917.0,731.0,0.0,0.0,0.0,1.0,1.0,1.0,4.02,2.01,0.1689664780809486,0.1689664780809486,30,3.82,0.715,5917.0,731.0,0.0,0.0,0.0,6648.0,8110.0,1.0,1.2,0.5127360177376042,8110.0,0.0,1.0,0.0,5621.15,694.4499999999999,0.0,0.0,0.0,6315.599999999999,1.1050042249374967,4.420016899749987,5.525021124687484,0.16190451462311564,0.1618975070276773,0.16189066086654308,-330.9229613285533,-1323.6918453142132,-1654.6148066427666,63.02025050942208,63.02031891481005,-0.6300761232801716,2.8562216615139855,2.8562247618023737,-3.100288388235839e-06,0.11918176982309807,910.0895623737264,5006.910437626274,112.42972375537049,618.5702762446296,0.0,0.0,1022.5192861290968,5625.480713870904,5625.480713870904,1247.3787336398377,0.6929881853554654,1247.3787336398377,3742.136200919513,6862.621266360163,6862.621266360163,20587.86379908049,8110.0,8110.0,24330.000000000004,0.6638233249062248,3.31501267481249,13.26005069924996,16.575063374062452,1.4695019555237387,4507.782271582336,3016.958434483455,1490.8238370988804,0.0,4507.782271582336,3016.958434483455,1490.8238370988804,0.0,910.0895623737264,112.42972375537049,0.0,1022.5192861290968,2730.268687121179,337.28917126611145,0.0,6648.0,-1.0854497271004167e-06,21385189.115899224
12,12,2025,1SB,1,SB,MD,5,OP,MD,3.0,65,15600.0,1,6,70,1800,1,6,0.2,0.0,5755.0,711.0,0.0,0.0,0.0,1.0,1.0,1.0,4.02,2.01,0.13611615245009073,0.13611615245009073,30,3.823,0.708,5755.0,711.0,0.0,0.0,0.0,6466.0,7888.0,1.0,1.2,0.41083333333333333,7888.0,0.0,1.0,0.0,5467.25,675.4499999999999,0.0,0.0,0.0,6142.7,2.00999923783051,8.03999695132204,10.04999618915255,0.13611615170461341,0.1361161494968064,0.13611614730277793,-689.0378635316858,-2756.1514541267434,-3445.18931765843,64.53010963974104,67.75654567934956,-0.6067692008468856,2.6565699032508285,2.7893955396156107,-0.13282563636478217,0.02762573542723313,744.1810304070477,5010.818969592952,91.93965317761787,619.0603468223821,0.0,0.0,836.1206835846656,5629.879316415334,28149.396582076668,1019.9999899399013,0.5666666610777229,5099.999949699506,15299.999849098518,6868.000010060099,34340.0000503005,103020.0001509015,7888.0,39440.00000000001,118320.00000000001,0.5056410256410256,6.029997713491531,24.119990853966122,30.149988567457648,2.6730565085386107,6704.993505539229,4487.409911778269,2217.5835937609604,0.0,33524.96752769614,22437.049558891344,11087.917968804803,0.0,3720.9051520352386,459.69826588808934,0.0,4180.603417923328,11162.715456105716,1379.094797664268,0.0,32330.0,-0.04761807154215427,907.9569093019371
13,13,2025,1SB,1,SB,PM-Shoulder,1,OP,PM,3.0,65,15600.0,1,6,70,1800,1,6,0.2,0.0,6461.0,799.0,0.0,0.0,0.0,1.0,1.0,1.0,4.02,2.01,0.13611615245009073,0.13611615245009073,30,4.005,0.592,6461.0,799.0,0.0,0.0,0.0,7260.0,8858.0,1.0,1.2,0.4613541666666667,8858.0,0.0,1.0,0.0,6137.95,759.05,0.0,0.0,0.0,6897.0,0.4632084366113568,1.8528337464454272,2.316042183056784,0.13610343072533274,1.629841601528622e-05,0.06792536666672665,132.67629210157912,530.7051684063165,663.3814605078957,63.819446946888384,69.30719096507701,0.24066032510779806,2.597133103990604,2.8204569079045614,-0.22332380391395734,0.07017980998309468,835.396052620556,5625.603947379444,0.012371312676403005,798.9876286873236,0.0,0.0,835.4084239332324,6424.5915760667685,6424.5915760667685,835.4331665585852,0.4641295369769918,835.4331665585852,2506.2994996757557,8022.566833441415,8022.566833441415,24067.700500324245,8858.0,8858.0,26574.0,0.5678205128205128,1.3896253098340705,5.558501239336282,6.948126549170352,0.4632290151555976,1160.9562644138434,1160.8874984569995,0.06876595684400276,0.0,1160.9562644138434,1160.8874984569995,0.06876595684400276,0.0,835.396052620556,0.012371312676403005,0.0,835.4084239332324,2506.188157861668,0.037113938029209016,0.0,7260.0,-0.07918000919924502,124.44936773237734
14,14,2025,1SB,1,SB,PM-Peak,3,Peak,PM,3.0,65,15600.0,1,6,70,1800,1,6,0.2,0.0,6412.0,792.0,0.0,0.0,0.0,1.0,1.0,1.0,4.02,2.01,0.13611615245009073,0.13611615245009073,30,4.005,0.592,6412.0,792.0,0.0,0.0,0.0,7204.0,8788.0,1.0,1.2,0.45770833333333333,8788.0,0.0,1.0,0.0,6091.4,752.4,0.0,0.0,0.0,6843.799999999999,2.0099994366461864,8.039997746584746,10.049997183230932,0.13611615226026694,0.13611615215584222,0.13611615206703007,-330.7232129124654,-1322.8928516498615,-1653.6160645623268,64.10735076453047,65.831871718193,-1.0562499915394792,2.7342379200537907,2.8077903368858443,-0.0735524168320536,0.05282660768745278,829.13792987819,5582.86207012181,102.41379288205569,689.5862071179444,0.0,0.0,931.5517227602456,6272.448277239754,18817.344831719263,1136.379308524357,0.6313218380690871,3409.137925573071,10227.413776719211,7651.620691475642,22954.86207442693,68864.58622328078,8788.0,26364.0,79092.0,0.5633333333333334,6.029998309938559,24.119993239754237,30.149991549692796,2.6729309549985327,7469.920307844215,4999.7003158714415,2470.2199919727736,0.0,22409.760923532645,14999.100947614324,7410.659975918321,0.0,2487.41378963457,307.24137864616705,0.0,2794.655168280737,7462.24136890371,921.7241359385011,0.0,21612.0,-0.026195836585730086,1639.6465458659763
15,15,2025,1SB,1,SB,PM-Late,3,OP,PM,3.0,65,15600.0,1,6,70,1800,1,6,0.2,0.0,4012.0,496.0,0.0,0.0,0.0,1.0,1.0,1.0,4.02,2.01,0.13611615245009073,0.13611615245009073,30,4.005,0.592,4012.0,496.0,0.0,0.0,0.0,4508.0,5500.0,1.0,1.2,0.2864583333333333,5500.0,0.0,1.0,0.0,3811.3999999999996,471.2,0.0,0.0,0.0,4282.599999999999,1.052185686802404,4.208742747209616,5.26092843401202,0.05069957201628372,0.050689062049101556,0.050564686384246126,144.82506283684236,579.3002513473695,724.1253141842118,64.90729554814463,69.99928902229703,0.9044285333365398,2.5714546892421177,2.7731859489737327,-0.201731259731615,0.005418596247859662,193.23634878286376,3818.763651217136,23.884686037536653,472.11531396246335,0.0,0.0,217.1210348204004,4290.8789651796,12872.636895538799,264.8904068954737,0.14716133716415206,794.6712206864211,2384.013662059263,5235.109593104526,15705.328779313577,47115.98633794073,5499.999999999999,16499.999999999996,49499.99999999999,0.35256410256410253,3.156557060407212,12.626228241628848,15.78278530203606,1.399426912922021,911.5350584674427,609.9615610778592,301.5734973895835,0.0,2734.6051754023283,1829.8846832335776,904.7204921687505,0.0,579.7090463485913,71.65405811260996,0.0,651.3631044612013,1739.127139045774,214.96217433782988,0.0,13524.0,-0.07274350275944146,312.9467455471921
16,16,2025,2NB,2,NB,Night,8,OP,NT,2.2,70,8400.0,1,6,70,1800,1,6,0.2,0.052631578947368425,1572.0,194.0,0.0,0.0,0.0,1.0,1.0,1.0,1.2059999999999997,1.2059999999999997,0.15789473684210525,0.15789473684210525,30,4.009,0.708,1572.0,194.0,0.0,0.0,0.0,1766.0,2154.0,1.0,1.2,0.1795,2154.0,0.0,1.0,0.0,1493.3999999999999,184.29999999999998,0.0,0.0,0.0,1677.6999999999998,1.205903807884269,4.823615231537076,6.029519039421345,0.05263159797968084,0.052631595842694716,0.05263159520029329,144870.99989772603,579483.9995909041,724354.9994886301,69.98537326664464,69.9999967881288,0.0,1.885714372238167,1.8861083943509067,-0.0003940221127396448,0.0005399288321708884,78.60002842285536,1493.3999715771447,9.700003113808636,184.29999688619137,0.0,0.0,88.300031536664,1677.699968463336,13421.599747706689,107.70003776428126,0.05983335431348959,861.6003021142501,1895.5206646513504,2046.2999622357188,16370.39969788575,36014.879335348654,2154.0,17232.0,37910.4,0.25642857142857145,2.652988377345392,10.611953509381568,13.26494188672696,1.6033194312266281,311.4609439494464,208.5249618648527,102.93598208459369,0.0,2491.687551595571,1668.1996949188217,823.4878566767495,0.0,628.8002273828429,77.60002491046909,0.0,706.400252293312,1383.3605002422544,170.720054803032,0.0,14128.0,-0.00020890745935906046,183629.86780101128
17,17,2025,2NB,2,NB,AM-Early,1,OP,AM,2.2,70,8400.0,1,6,70,1800,1,6,0.2,0.0,3701.0,457.0,0.0,0.0,0.0,1.0,1.0,1.0,4.02,2.01,0.2321981424148607,0.2321981424148607,30,3.82,0.715,3701.0,457.0,0.0,0.0,0.0,4158.0,5072.0,1.0,1.2,0.4226666666666667,5072.0,0.0,1.0,0.0,3515.95,434.15,0.0,0.0,0.0,3950.1,2.009963204566702,8.039852818266809,10.049816022833511,0.23219813515782475,0.23219814140531667,0.23219811801996412,-381.2363292568788,-1524.945317027515,-1906.181646284394,69.24767291855815,66.18334281430707,-0.5313523172411694,1.994459548082318,1.9062012402242678,0.08825830785805011,0.028067127678675863,816.3970333081539,2884.602966691846,100.80882309111823,356.19117690888174,0.0,0.0,917.2058563992722,3240.7941436007277,3240.7941436007277,1118.8235025815086,0.6215686125452825,1118.8235025815086,2461.4117056793193,3953.1764974184916,3953.1764974184916,8696.988294320683,5072.0,5072.0,11158.400000000001,0.6038095238095238,4.421919050046745,17.68767620018698,22.109595250233728,2.6727000057825165,5393.115414944605,3610.041593986973,1783.0738209576316,0.0,5393.115414944605,3610.041593986973,1783.0738209576316,0.0,816.3970333081539,100.80882309111823,0.0,917.2058563992722,1796.0734732779388,221.7794108004601,0.0,4158.0,0.046300624506815644,-1366.4185865421882
18,18,2025,2NB,2,NB,AM-Peak,2,Peak,AM,2.2,70,12032.710656000001,1,6,70,1800,1,6,0.2,0.0,6185.0,764.0,0.0,0.0,0.0,1.0,1.0,1.0,4.02,2.01,0.17121886747513695,0.17121886747513695,30,3.82,0.715,6185.0,764.0,0.0,0.0,0.0,6949.0,8477.0,1.0,1.2,0.5422604042598612,8477.0,0.0,1.0,0.0,5875.75,725.8,0.0,0.0,0.0,6601.549999999999,2.0099698458340964,8.039879383336386,10.049849229170482,0.1712188633402039,0.171218861436192,0.1712188616036438,-194.18285660490432,-776.7314264196173,-970.9142830245216,67.1695080294959,58.233613959460364,-0.9686822654139972,2.2667320646094966,1.9651774126741455,0.30155465193535114,0.10886448393500796,1006.039236271203,5178.960763728797,124.27064963038815,639.7293503696119,0.0,0.0,1130.309885901591,5818.690114098409,11637.380228196818,1378.8511851623675,0.7660284362013153,2757.702370324735,6066.9452147144175,7098.148814837633,14196.297629675266,31231.854785285588,8477.0,16954.0,37298.8,0.7044962886872894,4.421933660835013,17.68773464334005,22.109668304175063,2.6729214706800315,6646.705037606171,4448.638762988381,2198.06627461779,0.0,13293.410075212341,8897.277525976762,4396.13254923558,0.0,2012.078472542406,248.5412992607763,0.0,2260.619771803182,4426.572639593293,546.7908583737079,0.0,13898.0,0.15344907283714704,-399.9215066856281
19,19,2025,2NB,2,NB,AM-Shoulder,1,OP,AM,2.2,70,12104.374728,1,6,70,1800,1,6,0.2,0.0,6832.0,844.0,0.0,0.0,0.0,1.0,1.0,1.0,4.02,2.01,0.17033639404598033,0.17033639404598033,30,3.82,0.715,6832.0,844.0,0.0,0.0,0.0,7676.0,9364.0,1.0,1.2,0.5962669741511277,9364.0,0.0,1.0,0.0,6490.4,801.8,0.0,0.0,0.0,7292.2,4.019999793538868,16.07999917415547,20.09999896769434,0.17033639207389614,0.1703363917163876,0.17033639159715908,-442.3246670590214,-1769.2986682360856,-2211.6233352951076,65.15714560048089,51.626484894814475,-0.6807720088622662,2.556827184127318,2.0258714341075397,0.5309557500197783,0.19201529329875824,1105.5513191164155,5726.4486808835845,136.57571887819955,707.4242811218005,0.0,0.0,1242.127037994615,6433.8729620053855,6433.8729620053855,1515.2784757510142,0.8418213754172301,1515.2784757510142,3333.6126466522314,7848.721524248986,7848.721524248986,17267.18735334777,9364.0,9364.0,20600.800000000003,0.7736046025028513,8.84399954578551,35.37599818314204,44.21999772892755,5.346034115871601,14608.997747004654,9777.495364108148,4831.502382896505,0.0,14608.997747004654,9777.495364108148,4831.502382896505,0.0,1105.5513191164155,136.57571887819955,0.0,1242.127037994615,2432.212902056114,300.466581532039,0.0,7676.0,0.26208758417766087,-454.27512104981867
20,20,2025,2NB,2,NB,MD,5,OP,MD,2.2,70,13715.492676000002,1,6,70,1800,1,6,0.2,0.0,8292.0,1025.0,0.0,0.0,0.0,1.0,1.0,1.0,4.02,2.01,0.15264878158172504,0.15264878158172504,30,3.823,0.708,8292.0,1025.0,0.0,0.0,0.0,9317.0,11367.0,1.0,1.2,0.6564641395248971,11367.0,0.0,1.0,0.0,7877.4,973.75,0.0,0.0,0.0,8851.15,4.019999801964794,16.079999207859174,20.099999009823968,0.1526487800235541,0.152648779129034,0.1526487790075687,-353.505387309507,-1414.021549238028,-1767.526936547535,62.13514231716995,44.0293034308698,-0.729318271423755,2.9980033685350613,2.124401668321666,0.8736017002133951,0.32700171417211144,1202.4754997575449,7089.524500242455,148.64174867689684,876.3582513231031,0.0,0.0,1351.1172484344418,7965.8827515655585,39829.413757827795,1648.4007457882353,0.9157781921045752,8242.003728941178,18132.40820367059,9718.599254211764,48592.996271058815,106904.5917963294,11367.0,56834.99999999999,125037.0,0.8287708118491798,8.843999564322546,35.375998257290185,44.219997821612736,5.346768002734646,15893.043038118733,10634.692795964263,5258.350242154468,0.0,79465.21519059366,53173.46397982132,26291.75121077234,0.0,6012.377498787724,743.2087433844843,0.0,6755.586242172209,13227.230497332994,1635.0592354458654,0.0,46585.0,0.41122246947940105,-276.0983501508406
21,21,2025,2NB,2,NB,PM-Shoulder,1,OP,PM,2.2,70,10469.594412,1,6,70,1800,1,6,0.2,0.0,8170.0,1010.0,0.0,0.0,0.0,1.0,1.0,1.0,4.02,2.01,0.19303173137615684,0.19303173137615684,30,4.005,0.592,8170.0,1010.0,0.0,0.0,0.0,9180.0,11200.0,1.0,1.2,0.7960428475782845,11200.0,0.0,1.0,0.0,7761.5,959.5,0.0,0.0,0.0,8721.0,4.019995251377839,16.079981005511357,20.099976256889196,0.19303173068979254,0.19303173018076525,0.19303172958557113,-144.72344566556148,-578.8937826622459,-723.6172283278073,48.46046990603957,21.827784526263404,-0.9413927036487083,6.047338420496882,2.723869583929664,3.323468836567218,1.1482727585550685,1498.2157777488248,6671.784222251175,185.21394510844425,824.7860548915558,0.0,0.0,1683.429722857269,7496.570277142731,7496.570277142731,2053.8576130741576,1.1410320072634208,2053.8576130741576,4518.486748763147,9146.142386925843,9146.142386925843,20121.51325123686,11200.0,11200.0,24640.000000000007,1.0697644587991706,8.843989553031246,35.375958212124985,44.219947765156235,5.346856426006208,19802.325469056326,13250.20468659719,6552.120782459135,0.0,19802.325469056326,13250.20468659719,6552.120782459135,0.0,1498.2157777488248,185.21394510844425,0.0,1683.429722857269,3296.074711047415,407.47067923857736,0.0,9180.0,1.220127738925197,-72.57468835838505
22,22,2025,2NB,2,NB,PM-Peak,3,Peak,PM,2.2,70,9987.280332,1,6,70,1800,1,6,0.2,0.0,8254.0,1020.0,0.0,0.0,0.0,1.0,1.0,1.0,4.02,2.01,0.2009302388611062,0.2009302388611062,30,4.005,0.592,8254.0,1020.0,0.0,0.0,0.0,9274.0,11314.0,1.0,1.2,0.8326905549563073,11314.0,0.0,1.0,0.0,7841.299999999999,969.0,0.0,0.0,0.0,8810.3,4.019996058806598,16.07998423522639,20.09998029403299,0.2009302377675054,0.20093023778230154,0.20093023724663847,-99.50929007131313,-398.0371602852525,-497.5464503565657,43.94132339490267,17.57402014040858,-1.5576562448489022,7.5110873292154485,3.0040060198849727,4.507081309330475,1.5320596758138416,1575.55427340634,6678.44572659366,194.7014004110502,825.2985995889499,0.0,0.0,1770.25567381739,7503.74432618261,22511.23297854783,2159.6584746394906,1.1998102636886059,6478.975423918471,14253.745932620637,9154.341525360509,27463.024576081527,60418.654067379364,11314.0,33942.0,74672.4,1.1328409360603497,8.843991329374516,35.375965317498064,44.21995664687258,5.346412701113521,20821.93832117425,13934.188332964635,6887.749988209615,0.0,62465.814963522746,41802.564998893904,20663.249964628845,0.0,4726.6628202190195,584.1042012331507,0.0,5310.76702145217,10398.658204481844,1285.0292427129316,0.0,27822.0,1.5003569498516043,-53.51573379185963
23,23,2025,2NB,2,NB,PM-Late,3,OP,PM,2.2,70,10088.199408,1,6,70,1800,1,6,0.2,0.0,7941.0,981.0,0.0,0.0,0.0,1.0,1.0,1.0,4.02,2.01,0.1992245395074533,0.1992245395074533,30,4.005,0.592,7941.0,981.0,0.0,0.0,0.0,8922.0,10884.0,1.0,1.2,0.7951374520186271,10884.0,0.0,1.0,0.0,7543.95,931.9499999999999,0.0,0.0,0.0,8475.9,4.01999485872302,16.07997943489208,20.0999742936151,0.19922453883737468,0.19922453839110202,0.19922453771108808,-141.65597440839895,-566.6238976335958,-708.2798720419948,48.34770026827837,21.562081827029317,-0.9494181689474042,6.121857854863085,2.730222932374037,3.3916349224890476,1.1569768459238594,1502.9399597622125,6438.060040237788,185.6673085535875,795.3326914464125,0.0,0.0,1688.6072683158,7233.3927316842,21700.1781950526,2059.9418854229752,1.1444121585683196,6179.825656268926,13595.616443791638,8824.058114577025,26472.174343731072,58238.783556208364,10884.0,32652.0,71834.4,1.0788843043059722,8.843988689190645,35.37595475676258,44.21994344595323,5.346025439941818,19860.14231187124,13291.984004669652,6568.15830720159,0.0,59580.42693561372,39875.95201400896,19704.47492160477,0.0,4508.819879286638,557.0019256607625,0.0,5065.8218049474,9919.403734430603,1225.4042364536776,0.0,26766.0,1.2422556716055002,-71.11605377219372
24,24,2025,2SB,2,SB,Night,8,OP,NT,2.2,70,8400.0,1,6,70,1800,1,6,0.2,0.052631578947368425,1661.0,205.0,0.0,0.0,0.0,1.0,1.0,1.0,1.2059999999999997,1.2059999999999997,0.15789473684210525,0.15789473684210525,30,4.009,0.708,1661.0,205.0,0.0,0.0,0.0,1866.0,2276.0,1.0,1.2,0.18966666666666668,2276.0,0.0,1.0,0.0,1577.9499999999998,194.75,0.0,0.0,0.0,1772.6999999999998,1.2059143198409312,4.823657279363725,6.029571599204656,0.052631598000867884,0.05263159720294788,0.052631595348660215,104094.04659813788,416376.1863925515,520470.23299068934,69.97964499808286,69.99999552989745,0.0,1.8857144061333826,1.8862627840369328,-0.0005483779035502234,0.0007514427020267811,83.05003006546947,1577.9499699345306,10.2500035552741,194.7499964447259,0.0,0.0,93.30003362074358,1772.6999663792565,14181.599731034052,113.80004073129177,0.06322224485071765,910.4003258503342,2002.8807168707353,2162.1999592687084,17297.599674149667,38054.71928312927,2276.0,18208.0,40057.600000000006,0.27095238095238094,2.653011503650049,10.612046014600196,13.265057518250245,1.6033619600841391,329.1061945205573,220.33268514217295,108.77350937838435,0.0,2632.8495561644586,1762.6614811373836,870.1880750270748,0.0,664.4002405237558,82.0000284421928,0.0,746.4002689659486,1461.6805291522628,180.40006257282417,0.0,14928.0,-0.00029072190163058754,131943.42573256002
25,25,2025,2SB,2,SB,AM-Early,1,OP,AM,2.2,70,12573.080424,1,6,70,1800,1,6,0.2,0.0,5524.0,683.0,0.0,0.0,0.0,1.0,1.0,1.0,4.02,2.01,0.16478172964765558,0.16478172964765558,30,3.82,0.715,5524.0,683.0,0.0,0.0,0.0,6207.0,7573.0,1.0,1.2,0.46824722325389956,7573.0,0.0,1.0,0.0,5247.8,648.85,0.0,0.0,0.0,5896.65,2.009964888025775,8.0398595521031,10.049824440128877,0.16478172583276038,0.1647817236481624,0.16478172389011417,-371.4633878445798,-1485.8535513783193,-1857.316939222899,68.81687314611627,64.7180527798042,-0.5300402832331081,2.0396163717891045,1.9181342302450939,0.1214821415440106,0.04441532400720735,864.74154082516,4659.25845917484,106.91862138911019,576.0813786108898,0.0,0.0,971.6601622142701,5235.33983778573,5235.33983778573,1185.4974049924906,0.6586096694402725,1185.4974049924906,2608.0942909834794,6387.50259500751,6387.50259500751,14052.505709016523,7573.0,7573.0,16660.600000000002,0.6023185841986944,4.421922753656706,17.687691014626825,22.10961376828353,2.673476730618462,5714.963834247386,3823.8202954069343,1891.1435388404518,0.0,5714.963834247386,3823.8202954069343,1891.1435388404518,0.0,864.74154082516,106.91862138911019,0.0,971.6601622142701,1902.431389815352,235.22096705604244,0.0,6207.0,0.06333349336479333,-992.7211666568807
26,26,2025,2SB,2,SB,AM-Peak,2,Peak,AM,2.2,70,12821.65746,1,6,70,1800,1,6,0.2,0.0,8210.0,1015.0,0.0,0.0,0.0,1.0,1.0,1.0,4.02,2.01,0.16198034040332243,0.16198034040332243,30,3.82,0.715,8210.0,1015.0,0.0,0.0,0.0,9225.0,11255.0,1.0,1.2,0.6853753969363333,11255.0,0.0,1.0,0.0,7799.5,964.25,0.0,0.0,0.0,8763.75,4.019994719978717,16.07997887991487,20.099973599893588,0.16198033956224347,0.161980339181386,0.1619803389566339,-230.942666829839,-923.770667319356,-1154.7133341491951,59.93773018210301,39.02957170571503,-1.2069909524001488,3.3820509483241774,2.202285598719824,1.1797653496043532,0.4337026988175879,1263.365658415718,6946.634341584282,156.18954205565143,858.8104579443486,0.0,0.0,1419.5552004713693,7805.444799528631,15610.889599057262,1731.9342845826723,0.9621857136570402,3463.8685691653445,7620.5108521637585,9523.065715417328,19046.131430834655,41901.48914783625,11255.0,22510.0,49522.00000000001,0.8778116273276263,8.843988383953178,35.37595353581271,44.219941919765894,5.346919803634052,16698.545190254557,11173.191207713968,5525.353982540591,0.0,33397.090380509115,22346.382415427935,11050.707965081181,0.0,2526.731316831436,312.37908411130286,0.0,2839.1104009427386,5558.808897029159,687.2339850448664,0.0,18450.0,0.5357004333543951,-204.44716678584592
27,27,2025,2SB,2,SB,AM-Shoulder,1,OP,AM,2.2,70,9696.455472,1,6,70,1800,1,6,0.2,0.0,7293.0,901.0,0.0,0.0,0.0,1.0,1.0,1.0,4.02,2.01,0.20601315408909707,0.20601315408909707,30,3.82,0.715,7293.0,901.0,0.0,0.0,0.0,8194.0,9996.0,1.0,1.2,0.7517793009610584,9996.0,0.0,1.0,0.0,6928.349999999999,855.9499999999999,0.0,0.0,0.0,7784.299999999999,4.019995669754562,16.079982679018247,20.099978348772808,0.20601315295346412,0.20601315296351227,0.20601315256457717,-175.95700065485738,-703.8280026194295,-879.7850032742869,52.83424601979767,26.432144673811308,-0.9071850825831558,4.993919397345922,2.4983795538700013,2.495539843475921,0.8393514173733309,1427.331228265133,5865.668771734867,176.3369582791183,724.6630417208817,0.0,0.0,1603.6681865442513,6590.3318134557485,6590.3318134557485,1956.3421031024877,1.0868567239458264,1956.3421031024877,4303.952626825473,8039.657896897512,8039.657896897512,17687.247373174527,9996.0,9996.0,21991.2,1.0308921676446596,8.843990473460037,35.37596189384015,44.21995236730018,5.34609382643241,18861.393301806616,12623.303785248849,6238.0895165577695,0.0,18861.393301806616,12623.303785248849,6238.0895165577695,0.0,1427.331228265133,176.3369582791183,0.0,1603.6681865442513,3140.1287021832927,387.9413082140603,0.0,8194.0,0.9988633791091984,-96.65232988198571
28,28,2025,2SB,2,SB,MD,5,OP,MD,2.2,70,11567.508156,1,6,70,1800,1,6,0.2,0.0,7927.0,980.0,0.0,0.0,0.0,1.0,1.0,1.0,4.02,2.01,0.17717745334372692,0.17717745334372692,30,3.823,0.708,7927.0,980.0,0.0,0.0,0.0,8907.0,10867.0,1.0,1.2,0.7164657429705226,10867.0,0.0,1.0,0.0,7530.65,931.0,0.0,0.0,0.0,8461.65,4.019995101666027,16.07998040666411,20.099975508330136,0.17717745245708177,0.17717745209344976,0.1771774518856852,-239.11144542457225,-956.445781698289,-1195.5572271228611,57.026970306763616,33.31634219693403,-0.826708709015424,3.9620195764512056,2.314694245370849,1.6473253310803568,0.5877025447294913,1334.2613823459228,6592.738617654077,164.95220789900173,815.0477921009983,0.0,0.0,1499.2135902449245,7407.7864097550755,37038.93204877538,1829.118006042928,1.016176670023849,9145.59003021464,20120.29806647221,9037.881993957071,45189.40996978535,99416.70193352779,10867.0,54334.99999999999,119537.0,0.9394417409045309,8.843989223665261,35.375956894661044,44.219946118326305,5.346904900398546,17635.535483334308,11800.193287020056,5835.342196314253,0.0,88177.67741667153,59000.96643510028,29176.710981571265,0.0,6671.3069117296145,824.7610394950086,0.0,7496.067951224623,14676.875205805152,1814.4742868890191,0.0,44535.0,0.7116816116749928,-146.41898691728179
29,29,2025,2SB,2,SB,PM-Shoulder,1,OP,PM,2.2,70,13455.838380000001,1,6,70,1800,1,6,0.2,0.0,8663.0,1071.0,0.0,0.0,0.0,1.0,1.0,1.0,4.02,2.01,0.1552468631115361,0.1552468631115361,30,4.005,0.592,8663.0,1071.0,0.0,0.0,0.0,9734.0,11876.0,1.0,1.2,0.6963011571407726,11876.0,0.0,1.0,0.0,8229.85,1017.4499999999999,0.0,0.0,0.0,9247.3,4.019999812791977,16.07999925116791,20.099999063959885,0.15524686165350532,0.15524686063757157,0.15524686051052583,-287.92328371448247,-1151.6931348579299,-1439.6164185724122,59.24895032145301,37.86002222384068,-0.7766799155571507,3.486527271948584,2.227887570730601,1.2586397012179829,0.4687774004723521,1277.6583843791009,7385.341615620899,157.95591835569718,913.0440816443029,0.0,0.0,1435.614302734798,8298.385697265201,8298.385697265201,1751.5261394461925,0.9730700774701069,1751.5261394461925,3853.3575067816237,10124.473860553808,10124.473860553808,22273.842493218377,11876.0,11876.0,26127.2,0.8825908623911399,8.843999588142351,35.375998352569404,44.21999794071175,5.346921871891694,16887.458532765122,11299.61022523539,5587.848307529731,0.0,16887.458532765122,11299.61022523539,5587.848307529731,0.0,1277.6583843791009,157.95591835569718,0.0,1435.614302734798,2810.848445634022,347.5030203825338,0.0,9734.0,0.5649475843187327,-191.6354525716215
30,30,2025,2SB,2,SB,PM-Peak,3,Peak,PM,2.2,70,15600.0,1,6,70,1800,1,6,0.2,0.0,8707.0,1076.0,0.0,0.0,0.0,1.0,1.0,1.0,4.02,2.01,0.13611615245009073,0.13611615245009073,30,4.005,0.592,8707.0,1076.0,0.0,0.0,0.0,9783.0,11935.0,1.0,1.2,0.6216145833333333,11935.0,0.0,1.0,0.0,8271.65,1022.1999999999999,0.0,0.0,0.0,9293.85,4.019985303599464,16.079941214397856,20.099926517997318,0.13611614775253644,0.13611614933136326,0.13611614660923613,-319.74076129295315,-1278.9630451718126,-1598.7038064647656,64.37545279352707,50.09725506671379,-1.0519629760030744,2.6348749013138044,2.050471014524228,0.5844038867895764,0.2257167184696208,1125.905133557268,7581.094866442732,139.13792784651952,936.8620721534805,0.0,0.0,1265.0430614037875,8517.956938596213,25553.87081578864,1543.3189170968267,0.857399398387126,4629.95675129048,10185.904852839056,10391.681082903175,31175.043248709524,68585.09514716096,11935.000000000002,35805.0,78771.00000000001,0.7650641025641027,8.843967667918822,35.37587067167529,44.219838339594105,5.346420210476737,14879.593939347664,9957.468598324302,4922.125341023362,0.0,44638.78181804299,29872.405794972903,14766.376023070086,0.0,3377.715400671804,417.41378353955855,0.0,3795.129184211363,7430.97388147797,918.3103237870289,0.0,29349.0,0.28500958201800086,-412.72675228256185
31,31,2025,2SB,2,SB,PM-Late,3,OP,PM,2.2,70,13034.581871999999,1,6,70,1800,1,6,0.2,0.0,6708.0,829.0,0.0,0.0,0.0,1.0,1.0,1.0,4.02,2.01,0.1596553966311602,0.1596553966311602,30,4.005,0.592,6708.0,829.0,0.0,0.0,0.0,7537.0,9195.0,1.0,1.2,0.5527641193961957,9195.0,0.0,1.0,0.0,6372.599999999999,787.55,0.0,0.0,0.0,7160.15,2.0099701849063916,8.039880739625566,10.049850924531958,0.15965539227559755,0.159655390679284,0.15965539078950663,-273.8724662287839,-1095.4898649151355,-1369.3623311439192,66.9260021654188,57.550129174554264,-0.6207793135455031,2.293652540720337,1.9723275816436778,0.32132495907665937,0.11866021542326748,1017.4199528154729,5690.580047184527,125.73660292947011,703.2633970705299,0.0,0.0,1143.156555744943,6393.843444255057,19181.53033276517,1394.6297616038833,0.7747943120021573,4183.88928481165,9204.556426585632,7800.370238396116,23401.110715188348,51482.44357341437,9195.0,27585.0,60687.0,0.7054311438828792,4.421934406794062,17.687737627176247,22.10967203397031,2.673204337139262,6722.960338262438,4498.9642955135305,2223.9960427489077,0.0,20168.881014787316,13496.89288654059,6671.988128246723,0.0,3052.2598584464185,377.2098087884103,0.0,3429.469667234829,6714.971688582122,829.8615793345028,0.0,22611.0,0.16291662808308796,-375.3154172677014
32,32,2025,3NB,3,NB,Night,8,OP,NT,3.4,70,8400.0,1,6,70,1800,1,6,0.2,0.052631578947368425,1542.0,191.0,0.0,0.0,0.0,1.0,1.0,1.0,1.2059999999999997,1.2059999999999997,0.15789473684210525,0.15789473684210525,30,4.009,0.708,1542.0,191.0,0.0,0.0,0.0,1733.0,2115.0,1.0,1.2,0.17625,2115.0,0.0,1.0,0.0,1464.8999999999999,181.45,0.0,0.0,0.0,1646.35,1.2059875850323625,4.82395034012945,6.029937925161812,0.05263161162512688,0.05263161141336408,0.05263160222513275,161667.83729034098,646671.3491613639,808339.1864517049,69.98689174845809,69.99999712162838,0.0,2.914285834119966,2.9148315477875815,-0.0005457136676154661,0.0007477918975579827,77.10004786964836,1464.8999521303517,9.550005890954912,181.4499941090451,0.0,0.0,86.65005376060327,1646.3499462393968,13170.799569915174,105.7500655425131,0.05875003641250728,846.0005243401048,2876.401782756356,2009.2499344574871,16073.999475659897,54651.59821724365,2115.0000000000005,16920.000000000004,57528.00000000001,0.25178571428571433,4.100357789110032,16.40143115644013,20.50178894555016,1.604735931108312,472.7715459871637,316.137781823069,156.63376416409466,0.0,3782.1723678973094,2529.102254584552,1253.0701133127573,0.0,616.8003829571869,76.4000471276393,0.0,693.2004300848262,2097.1213020544355,259.7601602339736,0.0,13864.0,-0.00018721962441694935,132595.64382567245
33,33,2025,3NB,3,NB,AM-Early,1,OP,AM,3.4,70,15600.0,1,6,70,1800,1,6,0.2,0.0,3840.0,475.0,0.0,0.0,0.0,1.0,1.0,1.0,4.02,2.01,0.13611615245009073,0.13611615245009073,30,3.82,0.715,3840.0,475.0,0.0,0.0,0.0,4315.0,5265.0,1.0,1.2,0.27421875,5265.0,0.0,1.0,0.0,3648.0,451.25,0.0,0.0,0.0,4099.25,0.994637964273946,3.978551857095784,4.97318982136973,0.04348741812397583,0.043455708470005155,0.04331559956711287,155.26153096574964,621.0461238629986,776.3076548287482,69.91977204374118,69.99978229872093,1.1029207421390506,2.9142947777957247,2.917629649484261,-0.0033348716885361895,0.004581191222009197,158.64210131626382,3681.357898683736,19.609388447089827,455.3906115529102,0.0,0.0,178.25148976335365,4136.748510236646,4136.748510236646,217.4702666575333,0.12081681480974073,217.4702666575333,739.3989066356132,5047.529733342466,5047.529733342466,17161.601093364385,5264.999999999999,5264.999999999999,17900.999999999996,0.33749999999999997,3.3817690785314163,13.527076314125665,16.90884539265708,1.32289736168315,801.7486467817074,536.4909527845891,265.2576939971183,0.0,801.7486467817074,536.4909527845891,265.2576939971183,0.0,158.64210131626382,19.609388447089827,0.0,178.25148976335365,539.383144475297,66.6719207201054,0.0,4315.0,-0.0011430071973410618,17895.22459337318
34,34,2025,3NB,3,NB,AM-Peak,2,Peak,AM,3.4,70,13245.661692,1,6,70,1800,1,6,0.2,0.0,6586.0,814.0,0.0,0.0,0.0,1.0,1.0,1.0,4.02,2.01,0.15741554616311113,0.15741554616311113,30,3.82,0.715,6586.0,814.0,0.0,0.0,0.0,7400.0,9028.0,1.0,1.2,0.535924332630246,9028.0,0.0,1.0,0.0,6256.7,773.3,0.0,0.0,0.0,7030.0,2.0099800466564246,8.039920186625698,10.049900233282123,0.15741554039265515,0.1574155402355358,0.15741554022976506,-204.38657568001102,-817.5463027200441,-1021.932878400055,67.44173889103288,59.42023759831631,-1.4483607466294484,3.433173750987835,3.0248330389227855,0.4083407120650495,0.1514498347527876,984.9018115747255,5601.098188425274,121.72943726413983,692.2705627358602,0.0,0.0,1106.6312488388653,6293.368751161134,12586.737502322268,1350.090123367145,0.7500500685373028,2700.18024673429,9180.612838896586,7677.909876632855,15355.81975326571,52209.78716110341,9028.0,18056.0,61390.4,0.6815816536710019,6.833932158631844,27.335728634527374,34.16966079315922,2.6732734614638245,10058.315027101527,6730.752163215277,3327.562863886251,0.0,20116.630054203055,13461.504326430553,6655.125727772502,0.0,1969.803623149451,243.45887452827967,0.0,2213.2624976777306,6697.332318708133,827.7601733961509,0.0,14800.0,0.13499611608661524,-295.3386699785493
35,35,2025,3NB,3,NB,AM-Shoulder,1,OP,AM,3.4,70,12407.243268,1,6,70,1800,1,6,0.2,0.0,7140.0,883.0,0.0,0.0,0.0,1.0,1.0,1.0,4.02,2.01,0.1667051804459592,0.1667051804459592,30,3.82,0.715,7140.0,883.0,0.0,0.0,0.0,8023.0,9789.0,1.0,1.2,0.61153565520986,9789.0,0.0,1.0,0.0,6783.0,838.8499999999999,0.0,0.0,0.0,7621.849999999999,4.019995630832187,16.07998252332875,20.099978154160937,0.16670517995945613,0.16670517914867225,0.16670517873809831,-417.3019918280552,-1669.2079673122207,-2086.509959140276,64.47306926088153,49.71023712026802,-1.0730054558104287,4.1037824765640565,3.1641118119340907,0.9396706646299657,0.3422617537782761,1130.7612356649909,6009.238764335009,139.8406395288637,743.1593604711363,0.0,0.0,1270.6018751938545,6752.3981248061455,6752.3981248061455,1550.283154251582,0.8612684190286566,1550.283154251582,5270.9627244553785,8238.716845748419,8238.716845748419,28011.63727554462,9789.0,9789.0,33282.6,0.7889746165650824,13.667985144829435,54.67194057931774,68.33992572414718,5.347300676324213,23100.5869063139,15455.227771418071,7645.359134895828,0.0,23100.5869063139,15455.227771418071,7645.359134895828,0.0,1130.7612356649909,139.8406395288637,0.0,1270.6018751938545,3844.5882012609686,475.4581743981366,0.0,8023.0,0.2969777051132665,-256.68539726619395
36,36,2025,3NB,3,NB,MD,5,OP,MD,3.4,70,13836.389448000002,1,6,70,1800,1,6,0.2,0.0,8510.0,1052.0,0.0,0.0,0.0,1.0,1.0,1.0,4.02,2.01,0.15146853821388515,0.15146853821388515,30,3.823,0.708,8510.0,1052.0,0.0,0.0,0.0,9562.0,11666.0,1.0,1.2,0.6690605319863465,11666.0,0.0,1.0,0.0,8084.5,999.4,0.0,0.0,0.0,9083.9,4.0199880820913965,16.079952328365586,20.09994041045698,0.15146853260806786,0.15146853500313676,0.1514685322734481,-333.9776402856152,-1335.910561142461,-1669.888201428076,61.32631031101797,42.221584064465816,-1.1466688953090214,4.831651974225402,3.326467856380218,1.5051841178451837,0.5646895346694702,1224.5473518699246,7285.452648130075,151.37765388213487,900.6223461178652,0.0,0.0,1375.9250057520594,8186.074994247941,40930.374971239704,1678.680313516329,0.9326001741757384,8393.401567581644,28537.56532977759,9987.319686483672,49936.59843241836,169784.43467022243,11666.0,58330.0,198322.00000000003,0.8431390315980356,13.667959479110747,54.67183791644299,68.33979739555373,5.346811190815673,25013.15814282598,16737.0635856105,8276.094557215483,0.0,125065.79071412991,83685.31792805251,41380.472786077415,0.0,6122.736759349623,756.8882694106743,0.0,6879.625028760297,20817.30498178872,2573.4201159962927,0.0,47810.0,0.45248719748132143,-160.2457015496442
37,37,2025,3NB,3,NB,PM-Shoulder,1,OP,PM,3.4,70,13076.846844,1,6,70,1800,1,6,0.2,0.0,9016.0,1114.0,0.0,0.0,0.0,1.0,1.0,1.0,4.02,2.01,0.1592018172578546,0.1592018172578546,30,4.005,0.592,9016.0,1114.0,0.0,0.0,0.0,10130.0,12358.0,1.0,1.2,0.7410273725962869,12358.0,0.0,1.0,0.0,8565.199999999999,1058.3,0.0,0.0,0.0,9623.5,4.019985572264276,16.079942289057104,20.09992786132138,0.15920180722712954,0.1592018147319724,0.1592018120062934,-224.95836605976604,-899.8334642390641,-1124.79183029883,55.27905528484879,31.064406425600968,-1.2852391694336813,6.567001384319979,3.6903669744137892,2.8766344099061896,1.063231326375463,1363.5953192618097,7652.40468073819,168.48328053084637,945.5167194691536,0.0,0.0,1532.078599792656,8597.921400207344,8597.921400207344,1869.0451608543488,1.0383584226968605,1869.0451608543488,6354.753546904785,10488.954839145652,10488.954839145652,35662.44645309522,12358.0,12358.0,42017.200000000004,0.9450290385308118,13.667950945698538,54.67180378279415,68.3397547284927,5.34622371107795,27848.838787318447,18637.55393345455,9211.284853863895,0.0,27848.838787318447,18637.55393345455,9211.284853863895,0.0,1363.5953192618097,168.48328053084637,0.0,1532.078599792656,4636.224085490153,572.8431538048776,0.0,10130.0,0.7794981989191305,-83.84768446947777
38,38,2025,3NB,3,NB,PM-Peak,3,Peak,PM,3.4,70,12299.131248,1,6,70,1800,1,6,0.2,0.0,9216.0,1139.0,0.0,0.0,0.0,1.0,1.0,1.0,4.02,2.01,0.1679834743695677,0.1679834743695677,30,4.005,0.592,9216.0,1139.0,0.0,0.0,0.0,10355.0,12633.0,1.0,1.2,0.7945717160860059,12633.0,0.0,1.0,0.0,8755.199999999999,1082.05,0.0,0.0,0.0,9837.25,4.01998944510575,16.079957780423,20.09994722552875,0.16798346901525135,0.1679834709737695,0.16798346832016092,-137.28220694204248,-549.1288277681699,-686.4110347102123,49.51306045081187,23.53740579649547,-2.1826843379150005,8.667055399553588,4.120125036558005,4.546930362995583,1.6519998715130393,1470.7288679223284,7745.271132077672,181.76651476716728,957.2334852328327,0.0,0.0,1652.4953826894957,8702.504617310504,26107.51385193151,2016.0284122238302,1.1200157845687946,6048.085236671491,20563.489804683068,10616.97158777617,31850.91476332851,108293.11019531693,12633.0,37899.0,128856.59999999999,1.0271457182843131,13.66796411335955,54.6718564534382,68.33982056679775,5.346527743170641,30039.38219063663,20101.869387244304,9937.512803392325,0.0,90118.14657190989,60305.60816173291,29812.538410176974,0.0,4412.186603766985,545.2995443015018,0.0,4957.486148068487,15001.434452807749,1854.018450625106,0.0,31065.0,1.1035903820030992,-53.04663750061029
39,39,2025,3NB,3,NB,PM-Late,3,OP,PM,3.4,70,11326.70526,1,6,70,1800,1,6,0.2,0.0,8220.0,1016.0,0.0,0.0,0.0,1.0,1.0,1.0,4.02,2.01,0.18042768582979357,0.18042768582979357,30,4.005,0.592,8220.0,1016.0,0.0,0.0,0.0,9236.0,11268.0,1.0,1.2,0.7548886243634451,11268.0,0.0,1.0,0.0,7809.0,965.1999999999999,0.0,0.0,0.0,8774.199999999999,4.019999875442383,16.07999950176953,20.099999377211915,0.18042768465257386,0.18042768280952667,0.1804276827646195,-191.816756757791,-767.267027031164,-959.0837837889551,53.284771968127096,27.709787191649045,-1.3529511836481978,7.362019729313544,3.828485934443427,3.5335337948701167,1.2524543016160667,1408.9597894519493,6811.040210548051,174.14879944775512,841.8512005522449,0.0,0.0,1583.1085888997045,7652.891411100296,22958.674233300888,1931.4061877952147,1.073003437664008,5794.218563385644,19700.34311551119,9336.593812204785,28009.781436614354,95233.2568844888,11268.0,33804.0,114933.59999999999,0.9948170929981451,13.667999576504101,54.671998306016405,68.3399978825205,5.346652052678662,28778.724673943012,19257.661805540552,9521.06286840246,0.0,86336.17402182904,57772.985416621654,28563.18860520738,0.0,4226.879368355848,522.4463983432654,0.0,4749.325766699113,14371.389852409882,1776.3177543671022,0.0,27708.0,0.9229585416731615,-68.26027612264816
40,40,2025,3SB,3,SB,Night,8,OP,NT,3.4,70,8400.0,1,6,70,1800,1,6,0.2,0.052631578947368425,1697.0,210.0,0.0,0.0,0.0,1.0,1.0,1.0,1.2059999999999997,1.2059999999999997,0.15789473684210525,0.15789473684210525,30,4.009,0.708,1697.0,210.0,0.0,0.0,0.0,1907.0,2327.0,1.0,1.2,0.19391666666666665,2327.0,0.0,1.0,0.0,1612.1499999999999,199.5,0.0,0.0,0.0,1811.6499999999999,1.2059946681641587,4.823978672656635,6.029973340820794,0.05263161303701042,0.05263160656653487,0.05263161157668258,91140.22767120316,364560.91068481264,455701.1383560158,69.97675134100723,69.99999489421052,0.0,2.914285926853292,2.9152539392101433,-0.0009680123568513999,0.0013264681464679805,84.85005495761635,1612.1499450423837,10.500005510023707,199.4999944899763,0.0,0.0,95.35006046764006,1811.64993953236,14493.19951625888,116.35007148768747,0.06463892860427081,930.8005719014998,3164.721944465099,2210.6499285123127,17685.1994280985,60129.6780555349,2327.0,18616.0,63294.4,0.2770238095238095,4.100381871758139,16.401527487032556,20.501909358790698,1.6044092239183347,520.133756152539,347.9176271658919,172.2161289866471,0.0,4161.070049220312,2783.341017327135,1377.7290318931769,0.0,678.8004396609308,84.00004408018965,0.0,762.8004837411205,2307.9214948471645,285.6001498726448,0.0,15256.0,-0.0003320507842667292,74750.7814106938
41,41,2025,3SB,3,SB,AM-Early,1,OP,AM,3.4,70,12184.535711999999,1,6,70,1800,1,6,0.2,0.0,5586.0,690.0,0.0,0.0,0.0,1.0,1.0,1.0,4.02,2.01,0.16936000603861728,0.16936000603861728,30,3.82,0.715,5586.0,690.0,0.0,0.0,0.0,6276.0,7656.0,1.0,1.2,0.48503168795643575,7656.0,0.0,1.0,0.0,5306.7,655.5,0.0,0.0,0.0,5962.2,2.009978119593879,8.039912478375516,10.049890597969394,0.16936000084926736,0.16936000002402118,0.16936000004483412,-346.63238730191085,-1386.5295492076434,-1733.1619365095544,68.52791686981847,63.48037368459999,-0.8545387844335376,3.21359166871901,2.9768889719431564,0.23670269677585365,0.08576646299069607,898.742716506807,4687.2572834931925,111.01548001574588,578.9845199842541,0.0,0.0,1009.7581965225529,5266.241803477446,5266.241803477446,1231.7891565540447,0.6843273091966915,1231.7891565540447,4188.083132283752,6424.210843445955,6424.210843445955,21842.316867716247,7656.0,7656.0,26030.399999999998,0.6283374418985823,6.8339256066191885,27.335702426476754,34.16962803309594,2.6729250108485823,9176.626990541265,6141.940864098358,3034.6861264429062,0.0,9176.626990541265,6141.940864098358,3034.6861264429062,0.0,898.742716506807,111.01548001574588,0.0,1009.7581965225529,3055.725236123144,377.452632053536,0.0,6276.0,0.07951344474273309,-509.49435227531035
42,42,2025,3SB,3,SB,AM-Peak,2,Peak,AM,3.4,70,12178.386396,1,6,70,1800,1,6,0.2,0.0,8248.0,1019.0,0.0,0.0,0.0,1.0,1.0,1.0,4.02,2.01,0.1694345102170961,0.1694345102170961,30,3.82,0.715,8248.0,1019.0,0.0,0.0,0.0,9267.0,11305.0,1.0,1.2,0.7164864464762979,11305.0,0.0,1.0,0.0,7835.599999999999,968.05,0.0,0.0,0.0,8803.65,4.019989365084906,16.079957460339624,20.09994682542453,0.16943450455485273,0.1694345069914428,0.16943450414374828,-196.8266167197324,-787.3064668789297,-984.1330835986621,57.225068350133675,33.85839154143331,-1.972602992864788,6.025094244372489,3.5648712335618113,2.4602230108106773,0.8913021614082529,1327.621003890004,6920.378996109996,164.0210744930662,854.9789255069338,0.0,0.0,1491.6420783830702,7775.357921616929,15550.715843233858,1819.6842273692027,1.0109356818717794,3639.3684547384055,12373.852746110579,9485.315772630798,18970.631545261596,64500.14725388942,11305.0,22610.0,76874.0,0.9282838984081779,13.66796384128868,54.67185536515472,68.33981920644341,5.346104358756854,27113.212337626137,18145.875876103953,8967.336461522184,0.0,54226.424675252274,36291.75175220791,17934.672923044367,0.0,2655.242007780008,328.0421489861324,0.0,2983.2841567661403,9027.822826452028,1115.3433065528502,0.0,18534.0,0.6901295585794739,-98.039633336173
43,43,2025,3SB,3,SB,AM-Shoulder,1,OP,AM,3.4,70,9643.605924,1,6,70,1800,1,6,0.2,0.0,7336.0,907.0,0.0,0.0,0.0,1.0,1.0,1.0,4.02,2.01,0.2069645764071995,0.2069645764071995,30,3.82,0.715,7336.0,907.0,0.0,0.0,0.0,8243.0,10057.0,1.0,1.2,0.7593853258480572,10057.0,0.0,1.0,0.0,6969.2,861.65,0.0,0.0,0.0,7830.849999999999,4.01998784389409,16.07995137557636,20.09993921947045,0.2069645701415179,0.20696457009359936,0.206964572299435,-167.9165679225239,-671.6662716900956,-839.5828396126195,52.010996507658014,25.385387186892274,-1.4182991334495274,8.036119303523376,3.922247480298967,4.113871823224409,1.380907619438156,1442.3774822302664,5893.622517769733,178.33102182114987,728.6689781788501,0.0,0.0,1620.7085040514162,6622.291495948583,6622.291495948583,1977.3705476937162,1.0985391931631756,1977.3705476937162,6723.059862158635,8079.629452306284,8079.629452306284,27470.740137841367,10057.0,10057.0,34193.8,1.042867168075708,13.667958669239907,54.67183467695963,68.33979334619953,5.346978856993923,29464.039955344786,19714.355812565598,9749.684142779186,0.0,29464.039955344786,19714.355812565598,9749.684142779186,0.0,1442.3774822302664,178.33102182114987,0.0,1620.7085040514162,4904.083439582906,606.3254741919095,0.0,8243.0,1.0488557501503797,-58.63072088731145
44,44,2025,3SB,3,SB,MD,5,OP,MD,3.4,70,12967.063032,1,6,70,1800,1,6,0.2,0.0,8482.0,1048.0,0.0,0.0,0.0,1.0,1.0,1.0,4.02,2.01,0.16038538248934447,0.16038538248934447,30,3.823,0.708,8482.0,1048.0,0.0,0.0,0.0,9530.0,11626.0,1.0,1.2,0.7017538339501623,11626.0,0.0,1.0,0.0,8057.9,995.5999999999999,0.0,0.0,0.0,9053.5,4.019987975184391,16.079951900737566,20.099939875921958,0.16038537757644908,0.16038537911667913,0.1603853764964087,-274.8640451798186,-1099.4561807192745,-1374.3202258990934,58.692542156009544,36.6799405335901,-1.2193476460042343,5.561622975184067,3.475739719328419,2.0858832558556477,0.7691919869085049,1292.369333973269,7189.630666026731,159.67968344856573,888.3203165514343,0.0,0.0,1452.0490174218348,8077.950982578165,40389.75491289083,1771.4083843189662,0.9841157690660923,8857.041921594831,30113.942533422425,9854.591615681034,49272.95807840517,167528.0574665776,11626.0,58130.0,197642.00000000003,0.8965792771508446,13.66795911562693,54.67183646250772,68.33979557813466,5.346204376234445,26394.032758921632,17664.051219036646,8729.981539884986,0.0,131970.16379460815,88320.25609518323,43649.90769942493,0.0,6461.846669866345,798.3984172428286,0.0,7260.245087109173,21970.27867754557,2714.554618625617,0.0,47650.0,0.6001264261118727,-115.6341218205529
45,45,2025,3SB,3,SB,PM-Shoulder,1,OP,PM,3.4,70,15600.0,1,6,70,1800,1,6,0.2,0.0,9455.0,1169.0,0.0,0.0,0.0,1.0,1.0,1.0,4.02,2.01,0.13611615245009073,0.13611615245009073,30,4.005,0.592,9455.0,1169.0,0.0,0.0,0.0,10624.0,12962.0,1.0,1.2,0.6751041666666666,12962.0,0.0,1.0,0.0,8982.25,1110.55,0.0,0.0,0.0,10092.8,4.019987698778146,16.079950795112584,20.09993849389073,0.13611614654575216,0.13611614920907342,0.13611614661568036,-341.7558461197934,-1367.0233844791735,-1708.7792305989667,61.22241061944488,42.37484534632203,-1.130020297646051,4.814176862068628,3.332113158170996,1.4820637038976319,0.5724235981228363,1222.6292573105823,8232.370742689418,151.16378950413647,1017.8362104958635,0.0,0.0,1373.7930468147188,9250.206953185281,9250.206953185281,1676.1206258229918,0.9311781254572177,1676.1206258229918,5698.810127798172,11285.87937417701,11285.87937417701,38371.98987220183,12962.000000000002,12962.000000000002,44070.8,0.830897435897436,13.667958175845696,54.67183270338278,68.33979087922847,5.346992320870852,24975.246964065846,16710.845553486324,8264.40141057952,0.0,24975.246964065846,16710.845553486324,8264.40141057952,0.0,1222.6292573105823,151.16378950413647,0.0,1373.7930468147188,4156.93947485598,513.956884314064,0.0,10624.0,0.4447819247264519,-162.74554278089838
46,46,2025,3SB,3,SB,PM-Peak,3,Peak,PM,3.4,70,15600.0,1,6,70,1800,1,6,0.2,0.0,9516.0,1176.0,0.0,0.0,0.0,1.0,1.0,1.0,4.02,2.01,0.13611615245009073,0.13611615245009073,30,4.005,0.592,9516.0,1176.0,0.0,0.0,0.0,10692.0,13044.0,1.0,1.2,0.679375,13044.0,0.0,1.0,0.0,9040.199999999999,1117.2,0.0,0.0,0.0,10157.4,4.01998635634528,16.07994542538112,20.099931781726397,0.13611614748825251,0.1361161490590413,0.13611614663166874,-256.12866496902063,-1024.5146598760825,-1280.6433248451033,60.927793602770166,41.73963024494367,-1.7768266269532524,4.887441474753182,3.3482256280280738,1.5392158467251078,0.5944976818270331,1230.5171965233003,8285.4828034767,152.06896172876094,1023.931038271239,0.0,0.0,1382.5861582520613,9309.413841747939,27928.241525243815,1686.724081709583,0.9370689342831017,5060.17224512875,17204.58563343775,11357.275918290416,34071.82775487125,115844.21436656224,13043.999999999998,39132.0,133048.8,0.836153846153846,13.667953611573951,54.671814446295805,68.33976805786975,5.346446514487037,25132.538019000174,16818.651960324496,8313.886058675676,0.0,75397.61405700052,50455.95588097349,24941.658176027027,0.0,3691.551589569901,456.2068851862828,0.0,4147.758474756184,12551.275404537662,1551.1034096333615,0.0,32076.0,0.45971090891853184,-156.7026365365852
47,47,2025,3SB,3,SB,PM-Late,3,OP,PM,3.4,70,12487.646916,1,6,70,1800,1,6,0.2,0.0,7059.0,872.0,0.0,0.0,0.0,1.0,1.0,1.0,4.02,2.01,0.1657670480349921,0.1657670480349921,30,4.005,0.592,7059.0,872.0,0.0,0.0,0.0,7931.0,9675.0,1.0,1.2,0.6013931092916833,9675.0,0.0,1.0,0.0,6706.049999999999,828.4,0.0,0.0,0.0,7534.45,4.01999557525711,16.07998230102844,20.09997787628555,0.1657670475331089,0.16576704674398213,0.16576704634341072,-438.0689455519965,-1752.275782207986,-2190.344727759982,64.97373522194722,51.17739178582168,-1.0536812743535968,3.9861351444744137,3.1397302202673987,0.8464049242070151,0.30885897319490796,1111.6421091094048,5947.357890890595,137.3214215227148,734.6785784772852,0.0,0.0,1248.9635306321197,6682.03646936788,20046.109408103643,1523.606373677549,0.8464479853764162,4570.819121032648,15540.785011511001,8151.3936263224505,24454.180878967352,83144.214988489,9675.0,29025.0,98685.0,0.77476565962189,13.667984955874173,54.67193982349669,68.33992477937086,5.345970657884074,22701.53611759047,15193.907623623581,7507.628493966887,0.0,68104.6083527714,45581.72287087074,22522.88548190066,0.0,3334.9263273282145,411.96426456814436,0.0,3746.8905918963587,11338.749512915929,1400.6784995316907,0.0,23793.0,0.2695788697842103,-284.9696730455618
48,48,2025,4NB,4,NB,Night,8,OP,NT,4.4,70,8400.0,1,6,70,1800,1,6,0.2,0.052631578947368425,1472.0,182.0,0.0,0.0,0.0,1.0,1.0,1.0,1.2059999999999997,1.2059999999999997,0.15789473684210525,0.15789473684210525,30,4.009,0.708,1472.0,182.0,0.0,0.0,0.0,1654.0,2018.0,1.0,1.2,0.16816666666666666,2018.0,0.0,1.0,0.0,1398.3999999999999,172.9,0.0,0.0,0.0,1571.3,1.2057882167284224,4.82315286691369,6.028941083642112,0.052631628060350925,0.05263159182298454,0.052631672273951824,214233.3620525447,856933.4482101788,1071166.8102627234,69.99010924473885,69.99999782823946,0.0,3.7714286884377146,3.7719615364058723,-0.0005328479681576681,0.0007301620189025805,73.60006867959473,1398.3999313204054,9.100002226194027,172.89999777380598,0.0,0.0,82.70007090578875,1571.2999290942114,12570.399432753691,100.9000753581768,0.05605559742120934,807.2006028654145,3551.682652607824,1917.0999246418232,15336.799397134586,67481.91734739218,2018.0,16144.0,71033.6,0.24023809523809525,5.305468153605059,21.221872614420235,26.527340768025294,1.6038293067674074,583.6019085179652,390.48282048273495,193.1190880352302,0.0,4668.815268143721,3123.8625638618796,1544.9527042818415,0.0,588.8005494367578,72.80001780955222,0.0,661.60056724631,2590.7224175217348,320.3200783620298,0.0,13232.0,-0.00014126548296284968,135774.73749941748
49,49,2025,4NB,4,NB,AM-Early,1,OP,AM,4.4,70,8400.0,1,6,70,1800,1,6,0.2,0.0,3665.0,453.0,0.0,0.0,0.0,1.0,1.0,1.0,4.02,2.01,0.2321981424148607,0.2321981424148607,30,3.82,0.715,3665.0,453.0,0.0,0.0,0.0,4118.0,5024.0,1.0,1.2,0.4186666666666667,5024.0,0.0,1.0,0.0,3481.75,430.34999999999997,0.0,0.0,0.0,3912.1,2.0099788146563435,8.039915258625374,10.049894073281717,0.23219813591568977,0.23219813590690241,0.23219813593349448,-386.70872779131764,-1546.8349111652706,-1933.5436389565884,69.28896998300434,66.38406510569915,-1.0526474716769543,3.9768579941534083,3.810130242443432,0.16672775170997634,0.053021289290359194,808.4558597244529,2856.544140275547,99.92646778753544,353.07353221246456,0.0,0.0,908.3823275119884,3209.6176724880115,3209.6176724880115,1108.2352630870591,0.6156862572705885,1108.2352630870591,4876.235157583061,3915.7647369129404,3915.7647369129404,17229.36484241694,5024.0,5024.0,22105.600000000002,0.5980952380952381,8.843906784487912,35.375627137951646,44.21953392243956,2.6733011092231154,10684.869728440486,7149.908262776096,3534.96146566439,0.0,10684.869728440486,7149.908262776096,3534.96146566439,0.0,808.4558597244529,99.92646778753544,0.0,908.3823275119884,3557.2057827875933,439.676458265156,0.0,4118.0,0.043759068877145264,-723.3272664119087
50,50,2025,4NB,4,NB,AM-Peak,2,Peak,AM,4.4,70,13238.720988000001,1,6,70,1800,1,6,0.2,0.0,6514.0,805.0,0.0,0.0,0.0,1.0,1.0,1.0,4.02,2.01,0.15748819693652386,0.15748819693652386,30,3.82,0.715,6514.0,805.0,0.0,0.0,0.0,7319.0,8929.0,1.0,1.2,0.5302659273446713,8929.0,0.0,1.0,0.0,6188.299999999999,764.75,0.0,0.0,0.0,6953.049999999999,2.009984432335941,8.039937729343764,10.049922161679705,0.15748819017604476,0.15748819092192606,0.1574881910241,-208.1568962879947,-832.6275851519788,-1040.7844814399734,67.59372946559526,59.977029582607,-1.8547671568295674,4.401685142415897,3.905687732977867,0.49599740943803017,0.18393505132253535,974.5841672664177,5539.415832733583,120.43909400754296,684.560905992457,0.0,0.0,1095.0232612739605,6223.97673872604,12447.95347745208,1335.9014492890465,0.7421674718272481,2671.802898578093,11755.93275374361,7593.0985507109535,15186.197101421907,66819.2672462564,8929.0,17858.0,78575.2,0.6744609247444319,8.843931502278142,35.37572600911257,44.21965751139071,2.673205148902731,12879.776008905574,8619.155618508981,4260.620390396592,0.0,25759.552017811147,17238.311237017962,8521.240780793183,0.0,1949.1683345328354,240.87818801508593,0.0,2190.046522547921,8576.340671944476,1059.8640272663781,0.0,14638.0,0.12699361632269052,-243.14454802656402
51,51,2025,4NB,4,NB,AM-Shoulder,1,OP,AM,4.4,70,13055.676228,1,6,70,1800,1,6,0.2,0.0,6873.0,850.0,0.0,0.0,0.0,1.0,1.0,1.0,4.02,2.01,0.1594286935365201,0.1594286935365201,30,3.82,0.715,6873.0,850.0,0.0,0.0,0.0,7723.0,9423.0,1.0,1.2,0.5657530724666053,9423.0,0.0,1.0,0.0,6529.349999999999,807.5,0.0,0.0,0.0,7336.849999999999,2.00998536836807,8.03994147347228,10.049926841840351,0.15942868659795148,0.159428691888395,0.15942868819097647,-259.8705011027626,-1039.4820044110504,-1299.3525055138132,66.49130109073349,56.069485616904736,-1.2702886350821136,4.7084434090189875,3.970444188477343,0.7379992205416444,0.2726513953568172,1040.9656948383345,5832.0343051616655,128.73866869987896,721.261331300121,0.0,0.0,1169.7043635382133,6553.295636461787,6553.295636461787,1427.1817009379713,0.7928787227433174,1427.1817009379713,6279.599484127074,7995.818299062028,7995.818299062028,35181.600515872924,9423.0,9423.0,41461.2,0.7217550309489797,8.84393562081951,35.37574248327804,44.21967810409755,2.673647525651681,13760.459580198843,9206.233588631878,4554.225991566965,0.0,13760.459580198843,9206.233588631878,4554.225991566965,0.0,1040.9656948383345,128.73866869987896,0.0,1169.7043635382133,4580.249057288672,566.4501422794675,0.0,7723.0,0.18587321355212538,-163.41361717641402
52,52,2025,4NB,4,NB,MD,5,OP,MD,4.4,70,15600.0,1,6,70,1800,1,6,0.2,0.0,8580.0,1060.0,0.0,0.0,0.0,1.0,1.0,1.0,4.02,2.01,0.13611615245009073,0.13611615245009073,30,3.823,0.708,8580.0,1060.0,0.0,0.0,0.0,9640.0,11760.0,1.0,1.2,0.6125,11760.0,0.0,1.0,0.0,8151.0,1007.0,0.0,0.0,0.0,9158.0,4.019987992102794,16.079951968411176,20.09993996051397,0.13611614716600662,0.1361161489326383,0.13611614663526672,-454.84058404012706,-1819.3623361605082,-2274.202920200635,64.81717262305013,51.335189143013075,-1.3267689965227056,5.1426712243044586,4.072994691319148,1.0696765329853104,0.4131455842500903,1109.48271555012,7470.51728444988,137.06896197516676,922.9310380248332,0.0,0.0,1246.5516775252868,8393.448322474713,41967.24161237356,1520.6896014756203,0.8448275563753446,7603.4480073781015,33455.17123246365,10239.31039852438,51196.5519926219,225264.82876753638,11760.0,58800.0,258720.00000000003,0.7538461538461538,17.687947165252297,70.75178866100919,88.43973582626148,5.346083631372399,29322.345883062066,19624.471653411165,9697.874229650903,0.0,146611.7294153103,98122.35826705582,48489.37114825451,0.0,5547.4135777506,685.3448098758338,0.0,6232.758387626433,24408.61974210264,3015.517163453669,0.0,48200.0,0.26262654730808577,-225.48805371378563
53,53,2025,4NB,4,NB,PM-Shoulder,1,OP,PM,4.4,70,15600.0,1,6,70,1800,1,6,0.2,0.0,10093.0,1248.0,0.0,0.0,0.0,1.0,1.0,1.0,4.02,2.01,0.13611615245009073,0.13611615245009073,30,4.005,0.592,10093.0,1248.0,0.0,0.0,0.0,11341.0,13837.0,1.0,1.2,0.7206770833333334,13837.0,0.0,1.0,0.0,9588.35,1185.6,0.0,0.0,0.0,10773.949999999999,4.019990059788646,16.079960239154584,20.09995029894323,0.13611614660293658,0.13611614879515122,0.1361161466353488,-273.09811861066436,-1092.3924744426574,-1365.490593053322,57.747666313929656,35.62788825982671,-1.561097134611155,7.409925563780357,4.571613311000916,2.838312252779441,1.0962530932141121,1305.129254280267,8787.870745719732,161.37930601153127,1086.6206939884687,0.0,0.0,1466.5085602917984,9874.491439708201,9874.491439708201,1789.267172314861,0.9940373179527006,1789.267172314861,7872.775558185389,12047.732827685139,12047.732827685139,53010.02444181461,13837.0,13837.0,60882.8,0.8869871794871795,17.687956263070046,70.75182505228018,88.43978131535022,5.347107862414078,34502.949593348836,23085.069167362588,11417.880425986248,0.0,34502.949593348836,23085.069167362588,11417.880425986248,0.0,1305.129254280267,161.37930601153127,0.0,1466.5085602917984,5742.568718833176,710.0689464507376,0.0,11341.0,0.6208557154100194,-84.97986905814264
54,54,2025,4NB,4,NB,PM-Peak,3,Peak,PM,4.4,70,15600.0,1,6,70,1800,1,6,0.2,0.0,10351.0,1279.0,0.0,0.0,0.0,1.0,1.0,1.0,4.02,2.01,0.13611615245009073,0.13611615245009073,30,4.005,0.592,10351.0,1279.0,0.0,0.0,0.0,11630.0,14188.0,1.0,1.2,0.7389583333333334,14188.0,0.0,1.0,0.0,9833.449999999999,1215.05,0.0,0.0,0.0,11048.5,4.01998814482262,16.07995257929048,20.0999407241131,0.13611614769840477,0.13611614866493066,0.1361161466408228,-199.32568928495078,-797.3027571398031,-996.628446424754,56.15358620667777,32.99984749852502,-2.501089331050881,8.00003697022539,4.701391626677713,3.298645343547676,1.2740493856913244,1338.4913325848781,9012.508667415123,165.38792643532398,1113.612073564676,0.0,0.0,1503.8792590202022,10126.120740979799,30378.362222939395,1834.65511189085,1.0192528399393612,5503.96533567255,24217.447476959223,12353.34488810915,37060.03466432745,163064.1525230408,14188.0,42564.0,187281.60000000003,0.9094871794871795,17.687947837219532,70.75179134887813,88.43973918609765,5.346273149909987,35376.656934107436,23675.164871331785,11701.492062775647,0.0,106129.9708023223,71025.49461399535,35104.47618832694,0.0,4015.473997754634,496.16377930597196,0.0,4511.637777060606,17668.08559012039,2183.1206289462766,0.0,34890.0,0.7016316881218205,-73.12070973654555
55,55,2025,4NB,4,NB,PM-Late,3,OP,PM,4.4,70,13819.701744,1,6,70,1800,1,6,0.2,0.0,8290.0,1025.0,0.0,0.0,0.0,1.0,1.0,1.0,4.02,2.01,0.15163036346333317,0.15163036346333317,30,4.005,0.592,8290.0,1025.0,0.0,0.0,0.0,9315.0,11365.0,1.0,1.2,0.6524221922407216,11365.0,0.0,1.0,0.0,7875.5,973.75,0.0,0.0,0.0,8849.25,4.019987005821795,16.07994802328718,20.099935029108977,0.1516303590243259,0.15163035983061726,0.15163035754111115,-361.5905220930623,-1446.3620883722492,-1807.9526104653116,62.40795964020626,44.698987145464514,-1.4473826994642107,5.906174096089946,4.2302296297140645,1.6759444663758813,0.6285574498511262,1194.1648924960787,7095.835107503921,147.65006288506356,877.3499371149364,0.0,0.0,1341.8149553811422,7973.185044618857,23919.55513385657,1637.1150811512694,0.9095083784173719,4911.3452434538085,21609.91907119676,9727.88491884873,29183.654756546188,128408.08092880323,11364.999999999998,34095.0,150018.0,0.8223766482467147,17.6879428256159,70.7517713024636,88.4397141280795,5.347035862654953,31568.823824866784,21122.320342828396,10446.503482038386,0.0,94706.47147460034,63366.96102848519,31339.510446115157,0.0,3582.494677488236,442.9501886551907,0.0,4025.4448661434267,15762.97658094824,1948.9808300828392,0.0,27945.0,0.396182858397019,-143.91838464127932
56,56,2025,4SB,4,SB,Night,8,OP,NT,4.4,70,8400.0,1,6,70,1800,1,6,0.2,0.052631578947368425,1575.0,195.0,0.0,0.0,0.0,1.0,1.0,1.0,1.2059999999999997,1.2059999999999997,0.15789473684210525,0.15789473684210525,30,4.009,0.708,1575.0,195.0,0.0,0.0,0.0,1770.0,2160.0,1.0,1.2,0.18,2160.0,0.0,1.0,0.0,1496.25,185.25,0.0,0.0,0.0,1681.5,1.2058029472795293,4.823211789118117,6.029014736397647,0.05263165439704619,0.05263164615646349,0.05263159018764237,142461.31931651276,569845.277266051,712306.5965825638,69.98512715720511,69.9999967340529,0.0,3.771428747389811,3.772230054065432,-0.0008013066756209497,0.0010980312124998371,78.75011289158036,1496.2498871084197,9.750012450484862,185.24998754951514,0.0,0.0,88.50012534206522,1681.499874657935,13451.99899726348,108.00015024303494,0.06000008346835274,864.0012019442795,3801.60528855483,2051.999849756965,16415.99879805572,72230.39471144517,2160.0,17280.0,76032.0,0.2571428571428571,5.3055329680299295,21.222131872119718,26.527664840149647,1.6043309845009193,624.7273701613573,417.8113201823584,206.91604997899887,0.0,4997.818961290858,3342.490561458867,1655.328399831991,0.0,630.0009031326429,78.0000996038789,0.0,708.0010027365217,2772.0039737836287,343.20043825706716,0.0,14160.0,-0.00021242253630776318,90287.75004364915
57,57,2025,4SB,4,SB,AM-Early,1,OP,AM,4.4,70,10723.157976,1,6,70,1800,1,6,0.2,0.0,4868.0,602.0,0.0,0.0,0.0,1.0,1.0,1.0,4.02,2.01,0.18912330716984793,0.18912330716984793,30,3.82,0.715,4868.0,602.0,0.0,0.0,0.0,5470.0,6674.0,1.0,1.2,0.4659586950854699,6674.0,0.0,1.0,0.0,4624.599999999999,571.9,0.0,0.0,0.0,5196.5,2.0099826604400928,8.039930641760371,10.049913302200464,0.18912330151488213,0.18912330100843217,0.18912330101242628,-356.0795554617925,-1424.31822184717,-1780.3977773089623,68.78158887721794,64.37394251487588,-1.0954084820546623,4.101038241350426,3.8382364279381007,0.2628018134123251,0.09152676341805566,874.6196201857238,3993.3803798142762,108.15961584672235,493.8403841532777,0.0,0.0,982.7792360324461,4487.220763967554,4487.220763967554,1199.0984677258907,0.6661658154032726,1199.0984677258907,5276.0332579939195,5474.901532274109,5474.901532274109,24089.56674200608,6674.0,6674.0,29365.600000000002,0.6223912782910959,8.843923705936408,35.37569482374563,44.219618529682045,2.6736076469307397,11561.290755084832,7735.06919263762,3826.221562447212,0.0,11561.290755084832,7735.06919263762,3826.221562447212,0.0,874.6196201857238,108.15961584672235,0.0,982.7792360324461,3848.3263288171847,475.90230972557833,0.0,5470.0,0.06846941775118896,-458.89698423500147
58,58,2025,4SB,4,SB,AM-Peak,2,Peak,AM,4.4,70,8400.0,1,6,70,1800,1,6,0.2,0.0,6671.0,825.0,0.0,0.0,0.0,1.0,1.0,1.0,4.02,2.01,0.2321981424148607,0.2321981424148607,30,3.82,0.715,6671.0,825.0,0.0,0.0,0.0,7496.0,9146.0,1.0,1.2,0.7621666666666667,9146.0,0.0,1.0,0.0,6337.45,783.75,0.0,0.0,0.0,7121.2,4.019989670139757,16.079958680559027,20.099948350698785,0.2321981358920742,0.23219813621065746,0.2321981359117142,-126.46604417839966,-505.8641767135986,-632.3302208919984,50.96396685536604,23.469059040613036,-2.994225775473723,11.248853204687496,5.1801305174933265,6.068722687194169,1.929921666108715,1471.5440763092256,5199.455923690774,181.9852892551028,643.0147107448972,0.0,0.0,1653.5293655643284,5842.470634435672,11684.941268871344,2017.4999440745341,1.12083330226363,4034.9998881490683,17753.9995078559,7128.500055925466,14257.000111850932,62730.8004921441,9146.0,18292.0,80484.8,1.088809523809524,17.687954548614933,70.75181819445973,88.43977274307466,5.347294158632885,38904.394837484324,26028.604738041126,12875.790099443198,0.0,77808.78967496865,52057.20947608225,25751.580198886397,0.0,2943.088152618451,363.9705785102056,0.0,3307.0587311286567,12949.587871521186,1601.4705454449047,0.0,14992.0,1.171538567744589,-39.74466994798575
59,59,2025,4SB,4,SB,AM-Shoulder,1,OP,AM,4.4,70,8400.0,1,6,70,1800,1,6,0.2,0.0,5739.0,709.0,0.0,0.0,0.0,1.0,1.0,1.0,4.02,2.01,0.2321981424148607,0.2321981424148607,30,3.82,0.715,5739.0,709.0,0.0,0.0,0.0,6448.0,7866.0,1.0,1.2,0.6555,7866.0,0.0,1.0,0.0,5452.05,673.55,0.0,0.0,0.0,6125.599999999999,4.019987485414753,16.079949941659013,20.099937427073765,0.2321981377777577,0.2321981362623138,0.23219813669449788,-271.4589693205804,-1085.8358772823217,-1357.294846602902,60.80799269500247,38.837435584738145,-1.6481141066033769,6.797565184858484,4.341534530241071,2.456030654617413,0.7810451635731246,1265.9558570712238,4473.044142928777,156.39705467948144,552.6029453205185,0.0,0.0,1422.3529117507053,5025.647088249295,5025.647088249295,1735.147021109668,0.9639705672831489,1735.147021109668,7634.64689288254,6130.852978890332,6130.852978890332,26975.753107117464,7866.0,7866.0,34610.4,0.9364285714285714,17.687944935824916,70.75177974329966,88.43972467912458,5.34605965225847,33457.52745624431,22392.157491060843,11065.369965183465,0.0,33457.52745624431,22392.157491060843,11065.369965183465,0.0,1265.9558570712238,156.39705467948144,0.0,1422.3529117507053,5570.205771113385,688.1470405897184,0.0,6448.0,0.5657056594874158,-98.20693755243781
60,60,2025,4SB,4,SB,MD,5,OP,MD,4.4,70,10288.398588,1,6,70,1800,1,6,0.2,0.0,7266.0,898.0,0.0,0.0,0.0,1.0,1.0,1.0,4.02,2.01,0.1959251289895984,0.1959251289895984,30,3.823,0.708,7266.0,898.0,0.0,0.0,0.0,8164.0,9960.0,1.0,1.2,0.7171453164229995,9960.0,0.0,1.0,0.0,6902.7,853.0999999999999,0.0,0.0,0.0,7755.799999999999,4.019989630894714,16.079958523578856,20.09994815447357,0.19592512217589855,0.19592512326748873,0.19592512283051342,-221.829096125602,-887.316384502408,-1109.1454806280099,56.487001293748555,31.913229518105776,-1.7038217302729721,8.272431339179295,4.6736416158316585,3.598789723347637,1.23603187083223,1352.4123408435748,5913.587659156425,167.1437226594946,730.8562773405054,0.0,0.0,1519.5560635030695,6644.44393649693,33222.219682484654,1853.8435088220585,1.0299130604566993,9269.217544110292,40784.55719408529,8106.156491177941,40530.782455889705,178335.4428059147,9960.0,49800.0,219120.0,0.9680806896047912,17.687954375936744,70.75181750374698,88.43977187968372,5.346527127138175,35747.12994479643,23921.407782294966,11825.72216250146,0.0,178735.64972398215,119607.03891147482,59128.61081250731,0.0,6762.061704217875,835.7186132974731,0.0,7597.780317515348,29753.07149855865,3677.161898508882,0.0,40820.0,0.7700183324191932,-67.02235929175554
61,61,2025,4SB,4,SB,PM-Shoulder,1,OP,PM,4.4,70,14891.888508000002,1,6,70,1800,1,6,0.2,0.0,8318.0,1028.0,0.0,0.0,0.0,1.0,1.0,1.0,4.02,2.01,0.14189053871863894,0.14189053871863894,30,4.005,0.592,8318.0,1028.0,0.0,0.0,0.0,9346.0,11402.0,1.0,1.2,0.616594675825957,11402.0,0.0,1.0,0.0,7902.099999999999,976.5999999999999,0.0,0.0,0.0,8878.699999999999,4.019988289555696,16.079953158222786,20.099941447778484,0.14189053342163144,0.14189053522325634,0.1418905328629462,-439.236569506503,-1756.946278026012,-2196.182847532515,64.54538793646593,50.449099124451905,-1.3475467928762652,5.232997309798209,4.090145065978433,1.1428522438197763,0.43664159753331094,1121.2331841510736,7196.766815848927,138.57029669903213,889.4297033009678,0.0,0.0,1259.8034808501056,8086.196519149895,8086.196519149895,1536.94407424817,0.8538578190267611,1536.94407424817,6762.553926691949,9865.05592575183,9865.05592575183,43406.24607330806,11402.0,11402.0,50168.80000000001,0.7656517166291424,17.687948474045065,70.75179389618026,88.43974237022533,5.346507016828479,29636.41186083614,19832.31478865367,9804.097072182469,0.0,29636.41186083614,19832.31478865367,9804.097072182469,0.0,1121.2331841510736,138.57029669903213,0.0,1259.8034808501056,4933.426010264724,609.7093054757414,0.0,9346.0,0.27941606602806063,-211.05028990202345
62,62,2025,4SB,4,SB,PM-Peak,3,Peak,PM,4.4,70,14507.698164,1,6,70,1800,1,6,0.2,0.0,8450.0,1044.0,0.0,0.0,0.0,1.0,1.0,1.0,4.02,2.01,0.14523331427975397,0.14523331427975397,30,4.005,0.592,8450.0,1044.0,0.0,0.0,0.0,9494.0,11582.0,1.0,1.2,0.6396174651853999,11582.0,0.0,1.0,0.0,8027.5,991.8,0.0,0.0,0.0,9019.3,4.019988503883216,16.079954015532863,20.09994251941608,0.1452333090751358,0.14523331074558968,0.14523330840241472,-291.72357505511826,-1166.894300220473,-1458.6178752755911,63.27808614893018,46.99376293659715,-2.1954202815819253,5.61776677377767,4.1720604409345485,1.4457063328431214,0.5488656612231895,1165.8603886006526,7284.139611399347,144.04239759747583,899.9576024025241,0.0,0.0,1309.9027861981285,8184.0972138018715,24552.291641405616,1597.98758139308,0.8877708785517111,4793.96274417924,21093.436074388657,9984.012418606919,29952.037255820756,131788.96392561134,11581.999999999998,34746.0,152882.4,0.7983347784791974,17.687949417086152,70.75179766834461,88.43974708543075,5.346152831148134,30812.93815143261,20621.67958095275,10191.258570479857,0.0,92438.81445429783,61865.03874285825,30573.77571143957,0.0,3497.581165801958,432.1271927924275,0.0,3929.7083585943856,15389.357129528616,1901.359648286681,0.0,28482.0,0.34652094649886733,-166.83838533006298
63,63,2025,4SB,4,SB,PM-Late,3,OP,PM,4.4,70,11045.620104000001,1,6,70,1800,1,6,0.2,0.0,6223.0,769.0,0.0,0.0,0.0,1.0,1.0,1.0,4.02,2.01,0.1843757664835562,0.1843757664835562,30,4.005,0.592,6223.0,769.0,0.0,0.0,0.0,6992.0,8530.0,1.0,1.2,0.5824266872571884,8530.0,0.0,1.0,0.0,5911.849999999999,730.55,0.0,0.0,0.0,6642.4,4.019987283779643,16.07994913511857,20.099936418898213,0.18437575978839674,0.18437576035599337,0.18437576127288854,-452.0480339630041,-1808.1921358520165,-2260.2401698150206,65.61675099239012,52.748291066164164,-1.359162925700657,5.0049014795352305,4.023362876205457,0.9815386033297733,0.3451499975443335,1090.0018355050331,5132.998164494967,134.69571172807096,634.3042882719291,0.0,0.0,1224.6975472331042,5767.302452766896,17301.907358300687,1494.088970689246,0.8300494281606923,4482.266912067738,19721.97441309805,7035.911029310753,21107.73308793226,92874.02558690196,8530.0,25590.0,112596.00000000001,0.7722517993273181,17.68794404863043,70.75177619452172,88.43972024315215,5.346376112310786,28809.85232986379,19279.891479317495,9529.960850546291,0.0,86429.55698959136,57839.67443795249,28589.882551638875,0.0,3270.005506515099,404.0871351842129,0.0,3674.092641699312,14388.024228666438,1777.983394810537,0.0,20976.0,0.24395975047010648,-245.7358642936038
64,64,2025,5NB,5,NB,Night,8,OP,NT,3.0,70,5600.0,1,6,70,1800,1,6,0.2,0.052631578947368425,1033.0,128.0,0.0,0.0,0.0,1.0,1.0,1.0,1.2059999999999997,1.2059999999999997,0.15789473684210525,0.15789473684210525,30,4.009,0.708,1033.0,128.0,0.0,0.0,0.0,1161.0,1417.0,1.0,1.2,0.1540217391304348,1417.0,0.0,1.0,0.0,981.3499999999999,121.6,0.0,0.0,0.0,1102.95,1.2059023024826325,4.82360920993053,6.029511512413163,0.052631597999889174,0.05263159585704637,0.05263159746825485,156910.4084703831,627641.6338815324,784552.0423519155,69.98649648670396,69.99999973968268,0.0,2.5714285809912485,2.571924714565422,-0.0004961335741735518,0.0006797160974858514,51.650018697191236,981.3499813028087,6.400002056216838,121.59999794378317,0.0,0.0,58.05002075340808,1102.949979246592,8823.599833972736,70.85002486584175,0.03936112492546764,566.800198926734,1700.4005967802018,1346.1499751341582,10769.199801073266,32307.5994032198,1417.0,11336.0,34008.0,0.2530357142857143,3.6177069074478974,14.47082762979159,18.08853453723949,1.6047536955736004,279.46795599646737,186.8546294106418,92.6133265858256,0.0,2235.743647971739,1494.8370352851343,740.9066126866048,0.0,413.2001495775299,51.200016449734704,0.0,464.4001660272646,1239.6004487325897,153.6000493492041,0.0,9288.0,-0.0001929036146990731,145836.0044862593
65,65,2025,5NB,5,NB,AM-Early,1,OP,AM,3.0,70,5611.44652,1,6,70,1800,1,6,0.2,0.0,2631.0,325.0,0.0,0.0,0.0,1.0,1.0,1.0,4.02,2.01,0.31956259095175643,0.31956259095175643,30,3.82,0.715,2631.0,325.0,0.0,0.0,0.0,2956.0,3606.0,1.0,1.2,0.39146946054244686,3606.0,0.0,1.0,0.0,2499.45,308.75,0.0,0.0,0.0,2808.2,2.0099721942510835,8.039888777004334,10.049860971255418,0.31956258318143305,0.3195625884902065,0.3195625663490625,-360.8159838252203,-1443.2639353008813,-1804.0799191261015,69.44212218920471,66.62825350073355,-0.7711379865549797,2.701556630146673,2.592086680611013,0.10946994953566014,0.028301609579944934,798.7306985328328,1832.2693014671672,98.66494919635126,226.33505080364876,0.0,0.0,897.395647729184,2058.604352270816,2058.604352270816,1094.7255461218865,0.6081808589566036,1094.7255461218865,3284.1766383656595,2511.2744538781135,2511.2744538781135,7533.8233616343405,3606.0,3606.0,10818.0,0.6426150524909573,6.02991658275325,24.119666331013,30.149582913766253,2.6729366456622934,7196.045137419556,4816.279484237215,2379.765653182342,0.0,7196.045137419556,4816.279484237215,2379.765653182342,0.0,798.7306985328328,98.66494919635126,0.0,897.395647729184,2396.1920955984983,295.9948475890538,0.0,2956.0,0.042232364509452135,-1101.6569585224827
66,66,2025,5NB,5,NB,AM-Peak,2,Peak,AM,3.0,70,9308.807423999999,1,6,70,1800,1,6,0.2,0.0,4516.0,558.0,0.0,0.0,0.0,1.0,1.0,1.0,4.02,2.01,0.2132020983201787,0.2132020983201787,30,3.82,0.715,4516.0,558.0,0.0,0.0,0.0,5074.0,6190.0,1.0,1.2,0.47951757251344374,6190.0,0.0,1.0,0.0,4290.2,530.1,0.0,0.0,0.0,4820.3,2.009974557279861,8.039898229119444,10.049872786399305,0.2132020921404854,0.2132020972541221,0.21320206561548175,-218.8935355190481,-875.5741420761924,-1094.4676775952405,68.47744113111911,62.82633620871113,-1.246802964732743,2.86504053653605,2.6286028950080063,0.23643764152804359,0.07832882330382551,914.6796157011105,3601.3203842988896,113.01843175441013,444.98156824558987,0.0,0.0,1027.6980474555207,4046.3019525444797,8092.603905088959,1253.734910964341,0.6965193949801894,2507.469821928682,7522.409465786046,4936.265089035659,9872.530178071318,29617.590534213952,6190.0,12380.0,37140.0,0.6649616559948293,6.029923671839583,24.119694687358333,30.149618359197916,2.6730997998327806,8241.418334825676,5515.448266865259,2725.970067960416,0.0,16482.83666965135,11030.896533730518,5451.940135920832,0.0,1829.359231402221,226.03686350882026,0.0,2055.3960949110415,5488.077694206663,678.1105905264608,0.0,10148.0,0.0899480259939847,-510.0646100908075
67,67,2025,5NB,5,NB,AM-Shoulder,1,OP,AM,3.0,70,8494.522864,1,6,70,1800,1,6,0.2,0.0,4488.0,555.0,0.0,0.0,0.0,1.0,1.0,1.0,4.02,2.01,0.23006613166249398,0.23006613166249398,30,3.82,0.715,4488.0,555.0,0.0,0.0,0.0,5043.0,6153.0,1.0,1.2,0.5087426820544311,6153.0,0.0,1.0,0.0,4263.599999999999,527.25,0.0,0.0,0.0,4790.849999999999,2.009976677888398,8.039906711553591,10.04988338944199,0.23006612516200653,0.2300661305997432,0.23006609890509058,-275.5611686416102,-1102.2446745664408,-1377.805843208051,67.77107055302726,59.62938510207237,-0.8692188262036225,3.018645919153445,2.6560005402181095,0.36264537893533566,0.11586359724166724,980.9099312407309,3507.0900687592693,121.3023673587146,433.6976326412854,0.0,0.0,1102.2122985994456,3940.787701400555,3940.787701400555,1344.8170333168746,0.7471205740649304,1344.8170333168746,4034.4510999506238,4808.182966683125,4808.182966683125,14424.548900049376,6153.0,6153.0,18459.0,0.7243491010044328,6.0299300336651935,24.119720134660774,30.14965016832597,2.673591835349833,8840.59740707295,5914.818254708943,2925.7791523640067,0.0,8840.59740707295,5914.818254708943,2925.7791523640067,0.0,980.9099312407309,121.3023673587146,0.0,1102.2122985994456,2942.729793722193,363.9071020761438,0.0,5043.0,0.1365381420086441,-332.5524263603209
68,68,2025,5NB,5,NB,MD,5,OP,MD,3.0,70,10400.0,1,6,70,1800,1,6,0.2,0.0,5793.0,716.0,0.0,0.0,0.0,1.0,1.0,1.0,4.02,2.01,0.19413287316652286,0.19413287316652286,30,3.823,0.708,5793.0,716.0,0.0,0.0,0.0,6509.0,7941.0,1.0,1.2,0.5672142857142857,7941.0,0.0,1.0,0.0,5503.349999999999,680.1999999999999,0.0,0.0,0.0,6183.549999999999,4.019995707429128,16.079982829716513,20.099978537145642,0.1941328721476097,0.19413287202935703,0.1941328715838799,-470.65383899114164,-1882.6153559645666,-2353.269194955708,66.14245539055031,54.259232551212754,-0.9162692059690192,3.317407776273032,2.7213988192176544,0.5960089570553775,0.20545923947104403,1068.3811419335477,4724.618858066452,132.04917955436864,583.9508204456314,0.0,0.0,1200.4303214879164,5308.569678512084,26542.848392560416,1464.5286805966537,0.8136270447759187,7322.643402983268,21967.930208949805,6476.471319403347,32382.356597016733,97147.06979105019,7941.0,39705.0,119115.0,0.7635576923076923,12.059987122287385,48.23994848914954,60.29993561143692,5.346612818333495,19254.708433150478,12884.662813413277,6370.045619737201,0.0,96273.54216575238,64423.314067066385,31850.228098686006,0.0,5341.905709667739,660.2458977718431,0.0,6002.151607439582,16025.717129003217,1980.7376933155294,0.0,32545.0,0.2190083103022429,-404.69147248627155
69,69,2025,5NB,5,NB,PM-Shoulder,1,OP,PM,3.0,70,10400.0,1,6,70,1800,1,6,0.2,0.0,7214.0,892.0,0.0,0.0,0.0,1.0,1.0,1.0,4.02,2.01,0.19413287316652286,0.19413287316652286,30,4.005,0.592,7214.0,892.0,0.0,0.0,0.0,8106.0,9890.0,1.0,1.2,0.7064285714285714,9890.0,0.0,1.0,0.0,6853.299999999999,847.4,0.0,0.0,0.0,7700.7,4.0199847970225875,16.07993918809035,20.099923985112937,0.194132866220153,0.1941328666780411,0.19413286816802391,-236.68498589166217,-946.7399435666487,-1183.4249294583108,57.487817836118204,33.61139970715288,-1.1411536456340992,5.3553259182388055,3.131098148709175,2.2242277695296306,0.7667473208744272,1330.4507720665745,5883.549227933426,164.50819122297204,727.4918087770279,0.0,0.0,1494.9589632895465,6611.041036710454,6611.041036710454,1823.9753457354905,1.013319636519717,1823.9753457354905,5471.926037206471,8066.024654264509,8066.024654264509,24198.073962793525,9890.0,9890.0,29669.999999999996,0.9509615384615384,12.059954391067762,48.23981756427105,60.29977195533881,5.347085628433061,23981.020763108165,16045.17563068378,7935.845132424387,0.0,23981.020763108165,16045.17563068378,7935.845132424387,0.0,1330.4507720665745,164.50819122297204,0.0,1494.9589632895465,3991.3523161997236,493.5245736689161,0.0,8106.0,0.7103666713375273,-108.44172126866437
70,70,2025,5NB,5,NB,PM-Peak,3,Peak,PM,3.0,70,10187.184079999999,1,6,70,1800,1,6,0.2,0.0,6911.0,854.0,0.0,0.0,0.0,1.0,1.0,1.0,4.02,2.01,0.1975794345715578,0.1975794345715578,30,4.005,0.592,6911.0,854.0,0.0,0.0,0.0,7765.0,9473.0,1.0,1.2,0.68708736642907,9473.0,0.0,1.0,0.0,6565.45,811.3,0.0,0.0,0.0,7376.75,4.019983922883678,16.07993569153471,20.09991961441839,0.19757942778757936,0.19757942815926513,0.19757942947316878,-204.9617003074422,-819.8468012297687,-1024.808501537211,59.035032206540286,36.28555815484569,-1.7435507061019266,4.960651266045421,3.0490370424505064,1.9116142235949143,0.654323605300051,1297.197854167963,5613.802145832037,160.2961900656118,693.7038099343882,0.0,0.0,1457.4940442335749,6307.505955766425,18922.517867299277,1778.0864243647984,0.9878257913137769,5334.259273094395,16002.777819283187,7694.9135756352025,23084.740726905606,69254.22218071681,9473.0,28419.0,85257.0,0.9298938671971069,12.059951768651032,48.23980707460413,60.29975884325517,5.346345652139562,23376.800839222436,15644.14355566325,7732.657283559188,0.0,70130.4025176673,46932.43066698975,23197.971850677564,0.0,3891.593562503889,480.8885701968354,0.0,4372.482132700725,11674.780687511668,1442.6657105905063,0.0,23295.0,0.6269567069800349,-126.17558103299226
71,71,2025,5NB,5,NB,PM-Late,3,OP,PM,3.0,70,9477.50944,1,6,70,1800,1,6,0.2,0.0,5436.0,672.0,0.0,0.0,0.0,1.0,1.0,1.0,4.02,2.01,0.2100127750042991,0.2100127750042991,30,4.005,0.592,5436.0,672.0,0.0,0.0,0.0,6108.0,7452.0,1.0,1.2,0.5698332724736309,7452.0,0.0,1.0,0.0,5164.2,638.4,0.0,0.0,0.0,5802.599999999999,4.019995787412866,16.079983149651465,20.099978937064332,0.2100127739331702,0.21001277386423356,0.21001277339983457,-445.3052336689897,-1781.2209346759587,-2226.5261683449485,65.90264952807148,53.12874164931102,-0.9435389987841274,3.387996673968548,2.731301416391891,0.6566952575766569,0.21902579759974763,1084.5479671456774,4351.452032854322,134.0721548349267,537.9278451650733,0.0,0.0,1218.6201219806042,4889.379878019396,14668.139634058187,1486.7644316504575,0.8259802398058097,4460.293294951372,13380.879884854117,5965.2355683495425,17895.70670504863,53687.12011514589,7452.0,22356.0,67068.0,0.7862825193872874,12.059987362238598,48.23994944895439,60.29993681119299,5.346831331790203,19547.26874926768,13079.634777518431,6467.63397174925,0.0,58641.80624780305,39238.90433255529,19402.90191524775,0.0,3253.643901437032,402.2164645047801,0.0,3655.8603659418122,9760.931704311097,1206.6493935143403,0.0,18324.0,0.24043309670456137,-367.2932680142226
72,72,2025,5SB,5,SB,Night,8,OP,NT,3.0,70,5600.0,1,6,70,1800,1,6,0.2,0.052631578947368425,1245.0,154.0,0.0,0.0,0.0,1.0,1.0,1.0,1.2059999999999997,1.2059999999999997,0.15789473684210525,0.15789473684210525,30,4.009,0.708,1245.0,154.0,0.0,0.0,0.0,1399.0,1707.0,1.0,1.2,0.18554347826086956,1707.0,0.0,1.0,0.0,1182.75,146.29999999999998,0.0,0.0,0.0,1329.05,1.2059311011571832,4.823724404628733,6.029655505785916,0.05263158378223789,0.05263161299624395,0.05263161429307915,51342.863233461736,205371.45293384694,256714.3161673087,69.9587469004334,69.9999992044183,0.0,2.571428600654022,2.572944885021731,-0.0015162843677090088,0.0020773496226291033,62.25000571844186,1182.7499942815582,7.700004981350489,146.2999950186495,0.0,0.0,69.95001069979236,1329.0499893002077,10632.399914401662,85.35002066249334,0.04741667814582963,682.8001652999467,2048.4004958998403,1621.6499793375067,12973.199834700054,38919.59950410016,1707.0,13656.0,40968.0,0.3048214285714286,3.6177933034715495,14.471173213886198,18.088966517357747,1.6041730196292565,336.6357596621541,225.20765382924463,111.42810583290948,0.0,2693.086077297233,1801.661230633957,891.4248466632758,0.0,498.0000457475349,61.60003985080391,0.0,559.6000855983389,1494.0001372426048,184.80011955241173,0.0,11192.0,-0.0005893186350535457,47719.19279149151
73,73,2025,5SB,5,SB,AM-Early,1,OP,AM,3.0,70,10400.0,1,6,70,1800,1,6,0.2,0.0,4349.0,537.0,0.0,0.0,0.0,1.0,1.0,1.0,4.02,2.01,0.19413287316652286,0.19413287316652286,30,3.82,0.715,4349.0,537.0,0.0,0.0,0.0,4886.0,5960.0,1.0,1.2,0.4257142857142857,5960.0,0.0,1.0,0.0,4131.55,510.15,0.0,0.0,0.0,4641.7,2.009970444630681,8.039881778522725,10.049852223153406,0.1941328673277902,0.19413287213746225,0.19413284131834174,-405.9743292256031,-1623.8973169024125,-2029.8716461280155,69.27781046629396,66.54918760177596,-0.6876922273038745,2.704766301237259,2.598234539868667,0.1065317613685921,0.03672417676293108,802.0696480081316,3546.9303519918685,99.03688472092637,437.96311527907363,0.0,0.0,901.106532729058,3984.893467270942,3984.893467270942,1099.1803021709106,0.6106557234282837,1099.1803021709106,3297.540906512732,4860.819697829089,4860.819697829089,14582.459093487267,5960.0,5960.0,17880.0,0.573076923076923,6.029911333892043,24.119645335568173,30.149556669460218,2.6726930106778557,7225.143395703328,4836.408861095034,2388.7345346082943,0.0,7225.143395703328,4836.408861095034,2388.7345346082943,0.0,802.0696480081316,99.03688472092637,0.0,901.106532729058,2406.208944024395,297.1106541627791,0.0,4886.0,0.04100159540407656,-1132.0401083070412
74,74,2025,5SB,5,SB,AM-Peak,2,Peak,AM,3.0,70,9169.145104,1,6,70,1800,1,6,0.2,0.0,6300.0,779.0,0.0,0.0,0.0,1.0,1.0,1.0,4.02,2.01,0.21591664894358198,0.21591664894358198,30,3.82,0.715,6300.0,779.0,0.0,0.0,0.0,7079.0,8637.0,1.0,1.2,0.6763961040190871,8637.0,0.0,1.0,0.0,5985.0,740.05,0.0,0.0,0.0,6725.049999999999,4.019983643886099,16.079934575544396,20.099918219430496,0.21591664225327303,0.21591664247300027,0.2159166437282361,-202.99044905954432,-811.9617962381773,-1014.9522452977217,59.51357928794611,36.66692752637817,-1.7661812884026036,4.90905598432015,3.0245198180586867,1.8845361662614635,0.6207350078832587,1292.261103885839,5007.7388961141605,159.78911126214385,619.2108887378562,0.0,0.0,1452.050215147983,5626.949784852017,11253.899569704034,1771.6284376722706,0.9842380209290392,3543.256875344541,10629.770626033624,6865.371562327729,13730.743124655459,41192.22937396637,8637.0,17274.0,51822.0,0.9419634984544139,12.059950931658296,48.239803726633184,60.29975465829149,5.3471063708631075,23292.800868692775,15584.605503753803,7708.195364938972,0.0,46585.60173738555,31169.211007507605,15416.390729877943,0.0,2584.522207771678,319.5782225242877,0.0,2904.100430295966,7753.566623315034,958.7346675728631,0.0,14158.0,0.6230860697322422,-127.98853264336961
75,75,2025,5SB,5,SB,AM-Shoulder,1,OP,AM,3.0,70,7010.358671999999,1,6,70,1800,1,6,0.2,0.0,5094.0,630.0,0.0,0.0,0.0,1.0,1.0,1.0,4.02,2.01,0.26882231936352424,0.26882231936352424,30,3.82,0.715,5094.0,630.0,0.0,0.0,0.0,5724.0,6984.0,1.0,1.2,0.6582246855075967,6984.0,0.0,1.0,0.0,4839.3,598.5,0.0,0.0,0.0,5437.8,4.0199837579920725,16.07993503196829,20.099918789960363,0.26882231246658655,0.2688223124993267,0.2688223137730495,-235.31242044962286,-941.2496817984915,-1176.5621022481143,60.00119997106427,35.96185246435535,-1.1954878941873153,5.0053038891256305,2.9999400026467047,2.005363886478926,0.5870606607688432,1300.9118167195525,3793.0881832804475,160.89015403084704,469.10984596915296,0.0,0.0,1461.8019707503995,4262.198029249601,4262.198029249601,1783.5822788120936,0.9908790437844964,1783.5822788120936,5350.746836436281,5200.417721187907,5200.417721187907,15601.25316356372,6984.0,6984.0,20952.0,0.9962400394568571,12.059951273976218,48.23980509590487,60.29975636988109,5.347336885774831,23450.242793675858,15688.933121377682,7761.3096722981745,0.0,23450.242793675858,15688.933121377682,7761.3096722981745,0.0,1300.9118167195525,160.89015403084704,0.0,1461.8019707503995,3902.7354501586574,482.67046209254113,0.0,5724.0,0.6684679975965148,-120.2769368221886
76,76,2025,5SB,5,SB,MD,5,OP,MD,3.0,70,10400.0,1,6,70,1800,1,6,0.2,0.0,5876.0,726.0,0.0,0.0,0.0,1.0,1.0,1.0,4.02,2.01,0.19413287316652286,0.19413287316652286,30,3.823,0.708,5876.0,726.0,0.0,0.0,0.0,6602.0,8054.0,1.0,1.2,0.5752857142857143,8054.0,0.0,1.0,0.0,5582.2,689.6999999999999,0.0,0.0,0.0,6271.9,4.019995813197088,16.079983252788352,20.09997906598544,0.19413287205822632,0.19413287207115046,0.19413287163349113,-454.11561607160957,-1816.4624642864383,-2270.578080358048,65.82153086581913,53.200788439197886,-0.9293076658644485,3.383408503535965,2.734667480872483,0.648741022663482,0.22363730593815925,1083.6885184034309,4792.311481596569,133.89344186747246,592.1065581325275,0.0,0.0,1217.5819602709034,5384.418039729097,26922.090198645485,1485.3688440058481,0.8252049133365823,7426.844220029241,22280.532660087723,6568.631155994151,32843.15577997076,98529.46733991228,8054.0,40270.0,120810.0,0.7744230769230769,12.059987439591264,48.23994975836506,60.299937197956325,5.346192553830539,19528.28282903609,13069.269920374643,6459.012908661444,0.0,97641.41414518045,65346.34960187322,32295.06454330722,0.0,5418.442592017154,669.4672093373623,0.0,6087.909801354516,16255.327776051463,2008.4016280120868,0.0,33010.0,0.23722848470648583,-371.79666518012317
77,77,2025,5SB,5,SB,PM-Shoulder,1,OP,PM,3.0,70,10400.0,1,6,70,1800,1,6,0.2,0.0,6760.0,835.0,0.0,0.0,0.0,1.0,1.0,1.0,4.02,2.01,0.19413287316652286,0.19413287316652286,30,4.005,0.592,6760.0,835.0,0.0,0.0,0.0,7595.0,9265.0,1.0,1.2,0.6617857142857143,9265.0,0.0,1.0,0.0,6422.0,793.25,0.0,0.0,0.0,7215.25,4.019982816628202,16.07993126651281,20.09991408314101,0.19413286676988778,0.19413286689720402,0.194132867963289,-299.41785171521065,-1197.6714068608426,-1497.089258576053,61.02274132318675,40.42111339439888,-1.0690382863633479,4.4531183058639465,2.9497199912191685,1.503398314644778,0.5182592451131179,1246.7212703962193,5513.27872960378,153.9958966662071,681.004103333793,0.0,0.0,1400.7171670624264,6194.282832937573,6194.282832937573,1708.7089603948407,0.9492827557749115,1708.7089603948407,5126.126881184522,7556.291039605159,7556.291039605159,22668.873118815478,9265.0,9265.0,27795.0,0.8908653846153847,12.059948449884606,48.239793799538425,60.299742249423026,5.345862600898344,22464.12455350591,15035.394252353053,7428.7303011528575,0.0,22464.12455350591,15035.394252353053,7428.7303011528575,0.0,1246.7212703962193,153.9958966662071,0.0,1400.7171670624264,3740.1638111886577,461.9876899986213,0.0,7595.0,0.5096749247793512,-160.43583835909945
78,78,2025,5SB,5,SB,PM-Peak,3,Peak,PM,3.0,70,10400.0,1,6,70,1800,1,6,0.2,0.0,6507.0,804.0,0.0,0.0,0.0,1.0,1.0,1.0,4.02,2.01,0.19413287316652286,0.19413287316652286,30,4.005,0.592,6507.0,804.0,0.0,0.0,0.0,7311.0,8919.0,1.0,1.2,0.6370714285714286,8919.0,0.0,1.0,0.0,6181.65,763.8,0.0,0.0,0.0,6945.45,4.019982091218539,16.079928364874156,20.099910456092694,0.1941328666974663,0.19413286687602954,0.1941328678451125,-257.1306164421264,-1028.5224657685055,-1285.6530822106317,62.66346682059044,44.237478923211114,-1.6079925225470926,4.068947968586772,2.872487098668697,1.1964608699180754,0.4124501823189722,1200.0614354203924,5306.938564579607,148.27868371991136,655.7213162800887,0.0,0.0,1348.3401191403038,5962.659880859696,17887.97964257909,1644.8974865801265,0.9138319369889591,4934.6924597403795,14804.077379221138,7274.1025134198735,21822.307540259622,65466.92262077887,8919.0,26757.0,80271.0,0.8575961538461538,12.059946273655617,48.23978509462247,60.29973136827808,5.346229774429712,21625.60827301799,14472.676436255973,7152.931836762019,0.0,64876.824819053974,43418.02930876792,21458.795510286058,0.0,3600.184306261177,444.8360511597341,0.0,4045.020357420911,10800.552918783531,1334.5081534792023,0.0,21933.0,0.41652436680136723,-201.59365971544713
79,79,2025,5SB,5,SB,PM-Late,3,OP,PM,3.0,70,10294.36232,1,6,70,1800,1,6,0.2,0.0,4725.0,584.0,0.0,0.0,0.0,1.0,1.0,1.0,4.02,2.01,0.19582851827706604,0.19582851827706604,30,4.005,0.592,4725.0,584.0,0.0,0.0,0.0,5309.0,6477.0,1.0,1.2,0.4661602922702537,6477.0,0.0,1.0,0.0,4488.75,554.8,0.0,0.0,0.0,5043.55,2.0099723497952073,8.03988939918083,10.049861748976037,0.1958285125851077,0.19582851717195598,0.19582848498320518,-350.8671649258269,-1403.4686597033076,-1754.3358246291345,68.75947102581199,64.2206347147833,-0.755015111674838,2.802837449355897,2.6178211861523604,0.1850162632035368,0.06355788217159086,879.0252358664021,3845.974764133598,108.64566132700116,475.35433867299884,0.0,0.0,987.6708971934033,4321.329102806597,12963.98730841979,1204.9622198474055,0.6694234554707809,3614.886659542217,10844.65997862665,5272.037780152595,15816.113340457785,47448.340021373355,6477.0,19431.0,58293.00000000001,0.6291793312361285,6.029917049385622,24.119668197542488,30.149585246928112,2.673274596969931,7920.946558900878,5300.449256591036,2620.497302309842,0.0,23762.839676702635,15901.347769773107,7861.491906929526,0.0,2637.0757075992065,325.9369839810035,0.0,2963.01269158021,7911.22712279762,977.8109519430104,0.0,15927.0,0.07067566882804219,-651.825622783452
80,80,2025,6NB,6,NB,Night,8,OP,NT,4.4,70,7000.0,1,6,70,1800,1,6,0.2,0.052631578947368425,1035.0,128.0,0.0,0.0,0.0,1.0,1.0,1.0,1.2059999999999997,1.2059999999999997,0.15789473684210525,0.15789473684210525,30,4.009,0.708,1035.0,128.0,0.0,0.0,0.0,1163.0,1419.0,1.0,1.2,0.13386792452830187,1419.0,0.0,1.0,0.0,983.25,121.6,0.0,0.0,0.0,1104.85,1.2059734176843442,4.823893670737377,6.029867088421721,0.052631607142302125,0.05263161198546822,0.052631595720752114,593570.2703392769,2374281.0813571075,2967851.3516963846,69.99642954490733,69.99999973747005,0.0,3.7714285855730423,3.77162094861748,-0.0001923630444378155,0.00026355674880533964,51.75002772266856,983.2499722773314,6.400004017432936,121.59999598256707,0.0,0.0,58.1500317401015,1104.8499682598986,8838.799746079188,70.95003977496737,0.03941668876387076,567.6003181997389,2497.4414000788515,1348.0499602250325,10784.39968180026,47451.35859992115,1418.9999999999998,11351.999999999998,49948.8,0.20271428571428568,5.306283037811115,21.22513215124446,26.531415189055576,1.6041624377313173,410.4412253495607,274.60029431105113,135.84093103850952,0.0,3283.5298027964855,2196.802354488409,1086.7274483080762,0.0,414.0002217813485,51.20003213946349,0.0,465.200253920812,1821.6009758379334,225.28014141363937,0.0,9304.0,-5.100275108725542e-05,376155.4370930727
81,81,2025,6NB,6,NB,AM-Early,1,OP,AM,4.4,70,7000.0,1,6,70,1800,1,6,0.2,0.0,2469.0,305.0,0.0,0.0,0.0,1.0,1.0,1.0,4.02,2.01,0.26913875598086123,0.26913875598086123,30,3.82,0.715,2469.0,305.0,0.0,0.0,0.0,2774.0,3384.0,1.0,1.2,0.3192452830188679,3384.0,0.0,1.0,0.0,2345.5499999999997,289.75,0.0,0.0,0.0,2635.2999999999997,2.0099760291793545,8.039904116717418,10.049880145896772,0.2691387486192571,0.2691387550935922,0.26913872655488447,-513.7373952264304,-2054.9495809057216,-2568.6869761321523,69.84839897844893,69.14705737189375,-0.850834197023265,3.8179498887440473,3.779614191034711,0.03833569770933609,0.01121429886041177,631.2783918238983,1837.7216081761017,77.98295428836833,227.01704571163168,0.0,0.0,709.2613461122667,2064.7386538877336,2064.7386538877336,865.2272546890033,0.4806818081605574,865.2272546890033,3806.9999206316147,2518.7727453109965,2518.7727453109965,11082.600079368385,3384.0,3384.0,14889.6,0.48342857142857143,8.84389452838916,35.37557811355664,44.2194726419458,2.6729638107497853,8341.651606295774,5582.959515341683,2758.692090954091,0.0,8341.651606295774,5582.959515341683,2758.692090954091,0.0,631.2783918238983,77.98295428836833,0.0,709.2613461122667,2777.6249240251527,343.1249988688207,0.0,2774.0,0.010142754199692872,-3145.855402584502
82,82,2025,6NB,6,NB,AM-Peak,2,Peak,AM,4.4,70,8877.77547,1,6,70,1800,1,6,0.2,0.0,4331.0,535.0,0.0,0.0,0.0,1.0,1.0,1.0,4.02,2.01,0.22180847118258226,0.22180847118258226,30,3.82,0.715,4331.0,535.0,0.0,0.0,0.0,4866.0,5936.0,1.0,1.2,0.4757258226253369,5936.0,0.0,1.0,0.0,4114.45,508.25,0.0,0.0,0.0,4622.7,2.009978306901927,8.039913227607707,10.049891534509634,0.2218084604971777,0.22180845952772674,0.22180843212288992,-217.86067515826932,-871.4427006330773,-1089.3033757913465,68.51970936155058,62.91568994596272,-1.8387484597627186,4.196091630350797,3.852906009962471,0.34318562038832656,0.11162409079144227,912.6198202926128,3418.3801797073875,112.73414955496712,422.26585044503287,0.0,0.0,1025.35396984758,3840.6460301524203,7681.292060304841,1250.822268957514,0.6949012605319522,2501.644537915028,11007.235966826125,4685.177731042486,9370.355462084972,41229.564033173876,5936.0,11872.0,52236.8,0.6686359685553074,8.843904550368478,35.37561820147391,44.21952275184239,2.6729489542566296,12059.162814366679,8071.1225814423005,3988.040232924377,0.0,24118.325628733357,16142.245162884601,7976.080465848754,0.0,1825.2396405852255,225.46829910993424,0.0,2050.70793969516,8031.054418574993,992.0605160837107,0.0,9732.0,0.08907189002299834,-351.4095324788199
83,83,2025,6NB,6,NB,AM-Shoulder,1,OP,AM,4.4,70,8368.2578,1,6,70,1800,1,6,0.2,0.0,4457.0,551.0,0.0,0.0,0.0,1.0,1.0,1.0,4.02,2.01,0.23292299420571136,0.23292299420571136,30,3.82,0.715,4457.0,551.0,0.0,0.0,0.0,5008.0,6110.0,1.0,1.2,0.510517077932596,6110.0,0.0,1.0,0.0,4234.15,523.4499999999999,0.0,0.0,0.0,4757.599999999999,2.009979816313367,8.039919265253468,10.049899081566835,0.23292298767098787,0.2329229876769491,0.23292298785513454,-271.66394790753355,-1086.6557916301342,-1358.3197395376678,67.71227960627682,59.343779934041684,-1.28504627234299,4.448654944013101,3.898849684799677,0.5498052592134237,0.17456692531841506,986.2308682471132,3470.769131752887,121.923537899499,429.076462100501,0.0,0.0,1108.1544061466122,3899.845593853388,3899.845593853388,1352.00148194561,0.7511119344142279,1352.00148194561,5948.8065205606845,4757.99851805439,4757.99851805439,20935.193479439316,6110.0,6110.0,26884.0,0.7301400298638028,8.843911191778815,35.37564476711526,44.21955595889408,2.6734176430788765,13035.261978850975,8722.138213368384,4313.123765482591,0.0,13035.261978850975,8722.138213368384,4313.123765482591,0.0,986.2308682471132,121.923537899499,0.0,1108.1544061466122,4339.415820287299,536.4635667577957,0.0,5008.0,0.1410173009123517,-219.34819094189115
84,84,2025,6NB,6,NB,MD,5,OP,MD,4.4,70,10834.112369999999,1,6,70,1800,1,6,0.2,0.0,5838.0,722.0,0.0,0.0,0.0,1.0,1.0,1.0,4.02,2.01,0.18746240204855633,0.18746240204855633,30,3.823,0.708,5838.0,722.0,0.0,0.0,0.0,6560.0,8004.0,1.0,1.2,0.5545197234736506,8004.0,0.0,1.0,0.0,5546.099999999999,685.9,0.0,0.0,0.0,6232.0,2.0099854036723226,8.03994161468929,10.049927018361613,0.1874623956874957,0.18746239590052008,0.1874623958966766,-253.0576219446494,-1012.2304877785976,-1265.2881097232469,66.65890720921516,56.15168709533977,-1.3002484329613988,4.7015506328733325,3.9604609654252436,0.7410896674480889,0.2589743797754411,1039.6851927224197,4798.31480727758,128.58045734816673,593.4195426518332,0.0,0.0,1168.2656500705864,5391.734349929414,26958.67174964707,1425.42656476692,0.7919036470927333,7127.1328238346,31359.38442487224,6578.57343523308,32892.8671761654,144728.61557512777,8004.0,40020.0,176088.0,0.7387776429348591,8.84393577615822,35.37574310463288,44.2196788807911,2.673648267812114,13743.538299284714,9194.909071859762,4548.629227424952,0.0,68717.69149642356,45974.545359298805,22743.146137124757,0.0,5198.425963612099,642.9022867408337,0.0,5841.328250352933,22873.074239893238,2828.7700616596685,0.0,32800.0,0.18712207339443288,-162.73216254062393
85,85,2025,6NB,6,NB,PM-Shoulder,1,OP,PM,4.4,70,10992.639099999999,1,6,70,1800,1,6,0.2,0.0,7168.0,886.0,0.0,0.0,0.0,1.0,1.0,1.0,4.02,2.01,0.18513936288811425,0.18513936288811425,30,4.005,0.592,7168.0,886.0,0.0,0.0,0.0,8054.0,9826.0,1.0,1.2,0.6733531839350431,9826.0,0.0,1.0,0.0,6809.599999999999,841.6999999999999,0.0,0.0,0.0,7651.299999999999,4.019988972122207,16.07995588848883,20.099944860611036,0.18513935634354703,0.1851393567517696,0.18513935769035308,-291.06805563692853,-1164.2722225477141,-1455.3402781846426,60.35509703352344,39.251818314842964,-1.5732124776982415,6.725803066814083,4.374112758916859,2.3516903078972238,0.8256773368589551,1260.7249609570179,5907.275039042982,155.83179657796447,730.1682034220355,0.0,0.0,1416.5567575349824,6637.443242465018,6637.443242465018,1728.2203506909113,0.9601224170505063,1728.2203506909113,7604.1695430400105,8097.779649309088,8097.779649309088,35630.23045695999,9826.0,9826.0,43234.399999999994,0.8938708812881887,17.687951477337712,70.75180590935085,88.43975738668857,5.34667517883554,33325.022961665796,22299.641935676213,11025.381025989585,0.0,33325.022961665796,22299.641935676213,11025.381025989585,0.0,1260.7249609570179,155.83179657796447,0.0,1416.5567575349824,5547.189828210879,685.6599049430437,0.0,8054.0,0.5376382451739908,-102.56424390463305
86,86,2025,6NB,6,NB,PM-Peak,3,Peak,PM,4.4,70,9137.70805,1,6,70,1800,1,6,0.2,0.0,7016.0,867.0,0.0,0.0,0.0,1.0,1.0,1.0,4.02,2.01,0.2165372344740523,0.2165372344740523,30,4.005,0.592,7016.0,867.0,0.0,0.0,0.0,7883.0,9617.0,1.0,1.2,0.7550023883613819,9617.0,0.0,1.0,0.0,6665.2,823.65,0.0,0.0,0.0,7488.849999999999,4.019991515517708,16.07996606207083,20.09995757758854,0.2165372278592533,0.21653723008196557,0.21653722684771207,-138.9694497738874,-555.8777990955496,-694.8472488694371,52.189670719076766,25.338971391748277,-2.8942428651590997,10.418733890909735,5.0584722295153455,5.360261661394389,1.7632498115788808,1443.2639311274952,5572.736068872505,178.35088955701093,688.649110442989,0.0,0.0,1621.6148206845062,6261.385179315494,18784.15553794648,1978.316599798528,1.0990647776658489,5934.949799395584,26113.77911734057,7638.683400201472,22916.050200604415,100830.62088265944,9617.0,28851.0,126944.40000000001,1.0524520971098437,17.687962668277915,70.75185067311166,88.43981334138958,5.346389844502349,38147.05403960943,25528.398534255164,12618.655505354267,0.0,114441.16211882829,76585.1956027655,37855.9665160628,0.0,4329.791793382486,535.0526686710327,0.0,4864.844462053518,19051.08389088294,2354.231742152544,0.0,23649.0,1.059660193470699,-44.99770835222961
87,87,2025,6NB,6,NB,PM-Late,3,OP,PM,4.4,70,8770.54769,1,6,70,1800,1,6,0.2,0.0,5457.0,674.0,0.0,0.0,0.0,1.0,1.0,1.0,4.02,2.01,0.22405849934078287,0.22405849934078287,30,4.005,0.592,5457.0,674.0,0.0,0.0,0.0,6131.0,7479.0,1.0,1.2,0.6045811541590687,7479.0,0.0,1.0,0.0,5184.15,640.3,0.0,0.0,0.0,5824.45,4.019985696828807,16.07994278731523,20.099928484144037,0.22405849449662799,0.22405849319871116,0.22405849382333953,-362.54678703306894,-1450.1871481322758,-1812.7339351653445,64.13432491767465,47.34336527924411,-1.500822860698494,5.576282937278663,4.116360472163398,1.4599224651152642,0.4725567040067126,1161.552844244694,4295.447155755306,143.46465319513473,530.5353468048653,0.0,0.0,1305.0174974398287,4825.982502560171,14477.947507680514,1591.9468038300981,0.8844148910167212,4775.840411490294,21013.697810557296,5887.053196169902,17661.159588509705,77709.10218944271,7479.0,22437.0,98722.8,0.8527403606193721,17.687937066046754,70.75174826418701,88.43968533023377,5.345774481216056,30695.848635558817,20545.473607887754,10150.375027671065,0.0,92087.54590667645,61636.42082366326,30451.125083013198,0.0,3484.6585327340817,430.3939595854042,0.0,3915.052492319486,15332.49754402996,1893.7334221757787,0.0,18393.0,0.35466341565270787,-165.21366550153417
88,88,2025,6SB,6,SB,Night,8,OP,NT,4.4,70,7000.0,1,6,70,1800,1,6,0.2,0.052631578947368425,1235.0,153.0,0.0,0.0,0.0,1.0,1.0,1.0,1.2059999999999997,1.2059999999999997,0.15789473684210525,0.15789473684210525,30,4.009,0.708,1235.0,153.0,0.0,0.0,0.0,1388.0,1694.0,1.0,1.2,0.159811320754717,1694.0,0.0,1.0,0.0,1173.25,145.35,0.0,0.0,0.0,1318.6,1.2059947910211444,4.8239791640845775,6.029973955105722,0.05263161366218118,0.05263161091643748,0.05263160846462936,205066.05939286243,820264.2375714497,1025330.2969643122,69.98966601896427,69.99999924008478,0.0,3.771428612370943,3.7719854232261523,-0.0005568108552091999,0.000762886962686082,61.750040729154065,1173.249959270846,7.650004646704187,145.3499953532958,0.0,0.0,69.40004537585826,1318.5999546241417,10548.799636993133,84.70005466926662,0.047055585927370344,677.600437354133,2981.441924358185,1609.2999453307334,12874.399562645867,56647.35807564182,1694.0,13552.0,59628.80000000001,0.242,5.306377080493036,21.225508321972143,26.53188540246518,1.6048071709805733,490.0442381364399,327.6690008446946,162.3752372917453,0.0,3920.353905091519,2621.352006757557,1299.0018983339623,0.0,494.0003258332325,61.2000371736335,0.0,555.200363006866,2173.6014336662233,269.2801635639874,0.0,11104.0,-0.00014761744618115824,129953.80169821283
89,89,2025,6SB,6,SB,AM-Early,1,OP,AM,4.4,70,12262.71391,1,6,70,1800,1,6,0.2,0.0,4527.0,559.0,0.0,0.0,0.0,1.0,1.0,1.0,4.02,2.01,0.1684184907542913,0.1684184907542913,30,3.82,0.715,4527.0,559.0,0.0,0.0,0.0,5086.0,6204.0,1.0,1.2,0.3911058369456529,6204.0,0.0,1.0,0.0,4300.65,531.05,0.0,0.0,0.0,4831.7,2.009979060590929,8.039916242363716,10.049895302954646,0.16841848540005272,0.16841848474763,0.16841848475693322,-477.87829658129453,-1911.5131863251781,-2389.391482906473,69.59003996108655,68.08517780181442,-0.8904259112068525,3.877495932645777,3.793646334268868,0.0838495983769092,0.030438335091206192,724.3089592357367,3802.6910407642636,89.4386363252289,469.5613636747711,0.0,0.0,813.7475955609656,4272.252404439035,4272.252404439035,992.6248682114233,0.5514582601174574,992.6248682114233,4367.549420130263,5211.375131788576,5211.375131788576,22930.050579869738,6204.0,6204.0,27297.6,0.5059238962543814,8.84390786660009,35.37563146640036,44.21953933300045,2.6727267745092402,9569.66993993256,6405.721702433855,3163.9482374987056,0.0,9569.66993993256,6405.721702433855,3163.9482374987056,0.0,724.3089592357367,89.4386363252289,0.0,813.7475955609656,3186.9594206372417,393.52999983100716,0.0,5086.0,0.022102639779432456,-1438.274553127337
90,90,2025,6SB,6,SB,AM-Peak,2,Peak,AM,4.4,70,12541.352509999999,1,6,70,1800,1,6,0.2,0.0,6683.0,826.0,0.0,0.0,0.0,1.0,1.0,1.0,4.02,2.01,0.16514628247092566,0.16514628247092566,30,3.82,0.715,6683.0,826.0,0.0,0.0,0.0,7509.0,9161.0,1.0,1.2,0.5675484749078192,9161.0,0.0,1.0,0.0,6348.849999999999,784.6999999999999,0.0,0.0,0.0,7133.549999999999,2.0099855010353984,8.039942004141594,10.049927505176992,0.16514627559132974,0.16514627647911,0.16514627650879923,-180.52492335444015,-722.0996934177606,-902.6246167722009,66.37819441828489,55.59238978343116,-2.008774166560615,4.7488514350337026,3.9772097194508373,0.7716417155828652,0.28192017279050485,1048.4889317880138,5634.511068211987,129.5902831531576,696.4097168468425,0.0,0.0,1178.0792149411714,6330.920785058829,12661.841570117658,1437.2597812474867,0.7984776562486037,2874.5195624949733,12647.886074977883,7723.740218752514,15447.480437505028,67968.91392502213,9161.0,18322.0,80616.80000000002,0.730463480130661,8.843936204555753,35.37574481822301,44.21968102277877,2.673288749856215,13857.12201166337,9272.769223916002,4584.352787747368,0.0,27714.24402332674,18545.538447832005,9168.705575494736,0.0,2096.9778635760276,259.1805663063152,0.0,2356.1584298823427,9226.702599734523,1140.394491747787,0.0,15018.0,0.19401584779628153,-156.28902329499962
91,91,2025,6SB,6,SB,AM-Shoulder,1,OP,AM,4.4,70,8416.88774,1,6,70,1800,1,6,0.2,0.0,5148.0,636.0,0.0,0.0,0.0,1.0,1.0,1.0,4.02,2.01,0.23181433650866157,0.23181433650866157,30,3.82,0.715,5148.0,636.0,0.0,0.0,0.0,5784.0,7056.0,1.0,1.2,0.587173663652782,7056.0,0.0,1.0,0.0,4890.599999999999,604.1999999999999,0.0,0.0,0.0,5494.8,4.0199882129736695,16.079952851894678,20.099941064868347,0.23181432994416928,0.23181432996909113,0.23181433234012724,-385.6735230177977,-1542.6940920711909,-1928.3676150889885,64.9332460425379,49.50830891782501,-1.4754335126095162,5.332438246642458,4.065713884487664,1.2667243621547941,0.4031708788909568,1133.711162024954,4014.2888379750457,140.06221816732483,495.93778183267517,0.0,0.0,1273.7733801922789,4510.22661980772,4510.22661980772,1553.8978165269286,0.8632765647371826,1553.8978165269286,6837.150392718487,5502.102183473071,5502.102183473071,24209.249607281516,7056.0,7056.0,31046.4,0.8383146143755031,17.68794813708415,70.7517925483366,88.43974068542073,5.346083909911375,29962.677239965218,20053.02423633079,9909.653003634427,0.0,29962.677239965218,20053.02423633079,9909.653003634427,0.0,1133.711162024954,140.06221816732483,0.0,1273.7733801922789,4988.329112909799,616.2737599362293,0.0,5784.0,0.31156259346922016,-190.41182121746036
92,92,2025,6SB,6,SB,MD,5,OP,MD,4.4,70,11655.028279999999,1,6,70,1800,1,6,0.2,0.0,5681.0,702.0,0.0,0.0,0.0,1.0,1.0,1.0,4.02,2.01,0.17602497767708739,0.17602497767708739,30,3.823,0.708,5681.0,702.0,0.0,0.0,0.0,6383.0,7787.0,1.0,1.2,0.5104546420414765,7787.0,0.0,1.0,0.0,5396.95,666.9,0.0,0.0,0.0,6063.849999999999,2.0099839924667875,8.03993596986715,10.049919962333938,0.17602497144886664,0.17602497161702674,0.17602497161008615,-310.7823535172045,-1243.129414068818,-1553.9117675860225,67.98297493767984,61.22402773042896,-1.1758974121589263,4.312032543209981,3.8833252037294548,0.42870733948052653,0.15329838625221043,949.9979696609607,4731.002030339039,117.39105357139513,584.6089464286049,0.0,0.0,1067.3890232323558,5315.610976767644,26578.054883838224,1302.1711303751463,0.7234284057639702,6510.855651875731,28647.76486825322,6484.828869624854,32424.144348124268,142666.2351317468,7787.0,38935.0,171314.00000000003,0.6681236469723951,8.843929566853866,35.375718267415465,44.21964783426933,2.6731559009321177,12554.507970592462,8401.715132335712,4152.792838256751,0.0,62772.539852962305,42008.57566167856,20763.964191283754,0.0,4749.989848304804,586.9552678569756,0.0,5336.945116161779,20899.955332541136,2582.603178570693,0.0,31915.0,0.11039697089206076,-281.30854884392596
93,93,2025,6SB,6,SB,PM-Shoulder,1,OP,PM,4.4,70,13000.0,1,6,70,1800,1,6,0.2,0.0,6430.0,795.0,0.0,0.0,0.0,1.0,1.0,1.0,4.02,2.01,0.1600284495021337,0.1600284495021337,30,4.005,0.592,6430.0,795.0,0.0,0.0,0.0,7225.0,8815.0,1.0,1.2,0.5310240963855422,8815.0,0.0,1.0,0.0,6108.5,755.25,0.0,0.0,0.0,6863.75,2.009984453982734,8.039937815930935,10.049922269913669,0.16002844279763934,0.16002844355751272,0.16002844356886767,-298.1712324547426,-1192.6849298189704,-1490.8561622737132,67.55855893725465,59.81354396939152,-1.193415142286928,4.4137160662992505,3.9077210075660633,0.5059950587331872,0.1867206375083641,977.5337428293799,5452.46625717062,120.86148199681148,674.1385180031886,0.0,0.0,1098.3952248261915,6126.604775173809,6126.604775173809,1340.1181888198143,0.7445101048998969,1340.1181888198143,5896.5200308071835,7474.881811180187,7474.881811180187,32889.47996919282,8815.0,8815.0,38786.0,0.678076923076923,8.84393159752403,35.37572639009612,44.219657987620145,2.67348797550618,12920.804274075414,8645.241555854682,4275.562718220731,0.0,12920.804274075414,8645.241555854682,4275.562718220731,0.0,977.5337428293799,120.86148199681148,0.0,1098.3952248261915,4301.148468449272,531.7905207859706,0.0,7225.0,0.12948597347494564,-238.34040502469867
94,94,2025,6SB,6,SB,PM-Peak,3,Peak,PM,4.4,70,12744.2917,1,6,70,1800,1,6,0.2,0.0,6303.0,779.0,0.0,0.0,0.0,1.0,1.0,1.0,4.02,2.01,0.16284196587115884,0.16284196587115884,30,4.005,0.592,6303.0,779.0,0.0,0.0,0.0,7082.0,8640.0,1.0,1.2,0.5286249265852249,8640.0,0.0,1.0,0.0,5987.849999999999,740.05,0.0,0.0,0.0,6727.9,2.0099844056242757,8.039937622497103,10.04992202812138,0.16284195925292336,0.16284195990450784,0.16284195991405617,-206.89725895063256,-827.5890358025302,-1034.4862947531628,67.60538783543956,59.949799859834826,-1.8643637370838853,4.403684426257355,3.9050142074861083,0.4986702187712466,0.18301232139882603,975.073225712617,5327.926774287383,120.51119242733103,658.488807572669,0.0,0.0,1095.584418139948,5986.415581860052,17959.246745580156,1336.60680299461,0.7425593349970055,4009.82040898383,17643.209799528853,7303.393197005389,21910.179591016167,96404.79020047115,8640.0,25919.999999999996,114048.0,0.6779505839465366,8.843931384746814,35.375725538987254,44.21965692373407,2.673262232886639,12886.65157099147,8623.480703306128,4263.170867685341,0.0,38659.95471297441,25870.442109918382,12789.512603056024,0.0,2925.2196771378512,361.5335772819931,0.0,3286.7532544198443,12870.966579406546,1590.7477400407697,0.0,21246.0,0.1276999755379304,-241.84132077231297
95,95,2025,6SB,6,SB,PM-Late,3,OP,PM,4.4,70,9039.52535,1,6,70,1800,1,6,0.2,0.0,4554.0,563.0,0.0,0.0,0.0,1.0,1.0,1.0,4.02,2.01,0.21849859437171562,0.21849859437171562,30,4.005,0.592,4554.0,563.0,0.0,0.0,0.0,5117.0,6243.0,1.0,1.2,0.4939267755018981,6243.0,0.0,1.0,0.0,4326.3,534.85,0.0,0.0,0.0,4861.15,2.0099796000356163,8.039918400142465,10.049898000178082,0.2184985879793633,0.2184985879698943,0.21849858809407696,-300.5956224615554,-1202.3824898462217,-1502.9781123077769,68.16843229974869,61.44456851049822,-1.2155149708262891,4.296555519873068,3.8727603245904962,0.4237951952825716,0.13882450183183728,945.2904411751196,3608.7095588248803,116.86396977569797,446.13603022430203,0.0,0.0,1062.1544109508175,4054.8455890491823,12164.536767147547,1295.8823505022135,0.7199346391678964,3887.6470515066403,17105.64702662922,4947.117649497786,14841.352948493359,65301.95297337078,6243.0,18729.0,82407.6,0.6906336072169984,8.843910240156712,35.375640960626846,44.21955120078356,2.673426061698548,12494.201648649534,8360.063812630895,4134.137836018639,0.0,37482.6049459486,25080.191437892685,12402.413508055917,0.0,2835.8713235253585,350.5919093270939,0.0,3186.4632328524526,12477.833823511579,1542.6044010392134,0.0,15351.0,0.1094297502976468,-284.5685306123539
96,96,2025,7NB,7,NB,Night,8,OP,NT,5.6,70,4200.0,1,6,70,1800,1,6,0.2,0.052631578947368425,682.0,84.0,0.0,0.0,0.0,1.0,1.0,1.0,1.2059999999999997,1.2059999999999997,0.15789473684210525,0.15789473684210525,30,4.009,0.708,682.0,84.0,0.0,0.0,0.0,766.0,934.0,1.0,1.2,0.11974358974358974,934.0,0.0,1.0,0.0,647.9,79.8,0.0,0.0,0.0,727.6999999999999,1.2059256919660186,4.8237027678640745,6.029628459830093,0.05263159802350113,0.05263159790252481,0.052631596883813005,340535.7401452959,1362142.9605811837,1702678.7007264795,69.99377719018835,69.9999999786516,0.0,4.80000000146389,4.800426744894975,-0.0004267434310847307,0.0005846405061153556,34.10001235942638,647.8999876405736,4.20000151262148,79.79999848737852,0.0,0.0,38.300013872047856,727.6999861279521,5821.599889023617,46.70001689729082,0.025944453831828234,373.6001351783266,2092.1607569986286,887.2999831027091,7098.399864821673,39751.03924300137,934.0,7472.0,41843.2,0.22238095238095237,6.753183875009704,27.012735500038815,33.76591937504852,1.6026532033935939,343.7371835635168,230.28365360330983,113.45352996020696,0.0,2749.8974685081344,1842.2692288264786,907.6282396816557,0.0,272.80009887541104,33.60001210097184,0.0,306.40011097638285,1527.6805537023017,188.16006776544228,0.0,6128.0,-8.88969780735748e-05,169552.79506949175
97,97,2025,7NB,7,NB,AM-Early,1,OP,AM,5.6,70,4200.0,1,6,70,1800,1,6,0.2,0.0,1275.0,158.0,0.0,0.0,0.0,1.0,1.0,1.0,4.02,2.01,0.39473684210526316,0.39473684210526316,30,3.82,0.715,1275.0,158.0,0.0,0.0,0.0,1433.0,1749.0,1.0,1.2,0.22423076923076923,1749.0,0.0,1.0,0.0,1211.25,150.1,0.0,0.0,0.0,1361.35,2.009974847562131,8.039899390248523,10.049874237810654,0.39473683964087947,0.39473683805710824,0.3947368206434876,-74571.65060178777,-298286.6024071511,-372858.25300893886,69.9782486458686,69.8365540306329,0.0,4.811233954250062,4.80149198503608,0.00974196921398196,0.0020440194994294117,478.12499701501525,796.8750029849848,59.24999939237195,98.75000060762805,0.0,0.0,537.3749964073872,895.6250035926129,895.6250035926129,655.8749951921311,0.3643749973289617,655.8749951921311,3672.8999730759338,1093.125004807869,1093.125004807869,6121.500026924065,1749.0,1749.0,9794.4,0.4164285714285714,11.255859146347932,45.02343658539173,56.27929573173966,2.6748234688764105,8049.346211075994,5381.707620749037,2667.638590326957,0.0,8049.346211075994,5381.707620749037,2667.638590326957,0.0,478.12499701501525,59.24999939237195,0.0,537.3749964073872,2677.4999832840854,331.79999659728287,0.0,1433.0,0.0020289462617750797,-12379.272424782595
98,98,2025,7NB,7,NB,AM-Peak,2,Peak,AM,5.6,70,5228.334372,1,6,70,1800,1,6,0.2,0.0,2282.0,282.0,0.0,0.0,0.0,1.0,1.0,1.0,4.02,2.01,0.3369818405434822,0.3369818405434822,30,3.82,0.715,2282.0,282.0,0.0,0.0,0.0,2564.0,3128.0,1.0,1.2,0.3543137208215384,3128.0,0.0,1.0,0.0,2167.9,267.9,0.0,0.0,0.0,2435.7999999999997,2.0099798662197568,8.039919464879027,10.049899331098784,0.33698183301449675,0.3369818330001055,0.3369818331701801,-262.75314436749204,-1051.0125774699682,-1313.7657218374602,69.68442628103263,67.98462122945733,-2.0939744854452416,4.942294211891751,4.821737336904152,0.12055687498759848,0.02978015155868942,730.5429157921275,1551.4570842078724,90.27743306072826,191.72256693927176,0.0,0.0,820.8203488528558,1743.179651147144,3486.359302294288,1001.3752149743123,0.5563195638746179,2002.7504299486245,11215.402407712296,2126.6247850256877,4253.2495700513755,23818.197592287703,3128.0,6256.0,35033.6,0.5982784912823857,11.255887250830638,45.02354900332255,56.27943625415318,2.6731791512264964,12287.519123353119,8222.908692049248,4064.61043130387,0.0,24575.038246706237,16445.817384098496,8129.22086260774,0.0,1461.085831584255,180.5548661214565,0.0,1641.6406977057115,8182.080656871827,1011.1072502801564,0.0,5128.0,0.025002787701621943,-1000.3476946925775
99,99,2025,7NB,7,NB,AM-Shoulder,1,OP,AM,5.6,70,5513.923026,1,6,70,1800,1,6,0.2,0.0,2497.0,309.0,0.0,0.0,0.0,1.0,1.0,1.0,4.02,2.01,0.32382362300124906,0.32382362300124906,30,3.82,0.715,2497.0,309.0,0.0,0.0,0.0,2806.0,3424.0,1.0,1.2,0.37568893112571694,3424.0,0.0,1.0,0.0,2372.15,293.55,0.0,0.0,0.0,2665.7,2.009980102215157,8.039920408860628,10.049900511075784,0.3238236156213035,0.3238236156029615,0.32382361582958613,-379.693030068004,-1518.772120272016,-1898.4651503400198,69.56063830837013,67.29753905993925,-1.3909804488159634,4.99275314808671,4.830317952380975,0.16243519570573461,0.0415355947619358,768.1581897960751,1728.841810203925,95.05842236024935,213.94157763975065,0.0,0.0,863.2166121563245,1942.7833878436757,1942.7833878436757,1053.3334568768232,0.5851852538204574,1053.3334568768232,5898.66735851021,2370.666543123177,2370.666543123177,13275.732641489789,3424.0,3424.0,19174.399999999998,0.6209734854575751,11.255888572404878,45.02355428961951,56.27944286202438,2.6740041772898304,12926.171030147127,8646.302990324859,4279.868039822268,0.0,12926.171030147127,8646.302990324859,4279.868039822268,0.0,768.1581897960751,95.05842236024935,0.0,863.2166121563245,4301.68586285802,532.3271652173963,0.0,2806.0,0.0336282615983212,-742.4425821567918
100,100,2025,7NB,7,NB,MD,5,OP,MD,5.6,70,7800.0,1,6,70,1800,1,6,0.2,0.0,3606.0,446.0,0.0,0.0,0.0,1.0,1.0,1.0,4.02,2.01,0.24671052631578946,0.24671052631578946,30,3.823,0.708,3606.0,446.0,0.0,0.0,0.0,4052.0,4944.0,1.0,1.2,0.4336842105263158,4944.0,0.0,1.0,0.0,3425.7,423.7,0.0,0.0,0.0,3849.3999999999996,2.0099802982447015,8.039921192978806,10.049901491223508,0.24671051969601349,0.24671051967312915,0.24671051995922905,-355.92379233215615,-1423.6951693286246,-1779.6189616607812,69.0974693572873,65.34904010090854,-1.4198151939536154,5.14162104724364,4.862696175783522,0.27892487146011824,0.0858937608234247,845.1562273226333,2760.843772677367,104.53124718550482,341.4687528144952,0.0,0.0,949.6874745081382,3102.312525491862,15511.562627459309,1158.7499688791477,0.6437499827106375,5793.749844395738,32444.99912861613,3785.2500311208523,18926.250155604263,105987.00087138386,4944.0,24720.0,138432.0,0.6338461538461538,11.255889670170328,45.02355868068131,56.279448350851645,2.673690475645839,14219.353990422333,9512.985248800953,4706.36874162138,0.0,71096.76995211166,47564.92624400476,23531.8437081069,0.0,4225.781136613166,522.6562359275241,0.0,4748.43737254069,23664.37436503373,2926.874921194135,0.0,20260.0,0.05736012725803815,-432.3702553428469
101,101,2025,7NB,7,NB,PM-Shoulder,1,OP,PM,5.6,70,7800.0,1,6,70,1800,1,6,0.2,0.0,4776.0,590.0,0.0,0.0,0.0,1.0,1.0,1.0,4.02,2.01,0.24671052631578946,0.24671052631578946,30,4.005,0.592,4776.0,590.0,0.0,0.0,0.0,5366.0,6546.0,1.0,1.2,0.5742105263157895,6546.0,0.0,1.0,0.0,4537.2,560.5,0.0,0.0,0.0,5097.7,4.019989330411348,16.07995732164539,20.09994665205674,0.2467105196562163,0.2467105200297145,0.24671051969338528,-393.2113105476435,-1572.845242190574,-1966.0565527382178,65.39797129257899,50.59879221974918,-1.879876673202584,6.640474708185941,5.137774052604709,1.502700655581232,0.46275045206845233,1119.3749697841845,3656.6250302158155,138.28124647665499,451.718753523345,0.0,0.0,1257.6562162608395,4108.34378373916,4108.34378373916,1534.2187092141494,0.8523437273411941,1534.2187092141494,8591.624771599236,5011.781290785851,5011.781290785851,28065.975228400763,6546.0,6546.0,36657.6,0.8392307692307692,22.511940250303546,90.04776100121418,112.55970125151774,5.346001466903287,37651.21907114671,25199.302437466897,12451.916633679819,0.0,37651.21907114671,25199.302437466897,12451.916633679819,0.0,1119.3749697841845,138.28124647665499,0.0,1257.6562162608395,6268.499830791433,774.3749802692679,0.0,5366.0,0.29248087599714595,-160.51058401341217
102,102,2025,7NB,7,NB,PM-Peak,3,Peak,PM,5.6,70,7800.0,1,6,70,1800,1,6,0.2,0.0,5180.0,640.0,0.0,0.0,0.0,1.0,1.0,1.0,4.02,2.01,0.24671052631578946,0.24671052631578946,30,4.005,0.592,5180.0,640.0,0.0,0.0,0.0,5820.0,7100.0,1.0,1.2,0.6228070175438597,7100.0,0.0,1.0,0.0,4921.0,608.0,0.0,0.0,0.0,5529.0,4.019988260595046,16.079953042380183,20.09994130297523,0.24671052050164805,0.24671052177795044,0.2467105200130107,-235.31200570882953,-941.2480228353181,-1176.5600285441476,62.80436747533024,43.09589234851262,-3.1858970827776285,7.796566718767489,5.349946405112382,2.4466203136551075,0.7534265750039634,1214.06247138861,3965.93752861139,149.99999724099388,490.0000027590061,0.0,0.0,1364.062468629604,4455.937531370396,13367.812594111187,1664.0624631115916,0.9244791461731064,4992.187389334775,27956.249380274738,5435.937536888408,16307.812610665225,91323.75061972525,7100.0,21300.0,119279.99999999999,0.9102564102564102,22.511934259332254,90.04773703732901,112.55967129666126,5.346169960918234,40838.05484977993,27330.894542622835,13507.160307157093,0.0,122514.1645493398,81992.68362786851,40521.48092147128,0.0,3642.18741416583,449.99999172298163,0.0,4092.1874058888116,20396.249519328645,2519.999953648697,0.0,17460.0,0.4573167894386997,-98.58468610332314
103,103,2025,7NB,7,NB,PM-Late,3,OP,PM,5.6,70,6749.248734,1,6,70,1800,1,6,0.2,0.0,3588.0,443.0,0.0,0.0,0.0,1.0,1.0,1.0,4.02,2.01,0.27703265237943875,0.27703265237943875,30,4.005,0.592,3588.0,443.0,0.0,0.0,0.0,4031.0,4917.0,1.0,1.2,0.47510694992249664,4917.0,0.0,1.0,0.0,3408.6,420.84999999999997,0.0,0.0,0.0,3829.45,2.0099810516774035,8.039924206709614,10.049905258387017,0.2770326454454673,0.2770326454442684,0.2770326459652416,-283.83710495197187,-1135.3484198078875,-1419.1855247598592,68.36445001036431,61.50773941728703,-1.631896979299332,5.462727181704318,4.914835121895388,0.5478920598089303,0.15732411699668147,944.2934752654198,2643.70652473458,116.58918883522036,326.41081116477966,0.0,0.0,1060.88266410064,2970.1173358993597,8910.352007698079,1294.061041771081,0.7189228009839338,3882.1831253132427,21740.225501754157,3622.9389582289186,10868.816874686756,60865.37449824583,4917.0,14750.999999999998,82605.59999999999,0.728525528364384,11.255893889393459,45.023575557573835,56.27946944696729,2.6726614827538064,15878.12931075294,10628.867158034152,5249.262152718788,0.0,47634.38793225882,31886.601474102456,15747.786458156363,0.0,2832.8804257962593,349.7675665056611,0.0,3182.6479923019206,15864.130384459051,1958.698372431702,0.0,12093.0,0.11147720039846173,-220.11427422894462
104,104,2025,7SB,7,SB,Night,8,OP,NT,5.6,70,4200.0,1,6,70,1800,1,6,0.2,0.052631578947368425,901.0,111.0,0.0,0.0,0.0,1.0,1.0,1.0,1.2059999999999997,1.2059999999999997,0.15789473684210525,0.15789473684210525,30,4.009,0.708,901.0,111.0,0.0,0.0,0.0,1012.0,1234.0,1.0,1.2,0.1582051282051282,1234.0,0.0,1.0,0.0,855.9499999999999,105.44999999999999,0.0,0.0,0.0,961.4,1.205733823714885,4.82293529485954,6.028669118574425,0.052631668546127254,0.05263161995110285,0.05263168526676218,64015.33818849789,256061.35275399155,320076.6909424894,69.96691513442978,69.99999988645244,0.0,4.800000007786118,4.802269749272666,-0.002269741486547794,0.003109556503552404,45.05007669205762,855.9499233079424,5.550004323843795,105.4499956761562,0.0,0.0,50.60008101590142,961.3999189840986,7691.199351872789,61.70008966358901,0.034277827590882784,493.6007173087121,2764.1640169287875,1172.299910336411,9378.399282691287,52519.035983071204,1234.0,9872.0,55283.19999999999,0.2938095238095238,6.752109412803355,27.00843765121342,33.76054706401678,1.6024818802794212,454.0799926244554,304.1830468799553,149.89694574450002,0.0,3632.639940995643,2433.4643750396426,1199.1755659560001,0.0,360.400613536461,44.40003459075036,0.0,404.80064812721133,2018.2434358041814,248.640193708202,0.0,8096.0,-0.0004726393153761428,31873.246293315155
105,105,2025,7SB,7,SB,AM-Early,1,OP,AM,5.6,70,7800.0,1,6,70,1800,1,6,0.2,0.0,3329.0,412.0,0.0,0.0,0.0,1.0,1.0,1.0,4.02,2.01,0.24671052631578946,0.24671052631578946,30,3.82,0.715,3329.0,412.0,0.0,0.0,0.0,3741.0,4565.0,1.0,1.2,0.4004385964912281,4565.0,0.0,1.0,0.0,3162.5499999999997,391.4,0.0,0.0,0.0,3553.95,2.0099785661172915,8.039914264469166,10.049892830586458,0.2467105212791246,0.24671034395585187,0.24671048091545678,-401.26737054852987,-1605.0694821941195,-2006.3368527426494,69.4379553642335,67.0431374242856,-1.3109729495388307,5.011698630295423,4.838852155676646,0.172846474618777,0.05322745327700523,780.2343590712954,2548.7656409287047,96.56242862432042,315.43757137567957,0.0,0.0,876.7967876956159,2864.203212304384,2864.203212304384,1069.9216449442567,0.5944009138579204,1069.9216449442567,5991.561211687837,3495.0783550557435,3495.0783550557435,19572.438788312164,4565.0,4565.0,25564.0,0.5852564102564103,11.255879970256832,45.023519881027326,56.27939985128416,2.674060875327896,13129.804719304142,8782.22429437677,4347.580424927372,0.0,13129.804719304142,8782.22429437677,4347.580424927372,0.0,780.2343590712954,96.56242862432042,0.0,876.7967876956159,4369.312410799254,540.7496002961943,0.0,3741.0,0.03572055294477308,-697.7215718921951
106,106,2025,7SB,7,SB,AM-Peak,2,Peak,AM,5.6,70,7800.0,1,6,70,1800,1,6,0.2,0.0,4436.0,548.0,0.0,0.0,0.0,1.0,1.0,1.0,4.02,2.01,0.24671052631578946,0.24671052631578946,30,3.82,0.715,4436.0,548.0,0.0,0.0,0.0,4984.0,6080.0,1.0,1.2,0.5333333333333333,6080.0,0.0,1.0,0.0,4214.2,520.6,0.0,0.0,0.0,4734.8,2.009997681671182,8.039990726684728,10.04998840835591,0.24671052506040975,0.24671052506238775,0.24671052485054887,-169.04364891043787,-676.1745956417515,-845.2182445521893,66.97408123640238,56.17162546636846,-2.7282050588227156,5.981667740791527,5.016866133840655,0.9648016069508714,0.29710660336169753,1039.6874947095787,3396.3125052904215,128.43749934747908,419.56250065252095,0.0,0.0,1168.1249940570578,3815.8750059429426,7631.750011885885,1424.999992752016,0.7916666626400088,2849.999985504032,15959.999918822577,4655.000007247984,9310.000014495969,52136.00008117742,6080.0,12160.0,68096.0,0.7794871794871795,11.255987017358619,45.023948069434475,56.27993508679309,2.673006547780934,17485.472243350046,11702.708942561125,5782.763300788923,0.0,34970.94448670009,23405.41788512225,11565.526601577845,0.0,2079.3749894191574,256.87499869495815,0.0,2336.2499881141157,11644.49994074728,1438.4999926917656,0.0,9968.0,0.19231161071708103,-124.9996476285015
107,107,2025,7SB,7,SB,AM-Shoulder,1,OP,AM,5.6,70,6698.064216000001,1,6,70,1800,1,6,0.2,0.0,3312.0,409.0,0.0,0.0,0.0,1.0,1.0,1.0,4.02,2.01,0.2787012421219834,0.2787012421219834,30,3.82,0.715,3312.0,409.0,0.0,0.0,0.0,3721.0,4539.0,1.0,1.2,0.440762448630666,4539.0,0.0,1.0,0.0,3146.3999999999996,388.54999999999995,0.0,0.0,0.0,3534.95,2.0099806279030736,8.039922511612295,10.049903139515369,0.27870123520675155,0.27870123518195017,0.27870123556362475,-324.49068759585595,-1297.9627503834238,-1622.4534379792797,68.94531470194926,64.30437268101144,-1.5179548014946607,5.225150110191777,4.873427606393976,0.35172250379780046,0.10059582075974777,876.905566454523,2435.094433545477,108.28936492994673,300.7106350700533,0.0,0.0,985.1949313844697,2735.80506861553,2735.80506861553,1201.7736612443632,0.6676520340246462,1201.7736612443632,6729.932502968433,3337.226338755637,3337.226338755637,18688.467497031565,4539.0,4539.0,25418.399999999998,0.6776584776773958,11.255891516257211,45.023566065028845,56.27945758128606,2.6727718749446554,14745.927302077664,9870.35392601419,4875.573376063474,0.0,14745.927302077664,9870.35392601419,4875.573376063474,0.0,876.905566454523,108.28936492994673,0.0,985.1949313844697,4910.6711721453285,606.4204436077016,0.0,3721.0,0.07217148426219314,-342.8806413351212
108,108,2025,7SB,7,SB,MD,5,OP,MD,5.6,70,7800.0,1,6,70,1800,1,6,0.2,0.0,3526.0,436.0,0.0,0.0,0.0,1.0,1.0,1.0,4.02,2.01,0.24671052631578946,0.24671052631578946,30,3.823,0.708,3526.0,436.0,0.0,0.0,0.0,3962.0,4834.0,1.0,1.2,0.42403508771929826,4834.0,0.0,1.0,0.0,3349.7,414.2,0.0,0.0,0.0,3763.8999999999996,2.0099801771153727,8.03992070846149,10.049900885576864,0.24671051969469335,0.24671051967364926,0.2467105199300474,-368.71857367335036,-1474.8742946934015,-1843.592868366752,69.21016063435476,65.90200775548361,-1.3882254545828405,5.098478960560074,4.854778502467674,0.24370045809240004,0.07504654838071363,826.4062278213142,2699.593772178686,102.18749724882552,333.81250275117446,0.0,0.0,928.5937250701397,3033.4062749298605,15167.031374649303,1132.9687195677907,0.6294270664265503,5664.843597838953,31723.124147898136,3701.0312804322093,18505.156402161047,103628.87585210186,4834.0,24170.0,135352.0,0.6197435897435898,11.255888991846087,45.02355596738435,56.27944495923044,2.6735475853605344,13902.78126407641,9301.93676252698,4600.84450154943,0.0,69513.90632038206,46509.6838126349,23004.22250774715,0.0,4132.031139106572,510.9374862441276,0.0,4642.968625350699,23139.3743789968,2861.2499229671143,0.0,19810.0,0.050198059081073956,-494.8649320191135
109,109,2025,7SB,7,SB,PM-Shoulder,1,OP,PM,5.6,70,7800.0,1,6,70,1800,1,6,0.2,0.0,3780.0,467.0,0.0,0.0,0.0,1.0,1.0,1.0,4.02,2.01,0.24671052631578946,0.24671052631578946,30,4.005,0.592,3780.0,467.0,0.0,0.0,0.0,4247.0,5181.0,1.0,1.2,0.4544736842105263,5181.0,0.0,1.0,0.0,3591.0,443.65,0.0,0.0,0.0,4034.6499999999996,2.009980783202169,8.039923132808676,10.049903916010845,0.24671052060427165,0.24671051967253602,0.2467105200350986,-329.24760389664306,-1316.9904155865722,-1646.2380194832153,68.80968969768784,63.970339928147624,-1.4878767432526405,5.252434180862567,4.883033210528929,0.36940097033363806,0.11375549842463228,885.9374794899395,2894.0625205100605,109.4531220527206,357.5468779472794,0.0,0.0,995.3906015426601,3251.60939845734,3251.60939845734,1214.2968456481012,0.6746093586933896,1214.2968456481012,6800.062335629366,3966.703154351899,3966.703154351899,22213.537664370633,5181.0,5181.0,29013.6,0.6642307692307692,11.255892385932146,45.023569543728584,56.27946192966073,2.673033071358683,14899.987182321605,9972.016929802727,4927.970252518879,0.0,14899.987182321605,9972.016929802727,4927.970252518879,0.0,885.9374794899395,109.4531220527206,0.0,995.3906015426601,4961.249885143661,612.9374834952354,0.0,4247.0,0.07564989923417388,-326.4713865889601
110,110,2025,7SB,7,SB,PM-Peak,3,Peak,PM,5.6,70,7800.0,1,6,70,1800,1,6,0.2,0.0,3725.0,460.0,0.0,0.0,0.0,1.0,1.0,1.0,4.02,2.01,0.24671052631578946,0.24671052631578946,30,4.005,0.592,3725.0,460.0,0.0,0.0,0.0,4185.0,5105.0,1.0,1.2,0.44780701754385965,5105.0,0.0,1.0,0.0,3538.75,437.0,0.0,0.0,0.0,3975.75,2.0099806988489237,8.039922795395695,10.049903494244619,0.24671052065858304,0.24671051967285154,0.24671052001833366,-227.37742123879406,-909.5096849551762,-1136.8871061939703,68.90911198327257,64.44132176574054,-2.290704853198883,5.2140457519080625,4.875987954707104,0.33805779720095863,0.10410349794873283,873.0468549805607,2851.953145019439,107.81249709703613,352.18750290296384,0.0,0.0,980.8593520775969,3204.140647922403,9612.421943767209,1196.484346271669,0.6647135257064828,3589.453038815007,20100.93701736404,3908.5156537283306,11725.546961184991,65663.06298263595,5105.0,15314.999999999998,85763.99999999999,0.6544871794871795,11.255891913553972,45.02356765421589,56.27945956776986,2.672770030879286,14681.02429214778,9826.92103512942,4854.103257018361,0.0,44043.072876443344,29480.76310538826,14562.309771055083,0.0,2619.140564941682,323.43749129110836,0.0,2942.5780562327905,14667.187163673418,1811.2499512302068,0.0,12555.0,0.06933113870279556,-356.74030573903724
111,111,2025,7SB,7,SB,PM-Late,3,OP,PM,5.6,70,6744.4235340000005,1,6,70,1800,1,6,0.2,0.0,2836.0,350.0,0.0,0.0,0.0,1.0,1.0,1.0,4.02,2.01,0.27718909803653213,0.27718909803653213,30,4.005,0.592,2836.0,350.0,0.0,0.0,0.0,3186.0,3886.0,1.0,1.2,0.37566133939001184,3886.0,0.0,1.0,0.0,2694.2,332.5,0.0,0.0,0.0,3026.7,2.0099797100595445,8.039918840238178,10.049898550297723,0.2771890911334525,0.2771890911177649,0.27718909127884916,-414.1303181777582,-1656.521272711033,-2070.6515908887914,69.59303903098765,67.7140894683553,-1.2906423909407139,4.96203969717443,4.828069081023886,0.13397061615054362,0.03845464100272394,746.8028493317478,2089.197150668252,92.16537279665683,257.8346272033432,0.0,0.0,838.9682221284046,2347.0317778715953,7041.095333614786,1023.2989677217183,0.5684994265120658,3069.896903165155,17191.422657724866,2862.7010322782817,8588.103096834846,48093.37734227513,3886.0,11658.0,65284.8,0.5761797106023798,11.255886376333448,45.02354550533379,56.27943188166724,2.6724024016653827,12555.539873726553,8405.928017600221,4149.611856126332,0.0,37666.61962117966,25217.784052800664,12448.835568378996,0.0,2240.408547995243,276.4961183899705,0.0,2516.9046663852137,12546.287868773361,1548.3782629838347,0.0,9558.0,0.027748280710625732,-900.1883104579819
