,index,Year,SegDir,Segment,Direction,Period,Hours/Day,Peak,4Periods,Length,Speed GP,Capacity GP,Alpha GP,Beta GP,Speed ML,Capacity ML,Alpha ML,Beta ML,MinToll,MinCapture,AADT Lights,AADT MediumA,AADT MediumB,AADT HeavyA,AADT HeavyB,GrowthFactor,GrowthFactor_medium,GrowthFactor_heavy,MaxToll,Soft Cap,MaxCapture,MaxCap_aux,Min Speed,B1,B2,TotalLights,TotalMediumA,TotalMediumB,TotalHeavyA,TotalHeavyB,TotalVeh,Corridor PCE pre-fix,Suppressed ratio ref,Max VC,Suppressed ratio,Corridor PCE,Suppressed Demand,PCE ratio,HOV3,InScopeLights,InScopeMediumA,InScopeMediumB,InScopeHeavyA,InScopeHeavyB,InScopeVeh,TollLights,TollMediumA,TollMediumB,CaptureRateLights,CaptureRateMediumA,VOT Lights,VOT MediumA,Speed GP Real,Speed ML Real,Bounus Seg,Time ML,Time GP,Time Savings,BonusRel,MLVeh_Lights,GPVeh_Lights,MLVeh_MediumA,GPVeh_MediumA,MLVeh,GPVeh,GPVehDay,ML PCE,ML V/C,ML Volume,ML PCE Total,GP PCE,GP Volume,GP PCE Total,Highway PCE,Highway Volume,Highway PCE Total,Highway V/C,TollLightsPerSeg,TollMediumAPerSeg,TollBlend,RevenuePerHour,RevenuePerHourLights,RevenuePerHourMediumA,RevenuePerDay,RevenuePerDayLights,RevenuePerDayMediumA,TransactionsDay_Lights,TransactionsDay_MediumA,TransactionsDay,TransactionsLightsLength,TransactionsMediumALength,TotalVeh_hours,Difference in Travel Time,Implied Min VOT
0,0,2025,1NB,1,NB,Night,8,OP,NT,3.0,70,12000,1,6,70,1800,1,6,0.1,0.01,1830.0,0.0,226.0,0.0,0.0,1.0,1.0,1.0,3.66,1.83,0.17391304347826086,0.17391304347826086,30,4.103,0.708,1830.0,0.0,226.0,0.0,0.0,2056.0,2508.0,1.0,1.2,0.16076923076923078,2508.0,0.0,1.0,91.5,1303.875,0.0,169.5,0.0,0.0,1542.0,0.9649999983783675,4.824999991891837,,0.010000503164142147,0.010000503164142147,711141.4233254453,3555707.116627226,69.99434597626222,69.9999973137702,0.0,2.5714286701064046,2.571636287037312,-0.00020761693090731725,0.00028457038397478875,13.039406063145842,1725.4605939368541,0.0,0.0,13.039406063145842,1951.4605939368541,15611.684751494833,13.039406063145842,0.007244114479525467,104.31524850516674,312.9457455155002,2403.460593936854,19227.68475149483,57683.054254484494,2416.4999999999995,19331.999999999996,57995.99999999999,0.20137499999999997,2.8949999951351026,14.474999975675512,0.9649999983783674,37.74908048937184,37.74908048937184,0.0,301.99264391497474,301.99264391497474,0.0,104.31524850516674,0.0,104.31524850516674,312.9457455155002,0.0,16448.0,-8.073339606920275e-05,278878.9895393903
1,1,2025,1NB,1,NB,AM-Early,1,OP,AM,3.0,70,12000,1,6,70,1800,1,6,0.1,0.01,3467.0,0.0,429.0,0.0,0.0,1.0,1.0,1.0,3.66,1.83,0.17391304347826086,0.17391304347826086,30,4.155,0.715,3467.0,0.0,429.0,0.0,0.0,3896.0,4754.0,1.0,1.2,0.3047435897435897,4754.0,0.0,1.0,173.35000000000002,2470.2375,0.0,321.75,0.0,0.0,2922.0,0.9649999983783637,4.8249999918918185,,0.010000503164142145,0.010000503164142145,15330.569009473358,76652.84504736679,69.73868432326275,69.99987578932543,1.3635755716662068,2.5714331342777745,2.581063892252945,-0.009630757975170656,0.013200389529392195,24.703617934932584,3268.9463820650676,0.0,0.0,24.703617934932584,3697.9463820650676,3697.9463820650676,24.703617934932584,0.013724232186073658,24.703617934932584,74.11085380479776,4555.946382065067,4555.946382065067,13667.839146195201,4580.65,4580.65,13741.949999999999,0.3817208333333333,2.894999995135091,14.474999975675455,0.9649999983783637,71.51697380144898,71.51697380144898,0.0,71.51697380144898,71.51697380144898,0.0,24.703617934932584,0.0,24.703617934932584,74.11085380479776,0.0,3896.0,-0.003731313279023175,6011.9878468522975
2,2,2025,1NB,1,NB,AM-Peak,2,Peak,AM,3.0,70,12000,1,6,70,1800,1,6,0.1,0.01,4855.0,0.0,600.0,0.0,0.0,1.0,1.0,1.0,3.66,1.83,0.17391304347826086,0.17391304347826086,30,4.155,0.715,4855.0,0.0,600.0,0.0,0.0,5455.0,6655.0,1.0,1.2,0.4266025641025641,6655.0,0.0,1.0,242.75,3459.1875,0.0,450.0,0.0,0.0,4091.25,0.10000173928038868,0.5000086964019433,,0.036363123391762626,0.03637723497927676,229.97554546649536,1149.8777273324765,68.22968334776661,69.99484395593848,2.5451879534066486,2.57161799108102,2.6381479609474403,-0.06652996986642012,0.0914055636408506,125.78686189774288,4486.463138102257,0.0,0.0,125.78686189774288,5086.463138102257,10172.926276204515,125.78686189774288,0.06988158994319049,251.57372379548576,754.7211713864573,6286.463138102257,12572.926276204515,37718.77882861355,6412.25,12824.5,38473.50000000001,0.5343541666666667,0.300005217841166,1.50002608920583,0.10000173928038868,37.73671490518902,37.73671490518902,0.0,75.47342981037804,75.47342981037804,0.0,251.57372379548576,0.0,251.57372379548576,754.7211713864573,0.0,10910.0,-0.02521843765067944,90.18648841823348
3,3,2025,1NB,1,NB,AM-Shoulder,1,OP,AM,3.0,70,12000,1,6,70,1800,1,6,0.1,0.01,4132.0,0.0,511.0,0.0,0.0,1.0,1.0,1.0,3.66,1.83,0.17391304347826086,0.17391304347826086,30,4.155,0.715,4132.0,0.0,511.0,0.0,0.0,4643.0,5665.0,1.0,1.2,0.3631410256410256,5665.0,0.0,1.0,206.60000000000002,2944.05,0.0,383.25,0.0,0.0,3482.25,0.9582097305258525,4.791048652629263,,0.010000004267228663,0.010000003743540726,5316.779860448405,26583.89930224203,69.25698372335451,69.99964405729604,1.624782428140334,2.571441646941327,2.599015872810835,-0.027574225869507973,0.03779460289370116,29.440512562934547,3895.9594874370655,0.0,0.0,29.440512562934547,4406.959487437065,4406.959487437065,29.440512562934547,0.016355840312741416,29.440512562934547,88.32153768880364,5428.959487437065,5428.959487437065,16286.878462311195,5458.4,5458.4,16375.199999999999,0.45486666666666664,2.8746291915775575,14.373145957887788,0.9582097305258525,84.63055682841747,84.63055682841747,0.0,84.63055682841747,84.63055682841747,0.0,29.440512562934547,0.0,29.440512562934547,88.32153768880364,0.0,4643.0,-0.01060948729015897,2085.0117099797667
4,4,2025,1NB,1,NB,MD,5,OP,MD,3.0,70,12000,1,6,70,1800,1,6,0.1,0.01,5636.0,0.0,697.0,0.0,0.0,1.0,1.0,1.0,3.66,1.83,0.17391304347826086,0.17391304347826086,30,4.136,0.708,5636.0,0.0,697.0,0.0,0.0,6333.0,7727.0,1.0,1.2,0.4953205128205128,7727.0,0.0,1.0,281.8,4015.6499999999996,0.0,522.75,0.0,0.0,4749.75,0.124597370391479,0.622986851957395,,0.10194179175769547,0.10198641736977161,153.75835072359868,768.7917536179934,66.57658635632252,69.77635742920656,1.0839548280465114,2.5796703443945717,2.7036531887746165,-0.12398284438004481,0.1811477257640816,409.36255607178975,4944.83744392821,0.0,0.0,409.36255607178975,5641.83744392821,28209.187219641048,409.36255607178975,0.22742364226210543,2046.8127803589487,6140.438341076846,7035.83744392821,35179.18721964105,105537.56165892314,7445.2,37226.0,111677.99999999999,0.6204333333333333,0.373792111174437,1.8689605558721851,0.124597370391479,153.01649406983813,153.01649406983813,0.0,765.0824703491907,765.0824703491907,0.0,2046.8127803589487,0.0,2046.8127803589487,6140.438341076846,0.0,31665.0,-0.04585752525316972,60.29739244062694
5,5,2025,1NB,1,NB,PM-Shoulder,1,OP,PM,3.0,70,12000,1,6,70,1800,1,6,0.1,0.01,7121.0,0.0,880.0,0.0,0.0,1.0,1.0,1.0,3.66,1.83,0.17391304347826086,0.17391304347826086,30,4.135,0.592,7121.0,0.0,880.0,0.0,0.0,8001.0,9761.0,1.0,1.2,0.6257051282051282,9761.0,0.0,1.0,356.05,5073.7125,0.0,660.0,0.0,0.0,6000.75,0.42111575613517127,2.1055787806758564,,0.10572645831604792,0.10593711807705566,130.8523453580803,654.2617267904016,58.02659612615914,68.9752067776265,1.3098946637074922,2.6096333510142755,3.1020258298220886,-0.4923924788078131,0.7269182439991188,536.4256531388612,6228.524346861139,0.0,0.0,536.4256531388612,7108.524346861139,7108.524346861139,536.4256531388612,0.2980142517438118,536.4256531388612,1609.2769594165836,8868.524346861139,8868.524346861139,26605.57304058342,9404.95,9404.95,28214.850000000002,0.7837458333333334,1.2633472684055138,6.3167363420275695,0.42111575613517127,677.691883595624,677.691883595624,0.0,677.691883595624,677.691883595624,0.0,536.4256531388612,0.0,536.4256531388612,1609.2769594165836,0.0,8001.0,-0.1587325527963297,51.31464523846287
6,6,2025,1NB,1,NB,PM-Peak,3,Peak,PM,3.0,70,12000,1,6,70,1800,1,6,0.1,0.01,6508.0,0.0,804.0,0.0,0.0,1.0,1.0,1.0,3.66,1.83,0.17391304347826086,0.17391304347826086,30,4.135,0.592,6508.0,0.0,804.0,0.0,0.0,7312.0,8920.0,1.0,1.2,0.5717948717948718,8920.0,0.0,1.0,325.40000000000003,4636.950000000001,0.0,603.0,0.0,0.0,5484.0,0.24526331845051572,1.2263165922525785,,0.10575090897486004,0.10586305552236705,130.8837066037734,654.4185330188669,62.49097619268152,69.39869327881568,1.8695169625974,2.593708778879068,2.8804158770859507,-0.2867070982068829,0.4233126087506095,490.36167737097736,5692.238322629023,0.0,0.0,490.36167737097736,6496.238322629023,19488.71496788707,490.36167737097736,0.2724231540949874,1471.0850321129321,4413.255096338797,8104.238322629023,24312.71496788707,72938.14490366122,8594.6,25783.800000000003,77351.40000000001,0.7162166666666667,0.7357899553515471,3.6789497767577357,0.24526331845051572,360.80319669890116,360.80319669890116,0.0,1082.4095900967036,1082.4095900967036,0.0,1471.0850321129321,0.0,1471.0850321129321,4413.255096338797,0.0,21936.0,-0.09953670249066178,51.32694376618564
7,7,2025,1NB,1,NB,PM-Late,3,OP,PM,3.0,70,12000,1,6,70,1800,1,6,0.1,0.01,5882.0,0.0,727.0,0.0,0.0,1.0,1.0,1.0,3.66,1.83,0.17391304347826086,0.17391304347826086,30,4.135,0.592,5882.0,0.0,727.0,0.0,0.0,6609.0,8063.0,1.0,1.2,0.5168589743589743,8063.0,0.0,1.0,294.1,4190.924999999999,0.0,545.25,0.0,0.0,4956.75,0.13376044808468374,0.6688022404234186,,0.10580488937330967,0.10586018253550722,130.88492517564964,654.4246258782481,65.69446260600814,69.67034701497506,1.0811109082763644,2.583595571316883,2.739956959226849,-0.1563613879099659,0.23088389128364015,443.42035599683777,5144.479644003162,0.0,0.0,443.42035599683777,5871.479644003162,17614.438932009485,443.42035599683777,0.24634464222046543,1330.2610679905133,3990.78320397154,7325.479644003162,21976.438932009485,65929.31679602846,7768.9,23306.699999999997,69920.1,0.6474083333333333,0.4012813442540512,2.006406721270256,0.13376044808468374,177.936316524021,177.936316524021,0.0,533.808949572063,533.808949572063,0.0,1330.2610679905133,0.0,1330.2610679905133,3990.78320397154,0.0,19827.0,-0.057067096394859934,51.32742163750966
8,8,2025,1SB,1,SB,Night,8,OP,NT,3.0,70,12000,1,6,70,1800,1,6,0.1,0.01,1785.0,0.0,221.0,0.0,0.0,1.0,1.0,1.0,3.66,1.83,0.17391304347826086,0.17391304347826086,30,4.103,0.708,1785.0,0.0,221.0,0.0,0.0,2006.0,2448.0,1.0,1.2,0.15692307692307692,2448.0,0.0,1.0,89.25,1271.8125,0.0,165.75,0.0,0.0,1504.5,0.9649999983783675,4.824999991891837,,0.010000503164142147,0.010000503164142147,822323.1895756148,4111615.9478780734,69.99511038167127,69.99999768651894,0.0,2.571428656413593,2.571608202608597,-0.00017954619500404334,0.000246094716635098,12.718764930445534,1683.0312350695544,0.0,0.0,12.718764930445534,1904.0312350695544,15232.249880556436,12.718764930445534,0.007065980516914185,101.75011944356427,305.25035833069285,2346.0312350695544,18768.249880556436,56304.7496416693,2358.75,18870.0,56609.99999999999,0.1965625,2.8949999951351026,14.474999975675512,0.9649999983783675,36.820824411764335,36.820824411764335,0.0,294.5665952941147,294.5665952941147,0.0,101.75011944356427,0.0,101.75011944356427,305.25035833069285,0.0,16048.0,-6.981864298842828e-05,322479.6821865156
9,9,2025,1SB,1,SB,AM-Early,1,OP,AM,3.0,70,12000,1,6,70,1800,1,6,0.1,0.01,7354.0,0.0,909.0,0.0,0.0,1.0,1.0,1.0,3.66,1.83,0.17391304347826086,0.17391304347826086,30,4.155,0.715,7354.0,0.0,909.0,0.0,0.0,8263.0,10081.0,1.0,1.2,0.6462179487179487,10081.0,0.0,1.0,367.70000000000005,5239.725,0.0,681.75,0.0,0.0,6197.25,0.6334663897808932,3.167331948904466,,0.10156109356936956,0.10185510887699922,158.1908180757569,790.9540903787845,55.82697778004344,68.92412130611933,1.419933250258187,2.611567570089848,3.224247615717161,-0.6126800456273127,0.8943620906753679,532.152201002765,6454.147798997235,0.0,0.0,532.152201002765,7363.147798997235,7363.147798997235,532.152201002765,0.29564011166820275,532.152201002765,1596.456603008295,9181.147798997235,9181.147798997235,27543.443396991708,9713.300000000001,9713.300000000001,29139.9,0.8094416666666667,1.9003991693426796,9.501995846713399,0.6334663897808932,1011.3016007495332,1011.3016007495332,0.0,1011.3016007495332,1011.3016007495332,0.0,532.152201002765,0.0,532.152201002765,1596.456603008295,0.0,8263.0,-0.19002264051951107,62.03561493166938
10,10,2025,1SB,1,SB,AM-Peak,2,Peak,AM,3.0,70,12000,1,6,70,1800,1,6,0.1,0.01,7993.0,0.0,988.0,0.0,0.0,1.0,1.0,1.0,3.66,1.83,0.17391304347826086,0.17391304347826086,30,4.155,0.715,7993.0,0.0,988.0,0.0,0.0,8981.0,10957.0,1.0,1.2,0.7023717948717949,10957.0,0.0,1.0,399.65000000000003,5695.012500000001,0.0,741.0,0.0,0.0,6735.75,1.044361679554162,5.221808397770809,,0.10146633454624551,0.10199305515646256,158.10316531185597,790.5158265592798,49.34162389544816,68.24946709726771,2.414042291226843,2.6373832303110554,3.6480355892098086,-1.0106523588987533,1.4749516143602956,577.8520435700501,7015.49795642995,0.0,0.0,577.8520435700501,8003.49795642995,16006.9959128599,577.8520435700501,0.3210289130944723,1155.7040871401002,3467.1122614203005,9979.49795642995,19958.9959128599,59876.9877385797,10557.35,21114.7,63344.1,0.8797791666666667,3.133085038662486,15.665425193312428,1.044361679554162,1810.459592269867,1810.459592269867,0.0,3620.919184539734,3620.919184539734,0.0,1155.7040871401002,0.0,1155.7040871401002,3467.1122614203005,0.0,17962.0,-0.2770401587879432,62.00124129876704
11,11,2025,1SB,1,SB,AM-Shoulder,1,OP,AM,3.0,70,12000,1,6,70,1800,1,6,0.1,0.01,6891.0,0.0,852.0,0.0,0.0,1.0,1.0,1.0,3.66,1.83,0.17391304347826086,0.17391304347826086,30,4.155,0.715,6891.0,0.0,852.0,0.0,0.0,7743.0,9447.0,1.0,1.2,0.6055769230769231,9447.0,0.0,1.0,344.55,4909.8375,0.0,639.0,0.0,0.0,5807.25,0.42899378704235813,2.1449689352117907,,0.10161402011246143,0.10180061446949458,158.225482055625,791.1274102781251,59.73167177080871,69.26671744112106,1.3300144654799873,2.598650645643859,3.0134766810254803,-0.4148260353816213,0.6056059101477652,498.9083264739173,6047.541673526082,0.0,0.0,498.9083264739173,6899.541673526082,6899.541673526082,498.9083264739173,0.27717129248550965,498.9083264739173,1496.7249794217519,8603.541673526082,8603.541673526082,25810.62502057825,9102.449999999999,9102.449999999999,27307.350000000002,0.7585374999999999,1.2869813611270744,6.4349068056353715,0.42899378704235813,642.0857170830329,642.0857170830329,0.0,642.0857170830329,642.0857170830329,0.0,498.9083264739173,0.0,498.9083264739173,1496.7249794217519,0.0,7743.0,-0.1376569588188938,62.049208649264706
12,12,2025,1SB,1,SB,MD,5,OP,MD,3.0,70,12000,1,6,70,1800,1,6,0.1,0.01,5561.0,0.0,687.0,0.0,0.0,1.0,1.0,1.0,3.66,1.83,0.17391304347826086,0.17391304347826086,30,4.136,0.708,5561.0,0.0,687.0,0.0,0.0,6248.0,7622.0,1.0,1.2,0.4885897435897436,7622.0,0.0,1.0,278.05,3962.2124999999996,0.0,515.25,0.0,0.0,4686.0,0.1148026769892122,0.574013384946061,,0.10189913391316373,0.10193970318986081,153.7869235060627,768.9346175303134,66.83405553774536,69.79388522592811,1.0691788654682726,2.5790224948407205,2.693237729653302,-0.11421523481258156,0.16687854676788091,403.7460221299112,4879.203977870088,0.0,0.0,403.7460221299112,5566.203977870088,27831.019889350442,403.7460221299112,0.22430334562772844,2018.7301106495559,6056.190331948667,6940.203977870088,34701.01988935044,104103.05966805133,7343.95,36719.75,110159.25,0.6119958333333333,0.3444080309676366,1.722040154838183,0.1148026769892122,139.05337249277855,139.05337249277855,0.0,695.2668624638927,695.2668624638927,0.0,2018.7301106495559,0.0,2018.7301106495559,6056.190331948667,0.0,31240.0,-0.04240815192622612,60.30859745335791
13,13,2025,1SB,1,SB,PM-Shoulder,1,OP,PM,3.0,70,12000,1,6,70,1800,1,6,0.1,0.01,6430.0,0.0,795.0,0.0,0.0,1.0,1.0,1.0,3.66,1.83,0.17391304347826086,0.17391304347826086,30,4.135,0.592,6430.0,0.0,795.0,0.0,0.0,7225.0,8815.0,1.0,1.2,0.5650641025641026,8815.0,0.0,1.0,321.5,4581.375,0.0,596.25,0.0,0.0,5418.75,0.22841849272628373,1.1420924636314187,,0.10578453906527628,0.10588772974303237,130.87325588523393,654.3662794261697,62.95434639105172,69.43968640636855,1.1824414958421143,2.5921776049883136,2.8592148170659915,-0.26703721207767783,0.39426715652326577,484.6386426601801,5623.86135733982,0.0,0.0,484.6386426601801,6418.86135733982,6418.86135733982,484.6386426601801,0.2692436903667667,484.6386426601801,1453.9159279805403,8008.86135733982,8008.86135733982,24026.58407201946,8493.5,8493.5,25480.5,0.7077916666666667,0.6852554781788511,3.4262773908942563,0.22841849272628373,332.1012848200511,332.1012848200511,0.0,332.1012848200511,332.1012848200511,0.0,484.6386426601801,0.0,484.6386426601801,1453.9159279805403,0.0,7225.0,-0.09339529526910484,51.32284544518978
14,14,2025,1SB,1,SB,PM-Peak,3,Peak,PM,3.0,70,12000,1,6,70,1800,1,6,0.1,0.01,6004.0,0.0,742.0,0.0,0.0,1.0,1.0,1.0,3.66,1.83,0.17391304347826086,0.17391304347826086,30,4.135,0.592,6004.0,0.0,742.0,0.0,0.0,6746.0,8230.0,1.0,1.2,0.5275641025641026,8230.0,0.0,1.0,300.2,4277.85,0.0,556.5,0.0,0.0,5059.5,0.1512801662199982,0.756400831099991,,0.10579081072077852,0.10585463940882453,130.8872721110487,654.4363605552435,65.16964730916531,69.62754344730894,1.724413322549313,2.5851838380053733,2.7620220061354424,-0.17683816813006903,0.26111300554841305,452.55721964188245,5251.242780358118,0.0,0.0,452.55721964188245,5993.242780358118,17979.728341074355,452.55721964188245,0.2514206775788236,1357.6716589256473,4073.0149767769417,7477.242780358118,22431.728341074355,67295.18502322306,7929.8,23789.4,71368.20000000001,0.6608166666666667,0.45384049865999465,2.2692024932999733,0.1512801662199982,205.38879423445266,205.38879423445266,0.0,616.166382703358,616.166382703358,0.0,1357.6716589256473,0.0,1357.6716589256473,4073.0149767769417,0.0,20238.0,-0.06402489471019708,51.328342004332825
15,15,2025,1SB,1,SB,PM-Late,3,OP,PM,3.0,70,12000,1,6,70,1800,1,6,0.1,0.01,3804.0,0.0,470.0,0.0,0.0,1.0,1.0,1.0,3.66,1.83,0.17391304347826086,0.17391304347826086,30,4.135,0.592,3804.0,0.0,470.0,0.0,0.0,4274.0,5214.0,1.0,1.2,0.3342307692307692,5214.0,0.0,1.0,190.20000000000002,2710.3500000000004,0.0,352.5,0.0,0.0,3205.5,0.9649999983783675,4.824999991891837,,0.010000503164142147,0.010000503164142147,8808.32150419879,44041.607520993944,69.54644260588222,69.99978329030239,1.495278417830473,2.5714365322176187,2.588198522533425,-0.016761990315806496,0.022974833013649495,27.104863750932672,3586.6951362490677,0.0,0.0,27.104863750932672,4056.6951362490677,12170.085408747203,27.104863750932672,0.01505825763940704,81.31459125279801,243.94377375839403,4996.695136249067,14990.085408747202,44970.2562262416,5023.8,15071.4,45214.2,0.41865,2.8949999951351026,14.474999975675512,0.9649999983783675,78.4685804270877,78.4685804270877,0.0,235.4057412812631,235.4057412812631,0.0,81.31459125279801,0.0,81.31459125279801,243.94377375839403,0.0,12822.0,-0.006476315541436611,3454.2437271367803
16,16,2025,2NB,2,NB,Night,8,OP,NT,2.2,65,12000,1,6,70,1800,1,6,0.1,0.01,2760.0,0.0,341.0,0.0,0.0,1.0,1.0,1.0,3.66,1.83,0.17391304347826086,0.17391304347826086,30,4.103,0.708,2760.0,0.0,341.0,0.0,0.0,3101.0,3783.0,1.0,1.2,0.2425,3783.0,0.0,1.0,138.0,1966.5,0.0,255.75,0.0,0.0,2325.75,0.15257564917261965,0.7628782458630983,,0.17388747525888354,0.17389000033724641,117.65114296424959,588.2557148212479,64.96388142566236,69.97485327558883,0.0,1.8863919511218046,2.0318982964564167,-0.14550634533461215,0.0015468199914443368,341.9497200965945,2280.0502799034057,0.0,0.0,341.9497200965945,2621.0502799034057,20968.402239227245,341.9497200965945,0.18997206672033026,2735.597760772756,6018.315073700063,3303.0502799034057,26424.402239227245,58133.684926299946,3645.0,29160.0,64152.00000000001,0.30375,0.3356664281797633,1.6783321408988163,0.15257564917261965,114.78104116189368,114.78104116189368,0.0,918.2483292951495,918.2483292951495,0.0,2735.597760772756,0.0,2735.597760772756,6018.315073700063,0.0,24808.0,-0.07161103761363048,62.91504971350245
17,17,2025,2NB,2,NB,AM-Early,1,OP,AM,2.2,65,12000,1,6,70,1800,1,6,0.1,0.01,5911.0,0.0,731.0,0.0,0.0,1.0,1.0,1.0,3.66,1.83,0.17391304347826086,0.17391304347826086,30,4.155,0.715,5911.0,0.0,731.0,0.0,0.0,6642.0,8104.0,1.0,1.2,0.5194871794871795,8104.0,0.0,1.0,295.55,4211.5875,0.0,548.25,0.0,0.0,4981.5,0.3146408335984112,1.573204167992056,,0.13225368442757382,0.1323350477519339,141.53201153904294,707.6600576952147,61.21211560205115,69.21855142118314,0.5465823561464802,1.9070032135865196,2.1564358412009668,-0.24943262761444718,0.1721632562914784,556.9979641641145,5058.452035835885,0.0,0.0,556.9979641641145,5789.452035835885,5789.452035835885,556.9979641641145,0.30944331342450804,556.9979641641145,1225.3955211610519,7251.452035835885,7251.452035835885,15953.194478838948,7808.45,7808.45,17178.59,0.6507041666666666,0.6922098339165047,3.4610491695825236,0.3146408335984112,385.5594682658729,385.5594682658729,0.0,385.5594682658729,385.5594682658729,0.0,556.9979641641145,0.0,556.9979641641145,1225.3955211610519,0.0,6642.0,-0.11566893057923422,75.68556766793739
18,18,2025,2NB,2,NB,AM-Peak,2,Peak,AM,2.2,65,12000,1,6,70,1800,1,6,0.1,0.01,7043.0,0.0,871.0,0.0,0.0,1.0,1.0,1.0,3.66,1.83,0.17391304347826086,0.17391304347826086,30,4.155,0.715,7043.0,0.0,871.0,0.0,0.0,7914.0,9656.0,1.0,1.2,0.6189743589743589,9656.0,0.0,1.0,352.15000000000003,5018.137500000001,0.0,653.25,0.0,0.0,5935.5,0.6538968401416354,3.269484200708177,,0.11547922940361942,0.1156870014372868,150.01439526595902,750.0719763297951,54.74829146852094,68.67966624016863,1.3133870161114507,1.9219662416297132,2.411034142972244,-0.489067901342531,0.5209629297181283,579.4906515414053,6111.359348458595,0.0,0.0,579.4906515414053,6982.359348458595,13964.71869691719,579.4906515414053,0.3219392508563363,1158.9813030828107,2549.7588667821838,8724.359348458594,17448.71869691719,38387.18113321782,9303.85,18607.7,40936.94,0.7753208333333333,1.438573048311598,7.19286524155799,0.6538968401416354,833.6396330559935,833.6396330559935,0.0,1667.279266111987,1667.279266111987,0.0,1158.9813030828107,0.0,1158.9813030828107,2549.7588667821838,0.0,15828.0,-0.20284569704999036,80.22160174650215
19,19,2025,2NB,2,NB,AM-Shoulder,1,OP,AM,2.2,65,12000,1,6,70,1800,1,6,0.1,0.01,6733.0,0.0,832.0,0.0,0.0,1.0,1.0,1.0,3.66,1.83,0.17391304347826086,0.17391304347826086,30,4.155,0.715,6733.0,0.0,832.0,0.0,0.0,7565.0,9229.0,1.0,1.2,0.5916025641025641,9229.0,0.0,1.0,336.65000000000003,4797.262500000001,0.0,624.0,0.0,0.0,5673.75,0.5299411714712472,2.6497058573562358,,0.11875994144864643,0.11891995730094991,148.26307307232955,741.3153653616478,56.958112008892385,68.87725418993472,0.7675927000507716,1.9164527034715857,2.317492545739437,-0.40103984226785117,0.39281094150918194,569.7226136137873,5826.627386386213,0.0,0.0,569.7226136137873,6658.627386386213,6658.627386386213,569.7226136137873,0.31651256311877074,569.7226136137873,1253.389749950332,8322.627386386213,8322.627386386213,18309.780250049673,8892.35,8892.35,19563.170000000006,0.7410291666666667,1.165870577236744,5.829352886183719,0.5299411714712472,664.2228323987326,664.2228323987326,0.0,664.2228323987326,664.2228323987326,0.0,569.7226136137873,0.0,569.7226136137873,1253.389749950332,0.0,7565.0,-0.17304903224182425,79.28506581407997
20,20,2025,2NB,2,NB,MD,5,OP,MD,2.2,65,12000,1,6,70,1800,1,6,0.1,0.01,7928.0,0.0,980.0,0.0,0.0,1.0,1.0,1.0,3.66,1.83,0.17391304347826086,0.17391304347826086,30,4.136,0.708,7928.0,0.0,980.0,0.0,0.0,8908.0,10868.0,1.0,1.2,0.6966666666666667,10868.0,0.0,1.0,396.40000000000003,5648.700000000001,0.0,735.0,0.0,0.0,6681.0,1.1582642552327571,5.791321276163785,,0.10967169904053066,0.11009323099205419,149.01261250647042,745.063062532352,46.82870550949799,67.80840285194256,1.0195720962518031,1.946661393695081,2.818783875484818,-0.8721224817897368,1.0795800632603543,619.5025263702456,6912.097473629755,0.0,0.0,619.5025263702456,7892.097473629755,39460.48736814877,619.5025263702456,0.344168070205692,3097.512631851228,6814.527790072702,9852.097473629754,49260.487368148766,108373.0722099273,10471.6,52357.99999999999,115187.6,0.8726333333333334,2.5481813615120656,12.740906807560329,1.1582642552327571,1578.604791106297,1578.604791106297,0.0,7893.023955531485,7893.023955531485,0.0,3097.512631851228,0.0,3097.512631851228,6814.527790072702,0.0,44540.0,-0.30939671869654634,79.68588904089326
21,21,2025,2NB,2,NB,PM-Shoulder,1,OP,PM,2.2,65,12000,1,6,70,1800,1,6,0.1,0.01,7153.0,0.0,884.0,0.0,0.0,1.0,1.0,1.0,3.66,1.83,0.17391304347826086,0.17391304347826086,30,4.135,0.592,7153.0,0.0,884.0,0.0,0.0,8037.0,9805.0,1.0,1.2,0.628525641025641,9805.0,0.0,1.0,357.65000000000003,5096.512500000001,0.0,663.0,0.0,0.0,6027.75,0.5740948557858747,2.8704742789293736,,0.11890209994968912,0.11910989495816768,125.61645500937476,628.0822750468739,54.03443934976717,68.3899641465243,0.8139336197024932,1.9301077526110746,2.4428864551653535,-0.5127787025542789,0.5646005974226881,605.98603866984,6189.36396133016,0.0,0.0,605.98603866984,7073.36396133016,7073.36396133016,605.98603866984,0.33665891037213336,605.98603866984,1333.169285073648,8841.36396133016,8841.36396133016,19451.000714926355,9447.35,9447.35,20784.170000000002,0.7872791666666668,1.2630086827289244,6.315043413644623,0.5740948557858747,765.3656284525136,765.3656284525136,0.0,765.3656284525136,765.3656284525136,0.0,605.98603866984,0.0,605.98603866984,1333.169285073648,0.0,8037.0,-0.20990689168955667,67.1745748713234
22,22,2025,2NB,2,NB,PM-Peak,3,Peak,PM,2.2,65,12000,1,6,70,1800,1,6,0.1,0.01,7219.0,0.0,892.0,0.0,0.0,1.0,1.0,1.0,3.66,1.83,0.17391304347826086,0.17391304347826086,30,4.135,0.592,7219.0,0.0,892.0,0.0,0.0,8111.0,9895.0,1.0,1.2,0.6342948717948718,9895.0,0.0,1.0,360.95000000000005,5143.5375,0.0,669.0,0.0,0.0,6083.25,0.6001317948685061,3.0006589743425307,,0.11833292946877837,0.11855231772949916,125.82534418781336,629.1267209390668,53.5078703365732,68.33069358012305,1.293577574548587,1.9317819428427099,2.466926812255815,-0.5351448694131051,0.5975358866366205,608.6498602075167,6249.400139792483,0.0,0.0,608.6498602075167,7141.400139792483,21424.20041937745,608.6498602075167,0.33813881122639816,1825.94958062255,4017.0890773696105,8925.400139792484,26776.200419377452,58907.6409226304,9534.050000000001,28602.15,62924.73000000001,0.7945041666666668,1.3202899487107136,6.601449743553568,0.6001317948685061,803.5942927161652,803.5942927161652,0.0,2410.782878148496,2410.782878148496,0.0,1825.94958062255,0.0,1825.94958062255,4017.0890773696105,0.0,24333.0,-0.21692774457453656,67.2862803143387
23,23,2025,2NB,2,NB,PM-Late,3,OP,PM,2.2,65,12000,1,6,70,1800,1,6,0.1,0.01,7295.0,0.0,902.0,0.0,0.0,1.0,1.0,1.0,3.66,1.83,0.17391304347826086,0.17391304347826086,30,4.135,0.592,7295.0,0.0,902.0,0.0,0.0,8197.0,10001.0,1.0,1.2,0.6410897435897436,10001.0,0.0,1.0,364.75,5197.6875,0.0,676.5,0.0,0.0,6147.75,0.6322906263179434,3.161453131589717,,0.11773472019600538,0.11796848294981047,126.04519025246657,630.2259512623328,52.87019490518167,68.25787121828272,0.8441340824877334,1.933842905499873,2.496680790315434,-0.5628378848155611,0.6382988365782982,611.9482834787747,6318.301716521225,0.0,0.0,611.9482834787747,7220.301716521225,21660.905149563674,611.9482834787747,0.33997126859931925,1835.8448504363241,4038.8586709599135,9024.301716521226,27072.905149563678,59560.391329040096,9636.25,28908.75,63599.25000000001,0.8030208333333333,1.3910393778994756,6.955196889497379,0.6322906263179434,851.2441595569667,851.2441595569667,0.0,2553.7324786709,2553.7324786709,0.0,1835.8448504363241,0.0,1835.8448504363241,4038.8586709599135,0.0,24591.0,-0.22543445962287048,67.40384505479496
24,24,2025,2SB,2,SB,Night,8,OP,NT,2.2,65,12000,1,6,70,1800,1,6,0.1,0.01,2817.0,0.0,348.0,0.0,0.0,1.0,1.0,1.0,3.66,1.83,0.17391304347826086,0.17391304347826086,30,4.103,0.708,2817.0,0.0,348.0,0.0,0.0,3165.0,3861.0,1.0,1.2,0.2475,3861.0,0.0,1.0,140.85,2007.1125000000002,0.0,261.0,0.0,0.0,2373.75,0.152628332883883,0.763141664419415,,0.17390835998478923,0.1739081090719883,117.64475926562811,588.2237963281406,64.95918307154082,69.97155862870116,0.0,1.8864807728586999,2.0320452591687586,-0.1455644863100587,0.0017481589073530172,349.0536431799703,2327.09635682003,0.0,0.0,349.0536431799703,2675.09635682003,21400.77085456024,349.0536431799703,0.19391869065553907,2792.4291454397626,6143.344119967478,3371.09635682003,26968.77085456024,59331.295880032536,3720.1500000000005,29761.200000000004,65474.640000000014,0.3100125,0.33578233234454263,1.6789116617227131,0.152628332883883,117.2060464203302,117.2060464203302,0.0,937.6483713626416,937.6483713626416,0.0,2792.4291454397626,0.0,2792.4291454397626,6143.344119967478,0.0,25320.0,-0.07163447056765077,62.91163597092412
25,25,2025,2SB,2,SB,AM-Early,1,OP,AM,2.2,65,12000,1,6,70,1800,1,6,0.1,0.01,9535.0,0.0,1178.0,0.0,0.0,1.0,1.0,1.0,3.66,1.83,0.17391304347826086,0.17391304347826086,30,4.155,0.715,9535.0,0.0,1178.0,0.0,0.0,10713.0,13069.0,1.0,1.2,0.8377564102564102,13069.0,0.0,1.0,476.75,6793.6875,0.0,883.5,0.0,0.0,8034.75,3.3449973465298157,16.72498673264908,,0.10461010329415411,0.10607485888136917,155.56883981122908,777.8441990561455,29.638762761880493,64.66992006912666,1.303003085918485,2.0411344232203037,4.4536271996404,-2.4124927764200965,3.3193154173535033,710.6883511232036,8347.561648876796,0.0,0.0,710.6883511232036,9525.561648876796,9525.561648876796,710.6883511232036,0.3948268617351131,710.6883511232036,1563.514372471048,11881.561648876796,11881.561648876796,26139.435627528954,12592.25,12592.25,27702.95,1.0493541666666666,7.358994162365595,36.79497081182797,3.344997346529816,5229.951427176885,5229.951427176885,0.0,5229.951427176885,5229.951427176885,0.0,710.6883511232036,0.0,710.6883511232036,1563.514372471048,0.0,10713.0,-0.5416916747353457,83.19189294718133
26,26,2025,2SB,2,SB,AM-Peak,2,Peak,AM,2.2,65,12000,1,6,70,1800,1,6,0.1,0.01,8678.0,0.0,1073.0,0.0,0.0,1.0,1.0,1.0,3.66,1.83,0.17391304347826086,0.17391304347826086,30,4.155,0.715,8678.0,0.0,1073.0,0.0,0.0,9751.0,11897.0,1.0,1.2,0.7626282051282052,11897.0,0.0,1.0,433.90000000000003,6183.075000000001,0.0,804.75,0.0,0.0,7313.25,1.8299990732244071,9.149995366122036,,0.11375827241350961,0.1145346399426954,150.65210515410024,753.2605257705013,39.185553652414015,65.81328295564897,1.6554012452583367,2.0056741446700617,3.3685883622029205,-1.3629142175328588,1.8328122100641555,703.375930203161,7540.724069796839,0.0,0.0,703.375930203161,8613.72406979684,17227.44813959368,703.375930203161,0.3907644056684228,1406.751860406322,3094.8540928939087,10759.72406979684,21519.44813959368,47342.785907106096,11463.1,22926.2,50437.64000000001,0.9552583333333333,4.0259979610936965,20.129989805468483,1.8299990732244071,2831.7900608803084,2831.7900608803084,0.0,5663.580121760617,5663.580121760617,0.0,1406.751860406322,0.0,1406.751860406322,3094.8540928939087,0.0,19502.0,-0.40459506208160384,80.56262307705894
27,27,2025,2SB,2,SB,AM-Shoulder,1,OP,AM,2.2,65,12000,1,6,70,1800,1,6,0.1,0.01,8461.0,0.0,1046.0,0.0,0.0,1.0,1.0,1.0,3.66,1.83,0.17391304347826086,0.17391304347826086,30,4.155,0.715,8461.0,0.0,1046.0,0.0,0.0,9507.0,11599.0,1.0,1.2,0.743525641025641,11599.0,0.0,1.0,423.05,6028.4625,0.0,784.5,0.0,0.0,7130.25,1.7011672665429967,8.505836332714983,,0.10727432730235366,0.10793307622072947,154.4515725314834,772.2578626574169,41.190796136396834,67.04587414488651,1.1207207767395004,1.9688012377129613,3.204599385816744,-1.2357981481037825,1.6081473124150931,646.6992593549652,7391.250740645035,0.0,0.0,646.6992593549652,8437.250740645035,8437.250740645035,646.6992593549652,0.359277366308314,646.6992593549652,1422.7383705809236,10529.250740645035,10529.250740645035,23164.351629419078,11175.95,11175.95,24587.09,0.9313291666666668,3.742567986394593,18.712839931972965,1.7011672665429967,2420.3159448869865,2420.3159448869865,0.0,2420.3159448869865,2420.3159448869865,0.0,646.6992593549652,0.0,646.6992593549652,1422.7383705809236,0.0,9507.0,-0.3856326483657549,82.59442381362749
28,28,2025,2SB,2,SB,MD,5,OP,MD,2.2,65,12000,1,6,70,1800,1,6,0.1,0.01,7027.0,0.0,868.0,0.0,0.0,1.0,1.0,1.0,3.66,1.83,0.17391304347826086,0.17391304347826086,30,4.136,0.708,7027.0,0.0,868.0,0.0,0.0,7895.0,9631.0,1.0,1.2,0.6173717948717948,9631.0,0.0,1.0,351.35,5006.737499999999,0.0,651.0,0.0,0.0,5921.25,0.627071374383763,3.135356871918815,,0.11587310850956802,0.11607319867341835,145.75868367319603,728.7934183659801,54.894090491826994,68.68087062443456,0.8333244611826216,1.921932538127122,2.404630422279299,-0.4826978841521772,0.5121898323687937,580.1462376164232,6095.503762383576,0.0,0.0,580.1462376164232,6963.503762383576,34817.51881191788,580.1462376164232,0.3223034653424573,2900.7311880821158,6381.608613780655,8699.503762383576,43497.51881191788,95694.54138621934,9279.65,46398.24999999999,102076.15,0.7733041666666667,1.379557023644279,6.897785118221394,0.627071374383763,800.3448168445393,800.3448168445393,0.0,4001.7240842226965,4001.7240842226965,0.0,2900.7311880821158,0.0,2900.7311880821158,6381.608613780655,0.0,39475.0,-0.20073682827926542,77.94582014609412
29,29,2025,2SB,2,SB,PM-Shoulder,1,OP,PM,2.2,65,12000,1,6,70,1800,1,6,0.1,0.01,6866.0,0.0,849.0,0.0,0.0,1.0,1.0,1.0,3.66,1.83,0.17391304347826086,0.17391304347826086,30,4.135,0.592,6866.0,0.0,849.0,0.0,0.0,7715.0,9413.0,1.0,1.2,0.6033974358974359,9413.0,0.0,1.0,343.3,4892.025,0.0,636.75,0.0,0.0,5786.25,0.47382953920987986,2.3691476960493993,,0.12173329674888386,0.12189729898152968,124.58749801959817,622.9374900979908,56.16081653942459,68.61863791962813,0.7505408911104579,1.9236756077060202,2.350393176839527,-0.4267175691335068,0.4378848061163053,595.5223310279586,5927.177668972041,0.0,0.0,595.5223310279586,6776.177668972041,6776.177668972041,595.5223310279586,0.330845739459977,595.5223310279586,1310.1491282615088,8474.177668972041,8474.177668972041,18643.19087173849,9069.699999999999,9069.699999999999,19953.34,0.7558083333333332,1.0424249862617359,5.212124931308679,0.4738295392098798,620.7873577403766,620.7873577403766,0.0,620.7873577403766,620.7873577403766,0.0,595.5223310279586,0.0,595.5223310279586,1310.1491282615088,0.0,7715.0,-0.1815515690473947,66.62433049176373
30,30,2025,2SB,2,SB,PM-Peak,3,Peak,PM,2.2,65,12000,1,6,70,1800,1,6,0.1,0.01,7013.0,0.0,867.0,0.0,0.0,1.0,1.0,1.0,3.66,1.83,0.17391304347826086,0.17391304347826086,30,4.135,0.592,7013.0,0.0,867.0,0.0,0.0,7880.0,9614.0,1.0,1.2,0.6162820512820513,9614.0,0.0,1.0,350.65000000000003,4996.762500000001,0.0,650.25,0.0,0.0,5910.0,0.5226714762299131,2.6133573811495654,,0.1202077674937739,0.12039292451871457,125.13969543228622,625.6984771614311,55.10489873829602,68.50718781248226,1.2243699277796256,1.9268051165858704,2.395431314135861,-0.4686261975499908,0.4995870542122834,600.6496648216086,6061.7003351783915,0.0,0.0,600.6496648216086,6928.7003351783915,20786.101005535173,600.6496648216086,0.333694258234227,1801.9489944648258,3964.2877878226172,8662.700335178391,25988.101005535173,57173.82221217739,9263.35,27790.05,61138.11,0.7719458333333333,1.1498772477058088,5.749386238529044,0.5226714762299131,690.6733834204878,690.6733834204878,0.0,2072.020150261463,2072.020150261463,0.0,1801.9489944648258,0.0,1801.9489944648258,3964.2877878226172,0.0,23640.0,-0.19563332698564356,66.91962322582151
31,31,2025,2SB,2,SB,PM-Late,3,OP,PM,2.2,65,12000,1,6,70,1800,1,6,0.1,0.01,5774.0,0.0,714.0,0.0,0.0,1.0,1.0,1.0,3.66,1.83,0.17391304347826086,0.17391304347826086,30,4.135,0.592,5774.0,0.0,714.0,0.0,0.0,6488.0,7916.0,1.0,1.2,0.5074358974358975,7916.0,0.0,1.0,288.7,4113.975,0.0,535.5,0.0,0.0,4866.0,0.24073687428442397,1.20368437142212,,0.14011085925099814,0.14017921811391634,118.40045389188904,592.0022694594452,61.76634052758162,69.14772721639939,0.4611699487702874,1.9089564518426323,2.1370862976908223,-0.22812984584818996,0.1456543816825803,576.4125721871252,4908.887427812875,0.0,0.0,576.4125721871252,5622.887427812875,16868.662283438625,576.4125721871252,0.3202292067706251,1729.2377165613757,3804.3229764350267,7050.887427812875,21152.662283438625,46535.85702356498,7627.3,22881.9,50340.18000000001,0.6356083333333333,0.5296211234257328,2.648105617128664,0.24073687428442397,305.2802740384615,305.2802740384615,0.0,915.8408221153845,915.8408221153845,0.0,1729.2377165613757,0.0,1729.2377165613757,3804.3229764350267,0.0,19464.0,-0.10674807381184852,63.31575074432569
32,32,2025,3NB,3,NB,Night,8,OP,NT,3.4,65,12000,1,6,70,1800,1,6,0.1,0.01,2870.0,0.0,355.0,0.0,0.0,1.0,1.0,1.0,3.66,1.83,0.17391304347826086,0.17391304347826086,30,4.103,0.708,2870.0,0.0,355.0,0.0,0.0,3225.0,3935.0,1.0,1.2,0.25224358974358974,3935.0,0.0,1.0,143.5,2044.875,0.0,266.25,0.0,0.0,2418.75,0.1526921604733572,0.763460802366786,,0.17390839954761889,0.1739112936917868,117.64260055354482,588.2130027677242,64.95425261509402,69.96819463580026,0.0,2.915610457892541,3.1406719619862833,-0.22506150409374248,0.003028280228899757,355.6209385249372,2370.879061475063,0.0,0.0,355.6209385249372,2725.879061475063,21807.032491800503,355.6209385249372,0.19756718806940954,2844.9675081994974,9672.889527878291,3435.879061475063,27487.032491800503,93455.9104721217,3791.5,30332.0,103128.79999999999,0.31595833333333334,0.5191533456094145,2.5957667280470726,0.1526921604733572,184.62180000398106,184.62180000398106,0.0,1476.9744000318485,1476.9744000318485,0.0,2844.9675081994974,0.0,2844.9675081994974,9672.889527878291,0.0,25800.0,-0.07166030289626453,40.70678219845841
33,33,2025,3NB,3,NB,AM-Early,1,OP,AM,3.4,65,12000,1,6,70,1800,1,6,0.1,0.01,6148.0,0.0,760.0,0.0,0.0,1.0,1.0,1.0,3.66,1.83,0.17391304347826086,0.17391304347826086,30,4.155,0.715,6148.0,0.0,760.0,0.0,0.0,6908.0,8428.0,1.0,1.2,0.5402564102564102,8428.0,0.0,1.0,307.40000000000003,4380.450000000001,0.0,570.0,0.0,0.0,5181.0,0.3629438333937959,1.8147191669689793,,0.1275036516173246,0.12765582887837326,143.78839054462182,718.941952723109,60.21080973353997,69.1429821977674,0.9504832181840014,2.950407886898854,3.3880959399614814,-0.43768805306262726,0.3419991300549211,558.5233707271096,5282.07662927289,0.0,0.0,558.5233707271096,6042.07662927289,6042.07662927289,558.5233707271096,0.3102907615150609,558.5233707271096,1898.9794604721726,7562.07662927289,7562.07662927289,25711.060539527825,8120.6,8120.6,27610.039999999997,0.6767166666666667,1.234009033538906,6.170045167694529,0.3629438333937959,689.2228849198526,689.2228849198526,0.0,689.2228849198526,689.2228849198526,0.0,558.5233707271096,0.0,558.5233707271096,1898.9794604721726,0.0,6908.0,-0.1291840788509676,49.75376835454042
34,34,2025,3NB,3,NB,AM-Peak,2,Peak,AM,3.4,65,12000,1,6,70,1800,1,6,0.1,0.01,7325.0,0.0,905.0,0.0,0.0,1.0,1.0,1.0,3.66,1.83,0.17391304347826086,0.17391304347826086,30,4.155,0.715,7325.0,0.0,905.0,0.0,0.0,8230.0,10040.0,1.0,1.2,0.6435897435897436,10040.0,0.0,1.0,366.25,5219.0625,0.0,678.75,0.0,0.0,6172.5,0.7916013070413255,3.9580065352066276,,0.11301303266136749,0.11341902351507788,151.27645596643973,756.3822798321987,52.48135151777584,68.4626855235293,2.1790912002400082,2.979725356083047,3.887095017568357,-0.9073696614853102,1.0256278663763407,589.8220807742183,6368.927919225782,0.0,0.0,589.8220807742183,7273.927919225782,14547.855838451564,589.8220807742183,0.32767893376345464,1179.6441615484366,4010.7901492646843,9083.927919225782,18167.855838451564,61770.709850735315,9673.75,19347.5,65781.5,0.8061458333333333,2.6914444439405067,13.457222219702533,0.7916013070413255,1587.4733622131987,1587.4733622131987,0.0,3174.9467244263974,3174.9467244263974,0.0,1179.6441615484366,0.0,1179.6441615484366,4010.7901492646843,0.0,16460.0,-0.23343130471066587,52.34479445205527
35,35,2025,3NB,3,NB,AM-Shoulder,1,OP,AM,3.4,65,12000,1,6,70,1800,1,6,0.1,0.01,7003.0,0.0,865.0,0.0,0.0,1.0,1.0,1.0,3.66,1.83,0.17391304347826086,0.17391304347826086,30,4.155,0.715,7003.0,0.0,865.0,0.0,0.0,7868.0,9598.0,1.0,1.2,0.6152564102564102,9598.0,0.0,1.0,350.15000000000003,4989.637500000001,0.0,648.75,0.0,0.0,5901.0,0.6354384645308797,3.1771923226543985,,0.11579626799717492,0.11610629828371058,149.78414543456427,748.9207271728212,55.066498519390336,68.7103194040955,1.2847508635282419,2.9689863439616104,3.704611796375002,-0.7356254524133914,0.7756258533414445,577.781401158754,6075.068598841246,0.0,0.0,577.781401158754,6940.068598841246,6940.068598841246,577.781401158754,0.3209896673104189,577.781401158754,1964.4567639397635,8670.068598841246,8670.068598841246,29478.233236060234,9247.85,9247.85,31442.69,0.7706541666666668,2.160490779404991,10.802453897024956,0.6354384645308797,1248.291389715184,1248.291389715184,0.0,1248.291389715184,1248.291389715184,0.0,577.781401158754,0.0,577.781401158754,1964.4567639397635,0.0,7868.0,-0.19857018571641108,51.82842402580078
36,36,2025,3NB,3,NB,MD,5,OP,MD,3.4,65,12000,1,6,70,1800,1,6,0.1,0.01,8246.0,0.0,1019.0,0.0,0.0,1.0,1.0,1.0,3.66,1.83,0.17391304347826086,0.17391304347826086,30,4.136,0.708,8246.0,0.0,1019.0,0.0,0.0,9265.0,11303.0,1.0,1.2,0.724551282051282,11303.0,0.0,1.0,412.3,5875.275,0.0,764.25,0.0,0.0,6948.75,1.431952557046868,7.15976278523434,,0.10817527807231826,0.10901463550421853,149.62078987022912,748.1039493511456,43.5223674390034,67.3776004756152,1.6690420694342336,3.027712452802919,4.68724501914805,-1.6595325663451312,2.1218333685405217,635.5595068763396,7198.14049312366,0.0,0.0,635.5595068763396,8217.140493123661,41085.702465618306,635.5595068763396,0.3530886149312998,3177.797534381698,10804.511616897773,10255.140493123661,51275.702465618306,174337.38838310222,10890.7,54453.5,185141.9,0.9075583333333334,4.868638693959351,24.343193469796756,1.431952557046868,3094.3096074918712,3094.3096074918712,0.0,15471.548037459357,15471.548037459357,0.0,3177.797534381698,0.0,3177.797534381698,10804.511616897773,0.0,46325.0,-0.3540528731836525,51.77189960907581
37,37,2025,3NB,3,NB,PM-Shoulder,1,OP,PM,3.4,65,12000,1,6,70,1800,1,6,0.1,0.01,7439.0,0.0,919.0,0.0,0.0,1.0,1.0,1.0,3.66,1.83,0.17391304347826086,0.17391304347826086,30,4.135,0.592,7439.0,0.0,919.0,0.0,0.0,8358.0,10196.0,1.0,1.2,0.6535897435897436,10196.0,0.0,1.0,371.95000000000005,5300.2875,0.0,689.25,0.0,0.0,6268.5,0.6962613039246223,3.481306519623111,,0.11659002812894965,0.11699623669300409,126.41386935341208,632.0693467670603,51.646060118266966,68.11553882170828,1.3503144758385823,2.9949113451773153,3.9499624856736393,-0.955051140496324,1.1117562976805782,617.9606687165203,6449.08933128348,0.0,0.0,617.9606687165203,7368.08933128348,7368.08933128348,617.9606687165203,0.3433114826202891,617.9606687165203,2101.066273636169,9206.08933128348,9206.08933128348,31300.70372636383,9824.05,9824.05,33401.77,0.8186708333333332,2.367288433343716,11.836442166718578,0.6962613039246223,1462.8911433139665,1462.8911433139665,0.0,1462.8911433139665,1462.8911433139665,0.0,617.9606687165203,0.0,617.9606687165203,2101.066273636169,0.0,8358.0,-0.24178739518672834,43.74182330567892
38,38,2025,3NB,3,NB,PM-Peak,3,Peak,PM,3.4,65,12000,1,6,70,1800,1,6,0.1,0.01,7508.0,0.0,928.0,0.0,0.0,1.0,1.0,1.0,3.66,1.83,0.17391304347826086,0.17391304347826086,30,4.135,0.592,7508.0,0.0,928.0,0.0,0.0,8436.0,10292.0,1.0,1.2,0.6597435897435897,10292.0,0.0,1.0,375.40000000000003,5349.450000000001,0.0,696.0,0.0,0.0,6327.0,0.7300067024083193,3.6500335120415968,,0.11612796848829775,0.11655807474918164,126.58108498357659,632.905424917883,51.02215706879869,68.03976844622456,2.143870589408024,2.9982465352043643,3.998262945349895,-1.0000164101455304,1.1779279274370476,621.2207610297245,6511.379238970276,0.0,0.0,621.2207610297245,7439.379238970276,22318.137716910827,621.2207610297245,0.34512264501651363,1863.6622830891733,6336.4517625031895,9295.379238970276,27886.137716910827,94812.8682374968,9916.6,29749.8,101149.31999999999,0.8263833333333334,2.4820227881882855,12.410113940941429,0.7300067024083193,1541.8840853714453,1541.8840853714453,0.0,4625.652256114336,4625.652256114336,0.0,1863.6622830891733,0.0,1863.6622830891733,6336.4517625031895,0.0,25308.0,-0.2501127174010856,43.79968338532062
39,39,2025,3NB,3,NB,PM-Late,3,OP,PM,3.4,65,12000,1,6,70,1800,1,6,0.1,0.01,7587.0,0.0,938.0,0.0,0.0,1.0,1.0,1.0,3.66,1.83,0.17391304347826086,0.17391304347826086,30,4.135,0.592,7587.0,0.0,938.0,0.0,0.0,8525.0,10401.0,1.0,1.2,0.6667307692307692,10401.0,0.0,1.0,379.35,5405.737499999999,0.0,703.5,0.0,0.0,6393.75,0.7703178092591081,3.8515890462955404,,0.11561889362340115,0.11607782492947401,126.76513135566549,633.8256567783274,50.29662356021537,67.94942691548111,1.396399048118264,3.002232826094992,4.055938263048019,-1.053705436953027,1.2569431126834778,625.0053889685304,6582.644611031469,0.0,0.0,625.0053889685304,7520.644611031469,22561.93383309441,625.0053889685304,0.347225216093628,1875.016166905591,6375.054967479009,9396.644611031468,28189.933833094405,95845.77503252098,10021.649999999998,30064.949999999997,102220.82999999999,0.8351374999999999,2.6190805514809674,13.095402757404838,0.7703178092591081,1636.9394588182752,1636.9394588182752,0.0,4910.818376454826,4910.818376454826,0.0,1875.016166905591,0.0,1875.016166905591,6375.054967479009,0.0,25575.0,-0.25979326326362084,43.86336725109532
40,40,2025,3SB,3,SB,Night,8,OP,NT,3.4,65,12000,1,6,70,1800,1,6,0.1,0.01,2929.0,0.0,362.0,0.0,0.0,1.0,1.0,1.0,3.66,1.83,0.17391304347826086,0.17391304347826086,30,4.103,0.708,2929.0,0.0,362.0,0.0,0.0,3291.0,4015.0,1.0,1.2,0.25737179487179485,4015.0,0.0,1.0,146.45000000000002,2086.9125000000004,0.0,271.5,0.0,0.0,2468.25,0.15276747952450526,0.7638373976225263,,0.1739098833003699,0.17391008555546236,117.64246119745475,588.2123059872737,64.94839258218263,69.96406518359291,0.1161291435623506,2.915782544434532,3.140955332218084,-0.22517278778355188,0.0034164974464671463,362.9347093330833,2419.6152906669167,0.0,0.0,362.9347093330833,2781.6152906669167,22252.922325335334,362.9347093330833,0.20163039407393515,2903.477674664666,9871.824093859865,3505.6152906669167,28044.922325335334,95352.73590614014,3868.55,30948.4,105224.56,0.32237916666666666,0.5194094303833179,2.5970471519165894,0.15276747952450526,188.51171064103184,188.51171064103184,0.0,1508.0936851282547,1508.0936851282547,0.0,2903.477674664666,0.0,2903.477674664666,9871.824093859865,0.0,26328.0,-0.0716892677440717,40.70673397835804
41,41,2025,3SB,3,SB,AM-Early,1,OP,AM,3.4,65,12000,1,6,70,1800,1,6,0.1,0.01,9916.0,0.0,1226.0,0.0,0.0,1.0,1.0,1.0,3.66,1.83,0.17391304347826086,0.17391304347826086,30,4.155,0.715,9916.0,0.0,1226.0,0.0,0.0,11142.0,13594.0,1.0,1.2,0.8714102564102564,13594.0,0.0,1.0,495.8,7065.150000000001,0.0,919.5,0.0,0.0,8356.5,3.6599999476887337,18.299999738443667,,0.11749906842418333,0.12040680412581092,147.47567290047837,737.3783645023918,26.551043201748207,60.35622515093277,1.7789681740324137,3.37993304733451,7.683313926684733,-4.303380879350223,6.226447771865776,830.1485432771188,8590.051456722882,0.0,0.0,830.1485432771188,9816.051456722882,9816.051456722882,830.1485432771188,0.4611936351539549,830.1485432771188,2822.505047142204,12268.051456722882,12268.051456722882,41711.3749528578,13098.2,13098.2,44533.880000000005,1.0915166666666667,12.443999822141695,62.219999110708464,3.6599999476887337,10330.368324891655,10330.368324891655,0.0,10330.368324891655,10330.368324891655,0.0,830.1485432771188,0.0,830.1485432771188,2822.505047142204,0.0,11142.0,-0.5600943707902204,51.02964460224165
42,42,2025,3SB,3,SB,AM-Peak,2,Peak,AM,3.4,65,12000,1,6,70,1800,1,6,0.1,0.01,9025.0,0.0,1116.0,0.0,0.0,1.0,1.0,1.0,3.66,1.83,0.17391304347826086,0.17391304347826086,30,4.155,0.715,9025.0,0.0,1116.0,0.0,0.0,10141.0,12373.0,1.0,1.2,0.7931410256410256,12373.0,0.0,1.0,451.25,6430.3125,0.0,837.0,0.0,0.0,7605.75,1.8299993254264941,9.14999662713247,,0.13278257489531342,0.13425394475701694,140.6326585816481,703.1632929082402,36.46731442787524,61.12062402871097,1.9965155639941048,3.337662257901236,5.594050540888323,-2.256388282987087,3.364156933324694,853.8334511315201,7719.91654886848,0.0,0.0,853.8334511315201,8835.916548868481,17671.833097736962,853.8334511315201,0.4743519172952889,1707.6669022630401,5806.067467694336,11067.916548868481,22135.833097736962,75261.83253230566,11921.750000000002,23843.500000000004,81067.9,0.9934791666666668,6.22199770645008,31.109988532250398,1.8299993254264941,5312.549774630674,5312.549774630674,0.0,10625.099549261347,10625.099549261347,0.0,1707.6669022630401,0.0,1707.6669022630401,5806.067467694336,0.0,20282.0,-0.4033550048385472,48.66181957842493
43,43,2025,3SB,3,SB,AM-Shoulder,1,OP,AM,3.4,65,12000,1,6,70,1800,1,6,0.1,0.01,8799.0,0.0,1088.0,0.0,0.0,1.0,1.0,1.0,3.66,1.83,0.17391304347826086,0.17391304347826086,30,4.155,0.715,8799.0,0.0,1088.0,0.0,0.0,9887.0,12063.0,1.0,1.2,0.7732692307692308,12063.0,0.0,1.0,439.95000000000005,6269.287499999999,0.0,816.0,0.0,0.0,7415.25,1.8299986398109456,9.149993199054729,,0.12088734598573443,0.12218662104158935,146.54749192807094,732.7374596403547,38.2546463568006,64.40677537093227,1.5048878836022477,3.1673686320285523,5.332685553992438,-2.165316921963886,3.006086901277332,757.87752709654,7601.17247290346,0.0,0.0,757.87752709654,8689.172472903461,8689.172472903461,757.87752709654,0.4210430706091889,757.87752709654,2576.783592128236,10865.172472903461,10865.172472903461,36941.586407871764,11623.050000000001,11623.050000000001,39518.37,0.9685875,6.221995375357214,31.109976876786074,1.8299986398109458,4715.510468681834,4715.510468681834,0.0,4715.510468681834,4715.510468681834,0.0,757.87752709654,0.0,757.87752709654,2576.783592128236,0.0,9887.0,-0.40604624068688455,50.70847471559548
44,44,2025,3SB,3,SB,MD,5,OP,MD,3.4,65,12000,1,6,70,1800,1,6,0.1,0.01,7308.0,0.0,903.0,0.0,0.0,1.0,1.0,1.0,3.66,1.83,0.17391304347826086,0.17391304347826086,30,4.136,0.708,7308.0,0.0,903.0,0.0,0.0,8211.0,10017.0,1.0,1.2,0.6421153846153846,10017.0,0.0,1.0,365.40000000000003,5206.950000000001,0.0,677.25,0.0,0.0,6158.25,0.7596004000730379,3.798002000365189,,0.11341637123283324,0.11380754053705561,146.9687156682204,734.843578341102,52.63312993963808,68.46380528707849,1.3842189394790827,2.979676621020391,3.875885782091164,-0.896209161070773,1.0102712137725867,590.5533741908012,6352.046625809199,0.0,0.0,590.5533741908012,7255.046625809199,36275.233129046,590.5533741908012,0.32808520788377843,2952.7668709540058,10039.407361243619,9061.046625809198,45305.23312904599,154037.79263875636,9651.599999999999,48258.0,164077.19999999998,0.8042999999999999,2.5826413602483287,12.913206801241643,0.7596004000730379,1525.1875696193708,1525.1875696193708,0.0,7625.937848096854,7625.937848096854,0.0,2952.7668709540058,0.0,2952.7668709540058,10039.407361243619,0.0,41055.0,-0.2312269275869217,50.85422687481674
45,45,2025,3SB,3,SB,PM-Shoulder,1,OP,PM,3.4,65,12000,1,6,70,1800,1,6,0.1,0.01,7141.0,0.0,883.0,0.0,0.0,1.0,1.0,1.0,3.66,1.83,0.17391304347826086,0.17391304347826086,30,4.135,0.592,7141.0,0.0,883.0,0.0,0.0,8024.0,9790.0,1.0,1.2,0.6275641025641026,9790.0,0.0,1.0,357.05,5087.9625,0.0,662.25,0.0,0.0,6018.0,0.5698154618604343,2.8490773093021717,,0.11898548686925883,0.11930361483077125,125.54412273053173,627.7206136526587,54.11990223136279,68.40160809076743,1.2549694681164694,2.982386024160375,3.7694081398724486,-0.7870221157120736,0.8643968439329469,605.3936952350313,6178.556304764968,0.0,0.0,605.3936952350313,7061.556304764968,7061.556304764968,605.3936952350313,0.3363298306861285,605.3936952350313,2058.3385637991064,8827.556304764968,8827.556304764968,30013.69143620089,9432.949999999999,9432.949999999999,32072.029999999995,0.7860791666666666,1.9373725703254765,9.686862851627383,0.5698154618604343,1172.8731393963308,1172.8731393963308,0.0,1172.8731393963308,1172.8731393963308,0.0,605.3936952350313,0.0,605.3936952350313,2058.3385637991064,0.0,8024.0,-0.20879196056989077,43.440872917139004
46,46,2025,3SB,3,SB,PM-Peak,3,Peak,PM,3.4,65,12000,1,6,70,1800,1,6,0.1,0.01,7293.0,0.0,901.0,0.0,0.0,1.0,1.0,1.0,3.66,1.83,0.17391304347826086,0.17391304347826086,30,4.135,0.592,7293.0,0.0,901.0,0.0,0.0,8194.0,9996.0,1.0,1.2,0.6407692307692308,9996.0,0.0,1.0,364.65000000000003,5196.262500000001,0.0,675.75,0.0,0.0,6145.5,0.6307829665257134,3.1539148326285673,,0.11768670554149357,0.11804698051498884,126.01556519656182,630.0778259828093,52.899069273290245,68.26326261528956,2.037588517100862,2.9884302651878847,3.856400553024541,-0.8679702878366564,0.9835764499513131,611.5310147538054,6316.818985246195,0.0,0.0,611.5310147538054,7217.818985246195,21653.456955738584,611.5310147538054,0.33973945264100297,1834.5930442614163,6237.616350488815,9019.818985246195,27059.456955738584,92002.15364951118,9631.35,28894.05,98239.76999999999,0.8026125000000001,2.1446620861874255,10.72331043093713,0.6307829665257134,1311.5273818702094,1311.5273818702094,0.0,3934.5821456106282,3934.5821456106282,0.0,1834.5930442614163,0.0,1834.5930442614163,6237.616350488815,0.0,24582.0,-0.22507264893837725,43.60400179811828
47,47,2025,3SB,3,SB,PM-Late,3,OP,PM,3.4,65,12000,1,6,70,1800,1,6,0.1,0.01,6005.0,0.0,742.0,0.0,0.0,1.0,1.0,1.0,3.66,1.83,0.17391304347826086,0.17391304347826086,30,4.135,0.592,6005.0,0.0,742.0,0.0,0.0,6747.0,8231.0,1.0,1.2,0.5276282051282051,8231.0,0.0,1.0,300.25,4278.5625,0.0,556.5,0.0,0.0,5060.25,0.27436056880980997,1.37180284404905,,0.1349355004170364,0.13506159506846058,120.04240944587458,600.212047229373,60.9003151650818,69.072338888036,0.8174220528604542,2.953425398417119,3.349736359278593,-0.3963109608614741,0.2894465045193644,577.3299720030662,5127.420027996934,0.0,0.0,577.3299720030662,5869.420027996934,17608.2600839908,577.3299720030662,0.3207388733350368,1731.9899160091986,5888.765714431275,7353.420027996934,22060.2600839908,75004.88428556873,7930.75,23792.25,80893.65,0.6608958333333333,0.9328259339533539,4.66412966976677,0.27436056880980997,538.548370333024,538.548370333024,0.0,1615.645110999072,1615.645110999072,0.0,1731.9899160091986,0.0,1731.9899160091986,5888.765714431275,0.0,20241.0,-0.11831109029333417,41.5371658982265
48,48,2025,4NB,4,NB,Night,8,OP,NT,4.4,65,12000,1,6,70,1800,1,6,0.1,0.01,2650.0,0.0,327.0,0.0,0.0,1.0,1.0,1.0,3.66,1.83,0.17391304347826086,0.17391304347826086,30,4.103,0.708,2650.0,0.0,327.0,0.0,0.0,2977.0,3631.0,1.0,1.2,0.23275641025641025,3631.0,0.0,1.0,132.5,1888.125,0.0,245.25,0.0,0.0,2232.75,0.15245823611596374,0.7622911805798187,,0.17391102054184068,0.1739099337288111,117.6415306488375,588.2076532441877,64.97176420180516,69.9802854322947,0.0,3.772491043287007,4.063303547984389,-0.29081250469738196,0.0024181684309203745,328.36574566056294,2189.134254339437,0.0,0.0,328.36574566056294,2516.134254339437,20129.074034715497,328.36574566056294,0.1824254142558683,2626.9259652845035,11558.474247251816,3170.134254339437,25361.074034715497,111588.7257527482,3498.5,27988.0,123147.20000000001,0.29154166666666664,0.6708162389102404,3.3540811945512026,0.15245823611596374,220.27307449097543,220.27307449097543,0.0,1762.1845959278035,1762.1845959278035,0.0,2626.9259652845035,0.0,2626.9259652845035,11558.474247251816,0.0,23816.0,-0.07157046015960096,31.45495471894051
49,49,2025,4NB,4,NB,AM-Early,1,OP,AM,4.4,65,12000,1,6,70,1800,1,6,0.1,0.01,5675.0,0.0,701.0,0.0,0.0,1.0,1.0,1.0,3.66,1.83,0.17391304347826086,0.17391304347826086,30,4.155,0.715,5675.0,0.0,701.0,0.0,0.0,6376.0,7778.0,1.0,1.2,0.4985897435897436,7778.0,0.0,1.0,283.75,4043.4375,0.0,525.75,0.0,0.0,4782.0,0.2748380377190006,1.3741901885950032,,0.13774958034319357,0.1378846462605189,138.9701058638411,694.8505293192055,62.05373969782884,69.28068019502594,0.9481351084704056,3.8105861440279867,4.254376952711473,-0.4437908086834863,0.2641887329070249,556.9818187689317,4834.268181231068,0.0,0.0,556.9818187689317,5535.268181231068,5535.268181231068,556.9818187689317,0.3094343437605176,556.9818187689317,2450.7200025833,6937.268181231068,6937.268181231068,30523.979997416704,7494.25,7494.25,32974.700000000004,0.6245208333333333,1.2092873659636028,6.046436829818014,0.2748380377190006,673.5510765086982,673.5510765086982,0.0,673.5510765086982,673.5510765086982,0.0,556.9818187689317,0.0,556.9818187689317,2450.7200025833,0.0,6376.0,-0.1043139368270228,37.157782316535055
50,50,2025,4NB,4,NB,AM-Peak,2,Peak,AM,4.4,65,12000,1,6,70,1800,1,6,0.1,0.01,6762.0,0.0,836.0,0.0,0.0,1.0,1.0,1.0,3.66,1.83,0.17391304347826086,0.17391304347826086,30,4.155,0.715,6762.0,0.0,836.0,0.0,0.0,7598.0,9270.0,1.0,1.2,0.5942307692307692,9270.0,0.0,1.0,338.1,4817.924999999999,0.0,627.0,0.0,0.0,5698.5,0.5405641266402011,2.702820633201006,,0.11836964702529904,0.11869764082933235,148.38176746513963,741.9088373256982,56.75909645812199,68.86237666876484,2.4234192039993343,3.8337334952853475,4.651236832051838,-0.8175033367664906,0.8078867676033256,570.2960816443638,5853.603918355636,0.0,0.0,570.2960816443638,6689.603918355636,13379.207836711272,570.2960816443638,0.316831156469091,1140.5921632887275,5018.605518470402,8361.603918355635,16723.20783671127,73582.1144815296,8931.899999999998,17863.799999999996,78600.72,0.7443249999999998,2.3784821572168853,11.892410786084426,0.5405641266402011,1356.4390545218232,1356.4390545218232,0.0,2712.8781090436464,2712.8781090436464,0.0,1140.5921632887275,0.0,1140.5921632887275,5018.605518470402,0.0,15196.0,-0.1757604194938099,39.67426937570579
51,51,2025,4NB,4,NB,AM-Shoulder,1,OP,AM,4.4,65,12000,1,6,70,1800,1,6,0.1,0.01,6463.0,0.0,799.0,0.0,0.0,1.0,1.0,1.0,3.66,1.83,0.17391304347826086,0.17391304347826086,30,4.155,0.715,6463.0,0.0,799.0,0.0,0.0,7262.0,8860.0,1.0,1.2,0.5679487179487179,8860.0,0.0,1.0,323.15000000000003,4604.887500000001,0.0,599.25,0.0,0.0,5446.5,0.443523084057856,2.21761542028928,,0.12230199101428427,0.12255737781060629,146.3560696396527,731.7803481982636,58.598697836616694,69.01619507632184,1.4009015441664376,3.825189141592847,4.505219565391669,-0.6800304237988217,0.6078431122788938,563.18690964679,5576.6630903532105,0.0,0.0,563.18690964679,6375.6630903532105,6375.6630903532105,563.18690964679,0.3128816164704389,563.18690964679,2478.022402445876,7973.6630903532105,7973.6630903532105,35084.11759755413,8536.85,8536.85,37562.14,0.7114041666666667,1.9515015698545666,9.757507849272834,0.443523084057856,1099.0601382972527,1099.0601382972527,0.0,1099.0601382972527,1099.0601382972527,0.0,563.18690964679,0.0,563.18690964679,2478.022402445876,0.0,7262.0,-0.15094279289353618,39.13263894108361
52,52,2025,4NB,4,NB,MD,5,OP,MD,4.4,65,12000,1,6,70,1800,1,6,0.1,0.01,7611.0,0.0,941.0,0.0,0.0,1.0,1.0,1.0,3.66,1.83,0.17391304347826086,0.17391304347826086,30,4.136,0.708,7611.0,0.0,941.0,0.0,0.0,8552.0,10434.0,1.0,1.2,0.6688461538461539,10434.0,0.0,1.0,380.55,5422.8375,0.0,705.75,0.0,0.0,6414.0,0.9346279517754567,4.673139758877284,,0.11127283137935157,0.11192375586273545,147.99572891907167,739.9786445953584,49.9130101310781,68.18070554943675,1.918882415431352,3.8720631866823054,5.28920214001723,-1.4171389533349248,1.681899239515913,603.4144827351244,6627.035517264875,0.0,0.0,603.4144827351244,7568.035517264875,37840.177586324375,603.4144827351244,0.3352302681861802,3017.0724136756216,13275.118620172736,9450.035517264874,47250.17758632437,207900.78137982724,10053.449999999999,50267.249999999985,221175.89999999997,0.8377874999999999,4.11236298781201,20.56181493906005,0.9346279517754565,2481.4593851096547,2481.4593851096547,0.0,12407.296925548273,12407.296925548273,0.0,3017.0724136756216,0.0,3017.0724136756216,13275.118620172736,0.0,42760.0,-0.2679305717233012,39.57105051312076
53,53,2025,4NB,4,NB,PM-Shoulder,1,OP,PM,4.4,65,12000,1,6,70,1800,1,6,0.1,0.01,6867.0,0.0,849.0,0.0,0.0,1.0,1.0,1.0,3.66,1.83,0.17391304347826086,0.17391304347826086,30,4.135,0.592,6867.0,0.0,849.0,0.0,0.0,7716.0,9414.0,1.0,1.2,0.6034615384615385,9414.0,0.0,1.0,343.35,4892.737499999999,0.0,636.75,0.0,0.0,5787.0,0.4740381498153616,2.3701907490768077,,0.12166832735743587,0.12199648431339123,124.55134497085261,622.7567248542631,56.15441698457125,68.62020482185491,1.5025125240982653,3.8472633633981577,4.7013220718244755,-0.8540587084263178,0.8765035460918388,595.2911878240022,5928.358812175998,0.0,0.0,595.2911878240022,6777.358812175998,6777.358812175998,595.2911878240022,0.33071732656889014,595.2911878240022,2619.28122642561,8475.358812175997,8475.358812175997,37291.57877357439,9070.65,9070.65,39910.86,0.7558874999999999,2.085767859187591,10.428839295937955,0.4740381498153615,1241.6392264209073,1241.6392264209073,0.0,1241.6392264209073,1241.6392264209073,0.0,595.2911878240022,0.0,595.2911878240022,2619.28122642561,0.0,7716.0,-0.1816635183419538,33.302498655308185
54,54,2025,4NB,4,NB,PM-Peak,3,Peak,PM,4.4,65,12000,1,6,70,1800,1,6,0.1,0.01,6930.0,0.0,857.0,0.0,0.0,1.0,1.0,1.0,3.66,1.83,0.17391304347826086,0.17391304347826086,30,4.135,0.592,6930.0,0.0,857.0,0.0,0.0,7787.0,9501.0,1.0,1.2,0.6090384615384615,9501.0,0.0,1.0,346.5,4937.625,0.0,642.75,0.0,0.0,5840.25,0.4945355021132911,2.472677510566456,,0.12099805740893765,0.12134384982999301,124.78980388667591,623.9490194333796,55.70612689783482,68.5737438078395,2.3930531276918647,3.8498700135111905,4.7391555417984215,-0.889285528287231,0.9283353999561444,597.4430332138057,5986.056966786195,0.0,0.0,597.4430332138057,6843.056966786195,20529.170900358586,597.4430332138057,0.33191279622989206,1792.329099641417,7886.248038422236,8557.056966786195,25671.170900358586,112953.15196157778,9154.5,27463.500000000004,120839.40000000002,0.762875,2.175956209298481,10.879781046492406,0.49453550211329117,1300.0098778236993,1300.0098778236993,0.0,3900.029633471098,3900.029633471098,0.0,1792.329099641417,0.0,1792.329099641417,7886.248038422236,0.0,23361.0,-0.18764641093627488,33.366257723710135
55,55,2025,4NB,4,NB,PM-Late,3,OP,PM,4.4,65,12000,1,6,70,1800,1,6,0.1,0.01,7003.0,0.0,866.0,0.0,0.0,1.0,1.0,1.0,3.66,1.83,0.17391304347826086,0.17391304347826086,30,4.135,0.592,7003.0,0.0,866.0,0.0,0.0,7869.0,9601.0,1.0,1.2,0.6154487179487179,9601.0,0.0,1.0,350.15000000000003,4989.637500000001,0.0,649.5,0.0,0.0,5901.75,0.5193092389119065,2.5965461945595325,,0.12025350914714841,0.12062080739072534,125.05557999162278,625.277899958114,55.17383475960814,68.51755495731614,1.5643481076792385,3.853027157265931,4.784876765413269,-0.9318496081473384,0.9909734763084865,600.0214187472048,6052.828581252796,0.0,0.0,600.0214187472048,6918.828581252796,20756.485743758385,600.0214187472048,0.333345232637336,1800.0642562416147,7920.282727463105,8650.828581252796,25952.485743758385,114190.9372725369,9250.85,27752.55,122111.22,0.7709041666666667,2.284960651212389,11.424803256061944,0.5193092389119065,1371.0253317219947,1371.0253317219947,0.0,4113.075995165984,4113.075995165984,0.0,1800.0642562416147,0.0,1800.0642562416147,7920.282727463105,0.0,23607.0,-0.19474892538154107,33.43732085337507
56,56,2025,4SB,4,SB,Night,8,OP,NT,4.4,65,12000,1,6,70,1800,1,6,0.1,0.01,2704.0,0.0,334.0,0.0,0.0,1.0,1.0,1.0,3.66,1.83,0.17391304347826086,0.17391304347826086,30,4.103,0.708,2704.0,0.0,334.0,0.0,0.0,3038.0,3706.0,1.0,1.2,0.23756410256410257,3706.0,0.0,1.0,135.20000000000002,1926.6000000000001,0.0,250.5,0.0,0.0,2278.5,0.15250739992401585,0.7625369996200793,,0.1739096467995158,0.17391126461978923,117.64142691923801,588.2071345961901,64.96807557764431,69.97775042393783,0.0,3.7726277052440294,4.063534245900352,-0.29090654065632293,0.0027342245757904665,335.0543255239471,2233.745674476053,0.0,0.0,335.0543255239471,2567.745674476053,20541.965395808424,335.0543255239471,0.1861412919577484,2680.434604191577,11793.912258442939,3235.745674476053,25885.965395808424,113898.24774155708,3570.8,28566.4,125692.16000000002,0.2975666666666667,0.6710325596656698,3.355162798328349,0.15250739992401585,224.8323616833888,224.8323616833888,0.0,1798.6588934671104,1798.6588934671104,0.0,2680.434604191577,0.0,2680.434604191577,11793.912258442939,0.0,24304.0,-0.0715895383310267,31.454926983753484
57,57,2025,4SB,4,SB,AM-Early,1,OP,AM,4.4,65,12000,1,6,70,1800,1,6,0.1,0.01,9153.0,0.0,1131.0,0.0,0.0,1.0,1.0,1.0,3.66,1.83,0.17391304347826086,0.17391304347826086,30,4.155,0.715,9153.0,0.0,1131.0,0.0,0.0,10284.0,12546.0,1.0,1.2,0.8042307692307692,12546.0,0.0,1.0,457.65000000000003,6521.512500000001,0.0,848.25,0.0,0.0,7713.0,1.8299999179125939,9.14999958956297,,0.13834437465760666,0.14036007087680688,137.86468081710495,689.3234040855249,35.43009225619837,59.025631015724784,1.5124393624094388,4.472633251979446,7.451293044652293,-2.978659792672847,4.64396377886595,902.2145686342651,7793.135431365736,0.0,0.0,902.2145686342651,8924.135431365736,8924.135431365736,902.2145686342651,0.5012303159079251,902.2145686342651,3969.744101990767,11186.135431365736,11186.135431365736,49218.99589800924,12088.35,12088.35,53188.740000000005,1.0073625,8.051999638815413,40.25999819407707,1.8299999179125939,7264.631380777107,7264.631380777107,0.0,7264.631380777107,7264.631380777107,0.0,902.2145686342651,0.0,902.2145686342651,3969.744101990767,0.0,10284.0,-0.3997507244478321,36.86221412222058
58,58,2025,4SB,4,SB,AM-Peak,2,Peak,AM,4.4,65,12000,1,6,70,1800,1,6,0.1,0.01,8331.0,0.0,1030.0,0.0,0.0,1.0,1.0,1.0,3.66,1.83,0.17391304347826086,0.17391304347826086,30,4.155,0.715,8331.0,0.0,1030.0,0.0,0.0,9361.0,11421.0,1.0,1.2,0.7321153846153846,11421.0,0.0,1.0,416.55,5935.8375,0.0,772.5,0.0,0.0,7020.75,1.5619594936955088,7.809797468477544,,0.10748121553324912,0.10867070983875526,154.01411706770563,770.0705853385281,42.58262514068046,67.2796211039184,3.440007485664329,3.9239222169850256,6.199711716405968,-2.2757894994209424,2.929297359168484,637.9910297078426,7276.458970292158,0.0,0.0,637.9910297078426,8306.458970292158,16612.917940584317,637.9910297078426,0.3544394609488014,1275.9820594156852,5614.321061429016,10366.458970292158,20732.917940584317,91224.838938571,11004.45,22008.9,96839.16000000002,0.9170375000000001,6.872621772260239,34.3631088613012,1.5619594936955088,4384.671041276848,4384.671041276848,0.0,8769.342082553696,8769.342082553696,0.0,1275.9820594156852,0.0,1275.9820594156852,5614.321061429016,0.0,18722.0,-0.3670798907308289,41.18024520526888
59,59,2025,4SB,4,SB,AM-Shoulder,1,OP,AM,4.4,65,12000,1,6,70,1800,1,6,0.1,0.01,8123.0,0.0,1004.0,0.0,0.0,1.0,1.0,1.0,3.66,1.83,0.17391304347826086,0.17391304347826086,30,4.155,0.715,8123.0,0.0,1004.0,0.0,0.0,9127.0,11135.0,1.0,1.2,0.7137820512820513,11135.0,0.0,1.0,406.15000000000003,5787.637500000001,0.0,753.0,0.0,0.0,6845.25,1.3599944659595824,6.799972329797912,,0.10832217234252435,0.10933075793885393,153.62551361485347,768.1275680742673,44.80073591821636,67.58446020370982,2.1242461318585355,3.906223401123038,5.892760343980317,-1.986536942857279,2.508773978945343,626.9294667310569,7089.9205332689435,0.0,0.0,626.9294667310569,8093.9205332689435,8093.9205332689435,626.9294667310569,0.3482941481839205,626.9294667310569,2758.4896536166507,10101.920533268943,10101.920533268943,44448.45034638335,10728.85,10728.85,47206.94,0.8940708333333334,5.983975650222163,29.919878251110816,1.3599944659595824,3751.5306633254104,3751.5306633254104,0.0,3751.5306633254104,3751.5306633254104,0.0,626.9294667310569,0.0,626.9294667310569,2758.4896536166507,0.0,9127.0,-0.3371148370027645,41.076340538730875
60,60,2025,4SB,4,SB,MD,5,OP,MD,4.4,65,12000,1,6,70,1800,1,6,0.1,0.01,6746.0,0.0,834.0,0.0,0.0,1.0,1.0,1.0,3.66,1.83,0.17391304347826086,0.17391304347826086,30,4.136,0.708,6746.0,0.0,834.0,0.0,0.0,7580.0,9248.0,1.0,1.2,0.5928205128205128,9248.0,0.0,1.0,337.3,4806.525,0.0,625.5,0.0,0.0,5685.0,0.5192289244112529,2.5961446220562645,,0.11883036743347566,0.11914671170393887,144.1592014187508,720.796007093754,56.872056900371014,68.86189573895064,1.5373197092883337,3.833760269987348,4.641998450354585,-0.8082381803672369,0.7952301846780885,571.1611318281866,5837.538868171813,0.0,0.0,571.1611318281866,6671.538868171813,33357.69434085907,571.1611318281866,0.31731173990454814,2855.805659140933,12565.544900220108,8339.538868171814,41697.694340859074,183469.85509977993,8910.7,44553.50000000001,196035.40000000005,0.7425583333333334,2.284607267409513,11.423036337047565,0.5192289244112529,1304.878872636518,1304.878872636518,0.0,6524.3943631825905,6524.3943631825905,0.0,2855.805659140933,0.0,2855.805659140933,12565.544900220108,0.0,37900.0,-0.17411427190491602,38.54524102105636
61,61,2025,4SB,4,SB,PM-Shoulder,1,OP,PM,4.4,65,12000,1,6,70,1800,1,6,0.1,0.01,6591.0,0.0,815.0,0.0,0.0,1.0,1.0,1.0,3.66,1.83,0.17391304347826086,0.17391304347826086,30,4.135,0.592,6591.0,0.0,815.0,0.0,0.0,7406.0,9036.0,1.0,1.2,0.5792307692307692,9036.0,0.0,1.0,329.55,4696.0875,0.0,611.25,0.0,0.0,5554.5,0.39527874657848794,1.9763937328924397,,0.12504171015989796,0.12530316785771342,123.36355189292955,616.8177594646478,57.942109691722,68.79919306294165,1.3710875830877958,3.837254308469532,4.556271792735859,-0.7190174842663271,0.6777846637404344,587.2068120605197,5674.24318793948,0.0,0.0,587.2068120605197,6489.24318793948,6489.24318793948,587.2068120605197,0.32622600670028873,587.2068120605197,2583.709973066287,8119.24318793948,8119.24318793948,35724.670026933716,8706.449999999999,8706.449999999999,38308.380000000005,0.7255375,1.7392264849453472,8.696132424726736,0.39527874657848794,1021.2856396759807,1021.2856396759807,0.0,1021.2856396759807,1021.2856396759807,0.0,587.2068120605197,0.0,587.2068120605197,2583.709973066287,0.0,7406.0,-0.15780829524100576,32.984906923243194
62,62,2025,4SB,4,SB,PM-Peak,3,Peak,PM,4.4,65,12000,1,6,70,1800,1,6,0.1,0.01,6732.0,0.0,832.0,0.0,0.0,1.0,1.0,1.0,3.66,1.83,0.17391304347826086,0.17391304347826086,30,4.135,0.592,6732.0,0.0,832.0,0.0,0.0,7564.0,9228.0,1.0,1.2,0.5915384615384616,9228.0,0.0,1.0,336.6,4796.549999999999,0.0,624.0,0.0,0.0,5673.0,0.43328156092542885,2.1664078046271444,,0.12322193763361818,0.12351534343219224,124.00156963460961,620.0078481730482,57.06659095536599,68.71270134690167,2.2483009223888213,3.842084430172153,4.6261743619219295,-0.7840899317497767,0.7735511835253511,591.0401849565312,5804.359815043468,0.0,0.0,591.0401849565312,6636.359815043468,19909.079445130403,591.0401849565312,0.328355658309184,1773.1205548695937,7801.730441426213,8300.359815043468,24901.079445130403,109564.74955857378,8891.4,26674.199999999997,117366.48,0.74095,1.9064388680718871,9.532194340359437,0.43328156092542885,1126.7819811935283,1126.7819811935283,0.0,3380.345943580585,3380.345943580585,0.0,1773.1205548695937,0.0,1773.1205548695937,7801.730441426213,0.0,22692.0,-0.16948992199767174,33.15549990230203
63,63,2025,4SB,4,SB,PM-Late,3,OP,PM,4.4,65,12000,1,6,70,1800,1,6,0.1,0.01,5543.0,0.0,685.0,0.0,0.0,1.0,1.0,1.0,3.66,1.83,0.17391304347826086,0.17391304347826086,30,4.135,0.592,5543.0,0.0,685.0,0.0,0.0,6228.0,7598.0,1.0,1.2,0.48705128205128206,7598.0,0.0,1.0,277.15000000000003,3949.3875000000003,0.0,513.75,0.0,0.0,4671.0,0.21291755532125764,1.0645877766062881,,0.14610343192108607,0.14621856158559948,116.54201146963334,582.7100573481666,62.49313139249263,69.20969461131058,0.7782253486707851,3.814494508069334,4.224464258990783,-0.40996975092144883,0.2232083425096793,577.0190677362384,4688.8309322637615,0.0,0.0,577.0190677362384,5373.8309322637615,16121.492796791284,577.0190677362384,0.3205661487423547,1731.0572032087152,7616.651694118347,6743.8309322637615,20231.492796791284,89018.56830588166,7320.85,21962.55,96635.22000000002,0.6100708333333333,0.9368372434135337,4.684186217067668,0.21291755532125764,540.5729528150647,540.5729528150647,0.0,1621.7188584451942,1621.7188584451942,0.0,1731.0572032087152,0.0,1731.0572032087152,7616.651694118347,0.0,18684.0,-0.09704656633061204,31.160965633591804
64,64,2025,5NB,5,NB,Night,8,OP,NT,3.0,70,8000,1,6,70,1800,1,6,0.1,0.01,1487.0,0.0,184.0,0.0,0.0,1.0,1.0,1.0,3.66,1.83,0.2448979591836735,0.2448979591836735,30,4.103,0.708,1487.0,0.0,184.0,0.0,0.0,1671.0,2039.0,1.0,1.2,0.1757758620689655,2039.0,0.0,1.0,74.35000000000001,1059.4875000000002,0.0,138.0,0.0,0.0,1253.25,0.9650000000815371,4.825000000407686,,0.01000211893270684,0.01000211893270684,216111.03726392752,1080555.1863196376,69.98140620433412,69.99999922668763,0.0,2.571428599835965,2.5721117903008377,-0.0006831904648727516,0.0009360098550051925,10.59711998271624,1402.0528800172838,0.0,0.0,10.59711998271624,1586.0528800172838,12688.42304013827,10.59711998271624,0.0058872888792868,84.77695986172992,254.33087958518976,1954.0528800172838,15632.42304013827,46897.269120414814,1964.65,15717.2,47151.600000000006,0.24558125,2.895000000244611,14.475000001223057,0.9650000000815371,30.678662352555687,30.678662352555687,0.0,245.4292988204455,245.4292988204455,0.0,84.77695986172992,0.0,84.77695986172992,254.33087958518976,0.0,13368.0,-0.0002656146079843772,84749.42637801079
65,65,2025,5NB,5,NB,AM-Early,1,OP,AM,3.0,70,8000,1,6,70,1800,1,6,0.1,0.01,4065.0,0.0,502.0,0.0,0.0,1.0,1.0,1.0,3.66,1.83,0.2448979591836735,0.2448979591836735,30,4.155,0.715,4065.0,0.0,502.0,0.0,0.0,4567.0,5571.0,1.0,1.2,0.4802586206896552,5571.0,0.0,1.0,203.25,2896.3125,0.0,376.5,0.0,0.0,3425.25,0.16690440186361072,0.8345220093180536,,0.13809201396019613,0.13813206827319593,138.85861546777826,694.2930773388913,65.24167848772555,69.90099678919584,1.4940717544685709,2.5750705750711336,2.7589725490257715,-0.18390197395463792,0.25693524930816414,399.95762618309055,3461.7923738169093,0.0,0.0,399.95762618309055,3963.7923738169093,3963.7923738169093,399.95762618309055,0.2221986812128281,399.95762618309055,1199.8728785492717,4967.792373816909,4967.792373816909,14903.377121450729,5367.75,5367.75,16103.25,0.67096875,0.5007132055908321,2.503566027954161,0.16690440186361072,200.264065106635,200.264065106635,0.0,200.264065106635,200.264065106635,0.0,399.95762618309055,0.0,399.95762618309055,1199.8728785492717,0.0,4567.0,-0.06665596365559202,54.45435900697187
66,66,2025,5NB,5,NB,AM-Peak,2,Peak,AM,3.0,70,8000,1,6,70,1800,1,6,0.1,0.01,4453.0,0.0,550.0,0.0,0.0,1.0,1.0,1.0,3.66,1.83,0.2448979591836735,0.2448979591836735,30,4.155,0.715,4453.0,0.0,550.0,0.0,0.0,5003.0,6103.0,1.0,1.2,0.5261206896551724,6103.0,0.0,1.0,222.65,3172.7625000000003,0.0,412.5,0.0,0.0,3752.25,0.28854832253970025,1.4427416126985013,,0.13805092477657427,0.13812675444997088,138.86100479998248,694.3050239999125,62.16235264037799,69.829296547341,2.558214889182255,2.5777146398427258,2.8956433010400535,-0.31792866119732777,0.4441741795677305,438.00279722143574,3792.347202778564,0.0,0.0,438.00279722143574,4342.347202778565,8684.69440555713,438.00279722143574,0.24333488734524208,876.0055944428715,2628.0167833286146,5442.347202778565,10884.69440555713,32654.083216671388,5880.35,11760.7,35282.100000000006,0.73504375,0.8656449676191007,4.328224838095504,0.28854832253970025,379.1549172178253,379.1549172178253,0.0,758.3098344356506,758.3098344356506,0.0,876.0055944428715,0.0,876.0055944428715,2628.0167833286146,0.0,10006.0,-0.10979551973239748,54.45529599999313
67,67,2025,5NB,5,NB,AM-Shoulder,1,OP,AM,3.0,70,8000,1,6,70,1800,1,6,0.1,0.01,4266.0,0.0,527.0,0.0,0.0,1.0,1.0,1.0,3.66,1.83,0.2448979591836735,0.2448979591836735,30,4.155,0.715,4266.0,0.0,527.0,0.0,0.0,4793.0,5847.0,1.0,1.2,0.5040517241379311,5847.0,0.0,1.0,213.3,3039.5249999999996,0.0,395.25,0.0,0.0,3594.75,0.22310442409955966,1.1155221204977983,,0.13807928522349475,0.13813545901465946,138.8570871822978,694.285435911489,63.781834927389774,69.86785647882965,1.5683948978981204,2.5762920042429096,2.822120125658266,-0.24582812141535637,0.3434474292946817,419.69543941894284,3633.004560581057,0.0,0.0,419.69543941894284,4160.004560581057,4160.004560581057,419.69543941894284,0.2331641330105238,419.69543941894284,1259.0863182568285,5214.004560581057,5214.004560581057,15642.013681743172,5633.7,5633.7,16901.100000000002,0.7042125,0.669313272298679,3.346566361493395,0.22310442409955966,280.90772792632464,280.90772792632464,0.0,280.90772792632464,280.90772792632464,0.0,419.69543941894284,0.0,419.69543941894284,1259.0863182568285,0.0,4793.0,-0.08710760367013662,54.45375967933247
68,68,2025,5NB,5,NB,MD,5,OP,MD,3.0,70,8000,1,6,70,1800,1,6,0.1,0.01,4708.0,0.0,582.0,0.0,0.0,1.0,1.0,1.0,3.66,1.83,0.2448979591836735,0.2448979591836735,30,4.136,0.708,4708.0,0.0,582.0,0.0,0.0,5290.0,6454.0,1.0,1.2,0.5563793103448276,6454.0,0.0,1.0,235.4,3354.4500000000003,0.0,436.5,0.0,0.0,3967.5,0.39137003016317296,1.9568501508158649,,0.1386249476019884,0.13873442697391516,134.94998123632578,674.749906181629,59.522399446034925,69.75785594223167,1.7256325120872662,2.580354535968863,3.024071638160257,-0.44371710219139393,0.6201210014224092,465.01045548349003,4007.58954451651,0.0,0.0,465.01045548349003,4589.58954451651,22947.947722582547,465.01045548349003,0.25833914193527224,2325.05227741745,6975.156832252351,5753.58954451651,28767.947722582547,86303.84316774763,6218.599999999999,31092.999999999996,93278.99999999999,0.7773249999999999,1.1741100904895188,5.870550452447595,0.39137003016317296,545.9734679662928,545.9734679662928,0.0,2729.867339831464,2729.867339831464,0.0,2325.05227741745,0.0,2325.05227741745,6975.156832252351,0.0,26450.0,-0.14672836998707361,52.92156126914737
69,69,2025,5NB,5,NB,PM-Shoulder,1,OP,PM,3.0,70,8000,1,6,70,1800,1,6,0.1,0.01,5570.0,0.0,688.0,0.0,0.0,1.0,1.0,1.0,3.66,1.83,0.2448979591836735,0.2448979591836735,30,4.135,0.592,5570.0,0.0,688.0,0.0,0.0,6258.0,7634.0,1.0,1.2,0.6581034482758621,7634.0,0.0,1.0,278.5,3968.625,0.0,516.0,0.0,0.0,4693.5,0.8895527042843776,4.447763521421888,,0.14735961105379947,0.1476884996621918,116.10187137363813,580.5093568681907,47.682255351016735,69.15817020217243,1.9273375476999428,2.602729359001256,3.7749892213553156,-1.1722598623540597,1.6488780903996398,584.8150364183849,4706.684963581615,0.0,0.0,584.8150364183849,5394.684963581615,5394.684963581615,584.8150364183849,0.3248972424546583,584.8150364183849,1754.4451092551549,6770.684963581615,6770.684963581615,20312.054890744846,7355.5,7355.5,22066.5,0.9194375,2.668658112853133,13.343290564265665,0.8895527042843776,1560.6713914564232,1560.6713914564232,0.0,1560.6713914564232,1560.6713914564232,0.0,584.8150364183849,0.0,584.8150364183849,1754.4451092551549,0.0,6258.0,-0.3105333005250778,45.53014563672084
70,70,2025,5NB,5,NB,PM-Peak,3,Peak,PM,3.0,70,8000,1,6,70,1800,1,6,0.1,0.01,5539.0,0.0,685.0,0.0,0.0,1.0,1.0,1.0,3.66,1.83,0.2448979591836735,0.2448979591836735,30,4.135,0.592,5539.0,0.0,685.0,0.0,0.0,6224.0,7594.0,1.0,1.2,0.6546551724137931,7594.0,0.0,1.0,276.95,3946.5375000000004,0.0,513.75,0.0,0.0,4668.0,0.8618302048267256,4.3091510241336275,,0.1474172734867759,0.1477341132663218,116.0882859860139,580.4414299300694,48.159161907934056,69.18428972913654,2.995874781228903,2.601746736213064,3.7376065709803314,-1.1358598347672673,1.5976638593859116,581.787797963317,4680.262202036683,0.0,0.0,581.787797963317,5365.262202036683,16095.78660611005,581.787797963317,0.3232154433129539,1745.3633938899509,5236.090181669852,6735.262202036683,20205.78660611005,60617.35981833015,7317.05,21951.15,65853.45,0.91463125,2.5854906144801766,12.927453072400883,0.8618302048267256,1504.2068912532452,1504.2068912532452,0.0,4512.620673759736,4512.620673759736,0.0,1745.3633938899509,0.0,1745.3633938899509,5236.090181669852,0.0,18672.0,-0.3039003204848669,45.52481803373094
71,71,2025,5NB,5,NB,PM-Late,3,OP,PM,3.0,70,8000,1,6,70,1800,1,6,0.1,0.01,3830.0,0.0,473.0,0.0,0.0,1.0,1.0,1.0,3.66,1.83,0.2448979591836735,0.2448979591836735,30,4.135,0.592,3830.0,0.0,473.0,0.0,0.0,4303.0,5249.0,1.0,1.2,0.4525,5249.0,0.0,1.0,191.5,2728.875,0.0,354.75,0.0,0.0,3227.25,0.10000820462341058,0.5000410231170529,,0.13825356164748587,0.13827808147173587,119.00294116384221,595.014705819211,66.60334224789162,69.9303883964857,1.4062961524001094,2.5739882778778584,2.7025670773405976,-0.1285787994627392,0.17965975309947602,377.276688040783,3261.223311959217,0.0,0.0,377.276688040783,3734.223311959217,11202.669935877651,377.276688040783,0.20959816002265722,1131.8300641223489,3395.490192367047,4680.2233119592165,14040.66993587765,42122.009807632945,5057.499999999999,15172.499999999998,45517.49999999999,0.6321874999999999,0.3000246138702317,1.5001230693511587,0.10000820462341059,113.19229265167579,113.19229265167579,0.0,339.5768779550274,339.5768779550274,0.0,1131.8300641223489,0.0,1131.8300641223489,3395.490192367047,0.0,12909.0,-0.04757654325799912,46.66782006425184
72,72,2025,5SB,5,SB,Night,8,OP,NT,3.0,70,8000,1,6,70,1800,1,6,0.1,0.01,1525.0,0.0,188.0,0.0,0.0,1.0,1.0,1.0,3.66,1.83,0.2448979591836735,0.2448979591836735,30,4.103,0.708,1525.0,0.0,188.0,0.0,0.0,1713.0,2089.0,1.0,1.2,0.18008620689655172,2089.0,0.0,1.0,76.25,1086.5625,0.0,141.0,0.0,0.0,1284.75,0.9650000000815371,4.825000000407686,,0.01000211893270684,0.01000211893270684,186880.2896947257,934401.4484736286,69.97849875688928,69.99999910027826,0.0,2.5714286044795744,2.5722186556950004,-0.0007900512154259687,0.0010824154450079207,10.867927352819276,1437.8820726471806,0.0,0.0,10.867927352819276,1625.8820726471806,13007.056581177445,10.867927352819276,0.006037737418232931,86.94341882255421,260.8302564676626,2001.8820726471806,16015.056581177445,48045.16974353234,2012.75,16102.0,48306.0,0.25159375,2.895000000244611,14.475000001223057,0.965000000081537,31.46264968907022,31.46264968907022,0.0,251.70119751256175,251.70119751256175,0.0,86.94341882255421,0.0,86.94341882255421,260.8302564676626,0.0,13704.0,-0.00030714776664758343,73286.38811557871
73,73,2025,5SB,5,SB,AM-Early,1,OP,AM,3.0,70,8000,1,6,70,1800,1,6,0.1,0.01,4818.0,0.0,595.0,0.0,0.0,1.0,1.0,1.0,3.66,1.83,0.2448979591836735,0.2448979591836735,30,4.155,0.715,4818.0,0.0,595.0,0.0,0.0,5413.0,6603.0,1.0,1.2,0.5692241379310344,6603.0,0.0,1.0,240.9,3432.8250000000003,0.0,446.25,0.0,0.0,4059.75,0.4628474648527267,2.3142373242636336,,0.13801279884666814,0.13814439476846302,138.8530655139179,694.2653275695894,58.22404011700311,69.72684315431867,1.771738965077342,2.58150221431402,3.0915065261408192,-0.5100043118267994,0.71250679795578,473.7737862008136,4103.326213799187,0.0,0.0,473.7737862008136,4698.326213799187,4698.326213799187,473.7737862008136,0.263207659000452,473.7737862008136,1421.3213586024408,5888.326213799187,5888.326213799187,17664.97864139756,6362.1,6362.1,19086.3,0.7952625000000001,1.38854239455818,6.942711972790901,0.4628474648527267,657.854987570173,657.854987570173,0.0,657.854987570173,657.854987570173,0.0,473.7737862008136,0.0,473.7737862008136,1421.3213586024408,0.0,5413.0,-0.1649695083980452,54.4521825544776
74,74,2025,5SB,5,SB,AM-Peak,2,Peak,AM,3.0,70,8000,1,6,70,1800,1,6,0.1,0.01,3481.0,0.0,430.0,0.0,0.0,1.0,1.0,1.0,3.66,1.83,0.2448979591836735,0.2448979591836735,30,4.155,0.715,3481.0,0.0,430.0,0.0,0.0,3911.0,4771.0,1.0,1.2,0.41129310344827585,4771.0,0.0,1.0,174.05,2480.2124999999996,0.0,322.5,0.0,0.0,2933.25,0.10001302118301945,0.5000651059150972,,0.08216752986954891,0.08218303275863996,172.29936722260626,861.4968361130312,67.65749668572509,69.99401183594124,2.7074110625882963,2.571648563621435,2.66045905949071,-0.08881049586927503,0.12197176864512965,203.79293467657854,3103.157065323421,0.0,0.0,203.79293467657854,3533.157065323421,7066.314130646842,203.79293467657854,0.11321829704254363,407.5858693531571,1222.7576080594713,4393.157065323421,8786.314130646842,26358.942391940527,4596.95,9193.9,27581.699999999997,0.57461875,0.30003906354905835,1.5001953177452916,0.10001302118301945,61.14584127827504,61.14584127827504,0.0,122.29168255655009,122.29168255655009,0.0,407.5858693531571,0.0,407.5858693531571,1222.7576080594713,0.0,7822.0,-0.0333816434996282,67.56837930298285
75,75,2025,5SB,5,SB,AM-Shoulder,1,OP,AM,3.0,70,8000,1,6,70,1800,1,6,0.1,0.01,3793.0,0.0,469.0,0.0,0.0,1.0,1.0,1.0,3.66,1.83,0.2448979591836735,0.2448979591836735,30,4.155,0.715,3793.0,0.0,469.0,0.0,0.0,4262.0,5200.0,1.0,1.2,0.4482758620689655,5200.0,0.0,1.0,189.65,2702.5125,0.0,351.75,0.0,0.0,3196.5,0.110321778609169,0.551608893045845,,0.13819916128582838,0.13822386693565733,138.8173036853345,694.0865184266725,66.77962789993568,69.9344261132145,1.3942157945094074,2.573839666727286,2.695432808785887,-0.12159314205860117,0.1698858051795223,373.4849608644672,3229.8650391355327,0.0,0.0,373.4849608644672,3698.8650391355327,3698.8650391355327,373.4849608644672,0.207491644924704,373.4849608644672,1120.4548825934016,4636.865039135533,4636.865039135533,13910.5951174066,5010.35,5010.35,15031.050000000001,0.6262937500000001,0.330965335827507,1.654826679137535,0.110321778609169,123.6105754990317,123.6105754990317,0.0,123.6105754990317,123.6105754990317,0.0,373.4849608644672,0.0,373.4849608644672,1120.4548825934016,0.0,4262.0,-0.04511080434365225,54.43815830797431
76,76,2025,5SB,5,SB,MD,5,OP,MD,3.0,70,8000,1,6,70,1800,1,6,0.1,0.01,4637.0,0.0,573.0,0.0,0.0,1.0,1.0,1.0,3.66,1.83,0.2448979591836735,0.2448979591836735,30,4.136,0.708,4637.0,0.0,573.0,0.0,0.0,5210.0,6356.0,1.0,1.2,0.5479310344827586,6356.0,0.0,1.0,231.85000000000002,3303.8624999999997,0.0,429.75,0.0,0.0,3907.5,0.3570513368095392,1.785256684047696,,0.13861685059569967,0.1387152279782034,134.95827442696117,674.7913721348058,60.31447733103488,69.7789411698364,1.6992946857992999,2.5795748256181517,2.9843581170748337,-0.404783291456682,0.5657134775353799,457.97101455123476,3947.1789854487656,0.0,0.0,457.97101455123476,4520.178985448765,22600.894927243826,457.97101455123476,0.25442834141735265,2289.8550727561737,6869.565218268521,5666.178985448765,28330.894927243826,84992.68478173148,6124.15,30620.75,91862.25,0.7655187499999999,1.0711540104286177,5.355770052143088,0.3570513368095392,490.55748889661794,490.55748889661794,0.0,2452.7874444830895,2452.7874444830895,0.0,2289.8550727561737,0.0,2289.8550727561737,6869.565218268521,0.0,26050.0,-0.13563495920303184,52.92481350076908
77,77,2025,5SB,5,SB,PM-Shoulder,1,OP,PM,3.0,70,8000,1,6,70,1800,1,6,0.1,0.01,4858.0,0.0,600.0,0.0,0.0,1.0,1.0,1.0,3.66,1.83,0.2448979591836735,0.2448979591836735,30,4.135,0.592,4858.0,0.0,600.0,0.0,0.0,5458.0,6658.0,1.0,1.2,0.5739655172413793,6658.0,0.0,1.0,242.9,3461.3250000000003,0.0,450.0,0.0,0.0,4093.5,0.3914096890469406,1.9570484452347032,,0.14746453528566378,0.14759077059744088,116.13099079114212,580.6549539557107,58.047298180812774,69.62587056903222,1.6796859035143428,2.585245951381459,3.1009195197908115,-0.5156735684093525,0.725402599256269,510.42268259765024,4104.67731740235,0.0,0.0,510.42268259765024,4704.67731740235,4704.67731740235,510.42268259765024,0.2835681569986946,510.42268259765024,1531.2680477929507,5904.67731740235,5904.67731740235,17714.03195220705,6415.1,6415.1,19245.3,0.8018875000000001,1.1742290671408218,5.87114533570411,0.3914096890469406,599.3531504341546,599.3531504341546,0.0,599.3531504341546,599.3531504341546,0.0,510.42268259765024,0.0,510.42268259765024,1531.2680477929507,0.0,5458.0,-0.1662969854967858,45.541565016134165
78,78,2025,5SB,5,SB,PM-Peak,3,Peak,PM,3.0,70,8000,1,6,70,1800,1,6,0.1,0.01,4919.0,0.0,608.0,0.0,0.0,1.0,1.0,1.0,3.66,1.83,0.2448979591836735,0.2448979591836735,30,4.135,0.592,4919.0,0.0,608.0,0.0,0.0,5527.0,6743.0,1.0,1.2,0.5812931034482759,6743.0,0.0,1.0,245.95000000000002,3504.7875000000004,0.0,456.0,0.0,0.0,4145.25,0.4223341070834994,2.111670535417497,,0.1474914437982047,0.14762935596277216,116.11949126975732,580.5974563487866,57.273729725349106,69.59665412479319,2.6582935145349875,2.5863312290450553,3.1428021339482064,-0.5564709049031511,0.7827817806518999,516.9261685809004,4156.1238314191,0.0,0.0,516.9261685809004,4764.1238314191,14292.371494257299,516.9261685809004,0.28718120476716685,1550.778505742701,4652.3355172281035,5980.1238314191,17940.3714942573,53821.114482771896,6497.05,19491.15,58473.45,0.81213125,1.2670023212504982,6.3350116062524915,0.4223341070834994,654.946655507127,654.946655507127,0.0,1964.839966521381,1964.839966521381,0.0,1550.778505742701,0.0,1550.778505742701,4652.3355172281035,0.0,16581.0,-0.17706202337468624,45.53705539990483
79,79,2025,5SB,5,SB,PM-Late,3,OP,PM,3.0,70,8000,1,6,70,1800,1,6,0.1,0.01,3555.0,0.0,439.0,0.0,0.0,1.0,1.0,1.0,3.66,1.83,0.2448979591836735,0.2448979591836735,30,4.135,0.592,3555.0,0.0,439.0,0.0,0.0,3994.0,4872.0,1.0,1.2,0.42,4872.0,0.0,1.0,177.75,2532.9375,0.0,329.25,0.0,0.0,2995.5,0.10000008742379213,0.5000004371189606,,0.07336478003238409,0.07338143989770984,147.52948746340823,737.6474373170411,67.28188785123179,69.99524640717578,1.8421605517572957,2.5716032050648905,2.675311376488146,-0.10370817142325572,0.14231944293161777,185.82840252327688,3191.421597476723,0.0,0.0,185.82840252327688,3630.421597476723,10891.26479243017,185.82840252327688,0.10323800140182049,557.4852075698307,1672.455622709492,4508.421597476723,13525.26479243017,40575.794377290506,4694.25,14082.75,42248.25,0.58678125,0.3000002622713764,1.5000013113568818,0.10000008742379213,55.74856949445397,55.74856949445397,0.0,167.2457084833619,167.2457084833619,0.0,557.4852075698307,0.0,557.4852075698307,1672.455622709492,0.0,11982.0,-0.03876489754975452,57.85470096604244
80,80,2025,6NB,6,NB,Night,8,OP,NT,4.4,70,8000,1,6,70,1800,1,6,0.1,0.01,1452.0,0.0,179.0,0.0,0.0,1.0,1.0,1.0,3.66,1.83,0.282574568288854,0.282574568288854,30,4.103,0.708,1452.0,0.0,179.0,0.0,0.0,1631.0,1989.0,1.0,1.2,0.17146551724137932,1989.0,0.0,1.0,72.60000000000001,896.6100000000001,0.0,116.35000000000001,0.0,0.0,1060.15,0.965000000000002,4.82500000000001,,0.01000051082493449,0.01000051082493449,249784.45484926895,1248922.2742463448,69.98391231894469,69.9999993939118,0.0,3.7714286040831193,3.772295535534601,-0.0008669314514815341,0.0011877408252603425,8.966558010744514,1370.4334419892555,0.0,0.0,8.966558010744514,1549.4334419892555,12395.467535914044,8.966558010744514,0.004981421117080285,71.73246408595611,315.6228419782069,1907.4334419892555,15259.467535914044,67141.6571580218,1916.4,15331.2,67457.28000000001,0.23955,4.246000000000009,21.230000000000047,0.965000000000002,38.07200531362129,38.07200531362129,0.0,304.5760425089703,304.5760425089703,0.0,71.73246408595611,0.0,71.73246408595611,315.6228419782069,0.0,13048.0,-0.00022981535866295125,66787.28739285267
81,81,2025,6NB,6,NB,AM-Early,1,OP,AM,4.4,70,8000,1,6,70,1800,1,6,0.1,0.01,3969.0,0.0,491.0,0.0,0.0,1.0,1.0,1.0,3.66,1.83,0.282574568288854,0.282574568288854,30,4.155,0.715,3969.0,0.0,491.0,0.0,0.0,4460.0,5442.0,1.0,1.2,0.46913793103448276,5442.0,0.0,1.0,198.45000000000002,2450.8575,0.0,319.15000000000003,0.0,0.0,2899.0,0.13861010667269047,0.6930505333634523,,0.15619538583237236,0.1562352823297941,131.260890922348,656.3044546117401,65.79161732954778,69.92071240546518,2.1787021413617276,3.775705236941566,4.012669253556023,-0.23696401661445732,0.330499734514609,382.81263283266355,3387.7373671673367,0.0,0.0,382.81263283266355,3878.7373671673367,3878.7373671673367,382.81263283266355,0.2126736849070353,382.81263283266355,1684.3755844637199,4860.737367167337,4860.737367167337,21387.244415536283,5243.55,5243.55,23071.620000000003,0.65544375,0.6098844693598381,3.0494223467991906,0.13861010667269047,233.47147943939154,233.47147943939154,0.0,233.47147943939154,233.47147943939154,0.0,382.81263283266355,0.0,382.81263283266355,1684.3755844637199,0.0,4460.0,-0.05905396174989007,35.096494899023526
82,82,2025,6NB,6,NB,AM-Peak,2,Peak,AM,4.4,70,8000,1,6,70,1800,1,6,0.1,0.01,4348.0,0.0,537.0,0.0,0.0,1.0,1.0,1.0,3.66,1.83,0.282574568288854,0.282574568288854,30,4.155,0.715,4348.0,0.0,537.0,0.0,0.0,4885.0,5959.0,1.0,1.2,0.5137068965517242,5959.0,0.0,1.0,217.4,2684.8900000000003,0.0,349.05,0.0,0.0,3175.25,0.23900199528034977,1.1950099764017488,,0.15609685773357324,0.1561722089432443,131.28561110190088,656.4280555095045,63.04754119674946,69.86341058609906,3.7276186252472483,3.778802062270474,4.187316348724018,-0.4085142864535438,0.5697662548947607,419.1028923602935,3711.4971076397064,0.0,0.0,419.1028923602935,4248.497107639707,8496.994215279414,419.1028923602935,0.23283494020016304,838.205784720587,3688.105452770583,5322.497107639707,10644.994215279414,46837.97454722942,5741.6,11483.2,50526.08000000001,0.7177,1.0516087792335391,5.258043896167695,0.23900199528034977,440.73228100825355,440.73228100825355,0.0,881.4645620165071,881.4645620165071,0.0,838.205784720587,0.0,838.205784720587,3688.105452770583,0.0,9770.0,-0.09755992918424436,35.10310457270077
83,83,2025,6NB,6,NB,AM-Shoulder,1,OP,AM,4.4,70,8000,1,6,70,1800,1,6,0.1,0.01,4165.0,0.0,515.0,0.0,0.0,1.0,1.0,1.0,3.66,1.83,0.282574568288854,0.282574568288854,30,4.155,0.715,4165.0,0.0,515.0,0.0,0.0,4680.0,5710.0,1.0,1.2,0.49224137931034484,5710.0,0.0,1.0,208.25,2571.8875000000003,0.0,334.75,0.0,0.0,3042.0,0.18495961866842991,0.9247980933421496,,0.1561704104621761,0.1562262656430769,131.26442300590335,656.3221150295168,64.49517795409021,69.89422823965079,2.285948270189031,3.777135918788693,4.093329274754834,-0.31619335596614073,0.4410039635569792,401.65272653754,3555.09727346246,0.0,0.0,401.65272653754,4070.09727346246,4070.09727346246,401.65272653754,0.22314040363196666,401.65272653754,1767.271996765176,5100.09727346246,5100.09727346246,22440.428003234825,5501.75,5501.75,24207.7,0.68771875,0.8138223221410917,4.069111610705458,0.18495961866842991,326.8739546050817,326.8739546050817,0.0,326.8739546050817,326.8739546050817,0.0,401.65272653754,0.0,401.65272653754,1767.271996765176,0.0,4680.0,-0.0772460104580956,35.09743930639127
84,84,2025,6NB,6,NB,MD,5,OP,MD,4.4,70,8000,1,6,70,1800,1,6,0.1,0.01,4597.0,0.0,568.0,0.0,0.0,1.0,1.0,1.0,3.66,1.83,0.282574568288854,0.282574568288854,30,4.136,0.708,4597.0,0.0,568.0,0.0,0.0,5165.0,6301.0,1.0,1.2,0.5431896551724138,6301.0,0.0,1.0,229.85000000000002,2838.6475,0.0,369.2,0.0,0.0,3357.25,0.3240512828795812,1.620256414397906,,0.1567716050439625,0.15688039341202312,127.63981619210007,638.1990809605004,60.66720224474645,69.80610059425167,2.5137740797426846,3.7819044145511205,4.351609934721547,-0.5697055201704266,0.7948484677113774,445.01932472903155,3922.1306752709684,0.0,0.0,445.01932472903155,4490.130675270968,22450.65337635484,445.01932472903155,0.2472329581827953,2225.0966236451577,9790.425144038694,5626.130675270968,28130.65337635484,123774.8748559613,6071.15,30355.749999999996,133565.3,0.7588937499999999,1.4258256446701574,7.129128223350786,0.3240512828795812,634.5199655724496,634.5199655724496,0.0,3172.599827862248,3172.599827862248,0.0,2225.0966236451577,0.0,2225.0966236451577,9790.425144038694,0.0,25825.0,-0.13091833337927178,34.128293099492
85,85,2025,6NB,6,NB,PM-Shoulder,1,OP,PM,4.4,70,8000,1,6,70,1800,1,6,0.1,0.01,5439.0,0.0,672.0,0.0,0.0,1.0,1.0,1.0,3.66,1.83,0.282574568288854,0.282574568288854,30,4.135,0.592,5439.0,0.0,672.0,0.0,0.0,6111.0,7455.0,1.0,1.2,0.6426724137931035,7455.0,0.0,1.0,271.95,3358.5825000000004,0.0,436.8,0.0,0.0,3972.15,0.7408800042678282,3.704400021339141,,0.16753708506046824,0.1678677742536107,110.484388243951,552.421941219755,49.68305930075765,69.31110352296257,2.800876811111388,3.8089135301754005,5.313682444590809,-1.5047689144154082,2.1128878062322656,562.6871219851001,4604.3628780149,0.0,0.0,562.6871219851001,5276.3628780149,5276.3628780149,562.6871219851001,0.31260395665838897,562.6871219851001,2475.823336734441,6620.3628780149,6620.3628780149,29129.59666326556,7183.05,7183.05,31605.420000000002,0.8978812500000001,3.2598720187784442,16.299360093892222,0.7408800042678282,1834.2880042862012,1834.2880042862012,0.0,1834.2880042862012,1834.2880042862012,0.0,562.6871219851001,0.0,562.6871219851001,2475.823336734441,0.0,6111.0,-0.283187587912263,29.54128027913129
86,86,2025,6NB,6,NB,PM-Peak,3,Peak,PM,4.4,70,8000,1,6,70,1800,1,6,0.1,0.01,5409.0,0.0,668.0,0.0,0.0,1.0,1.0,1.0,3.66,1.83,0.282574568288854,0.282574568288854,30,4.135,0.592,5409.0,0.0,668.0,0.0,0.0,6077.0,7413.0,1.0,1.2,0.639051724137931,7413.0,0.0,1.0,270.45,3340.0575000000003,0.0,434.2,0.0,0.0,3950.05,0.71620951960873,3.58104759804365,,0.16752369825098326,0.1678416233993501,110.49120173704773,552.4560086852387,50.168650995088136,69.3335892461157,4.351355486228707,3.8076782533624596,5.262250324925968,-1.4545720715635082,2.0424258022914334,559.5387847709336,4579.011215229067,0.0,0.0,559.5387847709336,5247.011215229067,15741.0336456872,559.5387847709336,0.31085488042829645,1678.616354312801,7385.911958976325,6583.011215229067,19749.0336456872,86895.74804102369,7142.55,21427.65,94281.66000000002,0.89281875,3.1513218862784123,15.75660943139206,0.71620951960873,1763.286818670269,1763.286818670269,0.0,5289.860456010807,5289.860456010807,0.0,1678.616354312801,0.0,1678.616354312801,7385.911958976325,0.0,18231.0,-0.2764163583540606,29.54310206872934
87,87,2025,6NB,6,NB,PM-Late,3,OP,PM,4.4,70,8000,1,6,70,1800,1,6,0.1,0.01,3740.0,0.0,462.0,0.0,0.0,1.0,1.0,1.0,3.66,1.83,0.282574568288854,0.282574568288854,30,4.135,0.592,3740.0,0.0,462.0,0.0,0.0,4202.0,5126.0,1.0,1.2,0.44189655172413794,5126.0,0.0,1.0,187.0,2309.4500000000003,0.0,300.3,0.0,0.0,2731.3,0.1000018793317289,0.5000093966586445,,0.12618156006721015,0.1262080036756472,123.04429974721393,615.2214987360696,66.74867330040816,69.97533327682751,2.383324514661327,3.772758022539125,3.9551347906473775,-0.18237676810825265,0.2516775203297643,291.41000389721853,3261.5899961027817,0.0,0.0,291.41000389721853,3723.5899961027817,11170.769988308344,291.41000389721853,0.16189444660956584,874.2300116916556,3846.612051443285,4647.589996102782,13942.769988308344,61348.18794855672,4939.0,14817.0,65194.8,0.617375,0.44000826905960716,2.200041345298036,0.1000018793317289,128.2228114014685,128.2228114014685,0.0,384.6684342044055,384.6684342044055,0.0,874.2300116916556,0.0,874.2300116916556,3846.612051443285,0.0,12606.0,-0.046111391333492624,32.899545386955594
88,88,2025,6SB,6,SB,Night,8,OP,NT,4.4,70,8000,1,6,70,1800,1,6,0.1,0.01,1489.0,0.0,184.0,0.0,0.0,1.0,1.0,1.0,3.66,1.83,0.282574568288854,0.282574568288854,30,4.103,0.708,1489.0,0.0,184.0,0.0,0.0,1673.0,2041.0,1.0,1.2,0.17594827586206896,2041.0,0.0,1.0,74.45,919.4575,0.0,119.60000000000001,0.0,0.0,1087.45,0.965000000000002,4.82500000000001,,0.01000051082493449,0.01000051082493449,213948.08553528742,1069740.4276764372,69.98121835323634,69.99999929513766,0.0,3.7714286094048286,3.772440752137764,-0.0010121427329354837,0.0013866875715937413,9.195044681817203,1405.3549553181826,0.0,0.0,9.195044681817203,1589.3549553181826,12714.839642545461,9.195044681817203,0.005108358156565113,73.56035745453762,323.66557279996556,1957.3549553181826,15658.839642545461,68898.89442720004,1966.55,15732.4,69222.56,0.24581875,4.246000000000009,21.230000000000047,0.9650000000000019,39.042159718995926,39.042159718995926,0.0,312.3372777519674,312.3372777519674,0.0,73.56035745453762,0.0,73.56035745453762,323.66557279996556,0.0,13384.0,-0.0002682991727204525,57205.370463980595
89,89,2025,6SB,6,SB,AM-Early,1,OP,AM,4.4,70,8000,1,6,70,1800,1,6,0.1,0.01,4705.0,0.0,581.0,0.0,0.0,1.0,1.0,1.0,3.66,1.83,0.282574568288854,0.282574568288854,30,4.155,0.715,4705.0,0.0,581.0,0.0,0.0,5286.0,6448.0,1.0,1.2,0.5558620689655173,6448.0,0.0,1.0,235.25,2905.3375,0.0,377.65000000000003,0.0,0.0,3435.9,0.3836809240261146,1.918404620130573,,0.1560460214591374,0.15617690654119645,131.283767672436,656.4188383621799,59.4719459285769,69.78124012687276,2.582022516511212,3.7832517668073598,4.439067797059339,-0.6558160302519793,0.9146657391141525,453.3663578710366,4016.3836421289634,0.0,0.0,453.3663578710366,4597.383642128963,4597.383642128963,453.3663578710366,0.25187019881724254,453.3663578710366,1994.8119746325613,5759.383642128963,5759.383642128963,25341.28802536744,6212.75,6212.75,27336.100000000002,0.77659375,1.6881960657149044,8.440980328574522,0.3836809240261146,765.3713016853794,765.3713016853794,0.0,765.3713016853794,765.3713016853794,0.0,453.3663578710366,0.0,453.3663578710366,1994.8119746325613,0.0,5286.0,-0.14773733140242298,35.10261167712193
90,90,2025,6SB,6,SB,AM-Peak,2,Peak,AM,4.4,70,8000,1,6,70,1800,1,6,0.1,0.01,3399.0,0.0,420.0,0.0,0.0,1.0,1.0,1.0,3.66,1.83,0.282574568288854,0.282574568288854,30,4.155,0.715,3399.0,0.0,420.0,0.0,0.0,3819.0,4659.0,1.0,1.2,0.40163793103448275,4659.0,0.0,1.0,169.95000000000002,2098.8825,0.0,273.0,0.0,0.0,2482.35,0.10000006557107292,0.5000003278553646,,0.06874080920605555,0.06875668039404638,184.35388370543532,921.7694185271765,67.80953452831368,69.99801880458354,4.287453928932317,3.7715353164068843,3.8932578115510816,-0.1217224951441973,0.16690605896783886,144.2788814784289,3084.771118521571,0.0,0.0,144.2788814784289,3504.771118521571,7009.542237043142,144.2788814784289,0.08015493415468272,288.5577629568578,1269.6541570101745,4344.771118521571,8689.542237043142,38233.98584298983,4489.05,8978.1,39503.64000000001,0.56113125,0.4400002885127209,2.2000014425636047,0.10000006557107292,63.48274947680138,63.48274947680138,0.0,126.96549895360276,126.96549895360276,0.0,288.5577629568578,0.0,288.5577629568578,1269.6541570101745,0.0,7638.0,-0.031264945974821746,49.292482274180564
91,91,2025,6SB,6,SB,AM-Shoulder,1,OP,AM,4.4,70,8000,1,6,70,1800,1,6,0.1,0.01,3704.0,0.0,458.0,0.0,0.0,1.0,1.0,1.0,3.66,1.83,0.282574568288854,0.282574568288854,30,4.155,0.715,3704.0,0.0,458.0,0.0,0.0,4162.0,5078.0,1.0,1.2,0.43775862068965515,5078.0,0.0,1.0,185.20000000000002,2287.2200000000003,0.0,297.7,0.0,0.0,2705.3,0.10003111166959805,0.5001555583479902,,0.14226495150636398,0.1422903902200729,137.01784601784533,685.0892300892266,67.05241143573372,69.96355172432587,2.1853166253761427,3.773393338294587,3.9372185779333293,-0.1638252396387423,0.22713230891151823,325.39124238438586,3193.4087576156144,0.0,0.0,325.39124238438586,3651.4087576156144,3651.4087576156144,325.39124238438586,0.18077291243576993,325.39124238438586,1431.7214664912979,4567.408757615614,4567.408757615614,20096.598533508706,4892.8,4892.8,21528.320000000003,0.6116,0.44013689134623146,2.200684456731157,0.10003111166959805,143.2166898943517,143.2166898943517,0.0,143.2166898943517,143.2166898943517,0.0,325.39124238438586,0.0,325.39124238438586,1431.7214664912979,0.0,4162.0,-0.041609383984146285,36.63578770530624
92,92,2025,6SB,6,SB,MD,5,OP,MD,4.4,70,8000,1,6,70,1800,1,6,0.1,0.01,4528.0,0.0,560.0,0.0,0.0,1.0,1.0,1.0,3.66,1.83,0.282574568288854,0.282574568288854,30,4.136,0.708,4528.0,0.0,560.0,0.0,0.0,5088.0,6208.0,1.0,1.2,0.5351724137931034,6208.0,0.0,1.0,226.4,2796.0400000000004,0.0,364.0,0.0,0.0,3307.2000000000003,0.29635761123402443,1.4817880561701222,,0.15681794630528462,0.1569159296082764,127.62644892232557,638.1322446116279,61.36567228196294,69.8226713463568,2.4768095460744557,3.78100686939379,4.302079488137489,-0.5210726187436987,0.7269917558912178,438.46925058742806,3863.1307494125717,0.0,0.0,438.46925058742806,4423.130749412572,22115.65374706286,438.46925058742806,0.2435940281041267,2192.3462529371404,9646.323512923418,5543.130749412572,27715.65374706286,121948.8764870766,5981.6,29908.0,131595.2,0.7477,1.3039734894297077,6.519867447148538,0.29635761123402443,571.7522786961175,571.7522786961175,0.0,2858.7613934805877,2858.7613934805877,0.0,2192.3462529371404,0.0,2192.3462529371404,9646.323512923418,0.0,25440.0,-0.12112110438231073,34.12471896318865
93,93,2025,6SB,6,SB,PM-Shoulder,1,OP,PM,4.4,70,8000,1,6,70,1800,1,6,0.1,0.01,4744.0,0.0,586.0,0.0,0.0,1.0,1.0,1.0,3.66,1.83,0.282574568288854,0.282574568288854,30,4.135,0.592,4744.0,0.0,586.0,0.0,0.0,5330.0,6502.0,1.0,1.2,0.5605172413793104,6502.0,0.0,1.0,237.20000000000002,2929.42,0.0,380.90000000000003,0.0,0.0,3464.5,0.32602713636013214,1.6301356818006607,,0.16764591079514124,0.167772860405055,110.50912632384815,552.5456316192407,59.325736001009076,69.69419657128232,2.4411044615394677,3.787976804209002,4.450008003196279,-0.6620311989872771,0.929653821521759,491.10528400150264,4015.6947159984975,0.0,0.0,491.10528400150264,4601.6947159984975,4601.6947159984975,491.10528400150264,0.2728362688897237,491.10528400150264,2160.8632496066116,5773.6947159984975,5773.6947159984975,25404.25675039339,6264.8,6264.8,27565.120000000003,0.7831,1.4345193999845816,7.172596999922908,0.32602713636013214,704.5000573350931,704.5000573350931,0.0,704.5000573350931,704.5000573350931,0.0,491.10528400150264,0.0,491.10528400150264,2160.8632496066116,0.0,5330.0,-0.14877078839223754,29.54789473899683
94,94,2025,6SB,6,SB,PM-Peak,3,Peak,PM,4.4,70,8000,1,6,70,1800,1,6,0.1,0.01,4804.0,0.0,594.0,0.0,0.0,1.0,1.0,1.0,3.66,1.83,0.282574568288854,0.282574568288854,30,4.135,0.592,4804.0,0.0,594.0,0.0,0.0,5398.0,6586.0,1.0,1.2,0.5677586206896552,6586.0,0.0,1.0,240.20000000000002,2966.4700000000003,0.0,386.1,0.0,0.0,3508.7000000000003,0.3520994063308171,1.7604970316540856,,0.16768487015183636,0.16782369420413196,110.49587463923037,552.4793731961519,58.61002236183954,69.67004853585776,3.8640288650934385,3.7892897385326862,4.504349074807521,-0.7150593362748343,1.0041010896291598,497.43213675931804,4066.367863240682,0.0,0.0,497.43213675931804,4660.367863240682,13981.103589722046,497.43213675931804,0.27635118708851003,1492.2964102779542,6566.104205223,5848.367863240682,17545.103589722046,77198.45579477701,6345.8,19037.4,83764.56000000001,0.7932250000000001,1.5492373878555954,7.746186939277977,0.3520994063308171,770.6404641884332,770.6404641884332,0.0,2311.9213925652994,2311.9213925652994,0.0,1492.2964102779542,0.0,1492.2964102779542,6566.104205223,0.0,16194.0,-0.15874865033753854,29.544351507815605
95,95,2025,6SB,6,SB,PM-Late,3,OP,PM,4.4,70,8000,1,6,70,1800,1,6,0.1,0.01,3472.0,0.0,429.0,0.0,0.0,1.0,1.0,1.0,3.66,1.83,0.282574568288854,0.282574568288854,30,4.135,0.592,3472.0,0.0,429.0,0.0,0.0,3901.0,4759.0,1.0,1.2,0.4102586206896552,4759.0,0.0,1.0,173.60000000000002,2143.96,0.0,278.85,0.0,0.0,2535.65,0.10000123707505693,0.5000061853752846,,0.05878447129844843,0.05880130836016723,157.81606670609912,789.0803335304955,67.4553247322668,69.99851071073498,2.905119927192652,3.7715088123941034,3.9137014171650315,-0.1421926047709281,0.194913798658951,126.0315550850215,3172.3684449149787,0.0,0.0,126.0315550850215,3601.3684449149787,10804.105334744936,126.0315550850215,0.07001753060278972,378.09466525506446,1663.6165271222837,4459.368444914979,13378.105334744936,58863.66347287772,4585.400000000001,13756.2,60527.280000000006,0.5731750000000001,0.44000544313025053,2.2000272156512524,0.10000123707505693,55.45457024357946,55.45457024357946,0.0,166.36371073073838,166.36371073073838,0.0,378.09466525506446,0.0,378.09466525506446,1663.6165271222837,0.0,11703.0,-0.036332001247537216,42.19680927970564
96,96,2025,7NB,7,NB,Night,8,OP,NT,5.6,70,6000,1,6,70,1800,1,6,0.1,0.01,663.0,0.0,82.0,0.0,0.0,1.0,1.0,1.0,3.66,1.83,0.35502958579881655,0.35502958579881655,30,4.103,0.708,663.0,0.0,82.0,0.0,0.0,745.0,909.0,1.0,1.2,0.0946875,909.0,0.0,1.0,33.15,409.40250000000003,0.0,53.300000000000004,0.0,0.0,484.25,0.9649999999867,4.8249999999335005,,0.010001515149889796,0.010001515149889796,4879055.168721463,24395275.84360732,69.99917623302773,69.99999999450654,0.0,4.800000000376695,4.80005648754285,-5.648716615525018e-05,7.738793370416997e-05,4.094645306152757,625.7553546938473,0.0,0.0,4.094645306152757,707.7553546938473,5662.042837550778,4.094645306152757,0.002274802947862643,32.75716244922206,183.4401097156435,871.7553546938473,6974.042837550778,39054.63989028436,875.85,7006.8,39238.08,0.145975,5.40399999992552,27.0199999996276,0.9649999999867,22.127463234144532,22.127463234144532,0.0,177.01970587315625,177.01970587315625,0.0,32.75716244922206,0.0,32.75716244922206,183.4401097156435,0.0,5960.0,-1.1768021126802608e-05,1025011.5900675345
97,97,2025,7NB,7,NB,AM-Early,1,OP,AM,5.6,70,6000,1,6,70,1800,1,6,0.1,0.01,1357.0,0.0,168.0,0.0,0.0,1.0,1.0,1.0,3.66,1.83,0.35502958579881655,0.35502958579881655,30,4.155,0.715,1357.0,0.0,168.0,0.0,0.0,1525.0,1861.0,1.0,1.2,0.19385416666666666,1861.0,0.0,1.0,67.85000000000001,837.9475000000001,0.0,109.2,0.0,0.0,991.25,0.9649999999867,4.8249999999335005,,0.010001515149889796,0.010001515149889796,66257.89451367428,331289.47256837145,69.93939179935292,69.99999959612778,2.387118381506726,4.800000027694096,4.804159592407389,-0.004159564713293484,0.005698641598122856,8.38074461606228,1280.769255383938,0.0,0.0,8.38074461606228,1448.769255383938,1448.769255383938,8.38074461606228,0.004655969231145711,8.38074461606228,46.932169849948764,1784.769255383938,1784.769255383938,9994.707830150051,1793.15,1793.15,10041.64,0.29885833333333334,5.40399999992552,27.0199999996276,0.9649999999867002,45.28954390457636,45.28954390457636,0.0,45.28954390457636,45.28954390457636,0.0,8.38074461606228,0.0,8.38074461606228,46.932169849948764,0.0,1525.0,-0.0008658256732077264,13919.725738166868
98,98,2025,7NB,7,NB,AM-Peak,2,Peak,AM,5.6,70,6000,1,6,70,1800,1,6,0.1,0.01,1703.0,0.0,211.0,0.0,0.0,1.0,1.0,1.0,3.66,1.83,0.35502958579881655,0.35502958579881655,30,4.155,0.715,1703.0,0.0,211.0,0.0,0.0,1914.0,2336.0,1.0,1.2,0.24333333333333335,2336.0,0.0,1.0,85.15,1051.6025,0.0,137.15,0.0,0.0,1244.1000000000001,0.9649999999867,4.8249999999335005,,0.010001515149889754,0.010001515149889754,16938.55457956606,84692.7728978303,69.76351740185595,69.99999842219701,4.682044081275279,4.800000108192208,4.816270918000778,-0.016270809808569986,0.022291157661065725,10.51761833541194,1607.332381664588,0.0,0.0,10.51761833541194,1818.332381664588,3636.664763329176,10.51761833541194,0.005843121297451078,21.03523667082388,117.79732535661373,2240.332381664588,4480.664763329176,25091.722674643384,2250.85,4501.7,25209.519999999997,0.37514166666666665,5.40399999992552,27.0199999996276,0.9649999999867,56.83720948378277,56.83720948378277,0.0,113.67441896756554,113.67441896756554,0.0,21.03523667082388,0.0,21.03523667082388,117.79732535661373,0.0,3828.0,-0.003378300366733514,3558.519869656736
99,99,2025,7NB,7,NB,AM-Shoulder,1,OP,AM,5.6,70,6000,1,6,70,1800,1,6,0.1,0.01,2051.0,0.0,253.0,0.0,0.0,1.0,1.0,1.0,3.66,1.83,0.35502958579881655,0.35502958579881655,30,4.155,0.715,2051.0,0.0,253.0,0.0,0.0,2304.0,2810.0,1.0,1.2,0.29270833333333335,2810.0,0.0,1.0,102.55000000000001,1266.4925,0.0,164.45000000000002,0.0,0.0,1497.6000000000001,0.964992674006081,4.824963370030405,,0.010001508408561312,0.010001522169028543,5590.957968277906,27954.789841389524,69.28842877664937,69.99999518541748,3.603827056332813,4.800000330142824,4.849294549355319,-0.049294219212494994,0.0675335326167872,12.666835388129838,1935.7831646118702,0.0,0.0,12.666835388129838,2188.7831646118702,2188.7831646118702,12.666835388129838,0.007037130771183244,12.666835388129838,70.93427817352709,2694.7831646118702,2694.7831646118702,15090.785721826473,2707.4500000000003,2707.4500000000003,15161.72,0.4512416666666667,5.403958974434054,27.019794872170266,0.9649926740060809,68.4510587733631,68.4510587733631,0.0,68.4510587733631,68.4510587733631,0.0,12.666835388129838,0.0,12.666835388129838,70.93427817352709,0.0,2304.0,-0.010165235110135416,1174.5710017390559
100,100,2025,7NB,7,NB,MD,5,OP,MD,5.6,70,6000,1,6,70,1800,1,6,0.1,0.01,2793.0,0.0,345.0,0.0,0.0,1.0,1.0,1.0,3.66,1.83,0.35502958579881655,0.35502958579881655,30,4.136,0.708,2793.0,0.0,345.0,0.0,0.0,3138.0,3828.0,1.0,1.2,0.39875,3828.0,0.0,1.0,139.65,1724.6775,0.0,224.25,0.0,0.0,2039.7,0.10000409929788623,0.5000204964894311,,0.1445858427700025,0.14460938485034683,132.4711067516996,662.3555337584982,66.98441574664629,69.99286802503528,3.4076715067875227,4.800489099543948,5.016092120155911,-0.21560302061196346,0.29604620461359893,249.363949843961,2403.986050156039,0.0,0.0,249.363949843961,2748.986050156039,13744.930250780195,249.363949843961,0.13853552769108946,1246.819749219805,6982.190595630908,3438.986050156039,17194.930250780195,96291.60940436908,3688.35,18441.75,103273.79999999999,0.614725,0.5600229560681629,2.8001147803408144,0.10000409929788623,139.64953632844814,139.64953632844814,0.0,698.2476816422407,698.2476816422407,0.0,1246.819749219805,0.0,1246.819749219805,6982.190595630908,0.0,15690.0,-0.04298226895507294,27.830064443634377
101,101,2025,7NB,7,NB,PM-Shoulder,1,OP,PM,5.6,70,6000,1,6,70,1800,1,6,0.1,0.01,3717.0,0.0,459.0,0.0,0.0,1.0,1.0,1.0,3.66,1.83,0.35502958579881655,0.35502958579881655,30,4.135,0.592,3717.0,0.0,459.0,0.0,0.0,4176.0,5094.0,1.0,1.2,0.530625,5094.0,0.0,1.0,185.85000000000002,2295.2475,0.0,298.35,0.0,0.0,2714.4,0.3892739125809163,1.9463695629045816,,0.1871738392101099,0.1873208829154216,105.69787840543542,528.489392027177,57.34273496582286,69.88832144467187,3.9018641015019364,4.807670195169867,5.859504263273475,-1.0518340681036085,1.451520840684662,429.61028651240673,3101.5397134875934,0.0,0.0,429.61028651240673,3560.5397134875934,3560.5397134875934,429.61028651240673,0.2386723813957815,429.61028651240673,2405.8176044694774,4478.539713487593,4478.539713487593,25079.82239553052,4908.15,4908.15,27485.639999999996,0.8180249999999999,2.1799339104531312,10.899669552265657,0.3892739125809163,936.522031847881,936.522031847881,0.0,936.522031847881,936.522031847881,0.0,429.61028651240673,0.0,429.61028651240673,2405.8176044694774,0.0,4176.0,-0.17950905415264432,22.205436639797362
102,102,2025,7NB,7,NB,PM-Peak,3,Peak,PM,5.6,70,6000,1,6,70,1800,1,6,0.1,0.01,3647.0,0.0,451.0,0.0,0.0,1.0,1.0,1.0,3.66,1.83,0.35502958579881655,0.35502958579881655,30,4.135,0.592,3647.0,0.0,451.0,0.0,0.0,4098.0,5000.0,1.0,1.2,0.5208333333333334,5000.0,0.0,1.0,182.35000000000002,2252.0225,0.0,293.15000000000003,0.0,0.0,2663.7000000000003,0.34805905617955246,1.7402952808977623,,0.18725442390199307,0.18738341401503855,105.68333530421543,528.4166765210772,58.46065877551736,69.9001643681809,5.9845214441648675,4.80685564958342,5.747454904506018,-0.9405992549225983,1.2980132191732447,421.7011758518262,3042.948824148174,0.0,0.0,421.7011758518262,3493.948824148174,10481.846472444522,421.7011758518262,0.2342784310287923,1265.1035275554786,7084.57975431068,4395.948824148174,13187.846472444522,73851.94024568931,4817.650000000001,14452.95,80936.51999999999,0.8029416666666668,1.9491307146054937,9.745653573027468,0.34805905617955246,821.9507142380469,821.9507142380469,0.0,2465.8521427141404,2465.8521427141404,0.0,1265.1035275554786,0.0,1265.1035275554786,7084.57975431068,0.0,12294.0,-0.16365491692421394,22.202381366431815
103,103,2025,7NB,7,NB,PM-Late,3,OP,PM,5.6,70,6000,1,6,70,1800,1,6,0.1,0.01,2375.0,0.0,294.0,0.0,0.0,1.0,1.0,1.0,3.66,1.83,0.35502958579881655,0.35502958579881655,30,4.135,0.592,2375.0,0.0,294.0,0.0,0.0,2669.0,3257.0,1.0,1.2,0.33927083333333335,3257.0,0.0,1.0,118.75,1466.5625,0.0,191.1,0.0,0.0,1734.8500000000001,0.9649606612554221,4.8248033062771105,,0.010000001196289639,0.0100000008152004,2305.632927270673,11528.164636353365,68.29919361898025,69.99998839345014,4.177772655313532,4.800000795877836,4.9195309958480395,-0.1195301999702032,0.16375746431181418,14.665626754433523,2241.5843732455664,0.0,0.0,14.665626754433523,2535.5843732455664,7606.753119736699,14.665626754433523,0.008147570419129736,43.99688026330057,246.38252947448316,3123.5843732455664,9370.753119736699,52476.21747052551,3138.25,9414.75,52722.59999999999,0.5230416666666666,5.403779703030364,27.018898515151818,0.9649606612554221,79.24981618782694,79.24981618782694,0.0,237.74944856348083,237.74944856348083,0.0,43.99688026330057,0.0,43.99688026330057,246.38252947448316,0.0,8007.0,-0.024297072235358142,484.37666539299863
104,104,2025,7SB,7,SB,Night,8,OP,NT,5.6,70,6000,1,6,70,1800,1,6,0.1,0.01,826.0,0.0,102.0,0.0,0.0,1.0,1.0,1.0,3.66,1.83,0.35502958579881655,0.35502958579881655,30,4.103,0.708,826.0,0.0,102.0,0.0,0.0,928.0,1132.0,1.0,1.2,0.11791666666666667,1132.0,0.0,1.0,41.300000000000004,510.05500000000006,0.0,66.3,0.0,0.0,603.2,0.9649999999867,4.8249999999335005,,0.010001515149889796,0.010001515149889796,1308113.6285421343,6540568.142710674,69.99692757924711,69.99999997945788,0.0,4.800000001408602,4.800210689527725,-0.0002106881191226151,0.0002886446529829684,5.101322809777041,779.598677190223,0.0,0.0,5.101322809777041,881.598677190223,7052.789417521784,5.101322809777041,0.0028340682276539117,40.810582478216325,228.53926187801142,1085.598677190223,8684.789417521784,48634.82073812199,1090.7,8725.6,48863.36,0.18178333333333335,5.40399999992552,27.0199999996276,0.9649999999866999,27.567548463655182,27.567548463655182,0.0,220.54038770924146,220.54038770924146,0.0,40.810582478216325,0.0,40.810582478216325,228.53926187801142,0.0,7424.0,-4.389143159533773e-05,274813.7875088518
105,105,2025,7SB,7,SB,AM-Early,1,OP,AM,5.6,70,6000,1,6,70,1800,1,6,0.1,0.01,3408.0,0.0,421.0,0.0,0.0,1.0,1.0,1.0,3.66,1.83,0.35502958579881655,0.35502958579881655,30,4.155,0.715,3408.0,0.0,421.0,0.0,0.0,3829.0,4671.0,1.0,1.2,0.4865625,4671.0,0.0,1.0,170.4,2104.44,0.0,273.65000000000003,0.0,0.0,2488.85,0.2909733447596379,1.4548667237981894,,0.1700809521050735,0.17017002458535832,126.05872722963332,630.2936361481666,61.51253343010002,69.95527059059556,3.8109731942991587,4.803069120644216,5.4623014410846,-0.6592323204403838,0.9073529742859026,357.92515884800093,2879.674841151999,0.0,0.0,357.92515884800093,3300.674841151999,3300.674841151999,357.92515884800093,0.19884731047111162,357.92515884800093,2004.380889548805,4142.674841151998,4142.674841151998,23198.97911045119,4500.599999999999,4500.599999999999,25203.359999999993,0.7500999999999999,1.629450730653972,8.14725365326986,0.2909733447596379,583.2214116043141,583.2214116043141,0.0,583.2214116043141,583.2214116043141,0.0,357.92515884800093,0.0,357.92515884800093,2004.380889548805,0.0,3829.0,-0.12068764925384382,26.482925888578432
106,106,2025,7SB,7,SB,AM-Peak,2,Peak,AM,5.6,70,6000,1,6,70,1800,1,6,0.1,0.01,3398.0,0.0,420.0,0.0,0.0,1.0,1.0,1.0,3.66,1.83,0.35502958579881655,0.35502958579881655,30,4.155,0.715,3398.0,0.0,420.0,0.0,0.0,3818.0,4658.0,1.0,1.2,0.48520833333333335,4658.0,0.0,1.0,169.9,2098.265,0.0,273.0,0.0,0.0,2481.7000000000003,0.28613507184239895,1.4306753592119947,,0.17010317883972076,0.17019051058571932,126.05143603418426,630.2571801709213,61.636388219876835,69.95602849919341,5.9383488071244965,4.803017083851095,5.451325259380544,-0.6483081755294497,0.8923156053513455,356.9215465481267,2871.1784534518733,0.0,0.0,356.9215465481267,3291.1784534518733,6582.356906903747,356.9215465481267,0.1982897480822926,713.8430930962534,3997.5213213390184,4131.178453451874,8262.356906903748,46269.198678660985,4488.1,8976.2,50266.72,0.7480166666666668,1.602356402317434,8.01178201158717,0.28613507184239895,571.9155252364308,571.9155252364308,0.0,1143.8310504728615,1143.8310504728615,0.0,713.8430930962534,0.0,713.8430930962534,3997.5213213390184,0.0,7636.0,-0.11892670950313458,26.48139412482863
107,107,2025,7SB,7,SB,AM-Shoulder,1,OP,AM,5.6,70,6000,1,6,70,1800,1,6,0.1,0.01,2823.0,0.0,349.0,0.0,0.0,1.0,1.0,1.0,3.66,1.83,0.35502958579881655,0.35502958579881655,30,4.155,0.715,2823.0,0.0,349.0,0.0,0.0,3172.0,3870.0,1.0,1.2,0.403125,3870.0,0.0,1.0,141.15,1743.2025,0.0,226.85,0.0,0.0,2061.8,0.10000196883577182,0.5000098441788591,,0.15986680291290473,0.15989150388630424,129.84692593595852,649.2346296797925,66.9225605352629,69.98873230152012,3.273216060022383,4.800772766571488,5.020728395814361,-0.2199556292428726,0.3023979022656753,278.6802105047828,2403.169789495217,0.0,0.0,278.6802105047828,2752.169789495217,2752.169789495217,278.6802105047828,0.15482233916932378,278.6802105047828,1560.6091788267836,3450.169789495217,3450.169789495217,19320.950821173214,3728.85,3728.85,20881.559999999998,0.621475,0.5600110254803222,2.8000551274016106,0.10000196883577182,156.06399046585548,156.06399046585548,0.0,156.06399046585548,156.06399046585548,0.0,278.6802105047828,0.0,278.6802105047828,1560.6091788267836,0.0,3172.0,-0.04380950569368448,27.278765952932464
108,108,2025,7SB,7,SB,MD,5,OP,MD,5.6,70,6000,1,6,70,1800,1,6,0.1,0.01,2615.0,0.0,323.0,0.0,0.0,1.0,1.0,1.0,3.66,1.83,0.35502958579881655,0.35502958579881655,30,4.136,0.708,2615.0,0.0,323.0,0.0,0.0,2938.0,3584.0,1.0,1.2,0.37333333333333335,3584.0,0.0,1.0,130.75,1614.7625,0.0,209.95000000000002,0.0,0.0,1909.7,0.10004628527542433,0.5002314263771217,,0.08463542336903257,0.08465271796268926,165.52178563511555,827.6089281755777,67.56924245577866,69.99924736619555,3.8168806533445463,4.800051609730065,4.972676735570898,-0.1726251258408329,0.2365671277321309,136.66610782793745,2347.5838921720624,0.0,0.0,136.66610782793745,2670.5838921720624,13352.919460860312,136.66610782793745,0.07592561545996525,683.3305391396873,3826.6510191822485,3316.5838921720624,16582.919460860314,92864.34898081775,3453.25,17266.25,96691.0,0.5755416666666666,0.5602591975423762,2.8012959877118813,0.10004628527542433,76.5684439029201,76.5684439029201,0.0,382.84221951460046,382.84221951460046,0.0,683.3305391396873,0.0,683.3305391396873,3826.6510191822485,0.0,14690.0,-0.034714729112793274,34.77348437712512
109,109,2025,7SB,7,SB,PM-Shoulder,1,OP,PM,5.6,70,6000,1,6,70,1800,1,6,0.1,0.01,2670.0,0.0,330.0,0.0,0.0,1.0,1.0,1.0,3.66,1.83,0.35502958579881655,0.35502958579881655,30,4.135,0.592,2670.0,0.0,330.0,0.0,0.0,3000.0,3660.0,1.0,1.2,0.38125,3660.0,0.0,1.0,133.5,1648.7250000000001,0.0,214.5,0.0,0.0,1950.0,0.10000025763207453,0.5000012881603726,,0.07957187433824227,0.07959095773703749,143.8015710850895,719.0078554254475,67.21806746469322,69.99929220926316,3.952107761410347,4.800048534712704,4.998656055925536,-0.19860752121283198,0.2721587966179844,131.1921385183185,2405.3078614816814,0.0,0.0,131.1921385183185,2735.3078614816814,2735.3078614816814,131.1921385183185,0.07288452139906583,131.1921385183185,734.6759757025835,3395.3078614816814,3395.3078614816814,19013.724024297415,3526.5,3526.5,19748.399999999998,0.58775,0.5600014427396173,2.8000072136980863,0.10000025763207453,73.46778684635407,73.46778684635407,0.0,73.46778684635407,73.46778684635407,0.0,131.1921385183185,0.0,131.1921385183185,734.6759757025835,0.0,3000.0,-0.039732183809165565,30.210414093506206
110,110,2025,7SB,7,SB,PM-Peak,3,Peak,PM,5.6,70,6000,1,6,70,1800,1,6,0.1,0.01,2493.0,0.0,308.0,0.0,0.0,1.0,1.0,1.0,3.66,1.83,0.35502958579881655,0.35502958579881655,30,4.135,0.592,2493.0,0.0,308.0,0.0,0.0,2801.0,3417.0,1.0,1.2,0.3559375,3417.0,0.0,1.0,124.65,1539.4275,0.0,200.20000000000002,0.0,0.0,1820.65,0.1000003212664625,0.5000016063323125,,0.030465170562853132,0.030475604033075306,189.48667139192426,947.4333569596214,67.86881893060031,69.99994754454794,6.529299795171683,4.80000359694798,4.95072708342809,-0.1507234864801097,0.2064961042964832,46.89892135664659,2321.4510786433534,0.0,0.0,46.89892135664659,2629.4510786433534,7888.353235930061,46.89892135664659,0.026054956309248103,140.69676406993977,787.9018787916627,3245.4510786433534,9736.35323593006,54523.57812120834,3292.35,9877.050000000001,55311.48,0.548725,0.56000179909219,2.8000089954609497,0.1000003212664625,26.26348033520522,26.26348033520522,0.0,78.79044100561566,78.79044100561566,0.0,140.69676406993977,0.0,140.69676406993977,787.9018787916627,0.0,8403.0,-0.030444717299129013,39.8081242420009
111,111,2025,7SB,7,SB,PM-Late,3,OP,PM,5.6,70,6000,1,6,70,1800,1,6,0.1,0.01,1825.0,0.0,226.0,0.0,0.0,1.0,1.0,1.0,3.66,1.83,0.35502958579881655,0.35502958579881655,30,4.135,0.592,1825.0,0.0,226.0,0.0,0.0,2051.0,2503.0,1.0,1.2,0.2607291666666667,2503.0,0.0,1.0,91.25,1126.9375,0.0,146.9,0.0,0.0,1333.15,0.9649999999867,4.8249999999335005,,0.010001515149889796,0.010001515149889796,11193.087975928736,55965.43987964369,69.64274924179387,69.9999976103071,3.210654684045523,4.800000163864661,4.824622859638062,-0.024622695773400594,0.03373331770414565,11.271082479228932,1722.4789175207711,0.0,0.0,11.271082479228932,1948.4789175207711,5845.436752562313,11.271082479228932,0.006261712488460518,33.8132474376868,189.35418565104607,2400.478917520771,7201.436752562313,40328.04581434895,2411.75,7235.25,40517.4,0.4019583333333333,5.40399999992552,27.0199999996276,0.9649999999867,60.908929716913676,60.908929716913676,0.0,182.726789150741,182.726789150741,0.0,33.8132474376868,0.0,33.8132474376868,189.35418565104607,0.0,6153.0,-0.005103548295844986,2351.489070573264
