,index,Year,SegDir,Segment,Direction,Period,Hours/Day,Peak,4Periods,Length,Speed GP,Capacity GP,Alpha GP,Beta GP,Speed ML,Capacity ML,Alpha ML,Beta ML,MinToll,MinCapture,AADT Lights,AADT MediumA,AADT MediumB,AADT HeavyA,AADT HeavyB,GrowthFactor,GrowthFactor_medium,GrowthFactor_heavy,MaxToll,Soft Cap,MaxCapture,MaxCap_aux,Min Speed,B1,B2,TotalLights,TotalMediumA,TotalMediumB,TotalHeavyA,TotalHeavyB,TotalVeh,Corridor PCE pre-fix,Suppressed ratio ref,Max VC,Suppressed ratio,Corridor PCE,Suppressed Demand,PCE ratio,HOV3,InScopeLights,InScopeMediumA,InScopeMediumB,InScopeHeavyA,InScopeHeavyB,InScopeVeh,TollLights,TollMediumA,TollMediumB,CaptureRateLights,CaptureRateMediumA,VOT Lights,VOT MediumA,Speed GP Real,Speed ML Real,Bounus Seg,Time ML,Time GP,Time Savings,BonusRel,MLVeh_Lights,GPVeh_Lights,MLVeh_MediumA,GPVeh_MediumA,MLVeh,GPVeh,GPVehDay,ML PCE,ML V/C,ML Volume,ML PCE Total,GP PCE,GP Volume,GP PCE Total,Highway PCE,Highway Volume,Highway PCE Total,Highway V/C,TollLightsPerSeg,TollMediumAPerSeg,TollBlend,RevenuePerHour,RevenuePerHourLights,RevenuePerHourMediumA,RevenuePerDay,RevenuePerDayLights,RevenuePerDayMediumA,TransactionsDay_Lights,TransactionsDay_MediumA,TransactionsDay,TransactionsLightsLength,TransactionsMediumALength,TotalVeh_hours,Difference in Travel Time,Implied Min VOT
0,0,2025,1NB,1,NB,Night,8,OP,NT,3.0,70,12000,1.6,6.5,75,1800,1,4,0.05,0.01,2238.0,0.0,277.0,0.0,0.0,1.0,1.0,1.0,3.66,1.83,0.17391304347826086,0.17391304347826086,30,4.103,0.708,2238.0,0.0,277.0,0.0,0.0,2515.0,3069.0,1.0,1.2,0.19673076923076924,3069.0,0.0,1.0,44.76,1644.9299999999998,0.0,207.75,0.0,0.0,1886.25,0.117777617,0.588888085,,0.17391293967035723,0.17391290197460257,106.62835216986564,533.1417608493282,69.99161026918232,74.91450914232679,0.0,2.4027388293771756,2.571736802564392,-0.1689979731872162,0.00042227665607455056,286.0746118519607,1907.1653881480393,0.0,0.0,286.0746118519607,2184.1653881480393,17473.323105184314,286.0746118519607,0.15893033991775593,2288.5968948156856,6865.790684447056,2738.1653881480393,21905.323105184314,65715.96931555294,3024.24,24193.92,72581.76,0.25201999999999997,0.353332851,1.766664255,0.11777761699999999,101.07955820437166,101.07955820437166,0.0,808.6364656349733,808.6364656349733,0.0,2288.5968948156856,0.0,2288.5968948156856,6865.790684447056,0.0,20120.0,-0.06571355708667423,41.815040066613975
1,1,2025,1NB,1,NB,AM-Early,1,OP,AM,3.0,70,12000,1.6,6.5,75,1800,1,4,0.05,0.01,1841.0,0.0,228.0,0.0,0.0,1.0,1.0,1.0,3.66,1.83,0.17391304347826086,0.17391304347826086,30,4.155,0.715,1841.0,0.0,228.0,0.0,0.0,2069.0,2525.0,1.0,1.2,0.16185897435897437,2525.0,0.0,1.0,36.82,1353.135,0.0,171.0,0.0,0.0,1551.75,0.169543156,0.84771578,,0.11305269229292395,0.11305269225486633,151.48299343805624,757.4149671902812,69.99702972925778,74.9907303847301,0.0,2.4002966643548294,2.5715376880451046,-0.17124102369027527,0.00014948976465059655,152.97555478578565,1651.2044452142145,0.0,0.0,152.97555478578565,1879.2044452142145,1879.2044452142145,152.97555478578565,0.08498641932543648,152.97555478578565,458.9266643573569,2335.2044452142145,2335.2044452142145,7005.6133356426435,2488.1800000000003,2488.1800000000003,7464.540000000001,0.20734833333333336,0.508629468,2.54314734,0.169543156,77.807875047699,77.807875047699,0.0,77.807875047699,77.807875047699,0.0,152.97555478578565,0.0,152.97555478578565,458.9266643573569,0.0,2069.0,-0.06659090570064852,59.4050954659044
2,2,2025,1NB,1,NB,AM-Peak,2,Peak,AM,3.0,70,12000,1.6,6.5,75,1800,1,4,0.05,0.01,4183.0,0.0,517.0,0.0,0.0,1.0,1.0,1.0,3.66,1.83,0.17391304347826086,0.17391304347826086,30,4.155,0.715,4183.0,0.0,517.0,0.0,0.0,4700.0,5734.0,1.0,1.2,0.36756410256410255,5734.0,0.0,1.0,83.66,3074.505,0.0,387.75,0.0,0.0,3525.0,0.167837166,0.83918583,,0.13009624136738324,0.13009624475470435,142.60012954046755,713.0006477023376,69.42873779193162,74.61112683343036,1.3185884322916226,2.412508799148024,2.592586380288739,-0.18007758114071493,0.028986198138429866,399.9815445652266,3699.3584554347735,0.0,0.0,399.9815445652266,4216.3584554347735,8432.716910869547,399.9815445652266,0.22221196920290368,799.9630891304532,2399.8892673913597,5250.3584554347735,10500.716910869547,31502.150732608643,5650.34,11300.68,33902.04,0.4708616666666667,0.5035114980000001,2.51755749,0.167837166,201.39530667639104,201.39530667639104,0.0,402.7906133527821,402.7906133527821,0.0,799.9630891304532,0.0,799.9630891304532,2399.8892673913597,0.0,9400.0,-0.06945866201791105,55.921619427634326
3,3,2025,1NB,1,NB,AM-Shoulder,1,OP,AM,3.0,70,12000,1.6,6.5,75,1800,1,4,0.05,0.01,4812.0,0.0,595.0,0.0,0.0,1.0,1.0,1.0,3.66,1.83,0.17391304347826086,0.17391304347826086,30,4.155,0.715,4812.0,0.0,595.0,0.0,0.0,5407.0,6597.0,1.0,1.2,0.42288461538461536,6597.0,0.0,1.0,96.24000000000001,3536.82,0.0,446.25,0.0,0.0,4055.25,0.174664118,0.8733205900000001,,0.1403769292885257,0.14037693619820413,137.85722327855626,689.2861163927812,68.64807946671831,74.12840207076997,0.859597011458187,2.428219076247658,2.6220689842789686,-0.19384990803131075,0.06937736560504383,496.48793104624343,4219.272068953756,0.0,0.0,496.48793104624343,4814.272068953756,4814.272068953756,496.48793104624343,0.2758266283590241,496.48793104624343,1489.4637931387304,6004.272068953756,6004.272068953756,18012.81620686127,6500.76,6500.76,19502.28,0.54173,0.523992354,2.61996177,0.174664118,260.15587972151076,260.15587972151076,0.0,260.15587972151076,260.15587972151076,0.0,496.48793104624343,0.0,496.48793104624343,1489.4637931387304,0.0,5407.0,-0.07393013272860809,54.06165618766912
4,4,2025,1NB,1,NB,MD,5,OP,MD,3.0,70,12000,1.6,6.5,75,1800,1,4,0.05,0.01,5111.0,0.0,632.0,0.0,0.0,1.0,1.0,1.0,3.66,1.83,0.17391304347826086,0.17391304347826086,30,4.136,0.708,5111.0,0.0,632.0,0.0,0.0,5743.0,7007.0,1.0,1.2,0.44916666666666666,7007.0,0.0,1.0,102.22,3756.585,0.0,474.0,0.0,0.0,4307.25,0.415252552,2.07626276,,0.03477651649414904,0.03477652018665614,226.07929928344763,1130.3964964172383,67.12170430964771,74.97899918228045,2.129581116676537,2.400672214394385,2.6816959112006304,-0.2810236968062454,0.15106625548772107,130.64094021417287,4878.139059785827,0.0,0.0,130.64094021417287,5510.139059785827,27550.695298929135,130.64094021417287,0.07257830011898493,653.2047010708643,1959.614103212593,6774.139059785827,33870.69529892914,101612.08589678741,6904.78,34523.9,103571.7,0.5753983333333333,1.2457576559999999,6.22878828,0.415252552,162.7469514588441,162.7469514588441,0.0,813.7347572942206,813.7347572942206,0.0,653.2047010708643,0.0,653.2047010708643,1959.614103212593,0.0,28715.0,-0.10479327489462718,88.65854873860691
5,5,2025,1NB,1,NB,PM-Shoulder,1,OP,PM,3.0,70,12000,1.6,6.5,75,1800,1,4,0.05,0.01,6757.0,0.0,835.0,0.0,0.0,1.0,1.0,1.0,3.66,1.83,0.17391304347826086,0.17391304347826086,30,4.135,0.592,6757.0,0.0,835.0,0.0,0.0,7592.0,9262.0,1.0,1.2,0.5937179487179487,9262.0,0.0,1.0,135.14000000000001,4966.3949999999995,0.0,626.25,0.0,0.0,5694.0,1.419297409,7.096487045,,0.01152915278163798,0.011529164655823,239.91887032103904,1199.5943516051955,54.45599264451924,74.99021141941822,3.168834464697847,2.400313275465579,3.305421336729893,-0.9051080612643139,1.0055700884628103,57.25832672896295,6564.601673271037,0.0,0.0,57.25832672896295,7399.601673271037,7399.601673271037,57.25832672896295,0.031810181516090524,57.25832672896295,171.77498018688885,9069.601673271038,9069.601673271038,27208.805019813113,9126.86,9126.86,27380.58,0.7605716666666668,4.257892226999999,21.289461135,1.419297409,243.79978431027763,243.79978431027763,0.0,243.79978431027763,243.79978431027763,0.0,57.25832672896295,0.0,57.25832672896295,171.77498018688885,0.0,7592.0,-0.2738253218150253,94.0858314984467
6,6,2025,1NB,1,NB,PM-Peak,3,Peak,PM,3.0,70,12000,1.6,6.5,75,1800,1,4,0.05,0.01,6670.0,0.0,824.0,0.0,0.0,1.0,1.0,1.0,3.66,1.83,0.17391304347826086,0.17391304347826086,30,4.135,0.592,6670.0,0.0,824.0,0.0,0.0,7494.0,9142.0,1.0,1.2,0.586025641025641,9142.0,0.0,1.0,133.4,4902.450000000001,0.0,618.0,0.0,0.0,5620.5,1.202351064,6.01175532,,0.01652847126820613,0.016528483731959066,220.69537213664165,1103.4768606832083,55.658124417326114,74.98489829435913,4.769647897649418,2.4004833519063506,3.2340292074945816,-0.8335458555882309,0.9077628714104339,81.03000396881716,6455.569996031183,0.0,0.0,81.03000396881716,7279.569996031183,21838.70998809355,81.03000396881716,0.04501666887156509,243.09001190645148,729.2700357193544,8927.569996031183,26782.70998809355,80348.12996428064,9008.6,27025.8,81077.4,0.7507166666666667,3.6070531919999995,18.03526596,1.202351064,292.27953446349454,292.27953446349454,0.0,876.8386033904836,876.8386033904836,0.0,243.09001190645148,0.0,243.09001190645148,729.2700357193544,0.0,22482.0,-0.25774221632153504,86.54720475946732
7,7,2025,1NB,1,NB,PM-Late,3,OP,PM,3.0,70,12000,1.6,6.5,75,1800,1,4,0.05,0.01,6393.0,0.0,790.0,0.0,0.0,1.0,1.0,1.0,3.66,1.83,0.17391304347826086,0.17391304347826086,30,4.135,0.592,6393.0,0.0,790.0,0.0,0.0,7183.0,8763.0,1.0,1.2,0.5617307692307693,8763.0,0.0,1.0,127.86,4698.8550000000005,0.0,592.5,0.0,0.0,5387.25,0.187399184,0.93699592,,0.1739130204685426,0.17391138251511024,105.70960332295682,528.5480166147842,63.07820662480939,69.70351664115137,0.6581843315659445,2.582366122597208,2.853600468869448,-0.27123434627223997,0.38657549949400155,817.1920657937138,5447.947934206287,0.0,0.0,817.1920657937138,6237.947934206287,18713.84380261886,817.1920657937138,0.4539955921076188,2451.5761973811414,7354.728592143424,7817.947934206287,23453.84380261886,70361.53140785659,8635.140000000001,25905.420000000002,77716.26000000001,0.7195950000000001,0.562197552,2.8109877599999997,0.187399184,459.42337890304884,459.42337890304884,0.0,1378.2701367091465,1378.2701367091465,0.0,2451.5761973811414,0.0,2451.5761973811414,7354.728592143424,0.0,21549.0,-0.09504986743280806,41.45474640115953
8,8,2025,1SB,1,SB,Night,8,OP,NT,3.0,70,12000,1.6,5.0,75,1800,1,4,0.05,0.01,1637.0,0.0,202.0,0.0,0.0,1.0,1.0,1.0,3.66,1.83,0.17391304347826086,0.17391304347826086,30,4.103,0.708,1637.0,0.0,202.0,0.0,0.0,1839.0,2243.0,1.0,1.2,0.1437820512820513,2243.0,0.0,1.0,32.74,1203.195,0.0,151.5,0.0,0.0,1379.25,0.147646003,0.738230015,,0.13642157037577568,0.13642157034945987,131.54504022821524,657.7252011410762,69.98252859754034,74.98926675747477,0.0,2.4003435129209074,2.5720705382789846,-0.17172702535807716,0.0008794945850659591,164.1417513682814,1440.1182486317186,0.0,0.0,164.1417513682814,1642.1182486317186,13136.94598905375,164.1417513682814,0.09118986187126744,1313.1340109462512,3939.4020328387537,2046.1182486317186,16368.94598905375,49106.83796716125,2210.26,17682.08,53046.240000000005,0.18418833333333334,0.442938009,2.2146900449999998,0.147646003,72.7046205448396,72.7046205448396,0.0,581.6369643587168,581.6369643587168,0.0,1313.1340109462512,0.0,1313.1340109462512,3939.4020328387537,0.0,14712.0,-0.06676606368384538,51.586290285574606
9,9,2025,1SB,1,SB,AM-Early,1,OP,AM,3.0,70,12000,1.6,5.0,75,1800,1,4,0.05,0.01,4573.0,0.0,565.0,0.0,0.0,1.0,1.0,1.0,3.66,1.83,0.17391304347826086,0.17391304347826086,30,4.155,0.715,4573.0,0.0,565.0,0.0,0.0,5138.0,6268.0,1.0,1.2,0.4017948717948718,6268.0,0.0,1.0,91.46000000000001,3361.1549999999997,0.0,423.75,0.0,0.0,3853.5,0.795369856,3.9768492799999997,,0.01000166334691119,0.010001604792482372,372.03560009871507,1860.1780004935754,66.00290778882456,74.99825147076861,2.1602141016485197,2.4000559542399063,2.727152576003282,-0.32709662176337595,0.2133418862673541,33.61714076678728,4447.922859233213,0.0,0.0,33.61714076678728,5012.922859233213,5012.922859233213,33.61714076678728,0.01867618931488182,33.61714076678728,100.85142230036183,6142.922859233213,6142.922859233213,18428.768577699637,6176.54,6176.54,18529.62,0.5147116666666667,2.386109568,11.93054784,0.795369856,80.21418123243399,80.21418123243399,0.0,80.21418123243399,80.21418123243399,0.0,33.61714076678728,0.0,33.61714076678728,100.85142230036183,0.0,5138.0,-0.11994071202380072,145.89631376420198
10,10,2025,1SB,1,SB,AM-Peak,2,Peak,AM,3.0,70,12000,1.6,5.0,75,1800,1,4,0.05,0.01,7757.0,0.0,959.0,0.0,0.0,1.0,1.0,1.0,3.66,1.83,0.17391304347826086,0.17391304347826086,30,4.155,0.715,7757.0,0.0,959.0,0.0,0.0,8716.0,10634.0,1.0,1.2,0.6816666666666666,10634.0,0.0,1.0,155.14000000000001,5701.3949999999995,0.0,719.25,0.0,0.0,6537.0,1.233788573,6.168942865,,0.1500296087718941,0.150029583821123,133.74821353876146,668.7410676938072,44.4469032643073,68.22328917129583,1.9011467895848417,2.638395219381081,4.0497759524350805,-1.4113807330539996,2.025335911978918,855.3780613040332,6746.481938695966,0.0,0.0,855.3780613040332,7705.481938695966,15410.963877391932,855.3780613040332,0.4752100340577962,1710.7561226080663,5132.268367824199,9623.481938695966,19246.963877391932,57740.8916321758,10478.859999999999,20957.719999999998,62873.16,0.8732383333333332,3.701365719,18.506828595,1.233788573,3166.067032895429,3166.067032895429,0.0,6332.134065790858,6332.134065790858,0.0,1710.7561226080663,0.0,1710.7561226080663,5132.268367824199,0.0,17432.0,-0.3485083495064347,52.45027981912214
11,11,2025,1SB,1,SB,AM-Shoulder,1,OP,AM,3.0,70,12000,1.6,5.0,75,1800,1,4,0.05,0.01,7826.0,0.0,967.0,0.0,0.0,1.0,1.0,1.0,3.66,1.83,0.17391304347826086,0.17391304347826086,30,4.155,0.715,7826.0,0.0,967.0,0.0,0.0,8793.0,10727.0,1.0,1.2,0.6876282051282051,10727.0,0.0,1.0,156.52,5752.11,0.0,725.25,0.0,0.0,6594.75,0.683611767,3.418058835,,0.1739129134095254,0.17391270389016036,87.06145600471905,435.3072800235953,44.87778266972271,64.06769684174368,0.8056236277203341,2.8095281846111244,4.010893348379241,-1.2013651637681169,1.9720667444224178,1000.366208352065,6669.113791647935,0.0,0.0,1000.366208352065,7636.113791647935,7636.113791647935,1000.366208352065,0.5557590046400361,1000.366208352065,3001.098625056195,9570.113791647935,9570.113791647935,28710.341374943804,10570.48,10570.48,31711.44,0.8808733333333333,2.050835301,10.254176505,0.683611767,2051.5863340159362,2051.5863340159362,0.0,2051.5863340159362,2051.5863340159362,0.0,1000.366208352065,0.0,1000.366208352065,3001.098625056195,0.0,8793.0,-0.2995255818142299,34.141747452831
12,12,2025,1SB,1,SB,MD,5,OP,MD,3.0,70,12000,1.6,5.0,75,1800,1,4,0.05,0.01,5968.0,0.0,738.0,0.0,0.0,1.0,1.0,1.0,3.66,1.83,0.17391304347826086,0.17391304347826086,30,4.136,0.708,5968.0,0.0,738.0,0.0,0.0,6706.0,8182.0,1.0,1.2,0.5244871794871795,8182.0,0.0,1.0,119.36,4386.4800000000005,0.0,553.5,0.0,0.0,5029.5,0.188471815,0.9423590749999999,,0.17391304176717406,0.17391302360934466,71.27108942425497,356.3554471212748,61.16008862785382,70.90809658280234,0.6150506896839868,2.5384971346651013,2.943095800518895,-0.4045986658537939,0.5091841038537438,762.8660794508738,5085.773920549126,0.0,0.0,762.8660794508738,5823.773920549126,29118.86960274563,762.8660794508738,0.4238144885838188,3814.330397254369,11442.991191763107,7299.773920549126,36498.86960274563,109496.6088082369,8062.64,40313.2,120939.6,0.6718866666666667,0.565415445,2.827077225,0.188471815,431.33626378812113,431.33626378812113,0.0,2156.6813189406057,2156.6813189406057,0.0,3814.330397254369,0.0,3814.330397254369,11442.991191763107,0.0,33530.0,-0.13747383479071915,27.949446833041165
13,13,2025,1SB,1,SB,PM-Shoulder,1,OP,PM,3.0,70,12000,1.6,5.0,75,1800,1,4,0.05,0.01,4858.0,0.0,600.0,0.0,0.0,1.0,1.0,1.0,3.66,1.83,0.17391304347826086,0.17391304347826086,30,4.135,0.592,4858.0,0.0,600.0,0.0,0.0,5458.0,6658.0,1.0,1.2,0.4267948717948718,6658.0,0.0,1.0,97.16,3570.63,0.0,450.0,0.0,0.0,4093.5,0.186849115,0.934245575,,0.16491626834670167,0.16491626375942614,111.26058684848617,556.3029342424309,66.48000249378707,73.45033387901759,0.598284742576531,2.45063555866858,2.707581125870475,-0.2569455672018952,0.18652899958540864,588.8549752467834,4171.985024753217,0.0,0.0,588.8549752467834,4771.985024753217,4771.985024753217,588.8549752467834,0.3271416529148797,588.8549752467834,1766.5649257403502,5971.985024753217,5971.985024753217,17915.95507425965,6560.84,6560.84,19682.52,0.5467366666666666,0.560547345,2.802736725,0.186849115,330.08109296462516,330.08109296462516,0.0,330.08109296462516,330.08109296462516,0.0,588.8549752467834,0.0,588.8549752467834,1766.5649257403502,0.0,5458.0,-0.09489856637971959,43.631602685680846
14,14,2025,1SB,1,SB,PM-Peak,3,Peak,PM,3.0,70,12000,1.6,5.0,75,1800,1,4,0.05,0.01,6246.0,0.0,772.0,0.0,0.0,1.0,1.0,1.0,3.66,1.83,0.17391304347826086,0.17391304347826086,30,4.135,0.592,6246.0,0.0,772.0,0.0,0.0,7018.0,8562.0,1.0,1.2,0.5488461538461539,8562.0,0.0,1.0,124.92,4590.8099999999995,0.0,579.0,0.0,0.0,5263.5,0.212310187,1.061550935,,0.17391303085033633,0.17391302119185334,68.878260225563,344.391301127815,59.25400259893103,70.14364481017837,1.0050752777844285,2.566162629374524,3.0377694688130195,-0.4716068394384956,0.6388870294166945,798.4016811580324,5322.678318841968,0.0,0.0,798.4016811580324,6094.678318841968,18284.034956525902,798.4016811580324,0.4435564895322402,2395.2050434740972,7185.615130422291,7638.678318841968,22916.034956525902,68748.10486957771,8437.08,25311.239999999998,75933.72,0.70309,0.636930561,3.1846528050000003,0.21231018700000004,508.52643068332867,508.52643068332867,0.0,1525.579292049986,1525.579292049986,0.0,2395.2050434740972,0.0,2395.2050434740972,7185.615130422291,0.0,21054.0,-0.15524773827645705,27.011082441397253
15,15,2025,1SB,1,SB,PM-Late,3,OP,PM,3.0,70,12000,1.6,5.0,75,1800,1,4,0.05,0.01,4575.0,0.0,566.0,0.0,0.0,1.0,1.0,1.0,3.66,1.83,0.17391304347826086,0.17391304347826086,30,4.135,0.592,4575.0,0.0,566.0,0.0,0.0,5141.0,6273.0,1.0,1.2,0.4021153846153846,6273.0,0.0,1.0,91.5,3362.625,0.0,424.5,0.0,0.0,3855.75,0.163716463,0.818582315,,0.16939781985158747,0.16939783071583325,110.08756842797807,550.4378421398903,67.38519520155873,73.65951018169368,0.5183612117994376,2.4436763094948564,2.6712098920481617,-0.22753358255330536,0.13670040924883875,569.6213439784443,3913.878656021556,0.0,0.0,569.6213439784443,4479.878656021556,13439.635968064667,569.6213439784443,0.31645630221024684,1708.864031935333,5126.592095806,5611.878656021556,16835.635968064667,50506.907904194,6181.5,18544.5,55633.5,0.515125,0.49114938900000005,2.455746945,0.163716463,279.7691750563718,279.7691750563718,0.0,839.3075251691155,839.3075251691155,0.0,1708.864031935333,0.0,1708.864031935333,5126.592095806,0.0,15423.0,-0.085179971529247,43.17159546195219
16,16,2025,2NB,2,NB,Night,8,OP,NT,2.2,70,12000,1.6,6.5,75,1800,1,4,0.05,0.01,3220.0,0.0,398.0,0.0,0.0,1.0,1.0,1.0,3.66,1.83,0.17391304347826086,0.17391304347826086,30,4.103,0.708,3220.0,0.0,398.0,0.0,0.0,3618.0,4414.0,1.0,1.2,0.28294871794871795,4414.0,0.0,1.0,64.4,2366.7,0.0,298.5,0.0,0.0,2713.5,0.117777617,0.588888085,,0.17391294481520322,0.17391264367805448,110.57712590814945,552.8856295407472,69.91106531886822,74.63501119778263,0.24319341401761985,1.7686069564617637,1.8881131248385463,-0.11950616837678263,0.003286409600237129,411.5997664941414,2744.0002335058584,0.0,0.0,411.5997664941414,3142.0002335058584,25136.001868046867,411.5997664941414,0.22866653694118969,3292.7981319531314,7244.15589029689,3938.0002335058584,31504.001868046867,69308.80410970311,4349.599999999999,34796.799999999996,76552.95999999999,0.3624666666666666,0.2591107574,1.295553787,0.117777617,106.64992724196013,106.64992724196013,0.0,853.199417935681,853.199417935681,0.0,3292.7981319531314,0.0,3292.7981319531314,7244.15589029689,0.0,28944.0,-0.06329396623785541,59.13215289205853
17,17,2025,2NB,2,NB,AM-Early,1,OP,AM,2.2,70,12000,1.6,6.5,75,1800,1,4,0.05,0.01,3086.0,0.0,381.0,0.0,0.0,1.0,1.0,1.0,3.66,1.83,0.17391304347826086,0.17391304347826086,30,4.155,0.715,3086.0,0.0,381.0,0.0,0.0,3467.0,4229.0,1.0,1.2,0.2710897435897436,4229.0,0.0,1.0,61.72,2268.21,0.0,285.75,0.0,0.0,2600.25,0.169543156,0.84771578,,0.11439380896666106,0.11439380916237633,150.73053909430217,753.652695471511,69.91570122599222,74.92404177435236,0.5362924186366544,1.76178429345206,1.8879879295400244,-0.12620363608796437,0.003114892041261951,259.4691814362703,2764.8108185637298,0.0,0.0,259.4691814362703,3145.8108185637298,3145.8108185637298,259.4691814362703,0.14414954524237236,259.4691814362703,570.8321991597946,3907.8108185637298,3907.8108185637298,8597.183800840206,4167.28,4167.28,9168.016000000001,0.3472733333333333,0.37299494320000004,1.8649747160000003,0.169543156,96.78069259197214,96.78069259197214,0.0,96.78069259197214,96.78069259197214,0.0,259.4691814362703,0.0,259.4691814362703,570.8321991597946,0.0,3467.0,-0.0668455735936361,80.6045663605894
18,18,2025,2NB,2,NB,AM-Peak,2,Peak,AM,2.2,70,12000,1.6,6.5,75,1800,1,4,0.05,0.01,6362.0,0.0,786.0,0.0,0.0,1.0,1.0,1.0,3.66,1.83,0.17391304347826086,0.17391304347826086,30,4.155,0.715,6362.0,0.0,786.0,0.0,0.0,7148.0,8720.0,1.0,1.2,0.558974358974359,8720.0,0.0,1.0,127.24000000000001,4676.07,0.0,589.5,0.0,0.0,5361.0,0.167837166,0.83918583,,0.17391288549498143,0.173912538044992,96.59004445846875,482.95022229234365,63.27533095554193,69.79844332169857,0.7502820402977921,1.8911596551174736,2.086121052337836,-0.19496139722036254,0.2745572702742643,813.2288264765178,5421.531173523483,0.0,0.0,813.2288264765178,6207.531173523483,12415.062347046965,813.2288264765178,0.45179379248695434,1626.4576529530357,3578.206836496679,7779.531173523483,15559.062347046965,34229.937163503324,8592.76,17185.52,37808.144,0.7160633333333334,0.36924176520000007,1.8462088260000002,0.167837166,300.278047399714,300.278047399714,0.0,600.556094799428,600.556094799428,0.0,1626.4576529530357,0.0,1626.4576529530357,3578.206836496679,0.0,14296.0,-0.09345641615661601,51.65243019169451
19,19,2025,2NB,2,NB,AM-Shoulder,1,OP,AM,2.2,70,12000,1.6,6.5,75,1800,1,4,0.05,0.01,7274.0,0.0,899.0,0.0,0.0,1.0,1.0,1.0,3.66,1.83,0.17391304347826086,0.17391304347826086,30,4.155,0.715,7274.0,0.0,899.0,0.0,0.0,8173.0,9971.0,1.0,1.2,0.6391666666666667,9971.0,0.0,1.0,145.48,5346.39,0.0,674.25,0.0,0.0,6129.75,0.174664118,0.8733205900000001,,0.17391303782661816,0.17391299874964072,51.48670838459871,257.4335419229935,55.819405877882545,66.52755073974323,0.5492999790632815,1.9841403829277582,2.364768988920799,-0.3806286059930406,0.6563049433929229,929.8069263058532,6198.713073694147,0.0,0.0,929.8069263058532,7097.713073694147,7097.713073694147,929.8069263058532,0.5165594035032518,929.8069263058532,2045.575237872877,8895.713073694147,8895.713073694147,19570.568762127125,9825.52,9825.52,21616.144,0.8187933333333334,0.38426105960000007,1.9213052980000003,0.174664118,357.28859472570633,357.28859472570633,0.0,357.28859472570633,357.28859472570633,0.0,929.8069263058532,0.0,929.8069263058532,2045.575237872877,0.0,8173.0,-0.160958050353471,27.53299913614904
20,20,2025,2NB,2,NB,MD,5,OP,MD,2.2,70,12000,1.6,6.5,75,1800,1,4,0.05,0.01,7621.0,0.0,942.0,0.0,0.0,1.0,1.0,1.0,3.66,1.83,0.17391304347826086,0.17391304347826086,30,4.136,0.708,7621.0,0.0,942.0,0.0,0.0,8563.0,10447.0,1.0,1.2,0.6696794871794872,10447.0,0.0,1.0,152.42000000000002,5601.4349999999995,0.0,706.5,0.0,0.0,6422.25,0.415252552,2.07626276,,0.17391294631366644,0.17391272090010587,92.38123728373316,461.9061864186659,52.083206305366645,65.02243550967957,0.5756053128717648,2.030068528890306,2.5344061812569083,-0.5043376523666021,0.8887078968933927,974.1620644344921,6494.417935565508,0.0,0.0,974.1620644344921,7436.417935565508,37182.08967782754,974.1620644344921,0.5412011469080512,4870.8103221724605,10715.782708779414,9320.417935565507,46602.089677827535,102524.59729122059,10294.579999999998,51472.899999999994,113240.38,0.8578816666666665,0.9135556144000001,4.567778072,0.415252552,889.9512232996249,889.9512232996249,0.0,4449.756116498124,4449.756116498124,0.0,4870.8103221724605,0.0,4870.8103221724605,10715.782708779414,0.0,42815.0,-0.1989963787558638,49.40173116777174
21,21,2025,2NB,2,NB,PM-Shoulder,1,OP,PM,2.2,70,12000,1.6,6.5,75,1800,1,4,0.05,0.01,8273.0,0.0,1022.0,0.0,0.0,1.0,1.0,1.0,3.66,1.83,0.17391304347826086,0.17391304347826086,30,4.135,0.592,8273.0,0.0,1022.0,0.0,0.0,9295.0,11339.0,1.0,1.2,0.7268589743589744,11339.0,0.0,1.0,165.46,6080.655,0.0,766.5,0.0,0.0,6971.25,1.419297409,7.096487045,,0.12856810065286722,0.12856812365534095,122.22284275079677,611.1142137539838,41.277277222008706,69.65783971713115,1.244407992790523,1.8949769406577917,3.197885347186095,-1.3029084065283032,1.7976743542163791,781.7782640753603,7325.76173592464,0.0,0.0,781.7782640753603,8347.76173592464,8347.76173592464,781.7782640753603,0.4343212578196446,781.7782640753603,1719.912180965793,10391.76173592464,10391.76173592464,22861.87581903421,11173.54,11173.54,24581.788,0.9311283333333334,3.1224542998,15.612271499000002,1.419297409,2441.066902152289,2441.066902152289,0.0,2441.066902152289,2441.066902152289,0.0,781.7782640753603,0.0,781.7782640753603,1719.912180965793,0.0,9295.0,-0.4074281173572302,65.35980895764533
22,22,2025,2NB,2,NB,PM-Peak,3,Peak,PM,2.2,70,12000,1.6,6.5,75,1800,1,4,0.05,0.01,7207.0,0.0,891.0,0.0,0.0,1.0,1.0,1.0,3.66,1.83,0.17391304347826086,0.17391304347826086,30,4.135,0.592,7207.0,0.0,891.0,0.0,0.0,8098.0,9880.0,1.0,1.2,0.6333333333333333,9880.0,0.0,1.0,144.14000000000001,5297.1449999999995,0.0,668.25,0.0,0.0,6073.5,1.202351064,6.01175532,,0.052752498243926076,0.05275250405864645,162.92486253098622,814.624312654931,50.898251496219395,74.7707160825799,3.1059927642428975,1.7653970286203184,2.5934093238901275,-0.828012295269809,0.9695422023009034,279.43763231032176,6783.422367689678,0.0,0.0,279.43763231032176,7674.422367689678,23023.267103069033,279.43763231032176,0.15524312906128987,838.3128969309653,1844.2883732481237,9456.422367689678,28369.267103069033,62412.38762675188,9735.86,29207.579999999998,64256.676,0.8113216666666667,2.6451723408,13.225861704000001,1.202351064,739.1606959659035,739.1606959659035,0.0,2217.4820878977107,2217.4820878977107,0.0,838.3128969309653,0.0,838.3128969309653,1844.2883732481237,0.0,24294.0,-0.31927559126215616,87.12559493635626
23,23,2025,2NB,2,NB,PM-Late,3,OP,PM,2.2,70,12000,1.6,6.5,75,1800,1,4,0.05,0.01,7436.0,0.0,919.0,0.0,0.0,1.0,1.0,1.0,3.66,1.83,0.17391304347826086,0.17391304347826086,30,4.135,0.592,7436.0,0.0,919.0,0.0,0.0,8355.0,10193.0,1.0,1.2,0.6533974358974359,10193.0,0.0,1.0,148.72,5465.46,0.0,689.25,0.0,0.0,6266.25,0.187399184,0.93699592,,0.1739130114358671,0.17391299482626305,48.48094674201358,242.4047337100679,54.13197772800112,65.8424826659082,0.5615147049509748,2.0047846717715996,2.4384847097821756,-0.433700038010576,0.7572954809730097,950.5146074822742,6336.765392517726,0.0,0.0,950.5146074822742,7255.765392517726,21767.296177553177,950.5146074822742,0.5280636708234857,2851.5438224468226,6273.39640938301,9093.765392517726,27281.296177553177,60018.85159061699,10044.279999999999,30132.84,66292.248,0.8370233333333332,0.41227820480000005,2.061391024,0.187399184,391.8764560089687,391.8764560089687,0.0,1175.6293680269061,1175.6293680269061,0.0,2851.5438224468226,0.0,2851.5438224468226,6273.39640938301,0.0,25065.0,-0.17785636968349802,25.925639968991216
24,24,2025,2SB,2,SB,Night,8,OP,NT,2.2,70,12000,1.6,5.0,75,1800,1,4,0.05,0.01,2585.0,0.0,319.0,0.0,0.0,1.0,1.0,1.0,3.66,1.83,0.17391304347826086,0.17391304347826086,30,4.103,0.708,2585.0,0.0,319.0,0.0,0.0,2904.0,3542.0,1.0,1.2,0.22705128205128206,3542.0,0.0,1.0,51.7,1899.9750000000001,0.0,239.25,0.0,0.0,2178.0,0.147646003,0.738230015,,0.14259899425316416,0.14259899445576613,128.97910149131607,644.8955074565804,69.83184358229227,74.9226666972588,0.0,1.7618166279822163,1.890255121854926,-0.12843849387270967,0.006220945512677332,270.9345241061556,2262.3654758938446,0.0,0.0,270.9345241061556,2581.3654758938446,20650.923807150757,270.9345241061556,0.15051918005897533,2167.476192849245,4768.4476242683395,3219.3654758938446,25754.923807150757,56660.83237573167,3490.3,27922.4,61429.280000000006,0.29085833333333333,0.3248212066,1.6241060330000001,0.147646003,88.00527902975826,88.00527902975826,0.0,704.042232238066,704.042232238066,0.0,2167.476192849245,0.0,2167.476192849245,4768.4476242683395,0.0,23232.0,-0.0679477031368505,68.97278154615833
25,25,2025,2SB,2,SB,AM-Early,1,OP,AM,2.2,70,12000,1.6,5.0,75,1800,1,4,0.05,0.01,6971.0,0.0,862.0,0.0,0.0,1.0,1.0,1.0,3.66,1.83,0.17391304347826086,0.17391304347826086,30,4.155,0.715,6971.0,0.0,862.0,0.0,0.0,7833.0,9557.0,1.0,1.2,0.6126282051282051,9557.0,0.0,1.0,139.42000000000002,5123.6849999999995,0.0,646.5,0.0,0.0,5874.75,0.795369856,3.9768492799999997,,0.14692874030378397,0.14692875339094064,135.03489343546204,675.1744671773101,52.23330439627566,70.72994560769514,0.8377422627632136,1.866253379185957,2.5271232889759863,-0.6608699097900292,0.8787303344685302,752.8165827633933,6078.763417236607,0.0,0.0,752.8165827633933,6940.763417236607,6940.763417236607,752.8165827633933,0.4182314348685518,752.8165827633933,1656.1964820794653,8664.763417236607,8664.763417236607,19062.479517920536,9417.58,9417.58,20718.676,0.7847983333333334,1.7498136832000002,8.749068416,0.795369856,1317.288757459251,1317.288757459251,0.0,1317.288757459251,1317.288757459251,0.0,752.8165827633933,0.0,752.8165827633933,1656.1964820794653,0.0,7833.0,-0.26151075124546846,72.21117296014012
26,26,2025,2SB,2,SB,AM-Peak,2,Peak,AM,2.2,70,12000,1.6,5.0,75,1800,1,4,0.05,0.01,9309.0,0.0,1150.0,0.0,0.0,1.0,1.0,1.0,3.66,1.83,0.17391304347826086,0.17391304347826086,30,4.155,0.715,9309.0,0.0,1150.0,0.0,0.0,10459.0,12759.0,1.0,1.2,0.8178846153846154,12759.0,0.0,1.0,186.18,6842.115,0.0,862.5,0.0,0.0,7844.25,1.233788573,6.168942865,,0.1739130419920284,0.1739130262061973,67.94424054113809,339.7212027056904,30.00920974799127,55.90311869364085,1.0976992023993097,2.361227836382148,4.398649651506925,-2.0374218151247767,3.4427214511359163,1189.9330333092873,7932.886966690712,0.0,0.0,1189.9330333092873,9082.886966690712,18165.773933381424,1189.9330333092873,0.6610739073940485,2379.8660666185747,5235.705346560865,11382.886966690712,22765.773933381424,50084.70265343914,12572.82,25145.64,55320.408,1.047735,2.7143348606,13.571674303000002,1.233788573,3229.8767140909,3229.8767140909,0.0,6459.7534281818,6459.7534281818,0.0,2379.8660666185747,0.0,2379.8660666185747,5235.705346560865,0.0,20918.0,-0.4631925651152463,36.33381847119684
27,27,2025,2SB,2,SB,AM-Shoulder,1,OP,AM,2.2,70,12000,1.6,5.0,75,1800,1,4,0.05,0.01,8274.0,0.0,1023.0,0.0,0.0,1.0,1.0,1.0,3.66,1.83,0.17391304347826086,0.17391304347826086,30,4.155,0.715,8274.0,0.0,1023.0,0.0,0.0,9297.0,11343.0,1.0,1.2,0.7271153846153846,11343.0,0.0,1.0,165.48,6081.39,0.0,767.25,0.0,0.0,6972.75,0.683611767,3.418058835,,0.17391303282771245,0.17391302349844934,66.91898425751538,334.5949212875769,40.22669394841421,61.82025343907749,0.6251756123275115,2.1352225631051986,3.281403144122999,-1.1461805810178003,1.9120937360199373,1057.6329787081222,7050.887021291878,0.0,0.0,1057.6329787081222,8073.887021291878,8073.887021291878,1057.6329787081222,0.5875738770600679,1057.6329787081222,2326.792553157869,10119.887021291877,10119.887021291877,22263.751446842132,11177.52,11177.52,24590.544,0.9314600000000001,1.5039458874000002,7.5197294370000005,0.683611767,1590.6227687066923,1590.6227687066923,0.0,1590.6227687066923,1590.6227687066923,0.0,1057.6329787081222,0.0,1057.6329787081222,2326.792553157869,0.0,9297.0,-0.34929587456226235,35.78555307888523
28,28,2025,2SB,2,SB,MD,5,OP,MD,2.2,70,12000,1.6,5.0,75,1800,1,4,0.05,0.01,7694.0,0.0,951.0,0.0,0.0,1.0,1.0,1.0,3.66,1.83,0.17391304347826086,0.17391304347826086,30,4.136,0.708,7694.0,0.0,951.0,0.0,0.0,8645.0,10547.0,1.0,1.2,0.6760897435897436,10547.0,0.0,1.0,153.88,5655.09,0.0,713.25,0.0,0.0,6483.75,0.188471815,0.9423590749999999,,0.17391304239076913,0.1739130365251137,25.9417091180529,129.7085455902645,46.22298126932865,64.68792132089,0.5810972582748045,2.040566419582454,2.855722334976019,-0.8151559153935648,1.328911027488575,983.4939068936146,6556.626093106385,0.0,0.0,983.4939068936146,7507.626093106385,37538.130465531925,983.4939068936146,0.5463855038297859,4917.469534468073,10818.43297582976,9409.626093106384,47048.130465531925,103505.88702417024,10393.119999999999,51965.6,114324.32,0.8660933333333333,0.414637993,2.073189965,0.188471815,407.79393968209723,407.79393968209723,0.0,2038.9696984104862,2038.9696984104862,0.0,4917.469534468073,0.0,4917.469534468073,10818.43297582976,0.0,43225.0,-0.28544648946075146,13.872571720883904
29,29,2025,2SB,2,SB,PM-Shoulder,1,OP,PM,2.2,70,12000,1.6,5.0,75,1800,1,4,0.05,0.01,5126.0,0.0,634.0,0.0,0.0,1.0,1.0,1.0,3.66,1.83,0.17391304347826086,0.17391304347826086,30,4.135,0.592,5126.0,0.0,634.0,0.0,0.0,5760.0,7028.0,1.0,1.2,0.4505128205128205,7028.0,0.0,1.0,102.52,3767.6099999999997,0.0,475.5,0.0,0.0,4320.0,0.186849115,0.934245575,,0.17391299114414308,0.17391262572083438,105.94298109938833,529.7149054969417,65.56852566003862,72.71619303595187,0.38750942120142257,1.8152765496776957,2.013161020035695,-0.1978844703579994,0.17460202602033123,655.2363245645848,4368.243675435415,0.0,0.0,655.2363245645848,5002.243675435415,5002.243675435415,655.2363245645848,0.36402018031365824,655.2363245645848,1441.5199140420868,6270.243675435415,6270.243675435415,13794.536085957914,6925.48,6925.48,15236.056,0.5771233333333333,0.41106805300000004,2.0553402650000003,0.186849115,269.34672019364,269.34672019364,0.0,269.34672019364,269.34672019364,0.0,655.2363245645848,0.0,655.2363245645848,1441.5199140420868,0.0,5760.0,-0.09829540130599723,56.6540005879082
30,30,2025,2SB,2,SB,PM-Peak,3,Peak,PM,2.2,70,12000,1.6,5.0,75,1800,1,4,0.05,0.01,7001.0,0.0,865.0,0.0,0.0,1.0,1.0,1.0,3.66,1.83,0.17391304347826086,0.17391304347826086,30,4.135,0.592,7001.0,0.0,865.0,0.0,0.0,7866.0,9596.0,1.0,1.2,0.6151282051282051,9596.0,0.0,1.0,140.02,5145.735,0.0,648.75,0.0,0.0,5899.5,0.212310187,1.061550935,,0.17391301122005967,0.17391300998931947,44.2690691135985,221.34534556799252,53.002698720320964,67.6112142861951,0.8257125277224334,1.9523388448734285,2.4904392264349338,-0.5381003815615053,0.8284731687872884,894.9102687904536,5966.069731209546,0.0,0.0,894.9102687904536,6831.069731209546,20493.209193628638,894.9102687904536,0.497172371550252,2684.730806371361,5906.407774016994,8561.069731209547,25683.20919362864,56503.06022598302,9455.980000000001,28367.940000000002,62409.468000000015,0.7879983333333335,0.46708241140000006,2.3354120570000005,0.212310187,417.9968463332673,417.9968463332673,0.0,1253.9905389998019,1253.9905389998019,0.0,2684.730806371361,0.0,2684.730806371361,5906.407774016994,0.0,23598.0,-0.21606645761510773,23.673298991229146
31,31,2025,2SB,2,SB,PM-Late,3,OP,PM,2.2,70,12000,1.6,5.0,75,1800,1,4,0.05,0.01,6368.0,0.0,787.0,0.0,0.0,1.0,1.0,1.0,3.66,1.83,0.17391304347826086,0.17391304347826086,30,4.135,0.592,6368.0,0.0,787.0,0.0,0.0,7155.0,8729.0,1.0,1.2,0.559551282051282,8729.0,0.0,1.0,127.36,4680.4800000000005,0.0,590.25,0.0,0.0,5366.25,0.163716463,0.818582315,,0.17391303760260754,0.1739130248603616,49.55015680451079,247.75078402255394,58.34587957373554,69.78014611477468,0.4808594396241966,1.891655540286285,2.262370555802195,-0.37071501551591024,0.5160190900204356,813.9964942382526,5426.643505761748,0.0,0.0,813.9964942382526,6213.643505761748,18640.930517285244,813.9964942382526,0.45222027457680697,2441.9894827147577,5372.376861972468,7787.643505761748,23362.930517285244,51398.44713802754,8601.640000000001,25804.920000000002,56770.82400000001,0.7168033333333335,0.36017621860000004,1.800881093,0.16371646300000003,293.1821792483905,293.1821792483905,0.0,879.5465377451716,879.5465377451716,0.0,2441.9894827147577,0.0,2441.9894827147577,5372.376861972468,0.0,21465.0,-0.16386131554141514,26.497410055888118
32,32,2025,3NB,3,NB,Night,8,OP,NT,3.4,70,12000,1.6,6.5,75,1800,1,4,0.05,0.01,3349.0,0.0,414.0,0.0,0.0,1.0,1.0,1.0,3.66,1.83,0.17391304347826086,0.17391304347826086,30,4.103,0.708,3349.0,0.0,414.0,0.0,0.0,3763.0,4591.0,1.0,1.2,0.2942948717948718,4591.0,0.0,1.0,66.98,2461.515,0.0,310.5,0.0,0.0,2822.25,0.117777617,0.588888085,,0.17391294329119353,0.17391280294318337,111.29027662777969,556.4513831388984,69.8852088902444,74.5732660530699,0.3909766793358215,2.7355647780643513,2.9190726226544528,-0.1835078445901015,0.006558064465171875,428.0893186054222,2853.9306813945777,0.0,0.0,428.0893186054222,3267.9306813945777,26143.445451156622,428.0893186054222,0.23782739922523455,3424.7145488433775,11644.029466067483,4095.9306813945777,32767.445451156622,111409.31453393251,4524.0199999999995,36192.159999999996,123053.344,0.3770016666666666,0.4004438978,2.002219489,0.117777617,171.42575534890133,171.42575534890133,0.0,1371.4060427912107,1371.4060427912107,0.0,3424.7145488433775,0.0,3424.7145488433775,11644.029466067483,0.0,30104.0,-0.0628651179028321,38.50874623798605
33,33,2025,3NB,3,NB,AM-Early,1,OP,AM,3.4,70,12000,1.6,6.5,75,1800,1,4,0.05,0.01,3209.0,0.0,397.0,0.0,0.0,1.0,1.0,1.0,3.66,1.83,0.17391304347826086,0.17391304347826086,30,4.155,0.715,3209.0,0.0,397.0,0.0,0.0,3606.0,4400.0,1.0,1.2,0.28205128205128205,4400.0,0.0,1.0,64.18,2358.6150000000002,0.0,297.75,0.0,0.0,2704.5,0.169543156,0.84771578,,0.11507779409910605,0.11507779439304829,150.35062400680837,751.753120034042,69.89121571109996,74.90947753838614,0.8573505188474343,2.7232869151365198,2.9188217421091616,-0.1955348269726418,0.006214358118123165,271.42421132906304,2873.3957886709372,0.0,0.0,271.42421132906304,3270.3957886709372,3270.3957886709372,271.42421132906304,0.15079122851614613,271.42421132906304,922.8423185188143,4064.3957886709372,4064.3957886709372,13818.945681481186,4335.820000000001,4335.820000000001,14741.788,0.3613183333333334,0.5764467303999999,2.882233652,0.169543156,156.461599172037,156.461599172037,0.0,156.461599172037,156.461599172037,0.0,271.42421132906304,0.0,271.42421132906304,922.8423185188143,0.0,3606.0,-0.06699101358322311,52.02443737259806
34,34,2025,3NB,3,NB,AM-Peak,2,Peak,AM,3.4,70,12000,1.6,6.5,75,1800,1,4,0.05,0.01,6617.0,0.0,818.0,0.0,0.0,1.0,1.0,1.0,3.66,1.83,0.17391304347826086,0.17391304347826086,30,4.155,0.715,6617.0,0.0,818.0,0.0,0.0,7435.0,9071.0,1.0,1.2,0.581474358974359,9071.0,0.0,1.0,132.34,4863.495,0.0,613.5,0.0,0.0,5576.25,0.167837166,0.83918583,,0.17391304213853387,0.17391301738934442,81.42787135627316,407.13935678136573,61.54560883680588,68.984007947998,1.2070519798286157,2.9572071276835743,3.314615028684267,-0.35740790100069253,0.5484511607260171,845.8252108755488,5638.834789124451,0.0,0.0,845.8252108755488,6456.834789124451,12913.669578248902,845.8252108755488,0.46990289493086046,1691.6504217510976,5751.611433953732,8092.834789124451,16185.669578248902,55031.27656604627,8938.66,17877.32,60782.888,0.7448883333333334,0.5706463644,2.853231822,0.167837166,482.6670815039953,482.6670815039953,0.0,965.3341630079906,965.3341630079906,0.0,1691.6504217510976,0.0,1691.6504217510976,5751.611433953732,0.0,14870.0,-0.1078278768145709,28.17573403331251
35,35,2025,3NB,3,NB,AM-Shoulder,1,OP,AM,3.4,70,12000,1.6,6.5,75,1800,1,4,0.05,0.01,7565.0,0.0,935.0,0.0,0.0,1.0,1.0,1.0,3.66,1.83,0.17391304347826086,0.17391304347826086,30,4.155,0.715,7565.0,0.0,935.0,0.0,0.0,8500.0,10370.0,1.0,1.2,0.6647435897435897,10370.0,0.0,1.0,151.3,5560.275,0.0,701.25,0.0,0.0,6375.0,0.174664118,0.8733205900000001,,0.1739130113706532,0.17391301181828175,40.68163234328723,203.40816171643615,52.716879399092136,65.27486306329153,0.8829277315920641,3.125245928163777,3.869728298134301,-0.7444823699705241,1.3089563398725639,967.0041692989587,6446.695830701041,0.0,0.0,967.0041692989587,7381.695830701041,7381.695830701041,967.0041692989587,0.5372245384994215,967.0041692989587,3287.8141756164596,9251.69583070104,9251.69583070104,31455.76582438354,10218.699999999999,10218.699999999999,34743.58,0.8515583333333332,0.5938580012,2.969290006,0.174664118,574.263163131946,574.263163131946,0.0,574.263163131946,574.263163131946,0.0,967.0041692989587,0.0,967.0041692989587,3287.8141756164596,0.0,8500.0,-0.19238621231610986,14.07668939214091
36,36,2025,3NB,3,NB,MD,5,OP,MD,3.4,70,12000,1.6,6.5,75,1800,1,4,0.05,0.01,7925.0,0.0,980.0,0.0,0.0,1.0,1.0,1.0,3.66,1.83,0.17391304347826086,0.17391304347826086,30,4.136,0.708,7925.0,0.0,980.0,0.0,0.0,8905.0,10865.0,1.0,1.2,0.6964743589743589,10865.0,0.0,1.0,158.5,5824.875,0.0,735.0,0.0,0.0,6678.75,0.415252552,2.07626276,,0.17391300354484995,0.17391296627904024,72.00148605208759,360.00743026043796,48.47778004687152,63.58968317333482,0.925631919550103,3.2080675641036014,4.208113486276791,-1.0000459221731899,1.772544047627776,1013.0215065233078,6753.478493476692,0.0,0.0,1013.0215065233078,7733.478493476692,38667.39246738346,1013.0215065233078,0.5627897258462822,5065.107532616539,17221.36561089623,9693.478493476692,48467.39246738346,164789.13438910377,10706.5,53532.5,182010.5,0.8922083333333334,1.4118586767999999,7.059293384,0.415252552,1430.2432037699398,1430.2432037699398,0.0,7151.216018849699,7151.216018849699,0.0,5065.107532616539,0.0,5065.107532616539,17221.36561089623,0.0,44525.0,-0.23764708947001323,24.914009014563177
37,37,2025,3NB,3,NB,PM-Shoulder,1,OP,PM,3.4,70,12000,1.6,6.5,75,1800,1,4,0.05,0.01,8604.0,0.0,1063.0,0.0,0.0,1.0,1.0,1.0,3.66,1.83,0.17391304347826086,0.17391304347826086,30,4.135,0.592,8604.0,0.0,1063.0,0.0,0.0,9667.0,11793.0,1.0,1.2,0.7559615384615385,11793.0,0.0,1.0,172.08,6323.9400000000005,0.0,797.25,0.0,0.0,7250.25,1.419297409,7.096487045,,0.152827001722054,0.15282702944833193,114.59854813204683,572.9927406602342,38.46917175872521,64.65113510663238,1.4670800301810225,3.155397034615595,5.3029475466606755,-2.1475505120450804,3.2724667103536973,966.4687892701662,7465.451210729834,0.0,0.0,966.4687892701662,8528.451210729834,8528.451210729834,966.4687892701662,0.5369271051500923,966.4687892701662,3285.993883518565,10654.451210729834,10654.451210729834,36225.13411648144,11620.92,11620.92,39511.128000000004,0.96841,4.825611190599999,24.128055953,1.419297409,4663.802604867747,4663.802604867747,0.0,4663.802604867747,4663.802604867747,0.0,966.4687892701662,0.0,966.4687892701662,3285.993883518565,0.0,9667.0,-0.40497298778627683,39.65347686229995
38,38,2025,3NB,3,NB,PM-Peak,3,Peak,PM,3.4,70,12000,1.6,6.5,75,1800,1,4,0.05,0.01,7495.0,0.0,926.0,0.0,0.0,1.0,1.0,1.0,3.66,1.83,0.17391304347826086,0.17391304347826086,30,4.135,0.592,7495.0,0.0,926.0,0.0,0.0,8421.0,10273.0,1.0,1.2,0.658525641025641,10273.0,0.0,1.0,149.9,5508.825000000001,0.0,694.5,0.0,0.0,6315.75,1.202351064,6.01175532,,0.07893943585070488,0.07893944674776227,144.17774769421715,720.8887384710856,48.61375540515951,74.1738066655345,4.207296621655536,2.7502970276270093,4.1963431604864025,-1.4460461328593932,1.7564187012949433,434.86353770025937,6910.236462299741,0.0,0.0,434.86353770025937,7836.236462299741,23508.709386899223,434.86353770025937,0.24159085427792187,1304.5906131007782,4435.608084542646,9688.236462299741,29064.709386899223,98820.01191545736,10123.1,30369.300000000003,103255.62000000001,0.8435916666666667,4.0879936176,20.439968087999997,1.202351064,1777.7193666456171,1777.7193666456171,0.0,5333.158099936852,5333.158099936852,0.0,1304.5906131007782,0.0,1304.5906131007782,4435.608084542646,0.0,25263.0,-0.34459673042844774,49.888494011839846
39,39,2025,3NB,3,NB,PM-Late,3,OP,PM,3.4,70,12000,1.6,6.5,75,1800,1,4,0.05,0.01,7734.0,0.0,956.0,0.0,0.0,1.0,1.0,1.0,3.66,1.83,0.17391304347826086,0.17391304347826086,30,4.135,0.592,7734.0,0.0,956.0,0.0,0.0,8690.0,10602.0,1.0,1.2,0.6796153846153846,10602.0,0.0,1.0,154.68,5684.49,0.0,717.0,0.0,0.0,6517.5,0.187399184,0.93699592,,0.17391304296112678,0.17391303548377934,38.01289254765006,190.0644627382503,50.77743990631791,64.50205025411215,0.9028042768835614,3.16269016560438,4.017532202812328,-0.8548420372079479,1.5114476892814612,988.6069535820956,6590.7130464179045,0.0,0.0,988.6069535820956,7546.7130464179045,22640.13913925371,988.6069535820956,0.5492260853233865,2965.8208607462866,10083.790926537375,9458.713046417904,28376.13913925371,96478.87307346262,10447.32,31341.96,106562.66399999999,0.87061,0.6371572256,3.1857861279999997,0.187399184,629.898063753236,629.898063753236,0.0,1889.694191259708,1889.694191259708,0.0,2965.8208607462866,0.0,2965.8208607462866,10083.790926537375,0.0,26070.0,-0.21277789300843605,13.15325001648791
40,40,2025,3SB,3,SB,Night,8,OP,NT,3.4,70,12000,1.6,5.0,75,1800,1,4,0.05,0.01,2688.0,0.0,332.0,0.0,0.0,1.0,1.0,1.0,3.66,1.83,0.17391304347826086,0.17391304347826086,30,4.103,0.708,2688.0,0.0,332.0,0.0,0.0,3020.0,3684.0,1.0,1.2,0.23615384615384616,3684.0,0.0,1.0,53.76,1975.6799999999998,0.0,249.0,0.0,0.0,2265.0,0.147646003,0.738230015,,0.14404541741832033,0.14404541776704052,128.39634386300503,641.9817193150251,69.79626521946632,74.906484832518,0.0,2.7233957174217927,2.9227924926720004,-0.19939677525020771,0.011654286389211786,284.5876502850271,2349.652349714973,0.0,0.0,284.5876502850271,2681.652349714973,21453.218797719783,284.5876502850271,0.1581042501583484,2276.701202280217,7740.784087752737,3345.652349714973,26765.218797719783,91001.74391224726,3630.24,29041.92,98742.52799999999,0.30251999999999996,0.5019964102,2.5099820509999997,0.147646003,142.8619788303366,142.8619788303366,0.0,1142.8958306426928,1142.8958306426928,0.0,2276.701202280217,0.0,2276.701202280217,7740.784087752737,0.0,24160.0,-0.06822132455524418,44.42780064463842
41,41,2025,3SB,3,SB,AM-Early,1,OP,AM,3.4,70,12000,1.6,5.0,75,1800,1,4,0.05,0.01,7250.0,0.0,896.0,0.0,0.0,1.0,1.0,1.0,3.66,1.83,0.17391304347826086,0.17391304347826086,30,4.155,0.715,7250.0,0.0,896.0,0.0,0.0,8146.0,9938.0,1.0,1.2,0.637051282051282,9938.0,0.0,1.0,145.0,5328.75,0.0,672.0,0.0,0.0,6109.5,0.795369856,3.9768492799999997,,0.1629034630289107,0.16290347045135736,128.70914371771536,643.5457185885767,50.19112141204112,68.1607955713013,1.0499725778792413,2.992922812742124,4.064463878487069,-1.071541065744945,1.5757440849558555,868.0718286153079,6236.928171384692,0.0,0.0,868.0718286153079,7132.928171384692,7132.928171384692,868.0718286153079,0.4822621270085044,868.0718286153079,2951.4442172920467,8924.928171384692,8924.928171384692,30344.75578270795,9793.0,9793.0,33296.2,0.8160833333333334,2.7042575103999997,13.521287551999999,0.795369856,2347.489762099608,2347.489762099608,0.0,2347.489762099608,2347.489762099608,0.0,868.0718286153079,0.0,868.0718286153079,2951.4442172920467,0.0,8146.0,-0.26363650847447284,44.53603588848282
42,42,2025,3SB,3,SB,AM-Peak,2,Peak,AM,3.4,70,12000,1.6,5.0,75,1800,1,4,0.05,0.01,9681.0,0.0,1197.0,0.0,0.0,1.0,1.0,1.0,3.66,1.83,0.17391304347826086,0.17391304347826086,30,4.155,0.715,9681.0,0.0,1197.0,0.0,0.0,10878.0,13272.0,1.0,1.2,0.8507692307692307,13272.0,0.0,1.0,193.62,7115.535,0.0,897.75,0.0,0.0,8158.5,1.233788573,6.168942865,,0.17391304093654456,0.17391303140269912,55.745890792615846,278.72945396307927,26.6855427662568,53.587807087314786,1.7664559315485782,3.8068361272482547,7.644588749304095,-3.8377526220558402,6.480515157975183,1237.4843297404154,8249.895670259584,0.0,0.0,1237.4843297404154,9446.895670259584,18893.79134051917,1237.4843297404154,0.6874912943002308,2474.968659480831,8414.893442234825,11840.895670259584,23681.79134051917,80518.09055776517,13078.38,26156.76,88932.984,1.0898649999999999,4.1948811481999995,20.974405740999998,1.233788573,5191.099686020981,5191.099686020981,0.0,10382.199372041961,10382.199372041961,0.0,2474.968659480831,0.0,2474.968659480831,8414.893442234825,0.0,21756.0,-0.502022116285222,19.289235568379187
43,43,2025,3SB,3,SB,AM-Shoulder,1,OP,AM,3.4,70,12000,1.6,5.0,75,1800,1,4,0.05,0.01,8605.0,0.0,1064.0,0.0,0.0,1.0,1.0,1.0,3.66,1.83,0.17391304347826086,0.17391304347826086,30,4.155,0.715,8605.0,0.0,1064.0,0.0,0.0,9669.0,11797.0,1.0,1.2,0.7562179487179487,11797.0,0.0,1.0,172.1,6324.674999999999,0.0,798.0,0.0,0.0,7251.75,0.683611767,3.418058835,,0.1739130374553015,0.17391302520543345,55.378524216562774,276.8926210828139,36.83034316869696,60.028226097264266,1.0049343546174665,3.3984012732519697,5.538911192480681,-2.140509919228711,3.5957369051271053,1099.943440167609,7332.956559832391,0.0,0.0,1099.943440167609,8396.95655983239,8396.95655983239,1099.943440167609,0.6110796889820049,1099.943440167609,3739.8076965698706,10524.95655983239,10524.95655983239,35784.852303430125,11624.899999999998,11624.899999999998,39524.659999999996,0.9687416666666665,2.3242800078,11.621400039,0.683611767,2556.5765476923293,2556.5765476923293,0.0,2556.5765476923293,2556.5765476923293,0.0,1099.943440167609,0.0,1099.943440167609,3739.8076965698706,0.0,9669.0,-0.3864495827509473,19.162119106077082
44,44,2025,3SB,3,SB,MD,5,OP,MD,3.4,70,12000,1.6,5.0,75,1800,1,4,0.05,0.01,8002.0,0.0,989.0,0.0,0.0,1.0,1.0,1.0,3.66,1.83,0.17391304347826086,0.17391304347826086,30,4.136,0.708,8002.0,0.0,989.0,0.0,0.0,8991.0,10969.0,1.0,1.2,0.7031410256410257,10969.0,0.0,1.0,160.04,5881.47,0.0,741.75,0.0,0.0,6743.25,0.188471815,0.9423590749999999,,0.17391304209173894,0.1739130368926437,21.62956954245086,108.14784771225428,43.05381507160105,63.21044694923914,0.9339150505646385,3.2273146267075323,4.738256056071591,-1.5109414293640584,2.4988393682466508,1022.8643396712998,6819.0956603287,0.0,0.0,1022.8643396712998,7808.0956603287,39040.4783016435,1022.8643396712998,0.5682579664840555,5114.321698356499,17388.693774412095,9786.095660328701,48930.47830164351,166363.62622558794,10808.960000000001,54044.80000000001,183752.32000000004,0.9007466666666667,0.640804171,3.2040208549999996,0.188471815,655.4557352285296,655.4557352285296,0.0,3277.2786761426482,3277.2786761426482,0.0,5114.321698356499,0.0,5114.321698356499,17388.693774412095,0.0,44955.0,-0.318881337665984,7.484280118495106
45,45,2025,3SB,3,SB,PM-Shoulder,1,OP,PM,3.4,70,12000,1.6,5.0,75,1800,1,4,0.05,0.01,5331.0,0.0,659.0,0.0,0.0,1.0,1.0,1.0,3.66,1.83,0.17391304347826086,0.17391304347826086,30,4.135,0.592,5331.0,0.0,659.0,0.0,0.0,5990.0,7308.0,1.0,1.2,0.4684615384615385,7308.0,0.0,1.0,106.62,3918.285,0.0,494.25,0.0,0.0,4492.5,0.186849115,0.934245575,,0.173913033557259,0.17391295180811817,97.06740843126913,485.33704215634566,64.68551491037275,72.34209160233529,0.6223452017730251,2.8199350541506134,3.15371996779587,-0.3337849136452564,0.32802492730891325,681.4408306919046,4542.939169308095,0.0,0.0,681.4408306919046,5201.939169308095,5201.939169308095,681.4408306919046,0.3785782392732803,681.4408306919046,2316.8988243524755,6519.939169308095,6519.939169308095,22167.793175647523,7201.38,7201.38,24484.692,0.600115,0.635286991,3.176434955,0.186849115,432.91049487480046,432.91049487480046,0.0,432.91049487480046,432.91049487480046,0.0,681.4408306919046,0.0,681.4408306919046,2316.8988243524755,0.0,5990.0,-0.10583847553165546,33.58733855753257
46,46,2025,3SB,3,SB,PM-Peak,3,Peak,PM,3.4,70,12000,1.6,5.0,75,1800,1,4,0.05,0.01,7281.0,0.0,900.0,0.0,0.0,1.0,1.0,1.0,3.66,1.83,0.17391304347826086,0.17391304347826086,30,4.135,0.592,7281.0,0.0,900.0,0.0,0.0,8181.0,9981.0,1.0,1.2,0.6398076923076923,9981.0,0.0,1.0,145.62,5351.535,0.0,675.0,0.0,0.0,6135.75,0.212310187,1.061550935,,0.17391301468010245,0.1739130337387483,37.40038013225267,187.00190066126336,50.34462416267357,66.49859599698988,1.3279983369265547,3.0677339414689935,4.052071167337254,-0.9843372258682606,1.5587660706806088,930.701585016082,6204.678414983918,0.0,0.0,930.701585016082,7104.678414983918,21314.035244951752,930.701585016082,0.5170564361200456,2792.1047550482463,9493.156167164037,8904.678414983919,26714.035244951756,90827.71983283597,9835.380000000001,29506.140000000003,100320.876,0.8196150000000001,0.7218546358,3.609273179,0.212310187,671.8312536902666,671.8312536902666,0.0,2015.4937610707998,2015.4937610707998,0.0,2792.1047550482463,0.0,2792.1047550482463,9493.156167164037,0.0,24543.0,-0.24292199845914852,12.941308004239678
47,47,2025,3SB,3,SB,PM-Late,3,OP,PM,3.4,70,12000,1.6,5.0,75,1800,1,4,0.05,0.01,6623.0,0.0,819.0,0.0,0.0,1.0,1.0,1.0,3.66,1.83,0.17391304347826086,0.17391304347826086,30,4.135,0.592,6623.0,0.0,819.0,0.0,0.0,7442.0,9080.0,1.0,1.2,0.5820512820512821,9080.0,0.0,1.0,132.46,4867.905,0.0,614.25,0.0,0.0,5581.5,0.163716463,0.818582315,,0.17391301117769725,0.17391301424439803,42.67566424551209,213.37832122756043,56.302543037137575,68.9639200364506,0.7735655242604922,2.95806850730319,3.62328216445641,-0.6652136571532199,0.9713251367338527,846.5920166769683,5643.947983323032,0.0,0.0,846.5920166769683,6462.947983323032,19388.843949969094,846.5920166769683,0.4703288981538713,2539.776050030905,8635.238570105077,8100.947983323032,24302.843949969094,82629.66942989492,8947.54,26842.62,91264.908,0.7456283333333334,0.5566359742,2.7831798709999997,0.163716463,471.2435719529269,471.2435719529269,0.0,1413.7307158587807,1413.7307158587807,0.0,2539.776050030905,0.0,2539.776050030905,8635.238570105077,0.0,22326.0,-0.18359421843510215,14.766665828896915
48,48,2025,4NB,4,NB,Night,8,OP,NT,4.4,70,12000,1.6,6.5,75,1800,1,4,0.05,0.01,3091.0,0.0,382.0,0.0,0.0,1.0,1.0,1.0,3.66,1.83,0.17391304347826086,0.17391304347826086,30,4.103,0.708,3091.0,0.0,382.0,0.0,0.0,3473.0,4237.0,1.0,1.2,0.2716025641025641,4237.0,0.0,1.0,61.82,2271.8849999999998,0.0,286.5,0.0,0.0,2604.75,0.117777617,0.588888085,,0.17391294052876788,0.17391284983333888,109.89827111154668,549.4913555577334,69.93181975070304,74.68985054301686,0.46680389642703074,3.5346167930534538,3.7751055376668634,-0.24048874461340963,0.0050374437464607074,395.11020089319976,2634.0697991068,0.0,0.0,395.11020089319976,3016.0697991068,24128.5583928544,395.11020089319976,0.21950566716288875,3160.881607145598,13907.879071440633,3780.0697991068,30240.5583928544,133058.45692855938,4175.179999999999,33401.439999999995,146966.336,0.34793166666666664,0.5182215148,2.591107574,0.11777761699999999,204.7546068198063,204.7546068198063,0.0,1638.0368545584504,1638.0368545584504,0.0,3160.881607145598,0.0,3160.881607145598,13907.879071440633,0.0,27784.0,-0.06370384674385537,29.384564468327987
49,49,2025,4NB,4,NB,AM-Early,1,OP,AM,4.4,70,12000,1.6,6.5,75,1800,1,4,0.05,0.01,2962.0,0.0,366.0,0.0,0.0,1.0,1.0,1.0,3.66,1.83,0.17391304347826086,0.17391304347826086,30,4.155,0.715,2962.0,0.0,366.0,0.0,0.0,3328.0,4060.0,1.0,1.2,0.2602564102564103,4060.0,0.0,1.0,59.24,2177.07,0.0,274.5,0.0,0.0,2496.0,0.169543156,0.84771578,,0.11389122370672344,0.113891223821578,151.011343659149,755.0567182957452,69.93518596505827,74.9364337513634,1.0349521938136057,3.522985906641131,3.7749238292138436,-0.25193792257271275,0.0047885031658228714,247.94916639519641,2654.810833604804,0.0,0.0,247.94916639519641,3020.810833604804,3020.810833604804,247.94916639519641,0.13774953688622024,247.94916639519641,1090.9763321388643,3752.810833604804,3752.810833604804,16512.367667861137,4000.76,4000.76,17603.344,0.3333966666666667,0.7459898864000001,3.7299494320000006,0.16954315600000003,184.96757047212728,184.96757047212728,0.0,184.96757047212728,184.96757047212728,0.0,247.94916639519641,0.0,247.94916639519641,1090.9763321388643,0.0,3328.0,-0.06673986919232242,40.37736461474572
50,50,2025,4NB,4,NB,AM-Peak,2,Peak,AM,4.4,70,12000,1.6,6.5,75,1800,1,4,0.05,0.01,6108.0,0.0,755.0,0.0,0.0,1.0,1.0,1.0,3.66,1.83,0.17391304347826086,0.17391304347826086,30,4.155,0.715,6108.0,0.0,755.0,0.0,0.0,6863.0,8373.0,1.0,1.2,0.5367307692307692,8373.0,0.0,1.0,122.16,4489.38,0.0,566.25,0.0,0.0,5147.25,0.167837166,0.83918583,,0.17391297639720915,0.1739121517973292,111.95229101168849,559.7614550584424,64.71718389431838,70.53410026240792,1.4416987830983328,3.7428704558198254,4.079287510889005,-0.3364170550691794,0.4217667470607933,780.7614379781029,5205.078562021898,0.0,0.0,780.7614379781029,5960.078562021898,11920.157124043795,780.7614379781029,0.4337563544322794,1561.5228759562058,6870.700654207306,7470.078562021898,14940.157124043795,65736.6913457927,8250.84,16501.68,72607.392,0.68757,0.7384835304000001,3.6924176520000005,0.16783716600000004,576.5794631182501,576.5794631182501,0.0,1153.1589262365003,1153.1589262365003,0.0,1561.5228759562058,0.0,1561.5228759562058,6870.700654207306,0.0,13726.0,-0.0824695621897618,29.933767650184087
51,51,2025,4NB,4,NB,AM-Shoulder,1,OP,AM,4.4,70,12000,1.6,6.5,75,1800,1,4,0.05,0.01,6983.0,0.0,863.0,0.0,0.0,1.0,1.0,1.0,3.66,1.83,0.17391304347826086,0.17391304347826086,30,4.155,0.715,6983.0,0.0,863.0,0.0,0.0,7846.0,9572.0,1.0,1.2,0.6135897435897436,9572.0,0.0,1.0,139.66,5132.505,0.0,647.25,0.0,0.0,5884.5,0.174664118,0.8733205900000001,,0.173913037355395,0.17391301264669515,64.73940316056047,323.69701580280235,58.586487513277554,67.67951801605747,1.0545882302344323,3.900736999004101,4.5061585223072,-0.6054215233030993,1.0065800327037215,892.6095337917517,5950.730466208249,0.0,0.0,892.6095337917517,6813.730466208249,6813.730466208249,892.6095337917517,0.495894185439862,892.6095337917517,3927.4819486837077,8539.73046620825,8539.73046620825,37574.8140513163,9432.340000000002,9432.340000000002,41502.29600000001,0.7860283333333336,0.7685221192000001,3.8426105960000005,0.174664118,685.9901705277612,685.9901705277612,0.0,685.9901705277612,685.9901705277612,0.0,892.6095337917517,0.0,892.6095337917517,3927.4819486837077,0.0,7846.0,-0.13435424437600946,17.310000845069645
52,52,2025,4NB,4,NB,MD,5,OP,MD,4.4,70,12000,1.6,6.5,75,1800,1,4,0.05,0.01,7316.0,0.0,904.0,0.0,0.0,1.0,1.0,1.0,3.66,1.83,0.17391304347826086,0.17391304347826086,30,4.136,0.708,7316.0,0.0,904.0,0.0,0.0,8220.0,10028.0,1.0,1.2,0.6428205128205128,10028.0,0.0,1.0,146.32,5377.26,0.0,678.0,0.0,0.0,6165.0,0.415252552,2.07626276,,0.1739129990708235,0.17391252360387313,118.41110997132402,592.0555498566202,55.39624614685937,66.35293285796247,1.104608362914759,3.9787239030583335,4.765665877433595,-0.7869419743752619,1.3621051092268834,935.1754133835764,6234.504586616424,0.0,0.0,935.1754133835764,7138.504586616424,35692.52293308212,935.1754133835764,0.5195418963242091,4675.877066917882,20573.85909443868,8946.504586616424,44732.52293308212,196823.10090556132,9881.68,49408.4,217396.96000000002,0.8234733333333334,1.8271112288000002,9.135556144,0.41525255200000005,1708.6694986908144,1708.6694986908144,0.0,8543.347493454072,8543.347493454072,0.0,4675.877066917882,0.0,4675.877066917882,20573.85909443868,0.0,41100.0,-0.16512739134767995,31.66072459126311
53,53,2025,4NB,4,NB,PM-Shoulder,1,OP,PM,4.4,70,12000,1.6,6.5,75,1800,1,4,0.05,0.01,7941.0,0.0,982.0,0.0,0.0,1.0,1.0,1.0,3.66,1.83,0.17391304347826086,0.17391304347826086,30,4.135,0.592,7941.0,0.0,982.0,0.0,0.0,8923.0,10887.0,1.0,1.2,0.6978846153846154,10887.0,0.0,1.0,158.82,5836.635,0.0,736.5,0.0,0.0,6692.25,1.419297409,7.096487045,,0.10015926363671011,0.10015927608658792,133.37190918438034,666.8595459219016,43.9238363070151,72.87951024208391,3.1365076423073583,3.6224173176119194,6.0104039673291565,-2.387986649717237,3.067396292383802,584.5930637162495,7197.586936283751,0.0,0.0,584.5930637162495,8179.586936283751,8179.586936283751,584.5930637162495,0.3247739242868053,584.5930637162495,2572.209480351498,10143.586936283751,10143.586936283751,44631.78251964851,10728.18,10728.18,47203.992000000006,0.894015,6.2449085996,31.224542998000004,1.419297409,3650.7302508681173,3650.7302508681173,0.0,3650.7302508681173,3650.7302508681173,0.0,584.5930637162495,0.0,584.5930637162495,2572.209480351498,0.0,8923.0,-0.39730884358150503,35.66093828459367
54,54,2025,4NB,4,NB,PM-Peak,3,Peak,PM,4.4,70,12000,1.6,6.5,75,1800,1,4,0.05,0.01,6919.0,0.0,855.0,0.0,0.0,1.0,1.0,1.0,3.66,1.83,0.17391304347826086,0.17391304347826086,30,4.135,0.592,6919.0,0.0,855.0,0.0,0.0,7774.0,9484.0,1.0,1.2,0.607948717948718,9484.0,0.0,1.0,138.38,5085.465,0.0,641.25,0.0,0.0,5830.5,1.202351064,6.01175532,,0.03045352324927953,0.030453530375184425,189.52262006155172,947.6131003077587,53.375424381387354,74.94720176311822,6.759616871317862,3.5224797429317145,4.946096505268442,-1.4236167623367275,1.6092950693606236,154.87032661089734,6625.749673389103,0.0,0.0,154.87032661089734,7480.749673389103,22442.24902016731,154.87032661089734,0.0860390703393874,464.610979832692,2044.2883112638451,9190.749673389102,27572.249020167306,121317.89568873616,9345.619999999999,28036.859999999997,123362.18400000001,0.7788016666666666,5.2903446816,26.451723408000003,1.202351064,819.3174087236156,819.3174087236156,0.0,2457.9522261708466,2457.9522261708466,0.0,464.610979832692,0.0,464.610979832692,2044.2883112638451,0.0,23322.0,-0.28782632138704356,50.67449734266089
55,55,2025,4NB,4,NB,PM-Late,3,OP,PM,4.4,70,12000,1.6,6.5,75,1800,1,4,0.05,0.01,7138.0,0.0,882.0,0.0,0.0,1.0,1.0,1.0,3.66,1.83,0.17391304347826086,0.17391304347826086,30,4.135,0.592,7138.0,0.0,882.0,0.0,0.0,8020.0,9784.0,1.0,1.2,0.6271794871794871,9784.0,0.0,1.0,142.76,5246.43,0.0,661.5,0.0,0.0,6015.0,0.187399184,0.93699592,,0.17391302970314332,0.17391302715099077,61.58081469458204,307.90407347291017,57.16061323881605,67.07856076649814,1.0777226361663652,3.935683726414308,4.6185648655834495,-0.6828811391691416,1.1605767229921837,912.4225364254622,6082.817463574537,0.0,0.0,912.4225364254622,6964.817463574537,20894.45239072361,912.4225364254622,0.5069014091252568,2737.267609276387,12043.977480816104,8728.817463574538,26186.452390723614,115220.39051918391,9641.24,28923.72,127264.36800000002,0.8034366666666667,0.8245564096000001,4.122782048,0.187399184,752.3438506731044,752.3438506731044,0.0,2257.031552019313,2257.031552019313,0.0,2737.267609276387,0.0,2737.267609276387,12043.977480816104,0.0,24060.0,-0.1478556995610963,16.465458474487175
56,56,2025,4SB,4,SB,Night,8,OP,NT,4.4,70,12000,1.6,5.0,75,1800,1,4,0.05,0.01,2482.0,0.0,307.0,0.0,0.0,1.0,1.0,1.0,3.66,1.83,0.17391304347826086,0.17391304347826086,30,4.103,0.708,2482.0,0.0,307.0,0.0,0.0,2789.0,3403.0,1.0,1.2,0.21814102564102564,3403.0,0.0,1.0,49.64,1824.27,0.0,230.25,0.0,0.0,2091.75,0.147646003,0.738230015,,0.1413783783878098,0.14137837851944374,129.4760761275998,647.380380637999,69.86176529666932,74.93613287485567,0.0,3.5230000518025593,3.7788910554853428,-0.2558910036827835,0.010223603157776817,257.9123343415298,2174.44766565847,0.0,0.0,257.9123343415298,2481.44766565847,19851.58132526776,257.9123343415298,0.14328463018973878,2063.2986747322384,9078.51416882185,3095.44766565847,24763.58132526776,108959.75783117815,3353.36,26826.88,118038.272,0.2794466666666667,0.6496424132,3.2482120660000002,0.147646003,167.55079127567666,167.55079127567666,0.0,1340.4063302054133,1340.4063302054133,0.0,2063.2986747322384,0.0,2063.2986747322384,9078.51416882185,0.0,22312.0,-0.06771589863945365,34.6192716918716
57,57,2025,4SB,4,SB,AM-Early,1,OP,AM,4.4,70,12000,1.6,5.0,75,1800,1,4,0.05,0.01,6693.0,0.0,827.0,0.0,0.0,1.0,1.0,1.0,3.66,1.83,0.17391304347826086,0.17391304347826086,30,4.155,0.715,6693.0,0.0,827.0,0.0,0.0,7520.0,9174.0,1.0,1.2,0.588076923076923,9174.0,0.0,1.0,133.86,4919.3550000000005,0.0,620.25,0.0,0.0,5640.0,0.795369856,3.9768492799999997,,0.1279110454032271,0.12791105492935023,143.66291846453214,718.3145923226607,54.142027704438014,72.65312619465415,2.028357694005745,3.633704615719967,4.876064144497491,-1.242359528777524,1.5133507351044206,629.2398407595923,5929.900159240408,0.0,0.0,629.2398407595923,6756.900159240408,6756.900159240408,629.2398407595923,0.3495776893108846,629.2398407595923,2768.6552993422065,8410.90015924041,8410.90015924041,37007.9607006578,9040.140000000001,9040.140000000001,39776.61600000001,0.7533450000000002,3.4996273664000004,17.498136832,0.795369856,2202.1049667514476,2202.1049667514476,0.0,2202.1049667514476,2202.1049667514476,0.0,629.2398407595923,0.0,629.2398407595923,2768.6552993422065,0.0,7520.0,-0.25478736373464117,38.41254504399255
58,58,2025,4SB,4,SB,AM-Peak,2,Peak,AM,4.4,70,12000,1.6,5.0,75,1800,1,4,0.05,0.01,8936.0,0.0,1104.0,0.0,0.0,1.0,1.0,1.0,3.66,1.83,0.17391304347826086,0.17391304347826086,30,4.155,0.715,8936.0,0.0,1104.0,0.0,0.0,10040.0,12248.0,1.0,1.2,0.7851282051282051,12248.0,0.0,1.0,178.72,6567.960000000001,0.0,828.0,0.0,0.0,7530.0,1.233788573,6.168942865,,0.1739130079803585,0.17391293466153304,83.20803759040702,416.0401879520351,33.552112306130205,58.13686711760348,2.107650527406864,4.541008366790072,7.868357067693927,-3.3273487009038556,5.61279203988354,1142.2536798946755,7615.026320105324,0.0,0.0,1142.2536798946755,8719.026320105324,17438.052640210648,1142.2536798946755,0.6345853777192642,2284.507359789351,10051.832383073146,10927.026320105324,21854.052640210648,96157.83161692687,12069.279999999999,24138.559999999998,106209.66400000002,1.0057733333333332,5.4286697212,27.143348606000004,1.233788573,6200.917965973503,6200.917965973503,0.0,12401.835931947006,12401.835931947006,0.0,2284.507359789351,0.0,2284.507359789351,10051.832383073146,0.0,20080.0,-0.4228771867211462,22.24813839315696
59,59,2025,4SB,4,SB,AM-Shoulder,1,OP,AM,4.4,70,12000,1.6,5.0,75,1800,1,4,0.05,0.01,7943.0,0.0,982.0,0.0,0.0,1.0,1.0,1.0,3.66,1.83,0.17391304347826086,0.17391304347826086,30,4.155,0.715,7943.0,0.0,982.0,0.0,0.0,8925.0,10889.0,1.0,1.2,0.6980128205128205,10889.0,0.0,1.0,158.86,5838.1050000000005,0.0,736.5,0.0,0.0,6693.75,0.683611767,3.418058835,,0.17391304128799656,0.17391301761081235,81.17608664624808,405.88043323124043,43.65711054477132,63.50160469853888,1.2001988130686088,4.157375254582731,6.047124894563561,-1.8897496399808302,3.1177039626949368,1015.3225959086592,6768.817404091341,0.0,0.0,1015.3225959086592,7750.817404091341,7750.817404091341,1015.3225959086592,0.564068108838144,1015.3225959086592,4467.419421998101,9714.81740409134,9714.81740409134,42745.1965780019,10730.14,10730.14,47212.616,0.8941783333333333,3.0078917748000005,15.039458874000001,0.683611767,3053.9804850022406,3053.9804850022406,0.0,3053.9804850022406,3053.9804850022406,0.0,1015.3225959086592,0.0,1015.3225959086592,4467.419421998101,0.0,8925.0,-0.31250382172191254,21.70483600167061
60,60,2025,4SB,4,SB,MD,5,OP,MD,4.4,70,12000,1.6,5.0,75,1800,1,4,0.05,0.01,7386.0,0.0,913.0,0.0,0.0,1.0,1.0,1.0,3.66,1.83,0.17391304347826086,0.17391304347826086,30,4.136,0.708,7386.0,0.0,913.0,0.0,0.0,8299.0,10125.0,1.0,1.2,0.6490384615384616,10125.0,0.0,1.0,147.72,5428.71,0.0,684.75,0.0,0.0,6224.25,0.188471815,0.9423590749999999,,0.1739130425645374,0.17391303593967736,31.17456007776459,155.87280038882295,49.31640934157568,66.05723351586006,1.1157930889771723,3.9965343074292496,5.353187783228119,-1.3566534757988693,2.1670101201653806,944.1234733005299,6294.15652669947,0.0,0.0,944.1234733005299,7207.15652669947,36035.78263349735,944.1234733005299,0.5245130407225166,4720.617366502649,20770.71641261166,9033.15652669947,45165.78263349735,198729.44358738835,9977.279999999999,49886.4,219500.16,0.83144,0.829275986,4.14637993,0.188471815,782.9389242270415,782.9389242270415,0.0,3914.694621135208,3914.694621135208,0.0,4720.617366502649,0.0,4720.617366502649,20770.71641261166,0.0,41495.0,-0.25342908389078966,8.33544387106005
61,61,2025,4SB,4,SB,PM-Shoulder,1,OP,PM,4.4,70,12000,1.6,5.0,75,1800,1,4,0.05,0.01,4922.0,0.0,608.0,0.0,0.0,1.0,1.0,1.0,3.66,1.83,0.17391304347826086,0.17391304347826086,30,4.135,0.592,4922.0,0.0,608.0,0.0,0.0,5530.0,6746.0,1.0,1.2,0.43243589743589744,6746.0,0.0,1.0,98.44,3617.67,0.0,456.0,0.0,0.0,4147.5,0.186849115,0.934245575,,0.16791422744386253,0.16791424618593467,110.47227762887486,552.3613881443744,66.28503029412902,73.26704568795398,0.8404312784213325,3.6032570649072166,3.982799718557011,-0.37954265364979456,0.28957847156596256,607.4582631968382,4216.101736803163,0.0,0.0,607.4582631968382,4824.101736803163,4824.101736803163,607.4582631968382,0.3374768128871323,607.4582631968382,2672.816358066088,6040.101736803163,6040.101736803163,26576.44764193392,6647.56,6647.56,29249.264000000006,0.5539633333333334,0.8221361060000001,4.110680530000001,0.186849115,499.4133710621717,499.4133710621717,0.0,499.4133710621717,499.4133710621717,0.0,607.4582631968382,0.0,607.4582631968382,2672.816358066088,0.0,5530.0,-0.09529544051170738,29.538042146757984
62,62,2025,4SB,4,SB,PM-Peak,3,Peak,PM,4.4,70,12000,1.6,5.0,75,1800,1,4,0.05,0.01,6721.0,0.0,831.0,0.0,0.0,1.0,1.0,1.0,3.66,1.83,0.17391304347826086,0.17391304347826086,30,4.135,0.592,6721.0,0.0,831.0,0.0,0.0,7552.0,9214.0,1.0,1.2,0.5906410256410256,9214.0,0.0,1.0,134.42000000000002,4939.9349999999995,0.0,623.25,0.0,0.0,5664.0,0.212310187,1.061550935,,0.1739130368406554,0.17391302891864446,52.24338170868826,261.2169085434413,55.47774999818684,68.62967257628928,1.5870130082139693,3.8467326170984646,4.758664509801285,-0.9119318927028206,1.3525132355706178,859.1190976454429,5727.460902354557,0.0,0.0,859.1190976454429,6558.460902354557,19675.382707063673,859.1190976454429,0.4772883875808016,2577.357292936329,11340.372088919848,8220.460902354556,24661.38270706367,108510.08391108015,9079.58,27238.739999999998,119850.45599999999,0.7566316666666667,0.9341648228000001,4.670824114000001,0.212310187,802.5588396160512,802.5588396160512,0.0,2407.6765188481536,2407.6765188481536,0.0,2577.357292936329,0.0,2577.357292936329,11340.372088919848,0.0,22656.0,-0.19163609681341068,13.9688186386867
63,63,2025,4SB,4,SB,PM-Late,3,OP,PM,4.4,70,12000,1.6,5.0,75,1800,1,4,0.05,0.01,6114.0,0.0,756.0,0.0,0.0,1.0,1.0,1.0,3.66,1.83,0.17391304347826086,0.17391304347826086,30,4.135,0.592,6114.0,0.0,756.0,0.0,0.0,6870.0,8382.0,1.0,1.2,0.5373076923076923,8382.0,0.0,1.0,122.28,4493.79,0.0,567.0,0.0,0.0,5152.5,0.163716463,0.818582315,,0.17391304168067492,0.17391303072534792,57.157701559257816,285.7885077962891,60.18472147234315,70.51757147582956,0.9240469696662645,3.7437477564083164,4.386495335387016,-0.6427475789786996,0.8426414666230696,781.5286875742001,5210.1913124258,0.0,0.0,781.5286875742001,5966.1913124258,17898.5739372774,781.5286875742001,0.43418260420788896,2344.5860627226,10316.178675979441,7478.1913124258,22434.5739372774,98712.12532402057,8259.72,24779.16,109028.304,0.68831,0.7203524372000001,3.601762186,0.163716463,562.9760948357925,562.9760948357925,0.0,1688.9282845073776,1688.9282845073776,0.0,2344.5860627226,0.0,2344.5860627226,10316.178675979441,0.0,20610.0,-0.14652872734036332,15.28280790354487
64,64,2025,5NB,5,NB,Night,8,OP,NT,3.0,70,8000,1.6,6.5,75,1800,1,4,0.05,0.01,1592.0,0.0,197.0,0.0,0.0,1.0,1.0,1.0,3.66,1.83,0.2448979591836735,0.2448979591836735,30,4.103,0.708,1592.0,0.0,197.0,0.0,0.0,1789.0,2183.0,1.0,1.2,0.1881896551724138,2183.0,0.0,1.0,31.84,1170.1200000000001,0.0,147.75,0.0,0.0,1341.75,0.117777617,0.588888085,,0.2151510792489499,0.2151510792735801,105.7821371895707,528.9106859478535,69.98911039825065,74.95381688813053,0.0,2.4014787701692653,2.5718286598553344,-0.17034988968606912,0.0005481211446651861,251.7525808507813,1308.4074191492189,0.0,0.0,251.7525808507813,1505.4074191492189,12043.259353193751,251.7525808507813,0.13986254491710073,2014.0206468062504,6042.061940418751,1899.4074191492189,15195.259353193751,45585.77805958125,2151.1600000000003,17209.280000000002,51627.840000000004,0.26889500000000005,0.353332851,1.766664255,0.117777617,88.95245713861456,88.95245713861456,0.0,711.6196571089165,711.6196571089165,0.0,2014.0206468062504,0.0,2014.0206468062504,6042.061940418751,0.0,14312.0,-0.06623687353093395,41.48319105473361
65,65,2025,5NB,5,NB,AM-Early,1,OP,AM,3.0,70,8000,1.6,6.5,75,1800,1,4,0.05,0.01,2313.0,0.0,286.0,0.0,0.0,1.0,1.0,1.0,3.66,1.83,0.2448979591836735,0.2448979591836735,30,4.155,0.715,2313.0,0.0,286.0,0.0,0.0,2599.0,3171.0,1.0,1.2,0.27336206896551724,3171.0,0.0,1.0,46.26,1700.0549999999998,0.0,214.5,0.0,0.0,1949.25,0.169543156,0.84771578,,0.12209233333182799,0.12209233381511896,146.59627823953014,732.9813911976507,69.82432369071921,74.97035659323691,1.1011986396413602,2.4009489640901323,2.5778982235086785,-0.17694925941854622,0.008863423349747138,207.56368174244082,2059.176318257559,0.0,0.0,207.56368174244082,2345.176318257559,2345.176318257559,207.56368174244082,0.11531315652357824,207.56368174244082,622.6910452273224,2917.176318257559,2917.176318257559,8751.528954772677,3124.74,3124.74,9374.22,0.39059249999999995,0.508629468,2.54314734,0.16954315599999997,105.57300502077898,105.57300502077898,0.0,105.57300502077898,105.57300502077898,0.0,207.56368174244082,0.0,207.56368174244082,622.6910452273224,0.0,2599.0,-0.06864090203596454,57.48873656452162
66,66,2025,5NB,5,NB,AM-Peak,2,Peak,AM,3.0,70,8000,1.6,6.5,75,1800,1,4,0.05,0.01,4412.0,0.0,545.0,0.0,0.0,1.0,1.0,1.0,3.66,1.83,0.2448979591836735,0.2448979591836735,30,4.155,0.715,4412.0,0.0,545.0,0.0,0.0,4957.0,6047.0,1.0,1.2,0.5212931034482758,6047.0,0.0,1.0,88.24,3242.82,0.0,408.75,0.0,0.0,3717.75,0.167837166,0.83918583,,0.2448979487067749,0.24489790696255548,85.60198824808856,428.00994124044274,63.41179294576961,70.90504576830804,1.2478710067458452,2.5386063579759144,2.838588717305908,-0.29998235932999373,0.36600939985195174,794.1599660253038,3529.6000339746965,0.0,0.0,794.1599660253038,4074.6000339746965,8149.200067949393,794.1599660253038,0.4411999811251688,1588.3199320506076,4764.959796151823,5164.600033974697,10329.200067949394,30987.600203848182,5958.760000000001,11917.520000000002,35752.560000000005,0.7448450000000001,0.5035114980000001,2.51755749,0.167837166,399.86867414502984,399.86867414502984,0.0,799.7373482900597,799.7373482900597,0.0,1588.3199320506076,0.0,1588.3199320506076,4764.959796151823,0.0,9914.0,-0.10568010698453902,33.56940715611316
67,67,2025,5NB,5,NB,AM-Shoulder,1,OP,AM,3.0,70,8000,1.6,6.5,75,1800,1,4,0.05,0.01,4147.0,0.0,512.0,0.0,0.0,1.0,1.0,1.0,3.66,1.83,0.2448979591836735,0.2448979591836735,30,4.155,0.715,4147.0,0.0,512.0,0.0,0.0,4659.0,5683.0,1.0,1.2,0.4899137931034483,5683.0,0.0,1.0,82.94,3048.045,0.0,384.0,0.0,0.0,3494.25,0.174664118,0.8733205900000001,,0.23993194474479507,0.2399319275810441,105.6532812667686,528.266406333843,65.37276343217624,71.98550467389511,0.7996370092358136,2.5005034112829576,2.7534402792494563,-0.2529368679664987,0.24935603971461262,731.3233645196489,3332.736635480351,0.0,0.0,731.3233645196489,3844.736635480351,3844.736635480351,731.3233645196489,0.4062907580664716,731.3233645196489,2193.9700935589467,4868.736635480351,4868.736635480351,14606.209906441052,5600.0599999999995,5600.0599999999995,16800.18,0.7000074999999999,0.523992354,2.61996177,0.174664118,383.20785130985087,383.20785130985087,0.0,383.20785130985087,383.20785130985087,0.0,731.3233645196489,0.0,731.3233645196489,2193.9700935589467,0.0,4659.0,-0.09186212240471954,41.43265932030141
68,68,2025,5NB,5,NB,MD,5,OP,MD,3.0,70,8000,1.6,6.5,75,1800,1,4,0.05,0.01,4546.0,0.0,562.0,0.0,0.0,1.0,1.0,1.0,3.66,1.83,0.2448979591836735,0.2448979591836735,30,4.136,0.708,4546.0,0.0,562.0,0.0,0.0,5108.0,6232.0,1.0,1.2,0.5372413793103449,6232.0,0.0,1.0,90.92,3341.31,0.0,421.5,0.0,0.0,3831.0,0.415252552,2.07626276,,0.1817676928509728,0.18176770815426235,119.02380186274411,595.1190093137205,60.23816463926134,73.3391889098412,1.5127621146537127,2.454349477757127,2.9881388498128585,-0.5337893720557316,0.5708930813864737,607.3422097998839,3847.7377902001163,0.0,0.0,607.3422097998839,4409.737790200116,22048.688951000582,607.3422097998839,0.33741233877771326,3036.7110489994193,9110.133146998258,5533.737790200116,27668.688951000582,83006.06685300174,6141.08,30705.4,92116.2,0.767635,1.2457576559999999,6.22878828,0.415252552,756.6012076701635,756.6012076701635,0.0,3783.0060383508176,3783.0060383508176,0.0,3036.7110489994193,0.0,3036.7110489994193,9110.133146998258,0.0,25540.0,-0.17863606709211718,46.676000730487885
69,69,2025,5NB,5,NB,PM-Shoulder,1,OP,PM,3.0,70,8000,1.6,6.5,75,1800,1,4,0.05,0.01,5076.0,0.0,627.0,0.0,0.0,1.0,1.0,1.0,3.66,1.83,0.2448979591836735,0.2448979591836735,30,4.135,0.592,5076.0,0.0,627.0,0.0,0.0,5703.0,6957.0,1.0,1.2,0.5997413793103449,6957.0,0.0,1.0,101.52,3730.8599999999997,0.0,470.25,0.0,0.0,4277.25,1.419297409,7.096487045,,0.07097711909755244,0.0709771334914395,149.06507608861446,745.3253804430724,46.6214931790912,74.87156115391122,3.0384480644494376,2.4041170936716467,3.8608802019392714,-1.4567631082676247,1.7665487337996588,264.8056945562945,4709.674305443705,0.0,0.0,264.8056945562945,5336.674305443705,5336.674305443705,264.8056945562945,0.14711427475349695,264.8056945562945,794.4170836688835,6590.674305443705,6590.674305443705,19772.022916331116,6855.48,6855.48,20566.44,0.8569349999999999,4.257892226999999,21.289461135,1.419297409,1127.5141085165824,1127.5141085165824,0.0,1127.5141085165824,1127.5141085165824,0.0,264.8056945562945,0.0,264.8056945562945,794.4170836688835,0.0,5703.0,-0.37731372953139314,58.45689258377038
70,70,2025,5NB,5,NB,PM-Peak,3,Peak,PM,3.0,70,8000,1.6,6.5,75,1800,1,4,0.05,0.01,5606.0,0.0,693.0,0.0,0.0,1.0,1.0,1.0,3.66,1.83,0.2448979591836735,0.2448979591836735,30,4.135,0.592,5606.0,0.0,693.0,0.0,0.0,6299.0,7685.0,1.0,1.2,0.6625,7685.0,0.0,1.0,112.12,4120.41,0.0,519.75,0.0,0.0,4724.25,1.202351064,6.01175532,,0.17808219458225552,0.17808221504187888,107.90351018856867,539.5175509428434,42.63477010539779,71.5122190824902,2.9922280090046973,2.5170523626510293,4.221906194287442,-1.7048538316364126,2.2611543433166537,733.7716553786714,4760.108344621329,0.0,0.0,733.7716553786714,5453.108344621329,16359.325033863986,733.7716553786714,0.4076509196548175,2201.3149661360144,6603.944898408043,6839.108344621329,20517.325033863985,61551.975101591954,7572.88,22718.64,68155.92,0.9466100000000001,3.6070531919999995,18.03526596,1.202351064,2646.7533917327605,2646.7533917327605,0.0,7940.260175198282,7940.260175198282,0.0,2201.3149661360144,0.0,2201.3149661360144,6603.944898408043,0.0,18897.0,-0.40381139541736116,42.31510203473282
71,71,2025,5NB,5,NB,PM-Late,3,OP,PM,3.0,70,8000,1.6,6.5,75,1800,1,4,0.05,0.01,4570.0,0.0,565.0,0.0,0.0,1.0,1.0,1.0,3.66,1.83,0.2448979591836735,0.2448979591836735,30,4.135,0.592,4570.0,0.0,565.0,0.0,0.0,5135.0,6265.0,1.0,1.2,0.5400862068965517,6265.0,0.0,1.0,91.4,3358.9500000000003,0.0,423.75,0.0,0.0,3851.25,0.187399184,0.93699592,,0.24489795339446338,0.24489789320131625,82.32746576466009,411.63732882330055,61.90200061869536,70.32476934406337,0.8281067301891794,2.559553364751919,2.907822012228103,-0.3482686474761838,0.4608590138953579,822.5999805543329,3656.000019445667,0.0,0.0,822.5999805543329,4221.000019445667,12663.000058337002,822.5999805543329,0.4569999891968516,2467.7999416629987,7403.3998249889955,5351.000019445667,16053.000058337002,48159.00017501101,6173.6,18520.8,55562.40000000001,0.7717,0.562197552,2.8109877599999997,0.187399184,462.4636953428935,462.4636953428935,0.0,1387.3910860286805,1387.3910860286805,0.0,2467.7999416629987,0.0,2467.7999416629987,7403.3998249889955,0.0,15405.0,-0.11976958906412735,32.28528069202357
72,72,2025,5SB,5,SB,Night,8,OP,NT,3.0,70,8000,1.6,5.0,75,1800,1,4,0.05,0.01,1472.0,0.0,182.0,0.0,0.0,1.0,1.0,1.0,3.66,1.83,0.2448979591836735,0.2448979591836735,30,4.103,0.708,1472.0,0.0,182.0,0.0,0.0,1654.0,2018.0,1.0,1.2,0.17396551724137932,2018.0,0.0,1.0,29.44,1081.92,0.0,136.5,0.0,0.0,1240.5,0.147646003,0.738230015,,0.14056125769265332,0.14056125770161665,129.81147116053566,649.0573558026782,69.92277491149294,74.9922449191777,0.0,2.4002481882492464,2.574268544517018,-0.1740203562677718,0.003890763131172403,152.0760359228355,1290.4839640771645,0.0,0.0,152.0760359228355,1472.4839640771645,11779.871712617316,152.0760359228355,0.0844866866237975,1216.608287382684,3649.824862148052,1836.4839640771645,14691.871712617316,44075.61513785195,1988.56,15908.48,47725.44,0.24856999999999999,0.442938009,2.2146900449999998,0.147646003,67.36025656827324,67.36025656827324,0.0,538.882052546186,538.882052546186,0.0,1216.608287382684,0.0,1216.608287382684,3649.824862148052,0.0,13232.0,-0.06759992334071786,50.906459278641435
73,73,2025,5SB,5,SB,AM-Early,1,OP,AM,3.0,70,8000,1.6,5.0,75,1800,1,4,0.05,0.01,3483.0,0.0,430.0,0.0,0.0,1.0,1.0,1.0,3.66,1.83,0.2448979591836735,0.2448979591836735,30,4.155,0.715,3483.0,0.0,430.0,0.0,0.0,3913.0,4773.0,1.0,1.2,0.4114655172413793,4773.0,0.0,1.0,69.66,2560.005,0.0,322.5,0.0,0.0,2934.75,0.795369856,3.9768492799999997,,0.02379505365398637,0.023795059409703254,262.8076690033922,1314.038345016961,62.86868244182096,74.99792314859013,2.4790495093237204,2.400066461085513,2.863110741450213,-0.4630442803646999,0.399604572929649,60.91545632947338,3352.424543670527,0.0,0.0,60.91545632947338,3782.424543670527,3782.424543670527,60.91545632947338,0.03384192018304077,60.91545632947338,182.74636898842013,4642.424543670527,4642.424543670527,13927.27363101158,4703.34,4703.34,14110.02,0.5879175,2.386109568,11.93054784,0.795369856,145.3509531868426,145.3509531868426,0.0,145.3509531868426,145.3509531868426,0.0,60.91545632947338,0.0,60.91545632947338,182.74636898842013,0.0,3913.0,-0.1617276878819435,103.06183098172244
74,74,2025,5SB,5,SB,AM-Peak,2,Peak,AM,3.0,70,8000,1.6,5.0,75,1800,1,4,0.05,0.01,4270.0,0.0,528.0,0.0,0.0,1.0,1.0,1.0,3.66,1.83,0.2448979591836735,0.2448979591836735,30,4.155,0.715,4270.0,0.0,528.0,0.0,0.0,4798.0,5854.0,1.0,1.2,0.5046551724137931,5854.0,0.0,1.0,85.4,3138.4500000000003,0.0,396.0,0.0,0.0,3598.5,1.233788573,6.168942865,,0.0512772423534117,0.051277246064207374,204.85541173658677,1024.2770586829338,54.17901928279169,74.97370363880313,4.310872708131336,2.40084177870119,3.322319273822136,-0.9214774951209459,1.0287202622791833,160.93106126406497,4023.668938735935,0.0,0.0,160.93106126406497,4551.668938735935,9103.33787747187,160.93106126406497,0.08940614514670275,321.86212252812993,965.5863675843898,5607.668938735935,11215.33787747187,33646.013632415605,5768.599999999999,11537.199999999999,34611.59999999999,0.7210749999999999,3.701365719,18.506828595,1.233788573,595.6647132850989,595.6647132850989,0.0,1191.3294265701977,1191.3294265701977,0.0,321.86212252812993,0.0,321.86212252812993,965.5863675843898,0.0,9596.0,-0.2773597054267573,80.33545558297521
75,75,2025,5SB,5,SB,AM-Shoulder,1,OP,AM,3.0,70,8000,1.6,5.0,75,1800,1,4,0.05,0.01,3240.0,0.0,400.0,0.0,0.0,1.0,1.0,1.0,3.66,1.83,0.2448979591836735,0.2448979591836735,30,4.155,0.715,3240.0,0.0,400.0,0.0,0.0,3640.0,4440.0,1.0,1.2,0.38275862068965516,4440.0,0.0,1.0,64.8,2381.3999999999996,0.0,300.0,0.0,0.0,2730.0,0.683611767,3.418058835,,0.019814176251557784,0.01981417905517602,277.60114401414825,1388.0057200707413,64.82260986810472,74.9988764003648,2.3370607675368316,2.4000359557269912,2.7768088999540126,-0.37677294422702134,0.28137105007985486,47.1854793254597,3128.01452067454,0.0,0.0,47.1854793254597,3528.01452067454,3528.01452067454,47.1854793254597,0.026214155180810945,47.1854793254597,141.5564379763791,4328.01452067454,4328.01452067454,12984.04356202362,4375.2,4375.2,13125.599999999999,0.5468999999999999,2.050835301,10.254176505,0.6836117669999999,96.76964669525843,96.76964669525843,0.0,96.76964669525843,96.76964669525843,0.0,47.1854793254597,0.0,47.1854793254597,141.5564379763791,0.0,3640.0,-0.1356855865138077,108.86319373103854
76,76,2025,5SB,5,SB,MD,5,OP,MD,3.0,70,8000,1.6,5.0,75,1800,1,4,0.05,0.01,4470.0,0.0,552.0,0.0,0.0,1.0,1.0,1.0,3.66,1.83,0.2448979591836735,0.2448979591836735,30,4.136,0.708,4470.0,0.0,552.0,0.0,0.0,5022.0,6126.0,1.0,1.2,0.5281034482758621,6126.0,0.0,1.0,89.4,3285.4500000000003,0.0,414.0,0.0,0.0,3766.5,0.188471815,0.9423590749999999,,0.24489795404548975,0.24489760577358713,51.38735284592003,256.9367642296001,57.93009569378953,70.69803040306958,0.8088400551454024,2.5460398114879412,3.1071932100967876,-0.5611533986088464,0.7339975549754562,804.5999831187544,3576.0000168812453,0.0,0.0,804.5999831187544,4128.000016881246,20640.00008440623,804.5999831187544,0.44699999062153023,4022.999915593772,12068.999746781315,5232.000016881246,26160.00008440623,78480.00025321869,6036.6,30183.000000000004,90549.0,0.754575,0.565415445,2.827077225,0.188471815,454.93325750208294,454.93325750208294,0.0,2274.666287510415,2274.666287510415,0.0,4022.999915593772,0.0,4022.999915593772,12068.999746781315,0.0,25110.0,-0.1805981671128094,20.151903076831385
77,77,2025,5SB,5,SB,PM-Shoulder,1,OP,PM,3.0,70,8000,1.6,5.0,75,1800,1,4,0.05,0.01,4630.0,0.0,572.0,0.0,0.0,1.0,1.0,1.0,3.66,1.83,0.2448979591836735,0.2448979591836735,30,4.135,0.592,4630.0,0.0,572.0,0.0,0.0,5202.0,6346.0,1.0,1.2,0.5470689655172414,6346.0,0.0,1.0,92.60000000000001,3403.0499999999997,0.0,429.0,0.0,0.0,3901.5,0.186849115,0.934245575,,0.2448979288001606,0.24489794817955135,44.49375644437367,222.46878222186837,56.06404022813435,70.09075749321786,0.8382270044289375,2.5680989396842686,3.2106141346137136,-0.642515194929445,0.8756842215636446,833.3998966033864,3704.0001033966137,0.0,0.0,833.3998966033864,4276.000103396614,4276.000103396614,833.3998966033864,0.4629999425574369,833.3998966033864,2500.1996898101593,5420.000103396614,5420.000103396614,16260.00031018984,6253.4,6253.4,18760.2,0.781675,0.560547345,2.802736725,0.18684911499999998,467.1600993643028,467.1600993643028,0.0,467.1600993643028,467.1600993643028,0.0,833.3998966033864,0.0,833.3998966033864,2500.1996898101593,0.0,5202.0,-0.20012220964284438,17.448531938970067
78,78,2025,5SB,5,SB,PM-Peak,3,Peak,PM,3.0,70,8000,1.6,5.0,75,1800,1,4,0.05,0.01,4957.0,0.0,613.0,0.0,0.0,1.0,1.0,1.0,3.66,1.83,0.2448979591836735,0.2448979591836735,30,4.135,0.592,4957.0,0.0,613.0,0.0,0.0,5570.0,6796.0,1.0,1.2,0.5858620689655173,6796.0,0.0,1.0,99.14,3643.3949999999995,0.0,459.75,0.0,0.0,4177.5,0.212310187,1.061550935,,0.24489795801554945,0.24489795012689644,38.16813390738492,190.8406695369246,51.84448016470542,68.67974895097946,1.4039229383896807,2.620859900470457,3.471922168534733,-0.8510622680642759,1.2336762280354416,892.2599957440626,3965.6000042559376,0.0,0.0,892.2599957440626,4578.600004255937,13735.800012767811,892.2599957440626,0.49569999763559036,2676.779987232188,8030.3399616965635,5804.600004255937,17413.80001276781,52241.40003830343,6696.86,20090.579999999998,60271.73999999999,0.8371075,0.636930561,3.1846528050000003,0.212310187,568.3076596471234,568.3076596471234,0.0,1704.9229789413703,1704.9229789413703,0.0,2676.779987232188,0.0,2676.779987232188,8030.3399616965635,0.0,16710.0,-0.24512711597548645,14.96789564995487
79,79,2025,5SB,5,SB,PM-Late,3,OP,PM,3.0,70,8000,1.6,5.0,75,1800,1,4,0.05,0.01,4118.0,0.0,509.0,0.0,0.0,1.0,1.0,1.0,3.66,1.83,0.2448979591836735,0.2448979591836735,30,4.135,0.592,4118.0,0.0,509.0,0.0,0.0,4627.0,5645.0,1.0,1.2,0.4866379310344828,5645.0,0.0,1.0,82.36,3026.73,0.0,381.75,0.0,0.0,3470.25,0.163716463,0.818582315,,0.24489786647442469,0.24489777158403778,59.31908717455453,296.59543587277267,61.48670941697562,71.850757591143,0.7459902499791577,2.5051927917624144,2.9274619134245703,-0.4222691216621559,0.4877656785345189,741.2397193941355,3294.4002806058643,0.0,0.0,741.2397193941355,3803.4002806058643,11410.200841817594,741.2397193941355,0.41179984410785303,2223.7191581824063,6671.157474547219,4821.400280605864,14464.200841817594,43392.60252545278,5562.639999999999,16687.92,50063.759999999995,0.6953299999999999,0.49114938900000005,2.455746945,0.163716463,364.05943528296115,364.05943528296115,0.0,1092.1783058488834,1092.1783058488834,0.0,2223.7191581824063,0.0,2223.7191581824063,6671.157474547219,0.0,13881.0,-0.14424410433001392,23.262387127276288
80,80,2025,6NB,6,NB,Night,8,OP,NT,4.4,70,8000,1.6,6.5,75,1800,1,4,0.05,0.01,1554.0,0.0,192.0,0.0,0.0,1.0,1.0,1.0,3.66,1.83,0.282574568288854,0.282574568288854,30,4.103,0.708,1554.0,0.0,192.0,0.0,0.0,1746.0,2130.0,1.0,1.2,0.18362068965517242,2130.0,0.0,1.0,31.080000000000002,989.898,0.0,124.80000000000001,0.0,0.0,1134.9,0.117777617,0.588888085,,0.21667040161205522,0.21667040162332224,105.39437200231833,526.9718600115917,69.98967404626985,74.97403055690076,0.0,3.5212192547076677,3.7719849906069114,-0.25076573589924367,0.0007622942743264629,214.48159721497024,1308.43840278503,0.0,0.0,214.48159721497024,1500.43840278503,12003.50722228024,214.48159721497024,0.11915644289720569,1715.852777719762,7549.752221966953,1884.43840278503,15075.50722228024,66332.23177803306,2098.92,16791.36,73881.98400000001,0.262365,0.5182215148,2.591107574,0.117777617,111.14897820546534,111.14897820546534,0.0,889.1918256437227,889.1918256437227,0.0,1715.852777719762,0.0,1715.852777719762,7549.752221966953,0.0,13968.0,-0.06648110650591309,28.180313369603834
81,81,2025,6NB,6,NB,AM-Early,1,OP,AM,4.4,70,8000,1.6,6.5,75,1800,1,4,0.05,0.01,2259.0,0.0,279.0,0.0,0.0,1.0,1.0,1.0,3.66,1.83,0.282574568288854,0.282574568288854,30,4.155,0.715,2259.0,0.0,279.0,0.0,0.0,2538.0,3096.0,1.0,1.2,0.26689655172413795,3096.0,0.0,1.0,45.18,1438.9830000000002,0.0,181.35,0.0,0.0,1649.7,0.169543156,0.84771578,,0.12181404299419236,0.12181404430691153,146.74052064282077,733.702603214104,69.84011178839953,74.98312443129143,1.7079501008077997,3.5207922049435085,3.780062678018945,-0.2592704730754365,0.011828726028811644,175.28833702991193,2038.531662970088,0.0,0.0,175.28833702991193,2317.5316629700883,2317.5316629700883,175.28833702991193,0.09738240946106218,175.28833702991193,771.2686829316126,2875.5316629700883,2875.5316629700883,12652.33931706839,3050.82,3050.82,13423.608000000004,0.38135250000000004,0.7459898864000001,3.7299494320000006,0.169543156,130.76332662818893,130.76332662818893,0.0,130.76332662818893,130.76332662818893,0.0,175.28833702991193,0.0,175.28833702991193,771.2686829316126,0.0,2538.0,-0.06858893493568073,39.23543332695743
82,82,2025,6NB,6,NB,AM-Peak,2,Peak,AM,4.4,70,8000,1.6,6.5,75,1800,1,4,0.05,0.01,4308.0,0.0,532.0,0.0,0.0,1.0,1.0,1.0,3.66,1.83,0.282574568288854,0.282574568288854,30,4.155,0.715,4308.0,0.0,532.0,0.0,0.0,4840.0,5904.0,1.0,1.2,0.5089655172413793,5904.0,0.0,1.0,86.16,2744.1960000000004,0.0,345.8,0.0,0.0,3146.0,0.167837166,0.83918583,,0.2825745137433009,0.2825741294724707,93.68818323636798,468.44091618183984,64.28380434796212,71.25912722937849,1.7864377872153916,3.7047885690516695,4.106788679944844,-0.4020001108931748,0.4594433486672944,775.4398503163114,3446.4001496836886,0.0,0.0,775.4398503163114,3978.4001496836886,7956.800299367377,775.4398503163114,0.43079991684239527,1550.8797006326229,6823.870682783541,5042.400149683688,10084.800299367376,44373.12131721646,5817.839999999999,11635.679999999998,51196.992,0.7272299999999999,0.7384835304000001,3.6924176520000005,0.167837166,572.6495582744374,572.6495582744374,0.0,1145.2991165488747,1145.2991165488747,0.0,1550.8797006326229,0.0,1550.8797006326229,6823.870682783541,0.0,9680.0,-0.09788672907771183,25.05031637336042
83,83,2025,6NB,6,NB,AM-Shoulder,1,OP,AM,4.4,70,8000,1.6,6.5,75,1800,1,4,0.05,0.01,4049.0,0.0,500.0,0.0,0.0,1.0,1.0,1.0,3.66,1.83,0.282574568288854,0.282574568288854,30,4.155,0.715,4049.0,0.0,500.0,0.0,0.0,4549.0,5549.0,1.0,1.2,0.47836206896551725,5549.0,0.0,1.0,80.98,2579.213,0.0,325.0,0.0,0.0,2956.85,0.174664118,0.8733205900000001,,0.25956228092802996,0.25956225258182225,101.08454135260126,505.4227067630064,65.76833808224167,72.80050436968484,1.3589102702088591,3.6263485024690754,4.014089571031498,-0.3877410685624225,0.33244556945600984,669.466409279227,3298.5535907207727,0.0,0.0,669.466409279227,3798.5535907207727,3798.5535907207727,669.466409279227,0.3719257829329039,669.466409279227,2945.6522008285992,4798.553590720772,4798.553590720772,21113.6357991714,5468.0199999999995,5468.0199999999995,24059.288,0.6835024999999999,0.7685221192000001,3.8426105960000005,0.174664118,514.4997435924862,514.4997435924862,0.0,514.4997435924862,514.4997435924862,0.0,669.466409279227,0.0,669.466409279227,2945.6522008285992,0.0,4549.0,-0.09659502153629944,27.027952233315848
84,84,2025,6NB,6,NB,MD,5,OP,MD,4.4,70,8000,1.6,6.5,75,1800,1,4,0.05,0.01,4439.0,0.0,549.0,0.0,0.0,1.0,1.0,1.0,3.66,1.83,0.282574568288854,0.282574568288854,30,4.136,0.708,4439.0,0.0,549.0,0.0,0.0,4988.0,6086.0,1.0,1.2,0.5246551724137931,6086.0,0.0,1.0,88.78,2827.6430000000005,0.0,356.85,0.0,0.0,3242.2000000000003,0.415252552,2.07626276,,0.18160653493064519,0.1816065449373058,119.07526859800427,595.3763429900215,60.73602103054299,74.07144470879406,2.548127617171271,3.56412651377187,4.346679211455743,-0.7825526976838728,0.7880933768372245,513.5184472508944,3836.7015527491053,0.0,0.0,513.5184472508944,4385.701552749106,21928.50776374553,513.5184472508944,0.2852880262504969,2567.592236254472,11297.405839519677,5483.701552749106,27418.50776374553,120641.43416048033,5997.22,29986.100000000002,131938.84000000003,0.7496525,1.8271112288000002,9.135556144,0.415252552,938.2553211680497,938.2553211680497,0.0,4691.2766058402485,4691.2766058402485,0.0,2567.592236254472,0.0,2567.592236254472,11297.405839519677,0.0,24940.0,-0.18003461024256004,31.83830711176585
85,85,2025,6NB,6,NB,PM-Shoulder,1,OP,PM,4.4,70,8000,1.6,6.5,75,1800,1,4,0.05,0.01,4956.0,0.0,613.0,0.0,0.0,1.0,1.0,1.0,3.66,1.83,0.282574568288854,0.282574568288854,30,4.135,0.592,4956.0,0.0,613.0,0.0,0.0,5569.0,6795.0,1.0,1.2,0.5857758620689655,6795.0,0.0,1.0,99.12,3156.972,0.0,398.45,0.0,0.0,3619.85,1.419297409,7.096487045,,0.0572324333895364,0.057232448384431006,159.08452517747838,795.4226258873917,47.79080840700261,74.95623610401682,4.726267011113614,3.5220551847567028,5.5240747917818664,-2.0020196070251637,2.401125321884015,180.6811897026315,4676.198810297368,0.0,0.0,180.6811897026315,5289.198810297368,5289.198810297368,180.6811897026315,0.10037843872368417,180.6811897026315,794.9972346915787,6515.198810297368,6515.198810297368,28666.87476530842,6695.88,6695.88,29461.872,0.836985,6.2449085996,31.224542998000004,1.4192974090000001,1128.3375153599227,1128.3375153599227,0.0,1128.3375153599227,1128.3375153599227,0.0,180.6811897026315,0.0,180.6811897026315,794.9972346915787,0.0,5569.0,-0.36241717979697824,42.53596929879101
86,86,2025,6NB,6,NB,PM-Peak,3,Peak,PM,4.4,70,8000,1.6,6.5,75,1800,1,4,0.05,0.01,5474.0,0.0,677.0,0.0,0.0,1.0,1.0,1.0,3.66,1.83,0.282574568288854,0.282574568288854,30,4.135,0.592,5474.0,0.0,677.0,0.0,0.0,6151.0,7505.0,1.0,1.2,0.6469827586206897,7505.0,0.0,1.0,109.48,3486.9380000000006,0.0,440.05,0.0,0.0,3998.15,1.202351064,6.01175532,,0.17328712628945628,0.1732871411199951,109.09541262695554,545.4770631347777,43.42002609825286,73.19082061490512,5.126911806361629,3.607009701244381,6.0801437429495895,-2.4731340417052086,3.1629397849837955,604.2414655695042,4760.278534430497,0.0,0.0,604.2414655695042,5437.278534430497,16311.835603291489,604.2414655695042,0.33568970309416896,1812.7243967085124,7975.987345517455,6791.278534430497,20373.83560329149,89644.87665448256,7395.52,22186.56,97620.86400000002,0.92444,5.2903446816,26.451723408000003,1.202351064,3196.6456237778157,3196.6456237778157,0.0,9589.936871333448,9589.936871333448,0.0,1812.7243967085124,0.0,1812.7243967085124,7975.987345517455,0.0,18453.0,-0.406755850891355,29.169896424319663
87,87,2025,6NB,6,NB,PM-Late,3,OP,PM,4.4,70,8000,1.6,6.5,75,1800,1,4,0.05,0.01,4463.0,0.0,552.0,0.0,0.0,1.0,1.0,1.0,3.66,1.83,0.282574568288854,0.282574568288854,30,4.135,0.592,4463.0,0.0,552.0,0.0,0.0,5015.0,6119.0,1.0,1.2,0.5275,6119.0,0.0,1.0,89.26,2842.931,0.0,358.8,0.0,0.0,3259.75,0.187399184,0.93699592,,0.27919576355210646,0.27919339767920015,88.36351024800493,441.8175512400246,62.86103978616148,70.89460677986995,1.2327450400440536,3.7238375666533923,4.1997396304303285,-0.4759020637769362,0.5867861508324079,793.7342912709536,3580.005708729046,0.0,0.0,793.7342912709536,4132.005708729046,12396.017126187138,793.7342912709536,0.44096349515052974,2381.2028738128606,10477.292644776588,5236.005708729046,15708.017126187138,69115.27535522342,6029.74,18089.219999999998,79592.56800000001,0.7537174999999999,0.8245564096000001,4.122782048,0.18739918400000002,654.4786973867782,654.4786973867782,0.0,1963.4360921603347,1963.4360921603347,0.0,2381.2028738128606,0.0,2381.2028738128606,10477.292644776588,0.0,15045.0,-0.11331704002044829,23.626607018183133
88,88,2025,6SB,6,SB,Night,8,OP,NT,4.4,70,8000,1.6,5.0,75,1800,1,4,0.05,0.01,1437.0,0.0,178.0,0.0,0.0,1.0,1.0,1.0,3.66,1.83,0.282574568288854,0.282574568288854,30,4.103,0.708,1437.0,0.0,178.0,0.0,0.0,1615.0,1971.0,1.0,1.2,0.16991379310344829,1971.0,0.0,1.0,28.740000000000002,915.369,0.0,115.7,0.0,0.0,1049.75,0.147646003,0.738230015,,0.14044169933161757,0.1404416992535257,129.8607316775437,649.3036583877185,69.92750807893208,74.9956266283181,0.0,3.520205268880498,3.7753383075227664,-0.25513303864226833,0.005356338449047107,128.55597787548345,1279.7040221245165,0.0,0.0,128.55597787548345,1457.7040221245165,11661.632176996132,128.55597787548345,0.07141998770860192,1028.4478230038676,4525.170421217018,1813.7040221245165,14509.632176996132,63842.38157878299,1942.26,15538.08,68367.55200000001,0.2427825,0.6496424132,3.2482120660000002,0.147646003,83.51541569831488,83.51541569831488,0.0,668.1233255865191,668.1233255865191,0.0,1028.4478230038676,0.0,1028.4478230038676,4525.170421217018,0.0,12920.0,-0.0675788546244686,34.72212076939671
89,89,2025,6SB,6,SB,AM-Early,1,OP,AM,4.4,70,8000,1.6,5.0,75,1800,1,4,0.05,0.01,3401.0,0.0,420.0,0.0,0.0,1.0,1.0,1.0,3.66,1.83,0.282574568288854,0.282574568288854,30,4.155,0.715,3401.0,0.0,420.0,0.0,0.0,3821.0,4661.0,1.0,1.2,0.4018103448275862,4661.0,0.0,1.0,68.02,2166.437,0.0,273.0,0.0,0.0,2483.65,0.795369856,3.9768492799999997,,0.019361909743651207,0.01936191283994314,279.4947000582047,1397.4735002910236,63.482390324593695,74.99895526882308,3.6346765619700787,3.520049033399593,4.158633577754929,-0.6385845443553362,0.5304708586671113,41.946357659306486,3291.0336423406934,0.0,0.0,41.946357659306486,3711.0336423406934,3711.0336423406934,41.946357659306486,0.02330353203294805,41.946357659306486,184.56397370094857,4551.033642340693,4551.033642340693,20024.548026299053,4592.98,4592.98,20209.112,0.5741225,3.4996273664000004,17.498136832,0.7953698560000001,146.79662118531124,146.79662118531124,0.0,146.79662118531124,146.79662118531124,0.0,41.946357659306486,0.0,41.946357659306486,184.56397370094857,0.0,3821.0,-0.15355633825764495,74.7312032241189
90,90,2025,6SB,6,SB,AM-Peak,2,Peak,AM,4.4,70,8000,1.6,5.0,75,1800,1,4,0.05,0.01,4170.0,0.0,515.0,0.0,0.0,1.0,1.0,1.0,3.66,1.83,0.282574568288854,0.282574568288854,30,4.155,0.715,4170.0,0.0,515.0,0.0,0.0,4685.0,5715.0,1.0,1.2,0.49267241379310345,5715.0,0.0,1.0,83.4,2656.29,0.0,334.75,0.0,0.0,3045.25,1.233788573,6.168942865,,0.04246486669449859,0.04246487520325342,218.49913208080176,1092.4956604040087,55.1423869764613,74.98941484774942,6.504032480482083,3.5204968666044096,4.787605587561779,-1.2671087209573693,1.3921625121024945,112.79900075192965,3973.80099924807,0.0,0.0,112.79900075192965,4488.80099924807,8977.60199849614,112.79900075192965,0.06266611152884981,225.5980015038593,992.631206616981,5518.80099924807,11037.60199849614,48565.448793383024,5631.599999999999,11263.199999999999,49558.08,0.70395,5.4286697212,27.143348606000004,1.233788573,612.3485199636166,612.3485199636166,0.0,1224.6970399272332,1224.6970399272332,0.0,225.5980015038593,0.0,225.5980015038593,992.631206616981,0.0,9370.0,-0.2646643917889401,58.42222782909138
91,91,2025,6SB,6,SB,AM-Shoulder,1,OP,AM,4.4,70,8000,1.6,5.0,75,1800,1,4,0.05,0.01,3163.0,0.0,391.0,0.0,0.0,1.0,1.0,1.0,3.66,1.83,0.282574568288854,0.282574568288854,30,4.155,0.715,3163.0,0.0,391.0,0.0,0.0,3554.0,4336.0,1.0,1.2,0.3737931034482759,4336.0,0.0,1.0,63.26,2014.831,0.0,254.15,0.0,0.0,2310.1,0.683611767,3.418058835,,0.0164022110502672,0.01640221579091193,293.2850863655379,1466.4254318276896,65.29678821961028,74.99938537329285,3.4099279884913547,3.5200288467165217,4.043077878686752,-0.5230490319702303,0.3721595509437072,33.04768329262091,3066.6923167073787,0.0,0.0,33.04768329262091,3457.6923167073787,3457.6923167073787,33.04768329262091,0.018359824051456062,33.04768329262091,145.40980648753202,4239.692316707378,4239.692316707378,18654.646193512464,4272.739999999999,4272.739999999999,18800.055999999997,0.5340924999999999,3.0078917748000005,15.039458874000001,0.683611767,99.40385475206983,99.40385475206983,0.0,99.40385475206983,99.40385475206983,0.0,33.04768329262091,0.0,33.04768329262091,145.40980648753202,0.0,3554.0,-0.12936902223118293,78.41847229025078
92,92,2025,6SB,6,SB,MD,5,OP,MD,4.4,70,8000,1.6,5.0,75,1800,1,4,0.05,0.01,4365.0,0.0,539.0,0.0,0.0,1.0,1.0,1.0,3.66,1.83,0.282574568288854,0.282574568288854,30,4.136,0.708,4365.0,0.0,539.0,0.0,0.0,4904.0,5982.0,1.0,1.2,0.5156896551724138,5982.0,0.0,1.0,87.3,2780.505,0.0,350.35,0.0,0.0,3187.6,0.188471815,0.9423590749999999,,0.28257456543208953,0.282574550362547,56.06712554772329,280.3356277386165,59.072379628139664,71.06776386958201,1.1583440380569836,3.714764411111515,4.469093706092063,-0.7543292949805482,0.9558012344889844,785.6999920567521,3492.0000079432475,0.0,0.0,785.6999920567521,4031.0000079432475,20155.000039716237,785.6999920567521,0.43649999558708447,3928.4999602837606,17285.399825248547,5109.0000079432475,25545.000039716237,112398.00017475145,5894.7,29473.499999999996,129683.4,0.7368374999999999,0.829275986,4.14637993,0.188471815,651.5621356130553,651.5621356130553,0.0,3257.810678065276,3257.810678065276,0.0,3928.4999602837606,0.0,3928.4999602837606,17285.399825248547,0.0,24520.0,-0.16878797908226476,14.991210039498208
93,93,2025,6SB,6,SB,PM-Shoulder,1,OP,PM,4.4,70,8000,1.6,5.0,75,1800,1,4,0.05,0.01,4521.0,0.0,559.0,0.0,0.0,1.0,1.0,1.0,3.66,1.83,0.282574568288854,0.282574568288854,30,4.135,0.592,4521.0,0.0,559.0,0.0,0.0,5080.0,6198.0,1.0,1.2,0.5343103448275862,6198.0,0.0,1.0,90.42,2879.877,0.0,363.35,0.0,0.0,3302.0,0.186849115,0.934245575,,0.2825745633410166,0.2825745557901973,48.722228071695596,243.611140358478,57.33264322324201,70.5102688708022,1.201687001602657,3.744135488743265,4.604706588741008,-0.8605710999977432,1.141590883718039,813.7799857508369,3616.800014249163,0.0,0.0,813.7799857508369,4175.800014249163,4175.800014249163,813.7799857508369,0.45209999208379825,813.7799857508369,3580.6319373036827,5293.800014249163,5293.800014249163,23292.720062696317,6107.58,6107.58,26873.352,0.7634475,0.8221361060000001,4.110680530000001,0.18684911499999998,669.0379086259286,669.0379086259286,0.0,669.0379086259286,669.0379086259286,0.0,813.7799857508369,0.0,813.7799857508369,3580.6319373036827,0.0,5080.0,-0.18688945395607398,13.027333709009516
94,94,2025,6SB,6,SB,PM-Peak,3,Peak,PM,4.4,70,8000,1.6,5.0,75,1800,1,4,0.05,0.01,4840.0,0.0,598.0,0.0,0.0,1.0,1.0,1.0,3.66,1.83,0.282574568288854,0.282574568288854,30,4.135,0.592,4840.0,0.0,598.0,0.0,0.0,5438.0,6634.0,1.0,1.2,0.5718965517241379,6634.0,0.0,1.0,96.8,3083.08,0.0,388.7,0.0,0.0,3534.7000000000003,0.212310187,1.061550935,,0.28257456687048194,0.28257455748681826,42.2570501732381,211.2852508661905,53.42124854215625,69.21120940982107,2.0082944771808697,3.814411021728778,4.94185379796337,-1.127442776234592,1.6034825603526741,871.1999956270454,3872.000004372954,0.0,0.0,871.1999956270454,4470.000004372954,13410.000013118863,871.1999956270454,0.48399999757058076,2613.599986881136,11499.839942277,5666.000004372954,16998.000013118864,74791.200057723,6537.2,19611.6,86291.04000000001,0.8171499999999999,0.9341648228000001,4.670824114000001,0.212310187,813.8443895382998,813.8443895382998,0.0,2441.5331686148993,2441.5331686148993,0.0,2613.599986881136,0.0,2613.599986881136,11499.839942277,0.0,16314.0,-0.22814166956926815,11.298676516908582
95,95,2025,6SB,6,SB,PM-Late,3,OP,PM,4.4,70,8000,1.6,5.0,75,1800,1,4,0.05,0.01,4021.0,0.0,497.0,0.0,0.0,1.0,1.0,1.0,3.66,1.83,0.282574568288854,0.282574568288854,30,4.135,0.592,4021.0,0.0,497.0,0.0,0.0,4518.0,5512.0,1.0,1.2,0.47517241379310343,5512.0,0.0,1.0,80.42,2561.377,0.0,323.05,0.0,0.0,2936.7000000000003,0.163716463,0.818582315,,0.2825745652299736,0.28257454353831696,63.9284759661498,319.64237983074895,62.338765895384995,72.12618250582018,1.0683180819825413,3.660251947740291,4.234925029523952,-0.5746730817836609,0.6349901475906704,723.7799921650541,3216.800007834946,0.0,0.0,723.7799921650541,3713.800007834946,11141.400023504837,723.7799921650541,0.40209999564725224,2171.3399764951623,9553.895896578715,4707.800007834946,14123.400023504837,62142.96010342129,5431.58,16294.74,71696.856,0.6789475,0.7203524372000001,3.601762186,0.163716463,521.3766813526937,521.3766813526937,0.0,1564.1300440580812,1564.1300440580812,0.0,2171.3399764951623,0.0,2171.3399764951623,9553.895896578715,0.0,13554.0,-0.13569852542307223,17.09317539201866
96,96,2025,7NB,7,NB,Night,8,OP,NT,5.6,70,6000,1.6,6.5,75,1800,1,4,0.05,0.01,769.0,0.0,95.0,0.0,0.0,1.0,1.0,1.0,3.66,1.83,0.35502958579881655,0.35502958579881655,30,4.103,0.708,769.0,0.0,95.0,0.0,0.0,864.0,1054.0,1.0,1.2,0.10979166666666666,1054.0,0.0,1.0,15.38,489.853,0.0,61.75,0.0,0.0,561.6,0.117777617,0.588888085,,0.2177048251070327,0.2177048251048963,105.13207312849724,525.6603656424861,69.99931044583784,74.99841607719094,0.0,4.480094614987299,4.800047284179763,-0.3199526691924639,6.477932627503124e-05,106.6433616931553,646.9766383068447,0.0,0.0,106.6433616931553,741.9766383068447,5935.813106454758,106.6433616931553,0.059246312051752945,853.1468935452424,4777.622603853357,931.9766383068447,7455.813106454758,41752.55339614664,1038.6200000000001,8308.960000000001,46530.176,0.17310333333333336,0.6595546552,3.297773276,0.11777761699999999,70.33712565089793,70.33712565089793,0.0,562.6970052071835,562.6970052071835,0.0,853.1468935452424,0.0,853.1468935452424,4777.622603853357,0.0,6912.0,-0.06665614946064803,22.08656998497841
97,97,2025,7NB,7,NB,AM-Early,1,OP,AM,5.6,70,6000,1.6,6.5,75,1800,1,4,0.05,0.01,930.0,0.0,115.0,0.0,0.0,1.0,1.0,1.0,3.66,1.83,0.35502958579881655,0.35502958579881655,30,4.155,0.715,930.0,0.0,115.0,0.0,0.0,1045.0,1275.0,1.0,1.2,0.1328125,1275.0,0.0,1.0,18.6,592.41,0.0,74.75,0.0,0.0,679.25,0.169543156,0.84771578,,0.11351956362095937,0.11351956368596523,151.21990694072989,756.0995347036494,69.9966575519494,74.99961190976376,0.0,4.480023182043401,4.800229207382238,-0.32020602533883746,0.0003140141136666308,67.25012468469254,844.1498753153074,0.0,0.0,67.25012468469254,959.1498753153074,959.1498753153074,67.25012468469254,0.037361180380384745,67.25012468469254,376.6006982342782,1189.1498753153073,1189.1498753153073,6659.2393017657205,1256.3999999999999,1256.3999999999999,7035.839999999998,0.20939999999999998,0.9494416736,4.747208368,0.169543156,63.85007093044315,63.85007093044315,0.0,63.85007093044315,63.85007093044315,0.0,67.25012468469254,0.0,67.25012468469254,376.6006982342782,0.0,1045.0,-0.06670640327890903,31.76888801275838
98,98,2025,7NB,7,NB,AM-Peak,2,Peak,AM,5.6,70,6000,1.6,6.5,75,1800,1,4,0.05,0.01,1497.0,0.0,185.0,0.0,0.0,1.0,1.0,1.0,3.66,1.83,0.35502958579881655,0.35502958579881655,30,4.155,0.715,1497.0,0.0,185.0,0.0,0.0,1682.0,2052.0,1.0,1.2,0.21375,2052.0,0.0,1.0,29.94,953.5889999999999,0.0,120.25,0.0,0.0,1093.3,0.167837166,0.83918583,,0.12017263159041876,0.12017263379865765,147.59895354988345,737.9947677494172,69.9279357564428,74.99688219537776,3.3964475264115,4.480186244605092,4.804946640642723,-0.3247603960376306,0.006776897680530304,114.59529958567583,1352.4647004143242,0.0,0.0,114.59529958567583,1537.4647004143242,3074.9294008286483,114.59529958567583,0.06366405532537546,229.19059917135166,1283.4673553595692,1907.4647004143242,3814.9294008286483,21363.60464464043,2022.06,4044.12,22647.071999999996,0.33701,0.9398881296,4.6994406479999995,0.167837166,107.70676178853252,107.70676178853252,0.0,215.41352357706504,215.41352357706504,0.0,229.19059917135166,0.0,229.19059917135166,1283.4673553595692,0.0,3364.0,-0.06758876223320344,31.008183518883083
99,99,2025,7NB,7,NB,AM-Shoulder,1,OP,AM,5.6,70,6000,1.6,6.5,75,1800,1,4,0.05,0.01,1769.0,0.0,219.0,0.0,0.0,1.0,1.0,1.0,3.66,1.83,0.35502958579881655,0.35502958579881655,30,4.155,0.715,1769.0,0.0,219.0,0.0,0.0,1988.0,2426.0,1.0,1.2,0.2527083333333333,2426.0,0.0,1.0,35.38,1126.853,0.0,142.35,0.0,0.0,1292.2,0.174664118,0.8733205900000001,,0.11729774756409758,0.11729774746769858,149.13499761510252,745.6749880755126,69.78445669662047,74.99436891292564,2.5913787729804807,4.480336388857708,4.814825763575399,-0.33448937471769113,0.020311296098296894,132.17731873584606,1601.4426812641539,0.0,0.0,132.17731873584606,1820.4426812641539,1820.4426812641539,132.17731873584606,0.0734318437421367,132.17731873584606,740.1929849207379,2258.442681264154,2258.442681264154,12647.279015079263,2390.6200000000003,2390.6200000000003,13387.472,0.3984366666666667,0.9781190608,4.890595304,0.174664118,129.285154860968,129.285154860968,0.0,129.285154860968,129.285154860968,0.0,132.17731873584606,0.0,132.17731873584606,740.1929849207379,0.0,1988.0,-0.0694707121591261,31.330881851912295
100,100,2025,7NB,7,NB,MD,5,OP,MD,5.6,70,6000,1.6,6.5,75,1800,1,4,0.05,0.01,2550.0,0.0,315.0,0.0,0.0,1.0,1.0,1.0,3.66,1.83,0.35502958579881655,0.35502958579881655,30,4.136,0.708,2550.0,0.0,315.0,0.0,0.0,2865.0,3495.0,1.0,1.2,0.3640625,3495.0,0.0,1.0,51.0,1624.3500000000001,0.0,204.75,0.0,0.0,1862.25,0.415252552,2.07626276,,0.03501955527817161,0.03501954693598723,225.5752111347273,1127.8760556736368,67.122035855233,74.99903218124146,4.597230554306494,4.480057811786528,5.005807641542277,-0.5257498297557488,0.28195646891291937,56.884014616098064,2442.1159853839017,0.0,0.0,56.884014616098064,2757.1159853839017,13785.579926919509,56.884014616098064,0.0316022303422767,284.42007308049034,1592.7524092507458,3387.1159853839017,16935.57992691951,94839.24759074925,3444.0,17220.0,96432.0,0.574,2.3254142912,11.627071456,0.415252552,132.2789005291041,132.2789005291041,0.0,661.3945026455206,661.3945026455206,0.0,284.42007308049034,0.0,284.42007308049034,1592.7524092507458,0.0,14325.0,-0.10502797298734527,47.389750238388096
101,101,2025,7NB,7,NB,PM-Shoulder,1,OP,PM,5.6,70,6000,1.6,6.5,75,1800,1,4,0.05,0.01,3265.0,0.0,404.0,0.0,0.0,1.0,1.0,1.0,3.66,1.83,0.35502958579881655,0.35502958579881655,30,4.135,0.592,3265.0,0.0,404.0,0.0,0.0,3669.0,4477.0,1.0,1.2,0.4663541666666667,4477.0,0.0,1.0,65.3,2079.805,0.0,262.6,0.0,0.0,2384.85,1.419297409,7.096487045,,0.010001362708996691,0.010000802500302023,283.30252803713705,1416.5126401856855,56.84480084310663,74.99960735559412,6.22599961177759,4.480023454081966,5.910830806274968,-1.4308073521930025,1.5218382045967067,20.80088416898486,3178.899115831015,0.0,0.0,20.80088416898486,3582.899115831015,3582.899115831015,20.80088416898486,0.011556046760547145,20.80088416898486,116.48495134631521,4390.899115831015,4390.899115831015,24589.03504865368,4411.7,4411.7,24705.519999999997,0.7352833333333333,7.9480654903999985,39.740327451999995,1.419297409,165.32678963331622,165.32678963331622,0.0,165.32678963331622,165.32678963331622,0.0,20.80088416898486,0.0,20.80088416898486,116.48495134631521,0.0,3669.0,-0.24206535410792845,59.51733782292796
102,102,2025,7NB,7,NB,PM-Peak,3,Peak,PM,5.6,70,6000,1.6,6.5,75,1800,1,4,0.05,0.01,3772.0,0.0,466.0,0.0,0.0,1.0,1.0,1.0,3.66,1.83,0.35502958579881655,0.35502958579881655,30,4.135,0.592,3772.0,0.0,466.0,0.0,0.0,4238.0,5170.0,1.0,1.2,0.5385416666666667,5170.0,0.0,1.0,75.44,2402.764,0.0,302.90000000000003,0.0,0.0,2754.7000000000003,1.202351064,6.01175532,,0.09264910636126379,0.09264911895242685,136.88938974717593,684.4469487358797,48.0556049775739,74.94365902915753,9.225703521874621,4.483367964049848,6.991900323735411,-2.508532359685563,3.0029034435175146,222.61393739701563,3473.9460626029845,0.0,0.0,222.61393739701563,3939.9460626029845,11819.838187808953,222.61393739701563,0.12367440966500869,667.8418121910469,3739.9141482698624,4871.946062602985,14615.838187808955,81848.69385173015,5094.56,15283.680000000002,85588.60800000001,0.8490933333333334,6.733165958399999,33.665829792,1.202351064,1498.896585146974,1498.896585146974,0.0,4496.689755440922,4496.689755440922,0.0,667.8418121910469,0.0,667.8418121910469,3739.9141482698624,0.0,12714.0,-0.3587769052098534,28.758275156969738
103,103,2025,7NB,7,NB,PM-Late,3,OP,PM,5.6,70,6000,1.6,6.5,75,1800,1,4,0.05,0.01,2896.0,0.0,358.0,0.0,0.0,1.0,1.0,1.0,3.66,1.83,0.35502958579881655,0.35502958579881655,30,4.135,0.592,2896.0,0.0,358.0,0.0,0.0,3254.0,3970.0,1.0,1.2,0.41354166666666664,3970.0,0.0,1.0,57.92,1844.752,0.0,232.70000000000002,0.0,0.0,2115.1,0.187399184,0.93699592,,0.22795179525588707,0.22795180328769335,97.16402690185117,485.82013450925587,66.49260007622797,74.62752333101658,2.9190241956713368,4.502360322339039,5.053193883451772,-0.5508335611127322,0.3468756203289272,420.5145302018882,2417.5654697981117,0.0,0.0,420.5145302018882,2775.5654697981117,8326.696409394335,420.5145302018882,0.23361918344549343,1261.5435906056646,7064.644107391721,3491.5654697981117,10474.696409394335,58658.29989260827,3912.08,11736.24,65722.94399999999,0.6520133333333333,1.0494354304,5.247177152,0.187399184,441.30284699187234,441.30284699187234,0.0,1323.9085409756171,1323.9085409756171,0.0,1261.5435906056646,0.0,1261.5435906056646,7064.644107391721,0.0,9762.0,-0.10900701097509935,20.412610693666213
104,104,2025,7SB,7,SB,Night,8,OP,NT,5.6,70,6000,1.6,5.0,75,1800,1,4,0.05,0.01,729.0,0.0,90.0,0.0,0.0,1.0,1.0,1.0,3.66,1.83,0.35502958579881655,0.35502958579881655,30,4.103,0.708,729.0,0.0,90.0,0.0,0.0,819.0,999.0,1.0,1.2,0.1040625,999.0,0.0,1.0,14.58,464.373,0.0,58.5,0.0,0.0,532.35,0.147646003,0.738230015,,0.13655175439651587,0.13655175446726286,131.4896265748688,657.4481328743439,69.98967658529979,74.99973566996941,0.0,4.480015789369475,4.800707995707062,-0.3206922063375863,0.0009699541186739638,63.41094784437326,651.0090521556267,0.0,0.0,63.41094784437326,741.0090521556267,5928.072417245014,63.41094784437326,0.035228304357985143,507.2875827549861,2840.810463427922,921.0090521556267,7368.072417245014,41261.20553657207,984.42,7875.36,44102.015999999996,0.16407,0.8268176168,4.134088083999999,0.147646003,52.42928877571379,52.42928877571379,0.0,419.43431020571035,419.43431020571035,0.0,507.2875827549861,0.0,507.2875827549861,2840.810463427922,0.0,6552.0,-0.06680102322914849,27.623871129174116
105,105,2025,7SB,7,SB,AM-Early,1,OP,AM,5.6,70,6000,1.6,5.0,75,1800,1,4,0.05,0.01,2298.0,0.0,284.0,0.0,0.0,1.0,1.0,1.0,3.66,1.83,0.35502958579881655,0.35502958579881655,30,4.155,0.715,2298.0,0.0,284.0,0.0,0.0,2582.0,3150.0,1.0,1.2,0.328125,3150.0,0.0,1.0,45.96,1463.826,0.0,184.6,0.0,0.0,1678.3,0.795369856,3.9768492799999997,,0.01000168507601684,0.010001816134789407,366.82741801516516,1834.1370900758259,65.891977299376,74.99990364327911,4.380479564381456,4.480005755715522,5.099255080378078,-0.6192493246625554,0.4099794601179666,14.640726658085427,2237.3992733419145,0.0,0.0,14.640726658085427,2521.3992733419145,2521.3992733419145,14.640726658085427,0.008133737032269682,14.640726658085427,81.98806928527839,3089.3992733419145,3089.3992733419145,17300.63593071472,3104.04,3104.04,17382.624,0.51734,4.4540711936,22.270355967999997,0.795369856,65.2108388611499,65.2108388611499,0.0,65.2108388611499,65.2108388611499,0.0,14.640726658085427,0.0,14.640726658085427,81.98806928527839,0.0,2582.0,-0.12143917393844945,77.06458361663135
106,106,2025,7SB,7,SB,AM-Peak,2,Peak,AM,5.6,70,6000,1.6,5.0,75,1800,1,4,0.05,0.01,3435.0,0.0,425.0,0.0,0.0,1.0,1.0,1.0,3.66,1.83,0.35502958579881655,0.35502958579881655,30,4.155,0.715,3435.0,0.0,425.0,0.0,0.0,3860.0,4710.0,1.0,1.2,0.490625,4710.0,0.0,1.0,68.7,2188.0950000000003,0.0,276.25,0.0,0.0,2509.0,1.233788573,6.168942865,,0.09346050440603855,0.09346050867021917,163.79503160280942,818.9751580140471,50.65074282480799,74.96021983764079,8.387939769184655,4.482377462709625,6.633663817373121,-2.1512863546634957,2.5121194298011753,204.50046238833093,3161.799537611669,0.0,0.0,204.50046238833093,3586.799537611669,7173.599075223338,204.50046238833093,0.11361136799351719,409.00092477666186,2290.4051787493063,4436.799537611669,8873.599075223337,49692.15482125069,4641.299999999999,9282.599999999999,51982.56,0.7735499999999998,6.9092160088,34.546080044,1.233788573,1412.9378685404583,1412.9378685404583,0.0,2825.8757370809167,2825.8757370809167,0.0,409.00092477666186,0.0,409.00092477666186,2290.4051787493063,0.0,7720.0,-0.3242983687279149,34.41072092495997
107,107,2025,7SB,7,SB,AM-Shoulder,1,OP,AM,5.6,70,6000,1.6,5.0,75,1800,1,4,0.05,0.01,3333.0,0.0,412.0,0.0,0.0,1.0,1.0,1.0,3.66,1.83,0.35502958579881655,0.35502958579881655,30,4.155,0.715,3333.0,0.0,412.0,0.0,0.0,3745.0,4569.0,1.0,1.2,0.4759375,4569.0,0.0,1.0,66.66,2123.121,0.0,267.8,0.0,0.0,2434.25,0.683611767,3.418058835,,0.17768886605362005,0.17768887152313134,123.44665202757957,617.2332601378979,55.280046864543074,74.72358169719175,4.0499625506416965,4.496572465725737,6.0781424593095315,-1.5815699935837948,1.7510551692540586,377.25496298462787,2889.085037015372,0.0,0.0,377.25496298462787,3301.085037015372,3301.085037015372,377.25496298462787,0.2095860905470155,377.25496298462787,2112.627792713916,4125.085037015372,4125.085037015372,23100.476207286083,4502.34,4502.34,25213.104,0.75039,3.8282258952,19.141129476,0.683611767,1444.21721839047,1444.21721839047,0.0,1444.21721839047,1444.21721839047,0.0,377.25496298462787,0.0,377.25496298462787,2112.627792713916,0.0,3745.0,-0.26020614096686684,25.934170594029325
108,108,2025,7SB,7,SB,MD,5,OP,MD,5.6,70,6000,1.6,5.0,75,1800,1,4,0.05,0.01,2635.0,0.0,326.0,0.0,0.0,1.0,1.0,1.0,3.66,1.83,0.35502958579881655,0.35502958579881655,30,4.136,0.708,2635.0,0.0,326.0,0.0,0.0,2961.0,3613.0,1.0,1.2,0.37635416666666666,3613.0,0.0,1.0,52.7,1678.4950000000001,0.0,211.9,0.0,0.0,1924.65,0.188471815,0.9423590749999999,,0.2888558384903577,0.28885584394092734,92.77387277420115,463.86936387100576,65.93621786927217,74.40818793935715,1.9956109982545467,4.515632073634703,5.095833683790709,-0.5802016101560064,0.4052921467932722,484.84308062687296,2097.456919373127,0.0,0.0,484.84308062687296,2423.456919373127,12117.284596865637,484.84308062687296,0.2693572670149294,2424.215403134365,13575.606257552443,3075.456919373127,15377.284596865637,86112.79374244755,3560.3,17801.5,99688.4,0.5933833333333334,1.0554421639999998,5.27721082,0.188471815,511.7238302172532,511.7238302172532,0.0,2558.619151086266,2558.619151086266,0.0,2424.215403134365,0.0,2424.215403134365,13575.606257552443,0.0,14805.0,-0.11385803504568141,19.490309406344785
109,109,2025,7SB,7,SB,PM-Shoulder,1,OP,PM,5.6,70,6000,1.6,5.0,75,1800,1,4,0.05,0.01,2723.0,0.0,336.0,0.0,0.0,1.0,1.0,1.0,3.66,1.83,0.35502958579881655,0.35502958579881655,30,4.135,0.592,2723.0,0.0,336.0,0.0,0.0,3059.0,3731.0,1.0,1.2,0.38864583333333336,3731.0,0.0,1.0,54.46,1734.551,0.0,218.4,0.0,0.0,1988.3500000000001,0.186849115,0.934245575,,0.2937866129017503,0.29378662452679677,86.14869110021549,430.7434555010775,65.33610841102761,74.28374510352731,2.0029372052781307,4.523196824981368,5.142638705786293,-0.6194418808049251,0.4694150269272225,509.58786319534386,2158.952136804656,0.0,0.0,509.58786319534386,2494.952136804656,2494.952136804656,509.58786319534386,0.2831043684418577,509.58786319534386,2853.6920338939253,3166.952136804656,3166.952136804656,17734.931966106073,3676.54,3676.54,20588.623999999996,0.6127566666666666,1.046355044,5.23177522,0.186849115,533.20983101563,533.20983101563,0.0,533.20983101563,533.20983101563,0.0,509.58786319534386,0.0,509.58786319534386,2853.6920338939253,0.0,3059.0,-0.12045214844821855,18.098464516851994
110,110,2025,7SB,7,SB,PM-Peak,3,Peak,PM,5.6,70,6000,1.6,5.0,75,1800,1,4,0.05,0.01,2613.0,0.0,323.0,0.0,0.0,1.0,1.0,1.0,3.66,1.83,0.35502958579881655,0.35502958579881655,30,4.135,0.592,2613.0,0.0,323.0,0.0,0.0,2936.0,3582.0,1.0,1.2,0.373125,3582.0,0.0,1.0,52.26,1664.481,0.0,209.95000000000002,0.0,0.0,1908.4,0.212310187,1.061550935,,0.23393530784667932,0.233935314067112,96.03965907868765,480.19829539343834,65.52776476387677,74.72918216858075,4.014460040251629,4.4962354765507975,5.127597457516594,-0.6313619809657967,0.448808516797734,389.3808751399486,2171.359124860051,0.0,0.0,389.3808751399486,2494.359124860051,7483.0773745801525,389.3808751399486,0.21632270841108256,1168.142625419846,6541.598702351137,3140.359124860051,9421.077374580153,52758.03329764885,3529.74,10589.219999999998,59299.63199999998,0.58829,1.1889370472,5.944685236,0.212310187,462.9493479250424,462.9493479250424,0.0,1388.8480437751273,1388.8480437751273,0.0,1168.142625419846,0.0,1168.142625419846,6541.598702351137,0.0,8808.0,-0.12313017669518443,20.176398966110856
111,111,2025,7SB,7,SB,PM-Late,3,OP,PM,5.6,70,6000,1.6,5.0,75,1800,1,4,0.05,0.01,2089.0,0.0,258.0,0.0,0.0,1.0,1.0,1.0,3.66,1.83,0.35502958579881655,0.35502958579881655,30,4.135,0.592,2089.0,0.0,258.0,0.0,0.0,2347.0,2863.0,1.0,1.2,0.29822916666666666,2863.0,0.0,1.0,41.78,1330.693,0.0,167.70000000000002,0.0,0.0,1525.55,0.163716463,0.818582315,,0.18361999860564668,0.18362000185282257,106.56764261908928,532.8382130954463,68.2702269830041,74.95214821501159,2.4862785380114856,4.482860171480784,4.921618322488475,-0.4387581510076908,0.16661710180921036,244.3418468045438,1802.8781531954562,0.0,0.0,244.3418468045438,2060.8781531954564,6182.634459586369,244.3418468045438,0.13574547044696877,733.0255404136313,4104.943026316335,2576.8781531954564,7730.634459586369,43291.55297368367,2821.2200000000003,8463.66,47396.49600000001,0.47020333333333336,0.9168121927999999,4.584060964,0.163716463,224.01558436167545,224.01558436167545,0.0,672.0467530850264,672.0467530850264,0.0,733.0255404136313,0.0,733.0255404136313,4104.943026316335,0.0,7041.0,-0.08914916238076856,22.388160214094388
