,index,Year,SegDir,Segment,Direction,Period,Hours/Day,Peak,4Periods,Length,Speed GP,Capacity GP,Alpha GP,Beta GP,Speed ML,Capacity ML,Alpha ML,Beta ML,MinToll,MinCapture,AADT Lights,AADT MediumA,AADT MediumB,AADT HeavyA,AADT HeavyB,GrowthFactor,GrowthFactor_medium,GrowthFactor_heavy,MaxToll,Soft Cap,MaxCapture,MaxCap_aux,Min Speed,B1,B2,TotalLights,TotalMediumA,TotalMediumB,TotalHeavyA,TotalHeavyB,TotalVeh,Corridor PCE pre-fix,Suppressed ratio ref,Max VC,Suppressed ratio,Corridor PCE,Suppressed Demand,PCE ratio,HOV3,InScopeLights,InScopeMediumA,InScopeMediumB,InScopeHeavyA,InScopeHeavyB,InScopeVeh,TollLights,TollMediumA,TollMediumB,CaptureRateLights,CaptureRateMediumA,VOT Lights,VOT MediumA,Speed GP Real,Speed ML Real,Bounus Seg,Time ML,Time GP,Time Savings,BonusRel,MLVeh_Lights,GPVeh_Lights,MLVeh_MediumA,GPVeh_MediumA,MLVeh,GPVeh,GPVehDay,ML PCE,ML V/C,ML Volume,ML PCE Total,GP PCE,GP Volume,GP PCE Total,Highway PCE,Highway Volume,Highway PCE Total,Highway V/C,TollLightsPerSeg,TollMediumAPerSeg,TollBlend,RevenuePerHour,RevenuePerHourLights,RevenuePerHourMediumA,RevenuePerDay,RevenuePerDayLights,RevenuePerDayMediumA,TransactionsDay_Lights,TransactionsDay_MediumA,TransactionsDay,TransactionsLightsLength,TransactionsMediumALength,TotalVeh_hours,Difference in Travel Time,Implied Min VOT
0,0,2025,1NB,1,NB,Night,8,OP,NT,3.0,70,12000,1.6,6.5,75,1800,1,4,0.05,0.01,2238.0,0.0,277.0,0.0,0.0,1.0,1.0,1.0,3.66,1.83,0.17391304347826086,0.17391304347826086,30,4.103,0.708,2258.704789728038,0.0,279.5626571736669,0.0,0.0,2538.267446901705,3097.392761249039,1.0,1.2,0.19855081802878455,3097.392761249039,0.0,1.0,45.17409579456076,1660.148020450108,0.0,209.67199288025017,0.0,0.0,1903.7005851762788,0.117777617,0.588888085,,0.1739129399401991,0.17391289933275764,106.68122281067247,533.4061140533623,69.99109280716615,74.91130509681467,0.0,2.4028415973713138,2.571755816071076,-0.1689142186997623,0.0004483251602313339,288.7212229723801,1924.8094709610973,0.0,0.0,288.7212229723801,2204.3721281347644,17634.977025078115,288.7212229723801,0.16040067942910005,2309.7697837790406,6929.309351337122,2763.497442482098,22107.979539856784,66323.93861957036,3052.218665454478,24417.749323635824,73253.24797090748,0.25435155545453986,0.353332851,1.766664255,0.117777617,102.01469285703774,102.01469285703774,0.0,816.117542856302,816.117542856302,0.0,2309.7697837790406,0.0,2309.7697837790406,6929.309351337122,0.0,20306.13957521364,-0.06568050420813902,41.835773651244104
1,1,2025,1NB,1,NB,AM-Early,1,OP,AM,3.0,70,12000,1.6,6.5,75,1800,1,4,0.05,0.01,1841.0,0.0,228.0,0.0,0.0,1.0,1.0,1.0,3.66,1.83,0.17391304347826086,0.17391304347826086,30,4.155,0.715,2209.2,0.0,273.59999999999997,0.0,0.0,2482.7999999999997,3030.0,1.0,1.2,0.19423076923076923,3030.0,0.0,1.0,44.184,1623.7619999999997,0.0,205.2,0.0,0.0,1862.1,0.169543156,0.84771578,,0.11294515932244055,0.11294515931665744,151.54376491882863,757.7188245941431,69.99028136157612,74.98083992988049,0.0,2.4006132789167185,2.571785632209474,-0.17117235329275537,0.0004891732698365129,183.39605779172467,1981.6199422082752,0.0,0.0,183.39605779172467,2255.2199422082754,2255.2199422082754,183.39605779172467,0.10188669877318038,183.39605779172467,550.1881733751741,2802.419942208275,2802.419942208275,8407.259826624826,2985.816,2985.816,8957.448,0.24881799999999998,0.508629468,2.54314734,0.169543156,93.28063930790216,93.28063930790216,0.0,93.28063930790216,93.28063930790216,0.0,183.39605779172467,0.0,183.39605779172467,550.1881733751741,0.0,2482.7999999999997,-0.06655778426823922,59.42892741914848
2,2,2025,1NB,1,NB,AM-Peak,2,Peak,AM,3.0,70,12000,1.6,6.5,75,1800,1,4,0.05,0.01,4183.0,0.0,517.0,0.0,0.0,1.0,1.0,1.0,3.66,1.83,0.17391304347826086,0.17391304347826086,30,4.155,0.715,2259.5734077964303,0.0,279.27311781753633,0.0,0.0,2538.8465256139666,3097.3927612490393,1.0,1.2,0.19855081802878458,3097.3927612490393,0.0,1.0,45.191468155928604,1660.7864547303761,0.0,209.45483836315225,0.0,0.0,1904.134894210475,0.167837166,0.83918583,,0.11558470878060421,0.11558470877295625,150.0707112427071,750.3535562135354,69.98889956589339,74.97740799385521,0.0,2.400723162032381,2.571836407151008,-0.1711132451186268,0.000558734939738207,191.96151871678265,2022.420420923719,0.0,0.0,191.96151871678265,2301.693538741255,4603.38707748251,191.96151871678265,0.10664528817599037,383.9230374335653,1151.769112300696,2860.2397743763277,5720.479548752655,17161.438646257964,3052.2012930931105,6104.402586186221,18313.20775855866,0.25435010775775924,0.5035114980000001,2.51755749,0.167837166,96.65483184744228,96.65483184744228,0.0,193.30966369488456,193.30966369488456,0.0,383.9230374335653,0.0,383.9230374335653,1151.769112300696,0.0,5077.693051227933,-0.0665334873722315,58.85125931086553
3,3,2025,1NB,1,NB,AM-Shoulder,1,OP,AM,3.0,70,12000,1.6,6.5,75,1800,1,4,0.05,0.01,4812.0,0.0,595.0,0.0,0.0,1.0,1.0,1.0,3.66,1.83,0.17391304347826086,0.17391304347826086,30,4.155,0.715,2259.307862229858,0.0,279.3616330063935,0.0,0.0,2538.6694952362514,3097.392761249039,1.0,1.2,0.19855081802878455,3097.392761249039,0.0,1.0,45.18615724459716,1660.5912787389457,0.0,209.52122475479513,0.0,0.0,1904.0021214271885,0.174664118,0.8733205900000001,,0.10538179889714362,0.1053817988971566,155.99125547336854,779.9562773668425,69.98847149597152,74.98321183351976,0.0,2.4005373416071056,2.571852137253214,-0.1713147956461083,0.0005802851797601406,174.99609618641813,2039.125608798843,0.0,0.0,174.99609618641813,2318.4872418052364,2318.4872418052364,174.99609618641813,0.09722005343689896,174.99609618641813,524.9882885592544,2877.2105078180234,2877.2105078180234,8631.63152345407,3052.2066040044415,3052.2066040044415,9156.619812013325,0.25435055033370346,0.523992354,2.61996177,0.174664118,91.69661638153165,91.69661638153165,0.0,91.69661638153165,91.69661638153165,0.0,174.99609618641813,0.0,174.99609618641813,524.9882885592544,0.0,2538.6694952362514,-0.06661144828842132,61.1730413621053
4,4,2025,1NB,1,NB,MD,5,OP,MD,3.0,70,12000,1.6,6.5,75,1800,1,4,0.05,0.01,5111.0,0.0,632.0,0.0,0.0,1.0,1.0,1.0,3.66,1.83,0.17391304347826086,0.17391304347826086,30,4.136,0.708,2259.279920471505,0.0,279.37094692584446,0.0,0.0,2538.6508673973494,3097.392761249039,1.0,1.2,0.19855081802878455,3097.392761249039,0.0,1.0,45.185598409430106,1660.5707415465563,0.0,209.52821019438335,0.0,0.0,1903.988150548012,0.415252552,2.07626276,,0.010002082203174993,0.010000649639964991,369.3340574692093,1846.6702873460465,69.98375435809321,74.9998958216831,0.0,2.4000033337107713,2.5720254886437663,-0.172022154932995,0.0008177765848170687,16.60916506113591,2197.485157000939,0.0,0.0,16.60916506113591,2476.8561039267834,12384.280519633918,16.60916506113591,0.009227313922853284,83.04582530567956,249.13747591703867,3035.5979977784727,15177.989988892365,45533.96996667709,3052.207162839609,15261.035814198045,45783.107442594126,0.25435059690330075,1.2457576559999999,6.22878828,0.415252552,20.690994534677767,20.690994534677767,0.0,103.45497267338884,103.45497267338884,0.0,83.04582530567956,0.0,83.04582530567956,249.13747591703867,0.0,12693.254336986747,-0.0668819790832254,144.83688528204286
5,5,2025,1NB,1,NB,PM-Shoulder,1,OP,PM,3.0,70,12000,1.6,6.5,75,1800,1,4,0.05,0.01,6757.0,0.0,835.0,0.0,0.0,1.0,1.0,1.0,3.66,1.83,0.17391304347826086,0.17391304347826086,30,4.135,0.592,8108.4,0.0,1002.0,0.0,0.0,9110.4,11114.4,1.0,1.2,0.7124615384615385,11114.4,0.0,1.0,162.168,5959.674,0.0,751.5,0.0,0.0,6832.799999999999,1.419297409,7.096487045,,0.11491658179963099,0.11491659885129588,127.21350976372133,636.0675488186067,42.606796850224185,71.49423290359316,1.9130582148582558,2.5176855907066256,4.22467806328541,-1.7069924725787842,2.2649518038438687,684.865364720134,7261.366635279866,0.0,0.0,684.865364720134,8263.366635279866,8263.366635279866,684.865364720134,0.38048075817785226,684.865364720134,2054.596094160402,10267.366635279866,10267.366635279866,30802.099905839597,10952.232,10952.232,32856.695999999996,0.912686,4.257892226999999,21.289461135,1.419297409,2916.0829129833783,2916.0829129833783,0.0,2916.0829129833783,2916.0829129833783,0.0,684.865364720134,0.0,684.865364720134,2054.596094160402,0.0,9110.4,-0.4040526750223674,49.88765088773386
6,6,2025,1NB,1,NB,PM-Peak,3,Peak,PM,3.0,70,12000,1.6,6.5,75,1800,1,4,0.05,0.01,6670.0,0.0,824.0,0.0,0.0,1.0,1.0,1.0,3.66,1.83,0.17391304347826086,0.17391304347826086,30,4.135,0.592,8004.0,0.0,988.8,0.0,0.0,8992.8,10970.4,1.0,1.2,0.7032307692307692,10970.4,0.0,1.0,160.08,5882.9400000000005,0.0,741.5999999999999,0.0,0.0,6744.599999999999,1.202351064,6.01175532,,0.1248072763009084,0.12480729528736907,123.53954286140855,617.6977143070428,44.60612268211839,70.69233542109151,2.6712967677170156,2.5462449207229874,4.0353204711997535,-1.489075550476766,2.00553190268652,734.2337180416662,7109.686281958334,0.0,0.0,734.2337180416662,8098.486281958334,24295.458845875,734.2337180416662,0.407907621134259,2202.7011541249985,6608.103462374996,10076.086281958334,30228.258845875003,90684.776537625,10810.32,32430.960000000003,97292.88,0.90086,3.6070531919999995,18.03526596,1.202351064,2648.4200763362196,2648.4200763362196,0.0,7945.260229008659,7945.260229008659,0.0,2202.7011541249985,0.0,2202.7011541249985,6608.103462374996,0.0,26978.399999999998,-0.3690104815972756,48.44687955349356
7,7,2025,1NB,1,NB,PM-Late,3,OP,PM,3.0,70,12000,1.6,6.5,75,1800,1,4,0.05,0.01,6393.0,0.0,790.0,0.0,0.0,1.0,1.0,1.0,3.66,1.83,0.17391304347826086,0.17391304347826086,30,4.135,0.592,6191.704565799619,0.0,765.1253882342717,0.0,0.0,6956.82995403389,8487.080730502434,1.0,1.2,0.5440436365706688,8487.080730502434,0.0,1.0,123.83409131599238,4550.90285586272,0.0,573.8440411757038,0.0,0.0,5217.622465525417,0.187399184,0.93699592,,0.168872953357533,0.16887302113570857,110.22326210464254,551.1163105232127,64.16889392560331,70.72774427616633,0.707799871172503,2.5449701788475667,2.8050974387791374,-0.2601272599315707,0.3201263482702754,768.5244057127687,5299.3460687708575,0.0,0.0,768.5244057127687,6064.471457005129,18193.414371015388,768.5244057127687,0.4269580031737604,2305.573217138306,6916.719651414918,7594.7222334736725,22784.166700421018,68352.50010126305,8363.246639186442,25089.739917559324,75269.21975267798,0.6969372199322035,0.562197552,2.8109877599999997,0.187399184,432.0625395439734,432.0625395439734,0.0,1296.1876186319203,1296.1876186319203,0.0,2305.573217138306,0.0,2305.573217138306,6916.719651414918,0.0,20870.48986210167,-0.09273376972059334,43.22480866848727
8,8,2025,1SB,1,SB,Night,8,OP,NT,3.0,70,12000,1.6,5.0,75,1800,1,4,0.05,0.01,1637.0,0.0,202.0,0.0,0.0,1.0,1.0,1.0,3.66,1.83,0.17391304347826086,0.17391304347826086,30,4.103,0.708,1470.0481602450802,0.0,181.39873449572767,0.0,0.0,1651.446894740808,2014.244363732263,1.0,1.2,0.12911822844437584,2014.244363732263,0.0,1.0,29.400963204901604,1080.485397780134,0.0,136.04905087179574,0.0,0.0,1238.585171055606,0.147646003,0.738230015,,0.13616041051284383,0.1361604104960546,131.6563849429131,658.2819247145654,69.98978789120703,74.99306399032253,0.0,2.400221972837756,2.5718037648548697,-0.17158179201711388,0.0005140149940283452,147.1193353148764,1293.527861725302,0.0,0.0,147.1193353148764,1474.9265962210297,11799.412769768238,147.1193353148764,0.08173296406382022,1176.9546825190112,3530.8640475570337,1837.7240652124851,14701.792521699881,44105.37756509964,1984.8434005273616,15878.747204218893,47636.241612656675,0.16540361671061346,0.442938009,2.2146900449999998,0.147646003,65.16474546977474,65.16474546977474,0.0,521.317963758198,521.317963758198,0.0,1176.9546825190112,0.0,1176.9546825190112,3530.8640475570337,0.0,13211.575157926463,-0.06671651794039443,51.62995487957376
9,9,2025,1SB,1,SB,AM-Early,1,OP,AM,3.0,70,12000,1.6,5.0,75,1800,1,4,0.05,0.01,4573.0,0.0,565.0,0.0,0.0,1.0,1.0,1.0,3.66,1.83,0.17391304347826086,0.17391304347826086,30,4.155,0.715,1829.2,0.0,226.0,0.0,0.0,2055.2,2507.2,1.0,1.2,0.1607179487179487,2507.2,0.0,1.0,36.584,1344.462,0.0,169.5,0.0,0.0,1541.3999999999999,0.795369856,3.9768492799999997,,0.010000669409801297,0.010000385671560233,703.3311296483677,3516.6556482418387,69.95661785482235,74.99995524141706,0.0,2.4000014322755088,2.573023189507895,-0.17302175723238644,0.0021846267686741337,13.445519996040272,1779.1704800039597,0.0,0.0,13.445519996040272,2005.1704800039597,2005.1704800039597,13.445519996040272,0.0074697333311334844,13.445519996040272,40.33655998812081,2457.1704800039597,2457.1704800039597,7371.511440011879,2470.616,2470.616,7411.848,0.20588466666666666,2.386109568,11.93054784,0.795369856,32.08248390928701,32.08248390928701,0.0,32.08248390928701,32.08248390928701,0.0,13.445519996040272,0.0,13.445519996040272,40.33655998812081,0.0,2055.2,-0.06724453861819947,275.8161292738697
10,10,2025,1SB,1,SB,AM-Peak,2,Peak,AM,3.0,70,12000,1.6,5.0,75,1800,1,4,0.05,0.01,7757.0,0.0,959.0,0.0,0.0,1.0,1.0,1.0,3.66,1.83,0.17391304347826086,0.17391304347826086,30,4.155,0.715,3815.448865243484,0.0,471.7049712219287,0.0,0.0,4287.1538364654125,5230.56377890927,1.0,1.2,0.3352925499300814,5230.56377890927,0.0,1.0,76.30897730486969,2804.3549159539607,0.0,353.77872841644654,0.0,0.0,3215.3653773490596,1.233788573,6.168942865,,0.010000511983258183,0.010000517476479604,805.2684682149594,4026.3423410747964,68.32557636663022,74.99915276846716,2.8167660701994506,2.4000271117153162,2.6344453947103603,-0.23441828299504408,0.0863330478960507,28.04498494230658,3711.0949029963076,0.0,0.0,28.04498494230658,4182.799874218236,8365.599748436473,28.04498494230658,0.015580547190170322,56.08996988461316,168.26990965383948,5126.2098166620935,10252.419633324187,30757.258899972563,5154.2548016044,10308.5096032088,30925.5288096264,0.42952123346703336,3.701365719,18.506828595,1.233788573,103.80474585532477,103.80474585532477,0.0,207.60949171064954,207.60949171064954,0.0,56.08996988461316,0.0,56.08996988461316,168.26990965383948,0.0,8574.307672930825,-0.08898202386951232,315.7915561627292
11,11,2025,1SB,1,SB,AM-Shoulder,1,OP,AM,3.0,70,12000,1.6,5.0,75,1800,1,4,0.05,0.01,7826.0,0.0,967.0,0.0,0.0,1.0,1.0,1.0,3.66,1.83,0.17391304347826086,0.17391304347826086,30,4.155,0.715,3359.857835005579,0.0,415.1523800728846,0.0,0.0,3775.0102150784637,4605.314975224233,1.0,1.2,0.29521249841180985,4605.314975224233,0.0,1.0,67.19715670011158,2469.495508729101,0.0,311.36428505466347,0.0,0.0,2831.2576613088477,0.683611767,3.418058835,,0.010000611078940734,0.010000734650383125,510.8168290365344,2554.084145182672,69.10393981626314,74.99949054040079,1.5871977488478244,2.4000163028179164,2.604771891133742,-0.2047555883158254,0.04568034799608347,24.69646414399063,3267.964214161477,0.0,0.0,24.69646414399063,3683.1165942343614,3683.1165942343614,24.69646414399063,0.013720257857772573,24.69646414399063,74.0893924319719,4513.421354380131,4513.421354380131,13540.264063140392,4538.1178185241215,4538.1178185241215,13614.353455572364,0.3781764848770101,2.050835301,10.254176505,0.683611767,50.64838047637674,50.64838047637674,0.0,50.64838047637674,50.64838047637674,0.0,24.69646414399063,0.0,24.69646414399063,74.0893924319719,0.0,3775.0102150784637,-0.0786078769556686,200.32032511236642
12,12,2025,1SB,1,SB,MD,5,OP,MD,3.0,70,12000,1.6,5.0,75,1800,1,4,0.05,0.01,5968.0,0.0,738.0,0.0,0.0,1.0,1.0,1.0,3.66,1.83,0.17391304347826086,0.17391304347826086,30,4.136,0.708,2387.2000000000003,0.0,295.2,0.0,0.0,2682.4,3272.8,1.0,1.2,0.2097948717948718,3272.8,0.0,1.0,47.74400000000001,1754.592,0.0,221.39999999999998,0.0,0.0,2011.8000000000002,0.188471815,0.9423590749999999,,0.08685075842896958,0.086850764431683,163.885388217951,819.4269410897549,69.867093453824,74.98854043984248,0.0,2.400366761964118,2.5763201401667604,-0.17595337820264234,0.006701449171319408,152.3876459334026,2187.0683540665973,0.0,0.0,152.3876459334026,2482.268354066597,12411.341770332985,152.3876459334026,0.08465980329633478,761.938229667013,2285.8146890010394,3072.668354066597,15363.341770332987,46090.02531099896,3225.0559999999996,16125.28,48375.84,0.26875466666666664,0.565415445,2.827077225,0.188471815,86.16232863793726,86.16232863793726,0.0,430.8116431896863,430.8116431896863,0.0,761.938229667013,0.0,761.938229667013,2285.8146890010394,0.0,13412.0,-0.0682963951022225,64.26877969331413
13,13,2025,1SB,1,SB,PM-Shoulder,1,OP,PM,3.0,70,12000,1.6,5.0,75,1800,1,4,0.05,0.01,4858.0,0.0,600.0,0.0,0.0,1.0,1.0,1.0,3.66,1.83,0.17391304347826086,0.17391304347826086,30,4.135,0.592,1943.2,0.0,240.0,0.0,0.0,2183.2,2663.2,1.0,1.2,0.1707179487179487,2663.2,0.0,1.0,38.864000000000004,1428.252,0.0,180.0,0.0,0.0,1637.3999999999999,0.186849115,0.934245575,,0.050556369660539335,0.050556369902523685,164.9386865881366,824.693432940683,69.94748095363786,74.99891264497293,0.0,2.4000347958653387,2.5733592910844987,-0.17332449521915994,0.0026450859286201675,72.20723608040463,1832.1287639195955,0.0,0.0,72.20723608040463,2072.1287639195953,2072.1287639195953,72.20723608040463,0.040115131155780345,72.20723608040463,216.62170824121387,2552.1287639195953,2552.1287639195953,7656.386291758786,2624.336,2624.336,7873.008,0.21869466666666665,0.560547345,2.802736725,0.186849115,40.47557447465902,40.47557447465902,0.0,40.47557447465902,40.47557447465902,0.0,72.20723608040463,0.0,72.20723608040463,216.62170824121387,0.0,2183.2,-0.06735339904522826,64.68183787770063
14,14,2025,1SB,1,SB,PM-Peak,3,Peak,PM,3.0,70,12000,1.6,5.0,75,1800,1,4,0.05,0.01,6246.0,0.0,772.0,0.0,0.0,1.0,1.0,1.0,3.66,1.83,0.17391304347826086,0.17391304347826086,30,4.135,0.592,2498.4,0.0,308.8,0.0,0.0,2807.2000000000003,3424.8,1.0,1.2,0.21953846153846154,3424.8,0.0,1.0,49.968,1836.324,0.0,231.60000000000002,0.0,0.0,2105.4,0.212310187,1.061550935,,0.035467451435232555,0.035467452636550274,182.0150211828109,910.0751059140546,69.80786724858123,74.99874619195896,0.0,2.4000401225280594,2.5785059348544745,-0.17846581232641512,0.009695987893487449,65.12973228935199,2383.3022677106483,0.0,0.0,65.12973228935199,2692.1022677106484,8076.306803131945,65.12973228935199,0.036183184605195554,195.389196868056,586.167590604168,3309.7022677106484,9929.106803131945,29787.320409395834,3374.8320000000003,10124.496000000001,30373.488,0.28123600000000004,0.636930561,3.1846528050000003,0.212310187,41.48311692483678,41.48311692483678,0.0,124.44935077451034,124.44935077451034,0.0,195.389196868056,0.0,195.389196868056,586.167590604168,0.0,8421.6,-0.0692128763071811,71.37843967953368
15,15,2025,1SB,1,SB,PM-Late,3,OP,PM,3.0,70,12000,1.6,5.0,75,1800,1,4,0.05,0.01,4575.0,0.0,566.0,0.0,0.0,1.0,1.0,1.0,3.66,1.83,0.17391304347826086,0.17391304347826086,30,4.135,0.592,1830.0,0.0,226.4,0.0,0.0,2056.4,2509.2,1.0,1.2,0.16084615384615383,2509.2,0.0,1.0,36.6,1345.0500000000002,0.0,169.8,0.0,0.0,1542.3000000000002,0.163716463,0.818582315,,0.0774221501370422,0.07742215057400077,145.0669260679044,725.334630339522,69.96379907014342,74.99719725226201,0.0,2.400089691279376,2.572759089590573,-0.17266939831119732,0.0018228098819426898,104.13666304182863,1689.2633369581715,0.0,0.0,104.13666304182863,1915.6633369581716,5746.990010874515,104.13666304182863,0.05785370168990479,312.4099891254859,937.2299673764576,2368.4633369581716,7105.390010874515,21316.170032623544,2472.6000000000004,7417.8,22253.4,0.20605000000000004,0.49114938900000005,2.455746945,0.163716463,51.146658425493015,51.146658425493015,0.0,153.43997527647906,153.43997527647906,0.0,312.4099891254859,0.0,312.4099891254859,937.2299673764576,0.0,6169.200000000001,-0.06711448382781762,56.888990614864476
16,16,2025,2NB,2,NB,Night,8,OP,NT,2.2,70,12000,1.6,6.5,75,1800,1,4,0.05,0.01,3220.0,0.0,398.0,0.0,0.0,1.0,1.0,1.0,3.66,1.83,0.17391304347826086,0.17391304347826086,30,4.103,0.708,2259.5388969691676,0.0,279.2846214266238,0.0,0.0,2538.8235183957913,3097.392761249039,1.0,1.2,0.19855081802878455,3097.392761249039,0.0,1.0,45.19077793938335,1660.7610892723383,0.0,209.46346606996786,0.0,0.0,1904.1176387968435,0.117777617,0.588888085,,0.17391293994421791,0.17391289920936895,106.68392632189394,533.4196316094697,69.99109500448876,74.91117416445373,0.0,1.7620869179038396,1.8859542059105434,-0.12386728800670377,0.00032869066887340374,288.8278435803141,1925.52027544947,0.0,0.0,288.8278435803141,2204.804896876094,17638.439175008752,288.8278435803141,0.1604599131001745,2310.6227486425128,5083.370047013528,2763.3741397293416,22106.993117834732,48635.384859236416,3052.2019833096556,24417.615866477245,53718.754906249946,0.2543501652758046,0.2591107574,1.295553787,0.11777761699999999,74.83840130830392,74.83840130830392,0.0,598.7072104664313,598.7072104664313,0.0,2310.6227486425128,0.0,2310.6227486425128,5083.370047013528,0.0,20310.58814716633,-0.06567884183958769,57.05022797962242
17,17,2025,2NB,2,NB,AM-Early,1,OP,AM,2.2,70,12000,1.6,6.5,75,1800,1,4,0.05,0.01,3086.0,0.0,381.0,0.0,0.0,1.0,1.0,1.0,3.66,1.83,0.17391304347826086,0.17391304347826086,30,4.155,0.715,2260.239787470923,0.0,279.0509912593719,0.0,0.0,2539.290778730295,3097.392761249039,1.0,1.2,0.19855081802878455,3097.392761249039,0.0,1.0,45.204795749418466,1661.2762437911288,0.0,209.28824344452894,0.0,0.0,1904.4680840477213,0.169543156,0.84771578,,0.11293920065731419,0.11293920065232388,151.54713432906354,757.7356716453178,69.98879140328258,74.97901105698173,0.0,1.7604926784068153,1.886016279941205,-0.12552360153438968,0.00041373209087957783,187.6232110447555,2027.4117806767492,0.0,0.0,187.6232110447555,2306.462771936121,2306.462771936121,187.6232110447555,0.10423511724708638,187.6232110447555,412.77106429846214,2864.564754454865,2864.564754454865,6302.042459800704,3052.1879654996205,3052.1879654996205,6714.813524099166,0.2543489971249684,0.37299494320000004,1.8649747160000003,0.169543156,69.9825089466402,69.9825089466402,0.0,69.9825089466402,69.9825089466402,0.0,187.6232110447555,0.0,187.6232110447555,412.77106429846214,0.0,2539.290778730295,-0.06655488760590274,81.04124830431205
18,18,2025,2NB,2,NB,AM-Peak,2,Peak,AM,2.2,70,12000,1.6,6.5,75,1800,1,4,0.05,0.01,6362.0,0.0,786.0,0.0,0.0,1.0,1.0,1.0,3.66,1.83,0.17391304347826086,0.17391304347826086,30,4.155,0.715,4342.662561925368,0.0,536.5188264183181,0.0,0.0,4879.181388343686,5952.219041180322,1.0,1.2,0.38155250263976426,5952.219041180322,0.0,1.0,86.85325123850737,3191.8569830151455,0.0,402.3891198137386,0.0,0.0,3659.3860412577646,0.167837166,0.83918583,,0.13357775006231684,0.13357775251208134,140.94790847517206,704.7395423758602,69.28275880998959,74.50761397589059,0.9645300178552638,1.771631018042169,1.905235909586318,-0.133604891544149,0.026744624704684458,426.3610743118578,3829.448236375003,0.0,0.0,426.3610743118578,4365.967062793321,8731.934125586642,426.3610743118578,0.23686726350658768,852.7221486237156,1875.9887269721744,5439.004715629957,10878.009431259914,23931.620748771813,5865.365789941815,11730.73157988363,25807.609475743986,0.48878048249515127,0.36924176520000007,1.8462088260000002,0.167837166,157.43031569147877,157.43031569147877,0.0,314.86063138295754,314.86063138295754,0.0,852.7221486237156,0.0,852.7221486237156,1875.9887269721744,0.0,9758.362776687372,-0.07012511724763706,75.37321308832729
19,19,2025,2NB,2,NB,AM-Shoulder,1,OP,AM,2.2,70,12000,1.6,6.5,75,1800,1,4,0.05,0.01,7274.0,0.0,899.0,0.0,0.0,1.0,1.0,1.0,3.66,1.83,0.17391304347826086,0.17391304347826086,30,4.155,0.715,5076.077344570906,0.0,627.3568233116915,0.0,0.0,5703.434167882597,6958.14781450598,1.0,1.2,0.4460351163144859,6958.14781450598,0.0,1.0,101.52154689141811,3730.916848259615,0.0,470.5176174837686,0.0,0.0,4277.575625911948,0.174664118,0.8733205900000001,,0.14837668554009845,0.14837666279165568,134.43031137309538,672.151556865477,68.15860901250696,73.70683162419701,0.5975833363738309,1.790878770546231,1.936659241032608,-0.145780470486377,0.06979458878610169,553.581075970472,4420.974721709015,0.0,0.0,553.581075970472,5048.3315450207065,5048.3315450207065,553.581075970472,0.3075450422058178,553.581075970472,1217.8783671350386,6303.04519164409,6303.04519164409,13866.699421616999,6856.626267614562,6856.626267614562,15084.577788752038,0.5713855223012134,0.38426105960000007,1.9213052980000003,0.174664118,212.71965082692174,212.71965082692174,0.0,212.71965082692174,212.71965082692174,0.0,553.581075970472,0.0,553.581075970472,1217.8783671350386,0.0,5703.434167882597,-0.07527419764803242,71.88786704443604
20,20,2025,2NB,2,NB,MD,5,OP,MD,2.2,70,12000,1.6,6.5,75,1800,1,4,0.05,0.01,7621.0,0.0,942.0,0.0,0.0,1.0,1.0,1.0,3.66,1.83,0.17391304347826086,0.17391304347826086,30,4.136,0.708,6776.985175788123,0.0,837.6748504910657,0.0,0.0,7614.660026279189,9290.00972726132,1.0,1.2,0.5955134440552128,9290.00972726132,0.0,1.0,135.53970351576248,4981.084104204271,0.0,628.2561378682993,0.0,0.0,5710.995019709391,0.415252552,2.07626276,,0.14951006797802285,0.1495100815069113,130.4883699223799,652.4418496118997,59.520678379179415,70.94245040617616,0.7852165671211283,1.8606631043083937,2.2177166590590165,-0.35705355475062284,0.45484325148228105,744.7222230238297,5896.723249248532,0.0,0.0,744.7222230238297,6734.3980997395975,33671.99049869799,744.7222230238297,0.413734568346572,3723.611115119148,8191.944453262126,8409.747800721729,42048.73900360864,92507.22580793903,9154.470023745558,45772.350118727794,100699.17026120116,0.7628725019787965,0.9135556144000001,4.567778072,0.415252552,680.3451680118686,680.3451680118686,0.0,3401.725840059343,3401.725840059343,0.0,3723.611115119148,0.0,3723.611115119148,8191.944453262126,0.0,38073.30013139595,-0.1610005287610193,69.77987696383953
21,21,2025,2NB,2,NB,PM-Shoulder,1,OP,PM,2.2,70,12000,1.6,6.5,75,1800,1,4,0.05,0.01,8273.0,0.0,1022.0,0.0,0.0,1.0,1.0,1.0,3.66,1.83,0.17391304347826086,0.17391304347826086,30,4.135,0.592,8984.71641866198,0.0,1109.921452903728,0.0,0.0,10094.637871565708,12314.480777373163,1.0,1.2,0.7893897934213566,12314.480777373163,0.0,1.0,179.69432837323959,6603.766567716555,0.0,832.4410896777961,0.0,0.0,7570.978403674281,1.419297409,7.096487045,,0.17391286908825068,0.1739107919035375,106.65568544202692,533.2784272101346,34.9687053112023,57.85092798838824,0.6780415626159624,2.281726578811231,3.774803751676603,-1.4930771728653722,2.5880525683683753,1148.4799905806558,7656.542099708084,0.0,0.0,1148.4799905806558,8766.46355261181,8766.46355261181,1148.4799905806558,0.6380444392114755,1148.4799905806558,2526.655979277443,10986.306458419269,10986.306458419269,24169.874208522393,12134.786448999925,12134.786448999925,26696.530187799835,1.011232204083327,3.1224542998,15.612271499000002,1.419297409,3586.0762848228323,3586.0762848228323,0.0,3586.0762848228323,3586.0762848228323,0.0,1148.4799905806558,0.0,1148.4799905806558,2526.655979277443,0.0,10094.637871565708,-0.3955376944303959,57.03512590482723
22,22,2025,2NB,2,NB,PM-Peak,3,Peak,PM,2.2,70,12000,1.6,6.5,75,1800,1,4,0.05,0.01,7207.0,0.0,891.0,0.0,0.0,1.0,1.0,1.0,3.66,1.83,0.17391304347826086,0.17391304347826086,30,4.135,0.592,8648.4,0.0,1069.2,0.0,0.0,9717.6,11856.0,1.0,1.2,0.76,11856.0,0.0,1.0,172.968,6356.573999999999,0.0,801.9000000000001,0.0,0.0,7288.200000000001,1.202351064,6.01175532,,0.16901435364517664,0.16901434835756768,110.1866647317215,550.9333236586076,38.93642800773872,60.946864493297156,1.130332246667265,2.1658210163464138,3.390141488422221,-1.2243204720758074,2.0610652677098718,1074.352246007735,7401.079753992265,0.0,0.0,1074.352246007735,8470.279753992265,25410.839261976795,1074.352246007735,0.5968623588931861,3223.056738023205,7090.724823651051,10608.679753992266,31826.0392619768,70017.28637634896,11683.032000000001,35049.096000000005,77108.01120000001,0.9735860000000001,2.6451723408,13.225861704000001,1.202351064,2841.8468454160175,2841.8468454160175,0.0,8525.540536248052,8525.540536248052,0.0,3223.056738023205,0.0,3223.056738023205,7090.724823651051,0.0,29152.800000000003,-0.36114140848015425,58.92335012391525
23,23,2025,2NB,2,NB,PM-Late,3,OP,PM,2.2,70,12000,1.6,6.5,75,1800,1,4,0.05,0.01,7436.0,0.0,919.0,0.0,0.0,1.0,1.0,1.0,3.66,1.83,0.17391304347826086,0.17391304347826086,30,4.135,0.592,7463.4774716943,0.0,922.3958844119232,0.0,0.0,8385.873356106224,10230.66512493007,1.0,1.2,0.6558118669826968,10230.66512493007,0.0,1.0,149.269549433886,5485.6559416953105,0.0,691.7969133089424,0.0,0.0,6289.405017079667,0.187399184,0.93699592,,0.17391301138221368,0.17391299752170788,47.412410816340774,237.06205408170385,53.835861366227,65.72321051142828,0.5635896120694694,2.008422883983234,2.451897241915552,-0.4434743579323177,0.7756706499957349,954.0269442269647,6360.18097803345,0.0,0.0,954.0269442269647,7282.576862445373,21847.73058733612,954.0269442269647,0.5300149690149804,2862.080832680894,6296.577831897967,9127.368631269219,27382.105893807657,60240.63296637685,10081.395575496184,30244.18672648855,66537.21079827481,0.8401162979580153,0.41227820480000005,2.061391024,0.187399184,393.3245158967228,393.3245158967228,0.0,1179.9735476901683,1179.9735476901683,0.0,2862.080832680894,0.0,2862.080832680894,6296.577831897967,0.0,25157.62006831867,-0.180869879190309,25.35423038306993
24,24,2025,2SB,2,SB,Night,8,OP,NT,2.2,70,12000,1.6,5.0,75,1800,1,4,0.05,0.01,2585.0,0.0,319.0,0.0,0.0,1.0,1.0,1.0,3.66,1.83,0.17391304347826086,0.17391304347826086,30,4.103,0.708,1470.0230604878316,0.0,181.4071010814771,0.0,0.0,1651.4301615693087,2014.2443637322629,1.0,1.2,0.12911822844437582,2014.2443637322629,0.0,1.0,29.40046120975663,1080.4669494585562,0.0,136.05532581110782,0.0,0.0,1238.5726211769816,0.147646003,0.738230015,,0.1361604419355566,0.13616044191876833,131.65637153147563,658.2818576573783,69.98978782345104,74.99306445863583,0.0,1.7601627690892359,1.8859894293860338,-0.1258266602967979,0.00037694683029500177,147.1168573350397,1293.5057419430352,0.0,0.0,147.1168573350397,1474.9128430245123,11799.302744196099,147.1168573350397,0.08173158740835539,1176.9348586803176,2589.2566890966987,1837.7270451874665,14701.816361499732,32343.995995299414,1984.8439025225061,15878.75122018005,34933.25268439611,0.16540365854354216,0.3248212066,1.6241060330000001,0.147646003,47.78667511076766,47.78667511076766,0.0,382.2934008861413,382.2934008861413,0.0,1176.9348586803176,0.0,1176.9348586803176,2589.2566890966987,0.0,13211.44129255447,-0.06671652467201769,70.4044767547998
25,25,2025,2SB,2,SB,AM-Early,1,OP,AM,2.2,70,12000,1.6,5.0,75,1800,1,4,0.05,0.01,6971.0,0.0,862.0,0.0,0.0,1.0,1.0,1.0,3.66,1.83,0.17391304347826086,0.17391304347826086,30,4.155,0.715,6013.797878374802,0.0,743.637035024972,0.0,0.0,6757.434913399774,8244.708983449718,1.0,1.2,0.5285069861185717,8244.708983449718,0.0,1.0,120.27595756749605,4420.141440605479,0.0,557.727776268729,0.0,0.0,5068.07618504983,0.795369856,3.9768492799999997,,0.07366356285228999,0.07366356939661592,179.65920145155002,898.2960072577501,58.320692333630724,74.71867490221311,1.4509958576177786,1.7666266187503048,2.2633476167408593,-0.49672099799055447,0.5173576635064062,325.60336682605333,5567.918553981252,0.0,0.0,325.60336682605333,6311.555589006224,6311.555589006224,325.60336682605333,0.1808907593478074,325.60336682605333,716.3274070173173,7798.829659056169,7798.829659056169,17157.425249923574,8124.433025882222,8124.433025882222,17873.75265694089,0.6770360854901851,1.7498136832000002,8.749068416,0.7953698560000001,569.7452265682172,569.7452265682172,0.0,569.7452265682172,569.7452265682172,0.0,325.60336682605333,0.0,325.60336682605333,716.3274070173173,0.0,6757.434913399774,-0.21946297348076615,96.07443927890375
26,26,2025,2SB,2,SB,AM-Peak,2,Peak,AM,2.2,70,12000,1.6,5.0,75,1800,1,4,0.05,0.01,9309.0,0.0,1150.0,0.0,0.0,1.0,1.0,1.0,3.66,1.83,0.17391304347826086,0.17391304347826086,30,4.155,0.715,7630.987335410945,0.0,942.7044189196032,0.0,0.0,8573.691754330548,10459.100592169754,1.0,1.2,0.6704551661647279,10459.100592169754,0.0,1.0,152.6197467082189,5608.775691527044,0.0,707.0283141897024,0.0,0.0,6430.2688157479115,1.233788573,6.168942865,,0.14217608481389407,0.14217609741652373,137.06762225213123,685.3381112606562,45.41488454603055,69.59864132045551,1.525322664657884,1.8965887479358639,2.906536068944765,-1.0099473210089012,1.3985258430257572,797.4337684206564,6680.933820282069,0.0,0.0,797.4337684206564,7623.638239201672,15247.276478403344,797.4337684206564,0.443018760233698,1594.8675368413128,3508.7085810508884,9509.04707704088,19018.09415408176,41839.80713897987,10306.480845461536,20612.96169092307,45348.51572003076,0.8588734037884613,2.7143348606,13.571674303000002,1.233788573,2164.502276643815,2164.502276643815,0.0,4329.00455328763,4329.00455328763,0.0,1594.8675368413128,0.0,1594.8675368413128,3508.7085810508884,0.0,17147.383508661096,-0.347474552887819,73.29819371771725
27,27,2025,2SB,2,SB,AM-Shoulder,1,OP,AM,2.2,70,12000,1.6,5.0,75,1800,1,4,0.05,0.01,8274.0,0.0,1023.0,0.0,0.0,1.0,1.0,1.0,3.66,1.83,0.17391304347826086,0.17391304347826086,30,4.155,0.715,7277.959165559638,0.0,899.8491934212605,0.0,0.0,8177.808358980898,9977.506745823419,1.0,1.2,0.6395837657579114,9977.506745823419,0.0,1.0,145.55918331119275,5349.299986686334,0.0,674.8868950659453,0.0,0.0,6133.356269235674,0.683611767,3.418058835,,0.17391299787306988,0.17391264040067614,120.59223265411973,602.9611632705987,50.368864663694765,66.51118526664584,0.5499161296919214,1.984628592481205,2.6206665741096984,-0.6360379816284933,1.0068846351017158,930.3127972069931,6202.087185041451,0.0,0.0,930.3127972069931,7101.936378462712,7101.936378462712,930.3127972069931,0.516840442892774,930.3127972069931,2046.688153855385,8901.634765305233,8901.634765305233,19583.596483671514,9831.947562512225,9831.947562512225,21630.2846375269,0.8193289635426854,1.5039458874000002,7.5197294370000005,0.683611767,1399.1401053550476,1399.1401053550476,0.0,1399.1401053550476,1399.1401053550476,0.0,930.3127972069931,0.0,930.3127972069931,2046.688153855385,0.0,8177.808358980898,-0.24270084104253906,64.48782494872712
28,28,2025,2SB,2,SB,MD,5,OP,MD,2.2,70,12000,1.6,5.0,75,1800,1,4,0.05,0.01,7694.0,0.0,951.0,0.0,0.0,1.0,1.0,1.0,3.66,1.83,0.17391304347826086,0.17391304347826086,30,4.136,0.708,6407.0337610024735,0.0,791.9273598535681,0.0,0.0,7198.961120856042,8782.815840563177,1.0,1.2,0.5630010154207165,8782.815840563177,0.0,1.0,128.14067522004947,4709.1698143368185,0.0,593.945519890176,0.0,0.0,5399.220840642031,0.188471815,0.9423590749999999,,0.17391303750500434,0.17391302512640475,55.76338354361872,278.81691771809363,58.044113391614935,69.66017684127614,0.48389786200898677,1.8949133634955875,2.274132419069196,-0.3792190555736086,0.5321328426962274,818.9860265381934,5459.907059244231,0.0,0.0,818.9860265381934,6251.8344190978,31259.172095488997,818.9860265381934,0.454992236965663,4094.930132690967,9008.846291920128,7835.689138804935,39178.445694024675,86192.58052685429,8654.67516534313,43273.375826715645,95201.42681877442,0.7212229304452608,0.414637993,2.073189965,0.188471815,339.5827223388412,339.5827223388412,0.0,1697.913611694206,1697.913611694206,0.0,4094.930132690967,0.0,4094.930132690967,9008.846291920128,0.0,35994.805604280205,-0.16675328683314897,29.81999119979611
29,29,2025,2SB,2,SB,PM-Shoulder,1,OP,PM,2.2,70,12000,1.6,5.0,75,1800,1,4,0.05,0.01,5126.0,0.0,634.0,0.0,0.0,1.0,1.0,1.0,3.66,1.83,0.17391304347826086,0.17391304347826086,30,4.135,0.592,5242.508701253914,0.0,648.4101671078778,0.0,0.0,5890.918868361792,7187.739202577548,1.0,1.2,0.46075251298574027,7187.739202577548,0.0,1.0,104.85017402507829,3853.243895421627,0.0,486.3076253309083,0.0,0.0,4418.189151271345,0.186849115,0.934245575,,0.17391302703187017,0.17391290193784079,100.86727409234584,504.3363704617292,65.07854625273998,72.50850648458024,0.39631680030306493,1.8204760572205594,2.0283182031658007,-0.2078421459452413,0.19536736690857523,670.12930974485,4467.529217483986,0.0,0.0,670.12930974485,5115.939384591864,5115.939384591864,670.12930974485,0.37229406096936113,670.12930974485,1474.2844814386701,6412.75971880762,6412.75971880762,14108.071381376765,7082.889028552469,7082.889028552469,15582.355862815435,0.5902407523793725,0.41106805300000004,2.0553402650000003,0.186849115,275.4687506150495,275.4687506150495,0.0,275.4687506150495,275.4687506150495,0.0,670.12930974485,0.0,670.12930974485,1474.2844814386701,0.0,5890.918868361792,-0.10247018718307666,53.939718765960336
30,30,2025,2SB,2,SB,PM-Peak,3,Peak,PM,2.2,70,12000,1.6,5.0,75,1800,1,4,0.05,0.01,7001.0,0.0,865.0,0.0,0.0,1.0,1.0,1.0,3.66,1.83,0.17391304347826086,0.17391304347826086,30,4.135,0.592,2800.4,0.0,346.0,0.0,0.0,3146.4,3838.4,1.0,1.2,0.24605128205128204,3838.4,0.0,1.0,56.008,2058.2940000000003,0.0,259.5,0.0,0.0,2359.8,0.212310187,1.061550935,,0.039474007971984144,0.039474009865594815,176.8035234981339,884.0176174906695,69.66463379703887,74.99746431087003,1.3026307530213077,1.760059506183439,1.8947921320388927,-0.13473262585545376,0.01243664946471186,81.24911376468715,2663.142886235313,0.0,0.0,81.24911376468715,3009.142886235313,9027.42865870594,81.24911376468715,0.045138396535937306,243.74734129406147,536.2441508469353,3701.142886235313,11103.42865870594,24427.543049153068,3782.3920000000003,11347.176000000001,24963.787200000002,0.31519933333333333,0.46708241140000006,2.3354120570000005,0.212310187,37.950031981323015,37.950031981323015,0.0,113.85009594396905,113.85009594396905,0.0,243.74734129406147,0.0,243.74734129406147,536.2441508469353,0.0,9439.2,-0.07110681091464878,94.54733876905556
31,31,2025,2SB,2,SB,PM-Late,3,OP,PM,2.2,70,12000,1.6,5.0,75,1800,1,4,0.05,0.01,6368.0,0.0,787.0,0.0,0.0,1.0,1.0,1.0,3.66,1.83,0.17391304347826086,0.17391304347826086,30,4.135,0.592,2547.2000000000003,0.0,314.8,0.0,0.0,2862.0000000000005,3491.6000000000004,1.0,1.2,0.22382051282051285,3491.6000000000004,0.0,1.0,50.94400000000001,1872.1920000000002,0.0,236.10000000000002,0.0,0.0,2146.5000000000005,0.163716463,0.818582315,,0.08482765938577538,0.08482765948047737,140.89300611955088,704.4650305977543,69.81541244390145,74.98617189958982,0.0,1.7603245592634666,1.890699995592886,-0.1303754363294194,0.0068304225336826615,158.81366528077362,2337.442334719227,0.0,0.0,158.81366528077362,2652.242334719227,7956.727004157681,158.81366528077362,0.08822981404487423,476.44099584232083,1048.1701908531059,3281.842334719227,9845.52700415768,21660.159409146898,3440.6560000000004,10321.968,22708.329600000005,0.2867213333333334,0.36017621860000004,1.800881093,0.163716463,57.200905422835156,57.200905422835156,0.0,171.60271626850547,171.60271626850547,0.0,476.44099584232083,0.0,476.44099584232083,1048.1701908531059,0.0,8586.000000000002,-0.06895617318100021,75.34385353986677
32,32,2025,3NB,3,NB,Night,8,OP,NT,3.4,70,12000,1.6,6.5,75,1800,1,4,0.05,0.01,3349.0,0.0,414.0,0.0,0.0,1.0,1.0,1.0,3.66,1.83,0.17391304347826086,0.17391304347826086,30,4.103,0.708,2259.457276720329,0.0,279.3118281762366,0.0,0.0,2538.7691048965658,3097.392761249039,1.0,1.2,0.19855081802878455,3097.392761249039,0.0,1.0,45.18914553440658,1660.7010983894418,0.0,209.48387113217746,0.0,0.0,1904.0768286724242,0.117777617,0.588888085,,0.17391293994380574,0.17391289922144854,106.68366163878824,533.4183081939411,69.99109478949346,74.91118698301528,0.0,2.723224770770929,2.9146565089966696,-0.19143173822574067,0.0005079887540090208,288.81741038881523,1925.4507207971071,0.0,0.0,288.81741038881523,2204.7625489733437,17638.10039178675,288.81741038881523,0.16045411688267514,2310.539283110522,7855.8335625757745,2763.386205325817,22107.089642606537,75164.10478486223,3052.203615714632,24417.628925717057,83019.938347438,0.25435030130955266,0.4004438978,2.002219489,0.117777617,115.65516956859939,115.65516956859939,0.0,925.2413565487951,925.2413565487951,0.0,2310.539283110522,0.0,2310.539283110522,7855.8335625757745,0.0,20310.152839172526,-0.06567900458762409,36.914761812729495
33,33,2025,3NB,3,NB,AM-Early,1,OP,AM,3.4,70,12000,1.6,6.5,75,1800,1,4,0.05,0.01,3209.0,0.0,397.0,0.0,0.0,1.0,1.0,1.0,3.66,1.83,0.17391304347826086,0.17391304347826086,30,4.155,0.715,2258.9848570109466,0.0,279.46930141269735,0.0,0.0,2538.454158423644,3097.392761249039,1.0,1.2,0.19855081802878455,3097.392761249039,0.0,1.0,45.179697140218934,1660.3538699030455,0.0,209.601976059523,0.0,0.0,1903.840618817733,0.169543156,0.84771578,,0.11294160704294848,0.11294160703795093,151.5457735802021,757.7288679010106,69.9887888951854,74.97905618113451,0.0,2.7207597746652947,2.914752537088599,-0.1939927624233042,0.0006395472399523838,187.52303432682857,2026.2821255438992,0.0,0.0,187.52303432682857,2305.7514269565963,2305.7514269565963,187.52303432682857,0.10417946351490476,187.52303432682857,637.5783167112171,2864.690029781991,2864.690029781991,9739.946101258769,3052.2130641088197,3052.2130641088197,10377.524417969986,0.25435108867573497,0.5764467303999999,2.882233652,0.169543156,108.09704001238728,108.09704001238728,0.0,108.09704001238728,108.09704001238728,0.0,187.52303432682857,0.0,187.52303432682857,637.5783167112171,0.0,2538.454158423644,-0.06655548282567889,52.4379839377862
34,34,2025,3NB,3,NB,AM-Peak,2,Peak,AM,3.4,70,12000,1.6,6.5,75,1800,1,4,0.05,0.01,6617.0,0.0,818.0,0.0,0.0,1.0,1.0,1.0,3.66,1.83,0.17391304347826086,0.17391304347826086,30,4.155,0.715,2646.8,0.0,327.20000000000005,0.0,0.0,2974.0,3628.4000000000005,1.0,1.2,0.23258974358974363,3628.4000000000005,0.0,1.0,52.93600000000001,1945.3980000000001,0.0,245.40000000000003,0.0,0.0,2230.5,0.167837166,0.83918583,,0.11572571846693665,0.11572571852217439,149.9930947655333,749.9654738276665,69.96897784903223,74.95730945951361,0.0,2.721549125374967,2.915577821361894,-0.19402869598692707,0.0017701866943664202,225.13258125414163,2368.7314187458583,0.0,0.0,225.13258125414163,2695.9314187458585,5391.862837491717,225.13258125414163,0.1250736562523009,450.26516250828325,1530.901552528163,3350.331418745858,6700.662837491716,22782.253647471836,3575.464,7150.928,24313.1552,0.29795533333333335,0.5706463644,2.853231822,0.16783716599999998,128.4710890006635,128.4710890006635,0.0,256.942178001327,256.942178001327,0.0,450.26516250828325,0.0,450.26516250828325,1530.901552528163,0.0,5948.0,-0.06654896829208778,51.90072483236446
35,35,2025,3NB,3,NB,AM-Shoulder,1,OP,AM,3.4,70,12000,1.6,6.5,75,1800,1,4,0.05,0.01,7565.0,0.0,935.0,0.0,0.0,1.0,1.0,1.0,3.66,1.83,0.17391304347826086,0.17391304347826086,30,4.155,0.715,3026.0,0.0,374.0,0.0,0.0,3400.0,4148.0,1.0,1.2,0.2658974358974359,4148.0,0.0,1.0,60.52,2224.11,0.0,280.5,0.0,0.0,2550.0,0.174664118,0.8733205900000001,,0.10703343749678416,0.10703343762645376,154.9897366716102,774.948683358051,69.92358556442774,74.94326496310424,0.8701513935968862,2.7220591483495205,2.9174705266227225,-0.1954113782732021,0.004363192901701369,238.05413867097263,2727.425861329027,0.0,0.0,238.05413867097263,3101.425861329027,3101.425861329027,238.05413867097263,0.13225229926165147,238.05413867097263,809.3840714813069,3849.425861329027,3849.425861329027,13088.047928518692,4087.4799999999996,4087.4799999999996,13897.431999999999,0.3406233333333333,0.5938580012,2.969290006,0.17466411800000003,141.37035496853142,141.37035496853142,0.0,141.37035496853142,141.37035496853142,0.0,238.05413867097263,0.0,238.05413867097263,809.3840714813069,0.0,3400.0,-0.06697972661249511,53.629666668377226
36,36,2025,3NB,3,NB,MD,5,OP,MD,3.4,70,12000,1.6,6.5,75,1800,1,4,0.05,0.01,7925.0,0.0,980.0,0.0,0.0,1.0,1.0,1.0,3.66,1.83,0.17391304347826086,0.17391304347826086,30,4.136,0.708,6421.98024983041,0.0,794.1376207992179,0.0,0.0,7216.117870629628,8804.393112228063,1.0,1.2,0.5643841738607732,8804.393112228063,0.0,1.0,128.4396049966082,4720.155483625351,0.0,595.6032155994134,0.0,0.0,5412.088402972221,0.415252552,2.07626276,,0.12743140855139068,0.12743142412009187,140.06981104607283,700.3490552303642,61.6757769440272,73.02520904718834,1.5126188696670604,2.7935558509415115,3.3076194595025,-0.5140636085609884,0.5388672309469963,601.4960618599491,5692.044582973853,0.0,0.0,601.4960618599491,6486.182203773071,32430.911018865354,601.4960618599491,0.33416447881108285,3007.4803092997454,10225.433051619135,8074.457445371507,40372.28722685753,137265.7765713156,8675.953507231456,43379.76753615728,147491.20962293472,0.7229961256026213,1.4118586767999999,7.059293384,0.415252552,849.2274339979987,849.2274339979987,0.0,4246.137169989994,4246.137169989994,0.0,3007.4803092997454,0.0,3007.4803092997454,10225.433051619135,0.0,36080.58935314814,-0.15541800223847663,48.46706264569994
37,37,2025,3NB,3,NB,PM-Shoulder,1,OP,PM,3.4,70,12000,1.6,6.5,75,1800,1,4,0.05,0.01,8604.0,0.0,1063.0,0.0,0.0,1.0,1.0,1.0,3.66,1.83,0.17391304347826086,0.17391304347826086,30,4.135,0.592,8341.204328434646,0.0,1030.532333929106,0.0,0.0,9371.736662363752,11432.801330221962,1.0,1.2,0.7328718801424335,11432.801330221962,0.0,1.0,166.8240865686929,6130.785181399464,0.0,772.8992504468295,0.0,0.0,7028.802496772814,1.419297409,7.096487045,,0.13395781832287482,0.1339578381414026,120.40513575498603,602.0256787749303,40.71070950843658,68.7567258780339,1.8243327544260424,2.966982464550032,5.010966462221067,-2.0439839976710346,2.8724526246714337,821.2666075064825,7353.11363435947,0.0,0.0,821.2666075064825,8383.645968288576,8383.645968288576,821.2666075064825,0.4562592263924903,821.2666075064825,2792.3064655220405,10444.710636146789,10444.710636146789,35512.01616289908,11265.977243653271,11265.977243653271,38304.32262842113,0.9388314369711059,4.825611190599999,24.128055953,1.419297409,3963.1133316493792,3963.1133316493792,0.0,3963.1133316493792,3963.1133316493792,0.0,821.2666075064825,0.0,821.2666075064825,2792.3064655220405,0.0,9371.736662363752,-0.4079021508288157,41.66267673182908
38,38,2025,3NB,3,NB,PM-Peak,3,Peak,PM,3.4,70,12000,1.6,6.5,75,1800,1,4,0.05,0.01,7495.0,0.0,926.0,0.0,0.0,1.0,1.0,1.0,3.66,1.83,0.17391304347826086,0.17391304347826086,30,4.135,0.592,8650.057730999113,0.0,1068.7062653642665,0.0,0.0,9718.76399636338,11856.176527091913,1.0,1.2,0.7600113158392252,11856.176527091913,0.0,1.0,173.00115461998226,6357.792432284348,0.0,801.5296990231999,0.0,0.0,7289.072997272535,1.202351064,6.01175532,,0.16899438142374615,0.16899437643405144,110.19183256769021,550.959162838451,38.935411594523934,60.94275856869311,1.746416824707453,3.347403445317567,5.239446345770531,-1.8920429004529642,3.1854700651342,1074.431199314468,7402.625377064664,0.0,0.0,1074.431199314468,8471.33164242893,25413.99492728679,1074.431199314468,0.5969062218413711,3223.2935979434037,10959.198233007572,10608.744173157464,31826.23251947239,108209.19056620612,11683.175372471931,35049.52611741579,119168.38879921369,0.9735979477059943,4.0879936176,20.439968087999997,1.202351064,4392.267885347857,4392.267885347857,0.0,13176.803656043572,13176.803656043572,0.0,3223.2935979434037,0.0,3223.2935979434037,10959.198233007572,0.0,29156.29198909014,-0.3611150445276129,38.128661788128106
39,39,2025,3NB,3,NB,PM-Late,3,OP,PM,3.4,70,12000,1.6,6.5,75,1800,1,4,0.05,0.01,7734.0,0.0,956.0,0.0,0.0,1.0,1.0,1.0,3.66,1.83,0.17391304347826086,0.17391304347826086,30,4.135,0.592,6774.237453435951,0.0,837.3637193541206,0.0,0.0,7611.601172790071,9286.328611498313,1.0,1.2,0.5952774750960457,9286.328611498313,0.0,1.0,135.48474906871903,4979.064528275424,0.0,628.0227895155904,0.0,0.0,5708.700879592554,0.187399184,0.93699592,,0.17391304202994526,0.17391301089137923,81.2403507697757,406.2017538488785,60.34509481113555,68.4432782094848,0.7907694168881967,2.980570266894812,3.3805564584572605,-0.3999861915624483,0.6387909195150187,865.9242585757734,5772.828445791458,0.0,0.0,865.9242585757734,6610.192165145579,19830.576495436737,865.9242585757734,0.4810690325420963,2597.77277572732,8832.427437472888,8284.91960385382,24854.758811561456,84506.17995930895,9150.843862429592,27452.531587288777,93338.60739678184,0.7625703218691327,0.6371572256,3.1857861279999997,0.187399184,551.7298981738768,551.7298981738768,0.0,1655.1896945216304,1655.1896945216304,0.0,2597.77277572732,0.0,2597.77277572732,8832.427437472888,0.0,22834.803518370216,-0.1183196306518675,28.110848017223425
40,40,2025,3SB,3,SB,Night,8,OP,NT,3.4,70,12000,1.6,5.0,75,1800,1,4,0.05,0.01,2688.0,0.0,332.0,0.0,0.0,1.0,1.0,1.0,3.66,1.83,0.17391304347826086,0.17391304347826086,30,4.103,0.708,1469.6766693030193,0.0,181.5225648097479,0.0,0.0,1651.199234112767,2014.244363732263,1.0,1.2,0.12911822844437584,2014.244363732263,0.0,1.0,29.393533386060387,1080.2123519377192,0.0,136.14192360731093,0.0,0.0,1238.3994255845753,0.147646003,0.738230015,,0.1361608754532934,0.1361608754365178,131.65618650338465,658.2809325169231,69.98978688833546,74.99307091925048,0.0,2.7202513178805408,2.914710975266575,-0.1944596573860342,0.0005826075437796845,147.08265951530092,1293.2004764016579,0.0,0.0,147.08265951530092,1474.7230412114059,11797.784329691247,147.08265951530092,0.08171258861961161,1176.6612761224073,4000.648338816185,1837.7681708309015,14702.145366647212,49987.29424660052,1984.8508303462024,15878.80664276962,53987.942585416706,0.16540423586218353,0.5019964102,2.5099820509999997,0.147646003,73.83496707934992,73.83496707934992,0.0,590.6797366347994,590.6797366347994,0.0,1176.6612761224073,0.0,1176.6612761224073,4000.648338816185,0.0,13209.593872902136,-0.0667166175432709,45.55577387660368
41,41,2025,3SB,3,SB,AM-Early,1,OP,AM,3.4,70,12000,1.6,5.0,75,1800,1,4,0.05,0.01,7250.0,0.0,896.0,0.0,0.0,1.0,1.0,1.0,3.66,1.83,0.17391304347826086,0.17391304347826086,30,4.155,0.715,6732.042089488811,0.0,831.9875465078586,0.0,0.0,7564.02963599667,9228.004729012388,1.0,1.2,0.5915387646802812,9228.004729012388,0.0,1.0,134.64084178977623,4948.050935774276,0.0,623.990659880894,0.0,0.0,5673.022226997502,0.795369856,3.9768492799999997,,0.130768848904055,0.13076886185899833,142.27705637706444,711.385281885322,53.88131070827168,72.4240642661765,1.5275861619722906,2.8167433306455867,3.786099434449775,-0.9693561038041882,1.1943847966247636,647.0509251898342,5950.350322509201,0.0,0.0,647.0509251898342,6782.337869017059,6782.337869017059,647.0509251898342,0.35947273621657455,647.0509251898342,2199.973145645436,8446.312962032776,8446.312962032776,28717.46407091144,9093.363887222611,9093.363887222611,30917.437216556875,0.7577803239352175,2.7042575103999997,13.521287551999999,0.7953698560000001,1749.7923240558775,1749.7923240558775,0.0,1749.7923240558775,1749.7923240558775,0.0,647.0509251898342,0.0,647.0509251898342,2199.973145645436,0.0,7564.02963599667,-0.25603028145114276,49.23081535538561
42,42,2025,3SB,3,SB,AM-Peak,2,Peak,AM,3.4,70,12000,1.6,5.0,75,1800,1,4,0.05,0.01,9681.0,0.0,1197.0,0.0,0.0,1.0,1.0,1.0,3.66,1.83,0.17391304347826086,0.17391304347826086,30,4.155,0.715,8190.1868182379985,0.0,1012.6695198255226,0.0,0.0,9202.85633806352,11228.195377714566,1.0,1.2,0.719756113956062,11228.195377714566,0.0,1.0,163.80373636475997,6019.787311404929,0.0,759.502139869142,0.0,0.0,6902.14225354764,1.233788573,6.168942865,,0.17265298643406748,0.1726527826047711,125.18208821055707,625.9104410527854,41.03019599126175,62.52057180318202,1.535624991774244,3.2629260116526524,4.97194797810486,-1.709021966452208,2.8189973014322307,1039.3342570119667,6987.048824861272,0.0,0.0,1039.3342570119667,7999.718344686795,15999.43668937359,1039.3342570119667,0.5774079205622037,2078.6685140239333,7067.472947681373,10025.05738433784,20050.11476867568,68170.39021349732,11064.391641349808,22128.783282699616,75237.86316117868,0.9220326367791507,4.1948811481999995,20.974405740999998,1.233788573,4359.883681417952,4359.883681417952,0.0,8719.767362835904,8719.767362835904,0.0,2078.6685140239333,0.0,2078.6685140239333,7067.472947681373,0.0,18405.71267612704,-0.34373287371032185,43.315601456940165
43,43,2025,3SB,3,SB,AM-Shoulder,1,OP,AM,3.4,70,12000,1.6,5.0,75,1800,1,4,0.05,0.01,8605.0,0.0,1064.0,0.0,0.0,1.0,1.0,1.0,3.66,1.83,0.17391304347826086,0.17391304347826086,30,4.155,0.715,7785.225297680508,0.0,962.6356440130228,0.0,0.0,8747.86094169353,10673.132229719577,1.0,1.2,0.6841751429307421,10673.132229719577,0.0,1.0,155.70450595361018,5722.140593795173,0.0,721.976733009767,0.0,0.0,6560.895706270148,0.683611767,3.418058835,,0.17391293077291206,0.1739127148260091,89.07650483811436,445.38252419057176,45.28018945826459,64.26138754009622,0.9091991420044184,3.174534628165524,4.505281502588009,-1.3307468744224846,2.1796642299741444,995.1542409615698,6634.366550765329,0.0,0.0,995.1542409615698,7597.002194778352,7597.002194778352,995.1542409615698,0.5528634672008721,995.1542409615698,3383.524419269337,9522.273482804398,9522.273482804398,32375.72984153495,10517.427723765968,10517.427723765968,35759.254260804286,0.8764523103138306,2.3242800078,11.621400039,0.683611767,2313.017106944361,2313.017106944361,0.0,2313.017106944361,2313.017106944361,0.0,995.1542409615698,0.0,995.1542409615698,3383.524419269337,0.0,8747.86094169353,-0.2953748558570762,30.822320013188357
44,44,2025,3SB,3,SB,MD,5,OP,MD,3.4,70,12000,1.6,5.0,75,1800,1,4,0.05,0.01,8002.0,0.0,989.0,0.0,0.0,1.0,1.0,1.0,3.66,1.83,0.17391304347826086,0.17391304347826086,30,4.136,0.708,6014.866928953372,0.0,743.4020735734672,0.0,0.0,6758.269002526839,8245.073149673774,1.0,1.2,0.5285303301072932,8245.073149673774,0.0,1.0,120.29733857906744,4420.927192780729,0.0,557.5515551801004,0.0,0.0,5068.70175189513,0.188471815,0.9423590749999999,,0.1739130327380824,0.1739130214629848,69.5323188342451,347.6615941712255,60.859839127231055,70.78534840632832,0.7019964886459993,2.8819523332566104,3.3519641675937732,-0.47001183433716287,0.5996194810320408,768.8568556107535,5125.7127347635505,0.0,0.0,768.8568556107535,5869.114808337018,29345.57404168509,768.8568556107535,0.4271426975615297,3844.2842780537676,13070.56654538281,7355.918955483952,36779.59477741976,125050.62224322719,8124.775811094706,40623.87905547353,138121.18878861,0.6770646509245588,0.640804171,3.2040208549999996,0.188471815,492.6866799773156,492.6866799773156,0.0,2463.4333998865777,2463.4333998865777,0.0,3844.2842780537676,0.0,3844.2842780537676,13070.56654538281,0.0,33791.3450126342,-0.14021982659634563,24.05962589420246
45,45,2025,3SB,3,SB,PM-Shoulder,1,OP,PM,3.4,70,12000,1.6,5.0,75,1800,1,4,0.05,0.01,5331.0,0.0,659.0,0.0,0.0,1.0,1.0,1.0,3.66,1.83,0.17391304347826086,0.17391304347826086,30,4.135,0.592,5610.539192624803,0.0,693.5556795985266,0.0,0.0,6304.09487222333,7691.206231420383,1.0,1.2,0.49302604047566556,7691.206231420383,0.0,1.0,112.21078385249606,4123.74630657923,0.0,520.1667596988949,0.0,0.0,4728.071154167497,0.186849115,0.934245575,,0.17391303604411712,0.17391299760290244,85.07633665806964,425.38168329034824,63.28655835094954,71.76520636791919,0.6549787949502547,2.8426031265645886,3.2234333058330895,-0.38083017926850093,0.42353220041990397,717.1732400529085,4781.155168719399,0.0,0.0,717.1732400529085,5474.710848317925,5474.710848317925,717.1732400529085,0.39842957780717136,717.1732400529085,2438.3890161798886,6861.822207514979,6861.822207514979,23330.195505550928,7578.995447567887,7578.995447567887,25768.584521730816,0.6315829539639906,0.635286991,3.176434955,0.186849115,455.6108296989329,455.6108296989329,0.0,455.6108296989329,455.6108296989329,0.0,717.1732400529085,0.0,717.1732400529085,2438.3890161798886,0.0,6304.09487222333,-0.11814427138273803,29.43817877441856
46,46,2025,3SB,3,SB,PM-Peak,3,Peak,PM,3.4,70,12000,1.6,5.0,75,1800,1,4,0.05,0.01,7281.0,0.0,900.0,0.0,0.0,1.0,1.0,1.0,3.66,1.83,0.17391304347826086,0.17391304347826086,30,4.135,0.592,5314.091922287379,0.0,656.8716838426922,0.0,0.0,5970.963606130072,7284.706973815455,1.0,1.2,0.46696839575740096,7284.706973815455,0.0,1.0,106.28183844574758,3905.857562881223,0.0,492.6537628820191,0.0,0.0,4478.222704597554,0.212310187,1.061550935,,0.17195324808790322,0.17195313134347898,109.43306337823998,547.1653168912,64.73529042652056,72.47192531207234,1.0108180116824719,2.814883130557838,3.151295045652964,-0.3364119150951259,0.3247027839731324,671.624894506128,4536.185189335503,0.0,0.0,671.624894506128,5193.056873178195,15579.170619534585,671.624894506128,0.37312494139229335,2014.8746835183842,6850.573923962506,6506.80024086358,19520.40072259074,66369.36245680852,7178.425135369708,21535.275406109125,73219.93638077103,0.5982020946141423,0.7218546358,3.609273179,0.212310187,484.81554361793445,484.81554361793445,0.0,1454.4466308538033,1454.4466308538033,0.0,2014.8746835183842,0.0,2014.8746835183842,6850.573923962506,0.0,17912.890818390217,-0.10675354424816154,37.86611189558477
47,47,2025,3SB,3,SB,PM-Late,3,OP,PM,3.4,70,12000,1.6,5.0,75,1800,1,4,0.05,0.01,6623.0,0.0,819.0,0.0,0.0,1.0,1.0,1.0,3.66,1.83,0.17391304347826086,0.17391304347826086,30,4.135,0.592,2649.2000000000003,0.0,327.6,0.0,0.0,2976.8,3632.0000000000005,1.0,1.2,0.23282051282051286,3632.0000000000005,0.0,1.0,52.98400000000001,1947.1620000000003,0.0,245.70000000000002,0.0,0.0,2232.6000000000004,0.163716463,0.818582315,,0.08679112905274908,0.08679113057454502,139.85183627864896,699.2591813932447,69.77654609785145,74.98265680001603,0.0,2.7206291255334176,2.9236184851270752,-0.2029893595936576,0.012785896052665006,168.996388428609,2427.2196115713914,0.0,0.0,168.996388428609,2754.8196115713913,8264.458834714174,168.996388428609,0.09388688246033834,506.989165285827,1723.7631619718118,3410.0196115713916,10230.058834714175,34782.20003802819,3579.0160000000005,10737.048000000003,36505.9632,0.29825133333333337,0.5566359742,2.7831798709999997,0.163716463,94.06946930924038,94.06946930924038,0.0,282.2084079277211,282.2084079277211,0.0,506.989165285827,0.0,506.989165285827,1723.7631619718118,0.0,8930.400000000001,-0.06943086474049115,48.391638850743576
48,48,2025,4NB,4,NB,Night,8,OP,NT,4.4,70,12000,1.6,6.5,75,1800,1,4,0.05,0.01,3091.0,0.0,382.0,0.0,0.0,1.0,1.0,1.0,3.66,1.83,0.17391304347826086,0.17391304347826086,30,4.103,0.708,2259.6273365637903,0.0,279.25514156174955,0.0,0.0,2538.88247812554,3097.392761249039,1.0,1.2,0.19855081802878455,3097.392761249039,0.0,1.0,45.192546731275804,1660.826092374386,0.0,209.44135617131218,0.0,0.0,1904.1618585941549,0.117777617,0.588888085,,0.1739129399446132,0.17391289919619854,106.68421315232398,533.42106576162,69.99109523744188,74.91116027334232,0.0,3.5241744893109916,3.771908399266949,-0.24773390995595745,0.000657364138577719,288.83914846155324,1925.5956413709614,0.0,0.0,288.83914846155324,2204.850782932711,17638.806263461687,288.83914846155324,0.1604661935897518,2310.713187692426,10167.138025846674,2763.36106605621,22106.88852844968,97270.3095251786,3052.200214517763,24417.601716142104,107437.44755102528,0.25435001787648026,0.5182215148,2.591107574,0.117777617,149.6826610492882,149.6826610492882,0.0,1197.4612883943057,1197.4612883943057,0.0,2310.713187692426,0.0,2310.713187692426,10167.138025846674,0.0,20311.05982500432,-0.06567866547451238,28.525190682439565
49,49,2025,4NB,4,NB,AM-Early,1,OP,AM,4.4,70,12000,1.6,6.5,75,1800,1,4,0.05,0.01,2962.0,0.0,366.0,0.0,0.0,1.0,1.0,1.0,3.66,1.83,0.17391304347826086,0.17391304347826086,30,4.155,0.715,2259.7234873940033,0.0,279.22309128501183,0.0,0.0,2538.946578679015,3097.392761249039,1.0,1.2,0.19855081802878455,3097.392761249039,0.0,1.0,45.19446974788007,1660.8967632345923,0.0,209.41731846375887,0.0,0.0,1904.2099340092614,0.169543156,0.84771578,,0.11294019109919198,0.11294019109419878,151.54657425580217,757.732871279011,69.98879037149617,74.97902963021217,0.0,3.52098448462213,3.772032615490343,-0.2510481308682131,0.0008275403646271489,187.5819978357443,2026.9470198103788,0.0,0.0,187.5819978357443,2306.170111095391,2306.170111095391,187.5819978357443,0.10421222101985794,187.5819978357443,825.3607904772749,2864.6162936654146,2864.6162936654146,12604.311692127825,3052.198291501159,3052.198291501159,13429.6724826051,0.2543498576250966,0.7459898864000001,3.7299494320000006,0.169543156,139.93427325617193,139.93427325617193,0.0,139.93427325617193,139.93427325617193,0.0,187.5819978357443,0.0,187.5819978357443,825.3607904772749,0.0,2538.946578679015,-0.06655513259277009,40.520474399947105
50,50,2025,4NB,4,NB,AM-Peak,2,Peak,AM,4.4,70,12000,1.6,6.5,75,1800,1,4,0.05,0.01,6108.0,0.0,755.0,0.0,0.0,1.0,1.0,1.0,3.66,1.83,0.17391304347826086,0.17391304347826086,30,4.155,0.715,2443.2000000000003,0.0,302.0,0.0,0.0,2745.2000000000003,3349.2000000000003,1.0,1.2,0.2146923076923077,3349.2000000000003,0.0,1.0,48.864000000000004,1795.7520000000002,0.0,226.5,0.0,0.0,2058.9,0.167837166,0.83918583,,0.11559184585903973,0.11559184588510912,150.06678018582156,750.3339009291077,69.98155284761381,74.96911668924457,0.0,3.5214500538176234,3.7724227208113703,-0.2509726669937469,0.0013619846544343649,207.57428838506232,2186.761711614938,0.0,0.0,207.57428838506232,2488.761711614938,4977.523423229876,207.57428838506232,0.1153190491028124,415.14857677012463,1826.6537377885486,3092.761711614938,6185.523423229876,27216.303062211457,3300.3360000000002,6600.6720000000005,29042.956800000004,0.275028,0.7384835304000001,3.6924176520000005,0.167837166,153.29019330686856,153.29019330686856,0.0,306.5803866137371,306.5803866137371,0.0,415.14857677012463,0.0,415.14857677012463,1826.6537377885486,0.0,5490.400000000001,-0.0665282460550359,40.12480753631592
51,51,2025,4NB,4,NB,AM-Shoulder,1,OP,AM,4.4,70,12000,1.6,6.5,75,1800,1,4,0.05,0.01,6983.0,0.0,863.0,0.0,0.0,1.0,1.0,1.0,3.66,1.83,0.17391304347826086,0.17391304347826086,30,4.155,0.715,2793.2000000000003,0.0,345.20000000000005,0.0,0.0,3138.4000000000005,3828.8,1.0,1.2,0.24543589743589744,3828.8,0.0,1.0,55.864000000000004,2053.0020000000004,0.0,258.90000000000003,0.0,0.0,2353.8,0.174664118,0.8733205900000001,,0.10613443766552119,0.10613443770526641,155.5326748792122,777.663374396061,69.95442128530486,74.9598941641346,1.0476992740011348,3.5218833076516503,3.773885840943377,-0.25200253329172684,0.003366459235283443,217.89421279619037,2519.44178720381,0.0,0.0,217.89421279619037,2864.64178720381,2864.64178720381,217.89421279619037,0.12105234044232799,217.89421279619037,958.7345363032377,3555.0417872038097,3555.0417872038097,15642.183863696764,3772.936,3772.936,16600.918400000002,0.3144113333333333,0.7685221192000001,3.8426105960000005,0.174664118,167.456522179544,167.456522179544,0.0,167.456522179544,167.456522179544,0.0,217.89421279619037,0.0,217.89421279619037,958.7345363032377,0.0,3138.4000000000005,-0.06677534613202092,41.586276705671715
52,52,2025,4NB,4,NB,MD,5,OP,MD,4.4,70,12000,1.6,6.5,75,1800,1,4,0.05,0.01,7316.0,0.0,904.0,0.0,0.0,1.0,1.0,1.0,3.66,1.83,0.17391304347826086,0.17391304347826086,30,4.136,0.708,4811.04790260831,0.0,594.4761213720493,0.0,0.0,5405.52402398036,6594.476266724458,1.0,1.2,0.42272283761054213,6594.476266724458,0.0,1.0,96.22095805216621,3536.120208417108,0.0,445.85709102903695,0.0,0.0,4054.1430179852696,0.415252552,2.07626276,,0.023400369923941167,0.02340038277470506,255.58986185809965,1277.9493092904984,67.95501655250266,74.99267132798543,3.1202530884336364,3.520343992620005,3.884922900372355,-0.36457890775235,0.15548723065298364,82.74652097248428,4632.08042358366,0.0,0.0,82.74652097248428,5226.55654495571,26132.78272477855,82.74652097248428,0.04597028942915793,413.7326048624214,1820.4234613946544,6415.508787699808,32077.54393849904,141141.19332939578,6498.255308672292,32491.27654336146,142961.61679079043,0.541521275722691,1.8271112288000002,9.135556144,0.415252552,151.18709761296074,151.18709761296074,0.0,755.9354880648037,755.9354880648037,0.0,413.7326048624214,0.0,413.7326048624214,1820.4234613946544,0.0,27027.6201199018,-0.09384456708713744,68.33953525617638
53,53,2025,4NB,4,NB,PM-Shoulder,1,OP,PM,4.4,70,12000,1.6,6.5,75,1800,1,4,0.05,0.01,7941.0,0.0,982.0,0.0,0.0,1.0,1.0,1.0,3.66,1.83,0.17391304347826086,0.17391304347826086,30,4.135,0.592,6887.834743723296,0.0,851.7634703861323,0.0,0.0,7739.598214109428,9443.125154881693,1.0,1.2,0.6053285355693393,9443.125154881693,0.0,1.0,137.75669487446592,5062.558536636622,0.0,638.8226027895993,0.0,0.0,5804.698660582071,1.419297409,7.096487045,,0.0168174231284986,0.016817436301961752,219.78677425664344,1098.933871283217,53.119615398070735,74.98236898432299,4.618247865169608,3.5208276769062343,4.969915501488896,-1.4490878245826617,1.6419270941826447,85.13918902341075,6664.938859825419,0.0,0.0,85.13918902341075,7516.702330211551,7516.702330211551,85.13918902341075,0.047299549457450414,85.13918902341075,374.61243170300736,9220.229270983817,9220.229270983817,40569.008792328794,9305.368460007227,9305.368460007227,40943.6212240318,0.7754473716672688,6.2449085996,31.224542998000004,1.419297409,531.6864536952678,531.6864536952678,0.0,531.6864536952678,531.6864536952678,0.0,85.13918902341075,0.0,85.13918902341075,374.61243170300736,0.0,7739.598214109428,-0.291571923938856,58.76651718092071
54,54,2025,4NB,4,NB,PM-Peak,3,Peak,PM,4.4,70,12000,1.6,6.5,75,1800,1,4,0.05,0.01,6919.0,0.0,855.0,0.0,0.0,1.0,1.0,1.0,3.66,1.83,0.17391304347826086,0.17391304347826086,30,4.135,0.592,7075.625486013744,0.0,874.3546452582383,0.0,0.0,7949.980131271983,9698.689421788458,1.0,1.2,0.621710860371055,9698.689421788458,0.0,1.0,141.5125097202749,5200.5847322201025,0.0,655.7659839436787,0.0,0.0,5962.485098453987,1.202351064,6.01175532,,0.04183310055837163,0.04183310753142806,173.9974988498677,869.9874942493386,52.00725825284269,74.88142416877562,6.496727305889967,3.525573971522885,5.076214529835744,-1.5506405583128595,1.787556763017828,217.55658406529577,6716.5563922281735,0.0,0.0,217.55658406529577,7590.911037486412,22772.73311245924,217.55658406529577,0.12086476892516432,652.6697521958873,2871.7469096619043,9339.62032800289,28018.86098400867,123282.98832963814,9557.176912068186,28671.530736204557,126154.73523930005,0.7964314093390155,5.2903446816,26.451723408000003,1.202351064,1150.9493174569006,1150.9493174569006,0.0,3452.847952370702,3452.847952370702,0.0,652.6697521958873,0.0,652.6697521958873,2871.7469096619043,0.0,23849.94039381595,-0.3054718332329889,46.52339541440313
55,55,2025,4NB,4,NB,PM-Late,3,OP,PM,4.4,70,12000,1.6,6.5,75,1800,1,4,0.05,0.01,7138.0,0.0,882.0,0.0,0.0,1.0,1.0,1.0,3.66,1.83,0.17391304347826086,0.17391304347826086,30,4.135,0.592,4762.437002652254,0.0,588.4658778844617,0.0,0.0,5350.902880536715,6527.834636305639,1.0,1.2,0.41845093822472046,6527.834636305639,0.0,1.0,95.24874005304508,3500.3911969494065,0.0,441.3494084133463,0.0,0.0,4013.177160402536,0.187399184,0.93699592,,0.10208986975774824,0.10208987397599312,132.5131546424854,662.5657732124271,68.5462201857211,74.70138665924945,1.8498335358718156,3.5340709430768213,3.851415866326558,-0.3173449232497365,0.10958259401024133,357.35448139773337,4309.833781201475,0.0,0.0,357.35448139773337,4898.299659085937,14694.89897725781,357.35448139773337,0.1985302674431852,1072.0634441932002,4717.079154450082,6075.23141485486,18225.69424456458,80193.05467608415,6432.585896252594,19297.75768875778,84910.13383053424,0.5360488246877161,0.8245564096000001,4.122782048,0.18739918399999997,294.65892813578506,294.65892813578506,0.0,883.9767844073551,883.9767844073551,0.0,1072.0634441932002,0.0,1072.0634441932002,4717.079154450082,0.0,16052.708641610145,-0.0823969506965803,35.43132477071802
56,56,2025,4SB,4,SB,Night,8,OP,NT,4.4,70,12000,1.6,5.0,75,1800,1,4,0.05,0.01,2482.0,0.0,307.0,0.0,0.0,1.0,1.0,1.0,3.66,1.83,0.17391304347826086,0.17391304347826086,30,4.103,0.708,1469.1021189490089,0.0,181.7140815944181,0.0,0.0,1650.816200543427,2014.244363732263,1.0,1.2,0.12911822844437584,2014.244363732263,0.0,1.0,29.382042378980177,1079.7900574275213,0.0,136.28556119581359,0.0,0.0,1238.1121504075702,0.147646003,0.738230015,,0.13616159396791644,0.1361615939511618,131.65587983829508,658.2793991914755,69.98978533710215,74.99308162552713,0.0,3.5203247323301916,3.771978992769556,-0.25165426043936456,0.0007540772371492213,147.02593537003932,1292.6941411999892,0.0,0.0,147.02593537003932,1474.4082227944073,11795.265782355258,147.02593537003932,0.0816810752055774,1176.2074829603146,5175.312925025384,1837.8363859832434,14702.691087865947,64691.84078661018,1984.8623213532828,15878.898570826263,69867.15371163556,0.1654051934461069,0.6496424132,3.2482120660000002,0.147646003,95.51428345677958,95.51428345677958,0.0,764.1142676542366,764.1142676542366,0.0,1176.2074829603146,0.0,1176.2074829603146,5175.312925025384,0.0,13206.529604347415,-0.06671677146711485,35.202106908635045
57,57,2025,4SB,4,SB,AM-Early,1,OP,AM,4.4,70,12000,1.6,5.0,75,1800,1,4,0.05,0.01,6693.0,0.0,827.0,0.0,0.0,1.0,1.0,1.0,3.66,1.83,0.17391304347826086,0.17391304347826086,30,4.155,0.715,8031.599999999999,0.0,992.4,0.0,0.0,9024.0,11008.8,1.0,1.2,0.7056923076923076,11008.8,0.0,1.0,160.632,5903.226,0.0,744.3,0.0,0.0,6768.0,0.795369856,3.9768492799999997,,0.17391296190151764,0.1739127623877191,89.75130204915385,448.7565102457692,42.75366467925088,63.06296957742525,1.2126140059766353,4.186291920108128,6.1749092617111705,-1.9886173416030424,3.292768545687161,1026.6475184340484,6844.320481565952,0.0,0.0,1026.6475184340484,7836.720481565952,7836.720481565952,1026.6475184340484,0.5703597324633602,1026.6475184340484,4517.249081109813,9821.520481565953,9821.520481565953,43214.6901188902,10848.168000000001,10848.168000000001,47731.93920000001,0.9040140000000001,3.4996273664000004,17.498136832,0.795369856,3592.8837511584447,3592.8837511584447,0.0,3592.8837511584447,3592.8837511584447,0.0,1026.6475184340484,0.0,1026.6475184340484,4517.249081109813,0.0,9024.0,-0.322048026508484,23.99767434469354
58,58,2025,4SB,4,SB,AM-Peak,2,Peak,AM,4.4,70,12000,1.6,5.0,75,1800,1,4,0.05,0.01,8936.0,0.0,1104.0,0.0,0.0,1.0,1.0,1.0,3.66,1.83,0.17391304347826086,0.17391304347826086,30,4.155,0.715,10157.470189192063,0.0,1254.90679150269,0.0,0.0,11412.376980694753,13922.190563700133,1.0,1.2,0.8924481130577008,13922.190563700133,0.0,1.0,203.14940378384128,7465.740589056166,0.0,941.1800936270176,0.0,0.0,8559.282735521065,1.233788573,6.168942865,,0.17391303710820352,0.17391303044468184,43.79772651987319,218.98863259936593,22.865278797288315,50.531070367935456,2.3957457189766243,5.224508368370552,11.545890270592668,-6.321381902222116,10.651012527854817,1298.3896201047462,8655.931165303475,0.0,0.0,1298.3896201047462,9910.837956806165,19821.67591361233,1298.3896201047462,0.721327566724859,2596.7792402094924,11425.828656921767,12420.651539811544,24841.30307962309,109301.7335503416,13719.04115991629,27438.08231983258,120727.56220726337,1.1432534299930242,5.4286697212,27.143348606000004,1.233788573,7048.5284169830065,7048.5284169830065,0.0,14097.056833966013,14097.056833966013,0.0,2596.7792402094924,0.0,2596.7792402094924,11425.828656921767,0.0,22824.753961389506,-0.5475006044637933,11.710622064137217
59,59,2025,4SB,4,SB,AM-Shoulder,1,OP,AM,4.4,70,12000,1.6,5.0,75,1800,1,4,0.05,0.01,7943.0,0.0,982.0,0.0,0.0,1.0,1.0,1.0,3.66,1.83,0.17391304347826086,0.17391304347826086,30,4.155,0.715,9531.6,0.0,1178.3999999999999,0.0,0.0,10710.0,13066.8,1.0,1.2,0.8376153846153845,13066.8,0.0,1.0,190.632,7005.726000000001,0.0,883.8,0.0,0.0,8032.5,0.683611767,3.418058835,,0.1739130130854215,0.17391303371421074,33.40334191628285,167.01670958141426,27.983621937196965,54.52674661489951,1.440239464351074,4.84166058658379,9.434089718353452,-4.592429131769662,7.757845771287087,1218.3869175108778,8122.581082489123,0.0,0.0,1218.3869175108778,9300.981082489123,9300.981082489123,1218.3869175108778,0.6768816208393765,1218.3869175108778,5360.902437047863,11657.781082489124,11657.781082489124,51294.23676295215,12876.168000000001,12876.168000000001,56655.13920000001,1.0730140000000001,3.0078917748000005,15.039458874000001,0.683611767,3664.7759877048957,3664.7759877048957,0.0,3664.7759877048957,3664.7759877048957,0.0,1218.3869175108778,0.0,1218.3869175108778,5360.902437047863,0.0,10710.0,-0.48679091135156033,8.931374843925896
60,60,2025,4SB,4,SB,MD,5,OP,MD,4.4,70,12000,1.6,5.0,75,1800,1,4,0.05,0.01,7386.0,0.0,913.0,0.0,0.0,1.0,1.0,1.0,3.66,1.83,0.17391304347826086,0.17391304347826086,30,4.136,0.708,6453.970024246335,0.0,797.7896875354595,0.0,0.0,7251.759711781795,8847.339086852713,1.0,1.2,0.567137120952097,8847.339086852713,0.0,1.0,129.0794004849267,4743.667967821057,0.0,598.3422656515946,0.0,0.0,5438.819783836347,0.188471815,0.9423590749999999,,0.17391303752269965,0.1739130248994828,54.26291825871409,271.31459129357046,57.6767916915543,69.51354917332665,0.9749926812957157,3.797820757817105,4.577231018878915,-0.7794102610618099,1.10394935300697,824.9857052828918,5499.904918478516,0.0,0.0,824.9857052828918,6297.694606013976,31488.47303006988,824.9857052828918,0.45832539182382875,4124.928526414459,18149.68551622362,7893.273981084894,39466.36990542447,173652.0275838677,8718.259686367786,43591.29843183893,191801.71310009132,0.7265216405306488,0.829275986,4.14637993,0.188471815,684.1408341843754,684.1408341843754,0.0,3420.704170921877,3420.704170921877,0.0,4124.928526414459,0.0,4124.928526414459,18149.68551622362,0.0,36258.79855890897,-0.17027986086940136,14.508801673452966
61,61,2025,4SB,4,SB,PM-Shoulder,1,OP,PM,4.4,70,12000,1.6,5.0,75,1800,1,4,0.05,0.01,4922.0,0.0,608.0,0.0,0.0,1.0,1.0,1.0,3.66,1.83,0.17391304347826086,0.17391304347826086,30,4.135,0.592,5305.814603962553,0.0,655.4114748494985,0.0,0.0,5961.226078812051,7272.049028511048,1.0,1.2,0.4661569890071185,7272.049028511048,0.0,1.0,106.11629207925105,3899.773733912476,0.0,491.5586061371239,0.0,0.0,4470.919559109038,0.186849115,0.934245575,,0.1739129260602731,0.17391288716920644,98.23873366466559,491.1936683233279,64.80583297535794,72.39023409149081,0.8007485376157749,3.646900763801124,4.0737073790932445,-0.4268066152921204,0.41412196650060273,678.2210610377156,4521.477250845585,0.0,0.0,678.2210610377156,5176.888725695084,5176.888725695084,678.2210610377156,0.37678947835428644,678.2210610377156,2984.1726685659487,6487.711675394081,6487.711675394081,28545.931371733957,7165.932736431796,7165.932736431796,31530.104040299906,0.5971610613693163,0.8221361060000001,4.110680530000001,0.186849115,557.5900221287359,557.5900221287359,0.0,557.5900221287359,557.5900221287359,0.0,678.2210610377156,0.0,678.2210610377156,2984.1726685659487,0.0,5961.226078812051,-0.10477105387651141,26.26704108680898
62,62,2025,4SB,4,SB,PM-Peak,3,Peak,PM,4.4,70,12000,1.6,5.0,75,1800,1,4,0.05,0.01,6721.0,0.0,831.0,0.0,0.0,1.0,1.0,1.0,3.66,1.83,0.17391304347826086,0.17391304347826086,30,4.135,0.592,5887.543226323275,0.0,727.9494749404317,0.0,0.0,6615.492701263707,8071.3916511445705,1.0,1.2,0.5173969007143956,8071.3916511445705,0.0,1.0,117.7508645264655,4327.344271347607,0.0,545.9621062053238,0.0,0.0,4961.619525947781,0.212310187,1.061550935,,0.17391298455092588,0.1739128138707008,83.8371104423835,419.1855522119175,61.67261629765557,71.11312992845747,1.3902125240935188,3.712394606531791,4.280668080073582,-0.5682734735417907,0.6976581268436651,752.581357409414,5017.211004387396,0.0,0.0,752.581357409414,5745.160479327828,17235.481437983486,752.581357409414,0.41810075411634107,2257.7440722282417,9934.073917804264,7201.059429208692,21603.178287626077,95053.98446555475,7953.640786618105,23860.922359854318,104988.05838335902,0.6628033988848421,0.9341648228000001,4.670824114000001,0.212310187,703.0350303869487,703.0350303869487,0.0,2109.1050911608463,2109.1050911608463,0.0,2257.7440722282417,0.0,2257.7440722282417,9934.073917804264,0.0,19846.478103791123,-0.1327534541131772,22.41633969047687
63,63,2025,4SB,4,SB,PM-Late,3,OP,PM,4.4,70,12000,1.6,5.0,75,1800,1,4,0.05,0.01,6114.0,0.0,756.0,0.0,0.0,1.0,1.0,1.0,3.66,1.83,0.17391304347826086,0.17391304347826086,30,4.135,0.592,2445.6,0.0,302.40000000000003,0.0,0.0,2748.0,3352.8,1.0,1.2,0.21492307692307694,3352.8,0.0,1.0,48.912,1797.516,0.0,226.8,0.0,0.0,2061.0,0.163716463,0.818582315,,0.08316142177687373,0.0831614228841663,141.7970531895739,708.9852659478694,69.8485149225137,74.98893277653768,0.0,3.5205194983465553,3.779607917117033,-0.2590884187704776,0.011205703593192106,149.48398622667898,2247.204013773321,0.0,0.0,149.48398622667898,2549.604013773321,7648.812041319963,149.48398622667898,0.08304665901482165,448.4519586800369,1973.1886181921625,3154.404013773321,9463.212041319963,41638.13298180784,3303.888,9911.663999999999,43611.3216,0.275324,0.7203524372000001,3.601762186,0.163716463,107.68115380075945,107.68115380075945,0.0,323.04346140227835,323.04346140227835,0.0,448.4519586800369,0.0,448.4519586800369,1973.1886181921625,0.0,8244.0,-0.06854902001795525,37.913650585447556
64,64,2025,5NB,5,NB,Night,8,OP,NT,3.0,70,8000,1.6,6.5,75,1800,1,4,0.05,0.01,1592.0,0.0,197.0,0.0,0.0,1.0,1.0,1.0,3.66,1.83,0.2448979591836735,0.2448979591836735,30,4.103,0.708,1563.8128011267568,0.0,193.51201119470545,0.0,0.0,1757.324812321462,2144.3488347108732,1.0,1.2,0.18485765816473046,2144.3488347108732,0.0,1.0,31.276256022535136,1149.4024088281662,0.0,145.1340083960291,0.0,0.0,1317.9936092410967,0.117777617,0.588888085,,0.21528415538327986,0.21528415540161652,105.74805283811813,528.7402641905907,69.99030912771981,74.95690553648375,0.0,2.4013798156647312,2.5717846119458074,-0.1704047962810762,0.00048777550861359435,247.4481267800791,1285.0884183241426,0.0,0.0,247.4481267800791,1478.6004295188482,11828.803436150785,247.4481267800791,0.1374711815444884,1979.5850142406327,5938.7550427218985,1865.6244519082588,14924.99561526607,44774.98684579821,2113.072578688338,16904.580629506705,50713.741888520104,0.26413407233604225,0.353332851,1.766664255,0.117777617,87.4315521098148,87.4315521098148,0.0,699.4524168785184,699.4524168785184,0.0,1979.5850142406327,0.0,1979.5850142406327,5938.7550427218985,0.0,14058.598498571697,-0.06625935760310357,41.46982464239927
65,65,2025,5NB,5,NB,AM-Early,1,OP,AM,3.0,70,8000,1.6,6.5,75,1800,1,4,0.05,0.01,2313.0,0.0,286.0,0.0,0.0,1.0,1.0,1.0,3.66,1.83,0.2448979591836735,0.2448979591836735,30,4.155,0.715,1564.137134874251,0.0,193.40389994554076,0.0,0.0,1757.5410348197918,2144.3488347108732,1.0,1.2,0.18485765816473046,2144.3488347108732,0.0,1.0,31.28274269748502,1149.6407941325745,0.0,145.05292495915558,0.0,0.0,1318.1557761148438,0.169543156,0.84771578,,0.11392066862129692,0.11392066928541508,150.9948586477943,754.9742932389715,69.98572542142071,74.99504905936506,0.0,2.400158440559382,2.5719530506560546,-0.17179461009667252,0.000718536541652165,130.96784794190165,1401.8865442348642,0.0,0.0,130.96784794190165,1595.290444180405,1595.290444180405,130.96784794190165,0.07275991552327869,130.96784794190165,392.90354382570496,1982.0982440714865,1982.0982440714865,5946.294732214459,2113.0660920133882,2113.0660920133882,6339.198276040164,0.26413326150167354,0.508629468,2.54314734,0.169543156,66.61410682379433,66.61410682379433,0.0,66.61410682379433,66.61410682379433,0.0,130.96784794190165,0.0,130.96784794190165,392.90354382570496,0.0,1757.5410348197918,-0.06679539117280975,59.213670057958545
66,66,2025,5NB,5,NB,AM-Peak,2,Peak,AM,3.0,70,8000,1.6,6.5,75,1800,1,4,0.05,0.01,4412.0,0.0,545.0,0.0,0.0,1.0,1.0,1.0,3.66,1.83,0.2448979591836735,0.2448979591836735,30,4.155,0.715,1764.8000000000002,0.0,218.0,0.0,0.0,1982.8000000000002,2418.8,1.0,1.2,0.20851724137931035,2418.8,0.0,1.0,35.29600000000001,1297.1280000000002,0.0,163.5,0.0,0.0,1487.1000000000001,0.167837166,0.83918583,,0.11744273843813025,0.117442738298909,149.0565097101807,745.2825485509035,69.96918895341966,74.9911454078353,0.0,2.4002833804055093,2.572560904197857,-0.17227752379234795,0.0015512958939214246,152.33826442477502,1577.1657355752252,0.0,0.0,152.33826442477502,1795.1657355752252,3590.3314711504504,152.33826442477502,0.08463236912487501,304.67652884955004,914.0295865486501,2231.165735575225,4462.33147115045,13386.99441345135,2383.504,4767.008,14301.024,0.297938,0.5035114980000001,2.51755749,0.167837166,76.70406772323858,76.70406772323858,0.0,153.40813544647716,153.40813544647716,0.0,304.67652884955004,0.0,304.67652884955004,914.0295865486501,0.0,3965.6000000000004,-0.06696732563696692,58.45353321967871
67,67,2025,5NB,5,NB,AM-Shoulder,1,OP,AM,3.0,70,8000,1.6,6.5,75,1800,1,4,0.05,0.01,4147.0,0.0,512.0,0.0,0.0,1.0,1.0,1.0,3.66,1.83,0.2448979591836735,0.2448979591836735,30,4.155,0.715,1658.8000000000002,0.0,204.8,0.0,0.0,1863.6000000000001,2273.2000000000003,1.0,1.2,0.19596551724137934,2273.2000000000003,0.0,1.0,33.176,1219.2180000000003,0.0,153.60000000000002,0.0,0.0,1397.7,0.174664118,0.8733205900000001,,0.10648505888272343,0.10648506181767148,155.3203102950923,776.6015514754614,69.97856450426241,74.99495640253254,0.0,2.4001614059731824,2.5722162390032475,-0.17205483303006508,0.0010791045773063579,129.82850052087633,1495.795499479124,0.0,0.0,129.82850052087633,1700.5954994791239,1700.5954994791239,129.82850052087633,0.07212694473382018,129.82850052087633,389.485501562629,2110.195499479124,2110.195499479124,6330.586498437372,2240.0240000000003,2240.0240000000003,6720.072000000001,0.28000300000000006,0.523992354,2.61996177,0.174664118,68.02914160422421,68.02914160422421,0.0,68.02914160422421,68.02914160422421,0.0,129.82850052087633,0.0,129.82850052087633,389.485501562629,0.0,1863.6000000000001,-0.06688972350813616,60.909925605918545
68,68,2025,5NB,5,NB,MD,5,OP,MD,3.0,70,8000,1.6,6.5,75,1800,1,4,0.05,0.01,4546.0,0.0,562.0,0.0,0.0,1.0,1.0,1.0,3.66,1.83,0.2448979591836735,0.2448979591836735,30,4.136,0.708,1818.4,0.0,224.8,0.0,0.0,2043.2,2492.8,1.0,1.2,0.21489655172413794,2492.8,0.0,1.0,36.368,1336.5240000000001,0.0,168.60000000000002,0.0,0.0,1532.4,0.415252552,2.07626276,,0.010002003017787245,0.010000942140627606,366.27851463074467,1831.3925731537233,69.9447821114106,74.99995628288329,1.355030137534273,2.4000013989485502,2.573458584991936,-0.17345718604338556,0.002781118581809524,13.36791708134508,1768.6640829186551,0.0,0.0,13.36791708134508,1993.464082918655,9967.320414593276,13.36791708134508,0.007426620600747267,66.8395854067254,200.51875622017621,2443.064082918655,12215.320414593276,36645.96124377983,2456.4320000000002,12282.160000000002,36846.48,0.30705400000000005,1.2457576559999999,6.22878828,0.415252552,16.653185048858806,16.653185048858806,0.0,83.26592524429402,83.26592524429402,0.0,66.8395854067254,0.0,66.8395854067254,200.51875622017621,0.0,10216.0,-0.06740236157479453,143.63863318852734
69,69,2025,5NB,5,NB,PM-Shoulder,1,OP,PM,3.0,70,8000,1.6,6.5,75,1800,1,4,0.05,0.01,5076.0,0.0,627.0,0.0,0.0,1.0,1.0,1.0,3.66,1.83,0.2448979591836735,0.2448979591836735,30,4.135,0.592,2030.4,0.0,250.8,0.0,0.0,2281.2000000000003,2782.8,1.0,1.2,0.23989655172413796,2782.8,0.0,1.0,40.608000000000004,1492.344,0.0,188.10000000000002,0.0,0.0,1710.9,1.419297409,7.096487045,,0.010000533651465776,0.0100005044339201,1236.790115997145,6183.950579985726,69.88718017060911,74.99993205593847,1.5126394944542276,2.4000021742119384,2.5755796636891435,-0.17557748947720508,0.0056869963969840825,14.924236391563042,1974.8677636084371,0.0,0.0,14.924236391563042,2225.6677636084373,2225.6677636084373,14.924236391563042,0.008291242439757245,14.924236391563042,44.772709174689126,2727.2677636084372,2727.2677636084372,8181.803290825312,2742.1920000000005,2742.1920000000005,8226.576000000001,0.3427740000000001,4.257892226999999,21.289461135,1.419297409,63.545790125546795,63.545790125546795,0.0,63.545790125546795,63.545790125546795,0.0,14.924236391563042,0.0,14.924236391563042,44.772709174689126,0.0,2281.2000000000003,-0.06817008689442587,485.0157317635863
70,70,2025,5NB,5,NB,PM-Peak,3,Peak,PM,3.0,70,8000,1.6,6.5,75,1800,1,4,0.05,0.01,5606.0,0.0,693.0,0.0,0.0,1.0,1.0,1.0,3.66,1.83,0.2448979591836735,0.2448979591836735,30,4.135,0.592,4721.811271969173,0.0,583.6987533847015,0.0,0.0,5305.510025353874,6472.907532123278,1.0,1.2,0.5580092700106274,6472.907532123278,0.0,1.0,94.43622543938345,3470.5312848973417,0.0,437.77406503852615,0.0,0.0,3979.1325190154057,1.202351064,6.01175532,,0.042758997383677166,0.04275900067695268,172.94288957410458,864.714447870523,51.95559328739647,74.97516547677797,4.917426385741697,2.400794967978448,3.464497056251784,-1.063702088273336,1.2235038242078013,148.39643813089518,4478.978608398894,0.0,0.0,148.39643813089518,5062.677361783595,15188.032085350786,148.39643813089518,0.0824424656282751,445.18931439268556,1335.5679431780568,6230.074868552998,18690.224605658994,56070.67381697698,6378.471306683893,19135.41392005168,57406.24176015504,0.7973089133354866,3.6070531919999995,18.03526596,1.202351064,535.2738458414759,535.2738458414759,0.0,1605.8215375244276,1605.8215375244276,0.0,445.18931439268556,0.0,445.18931439268556,1335.5679431780568,0.0,15916.530076061623,-0.30702929487379854,67.82074100945279
71,71,2025,5NB,5,NB,PM-Late,3,OP,PM,3.0,70,8000,1.6,6.5,75,1800,1,4,0.05,0.01,4570.0,0.0,565.0,0.0,0.0,1.0,1.0,1.0,3.66,1.83,0.2448979591836735,0.2448979591836735,30,4.135,0.592,1828.0,0.0,226.0,0.0,0.0,2054.0,2506.0,1.0,1.2,0.2160344827586207,2506.0,0.0,1.0,36.56,1343.58,0.0,169.5,0.0,0.0,1540.5,0.187399184,0.93699592,,0.0499427275975915,0.049942727935610935,165.51837579655316,827.5918789827659,69.95038833718203,74.99917501578811,1.1869066368444647,2.4000263997851725,2.5732523332443207,-0.17322593345914816,0.002498553687577019,67.10204994557199,1724.3379500544281,0.0,0.0,67.10204994557199,1950.3379500544281,5851.013850163285,67.10204994557199,0.037278916636428884,201.30614983671597,603.9184495101479,2402.337950054428,7207.013850163284,21621.041550489852,2469.44,7408.32,22224.96,0.30868,0.562197552,2.8109877599999997,0.187399184,37.72460821358231,37.72460821358231,0.0,113.17382464074691,113.17382464074691,0.0,201.30614983671597,0.0,201.30614983671597,603.9184495101479,0.0,6162.0,-0.06731789619743483,64.90916697904045
72,72,2025,5SB,5,SB,Night,8,OP,NT,3.0,70,8000,1.6,5.0,75,1800,1,4,0.05,0.01,1472.0,0.0,182.0,0.0,0.0,1.0,1.0,1.0,3.66,1.83,0.2448979591836735,0.2448979591836735,30,4.103,0.708,1017.1803510987656,0.0,125.76550536683108,0.0,0.0,1142.9458564655968,1394.4768671992588,1.0,1.2,0.12021352303441886,1394.4768671992588,0.0,1.0,20.343607021975313,747.6275580575928,0.0,94.32412902512331,0.0,0.0,857.2093923491975,0.147646003,0.738230015,,0.13660637615249893,0.13660637615059373,131.46639377871793,657.3319688935896,69.98768070203239,74.99839253407218,0.0,2.4000514400121977,2.5718811967257107,-0.17182975671351297,0.0006200966570811228,102.13069141798975,894.7060526588006,0.0,0.0,102.13069141798975,1020.4715580256317,8163.772464205053,102.13069141798975,0.056739273009994304,817.045531343918,2451.136594031754,1272.0025687592938,10176.02055007435,30528.06165022305,1374.1332601772835,10993.066081418268,32979.1982442548,0.17176665752216044,0.442938009,2.2146900449999998,0.147646003,45.23756511447777,45.23756511447777,0.0,361.90052091582214,361.90052091582214,0.0,817.045531343918,0.0,817.045531343918,2451.136594031754,0.0,9143.566851724774,-0.06681092304429585,51.5554485406737
73,73,2025,5SB,5,SB,AM-Early,1,OP,AM,3.0,70,8000,1.6,5.0,75,1800,1,4,0.05,0.01,3483.0,0.0,430.0,0.0,0.0,1.0,1.0,1.0,3.66,1.83,0.2448979591836735,0.2448979591836735,30,4.155,0.715,4179.599999999999,0.0,516.0,0.0,0.0,4695.599999999999,5727.599999999999,1.0,1.2,0.49375862068965515,5727.599999999999,0.0,1.0,83.59199999999998,3072.006,0.0,387.0,0.0,0.0,3521.7,0.795369856,3.9768492799999997,,0.09799516722725103,0.09799517117548093,160.69976369369098,803.4988184684549,56.92123561660531,74.84395271600101,2.2302449771358126,2.4050039244054715,3.162264452802736,-0.7572605283972647,0.8094451574826055,301.0417416931185,3794.9662583068807,0.0,0.0,301.0417416931185,4310.96625830688,4310.96625830688,301.0417416931185,0.16724541205173252,301.0417416931185,903.1252250793556,5342.96625830688,5342.96625830688,16028.89877492064,5644.007999999999,5644.007999999999,16932.023999999998,0.7055009999999998,2.386109568,11.93054784,0.795369856,718.3185802213347,718.3185802213347,0.0,718.3185802213347,718.3185802213347,0.0,301.0417416931185,0.0,301.0417416931185,903.1252250793556,0.0,4695.599999999999,-0.23946780533364298,63.01951517399646
74,74,2025,5SB,5,SB,AM-Peak,2,Peak,AM,3.0,70,8000,1.6,5.0,75,1800,1,4,0.05,0.01,4270.0,0.0,528.0,0.0,0.0,1.0,1.0,1.0,3.66,1.83,0.2448979591836735,0.2448979591836735,30,4.155,0.715,5124.0,0.0,633.6,0.0,0.0,5757.6,7024.8,1.0,1.2,0.6055862068965517,7024.8,0.0,1.0,102.48,3766.1400000000003,0.0,475.20000000000005,0.0,0.0,4318.200000000001,1.233788573,6.168942865,,0.1634077487281452,0.1634077586601925,128.52096531456502,642.604826572825,45.8072378204282,73.14916960004612,3.017561824900435,2.460725131729814,3.9295100199149573,-1.468784888185143,1.8605715844263493,615.4164587950169,4406.103541204983,0.0,0.0,615.4164587950169,5039.703541204984,10079.407082409967,615.4164587950169,0.34189803266389823,1230.8329175900337,3692.4987527701014,6306.903541204983,12613.807082409967,37841.4212472299,6922.320000000001,13844.640000000001,41533.92,0.8652900000000001,3.701365719,18.506828595,1.233788573,2277.8813834922516,2277.8813834922516,0.0,4555.762766984503,4555.762766984503,0.0,1230.8329175900337,0.0,1230.8329175900337,3692.4987527701014,0.0,11515.2,-0.3737832148897105,50.400378554731375
75,75,2025,5SB,5,SB,AM-Shoulder,1,OP,AM,3.0,70,8000,1.6,5.0,75,1800,1,4,0.05,0.01,3240.0,0.0,400.0,0.0,0.0,1.0,1.0,1.0,3.66,1.83,0.2448979591836735,0.2448979591836735,30,4.155,0.715,3888.0,0.0,480.0,0.0,0.0,4368.0,5328.0,1.0,1.2,0.4593103448275862,5328.0,0.0,1.0,77.76,2857.68,0.0,360.0,0.0,0.0,3276.0,0.683611767,3.418058835,,0.08038238227370285,0.08038238538264517,173.7800457702747,868.9002288513736,59.921882909226746,74.93620356347233,2.239063387825343,2.4020432239743332,3.0039109464012466,-0.6018677224269133,0.5925008537125651,229.70712617591516,3580.5328738240846,0.0,0.0,229.70712617591516,4060.5328738240846,4060.5328738240846,229.70712617591516,0.12761507009773065,229.70712617591516,689.1213785277455,5020.532873824084,5020.532873824084,15061.598621472252,5250.24,5250.24,15750.719999999998,0.65628,2.050835301,10.254176505,0.683611767,471.091483252828,471.091483252828,0.0,471.091483252828,471.091483252828,0.0,229.70712617591516,0.0,229.70712617591516,689.1213785277455,0.0,4368.0,-0.20036137327838047,68.14903755697048
76,76,2025,5SB,5,SB,MD,5,OP,MD,3.0,70,8000,1.6,5.0,75,1800,1,4,0.05,0.01,4470.0,0.0,552.0,0.0,0.0,1.0,1.0,1.0,3.66,1.83,0.2448979591836735,0.2448979591836735,30,4.136,0.708,1788.0,0.0,220.8,0.0,0.0,2008.8,2450.4,1.0,1.2,0.21124137931034484,2450.4,0.0,1.0,35.76,1314.18,0.0,165.60000000000002,0.0,0.0,1506.6,0.188471815,0.9423590749999999,,0.09191955503028497,0.09191955811217645,160.28460181678832,801.4230090839416,69.7662651930399,74.99570802901152,0.0,2.400137350931714,2.580043513895271,-0.17990616296355721,0.011802471179378637,120.79884082969991,1631.4411591703001,0.0,0.0,120.79884082969991,1852.2411591703,9261.2057958515,120.79884082969991,0.06711046712761107,603.9942041484995,1811.9826124454985,2293.8411591703,11469.205795851502,34407.61738755451,2414.6400000000003,12073.2,36219.600000000006,0.30183000000000004,0.565415445,2.827077225,0.188471815,68.30153034320894,68.30153034320894,0.0,341.5076517160447,341.5076517160447,0.0,603.9942041484995,0.0,603.9942041484995,1811.9826124454985,0.0,10044.0,-0.06972989486209881,62.85670659481895
77,77,2025,5SB,5,SB,PM-Shoulder,1,OP,PM,3.0,70,8000,1.6,5.0,75,1800,1,4,0.05,0.01,4630.0,0.0,572.0,0.0,0.0,1.0,1.0,1.0,3.66,1.83,0.2448979591836735,0.2448979591836735,30,4.135,0.592,1852.0,0.0,228.8,0.0,0.0,2080.8,2538.4,1.0,1.2,0.21882758620689655,2538.4,0.0,1.0,37.04,1361.22,0.0,171.60000000000002,0.0,0.0,1560.6000000000001,0.186849115,0.934245575,,0.06040712952217234,0.06040713569461155,156.5551032985892,782.7755164929459,69.69579172656054,74.99855439455558,1.1556571833626401,2.400046260265876,2.5826523458718866,-0.18260608560601055,0.015376570987341496,82.22739284817143,1732.7326071518287,0.0,0.0,82.22739284817143,1961.5326071518286,1961.5326071518286,82.22739284817143,0.0456818849156508,82.22739284817143,246.6821785445143,2419.132607151829,2419.132607151829,7257.397821455486,2501.36,2501.36,7504.080000000001,0.31267,0.560547345,2.802736725,0.186849115,46.09234674731449,46.09234674731449,0.0,46.09234674731449,46.09234674731449,0.0,82.22739284817143,0.0,82.22739284817143,246.6821785445143,0.0,2080.8,-0.0707048650577722,61.39415815630948
78,78,2025,5SB,5,SB,PM-Peak,3,Peak,PM,3.0,70,8000,1.6,5.0,75,1800,1,4,0.05,0.01,4957.0,0.0,613.0,0.0,0.0,1.0,1.0,1.0,3.66,1.83,0.2448979591836735,0.2448979591836735,30,4.135,0.592,1982.8000000000002,0.0,245.20000000000002,0.0,0.0,2228.0,2718.4,1.0,1.2,0.2343448275862069,2718.4,0.0,1.0,39.656000000000006,1457.3580000000002,0.0,183.9,0.0,0.0,1671.0,0.212310187,1.061550935,,0.04289629267516388,0.04289629513453222,172.7886297040628,863.943148520314,69.55123290815148,74.99922145870745,2.0641783844037414,2.400024913579978,2.588020261807664,-0.18799534822768615,0.022730615819357116,62.51525530049149,1880.6287446995088,0.0,0.0,62.51525530049149,2125.8287446995087,6377.4862340985255,62.51525530049149,0.03473069738916194,187.54576590147445,562.6372977044234,2616.2287446995088,7848.686234098526,23546.05870229558,2678.744,8036.232000000001,24108.696000000004,0.334843,0.636930561,3.1846528050000003,0.212310187,39.81787662960027,39.81787662960027,0.0,119.4536298888008,119.4536298888008,0.0,187.54576590147445,0.0,187.54576590147445,562.6372977044234,0.0,6684.0,-0.07264060139018244,67.76024694276973
79,79,2025,5SB,5,SB,PM-Late,3,OP,PM,3.0,70,8000,1.6,5.0,75,1800,1,4,0.05,0.01,4118.0,0.0,509.0,0.0,0.0,1.0,1.0,1.0,3.66,1.83,0.2448979591836735,0.2448979591836735,30,4.135,0.592,1647.2,0.0,203.60000000000002,0.0,0.0,1850.8000000000002,2258.0,1.0,1.2,0.1946551724137931,2258.0,0.0,1.0,32.944,1210.692,0.0,152.70000000000002,0.0,0.0,1388.1000000000001,0.163716463,0.818582315,,0.08397678990699946,0.08397679286464735,141.35225768624147,706.7612884312074,69.84101480412652,74.9976540490179,0.0,2.400075072779655,2.577282138651926,-0.17720706587227086,0.008019387095995579,101.67002772608498,1512.585972273915,0.0,0.0,101.67002772608498,1716.185972273915,5148.557916821745,101.67002772608498,0.05648334873671388,305.01008317825494,915.0302495347648,2123.3859722739153,6370.157916821746,19110.473750465237,2225.0560000000005,6675.168000000001,20025.504,0.27813200000000005,0.49114938900000005,2.455746945,0.163716463,49.9351719972797,49.9351719972797,0.0,149.80551599183912,149.80551599183912,0.0,305.01008317825494,0.0,305.01008317825494,915.0302495347648,0.0,5552.400000000001,-0.06875734061656162,55.43225791617313
80,80,2025,6NB,6,NB,Night,8,OP,NT,4.4,70,8000,1.6,6.5,75,1800,1,4,0.05,0.01,1554.0,0.0,192.0,0.0,0.0,1.0,1.0,1.0,3.66,1.83,0.282574568288854,0.282574568288854,30,4.103,0.708,1564.4685864510316,0.0,193.29341608661395,0.0,0.0,1757.7620025376455,2144.3488347108732,1.0,1.2,0.18485765816473046,2144.3488347108732,0.0,1.0,31.289371729020633,996.5664895693072,0.0,125.64072045629906,0.0,0.0,1142.5453016494696,0.117777617,0.588888085,,0.2166570573522128,0.21665705736438398,105.39776470851614,526.9888235425807,69.9892130244684,74.97332966583251,0.0,3.5212521729618786,3.7720098368259256,-0.25075766386404696,0.0007963335943755429,215.91316308591078,1317.2660516361002,0.0,0.0,215.91316308591078,1510.559467722714,12084.475741781713,215.91316308591078,0.11995175726995043,1727.3053046872863,7600.14334062406,1897.146299895942,15177.170399167537,66779.54975633716,2113.059462981853,16904.475703854823,74379.69309696121,0.26413243287273164,0.5182215148,2.591107574,0.117777617,111.89084643964013,111.89084643964013,0.0,895.126771517121,895.126771517121,0.0,1727.3053046872863,0.0,1727.3053046872863,7600.14334062406,0.0,14062.096020301164,-0.06647852861249555,28.18122051029843
81,81,2025,6NB,6,NB,AM-Early,1,OP,AM,4.4,70,8000,1.6,6.5,75,1800,1,4,0.05,0.01,2259.0,0.0,279.0,0.0,0.0,1.0,1.0,1.0,3.66,1.83,0.282574568288854,0.282574568288854,30,4.155,0.715,1564.6266206756663,0.0,193.24073801173566,0.0,0.0,1757.867358687402,2144.3488347108732,1.0,1.2,0.18485765816473046,2144.3488347108732,0.0,1.0,31.292532413513328,996.6671573703995,0.0,125.60647970762818,0.0,0.0,1142.6137831468113,0.169543156,0.84771578,,0.11405793053516587,0.11405793085778033,150.9180475671856,754.5902378359282,69.98490974026217,74.99684449094902,0.0,3.5201481047894063,3.772241772973544,-0.2520936681841377,0.0011140861166126445,113.67779340203427,1419.6562948601188,0.0,0.0,113.67779340203427,1612.8970328718544,1612.8970328718544,113.67779340203427,0.06315432966779681,113.67779340203427,500.18229096895084,1999.378508895326,1999.378508895326,8797.265439139435,2113.05630229736,2113.05630229736,9297.447730108386,0.26413203778717004,0.7459898864000001,3.7299494320000006,0.169543156,84.80248418618622,84.80248418618622,0.0,84.80248418618622,84.80248418618622,0.0,113.67779340203427,0.0,113.67779340203427,500.18229096895084,0.0,1757.867358687402,-0.06682860838620636,40.35241913561113
82,82,2025,6NB,6,NB,AM-Peak,2,Peak,AM,4.4,70,8000,1.6,6.5,75,1800,1,4,0.05,0.01,4308.0,0.0,532.0,0.0,0.0,1.0,1.0,1.0,3.66,1.83,0.282574568288854,0.282574568288854,30,4.155,0.715,1723.2,0.0,212.8,0.0,0.0,1936.0,2361.6000000000004,1.0,1.2,0.20358620689655177,2361.6000000000004,0.0,1.0,34.464,1097.6784,0.0,138.32000000000002,0.0,0.0,1258.4,0.167837166,0.83918583,,0.1174667565805063,0.11746675690911541,149.04351950544856,745.2175975272427,69.97205490249303,74.99490668950419,0.0,3.520239062274182,3.772934786149806,-0.252695723875624,0.0020635141680911628,128.94072141647962,1559.7952785835205,0.0,0.0,128.94072141647962,1772.5952785835204,3545.190557167041,128.94072141647962,0.07163373412026645,257.88144283295924,1134.6783484650207,2198.1952785835206,4396.390557167041,19344.11845153498,2327.1360000000004,4654.272000000001,20478.796800000004,0.29089200000000004,0.7384835304000001,3.6924176520000005,0.167837166,95.22059916396478,95.22059916396478,0.0,190.44119832792956,190.44119832792956,0.0,257.88144283295924,0.0,257.88144283295924,1134.6783484650207,0.0,3872.0,-0.0669759055479181,39.851208423916724
83,83,2025,6NB,6,NB,AM-Shoulder,1,OP,AM,4.4,70,8000,1.6,6.5,75,1800,1,4,0.05,0.01,4049.0,0.0,500.0,0.0,0.0,1.0,1.0,1.0,3.66,1.83,0.282574568288854,0.282574568288854,30,4.155,0.715,1619.6000000000001,0.0,200.0,0.0,0.0,1819.6000000000001,2219.6000000000004,1.0,1.2,0.19134482758620694,2219.6000000000004,0.0,1.0,32.392,1031.6852000000001,0.0,130.0,0.0,0.0,1182.7400000000002,0.174664118,0.8733205900000001,,0.10647148094042033,0.10647148131997228,155.32851482535895,776.6425741267949,69.98065711827387,74.99707581214408,0.0,3.520137247234527,3.7724710065785074,-0.2523337593439803,0.0014281361554123425,109.84505110831375,1477.3629488916863,0.0,0.0,109.84505110831375,1677.3629488916863,1677.3629488916863,109.84505110831375,0.06102502839350764,109.84505110831375,483.31822487658053,2077.3629488916863,2077.3629488916863,9140.39697512342,2187.208,2187.208,9623.7152,0.273401,0.7685221192000001,3.8426105960000005,0.174664118,84.41835146139361,84.41835146139361,0.0,84.41835146139361,84.41835146139361,0.0,109.84505110831375,0.0,109.84505110831375,483.31822487658053,0.0,1819.6000000000001,-0.06688819050006105,41.53168845597833
84,84,2025,6NB,6,NB,MD,5,OP,MD,4.4,70,8000,1.6,6.5,75,1800,1,4,0.05,0.01,4439.0,0.0,549.0,0.0,0.0,1.0,1.0,1.0,3.66,1.83,0.282574568288854,0.282574568288854,30,4.136,0.708,3015.9640830728504,0.0,373.0038931306589,0.0,0.0,3388.9679762035094,4134.975762464827,1.0,1.2,0.356463427798692,4134.975762464827,0.0,1.0,60.31928166145701,1921.1691209174057,0.0,242.45253053492831,0.0,0.0,2202.829184532281,0.415252552,2.07626276,,0.01664312256096744,0.016643125779760227,282.32484568994124,1411.6242284497064,68.57001910111507,74.99948161388602,3.2496710587612307,3.5200243297564455,3.850079137511964,-0.33005480775551854,0.10775127553424796,31.974253139774458,2923.670548271619,0.0,0.0,31.974253139774458,3296.674441402278,16483.372207011387,31.974253139774458,0.017763473966541366,159.8712656988723,703.4335690750381,4042.6822276635958,20213.411138317977,88939.00900859911,4074.6564808033704,20373.28240401685,89642.44257767416,0.5093320601004213,1.8271112288000002,9.135556144,0.415252552,58.420516944175574,58.420516944175574,0.0,292.10258472087787,292.10258472087787,0.0,159.8712656988723,0.0,159.8712656988723,703.4335690750381,0.0,16944.839881017546,-0.08572675936443473,75.48792665506451
85,85,2025,6NB,6,NB,PM-Shoulder,1,OP,PM,4.4,70,8000,1.6,6.5,75,1800,1,4,0.05,0.01,4956.0,0.0,613.0,0.0,0.0,1.0,1.0,1.0,3.66,1.83,0.282574568288854,0.282574568288854,30,4.135,0.592,5311.655454785548,0.0,656.9904749361463,0.0,0.0,5968.645929721693,7282.626879593987,1.0,1.2,0.6278126620339644,7282.626879593987,0.0,1.0,106.23310909571096,3383.5245246983936,0.0,427.0438087084951,0.0,0.0,3879.619854319101,1.419297409,7.096487045,,0.11629415018906647,0.11629414210412628,126.68212969115476,633.4106484557738,43.60032814973829,74.55710956828133,4.107996072847614,3.5409098009388624,6.0550002993861565,-2.514090498447294,3.128493267301893,393.4841092436647,4811.938236446172,0.0,0.0,393.4841092436647,5468.9287113823175,5468.9287113823175,393.4841092436647,0.21860228291314707,393.4841092436647,1731.330080672125,6782.909661254611,6782.909661254611,29844.80250952029,7176.393770498275,7176.393770498275,31576.132590192414,0.8970492213122845,6.2449085996,31.224542998000004,1.4192974090000001,2457.272297621708,2457.272297621708,0.0,2457.272297621708,2457.272297621708,0.0,393.4841092436647,0.0,393.4841092436647,1731.330080672125,0.0,5968.645929721693,-0.4152089800395497,33.87222719014833
86,86,2025,6NB,6,NB,PM-Peak,3,Peak,PM,4.4,70,8000,1.6,6.5,75,1800,1,4,0.05,0.01,5474.0,0.0,677.0,0.0,0.0,1.0,1.0,1.0,3.66,1.83,0.282574568288854,0.282574568288854,30,4.135,0.592,5930.046078158624,0.0,733.4017528157451,0.0,0.0,6663.44783097437,8130.251336605859,1.0,1.2,0.7008837359142982,8130.251336605859,0.0,1.0,118.60092156317249,3777.439351787044,0.0,476.71113933023435,0.0,0.0,4331.241090133341,1.202351064,6.01175532,,0.24681336965456088,0.24681339255754295,93.71466603254926,468.5733301627463,38.77764927815943,67.19244960241254,3.4748420892764202,3.9290128810919422,6.808045482754201,-2.8790326016622587,4.160165168516113,932.3225350803006,4879.122621515152,0.0,0.0,932.3225350803006,5612.5243743308965,16837.57312299269,932.3225350803006,0.5179569639335003,2796.967605240902,12306.657463059968,7079.327879962388,21237.983639887163,93447.12801550352,8011.650415042688,24034.951245128064,105753.78547856348,1.001456301880336,5.2903446816,26.451723408000003,1.202351064,4932.307564997897,4932.307564997897,0.0,14796.922694993693,14796.922694993693,0.0,2796.967605240902,0.0,2796.967605240902,12306.657463059968,0.0,19990.343492923108,-0.4228868048774468,25.05739733490622
87,87,2025,6NB,6,NB,PM-Late,3,OP,PM,4.4,70,8000,1.6,6.5,75,1800,1,4,0.05,0.01,4463.0,0.0,552.0,0.0,0.0,1.0,1.0,1.0,3.66,1.83,0.282574568288854,0.282574568288854,30,4.135,0.592,1785.2,0.0,220.8,0.0,0.0,2006.0,2447.6000000000004,1.0,1.2,0.21100000000000002,2447.6000000000004,0.0,1.0,35.704,1137.1724000000002,0.0,143.52,0.0,0.0,1303.9,0.187399184,0.93699592,,0.049731386643679903,0.04973138689598428,165.71981246732315,828.5990623366158,69.95638007234854,74.99948243061752,0.0,3.5200242914239843,3.773780171686593,-0.25375588026260854,0.0032216923534893445,56.55316030492143,1692.9428396950786,0.0,0.0,56.55316030492143,1913.7428396950786,5741.228519085236,56.55316030492143,0.03141842239162301,169.6594809147643,746.5017160249629,2355.3428396950785,7066.0285190852355,31090.525483975038,2411.8959999999997,7235.688,31837.0272,0.30148699999999995,0.8245564096000001,4.122782048,0.187399184,46.63127081255926,46.63127081255926,0.0,139.89381243767778,139.89381243767778,0.0,169.6594809147643,0.0,169.6594809147643,746.5017160249629,0.0,6018.0,-0.06724182880774397,44.310110285380524
88,88,2025,6SB,6,SB,Night,8,OP,NT,4.4,70,8000,1.6,5.0,75,1800,1,4,0.05,0.01,1437.0,0.0,178.0,0.0,0.0,1.0,1.0,1.0,3.66,1.83,0.282574568288854,0.282574568288854,30,4.103,0.708,1016.6733932853045,0.0,125.9344913046515,0.0,0.0,1142.607884589956,1394.476867199259,1.0,1.2,0.12021352303441887,1394.476867199259,0.0,1.0,20.33346786570609,647.620951522739,0.0,81.85741934802348,0.0,0.0,742.6951249834715,0.147646003,0.738230015,,0.1366849776984453,0.13668497803283247,131.43298053567472,657.1649026783737,69.98701829863815,74.99899692040741,0.0,3.5200470784985254,3.772128123439959,-0.2520810449414337,0.0009583862556011715,88.5200553159315,907.819870103667,0.0,0.0,88.5200553159315,1033.7543614083186,8270.034891266549,88.5200553159315,0.04917780850885083,708.160442527452,3115.9059471207893,1285.6233440176215,10284.986752140972,45253.94170942028,1374.1433993335531,10993.147194668425,48369.84765654107,0.17176792491669415,0.6496424132,3.2482120660000002,0.147646003,57.50638235203923,57.50638235203923,0.0,460.05105881631386,460.05105881631386,0.0,708.160442527452,0.0,708.160442527452,3115.9059471207893,0.0,9140.863076719648,-0.06682727539793919,35.14250816461891
89,89,2025,6SB,6,SB,AM-Early,1,OP,AM,4.4,70,8000,1.6,5.0,75,1800,1,4,0.05,0.01,3401.0,0.0,420.0,0.0,0.0,1.0,1.0,1.0,3.66,1.83,0.282574568288854,0.282574568288854,30,4.155,0.715,1360.4,0.0,168.0,0.0,0.0,1528.4,1864.4,1.0,1.2,0.1607241379310345,1864.4,0.0,1.0,27.208000000000002,866.5748,0.0,109.2,0.0,0.0,993.46,0.795369856,3.9768492799999997,,0.010000051375636908,0.010001146941404212,698.6082197535635,3493.0410987678174,69.92485838761179,74.99998816739567,0.0,3.5200005553436506,3.7754813679647214,-0.2554808126210708,0.005552331254525782,8.665792520832278,1324.5262074791676,0.0,0.0,8.665792520832278,1492.5262074791676,1492.5262074791676,8.665792520832278,0.004814329178240154,8.665792520832278,38.12948709166203,1828.5262074791676,1828.5262074791676,8045.515312908338,1837.192,1837.192,8083.6448,0.229649,3.4996273664000004,17.498136832,0.795369856,30.327044657449086,30.327044657449086,0.0,30.327044657449086,30.327044657449086,0.0,8.665792520832278,0.0,8.665792520832278,38.12948709166203,0.0,1528.4,-0.06766840773969833,186.7936416453378
90,90,2025,6SB,6,SB,AM-Peak,2,Peak,AM,4.4,70,8000,1.6,5.0,75,1800,1,4,0.05,0.01,4170.0,0.0,515.0,0.0,0.0,1.0,1.0,1.0,3.66,1.83,0.282574568288854,0.282574568288854,30,4.155,0.715,3888.0679870021613,0.0,480.18105834678965,0.0,0.0,4368.249045348951,5328.611162042531,1.0,1.2,0.459363031210563,5328.611162042531,0.0,1.0,77.76135974004323,2476.699307720377,0.0,312.1176879254133,0.0,0.0,2839.361879476818,1.233788573,6.168942865,,0.020381583084639103,0.02038158815835183,275.2942481424281,1376.4712407121406,58.33240801039174,74.99806776618284,6.4737402408706,3.5200906885102374,4.525786076806039,-1.0056953882958015,1.0334697823671306,50.479052715971015,3759.827574546147,0.0,0.0,50.479052715971015,4240.0086328929365,8480.017265785873,50.479052715971015,0.028043918175539452,100.95810543194203,444.215663900545,5200.3707495865165,10400.741499173033,45763.26259636135,5250.849802302488,10501.699604604975,46207.478260261894,0.656356225287811,5.4286697212,27.143348606000004,1.233788573,274.03410503405047,274.03410503405047,0.0,548.0682100681009,548.0682100681009,0.0,100.95810543194203,0.0,100.95810543194203,444.215663900545,0.0,8736.498090697902,-0.22221452168272746,73.60808773861716
91,91,2025,6SB,6,SB,AM-Shoulder,1,OP,AM,4.4,70,8000,1.6,5.0,75,1800,1,4,0.05,0.01,3163.0,0.0,391.0,0.0,0.0,1.0,1.0,1.0,3.66,1.83,0.282574568288854,0.282574568288854,30,4.155,0.715,1265.2,0.0,156.4,0.0,0.0,1421.6000000000001,1734.4,1.0,1.2,0.14951724137931036,1734.4,0.0,1.0,25.304000000000002,805.9324,0.0,101.66000000000001,0.0,0.0,924.0400000000001,0.683611767,3.418058835,,0.010000557944628055,0.01000055448552989,603.3486827091508,3016.743413545754,69.94763091217891,74.99999114737929,0.0,3.5200004154830475,3.7742522020718465,-0.254251786588799,0.0038683739812865937,8.059773665653156,1231.8362263343467,0.0,0.0,8.059773665653156,1388.2362263343468,1388.2362263343468,8.059773665653156,0.004477652036473975,8.059773665653156,35.46300412887389,1701.0362263343468,1701.0362263343468,7484.559395871126,1709.096,1709.096,7520.0224,0.213637,3.0078917748000005,15.039458874000001,0.683611767,24.242926915667777,24.242926915667777,0.0,24.242926915667777,24.242926915667777,0.0,8.059773665653156,0.0,8.059773665653156,35.46300412887389,0.0,1421.6000000000001,-0.06736481108740679,161.3231771949601
92,92,2025,6SB,6,SB,MD,5,OP,MD,4.4,70,8000,1.6,5.0,75,1800,1,4,0.05,0.01,4365.0,0.0,539.0,0.0,0.0,1.0,1.0,1.0,3.66,1.83,0.282574568288854,0.282574568288854,30,4.136,0.708,1746.0,0.0,215.60000000000002,0.0,0.0,1961.6,2392.8,1.0,1.2,0.20627586206896553,2392.8,0.0,1.0,34.92,1112.202,0.0,140.14000000000001,0.0,0.0,1275.04,0.188471815,0.9423590749999999,,0.09111281916225791,0.09111282346748463,160.8423891288828,804.211945644414,69.78472393879731,74.99753749151117,0.0,3.520115577526551,3.783062898286072,-0.26294732075952076,0.01593902779477603,101.33585969790157,1609.7441403020985,0.0,0.0,101.33585969790157,1825.3441403020984,9126.720701510492,101.33585969790157,0.056297699832167536,506.67929848950786,2229.3889133538346,2256.5441403020986,11282.720701510494,49643.971086646176,2357.88,11789.400000000001,51873.36000000001,0.294735,0.829275986,4.14637993,0.188471815,84.03539496813498,84.03539496813498,0.0,420.1769748406749,420.1769748406749,0.0,506.67929848950786,0.0,506.67929848950786,2229.3889133538346,0.0,9808.0,-0.06950646283958162,43.00598639809701
93,93,2025,6SB,6,SB,PM-Shoulder,1,OP,PM,4.4,70,8000,1.6,5.0,75,1800,1,4,0.05,0.01,4521.0,0.0,559.0,0.0,0.0,1.0,1.0,1.0,3.66,1.83,0.282574568288854,0.282574568288854,30,4.135,0.592,1808.4,0.0,223.60000000000002,0.0,0.0,2032.0,2479.2000000000003,1.0,1.2,0.2137241379310345,2479.2000000000003,0.0,1.0,36.168,1151.9508,0.0,145.34000000000003,0.0,0.0,1320.8,0.186849115,0.934245575,,0.05932745654689053,0.05932745657402803,157.39884747462247,786.9942373731124,69.72273036612228,74.99914767962905,1.7128033275929515,3.520040002690678,3.7864265873367966,-0.2663865846461184,0.020547281794268155,68.34231103115579,1703.8896889688444,0.0,0.0,68.34231103115579,1927.4896889688443,1927.4896889688443,68.34231103115579,0.037967950572864326,68.34231103115579,300.7061685370855,2374.6896889688446,2374.6896889688446,10448.634631462917,2443.0320000000006,2443.0320000000006,10749.340800000004,0.30537900000000007,0.8221361060000001,4.110680530000001,0.186849115,56.18668146619527,56.18668146619527,0.0,56.18668146619527,56.18668146619527,0.0,68.34231103115579,0.0,68.34231103115579,300.7061685370855,0.0,2032.0,-0.07035303035770274,42.08525333546055
94,94,2025,6SB,6,SB,PM-Peak,3,Peak,PM,4.4,70,8000,1.6,5.0,75,1800,1,4,0.05,0.01,4840.0,0.0,598.0,0.0,0.0,1.0,1.0,1.0,3.66,1.83,0.282574568288854,0.282574568288854,30,4.135,0.592,1936.0,0.0,239.20000000000002,0.0,0.0,2175.2,2653.6,1.0,1.2,0.22875862068965516,2653.6,0.0,1.0,38.72,1233.232,0.0,155.48000000000002,0.0,0.0,1413.8799999999999,0.212310187,1.061550935,,0.041597730975779436,0.04159773289185191,174.26964051970376,871.3482025985188,69.59446174678149,74.99953084336384,3.028042875707453,3.5200220192225298,3.7934052994124796,-0.27338328018994984,0.030108117337954304,51.29965296672243,1845.9803470332774,0.0,0.0,51.29965296672243,2085.1803470332775,6255.541041099832,51.29965296672243,0.02849980720373468,153.8989589001673,677.1554191607361,2563.5803470332776,7690.741041099833,33839.26058083927,2614.88,7844.64,34516.416000000005,0.32686000000000004,0.9341648228000001,4.670824114000001,0.212310187,47.922331223359755,47.922331223359755,0.0,143.76699367007927,143.76699367007927,0.0,153.8989589001673,0.0,153.8989589001673,677.1554191607361,0.0,6525.599999999999,-0.07206803877041329,46.596160566765704
95,95,2025,6SB,6,SB,PM-Late,3,OP,PM,4.4,70,8000,1.6,5.0,75,1800,1,4,0.05,0.01,4021.0,0.0,497.0,0.0,0.0,1.0,1.0,1.0,3.66,1.83,0.282574568288854,0.282574568288854,30,4.135,0.592,1608.4,0.0,198.8,0.0,0.0,1807.2,2204.8,1.0,1.2,0.1900689655172414,2204.8,0.0,1.0,32.168,1024.5508000000002,0.0,129.22,0.0,0.0,1174.68,0.163716463,0.818582315,,0.08331295716635671,0.08331296041274881,141.7140377361831,708.5701886809153,69.85412883738269,74.99863697303849,0.0,3.5200639725613447,3.779304164175897,-0.25924019161455236,0.010789562063836024,85.35835691515652,1490.8736430848437,0.0,0.0,85.35835691515652,1689.6736430848437,5069.020929254531,85.35835691515652,0.04742130939730918,256.0750707454696,1126.7303112800662,2087.2736430848436,6261.820929254531,27552.012088719937,2172.632,6517.896000000001,28678.742400000003,0.271579,0.7203524372000001,3.601762186,0.163716463,61.48810043922048,61.48810043922048,0.0,184.46430131766144,184.46430131766144,0.0,256.0750707454696,0.0,256.0750707454696,1126.7303112800662,0.0,5421.6,-0.06859468842754059,37.8914539401559
96,96,2025,7NB,7,NB,Night,8,OP,NT,5.6,70,6000,1.6,6.5,75,1800,1,4,0.05,0.01,769.0,0.0,95.0,0.0,0.0,1.0,1.0,1.0,3.66,1.83,0.35502958579881655,0.35502958579881655,30,4.103,0.708,922.8,0.0,114.0,0.0,0.0,1036.8,1264.8,1.0,1.2,0.13175,1264.8,0.0,1.0,18.456,587.8235999999999,0.0,74.10000000000001,0.0,0.0,673.92,0.117777617,0.588888085,,0.2177123286296075,0.21771232862882461,105.13017547469597,525.6508773734798,69.9977445883683,74.99671525640139,0.0,4.480196217277936,4.80015466178083,-0.3199584445028938,0.0002118866397378011,127.97644477943892,776.367555220561,0.0,0.0,127.97644477943892,890.367555220561,7122.940441764488,127.97644477943892,0.07109802487746607,1023.8115582355114,5733.344726118863,1118.367555220561,8946.940441764487,50102.86647388113,1246.3439999999998,9970.751999999999,55836.21119999999,0.20772399999999996,0.6595546552,3.297773276,0.117777617,84.40745991022467,84.40745991022467,0.0,675.2596792817974,675.2596792817974,0.0,1023.8115582355114,0.0,1023.8115582355114,5733.344726118863,0.0,8294.4,-0.06665586153930111,22.08617131821344
97,97,2025,7NB,7,NB,AM-Early,1,OP,AM,5.6,70,6000,1.6,6.5,75,1800,1,4,0.05,0.01,930.0,0.0,115.0,0.0,0.0,1.0,1.0,1.0,3.66,1.83,0.35502958579881655,0.35502958579881655,30,4.155,0.715,1116.0,0.0,138.0,0.0,0.0,1254.0,1530.0,1.0,1.2,0.159375,1530.0,0.0,1.0,22.32,710.892,0.0,89.7,0.0,0.0,815.1,0.169543156,0.84771578,,0.11393482985429419,0.11393483005526898,150.98692743641047,754.9346371820524,69.98908256279093,74.99918599684727,0.0,4.480048623649387,4.800748741041955,-0.3207001173925681,0.0010257752274787197,80.99535906477891,1012.684640935221,0.0,0.0,80.99535906477891,1150.684640935221,1150.684640935221,80.99535906477891,0.04499742170265495,80.99535906477891,453.5740107627619,1426.684640935221,1426.684640935221,7989.433989237237,1507.68,1507.68,8443.008,0.25128,0.9494416736,4.747208368,0.169543156,76.90036926429661,76.90036926429661,0.0,76.90036926429661,76.90036926429661,0.0,80.99535906477891,0.0,80.99535906477891,453.5740107627619,0.0,1254.0,-0.06680210414906307,31.719942738741697
98,98,2025,7NB,7,NB,AM-Peak,2,Peak,AM,5.6,70,6000,1.6,6.5,75,1800,1,4,0.05,0.01,1497.0,0.0,185.0,0.0,0.0,1.0,1.0,1.0,3.66,1.83,0.35502958579881655,0.35502958579881655,30,4.155,0.715,1216.7333462711306,0.0,150.3645083902199,0.0,0.0,1367.0978546613505,1667.8268714417902,1.0,1.2,0.1737319657751865,1667.8268714417902,0.0,1.0,24.334666925422614,775.0591415747102,0.0,97.73693045364294,0.0,0.0,888.6136055298779,0.167837166,0.83918583,,0.11713317860751701,0.11713317898445592,149.2242151435235,746.1210757176175,69.9810722865069,74.99874522978753,0.0,4.48007495286134,4.801298251395676,-0.32122329853433573,0.0017786044120763754,90.78514086145935,1101.6135384842485,0.0,0.0,90.78514086145935,1251.9780468744684,2503.956093748937,90.78514086145935,0.050436189367477416,181.5702817229187,1016.7935776483447,1552.707063654908,3105.414127309816,17390.31911293497,1643.4922045163676,3286.984409032735,18407.112690583315,0.2739153674193946,0.9398881296,4.6994406479999995,0.167837166,85.32787623974957,85.32787623974957,0.0,170.65575247949914,170.65575247949914,0.0,181.5702817229187,0.0,181.5702817229187,1016.7935776483447,0.0,2734.195709322701,-0.06690342522274267,31.349625030152
99,99,2025,7NB,7,NB,AM-Shoulder,1,OP,AM,5.6,70,6000,1.6,6.5,75,1800,1,4,0.05,0.01,1769.0,0.0,219.0,0.0,0.0,1.0,1.0,1.0,3.66,1.83,0.35502958579881655,0.35502958579881655,30,4.155,0.715,1216.1524054330284,0.0,150.55815533625395,0.0,0.0,1366.7105607692824,1667.8268714417902,1.0,1.2,0.1737319657751865,1667.8268714417902,0.0,1.0,24.32304810866057,774.6890822608392,0.0,97.86280096856507,0.0,0.0,888.3618645000336,0.174664118,0.8733205900000001,,0.10657956552251692,0.10657956594921011,155.26319943323486,776.3159971661744,69.98042200661105,74.9990673920785,0.0,4.480055708472566,4.801342866555707,-0.3212871580831411,0.001839727181319169,82.56602580239762,1109.2633315219703,0.0,0.0,82.56602580239762,1259.8214868582243,1259.8214868582243,82.56602580239762,0.045870014334665345,82.56602580239762,462.36974449342665,1560.937797530732,1560.937797530732,8741.251666172098,1643.5038233331297,1643.5038233331297,9203.621410665524,0.27391730388885493,0.9781190608,4.890595304,0.174664118,80.75940361182973,80.75940361182973,0.0,80.75940361182973,80.75940361182973,0.0,82.56602580239762,0.0,82.56602580239762,462.36974449342665,0.0,1366.7105607692824,-0.06691610389274694,32.61831920866279
100,100,2025,7NB,7,NB,MD,5,OP,MD,5.6,70,6000,1.6,6.5,75,1800,1,4,0.05,0.01,2550.0,0.0,315.0,0.0,0.0,1.0,1.0,1.0,3.66,1.83,0.35502958579881655,0.35502958579881655,30,4.136,0.708,1216.8693911807052,0.0,150.31916008702828,0.0,0.0,1367.1885512677334,1667.82687144179,1.0,1.2,0.17373196577518646,1667.82687144179,0.0,1.0,24.337387823614105,775.1458021821093,0.0,97.70745405656838,0.0,0.0,888.6725583240267,0.415252552,2.07626276,,0.010001640437323803,0.010001026235529453,368.526409751508,1842.6320487575406,69.97358201963667,74.99999242371288,0.0,4.480000452556929,4.801812202578231,-0.32181175002130136,0.0024827175321760187,7.752729599926381,1184.7792737571647,0.0,0.0,7.752729599926381,1335.0984338441929,6675.492169220965,7.752729599926381,0.004307071999959101,38.76364799963191,217.07642879793866,1635.7367540182495,8178.683770091247,45800.629112510986,1643.4894836181759,8217.44741809088,46017.705541308926,0.27391491393636264,2.3254142912,11.627071456,0.415252552,18.028308207478066,18.028308207478066,0.0,90.14154103739033,90.14154103739033,0.0,38.76364799963191,0.0,38.76364799963191,217.07642879793866,0.0,6835.942756338667,-0.06701881215773316,77.42151465367817
101,101,2025,7NB,7,NB,PM-Shoulder,1,OP,PM,5.6,70,6000,1.6,6.5,75,1800,1,4,0.05,0.01,3265.0,0.0,404.0,0.0,0.0,1.0,1.0,1.0,3.66,1.83,0.35502958579881655,0.35502958579881655,30,4.135,0.592,1306.0,0.0,161.60000000000002,0.0,0.0,1467.6,1790.8000000000002,1.0,1.2,0.1865416666666667,1790.8000000000002,0.0,1.0,26.12,831.9220000000001,0.0,105.04000000000002,0.0,0.0,953.9399999999999,1.419297409,7.096487045,,0.010001084383793794,0.010001100718638979,1255.4355857845935,6277.177928922968,69.95805939005545,74.99998994852224,0.0,4.480000600408352,4.802877651688584,-0.3228770512802317,0.003942382813359591,8.320122122734501,1271.5598778772655,0.0,0.0,8.320122122734501,1433.1598778772654,1433.1598778772654,8.320122122734501,0.004622290068185834,8.320122122734501,46.59268388731321,1756.3598778772657,1756.3598778772657,9835.615316112688,1764.6800000000003,1764.6800000000003,9882.208,0.2941133333333334,7.9480654903999985,39.740327451999995,1.419297409,66.12887551961967,66.12887551961967,0.0,66.12887551961967,66.12887551961967,0.0,8.320122122734501,0.0,8.320122122734501,46.59268388731321,0.0,1467.6,-0.06722574978913223,263.7469718034861
102,102,2025,7NB,7,NB,PM-Peak,3,Peak,PM,5.6,70,6000,1.6,6.5,75,1800,1,4,0.05,0.01,3772.0,0.0,466.0,0.0,0.0,1.0,1.0,1.0,3.66,1.83,0.35502958579881655,0.35502958579881655,30,4.135,0.592,2932.5413302551465,0.0,362.2916913835891,0.0,0.0,3294.8330216387358,4019.416404405914,1.0,1.2,0.4186892087922827,4019.416404405914,0.0,1.0,58.65082660510293,1868.0288273725284,0.0,235.48959939933295,0.0,0.0,2141.6414640651783,1.202351064,6.01175532,,0.010001292453429532,0.010000970604400472,394.1795223496823,1970.897611748412,62.79000351533067,74.999744470477,8.733562299143768,4.480015263682178,5.351170268973834,-0.8711550052916559,0.7551032684941523,18.682702613989687,2855.207801036054,0.0,0.0,18.682702613989687,3217.4994924196435,9652.49847725893,18.682702613989687,0.01037927922999427,56.048107841969056,313.8694039150267,3942.0828751868216,11826.248625560465,66226.9923031386,3960.765577800811,11882.296733402434,66540.86170705363,0.6601275963001352,6.733165958399999,33.665829792,1.202351064,125.79373725142604,125.79373725142604,0.0,377.3812117542781,377.3812117542781,0.0,56.048107841969056,0.0,56.048107841969056,313.8694039150267,0.0,9884.499064916206,-0.16279710072815767,82.81082402304253
103,103,2025,7NB,7,NB,PM-Late,3,OP,PM,5.6,70,6000,1.6,6.5,75,1800,1,4,0.05,0.01,2896.0,0.0,358.0,0.0,0.0,1.0,1.0,1.0,3.66,1.83,0.35502958579881655,0.35502958579881655,30,4.135,0.592,1216.6313903514922,0.0,150.39849369676594,0.0,0.0,1367.029884048258,1667.82687144179,1.0,1.2,0.17373196577518646,1667.82687144179,0.0,1.0,24.332627807029844,774.9941956539005,0.0,97.75902090289786,0.0,0.0,888.5694246313677,0.187399184,0.93699592,,0.04900350545106351,0.049003505579644155,166.4207553933195,832.1037769665975,69.97655511635,74.99989230307585,0.0,4.4800064331055065,4.801608187789937,-0.32160175468443075,0.0022032172722143196,37.97743229126849,1154.3213302531938,0.0,0.0,37.97743229126849,1304.7198239499596,3914.159471849879,37.97743229126849,0.021098573495149164,113.93229687380548,638.0208624933107,1605.5168113434916,4816.550434030474,26972.682430570654,1643.49424363476,4930.482730904279,27610.703293063965,0.27391570727246,1.0494354304,5.247177152,0.187399184,39.85486300207421,39.85486300207421,0.0,119.56458900622263,119.56458900622263,0.0,113.93229687380548,0.0,113.93229687380548,638.0208624933107,0.0,4101.089652144774,-0.06697792533389864,34.962343570025105
104,104,2025,7SB,7,SB,Night,8,OP,NT,5.6,70,6000,1.6,5.0,75,1800,1,4,0.05,0.01,729.0,0.0,90.0,0.0,0.0,1.0,1.0,1.0,3.66,1.83,0.35502958579881655,0.35502958579881655,30,4.103,0.708,791.4598435455255,0.0,97.71109179574388,0.0,0.0,889.1709353412693,1084.593118932757,1.0,1.2,0.11297844988882887,1084.593118932757,0.0,1.0,15.82919687091051,504.1599203384997,0.0,63.51220966723353,0.0,0.0,577.9611079718251,0.147646003,0.738230015,,0.13689177418905082,0.1368917742977172,131.3451741865153,656.7258709325763,69.98444280925935,74.99962977584127,0.0,4.480022114832248,4.801067015933222,-0.32104490110097395,0.0014618118285138035,69.01534597014775,706.6153007044671,0.0,0.0,69.01534597014775,804.326392500211,6434.611140001688,69.01534597014775,0.038341858872304305,552.122767761182,3091.887499462619,999.7485760916989,7997.988608733591,44788.73620890811,1068.7639220618466,8550.111376494773,47880.623708370724,0.1781273203436411,0.8268176168,4.134088083999999,0.147646003,57.06310387766504,57.06310387766504,0.0,456.50483102132034,456.50483102132034,0.0,552.122767761182,0.0,552.122767761182,3091.887499462619,0.0,7113.367482730155,-0.06686948964376618,27.593523988763714
105,105,2025,7SB,7,SB,AM-Early,1,OP,AM,5.6,70,6000,1.6,5.0,75,1800,1,4,0.05,0.01,2298.0,0.0,284.0,0.0,0.0,1.0,1.0,1.0,3.66,1.83,0.35502958579881655,0.35502958579881655,30,4.155,0.715,919.2,0.0,113.60000000000001,0.0,0.0,1032.8,1260.0,1.0,1.2,0.13125,1260.0,0.0,1.0,18.384,585.5304,0.0,73.84,0.0,0.0,671.32,0.795369856,3.9768492799999997,,0.010001454499234218,0.010001170158968595,703.1345855110359,3515.6729275551793,69.95533972889274,74.9999975333198,0.0,4.480000147343035,4.803064373672483,-0.3230642263294481,0.004198191931302159,5.856155653518411,894.9598443464816,0.0,0.0,5.856155653518411,1008.5598443464817,1008.5598443464817,5.856155653518411,0.0032534198075102284,5.856155653518411,32.7944716597031,1235.7598443464817,1235.7598443464817,6920.255128340297,1241.6160000000002,1241.6160000000002,6953.0496,0.20693600000000004,4.4540711936,22.270355967999997,0.795369856,26.08373420157414,26.08373420157414,0.0,26.08373420157414,26.08373420157414,0.0,5.856155653518411,0.0,5.856155653518411,32.7944716597031,0.0,1032.8,-0.06726210627121558,147.71734989727645
106,106,2025,7SB,7,SB,AM-Peak,2,Peak,AM,5.6,70,6000,1.6,5.0,75,1800,1,4,0.05,0.01,3435.0,0.0,425.0,0.0,0.0,1.0,1.0,1.0,3.66,1.83,0.35502958579881655,0.35502958579881655,30,4.155,0.715,1374.0,0.0,170.0,0.0,0.0,1544.0,1884.0,1.0,1.2,0.19625,1884.0,0.0,1.0,27.48,875.238,0.0,110.5,0.0,0.0,1003.6,1.233788573,6.168942865,,0.010001416577998919,0.010001102488990578,1027.6099676173449,5138.049838086724,69.66758076973319,74.99998768546364,4.0937578438107325,4.480000735588426,4.822903225397686,-0.3429024898092594,0.03137741879482947,8.753619842894619,1337.7663801571055,0.0,0.0,8.753619842894619,1507.7663801571055,3015.532760314211,8.753619842894619,0.004863122134941455,17.507239685789237,98.04054224041973,1847.7663801571055,3695.532760314211,20694.98345775958,1856.52,3713.04,20793.023999999998,0.30942,6.9092160088,34.546080044,1.233788573,60.48065035347684,60.48065035347684,0.0,120.96130070695368,120.96130070695368,0.0,17.507239685789237,0.0,17.507239685789237,98.04054224041973,0.0,3088.0,-0.07109877055038451,215.88444697843383
107,107,2025,7SB,7,SB,AM-Shoulder,1,OP,AM,5.6,70,6000,1.6,5.0,75,1800,1,4,0.05,0.01,3333.0,0.0,412.0,0.0,0.0,1.0,1.0,1.0,3.66,1.83,0.35502958579881655,0.35502958579881655,30,4.155,0.715,1333.2,0.0,164.8,0.0,0.0,1498.0,1827.6000000000001,1.0,1.2,0.19037500000000002,1827.6000000000001,0.0,1.0,26.664,849.2484000000001,0.0,107.12,0.0,0.0,973.7,0.683611767,3.418058835,,0.010001316124932312,0.010001748260000097,574.7858897470765,2873.9294487353823,69.71425684224222,74.99998908438656,2.541525492889148,4.480000652026071,4.819674127206736,-0.33967347518066493,0.026953554273228552,8.493601716992966,1298.042398283007,0.0,0.0,8.493601716992966,1462.842398283007,1462.842398283007,8.493601716992966,0.004718667620551648,8.493601716992966,47.56416961516061,1792.4423982830072,1792.4423982830072,10037.67743038484,1800.9360000000001,1800.9360000000001,10085.241600000001,0.30015600000000003,3.8282258952,19.141129476,0.683611767,32.515426036507655,32.515426036507655,0.0,32.515426036507655,32.515426036507655,0.0,8.493601716992966,0.0,8.493601716992966,47.56416961516061,0.0,1498.0,-0.07047644015250555,120.75333818215893
108,108,2025,7SB,7,SB,MD,5,OP,MD,5.6,70,6000,1.6,5.0,75,1800,1,4,0.05,0.01,2635.0,0.0,326.0,0.0,0.0,1.0,1.0,1.0,3.66,1.83,0.35502958579881655,0.35502958579881655,30,4.136,0.708,1054.0,0.0,130.4,0.0,0.0,1184.4,1445.2,1.0,1.2,0.15054166666666668,1445.2,0.0,1.0,21.080000000000002,671.398,0.0,84.76,0.0,0.0,769.8600000000001,0.188471815,0.9423590749999999,,0.0845724552376644,0.08457245638275122,165.58244971188472,827.9122485594236,69.925766063857,74.99973741677744,0.0,4.480015685026077,4.805095730995082,-0.3250800459690053,0.006981151463261478,56.78177730165741,976.1382226983426,0.0,0.0,56.78177730165741,1106.5382226983427,5532.691113491714,56.78177730165741,0.031545431834254116,283.908886508287,1589.8897644464073,1367.3382226983426,6836.691113491714,38285.47023555359,1424.1200000000001,7120.6,39875.36,0.23735333333333336,1.0554421639999998,5.27721082,0.188471815,59.929881911027366,59.929881911027366,0.0,299.6494095551368,299.6494095551368,0.0,283.908886508287,0.0,283.908886508287,1589.8897644464073,0.0,5922.0,-0.06765318823350161,34.78622893106822
109,109,2025,7SB,7,SB,PM-Shoulder,1,OP,PM,5.6,70,6000,1.6,5.0,75,1800,1,4,0.05,0.01,2723.0,0.0,336.0,0.0,0.0,1.0,1.0,1.0,3.66,1.83,0.35502958579881655,0.35502958579881655,30,4.135,0.592,1089.2,0.0,134.4,0.0,0.0,1223.6000000000001,1492.4,1.0,1.2,0.15545833333333334,1492.4,0.0,1.0,21.784000000000002,693.8204,0.0,87.36000000000001,0.0,0.0,795.3400000000001,0.186849115,0.934245575,,0.05215719628698989,0.052157196656131645,163.46164532987456,817.3082266493728,69.90581094404091,74.99991930702583,0.0,4.48000482006551,4.806467380357915,-0.3264625602924056,0.008860311090344573,36.18772679071784,1031.2282732092822,0.0,0.0,36.18772679071784,1165.6282732092823,1165.6282732092823,36.18772679071784,0.020104292661509912,36.18772679071784,202.6512700280199,1434.4282732092822,1434.4282732092822,8032.79832997198,1470.616,1470.616,8235.4496,0.24510266666666666,1.046355044,5.23177522,0.186849115,37.865210458361545,37.865210458361545,0.0,37.865210458361545,37.865210458361545,0.0,36.18772679071784,0.0,36.18772679071784,202.6512700280199,0.0,1223.6000000000001,-0.06792151791698947,34.340681791990455
110,110,2025,7SB,7,SB,PM-Peak,3,Peak,PM,5.6,70,6000,1.6,5.0,75,1800,1,4,0.05,0.01,2613.0,0.0,323.0,0.0,0.0,1.0,1.0,1.0,3.66,1.83,0.35502958579881655,0.35502958579881655,30,4.135,0.592,1045.2,0.0,129.20000000000002,0.0,0.0,1174.4,1432.8000000000002,1.0,1.2,0.14925000000000002,1432.8000000000002,0.0,1.0,20.904,665.7924,0.0,83.98000000000002,0.0,0.0,763.3600000000001,0.212310187,1.061550935,,0.03252363031100375,0.03252363073408613,186.27059751522444,931.3529875761224,69.91949519879873,74.99997656335877,0.0,4.48000139994914,4.805526685292384,-0.325525285343244,0.007571558850566473,21.653985881475933,1002.6420141185241,0.0,0.0,21.653985881475933,1131.842014118524,3395.526042355572,21.653985881475933,0.012029992156375518,64.9619576444278,363.78696280879564,1390.2420141185241,4170.726042355573,23356.065837191207,1411.8960000000002,4235.688,23719.852800000004,0.23531600000000003,1.1889370472,5.944685236,0.212310187,25.745226034032484,25.745226034032484,0.0,77.23567810209745,77.23567810209745,0.0,64.9619576444278,0.0,64.9619576444278,363.78696280879564,0.0,3523.2000000000003,-0.06773977269537063,39.132478469584974
111,111,2025,7SB,7,SB,PM-Late,3,OP,PM,5.6,70,6000,1.6,5.0,75,1800,1,4,0.05,0.01,2089.0,0.0,258.0,0.0,0.0,1.0,1.0,1.0,3.66,1.83,0.35502958579881655,0.35502958579881655,30,4.135,0.592,835.6,0.0,103.2,0.0,0.0,938.8000000000001,1145.2,1.0,1.2,0.11929166666666667,1145.2,0.0,1.0,16.712,532.2772,0.0,67.08,0.0,0.0,610.22,0.163716463,0.818582315,,0.07689158418849558,0.07689158463685127,145.38228691956255,726.9114345978128,69.97635735413239,74.99992114018775,0.0,4.480004710564405,4.801621757754411,-0.3216170471900064,0.0022218081235438406,40.927637135416695,777.9603628645833,0.0,0.0,40.927637135416695,881.1603628645834,2643.48108859375,40.927637135416695,0.022737576186342607,122.7829114062501,687.5843038750005,1087.5603628645833,3262.6810885937502,18271.014096125,1128.488,3385.4640000000004,18958.5984,0.18808133333333335,0.9168121927999999,4.584060964,0.163716463,37.52295674824409,37.52295674824409,0.0,112.56887024473227,112.56887024473227,0.0,122.7829114062501,0.0,122.7829114062501,687.5843038750005,0.0,2816.4,-0.06698092090877604,30.542497252008943
