,index,Year,SegDir,Segment,Direction,Period,Hours/Day,Peak,4Periods,Length,Speed GP,Capacity GP,Alpha GP,Beta GP,Speed ML,Capacity ML,Alpha ML,Beta ML,MinToll,MinCapture,AADT Lights,AADT MediumA,AADT MediumB,AADT HeavyA,AADT HeavyB,GrowthFactor,GrowthFactor_medium,GrowthFactor_heavy,MaxToll,Soft Cap,MaxCapture,MaxCap_aux,Min Speed,B1,B2,TotalLights,TotalMediumA,TotalMediumB,TotalHeavyA,TotalHeavyB,TotalVeh,Corridor PCE pre-fix,Suppressed ratio ref,Max VC,Suppressed ratio,Corridor PCE,Suppressed Demand,PCE ratio,HOV3,InScopeLights,InScopeMediumA,InScopeMediumB,InScopeHeavyA,InScopeHeavyB,InScopeVeh,TollLights,TollMediumA,TollMediumB,CaptureRateLights,CaptureRateMediumA,VOT Lights,VOT MediumA,Speed GP Real,Speed ML Real,Bounus Seg,Time ML,Time GP,Time Savings,BonusRel,MLVeh_Lights,GPVeh_Lights,MLVeh_MediumA,GPVeh_MediumA,MLVeh,GPVeh,GPVehDay,ML PCE,ML V/C,ML Volume,ML PCE Total,GP PCE,GP Volume,GP PCE Total,Highway PCE,Highway Volume,Highway PCE Total,Highway V/C,TollLightsPerSeg,TollMediumAPerSeg,TollBlend,RevenuePerHour,RevenuePerHourLights,RevenuePerHourMediumA,RevenuePerDay,RevenuePerDayLights,RevenuePerDayMediumA,TransactionsDay_Lights,TransactionsDay_MediumA,TransactionsDay,TransactionsLightsLength,TransactionsMediumALength,TotalVeh_hours,Difference in Travel Time,Implied Min VOT
0,0,2025,1NB,1,NB,Night,8,OP,NT,3.0,70,12000,1.6,6.5,75,1800,1,4,0.05,0.01,2238.0,0.0,277.0,0.0,0.0,1.0,1.0,1.0,1.83,0.915,0.13729977116704806,0.13729977116704806,30,4.103,0.708,2258.704789728038,0.0,279.5626571736669,0.0,0.0,2538.267446901705,3097.392761249039,1.0,1.2,0.19855081802878455,3097.392761249039,0.0,1.0,45.17409579456076,2102.8541592368033,0.0,265.5845243149835,0.0,0.0,2411.3540745566197,0.14481953488319196,0.7240976744159598,,0.13728256348120124,0.13728184848701816,131.17441883508,655.8720941754,69.99109206487034,74.91134331130645,0.0,2.402840371610749,2.5717558433460264,-0.1689154717352772,0.0004483625269134137,288.68520960713454,1924.8454843263428,0.0,0.0,288.68520960713454,2204.4081415000096,17635.265132000077,288.68520960713454,0.16038067200396364,2309.4816768570763,6928.445030571229,2763.5334558473432,22108.267646778746,66324.80294033623,3052.2186654544776,24417.74932363582,73253.24797090745,0.2543515554545398,0.43445860464957586,2.1722930232478794,0.14481953488319196,125.421773348886,125.421773348886,0.0,1003.374186791088,1003.374186791088,0.0,2309.4816768570763,0.0,2309.4816768570763,6928.445030571229,0.0,20306.13957521364,-0.06568099074113773,154.3228456883294
1,1,2025,1NB,1,NB,AM-Early,1,OP,AM,3.0,70,12000,1.6,6.5,75,1800,1,4,0.05,0.01,1841.0,0.0,228.0,0.0,0.0,1.0,1.0,1.0,1.83,0.915,0.13729977116704806,0.13729977116704806,30,4.155,0.715,2209.2,0.0,273.59999999999997,0.0,0.0,2482.7999999999997,3030.0,1.0,1.2,0.19423076923076923,3030.0,0.0,1.0,44.184,2056.7651999999994,0.0,259.91999999999996,0.0,0.0,2358.66,0.15389194873485526,0.7694597436742763,,0.13729636501829945,0.13729664082367224,139.2300907580492,696.1504537902459,69.99227846219222,74.91882764448636,0.0,2.4026003297082705,2.571712251048246,-0.16911192133997544,0.00038864107895403814,282.3863856561356,1882.6296143438642,0.0,0.0,282.3863856561356,2156.2296143438643,2156.2296143438643,282.3863856561356,0.15688132536451976,282.3863856561356,847.1591569684067,2703.429614343864,2703.429614343864,8110.2888430315925,2985.816,2985.816,8957.447999999999,0.24881799999999998,0.4616758462045658,2.308379231022829,0.15389194873485526,130.37097355444527,130.37097355444527,0.0,130.37097355444527,130.37097355444527,0.0,282.3863856561356,0.0,282.3863856561356,847.1591569684067,0.0,2482.7999999999997,-0.06575849272057725,163.8001067741755
2,2,2025,1NB,1,NB,AM-Peak,2,Peak,AM,3.0,70,12000,1.6,6.5,75,1800,1,4,0.05,0.01,4183.0,0.0,517.0,0.0,0.0,1.0,1.0,1.0,1.83,0.915,0.13729977116704806,0.13729977116704806,30,4.155,0.715,2509.7999999999997,0.0,310.2,0.0,0.0,2819.9999999999995,3440.3999999999996,1.0,1.2,0.22053846153846152,3440.3999999999996,0.0,1.0,50.196,2336.6238,0.0,294.69,0.0,0.0,2678.9999999999995,0.15264490416041757,0.7632245208020878,,0.13729959610463863,0.13729966317140746,139.22791887800113,696.1395943900058,69.9823778998558,74.86487150750135,0.0,2.4043319166314774,2.572076076888649,-0.16774416025717143,0.0008870824803061038,320.8175039884859,2138.786496011514,0.0,0.0,320.8175039884859,2448.9864960115137,4897.9729920230275,320.8175039884859,0.17823194666026995,641.6350079769718,1924.9050239309154,3069.386496011514,6138.772992023028,18416.318976069084,3390.2039999999997,6780.407999999999,20341.224,0.28251699999999996,0.4579347124812527,2.2896735624062634,0.15264490416041757,146.91347144792044,146.91347144792044,0.0,293.8269428958409,293.8269428958409,0.0,641.6350079769718,0.0,641.6350079769718,1924.9050239309154,0.0,5639.999999999999,-0.06521741785339635,163.7975516211778
3,3,2025,1NB,1,NB,AM-Shoulder,1,OP,AM,3.0,70,12000,1.6,6.5,75,1800,1,4,0.05,0.01,4812.0,0.0,595.0,0.0,0.0,1.0,1.0,1.0,1.83,0.915,0.13729977116704806,0.13729977116704806,30,4.155,0.715,2887.2,0.0,357.0,0.0,0.0,3244.2,3958.2,1.0,1.2,0.2537307692307692,3958.2,0.0,1.0,57.744,2687.9831999999997,0.0,339.15,0.0,0.0,3081.99,0.15056180564784313,0.7528090282392157,,0.13729506656194387,0.13729647651243734,139.2287643543063,696.1438217715315,69.95617560870288,74.76370142526024,0.0,2.407585453482963,2.5730394555417515,-0.16545400205878869,0.002206911235056562,369.04683236138686,2460.409167638613,0.0,0.0,369.04683236138686,2817.409167638613,2817.409167638613,369.04683236138686,0.20502601797854825,369.04683236138686,1107.1404970841606,3531.409167638613,3531.409167638613,10594.227502915839,3900.4559999999997,3900.4559999999997,11701.368,0.325038,0.45168541694352937,2.2584270847176473,0.15056180564784313,166.6930723468418,166.6930723468418,0.0,166.6930723468418,166.6930723468418,0.0,369.04683236138686,0.0,369.04683236138686,1107.1404970841606,0.0,3244.2,-0.06430294012881838,163.7985462991839
4,4,2025,1NB,1,NB,MD,5,OP,MD,3.0,70,12000,1.6,6.5,75,1800,1,4,0.05,0.01,5111.0,0.0,632.0,0.0,0.0,1.0,1.0,1.0,1.83,0.915,0.13729977116704806,0.13729977116704806,30,4.136,0.708,3066.6,0.0,379.2,0.0,0.0,3445.7999999999997,4204.2,1.0,1.2,0.26949999999999996,4204.2,0.0,1.0,61.332,2855.0045999999998,0.0,360.23999999999995,0.0,0.0,3273.5099999999998,0.14545543346393514,0.7272771673196756,,0.1372929162849396,0.13729695984841947,135.5678008210656,677.8390041053278,69.93516639082416,74.69954062351736,0.3160808168745199,2.4096533726652036,2.5738124221238268,-0.16415904945862314,0.0032658754525003095,391.9719075409174,2613.2960924590825,0.0,0.0,391.9719075409174,2992.4960924590823,14962.48046229541,391.9719075409174,0.21776217085606522,1959.8595377045872,5879.578613113761,3750.8960924590824,18754.48046229541,56263.44138688623,4142.8679999999995,20714.339999999997,62143.01999999999,0.34523899999999996,0.4363663003918054,2.181831501959027,0.14545543346393514,171.04333115114895,171.04333115114895,0.0,855.2166557557448,855.2166557557448,0.0,1959.8595377045872,0.0,1959.8595377045872,5879.578613113761,0.0,17229.0,-0.06378050243582413,159.49153037772422
5,5,2025,1NB,1,NB,PM-Shoulder,1,OP,PM,3.0,70,12000,1.6,6.5,75,1800,1,4,0.05,0.01,6757.0,0.0,835.0,0.0,0.0,1.0,1.0,1.0,1.83,0.915,0.13729977116704806,0.13729977116704806,30,4.135,0.592,8108.4,0.0,1002.0,0.0,0.0,9110.4,11114.4,1.0,1.2,0.7124615384615385,11114.4,0.0,1.0,162.168,7548.9204,0.0,951.9,0.0,0.0,8654.88,0.914997599805921,4.574987999029605,,0.1299163665895352,0.13078737657705244,121.46481201150237,607.3240600575118,45.6548228195217,64.51438591980146,1.0057451825390293,2.7900753829349005,3.9426283771061574,-1.152552994171257,1.878543733778293,980.7283100416207,6965.503689958379,0.0,0.0,980.7283100416207,7967.503689958379,7967.503689958379,980.7283100416207,0.5448490611342337,980.7283100416207,2942.184930124862,9971.50368995838,9971.50368995838,29914.511069875138,10952.232,10952.232,32856.695999999996,0.912686,2.744992799417763,13.724963997088814,0.914997599805921,2692.0921492494003,2692.0921492494003,0.0,2692.0921492494003,2692.0921492494003,0.0,980.7283100416207,0.0,980.7283100416207,2942.184930124862,0.0,9110.4,-0.2923311263277664,142.8997788370616
6,6,2025,1NB,1,NB,PM-Peak,3,Peak,PM,3.0,70,12000,1.6,6.5,75,1800,1,4,0.05,0.01,6670.0,0.0,824.0,0.0,0.0,1.0,1.0,1.0,1.83,0.915,0.13729977116704806,0.13729977116704806,30,4.135,0.592,8004.0,0.0,988.8,0.0,0.0,8992.8,10970.4,1.0,1.2,0.7032307692307692,10970.4,0.0,1.0,160.08,7451.724,0.0,939.3599999999999,0.0,0.0,8543.159999999998,0.9149994400225948,4.574997200112974,,0.12501601774838217,0.12585742439785802,123.16770433170196,615.8385216585098,46.61621311464812,66.06238665786142,1.7256558799331152,2.7246972007267014,3.861317511083691,-1.1366203103569896,1.7671478473275146,931.5848598400454,6912.335140159955,0.0,0.0,931.5848598400454,7901.135140159955,23703.405420479867,931.5848598400454,0.5175471443555808,2794.7545795201363,8384.263738560408,9878.735140159955,29636.205420479866,88908.6162614396,10810.320000000002,32430.960000000003,97292.88,0.9008600000000001,2.7449983200677845,13.724991600338921,0.9149994400225948,2557.198875261507,2557.198875261507,0.0,7671.596625784521,7671.596625784521,0.0,2794.7545795201363,0.0,2794.7545795201363,8384.263738560408,0.0,26978.399999999998,-0.294360747877994,144.90318156670818
7,7,2025,1NB,1,NB,PM-Late,3,OP,PM,3.0,70,12000,1.6,6.5,75,1800,1,4,0.05,0.01,6393.0,0.0,790.0,0.0,0.0,1.0,1.0,1.0,1.83,0.915,0.13729977116704806,0.13729977116704806,30,4.135,0.592,6191.704565799619,0.0,765.1253882342717,0.0,0.0,6956.82995403389,8487.080730502434,1.0,1.2,0.5440436365706688,8487.080730502434,0.0,1.0,123.83409131599238,5764.476950759445,0.0,726.8691188225581,0.0,0.0,6608.988456332196,0.36307059290645977,1.8153529645322988,,0.0941190354803465,0.09432870261841911,136.07690787534247,680.3845393767123,63.08470599004137,73.61713563821284,1.400797216018879,2.4450829068465745,2.8533064738133995,-0.40822356696682505,0.38617272626721494,542.5470106541678,5525.323463829458,0.0,0.0,542.5470106541678,6290.44885206373,18871.346556191187,542.5470106541678,0.3014150059189821,1627.6410319625033,4882.9230958875105,7820.699628532273,23462.098885596817,70386.29665679045,8363.24663918644,25089.73991755932,75269.21975267796,0.6969372199322034,1.0892117787193794,5.446058893596897,0.36307059290645977,590.9485945135082,590.9485945135082,0.0,1772.8457835405245,1772.8457835405245,0.0,1627.6410319625033,0.0,1627.6410319625033,4882.9230958875105,0.0,20870.48986210167,-0.1430703538906007,160.09047985334405
8,8,2025,1SB,1,SB,Night,8,OP,NT,3.0,70,12000,1.6,5.0,75,1800,1,4,0.05,0.01,1637.0,0.0,202.0,0.0,0.0,1.0,1.0,1.0,1.83,0.915,0.13729977116704806,0.13729977116704806,30,4.103,0.708,1470.0481602450802,0.0,181.39873449572767,0.0,0.0,1651.446894740808,2014.244363732263,1.0,1.2,0.12911822844437584,2014.244363732263,0.0,1.0,29.400963204901604,1368.6148371881695,0.0,172.32879777094126,0.0,0.0,1568.8745500037674,0.14682113507398598,0.7341056753699299,,0.13729433692432033,0.13729552245176188,131.1708662080416,655.854331040208,69.99085539920748,74.98407240795439,0.0,2.400509791208745,2.571764539429221,-0.1712547482204756,0.00046027616088984395,187.90306657653636,1252.7441304636423,0.0,0.0,187.90306657653636,1434.14286495937,11473.14291967496,187.90306657653636,0.1043905925425202,1503.224532612291,4509.673597836872,1796.9403339508253,14375.522671606603,43126.56801481981,1984.8434005273616,15878.747204218893,47636.24161265668,0.16540361671061346,0.4404634052219579,2.2023170261097897,0.14682113507398598,82.76442455594947,82.76442455594947,0.0,662.1153964475958,662.1153964475958,0.0,1503.224532612291,0.0,1503.224532612291,4509.673597836872,0.0,13211.575157926463,-0.0665903684395944,154.31866612710778
9,9,2025,1SB,1,SB,AM-Early,1,OP,AM,3.0,70,12000,1.6,5.0,75,1800,1,4,0.05,0.01,4573.0,0.0,565.0,0.0,0.0,1.0,1.0,1.0,1.83,0.915,0.13729977116704806,0.13729977116704806,30,4.155,0.715,2743.7999999999997,0.0,339.0,0.0,0.0,3082.7999999999997,3760.7999999999997,1.0,1.2,0.24107692307692305,3760.7999999999997,0.0,1.0,54.876,2554.477799999999,0.0,322.05,0.0,0.0,2928.6599999999994,0.15730735768993426,0.7865367884496712,,0.13729233513625072,0.13729869032680495,139.22893756268695,696.1446878134346,69.79305495836505,74.80716496098343,0.0,2.4061866278969557,2.57905317523898,-0.1728665473420241,0.01044570722025971,350.71022221571235,2338.2137777842872,0.0,0.0,350.71022221571235,2677.2137777842872,2677.2137777842872,350.71022221571235,0.1948390123420624,350.71022221571235,1052.130666647137,3355.2137777842872,3355.2137777842872,10065.641333352862,3705.9239999999995,3705.9239999999995,11117.771999999999,0.30882699999999996,0.47192207306980277,2.3596103653490137,0.15730735768993426,165.50789511481017,165.50789511481017,0.0,165.50789511481017,165.50789511481017,0.0,350.71022221571235,0.0,350.71022221571235,1052.130666647137,0.0,3082.7999999999997,-0.0670271357728039,163.79875007374935
10,10,2025,1SB,1,SB,AM-Peak,2,Peak,AM,3.0,70,12000,1.6,5.0,75,1800,1,4,0.05,0.01,7757.0,0.0,959.0,0.0,0.0,1.0,1.0,1.0,1.83,0.915,0.13729977116704806,0.13729977116704806,30,4.155,0.715,4654.2,0.0,575.4,0.0,0.0,5229.599999999999,6380.4,1.0,1.2,0.409,6380.4,0.0,1.0,93.084,4333.0602,0.0,546.63,0.0,0.0,4968.119999999999,0.2522862782763158,1.261431391381579,,0.11642589007777111,0.11652013352529357,149.5578180415877,747.7890902079383,66.98311789799531,74.09994980253583,1.1825981286358347,2.4291514431476724,2.6872442736110242,-0.25809283046335185,0.15866751198996004,504.4803905455649,4056.6356094544353,0.0,0.0,504.4803905455649,4632.035609454435,9264.07121890887,504.4803905455649,0.28026688363642493,1008.9607810911298,3026.8823432733893,5782.835609454435,11565.67121890887,34697.01365672661,6287.316,12574.632,37723.896,0.5239429999999999,0.7568588348289473,3.784294174144737,0.2522862782763158,381.8204405823685,381.8204405823685,0.0,763.640881164737,763.640881164737,0.0,1008.9607810911298,0.0,1008.9607810911298,3026.8823432733893,0.0,10459.199999999999,-0.0960436805086334,175.95037416657374
11,11,2025,1SB,1,SB,AM-Shoulder,1,OP,AM,3.0,70,12000,1.6,5.0,75,1800,1,4,0.05,0.01,7826.0,0.0,967.0,0.0,0.0,1.0,1.0,1.0,1.83,0.915,0.13729977116704806,0.13729977116704806,30,4.155,0.715,4695.599999999999,0.0,580.1999999999999,0.0,0.0,5275.799999999999,6436.199999999999,1.0,1.2,0.412576923076923,6436.199999999999,0.0,1.0,93.91199999999999,4371.6035999999995,0.0,551.1899999999999,0.0,0.0,5012.009999999999,0.2580074400693565,1.2900372003467826,,0.11565332228176581,0.11575070403791236,149.97935310974745,749.8967655487373,66.84652605748435,74.0883589118514,0.7735705278806217,2.4295314762493225,2.692735294055668,-0.2632038178063456,0.1661902099991223,505.5904800389276,4096.097519961071,0.0,0.0,505.5904800389276,4676.297519961071,4676.297519961071,505.5904800389276,0.28088360002162643,505.5904800389276,1516.7714401167827,5836.6975199610715,5836.6975199610715,17510.092559883215,6342.287999999999,6342.287999999999,19026.863999999998,0.5285239999999999,0.7740223202080695,3.870111601040348,0.2580074400693565,391.3383164348424,391.3383164348424,0.0,391.3383164348424,391.3383164348424,0.0,505.5904800389276,0.0,505.5904800389276,1516.7714401167827,0.0,5275.799999999999,-0.09774589369678469,176.44629777617348
12,12,2025,1SB,1,SB,MD,5,OP,MD,3.0,70,12000,1.6,5.0,75,1800,1,4,0.05,0.01,5968.0,0.0,738.0,0.0,0.0,1.0,1.0,1.0,1.83,0.915,0.13729977116704806,0.13729977116704806,30,4.136,0.708,3580.7999999999997,0.0,442.8,0.0,0.0,4023.6,4909.2,1.0,1.2,0.31469230769230766,4909.2,0.0,1.0,71.616,3333.7247999999995,0.0,420.65999999999997,0.0,0.0,3822.4199999999996,0.16161807532541936,0.8080903766270968,,0.13726975021863222,0.1372996577973161,135.5700190855676,677.8500954278379,69.22191244636987,74.44366824666336,0.3693373168461105,2.4179356584576657,2.6003326640167037,-0.18239700555903804,0.0395986068457416,457.6195705936596,3051.56442940634,0.0,0.0,457.6195705936596,3494.36442940634,17471.8221470317,457.6195705936596,0.2542330947742553,2288.097852968298,6864.293558904894,4379.96442940634,21899.8221470317,65699.46644109511,4837.584,24187.92,72563.76000000001,0.403132,0.48485422597625805,2.4242711298812907,0.16161807532541936,221.8787826917764,221.8787826917764,0.0,1109.393913458882,1109.393913458882,0.0,2288.097852968298,0.0,2288.097852968298,6864.293558904894,0.0,20118.0,-0.0701437197182654,159.49414010066772
13,13,2025,1SB,1,SB,PM-Shoulder,1,OP,PM,3.0,70,12000,1.6,5.0,75,1800,1,4,0.05,0.01,4858.0,0.0,600.0,0.0,0.0,1.0,1.0,1.0,1.83,0.915,0.13729977116704806,0.13729977116704806,30,4.135,0.592,2914.7999999999997,0.0,360.0,0.0,0.0,3274.7999999999997,3994.7999999999997,1.0,1.2,0.25607692307692304,3994.7999999999997,0.0,1.0,58.29599999999999,2713.6787999999997,0.0,342.0,0.0,0.0,3111.0599999999995,0.1355790626931387,0.6778953134656935,,0.13729174919735854,0.1372991041547726,119.31218670157484,596.5609335078741,69.72045184293113,74.75458595158693,0.29992915841718093,2.4078790312151925,2.5817388620129833,-0.17385983079779077,0.014125098100644192,372.5657092117888,2483.938290788211,0.0,0.0,372.5657092117888,2843.938290788211,2843.938290788211,372.5657092117888,0.20698094956210492,372.5657092117888,1117.6971276353665,3563.938290788211,3563.938290788211,10691.814872364634,3936.504,3936.504,11809.512,0.328042,0.40673718807941617,2.0336859403970804,0.1355790626931387,151.53632893961642,151.53632893961642,0.0,151.53632893961642,151.53632893961642,0.0,372.5657092117888,0.0,372.5657092117888,1117.6971276353665,0.0,3274.7999999999997,-0.06734214422531958,140.36727847244097
14,14,2025,1SB,1,SB,PM-Peak,3,Peak,PM,3.0,70,12000,1.6,5.0,75,1800,1,4,0.05,0.01,6246.0,0.0,772.0,0.0,0.0,1.0,1.0,1.0,1.83,0.915,0.13729977116704806,0.13729977116704806,30,4.135,0.592,3747.6,0.0,463.2,0.0,0.0,4210.8,5137.2,1.0,1.2,0.3293076923076923,5137.2,0.0,1.0,74.952,3489.0156,0.0,440.03999999999996,0.0,0.0,4000.2599999999998,0.14523746606397678,0.7261873303198839,,0.1372105352927629,0.13725471683585222,119.33028048079345,596.6514024039672,69.0262561516466,74.33451060531158,0.6045368631711652,2.42148631280742,2.6077033586256024,-0.18621704581818221,0.04969645845993251,478.7296981208003,3193.918301879199,0.0,0.0,478.7296981208003,3657.118301879199,10971.354905637596,478.7296981208003,0.2659609434004446,1436.189094362401,4308.567283087203,4583.5183018791995,13750.554905637598,41251.6647169128,5062.248,15186.743999999999,45560.232,0.42185399999999995,0.4357123981919303,2.178561990959652,0.14523746606397678,208.58846485391274,208.58846485391274,0.0,625.7653945617383,625.7653945617383,0.0,1436.189094362401,0.0,1436.189094362401,4308.567283087203,0.0,12632.400000000001,-0.07141036391360421,140.38856527152168
15,15,2025,1SB,1,SB,PM-Late,3,OP,PM,3.0,70,12000,1.6,5.0,75,1800,1,4,0.05,0.01,4575.0,0.0,566.0,0.0,0.0,1.0,1.0,1.0,1.83,0.915,0.13729977116704806,0.13729977116704806,30,4.135,0.592,2745.0,0.0,339.59999999999997,0.0,0.0,3084.6,3763.8,1.0,1.2,0.2412692307692308,3763.8,0.0,1.0,54.9,2555.595,0.0,322.61999999999995,0.0,0.0,2930.37,0.13481867215065413,0.6740933607532706,,0.1372996927930448,0.13729976187419823,119.31115801449798,596.5557900724899,69.79219804061088,74.80679254694564,0.0,2.406198606724643,2.579084841191863,-0.1728862344672204,0.01048908957571023,350.8824084034413,2339.2175915965586,0.0,0.0,350.8824084034413,2678.8175915965585,8036.4527747896755,350.8824084034413,0.19493467133524514,1052.6472252103238,3157.941675630971,3358.0175915965583,10074.052774789674,30222.158324369022,3708.8999999999996,11126.699999999997,33380.09999999999,0.309075,0.4044560164519624,2.0222800822598117,0.13481867215065413,141.91650114592642,141.91650114592642,0.0,425.74950343777925,425.74950343777925,0.0,1052.6472252103238,0.0,1052.6472252103238,3157.941675630971,0.0,9253.8,-0.06703394619128741,140.36606825235057
16,16,2025,2NB,2,NB,Night,8,OP,NT,2.2,70,12000,1.6,6.5,75,1800,1,4,0.05,0.01,3220.0,0.0,398.0,0.0,0.0,1.0,1.0,1.0,1.83,0.915,0.13729977116704806,0.13729977116704806,30,4.103,0.708,2259.5388969691676,0.0,279.2846214266238,0.0,0.0,2538.8235183957913,3097.392761249039,1.0,1.2,0.19855081802878455,3097.392761249039,0.0,1.0,45.19077793938335,2103.6307130782952,0.0,265.3203903552926,0.0,0.0,2411.8823424760017,0.1448082777381003,0.7240413886905015,,0.13729952760760725,0.13729959945468564,131.16851012858356,655.8425506429179,69.99109499747397,74.91117452613037,0.0,1.7620869093963547,1.8859542060995615,-0.12386729670320684,0.00032869092782787727,288.8275031665039,1925.5206158632802,0.0,0.0,288.8275031665039,2204.805237289904,17638.441898319234,288.8275031665039,0.16045972398139105,2310.620025332031,5083.364055730469,2763.3744801431517,22106.995841145213,48635.39085051947,3052.2019833096556,24417.615866477245,53718.75490624994,0.2543501652758046,0.31857821102382067,1.5928910551191033,0.1448082777381003,92.0141492532617,92.0141492532617,0.0,736.1131940260937,736.1131940260937,0.0,2310.620025332031,0.0,2310.620025332031,5083.364055730469,0.0,20310.58814716633,-0.06567884644420033,154.31589426892185
17,17,2025,2NB,2,NB,AM-Early,1,OP,AM,2.2,70,12000,1.6,6.5,75,1800,1,4,0.05,0.01,3086.0,0.0,381.0,0.0,0.0,1.0,1.0,1.0,1.83,0.915,0.13729977116704806,0.13729977116704806,30,4.155,0.715,2260.239787470923,0.0,279.0509912593719,0.0,0.0,2539.290778730295,3097.392761249039,1.0,1.2,0.19855081802878455,3097.392761249039,0.0,1.0,45.204795749418466,2104.2832421354296,0.0,265.0984416964033,0.0,0.0,2412.32623979378,0.15370756760233764,0.7685378380116882,,0.13729345278156604,0.13729701435903893,139.23215936225196,696.1607968112598,69.99109658012742,74.91107798726257,0.0,1.7620891802203738,1.8859541634539667,-0.12386498323359296,0.00032863250336322185,288.9043119431613,1926.1306797783434,0.0,0.0,288.9043119431613,2205.181671037715,2205.181671037715,288.9043119431613,0.1605023955239785,288.9043119431613,635.5894862749549,2763.2836535564593,2763.2836535564593,6079.224037824211,3052.1879654996205,3052.1879654996205,6714.813524099166,0.2543489971249684,0.33815664872514284,1.6907832436257142,0.15370756760233764,97.69491392894268,97.69491392894268,0.0,97.69491392894268,97.69491392894268,0.0,288.9043119431613,0.0,288.9043119431613,635.5894862749549,0.0,2539.290778730295,-0.06567762124544142,163.80254042617878
18,18,2025,2NB,2,NB,AM-Peak,2,Peak,AM,2.2,70,12000,1.6,6.5,75,1800,1,4,0.05,0.01,6362.0,0.0,786.0,0.0,0.0,1.0,1.0,1.0,1.83,0.915,0.13729977116704806,0.13729977116704806,30,4.155,0.715,4342.662561925368,0.0,536.5188264183181,0.0,0.0,4879.181388343686,5952.219041180322,1.0,1.2,0.38155250263976426,5952.219041180322,0.0,1.0,86.85325123850737,4043.0188451525178,0.0,509.69288509740215,0.0,0.0,4635.222318926501,0.16551885629561247,0.8275942814780624,,0.12020235815431814,0.12024435850754168,147.5611600199374,737.805800099687,69.33112349230719,74.23852889910594,0.7550343343931917,1.778052474334384,1.9039068365111147,-0.12585436217673074,0.02492379459165582,485.98039924968066,3769.82891143718,0.0,0.0,485.98039924968066,4306.347737855498,8612.695475710996,485.98039924968066,0.269989110694267,971.9607984993613,2138.313756698595,5379.385390692134,10758.770781384268,23669.295719045393,5865.365789941815,11730.73157988363,25807.609475743986,0.48878048249515127,0.36414148385034745,1.8207074192517374,0.16551885629561247,176.965623704963,176.965623704963,0.0,353.931247409926,353.931247409926,0.0,971.9607984993613,0.0,971.9607984993613,2138.313756698595,0.0,9758.362776687372,-0.06610321459182177,173.60136472933812
19,19,2025,2NB,2,NB,AM-Shoulder,1,OP,AM,2.2,70,12000,1.6,6.5,75,1800,1,4,0.05,0.01,7274.0,0.0,899.0,0.0,0.0,1.0,1.0,1.0,1.83,0.915,0.13729977116704806,0.13729977116704806,30,4.155,0.715,5076.077344570906,0.0,627.3568233116915,0.0,0.0,5703.434167882597,6958.14781450598,1.0,1.2,0.4460351163144859,6958.14781450598,0.0,1.0,101.52154689141811,4725.828007795512,0.0,595.9889821461069,0.0,0.0,5418.262459488466,0.22388879555730723,1.1194439777865361,,0.10336576553338006,0.10343429078562112,157.1953593022645,785.9767965113225,68.03701857389295,74.14409581079042,0.7439685655284698,1.7803170779350126,1.9401202869675835,-0.15980320903257095,0.07453622171701813,488.4888298048715,4486.066967874615,0.0,0.0,488.4888298048715,5113.4237911863065,5113.4237911863065,488.4888298048715,0.2713826832249286,488.4888298048715,1074.6754255707174,6368.13743780969,6368.13743780969,14009.902363181318,6856.626267614562,6856.626267614562,15084.577788752034,0.5713855223012134,0.49255535022607594,2.4627767511303795,0.22388879555730723,240.60778664606448,240.60778664606448,0.0,240.60778664606448,240.60778664606448,0.0,488.4888298048715,0.0,488.4888298048715,1074.6754255707174,0.0,5703.434167882597,-0.08236768106906611,184.93571682619356
20,20,2025,2NB,2,NB,MD,5,OP,MD,2.2,70,12000,1.6,6.5,75,1800,1,4,0.05,0.01,7621.0,0.0,942.0,0.0,0.0,1.0,1.0,1.0,1.83,0.915,0.13729977116704806,0.13729977116704806,30,4.136,0.708,6776.985175788123,0.0,837.6748504910657,0.0,0.0,7614.660026279189,9290.00972726132,1.0,1.2,0.5955134440552128,9290.00972726132,0.0,1.0,135.53970351576248,6309.373198658743,0.0,795.7911079665124,0.0,0.0,7233.927024965229,0.6783224805583258,3.391612402791629,,0.08857815607995263,0.08886480465336122,162.4267644438704,812.1338222193519,58.21257508284048,73.37472738309171,1.2031716204881548,1.79898453742559,2.26755129475298,-0.46856675732738995,0.5231167023830112,558.8726439574641,6082.572828314897,0.0,0.0,558.8726439574641,6920.247678805963,34601.23839402982,558.8726439574641,0.31048480219859115,2794.3632197873203,6147.599083532105,8595.597379788094,42977.98689894047,94551.57117766904,9154.470023745558,45772.350118727794,100699.17026120114,0.7628725019787965,1.4923094572283169,7.461547286141584,0.6783224805583258,834.0109319639176,834.0109319639176,0.0,4170.054659819588,4170.054659819588,0.0,2794.3632197873203,0.0,2794.3632197873203,6147.599083532105,0.0,38073.30013139595,-0.20663998138063475,191.09031111043575
21,21,2025,2NB,2,NB,PM-Shoulder,1,OP,PM,2.2,70,12000,1.6,6.5,75,1800,1,4,0.05,0.01,8273.0,0.0,1022.0,0.0,0.0,1.0,1.0,1.0,1.83,0.915,0.13729977116704806,0.13729977116704806,30,4.135,0.592,8984.71641866198,0.0,1109.921452903728,0.0,0.0,10094.637871565708,12314.480777373163,1.0,1.2,0.7893897934213566,12314.480777373163,0.0,1.0,179.69432837323959,8364.770985774303,0.0,1054.4253802585417,0.0,0.0,9589.905977987422,0.914999988474096,4.57499994237048,,0.1372997703645278,0.13729975439674771,68.75947930891473,343.79739654457376,34.96871697467341,57.8508823774282,0.678038987822546,2.2817283777767012,3.774802492627993,-1.4930741148512916,2.5880508434717795,1148.4811354986768,7656.540954790063,0.0,0.0,1148.4811354986768,8766.46240769379,8766.46240769379,1148.4811354986768,0.6380450752770427,1148.4811354986768,2526.6584980970893,10986.305313501247,10986.305313501247,24169.871689702744,12134.786448999923,12134.786448999923,26696.530187799835,1.0112322040833268,2.0129999746430114,10.064999873215058,0.9149999884740961,2311.8924966368136,2311.8924966368136,0.0,2311.8924966368136,2311.8924966368136,0.0,1148.4811354986768,0.0,1148.4811354986768,2526.6584980970893,0.0,10094.637871565708,-0.39553701624580184,80.89350506931146
22,22,2025,2NB,2,NB,PM-Peak,3,Peak,PM,2.2,70,12000,1.6,6.5,75,1800,1,4,0.05,0.01,7207.0,0.0,891.0,0.0,0.0,1.0,1.0,1.0,1.83,0.915,0.13729977116704806,0.13729977116704806,30,4.135,0.592,8648.4,0.0,1069.2,0.0,0.0,9717.6,11856.0,1.0,1.2,0.76,11856.0,0.0,1.0,172.968,8051.660399999999,0.0,1015.74,0.0,0.0,9231.72,0.9149999883562006,4.5749999417810026,,0.13729976658434404,0.1372996548784763,88.94471510306613,444.72357551533054,39.26091436545713,59.785625467114514,1.0209137963234627,2.207888584733591,3.362122409358284,-1.154233824624693,2.022679129392278,1105.491093536406,7369.940906463594,0.0,0.0,1105.491093536406,8439.140906463594,25317.42271939078,1105.491093536406,0.6141617186313366,3316.473280609218,7296.24121734028,10577.540906463593,31732.62271939078,69811.76998265972,11683.032,35049.096,77108.01120000001,0.973586,2.0129999743836415,10.064999871918207,0.9149999883562006,2225.353542970129,2225.353542970129,0.0,6676.060628910387,6676.060628910387,0.0,3316.473280609218,0.0,3316.473280609218,7296.24121734028,0.0,29152.800000000003,-0.34330511625987986,104.64084129772485
23,23,2025,2NB,2,NB,PM-Late,3,OP,PM,2.2,70,12000,1.6,6.5,75,1800,1,4,0.05,0.01,7436.0,0.0,919.0,0.0,0.0,1.0,1.0,1.0,1.83,0.915,0.13729977116704806,0.13729977116704806,30,4.135,0.592,7463.4774716943,0.0,922.3958844119232,0.0,0.0,8385.873356106224,10230.66512493007,1.0,1.2,0.6558118669826968,10230.66512493007,0.0,1.0,149.269549433886,6948.497526147393,0.0,876.2760901913271,0.0,0.0,7966.579688300912,0.914999451155602,4.57499725577801,,0.09377041152038434,0.09424694514821286,136.11609750805292,680.5804875402647,51.09961679858119,72.17220548673434,1.243796352986741,1.828958933841399,2.5831896258694655,-0.7542306920280666,0.955541216012597,651.5634724752136,6662.644449785201,0.0,0.0,651.5634724752136,7585.040334197124,22755.12100259137,651.5634724752136,0.36197970693067427,1954.690417425641,4300.31891833641,9429.83210302097,28289.49630906291,62236.891879938405,10081.395575496184,30244.18672648855,66537.21079827481,0.8401162979580153,2.0129987925423247,10.064993962711624,0.914999451155602,1311.5964833572893,1311.5964833572893,0.0,3934.789450071868,3934.789450071868,0.0,1954.690417425641,0.0,1954.690417425641,4300.31891833641,0.0,25157.62006831867,-0.29197651015426446,160.13658530359166
24,24,2025,2SB,2,SB,Night,8,OP,NT,2.2,70,12000,1.6,5.0,75,1800,1,4,0.05,0.01,2585.0,0.0,319.0,0.0,0.0,1.0,1.0,1.0,1.83,0.915,0.13729977116704806,0.13729977116704806,30,4.103,0.708,1551.0,0.0,191.4,0.0,0.0,1742.4,2125.2,1.0,1.2,0.1362307692307692,2125.2,0.0,1.0,31.02,1443.981,0.0,181.82999999999998,0.0,0.0,1655.28,0.14680383797149946,0.7340191898574973,,0.1372995035819659,0.1372995333614757,131.16973007554162,655.848650377708,69.98804413603621,74.98026189202587,0.0,1.7604633095318405,1.8860364170690462,-0.12557310753720574,0.00044131995602189736,198.2578744817907,1321.7221255182094,0.0,0.0,198.2578744817907,1513.1221255182095,12104.977004145676,198.2578744817907,0.11014326360099484,1586.0629958543257,3489.3385908795167,1895.9221255182094,15167.377004145676,33368.22940912049,2094.1800000000003,16753.440000000002,36857.56800000001,0.17451500000000003,0.3229684435372988,1.614842217686494,0.14680383797149946,64.0310371403971,64.0310371403971,0.0,512.2482971231768,512.2482971231768,0.0,1586.0629958543257,0.0,1586.0629958543257,3489.3385908795167,0.0,13939.2,-0.06658042570161497,154.31732950063721
25,25,2025,2SB,2,SB,AM-Early,1,OP,AM,2.2,70,12000,1.6,5.0,75,1800,1,4,0.05,0.01,6971.0,0.0,862.0,0.0,0.0,1.0,1.0,1.0,1.83,0.915,0.13729977116704806,0.13729977116704806,30,4.155,0.715,6013.797878374802,0.0,743.637035024972,0.0,0.0,6757.434913399774,8244.708983449718,1.0,1.2,0.5285069861185717,8244.708983449718,0.0,1.0,120.27595756749605,5598.8458247669405,0.0,706.4551832737234,0.0,0.0,6419.563167729785,0.5815371495877795,2.9076857479388973,,0.10125593553644802,0.10146758640074352,158.43778118815422,792.1889059407711,59.749804955472804,73.43989003694358,0.9083097217376009,1.797388312177456,2.209212232548207,-0.4118239203707508,0.4431921871624724,566.9163719111125,5326.605548896193,0.0,0.0,566.9163719111125,6070.242583921165,6070.242583921165,566.9163719111125,0.31495353995061803,566.9163719111125,1247.2160182044477,7557.516653971109,7557.516653971109,16626.53663873644,8124.433025882221,8124.433025882221,17873.752656940887,0.6770360854901851,1.2793817290931149,6.396908645465575,0.5815371495877795,725.3024481468345,725.3024481468345,0.0,725.3024481468345,725.3024481468345,0.0,566.9163719111125,0.0,566.9163719111125,1247.2160182044477,0.0,6757.434913399774,-0.18641211301629185,186.39738963312263
26,26,2025,2SB,2,SB,AM-Peak,2,Peak,AM,2.2,70,12000,1.6,5.0,75,1800,1,4,0.05,0.01,9309.0,0.0,1150.0,0.0,0.0,1.0,1.0,1.0,1.83,0.915,0.13729977116704806,0.13729977116704806,30,4.155,0.715,7630.987335410945,0.0,942.7044189196032,0.0,0.0,8573.691754330548,10459.100592169754,1.0,1.2,0.6704551661647279,10459.100592169754,0.0,1.0,152.6197467082189,7104.449209267589,0.0,895.569197973623,0.0,0.0,8145.00716661402,0.9149996508238897,4.574998254119448,,0.13729975074837927,0.13729973671170279,130.87870558749665,654.3935279374832,46.87665763794618,64.97702125211995,0.8998316880505942,2.03148740056614,2.815900421474319,-0.784413020908179,1.2743550059912458,975.4391056369602,6502.928483065765,0.0,0.0,975.4391056369602,7445.632901985368,14891.265803970737,975.4391056369602,0.5419106142427557,1950.8782112739204,4291.932064802625,9331.041739824575,18662.08347964915,41056.58365522813,10306.480845461536,20612.96169092307,45348.51572003076,0.8588734037884613,2.0129992318125574,10.064996159062787,0.9149996508238897,1963.558170327129,1963.558170327129,0.0,3927.116340654258,3927.116340654258,0.0,1950.8782112739204,0.0,1950.8782112739204,4291.932064802625,0.0,17147.383508661096,-0.2785656108171199,153.9749477499961
27,27,2025,2SB,2,SB,AM-Shoulder,1,OP,AM,2.2,70,12000,1.6,5.0,75,1800,1,4,0.05,0.01,8274.0,0.0,1023.0,0.0,0.0,1.0,1.0,1.0,1.83,0.915,0.13729977116704806,0.13729977116704806,30,4.155,0.715,7277.959165559638,0.0,899.8491934212605,0.0,0.0,8177.808358980898,9977.506745823419,1.0,1.2,0.6395837657579114,9977.506745823419,0.0,1.0,145.55918331119275,6775.779983136023,0.0,854.8567337501973,0.0,0.0,7768.917941031853,0.9149990425712985,4.574995212856493,,0.12740689725016893,0.12792137222719038,143.65785175222354,718.2892587611178,49.84330033953312,68.264151017244,0.7006629595210335,1.933665006200046,2.6482997534435824,-0.7146347472435364,1.0447420907891372,863.2811041011626,6269.118878147282,0.0,0.0,863.2811041011626,7168.968071568543,7168.968071568543,863.2811041011626,0.47960061338953475,863.2811041011626,1899.2184290225578,8968.666458411062,8968.666458411062,19731.066208504337,9831.947562512225,9831.947562512225,21630.284637526893,0.8193289635426854,2.012997893656857,10.064989468284285,0.9149990425712985,1737.783044189406,1737.783044189406,0.0,1737.783044189406,1737.783044189406,0.0,863.2811041011626,0.0,863.2811041011626,1899.2184290225578,0.0,8177.808358980898,-0.2698466237873176,169.0092373555571
28,28,2025,2SB,2,SB,MD,5,OP,MD,2.2,70,12000,1.6,5.0,75,1800,1,4,0.05,0.01,7694.0,0.0,951.0,0.0,0.0,1.0,1.0,1.0,1.83,0.915,0.13729977116704806,0.13729977116704806,30,4.136,0.708,6407.0337610024735,0.0,791.9273598535681,0.0,0.0,7198.961120856042,8782.815840563177,1.0,1.2,0.5630010154207165,8782.815840563177,0.0,1.0,128.14067522004947,5964.948431493302,0.0,752.3309918608896,0.0,0.0,6839.013064813239,0.7267052548858257,3.6335262744291286,,0.09973212796107725,0.10001657101175196,154.97621185031483,774.8810592515741,56.60516273092878,73.0969382643528,0.9878491833483731,1.8058211894269238,2.3319427704405458,-0.5261215810136219,0.6113330240749765,594.897000250917,5683.996085531508,0.0,0.0,594.897000250917,6475.923445385076,32379.61722692538,594.897000250917,0.33049833347273166,2974.485001254585,6543.867002760087,8059.778165092212,40298.89082546106,88657.55981601433,8654.67516534313,43273.375826715645,95201.42681877442,0.7212229304452608,1.5987515607488167,7.993757803744083,0.7267052548858257,951.0925076359429,951.0925076359429,0.0,4755.462538179714,4755.462538179714,0.0,2974.485001254585,0.0,2974.485001254585,6543.867002760087,0.0,35994.805604280205,-0.22561513416310305,182.32495511801744
29,29,2025,2SB,2,SB,PM-Shoulder,1,OP,PM,2.2,70,12000,1.6,5.0,75,1800,1,4,0.05,0.01,5126.0,0.0,634.0,0.0,0.0,1.0,1.0,1.0,1.83,0.915,0.13729977116704806,0.13729977116704806,30,4.135,0.592,5242.508701253914,0.0,648.4101671078778,0.0,0.0,5890.918868361792,7187.739202577548,1.0,1.2,0.46075251298574027,7187.739202577548,0.0,1.0,104.85017402507829,4880.775600867394,0.0,615.9896587524838,0.0,0.0,5596.372924943702,0.2893189340522744,1.446594670261372,,0.11163426954353771,0.11173554207050145,128.46688201921128,642.3344100960563,64.62480551655415,73.74817168227788,0.6780294683584657,1.7898748808130842,2.04255933839812,-0.25268445758503577,0.21487772217685272,544.861819008753,4592.796708220083,0.0,0.0,544.861819008753,5241.206875327961,5241.206875327961,544.861819008753,0.3027010105604183,544.861819008753,1198.6960018192565,6538.027209543716,6538.027209543716,14383.659860996177,7082.8890285524685,7082.8890285524685,15582.355862815433,0.5902407523793723,0.6365016549150037,3.1825082745750186,0.2893189340522744,346.80544949907045,346.80544949907045,0.0,346.80544949907045,346.80544949907045,0.0,544.861819008753,0.0,544.861819008753,1198.6960018192565,0.0,5890.918868361792,-0.12370972673097659,151.13750825789563
30,30,2025,2SB,2,SB,PM-Peak,3,Peak,PM,2.2,70,12000,1.6,5.0,75,1800,1,4,0.05,0.01,7001.0,0.0,865.0,0.0,0.0,1.0,1.0,1.0,1.83,0.915,0.13729977116704806,0.13729977116704806,30,4.135,0.592,4200.599999999999,0.0,519.0,0.0,0.0,4719.599999999999,5757.599999999999,1.0,1.2,0.369076923076923,5757.599999999999,0.0,1.0,84.01199999999999,3910.7585999999997,0.0,493.04999999999995,0.0,0.0,4483.619999999999,0.16487213513852533,0.8243606756926267,,0.1312167827041461,0.13126184343243322,121.30452252343642,606.5226126171822,68.25871975877239,74.10230014143167,0.5790194188831058,1.7813212241464134,1.9338188654356616,-0.15249764128924825,0.06590327421828507,513.1571614245706,3603.430838575429,0.0,0.0,513.1571614245706,4122.430838575428,12367.292515726285,513.1571614245706,0.2850873119025392,1539.471484273712,3386.8372654021664,5160.430838575428,15481.292515726285,34058.84353459783,5673.587999999999,17020.763999999996,37445.680799999995,0.4727989999999999,0.36271869730475575,1.8135934865237788,0.16487213513852533,186.13169710452652,186.13169710452652,0.0,558.3950913135795,558.3950913135795,0.0,1539.471484273712,0.0,1539.471484273712,3386.8372654021664,0.0,14158.8,-0.07885828606542875,142.71120296874872
31,31,2025,2SB,2,SB,PM-Late,3,OP,PM,2.2,70,12000,1.6,5.0,75,1800,1,4,0.05,0.01,6368.0,0.0,787.0,0.0,0.0,1.0,1.0,1.0,1.83,0.915,0.13729977116704806,0.13729977116704806,30,4.135,0.592,3820.7999999999997,0.0,472.2,0.0,0.0,4293.0,5237.4,1.0,1.2,0.3357307692307692,5237.4,0.0,1.0,76.416,3557.1647999999996,0.0,448.59,0.0,0.0,4078.35,0.14670743263244404,0.7335371631622202,,0.13726767588467065,0.13729819771078297,119.31598269829165,596.5799134914582,68.92926644280689,74.28046001922321,0.288772378282719,1.7770487684895788,1.915006597517256,-0.13795782902767728,0.04013046717006932,488.2837448347592,3256.1002551652405,0.0,0.0,488.2837448347592,3728.3002551652403,11184.90076549572,488.2837448347592,0.27126874713042176,1464.8512345042777,3222.672715909411,4672.70025516524,14018.100765495721,30839.821684090588,5160.9839999999995,15482.952,34062.494399999996,0.43008199999999996,0.3227563517913769,1.6137817589568846,0.14670743263244404,157.59668012189846,157.59668012189846,0.0,472.7900403656954,472.7900403656954,0.0,1464.8512345042777,0.0,1464.8512345042777,3222.672715909411,0.0,12879.0,-0.07204039359787853,140.37174435093135
32,32,2025,3NB,3,NB,Night,8,OP,NT,3.4,70,12000,1.6,6.5,75,1800,1,4,0.05,0.01,3349.0,0.0,414.0,0.0,0.0,1.0,1.0,1.0,1.83,0.915,0.13729977116704806,0.13729977116704806,30,4.103,0.708,2259.457276720329,0.0,279.3118281762366,0.0,0.0,2538.7691048965658,3097.392761249039,1.0,1.2,0.19855081802878455,3097.392761249039,0.0,1.0,45.18914553440658,2103.554724626626,0.0,265.3462367674247,0.0,0.0,2411.8306496517375,0.14480786214280605,0.7240393107140303,,0.137295978594341,0.13729723722844966,131.16760631895426,655.8380315947712,69.9910946286346,74.91119527535945,0.0,2.7232244693217673,2.914656515695355,-0.1914320463735879,0.0005079979312081017,288.80960444436215,1925.4585267415603,0.0,0.0,288.80960444436215,2204.770354917797,17638.162839342374,288.80960444436215,0.16044978024686787,2310.476835554897,7855.62124088665,2763.3940112702703,22107.152090162162,75164.31710655135,3052.2036157146326,24417.62892571706,83019.938347438,0.2543503013095527,0.4923467312855406,2.461733656427703,0.14480786214280605,142.19446471205163,142.19446471205163,0.0,1137.555717696413,1137.555717696413,0.0,2310.476835554897,0.0,2310.476835554897,7855.62124088665,0.0,20310.152839172526,-0.06567911016023018,154.31483096347557
33,33,2025,3NB,3,NB,AM-Early,1,OP,AM,3.4,70,12000,1.6,6.5,75,1800,1,4,0.05,0.01,3209.0,0.0,397.0,0.0,0.0,1.0,1.0,1.0,1.83,0.915,0.13729977116704806,0.13729977116704806,30,4.155,0.715,2258.9848570109466,0.0,279.46930141269735,0.0,0.0,2538.454158423644,3097.392761249039,1.0,1.2,0.19855081802878455,3097.392761249039,0.0,1.0,45.179697140218934,2103.114901877191,0.0,265.4958363420625,0.0,0.0,2411.5314505024617,0.1537088010191074,0.768544005095537,,0.13729865675555855,0.1372982075544826,139.22827957420262,696.141397871013,69.99109350024953,74.91126345569229,0.0,2.7232219907846,2.914656562684975,-0.19143457190037516,0.0005080623069873124,288.7548510303367,1925.050308840391,0.0,0.0,288.7548510303367,2204.519610253088,2204.519610253088,288.7548510303367,0.1604193616835204,288.7548510303367,981.7664935031447,2763.458213078483,2763.458213078483,9395.757924466841,3052.2130641088197,3052.2130641088197,10377.524417969986,0.25435108867573497,0.5226099234649652,2.6130496173248257,0.1537088010191074,150.90615059710166,150.90615059710166,0.0,150.90615059710166,150.90615059710166,0.0,288.7548510303367,0.0,288.7548510303367,981.7664935031447,0.0,2538.454158423644,-0.06567997559342843,163.7979759696501
34,34,2025,3NB,3,NB,AM-Peak,2,Peak,AM,3.4,70,12000,1.6,6.5,75,1800,1,4,0.05,0.01,6617.0,0.0,818.0,0.0,0.0,1.0,1.0,1.0,1.83,0.915,0.13729977116704806,0.13729977116704806,30,4.155,0.715,3970.2,0.0,490.79999999999995,0.0,0.0,4461.0,5442.599999999999,1.0,1.2,0.34888461538461535,5442.599999999999,0.0,1.0,79.404,3696.2562,0.0,466.25999999999993,0.0,0.0,4237.95,0.14895337819840995,0.7447668909920497,,0.13197983150642054,0.13203211612596363,141.67534166377095,708.3767083188548,69.6451987936317,74.26757671597882,0.8310168505847246,2.7468245097070603,2.929132280955648,-0.18230777124858788,0.02033979633780968,487.83127048056224,3402.9647295194377,0.0,0.0,487.83127048056224,3893.7647295194374,7787.529459038875,487.83127048056224,0.27101737248920127,975.6625409611245,3317.2526392678233,4875.364729519438,9750.729459038876,33152.48016073218,5363.196,10726.392,36469.732800000005,0.44693299999999997,0.5064414858745938,2.532207429372969,0.14895337819840995,247.0579934782668,247.0579934782668,0.0,494.1159869565336,494.1159869565336,0.0,975.6625409611245,0.0,975.6625409611245,3317.2526392678233,0.0,8922.0,-0.06223951455995999,166.67687254561287
35,35,2025,3NB,3,NB,AM-Shoulder,1,OP,AM,3.4,70,12000,1.6,6.5,75,1800,1,4,0.05,0.01,7565.0,0.0,935.0,0.0,0.0,1.0,1.0,1.0,1.83,0.915,0.13729977116704806,0.13729977116704806,30,4.155,0.715,4539.0,0.0,561.0,0.0,0.0,5100.0,6222.0,1.0,1.2,0.39884615384615385,6222.0,0.0,1.0,90.78,4225.809,0.0,532.9499999999999,0.0,0.0,4845.0,0.1770719483486513,0.8853597417432566,,0.11491903533225599,0.11499234293228514,150.39794638747196,751.9897319373597,69.08801409452703,74.21955557889265,0.8584628936236368,2.7486017453062694,2.952755303125153,-0.20415355781888378,0.05270333671003135,485.62589377836537,3962.5941062216343,0.0,0.0,485.62589377836537,4523.594106221634,4523.594106221634,485.62589377836537,0.269792163210203,485.62589377836537,1651.1280388464422,5645.594106221634,5645.594106221634,19195.019961153557,6131.219999999999,6131.219999999999,20846.148,0.5109349999999999,0.6020446243854144,3.0102231219270723,0.1770719483486513,292.36845881162714,292.36845881162714,0.0,292.36845881162714,292.36845881162714,0.0,485.62589377836537,0.0,485.62589377836537,1651.1280388464422,0.0,5100.0,-0.06914001901979844,176.93876045584935
36,36,2025,3NB,3,NB,MD,5,OP,MD,3.4,70,12000,1.6,6.5,75,1800,1,4,0.05,0.01,7925.0,0.0,980.0,0.0,0.0,1.0,1.0,1.0,1.83,0.915,0.13729977116704806,0.13729977116704806,30,4.136,0.708,6421.98024983041,0.0,794.1376207992179,0.0,0.0,7216.117870629628,8804.393112228063,1.0,1.2,0.5643841738607732,8804.393112228063,0.0,1.0,128.4396049966082,5978.863612592111,0.0,754.430739759257,0.0,0.0,6855.311977098146,0.5199803362456665,2.5999016812283324,,0.08967844602216571,0.08999955935552531,161.621378569337,808.1068928466849,61.2901616881858,73.63147257337764,1.739645161798161,2.770554395699519,3.3284297900509983,-0.5578753943514791,0.5673773837984397,536.1751977557323,5757.365447078069,0.0,0.0,536.1751977557323,6551.503067877287,32757.51533938644,536.1751977557323,0.2978751098642957,2680.8759887786614,9114.978361847448,8139.778309475723,40698.89154737862,138376.2312610873,8675.953507231456,43379.76753615728,147491.20962293475,0.7229961256026213,1.767933143235266,8.83966571617633,0.5199803362456665,947.9219026930821,947.9219026930821,0.0,4739.609513465411,4739.609513465411,0.0,2680.8759887786614,0.0,2680.8759887786614,9114.978361847448,0.0,36080.58935314814,-0.16760918196893418,190.14279831686704
37,37,2025,3NB,3,NB,PM-Shoulder,1,OP,PM,3.4,70,12000,1.6,6.5,75,1800,1,4,0.05,0.01,8604.0,0.0,1063.0,0.0,0.0,1.0,1.0,1.0,1.83,0.915,0.13729977116704806,0.13729977116704806,30,4.135,0.592,8341.204328434646,0.0,1030.532333929106,0.0,0.0,9371.736662363752,11432.801330221962,1.0,1.2,0.7328718801424335,11432.801330221962,0.0,1.0,166.8240865686929,7765.661229772654,0.0,979.0057172326507,0.0,0.0,8903.149829245564,0.9149996716873855,4.574998358436927,,0.1372997679692839,0.1372995907217297,113.59697314698745,567.9848657349372,43.260107237515165,61.4650272207219,0.9729715180658433,3.31896054104772,4.715660987152875,-1.3967004461051546,2.4678841238280107,1066.2234849758493,7108.156756890103,0.0,0.0,1066.2234849758493,8138.689090819209,8138.689090819209,1066.2234849758493,0.5923463805421385,1066.2234849758493,3625.1598489178873,10199.75375867742,10199.75375867742,34679.162779503225,11265.97724365327,11265.97724365327,38304.32262842111,0.9388314369711058,3.1109988837371105,15.554994418685553,0.9149996716873855,3317.020071574159,3317.020071574159,0.0,3317.020071574159,3317.020071574159,0.0,1066.2234849758493,0.0,1066.2234849758493,3625.1598489178873,0.0,9371.736662363752,-0.2961833876333052,133.64349781998524
38,38,2025,3NB,3,NB,PM-Peak,3,Peak,PM,3.4,70,12000,1.6,6.5,75,1800,1,4,0.05,0.01,7495.0,0.0,926.0,0.0,0.0,1.0,1.0,1.0,1.83,0.915,0.13729977116704806,0.13729977116704806,30,4.135,0.592,8650.057730999113,0.0,1068.7062653642665,0.0,0.0,9718.76399636338,11856.176527091913,1.0,1.2,0.7600113158392252,11856.176527091913,0.0,1.0,173.00115461998226,8053.203747560174,0.0,1015.2709520960532,0.0,0.0,9232.82579654521,0.9149998924930154,4.574999462465077,,0.13729976699133992,0.13729975790398533,88.97361941653244,444.8680970826623,39.26128314283112,59.77632529443441,1.5765935842227619,3.4127223276970793,5.195958554330876,-1.783236226633797,3.1258917908618726,1105.7029980737973,7371.353578305334,0.0,0.0,1105.7029980737973,8440.0598436696,25320.1795310088,1105.7029980737973,0.6142794433743318,3317.108994221392,11278.170580352733,10577.472374398134,31732.417123194402,107890.21821886096,11683.175372471931,35049.52611741579,119168.38879921369,0.9735979477059943,3.110999634476252,15.55499817238126,0.9149998924930154,3439.8416228468795,3439.8416228468795,0.0,10319.524868540639,10319.524868540639,0.0,3317.108994221392,0.0,3317.108994221392,11278.170580352733,0.0,29156.29198909014,-0.343196776492271,104.67484637239112
39,39,2025,3NB,3,NB,PM-Late,3,OP,PM,3.4,70,12000,1.6,6.5,75,1800,1,4,0.05,0.01,7734.0,0.0,956.0,0.0,0.0,1.0,1.0,1.0,1.83,0.915,0.13729977116704806,0.13729977116704806,30,4.135,0.592,6774.237453435951,0.0,837.3637193541206,0.0,0.0,7611.601172790071,9286.328611498313,1.0,1.2,0.5952774750960457,9286.328611498313,0.0,1.0,135.48474906871903,6306.81506914887,0.0,795.4955333864145,0.0,0.0,7231.021114150568,0.5579114917640554,2.789557458820277,,0.09192269938518054,0.09232330640576758,137.0488179569847,685.2440897849234,58.390881440028146,73.17590718313875,1.7854205637550569,2.7878028145171507,3.4936961896957053,-0.7058933751785545,0.7937923513116875,579.7394656792982,6059.013238687933,0.0,0.0,579.7394656792982,6896.376958042054,20689.13087412616,579.7394656792982,0.3220774809329434,1739.2183970378946,5913.342549928841,8571.104396750296,25713.313190250887,87425.26484685301,9150.843862429594,27452.53158728878,93338.60739678185,0.7625703218691329,1.8968990719977883,9.484495359988943,0.5579114917640554,1099.7072544475543,1099.7072544475543,0.0,3299.121763342663,3299.121763342663,0.0,1739.2183970378946,0.0,1739.2183970378946,5913.342549928841,0.0,22834.803518370216,-0.2020477273497661,161.2339034788055
40,40,2025,3SB,3,SB,Night,8,OP,NT,3.4,70,12000,1.6,5.0,75,1800,1,4,0.05,0.01,2688.0,0.0,332.0,0.0,0.0,1.0,1.0,1.0,1.83,0.915,0.13729977116704806,0.13729977116704806,30,4.103,0.708,1612.8,0.0,199.2,0.0,0.0,1812.0,2210.3999999999996,1.0,1.2,0.14169230769230767,2210.3999999999996,0.0,1.0,32.256,1501.5167999999999,0.0,189.23999999999998,0.0,0.0,1721.3999999999999,0.14679392536400757,0.7339696268200379,,0.13729777237037366,0.137294079539947,131.16958475209415,655.8479237604708,69.9854462259502,74.97692497823924,0.0,2.720837111674125,2.91489175251351,-0.19405464083938506,0.0008302723720807109,206.15491181669185,1374.389088183308,0.0,0.0,206.15491181669185,1573.5890881833081,12588.712705466465,206.15491181669185,0.1145305065648288,1649.2392945335348,5607.413601414019,1971.989088183308,15775.912705466464,53638.10319858597,2178.144,17425.152,59245.51679999999,0.18151199999999998,0.4990993462376257,2.495496731188129,0.14679392536400757,102.89178171138627,102.89178171138627,0.0,823.1342536910902,823.1342536910902,0.0,1649.2392945335348,0.0,1649.2392945335348,5607.413601414019,0.0,14496.0,-0.06657353250667089,154.3171585318755
41,41,2025,3SB,3,SB,AM-Early,1,OP,AM,3.4,70,12000,1.6,5.0,75,1800,1,4,0.05,0.01,7250.0,0.0,896.0,0.0,0.0,1.0,1.0,1.0,1.83,0.915,0.13729977116704806,0.13729977116704806,30,4.155,0.715,6732.042089488811,0.0,831.9875465078586,0.0,0.0,7564.02963599667,9228.004729012388,1.0,1.2,0.5915387646802812,9228.004729012388,0.0,1.0,134.64084178977623,6267.531185314083,0.0,790.3881691824656,0.0,0.0,7185.828154196835,0.9149652254706672,4.574826127353336,,0.09916768373208452,0.09975039259800021,159.54518795710987,797.7259397855494,53.696392872092105,72.73459547878562,1.6162627891370858,2.8047175990619255,3.799137876652902,-0.9944202775909763,1.212247462443047,621.5365503662039,5975.8646973328305,0.0,0.0,621.5365503662039,6807.852243840689,6807.852243840689,621.5365503662039,0.34529808353677993,621.5365503662039,2113.224271245093,8471.827336856406,8471.827336856406,28804.212945311778,9093.36388722261,9093.36388722261,30917.43721655687,0.7577803239352174,3.110881766600268,15.554408833001341,0.9149652254706672,1933.526721809853,1933.526721809853,0.0,1933.526721809853,1933.526721809853,0.0,621.5365503662039,0.0,621.5365503662039,2113.224271245093,0.0,7564.02963599667,-0.26174893090931345,187.70022112601163
42,42,2025,3SB,3,SB,AM-Peak,2,Peak,AM,3.4,70,12000,1.6,5.0,75,1800,1,4,0.05,0.01,9681.0,0.0,1197.0,0.0,0.0,1.0,1.0,1.0,1.83,0.915,0.13729977116704806,0.13729977116704806,30,4.155,0.715,8190.1868182379985,0.0,1012.6695198255226,0.0,0.0,9202.85633806352,11228.195377714566,1.0,1.2,0.719756113956062,11228.195377714566,0.0,1.0,163.80373636475997,7625.063927779576,0.0,962.0360438342464,0.0,0.0,8742.713521160344,0.9149999704165847,4.574999852082923,,0.13729976956229203,0.1372997389894503,94.01841170027976,470.09205850139875,41.093406318572384,62.25685325381906,1.4944327987265122,3.276747688616689,4.964300073313735,-1.6875523846970464,2.808519671868389,1046.9195201818811,6979.463561691357,0.0,0.0,1046.9195201818811,7992.13308151688,15984.26616303376,1046.9195201818811,0.5816219556566006,2093.8390403637623,7119.0527372367915,10017.472121167924,20034.94424233585,68118.81042394189,11064.391641349805,22128.78328269961,75237.86316117868,0.9220326367791504,3.1109998994163877,15.554999497081939,0.9149999704165847,3256.966521982885,3256.966521982885,0.0,6513.93304396577,6513.93304396577,0.0,2093.8390403637623,0.0,2093.8390403637623,7119.0527372367915,0.0,18405.71267612704,-0.33993762660897797,110.60989611797618
43,43,2025,3SB,3,SB,AM-Shoulder,1,OP,AM,3.4,70,12000,1.6,5.0,75,1800,1,4,0.05,0.01,8605.0,0.0,1064.0,0.0,0.0,1.0,1.0,1.0,1.83,0.915,0.13729977116704806,0.13729977116704806,30,4.155,0.715,7785.225297680508,0.0,962.6356440130228,0.0,0.0,8747.86094169353,10673.132229719577,1.0,1.2,0.6841751429307421,10673.132229719577,0.0,1.0,155.70450595361018,7248.044752140553,0.0,914.5038618123716,0.0,0.0,8310.467894608853,0.9149995491628534,4.574997745814267,,0.13729955177658837,0.13729885594902363,119.22676971887927,596.1338485943963,45.28018164952428,64.26141776847844,0.9092024272247144,3.174533134873757,4.5052822795410155,-1.3307491446672586,2.1796652943997623,995.1532957255515,6634.367496001347,0.0,0.0,995.1532957255515,7597.00314001437,7597.00314001437,995.1532957255515,0.5528629420697508,995.1532957255515,3383.521205466875,9522.274428040415,9522.274428040415,32375.73305533741,10517.427723765966,10517.427723765966,35759.254260804286,0.8764523103138305,3.1109984671537014,15.554992335768507,0.9149995491628534,3095.9203775851447,3095.9203775851447,0.0,3095.9203775851447,3095.9203775851447,0.0,995.1532957255515,0.0,995.1532957255515,3383.521205466875,0.0,8747.86094169353,-0.29537530882589474,140.26678790456384
44,44,2025,3SB,3,SB,MD,5,OP,MD,3.4,70,12000,1.6,5.0,75,1800,1,4,0.05,0.01,8002.0,0.0,989.0,0.0,0.0,1.0,1.0,1.0,1.83,0.915,0.13729977116704806,0.13729977116704806,30,4.136,0.708,6014.866928953372,0.0,743.4020735734672,0.0,0.0,6758.269002526839,8245.073149673774,1.0,1.2,0.5285303301072932,8245.073149673774,0.0,1.0,120.29733857906744,5599.841110855589,0.0,706.2319698947938,0.0,0.0,6420.355552400497,0.5643281910415322,2.821640955207661,,0.10143579405323443,0.10175525408823517,153.89988070592977,769.4994035296488,59.75404238104216,73.42982436448372,1.4000010899796496,2.778162712025633,3.413994967890607,-0.6358322558649738,0.684601677438703,568.024329651583,5326.545260722722,0.0,0.0,568.024329651583,6069.947334296189,30349.736671480947,568.024329651583,0.31556907202865725,2840.121648257915,9656.41360407691,7556.751481443123,37783.75740721561,128464.77518453308,8124.775811094706,40623.87905547353,138121.18878861,0.6770646509245588,1.9187158495412093,9.593579247706046,0.5643281910415322,1089.877284227513,1089.877284227513,0.0,5449.386421137565,5449.386421137565,0.0,2840.121648257915,0.0,2840.121648257915,9656.41360407691,0.0,33791.3450126342,-0.18624288021661417,181.0586831834468
45,45,2025,3SB,3,SB,PM-Shoulder,1,OP,PM,3.4,70,12000,1.6,5.0,75,1800,1,4,0.05,0.01,5331.0,0.0,659.0,0.0,0.0,1.0,1.0,1.0,1.83,0.915,0.13729977116704806,0.13729977116704806,30,4.135,0.592,5610.539192624803,0.0,693.5556795985266,0.0,0.0,6304.09487222333,7691.206231420383,1.0,1.2,0.49302604047566556,7691.206231420383,0.0,1.0,112.21078385249606,5223.411988333692,0.0,658.8778956186002,0.0,0.0,5988.890128612163,0.3632208432777802,1.816104216388901,,0.10795701341133095,0.10816837148075349,129.9183311388051,649.5916556940253,62.59722236090752,73.53616350860956,1.18767469941608,2.7741452676697747,3.2589305452537087,-0.4847852775839341,0.47216341842615217,563.9039580774472,4934.42445069486,0.0,0.0,563.9039580774472,5627.9801302933865,5627.9801302933865,563.9039580774472,0.3132799767096929,563.9039580774472,1917.2734574633205,7015.09148949044,7015.09148949044,23851.311064267495,7578.995447567887,7578.995447567887,25768.584521730816,0.6315829539639906,1.2349508671444527,6.174754335722263,0.3632208432777802,696.3936820139326,696.3936820139326,0.0,696.3936820139326,696.3936820139326,0.0,563.9039580774472,0.0,563.9039580774472,1917.2734574633205,0.0,6304.09487222333,-0.14875594028537156,152.84509545741776
46,46,2025,3SB,3,SB,PM-Peak,3,Peak,PM,3.4,70,12000,1.6,5.0,75,1800,1,4,0.05,0.01,7281.0,0.0,900.0,0.0,0.0,1.0,1.0,1.0,1.83,0.915,0.13729977116704806,0.13729977116704806,30,4.135,0.592,5314.091922287379,0.0,656.8716838426922,0.0,0.0,5970.963606130072,7284.706973815455,1.0,1.2,0.46696839575740096,7284.706973815455,0.0,1.0,106.28183844574758,4947.41957964955,0.0,624.0280996505576,0.0,0.0,5672.415425823568,0.3020510282829312,1.5102551414146559,,0.11080151278255741,0.11096735897273655,128.7752456851257,643.8762284256285,64.2670048941567,73.71178486777207,1.6811838227653497,2.767535752470864,3.174257153199746,-0.4067214007288822,0.3561608713122237,548.1815737952144,4659.6285100464165,0.0,0.0,548.1815737952144,5316.500193889109,15949.500581667327,548.1815737952144,0.3045453187751191,1644.5447213856432,5591.452052711187,6630.243561574493,19890.73068472348,67628.48432805983,7178.425135369707,21535.275406109122,73219.93638077102,0.5982020946141423,1.0269734961619659,5.13486748080983,0.3020510282829312,562.96794737204,562.96794737204,0.0,1688.9038421161201,1688.9038421161201,0.0,1644.5447213856432,0.0,1644.5447213856432,5591.452052711187,0.0,17912.890818390217,-0.12813120711373205,151.50028904132435
47,47,2025,3SB,3,SB,PM-Late,3,OP,PM,3.4,70,12000,1.6,5.0,75,1800,1,4,0.05,0.01,6623.0,0.0,819.0,0.0,0.0,1.0,1.0,1.0,1.83,0.915,0.13729977116704806,0.13729977116704806,30,4.135,0.592,3973.7999999999997,0.0,491.4,0.0,0.0,4465.2,5448.0,1.0,1.2,0.34923076923076923,5448.0,0.0,1.0,79.476,3699.6077999999993,0.0,466.83,0.0,0.0,4241.94,0.15043429572744615,0.7521714786372308,,0.137239951060467,0.13729787679371555,119.3167193206181,596.5835966030905,68.70006225876934,74.16004940506542,0.46490816510902677,2.7508072289130108,2.9694296233910626,-0.21862239447805187,0.07554715547432748,507.7339934149219,3386.590006585078,0.0,0.0,507.7339934149219,3877.990006585078,11633.970019755234,507.7339934149219,0.2820744407860677,1523.2019802447658,5178.886732832203,4860.790006585077,14582.370019755232,49580.05806716779,5368.523999999999,16105.571999999996,54758.94479999999,0.44737699999999997,0.5114766054733169,2.5573830273665847,0.15043429572744615,259.6940594352757,259.6940594352757,0.0,779.082178305827,779.082178305827,0.0,1523.2019802447658,0.0,1523.2019802447658,5178.886732832203,0.0,13395.599999999999,-0.07362437309707547,140.37261096543304
48,48,2025,4NB,4,NB,Night,8,OP,NT,4.4,70,12000,1.6,6.5,75,1800,1,4,0.05,0.01,3091.0,0.0,382.0,0.0,0.0,1.0,1.0,1.0,1.83,0.915,0.13729977116704806,0.13729977116704806,30,4.103,0.708,2259.6273365637903,0.0,279.25514156174955,0.0,0.0,2538.88247812554,3097.392761249039,1.0,1.2,0.19855081802878455,3097.392761249039,0.0,1.0,45.192546731275804,2103.713050340889,0.0,265.2923844836621,0.0,0.0,2411.9383542192627,0.14480483553107232,0.7240241776553615,,0.13729628145775843,0.13729813293188445,131.16556004583657,655.8278002291827,69.9910950897069,74.91116789120947,0.0,3.524174130930608,3.7719084072285733,-0.2477342762979653,0.0006573750460030919,288.83197906596223,1925.6028107665522,0.0,0.0,288.83197906596223,2204.857952328302,17638.863618626416,288.83197906596223,0.16046221059220123,2310.655832527698,10166.885663121871,2763.368235451801,22106.945883614408,97270.5618879034,3052.200214517763,24417.601716142104,107437.44755102527,0.25435001787648026,0.6371412763367182,3.185706381683591,0.14480483553107232,184.02677578894745,184.02677578894745,0.0,1472.2142063115796,1472.2142063115796,0.0,2310.655832527698,0.0,2310.655832527698,10166.885663121871,0.0,20311.05982500432,-0.06567876245966141,154.3124235833371
49,49,2025,4NB,4,NB,AM-Early,1,OP,AM,4.4,70,12000,1.6,6.5,75,1800,1,4,0.05,0.01,2962.0,0.0,366.0,0.0,0.0,1.0,1.0,1.0,1.83,0.915,0.13729977116704806,0.13729977116704806,30,4.155,0.715,2259.7234873940033,0.0,279.22309128501183,0.0,0.0,2538.946578679015,3097.392761249039,1.0,1.2,0.19855081802878455,3097.392761249039,0.0,1.0,45.19446974788007,2103.8025667638167,0.0,265.26193672076124,0.0,0.0,2411.9992497450644,0.1537037055676324,0.7685185278381621,,0.13729710511145218,0.13729779840515283,139.22669561797312,696.1334780898655,69.9910953786692,74.91115094696475,0.0,3.5241749280678585,3.771908391656031,-0.2477334635881725,0.0006573537116196883,288.84600214271467,1925.6830155034086,0.0,0.0,288.84600214271467,2204.9061067884204,2204.9061067884204,288.84600214271467,0.16047000119039703,288.84600214271467,1270.9224094279446,2763.352289358444,2763.352289358444,12158.750073177154,3052.1982915011586,3052.1982915011586,13429.6724826051,0.25434985762509654,0.6762963044975826,3.3814815224879133,0.1537037055676324,195.34548381801875,195.34548381801875,0.0,195.34548381801875,195.34548381801875,0.0,288.84600214271467,0.0,288.84600214271467,1270.9224094279446,0.0,2538.946578679015,-0.06567854726699945,163.79611249173303
50,50,2025,4NB,4,NB,AM-Peak,2,Peak,AM,4.4,70,12000,1.6,6.5,75,1800,1,4,0.05,0.01,6108.0,0.0,755.0,0.0,0.0,1.0,1.0,1.0,1.83,0.915,0.13729977116704806,0.13729977116704806,30,4.155,0.715,3664.7999999999997,0.0,453.0,0.0,0.0,4117.799999999999,5023.799999999999,1.0,1.2,0.3220384615384615,5023.799999999999,0.0,1.0,73.29599999999999,3411.9287999999997,0.0,430.34999999999997,0.0,0.0,3911.909999999999,0.14500441715379747,0.7250220857689873,,0.13725568138388108,0.13729884137156803,139.2311223949361,696.1556119746805,69.79406006085246,74.39025391263561,0.8660751970512833,3.548851981471165,3.7825568503941756,-0.23370486892301034,0.015245742182877565,468.3066122772877,3123.1973877227124,0.0,0.0,468.3066122772877,3576.1973877227124,7152.394775445425,468.3066122772877,0.2601703401540487,936.6132245545754,4121.098188040132,4482.197387722712,8964.394775445424,39443.33701195987,4950.504,9901.008,43564.4352,0.412542,0.6380194354767089,3.1900971773835445,0.14500441715379747,298.7887203951651,298.7887203951651,0.0,597.5774407903302,597.5774407903302,0.0,936.6132245545754,0.0,936.6132245545754,4121.098188040132,0.0,8235.599999999999,-0.06178489264441756,163.80132046463072
51,51,2025,4NB,4,NB,AM-Shoulder,1,OP,AM,4.4,70,12000,1.6,6.5,75,1800,1,4,0.05,0.01,6983.0,0.0,863.0,0.0,0.0,1.0,1.0,1.0,1.83,0.915,0.13729977116704806,0.13729977116704806,30,4.155,0.715,4189.8,0.0,517.8,0.0,0.0,4707.6,5743.2,1.0,1.2,0.36815384615384616,5743.2,0.0,1.0,83.796,3900.7038,0.0,491.9099999999999,0.0,0.0,4472.22,0.15799253106124297,0.7899626553062149,,0.1247377876139871,0.12481450473610216,145.20468439428527,726.0234219714264,69.48011989157072,74.2514604346196,0.853146559576595,3.555485622164416,3.7996480203544998,-0.24416239819008378,0.03866064502852208,486.56516214947237,3619.4388378505278,0.0,0.0,486.56516214947237,4137.2388378505275,4137.2388378505275,486.56516214947237,0.2703139789719291,486.56516214947237,2140.8867134576785,5172.838837850528,5172.838837850528,22760.490886542324,5659.404,5659.404,24901.377600000003,0.47161700000000006,0.6951671366694692,3.475835683347346,0.15799253106124297,338.2441105745647,338.2441105745647,0.0,338.2441105745647,338.2441105745647,0.0,486.56516214947237,0.0,486.56516214947237,2140.8867134576785,0.0,4707.6,-0.06425921476992595,170.82904046386503
52,52,2025,4NB,4,NB,MD,5,OP,MD,4.4,70,12000,1.6,6.5,75,1800,1,4,0.05,0.01,7316.0,0.0,904.0,0.0,0.0,1.0,1.0,1.0,1.83,0.915,0.13729977116704806,0.13729977116704806,30,4.136,0.708,4811.04790260831,0.0,594.4761213720493,0.0,0.0,5405.52402398036,6594.476266724458,1.0,1.2,0.42272283761054213,6594.476266724458,0.0,1.0,96.22095805216621,4479.085597328337,0.0,564.7523153034468,0.0,0.0,5135.247822781342,0.19173209602381613,0.9586604801190807,,0.10876242330031217,0.1088733365363843,149.70096462703208,748.5048231351604,68.6384340782347,74.1815287073693,1.3013082041864288,3.5588374168106607,3.8462415925615443,-0.2874041757508836,0.1024938389521733,487.1562037349562,4227.670740821189,0.0,0.0,487.1562037349562,4822.146862193238,24110.73431096619,487.1562037349562,0.270642335408309,2435.781018674781,10717.436482169038,6011.099104937337,30055.495524686685,132244.18030862143,6498.255308672293,32491.276543361466,142961.61679079046,0.541521275722691,0.8436212225047911,4.218106112523955,0.19173209602381613,410.9753121456768,410.9753121456768,0.0,2054.876560728384,2054.876560728384,0.0,2435.781018674781,0.0,2435.781018674781,10717.436482169038,0.0,27027.6201199018,-0.07472338095108487,176.1187819141554
53,53,2025,4NB,4,NB,PM-Shoulder,1,OP,PM,4.4,70,12000,1.6,6.5,75,1800,1,4,0.05,0.01,7941.0,0.0,982.0,0.0,0.0,1.0,1.0,1.0,1.83,0.915,0.13729977116704806,0.13729977116704806,30,4.135,0.592,6887.834743723296,0.0,851.7634703861323,0.0,0.0,7739.598214109428,9443.125154881693,1.0,1.2,0.6053285355693393,9443.125154881693,0.0,1.0,137.75669487446592,6412.5741464063885,0.0,809.1752968668256,0.0,0.0,7352.618303403957,0.6080952891102206,3.040476445551103,,0.0916846290251063,0.09225922544428071,137.08024449859587,685.4012224929794,57.286128521696895,73.06957067644181,2.3567863709559345,3.6129950888724136,4.6084454790833185,-0.9954503902109049,1.1467131634870036,587.9344817092574,6162.143567139572,0.0,0.0,587.9344817092574,7013.907037525704,7013.907037525704,587.9344817092574,0.32663026761625413,587.9344817092574,2586.9117195207327,8717.43397829797,8717.43397829797,38356.70950451107,9305.368460007227,9305.368460007227,40943.6212240318,0.7754473716672688,2.6756192720849707,13.378096360424856,0.6080952891102206,1573.0888299845778,1573.0888299845778,0.0,1573.0888299845778,1573.0888299845778,0.0,587.9344817092574,0.0,587.9344817092574,2586.9117195207327,0.0,7739.598214109428,-0.21600567799467887,161.27087588070103
54,54,2025,4NB,4,NB,PM-Peak,3,Peak,PM,4.4,70,12000,1.6,6.5,75,1800,1,4,0.05,0.01,6919.0,0.0,855.0,0.0,0.0,1.0,1.0,1.0,1.83,0.915,0.13729977116704806,0.13729977116704806,30,4.135,0.592,7075.625486013744,0.0,874.3546452582383,0.0,0.0,7949.980131271983,9698.689421788458,1.0,1.2,0.621710860371055,9698.689421788458,0.0,1.0,141.5125097202749,6587.407327478796,0.0,830.6369129953264,0.0,0.0,7552.4811247083835,0.7000788076306005,3.5003940381530025,,0.09144351017849855,0.0921231867163562,137.14704293073268,685.7352146536634,55.36740466097398,72.87423824080673,3.7923044328750604,3.6226793771433248,4.768148364846183,-1.1454689877028579,1.365506116982128,602.3756490002232,6331.737327293246,0.0,0.0,602.3756490002232,7206.091972551485,21618.275917654457,602.3756490002232,0.33465313833345733,1807.1269470006696,7951.358566802947,8954.801263067962,26864.403789203887,118203.3766724971,9557.176912068186,28671.530736204557,126154.73523930005,0.7964314093390155,3.0803467535746423,15.401733767873212,0.7000788076306005,1855.5258748302558,1855.5258748302558,0.0,5566.577624490767,5566.577624490767,0.0,1807.1269470006696,0.0,1807.1269470006696,7951.358566802947,0.0,23849.94039381595,-0.24023350366947108,161.3494622714502
55,55,2025,4NB,4,NB,PM-Late,3,OP,PM,4.4,70,12000,1.6,6.5,75,1800,1,4,0.05,0.01,7138.0,0.0,882.0,0.0,0.0,1.0,1.0,1.0,1.83,0.915,0.13729977116704806,0.13729977116704806,30,4.135,0.592,4762.437002652254,0.0,588.4658778844617,0.0,0.0,5350.902880536715,6527.834636305639,1.0,1.2,0.41845093822472046,6527.834636305639,0.0,1.0,95.24874005304508,4433.828849469248,0.0,559.0425839902387,0.0,0.0,5083.357736509879,0.15805158046215087,0.7902579023107543,,0.11317367009831363,0.11327401658682255,127.85603775151877,639.2801887575938,68.74996168591036,74.10305880465835,1.2001826002740439,3.5626059741464298,3.840002140017254,-0.27739616587082416,0.09394578896649505,501.79268348221814,4165.39557911699,0.0,0.0,501.79268348221814,4753.8614570014515,14261.584371004355,501.79268348221814,0.2787737130456767,1505.3780504466545,6623.663421965281,5930.793212770375,17792.379638311126,78286.47040856896,6432.585896252594,19297.75768875778,84910.13383053424,0.5360488246877161,0.6954269540334639,3.477134770167319,0.15805158046215087,348.960157430317,348.960157430317,0.0,1046.880472290951,1046.880472290951,0.0,1505.3780504466545,0.0,1505.3780504466545,6623.663421965281,0.0,16052.708641610145,-0.0722385446039303,150.41886794296326
56,56,2025,4SB,4,SB,Night,8,OP,NT,4.4,70,12000,1.6,5.0,75,1800,1,4,0.05,0.01,2482.0,0.0,307.0,0.0,0.0,1.0,1.0,1.0,1.83,0.915,0.13729977116704806,0.13729977116704806,30,4.103,0.708,1489.2,0.0,184.2,0.0,0.0,1673.4,2041.8,1.0,1.2,0.13088461538461538,2041.8,0.0,1.0,29.784000000000002,1386.4451999999999,0.0,174.98999999999998,0.0,0.0,1589.73,0.14681428671238816,0.7340714335619408,,0.13729906887405946,0.13729917060697827,131.16736960274406,655.8368480137202,69.9902095640221,74.9832242154031,0.0,3.520787519640546,3.7719561299285935,-0.2511686102880475,0.000722755145030017,190.35763500490913,1269.0583649950909,0.0,0.0,190.35763500490913,1453.258364995091,11626.066919960727,190.35763500490913,0.10575424166939396,1522.861080039273,6700.588752172802,1821.6583649950908,14573.266919960726,64122.3744478272,2012.0159999999998,16096.127999999999,70822.9632,0.16766799999999998,0.645982861534508,3.22991430767254,0.14681428671238816,122.96776977541263,122.96776977541263,0.0,983.7421582033011,983.7421582033011,0.0,1522.861080039273,0.0,1522.861080039273,6700.588752172802,0.0,13387.2,-0.0665884229922903,154.31455247381652
57,57,2025,4SB,4,SB,AM-Early,1,OP,AM,4.4,70,12000,1.6,5.0,75,1800,1,4,0.05,0.01,6693.0,0.0,827.0,0.0,0.0,1.0,1.0,1.0,1.83,0.915,0.13729977116704806,0.13729977116704806,30,4.155,0.715,8031.599999999999,0.0,992.4,0.0,0.0,9024.0,11008.8,1.0,1.2,0.7056923076923076,11008.8,0.0,1.0,160.632,7477.419599999999,0.0,942.78,0.0,0.0,8572.8,0.9149999552101796,4.574999776050898,,0.13729976525147042,0.137299726338835,103.25070659774033,516.2535329887016,42.75366832461701,63.06295478877442,1.2126120389513562,4.1862929018193356,6.174908735211201,-1.988615833391865,3.2927678243822034,1026.6479557667437,6844.320044233256,0.0,0.0,1026.6479557667437,7836.720044233256,7836.720044233256,1026.6479557667437,0.5703599754259687,1026.6479557667437,4517.251005373673,9821.520044233257,9821.520044233257,43214.68819462633,10848.168000000001,10848.168000000001,47731.93920000001,0.9040140000000001,4.02599980292479,20.129999014623955,0.9149999552101796,4133.284467590049,4133.284467590049,0.0,4133.284467590049,4133.284467590049,0.0,1026.6479557667437,0.0,1026.6479557667437,4517.251005373673,0.0,9024.0,-0.322047809719385,121.47141952675332
58,58,2025,4SB,4,SB,AM-Peak,2,Peak,AM,4.4,70,12000,1.6,5.0,75,1800,1,4,0.05,0.01,8936.0,0.0,1104.0,0.0,0.0,1.0,1.0,1.0,1.83,0.915,0.13729977116704806,0.13729977116704806,30,4.155,0.715,10157.470189192063,0.0,1254.90679150269,0.0,0.0,11412.376980694753,13922.190563700133,1.0,1.2,0.8924481130577008,13922.190563700133,0.0,1.0,203.14940378384128,9456.60474613781,0.0,1192.1614519275556,0.0,0.0,10841.758131660015,1.829999952213982,9.14999976106991,,0.13729977011430264,0.13729975762451818,64.96237915096002,324.8118957548001,22.865279026590333,50.5310687165662,2.3957454547195423,5.224508539108925,11.545890154805937,-6.321381615697012,10.651012369226994,1298.3896577065445,8655.931127701677,0.0,0.0,1298.3896577065445,9910.837919204367,19821.675838408733,1298.3896577065445,0.7213275876147469,2596.779315413089,11425.828987817593,12420.651502209748,24841.303004419497,109301.7332194458,13719.041159916293,27438.082319832585,120727.5622072634,1.1432534299930244,8.051999789741522,40.25999894870761,1.829999952213982,10454.633250855664,10454.633250855664,0.0,20909.26650171133,20909.26650171133,0.0,2596.779315413089,0.0,2596.779315413089,11425.828987817593,0.0,22824.753961389506,-0.5475005851381463,76.42632841289415
59,59,2025,4SB,4,SB,AM-Shoulder,1,OP,AM,4.4,70,12000,1.6,5.0,75,1800,1,4,0.05,0.01,7943.0,0.0,982.0,0.0,0.0,1.0,1.0,1.0,1.83,0.915,0.13729977116704806,0.13729977116704806,30,4.155,0.715,9531.6,0.0,1178.3999999999999,0.0,0.0,10710.0,13066.8,1.0,1.2,0.8376153846153845,13066.8,0.0,1.0,190.632,8873.919600000001,0.0,1119.4799999999998,0.0,0.0,10174.5,1.8299995129277185,9.149997564638593,,0.13729977074332067,0.13729970473944952,89.4193451410858,447.09672570542904,27.983623419786092,54.52673777667837,1.4402385235788615,4.841661371366975,9.43408921852973,-4.592427847162755,7.757845086528589,1218.38712667466,8122.580873325342,0.0,0.0,1218.38712667466,9300.980873325341,9300.980873325341,1218.38712667466,0.6768817370414778,1218.38712667466,5360.903357368505,11657.78087332534,11657.78087332534,51294.235842631504,12876.168000000001,12876.168000000001,56655.139200000005,1.0730140000000001,8.051997856881961,40.25998928440981,1.8299995129277185,9810.450532836932,9810.450532836932,0.0,9810.450532836932,9810.450532836932,0.0,1218.38712667466,0.0,1218.38712667466,5360.903357368505,0.0,10710.0,-0.48679080097553595,105.19922957774801
60,60,2025,4SB,4,SB,MD,5,OP,MD,4.4,70,12000,1.6,5.0,75,1800,1,4,0.05,0.01,7386.0,0.0,913.0,0.0,0.0,1.0,1.0,1.0,1.83,0.915,0.13729977116704806,0.13729977116704806,30,4.136,0.708,6453.970024246335,0.0,797.7896875354595,0.0,0.0,7251.759711781795,8847.339086852713,1.0,1.2,0.567137120952097,8847.339086852713,0.0,1.0,129.0794004849267,6008.646092573337,0.0,757.9002031586865,0.0,0.0,6889.171726192705,0.7489902663630992,3.744951331815496,,0.09945124585325853,0.1000418571365058,154.9604080375491,774.8020401877453,56.1928389640755,73.0596464720304,1.9978699518334126,3.6134858673463164,4.69810753232769,-1.0846216649813734,1.269550176431793,597.5673397977322,5727.323283963676,0.0,0.0,597.5673397977322,6525.112971499135,32625.564857495672,597.5673397977322,0.33198185544318454,2987.836698988661,13146.481475550108,8120.692346570055,40603.46173285027,178655.23162454122,8718.259686367786,43591.298431838935,191801.71310009132,0.7265216405306488,3.2955571719976366,16.477785859988185,0.7489902663630992,1969.3173324219651,1969.3173324219651,0.0,9846.586662109825,9846.586662109825,0.0,2987.836698988661,0.0,2987.836698988661,13146.481475550108,0.0,36258.79855890897,-0.23086352483805211,182.30636239711654
61,61,2025,4SB,4,SB,PM-Shoulder,1,OP,PM,4.4,70,12000,1.6,5.0,75,1800,1,4,0.05,0.01,4922.0,0.0,608.0,0.0,0.0,1.0,1.0,1.0,1.83,0.915,0.13729977116704806,0.13729977116704806,30,4.135,0.592,5305.814603962553,0.0,655.4114748494985,0.0,0.0,5961.226078812051,7272.049028511048,1.0,1.2,0.4661569890071185,7272.049028511048,0.0,1.0,106.11629207925105,4939.713396289136,0.0,622.6409011070235,0.0,0.0,5663.164774871449,0.30036330236179876,1.5018165118089937,,0.1108670474459287,0.11108010744116163,128.7298448119267,643.6492240596336,64.31424854787109,73.71715998281235,1.388021679930365,3.5812557084612777,4.104844664452491,-0.5235889559912135,0.4567800474427699,547.6514394756772,4652.0468724076245,0.0,0.0,547.6514394756772,5307.458347257123,5307.458347257123,547.6514394756772,0.30425079970870955,547.6514394756772,2409.66633369298,6618.28129695612,6618.28129695612,29120.437706606932,7165.932736431797,7165.932736431797,31530.104040299913,0.5971610613693165,1.3215985303919147,6.607992651959573,0.30036330236179876,723.7753375780716,723.7753375780716,0.0,723.7753375780716,723.7753375780716,0.0,547.6514394756772,0.0,547.6514394756772,2409.66633369298,0.0,5961.226078812051,-0.12755390247173953,151.44687624932556
62,62,2025,4SB,4,SB,PM-Peak,3,Peak,PM,4.4,70,12000,1.6,5.0,75,1800,1,4,0.05,0.01,6721.0,0.0,831.0,0.0,0.0,1.0,1.0,1.0,1.83,0.915,0.13729977116704806,0.13729977116704806,30,4.135,0.592,5887.543226323275,0.0,727.9494749404317,0.0,0.0,6615.492701263707,8071.3916511445705,1.0,1.2,0.5173969007143956,8071.3916511445705,0.0,1.0,117.7508645264655,5481.3027437069695,0.0,691.5520011934101,0.0,0.0,6284.718066200521,0.4331551475845122,2.165775737922561,,0.10592538915603454,0.10626856703477479,130.71228124670202,653.5614062335101,60.78222156244341,73.33827904569262,2.5987951489172407,3.5997572268571734,4.343375303069251,-0.7436180762120772,0.7835670223477313,580.6091262092006,5189.1832355876095,0.0,0.0,580.6091262092006,5917.132710528042,17751.398131584123,580.6091262092006,0.32256062567177807,1741.8273786276018,7664.040465961449,7373.031660408905,22119.094981226714,97324.01791739755,7953.640786618105,23860.922359854314,104988.05838335899,0.6628033988848421,1.9058826493718537,9.529413246859269,0.4331551475845122,1106.572859709068,1106.572859709068,0.0,3319.718579127204,3319.718579127204,0.0,1741.8273786276018,0.0,1741.8273786276018,7664.040465961449,0.0,19846.478103791123,-0.17120741919000154,153.77915440788473
63,63,2025,4SB,4,SB,PM-Late,3,OP,PM,4.4,70,12000,1.6,5.0,75,1800,1,4,0.05,0.01,6114.0,0.0,756.0,0.0,0.0,1.0,1.0,1.0,1.83,0.915,0.13729977116704806,0.13729977116704806,30,4.135,0.592,3668.4,0.0,453.59999999999997,0.0,0.0,4122.0,5029.2,1.0,1.2,0.3223846153846154,5029.2,0.0,1.0,73.36800000000001,3415.2804,0.0,430.91999999999996,0.0,0.0,3915.8999999999996,0.14372176029229877,0.7186088014614939,,0.13724884745145824,0.1372970130921292,119.3140792562563,596.5703962812815,69.12324240289625,74.38797864944777,0.5552104079687202,3.5489605282070644,3.8192652836108634,-0.27030475540379895,0.06553629568973982,468.7432986235553,3126.288701376445,0.0,0.0,468.7432986235553,3579.8887013764447,10739.666104129334,468.7432986235553,0.26041294367975293,1406.2298958706658,6187.41154183093,4487.088701376445,13461.266104129336,59229.570858169085,4955.832,14867.496000000001,65416.982400000015,0.412986,0.6323757452861146,3.161878726430573,0.14372176029229877,296.42189281494257,296.42189281494257,0.0,889.2656784448277,889.2656784448277,0.0,1406.2298958706658,0.0,1406.2298958706658,6187.41154183093,0.0,12366.0,-0.07077401943345596,140.36950500736037
64,64,2025,5NB,5,NB,Night,8,OP,NT,3.0,70,8000,1.6,6.5,75,1800,1,4,0.05,0.01,1592.0,0.0,197.0,0.0,0.0,1.0,1.0,1.0,1.83,0.915,0.1933404940923738,0.1933404940923738,30,4.103,0.708,1563.8128011267568,0.0,193.51201119470545,0.0,0.0,1757.324812321462,2144.3488347108732,1.0,1.2,0.18485765816473046,2144.3488347108732,0.0,1.0,31.276256022535136,1455.9097178490106,0.0,183.83641063497018,0.0,0.0,1669.458571705389,0.12379612203149645,0.6189806101574823,,0.19333444313768655,0.1933336059944029,111.70716298875166,558.5358149437583,69.99138474272642,74.93170550418071,0.0,2.4021874157122602,2.5717450892226528,-0.16955767351039253,0.00043362937789188894,281.4774945590848,1251.0590505451369,0.0,0.0,281.4774945590848,1444.5710617398422,11556.568493918738,281.4774945590848,0.1563763858661582,2251.8199564726783,6755.459869418035,1831.5950841292533,14652.760673034027,43958.28201910208,2113.072578688338,16904.580629506705,50713.74188852012,0.26413407233604225,0.37138836609448933,1.8569418304724468,0.12379612203149644,104.53746679666901,104.53746679666901,0.0,836.2997343733521,836.2997343733521,0.0,2251.8199564726783,0.0,2251.8199564726783,6755.459869418035,0.0,14058.598498571697,-0.06593097979304154,131.42019175147254
65,65,2025,5NB,5,NB,AM-Early,1,OP,AM,3.0,70,8000,1.6,6.5,75,1800,1,4,0.05,0.01,2313.0,0.0,286.0,0.0,0.0,1.0,1.0,1.0,1.83,0.915,0.1933404940923738,0.1933404940923738,30,4.155,0.715,1564.137134874251,0.0,193.40389994554076,0.0,0.0,1757.5410348197918,2144.3488347108732,1.0,1.2,0.18485765816473046,2144.3488347108732,0.0,1.0,31.28274269748502,1456.2116725679275,0.0,183.73370494826372,0.0,0.0,1669.6639830788022,0.13119476445184963,0.6559738222592482,,0.19333275944981435,0.19333612974175632,118.38457457043553,591.9228728521778,69.99138642356743,74.93165102217661,0.0,2.402189162317104,2.5717450274622733,-0.16955586514516918,0.0004335447661713777,281.53342100058694,1251.320971176179,0.0,0.0,281.53342100058694,1444.7248711217198,1444.7248711217198,281.53342100058694,0.1564074561114372,281.53342100058694,844.6002630017608,1831.5326710128013,1831.5326710128013,5494.598013038404,2113.0660920133882,2113.0660920133882,6339.198276040165,0.26413326150167354,0.3935842933555489,1.9679214667777445,0.13119476445184963,110.80713256048627,110.80713256048627,0.0,110.80713256048627,110.80713256048627,0.0,281.53342100058694,0.0,281.53342100058694,844.6002630017608,0.0,1757.5410348197918,-0.06593027820976569,139.27597008286534
66,66,2025,5NB,5,NB,AM-Peak,2,Peak,AM,3.0,70,8000,1.6,6.5,75,1800,1,4,0.05,0.01,4412.0,0.0,545.0,0.0,0.0,1.0,1.0,1.0,1.83,0.915,0.1933404940923738,0.1933404940923738,30,4.155,0.715,2647.2,0.0,327.0,0.0,0.0,2974.2,3628.2,1.0,1.2,0.3127758620689655,3628.2,0.0,1.0,52.943999999999996,2464.5431999999996,0.0,310.65,0.0,0.0,2825.49,0.12638763239816017,0.6319381619908009,,0.19305374941680487,0.19307501138769007,118.46660014838709,592.3330007419355,69.73777066328765,74.44576157982368,0.7523295872265803,2.4178676687590457,2.581097707712618,-0.16323003895357235,0.013246716709143815,475.78930535969033,2118.4666946403095,0.0,0.0,475.78930535969033,2445.4666946403095,4890.933389280619,475.78930535969033,0.2643273918664946,951.5786107193807,2854.735832158142,3099.4666946403095,6198.933389280619,18596.80016784186,3575.256,7150.512,21451.536,0.446907,0.3791628971944805,1.8958144859724027,0.12638763239816017,180.40165147432955,180.40165147432955,0.0,360.8033029486591,360.8033029486591,0.0,951.5786107193807,0.0,951.5786107193807,2854.735832158142,0.0,5948.4,-0.06324055012168743,139.37247076280835
67,67,2025,5NB,5,NB,AM-Shoulder,1,OP,AM,3.0,70,8000,1.6,6.5,75,1800,1,4,0.05,0.01,4147.0,0.0,512.0,0.0,0.0,1.0,1.0,1.0,1.83,0.915,0.1933404940923738,0.1933404940923738,30,4.155,0.715,2488.2,0.0,307.2,0.0,0.0,2795.3999999999996,3409.7999999999997,1.0,1.2,0.29394827586206895,3409.7999999999997,0.0,1.0,49.763999999999996,2316.5141999999996,0.0,291.84,0.0,0.0,2655.6299999999997,0.1269957819972595,0.6349789099862975,,0.192950843902725,0.19296634072884605,118.49950754975283,592.4975377487642,69.82455789945725,74.56751902549281,0.4530629919780236,2.413919657679135,2.5778895766040955,-0.16396991892496038,0.008851577090468028,446.9733698026458,1991.4626301973542,0.0,0.0,446.9733698026458,2298.6626301973542,2298.6626301973542,446.9733698026458,0.24831853877924764,446.9733698026458,1340.9201094079374,2913.0626301973543,2913.0626301973543,8739.187890592064,3360.036,3360.036,10080.108000000002,0.4200045,0.3809873459917785,1.9049367299588924,0.1269957819972595,170.2911978901118,170.2911978901118,0.0,170.2911978901118,170.2911978901118,0.0,446.9733698026458,0.0,446.9733698026458,1340.9201094079374,0.0,2795.3999999999996,-0.06360626165414004,139.41118535265042
68,68,2025,5NB,5,NB,MD,5,OP,MD,3.0,70,8000,1.6,6.5,75,1800,1,4,0.05,0.01,4546.0,0.0,562.0,0.0,0.0,1.0,1.0,1.0,1.83,0.915,0.1933404940923738,0.1933404940923738,30,4.136,0.708,2727.6,0.0,337.2,0.0,0.0,3064.7999999999997,3739.2,1.0,1.2,0.32234482758620686,3739.2,0.0,1.0,54.552,2539.3956,0.0,320.34,0.0,0.0,2911.5599999999995,0.12404491887428333,0.6202245943714166,,0.1916308437758635,0.19165451113289195,115.95999155711216,579.7999577855609,69.67892038239704,74.39214600692337,0.5084013630715306,2.4196102634712022,2.5832776830088964,-0.16366741953769415,0.0162332828650455,486.62652150871514,2186.4214784912847,0.0,0.0,486.62652150871514,2523.6214784912845,12618.107392456423,486.62652150871514,0.27034806750484175,2433.132607543576,7299.397822630728,3198.0214784912846,15990.107392456423,47970.322177369264,3684.6479999999997,18423.239999999998,55269.719999999994,0.46058099999999996,0.37213475662285,1.86067378311425,0.12404491887428333,181.0906421478698,181.0906421478698,0.0,905.4532107393491,905.4532107393491,0.0,2433.132607543576,0.0,2433.132607543576,7299.397822630728,0.0,15323.999999999998,-0.06335649497310758,136.42351947895548
69,69,2025,5NB,5,NB,PM-Shoulder,1,OP,PM,3.0,70,8000,1.6,6.5,75,1800,1,4,0.05,0.01,5076.0,0.0,627.0,0.0,0.0,1.0,1.0,1.0,1.83,0.915,0.1933404940923738,0.1933404940923738,30,4.135,0.592,3045.6,0.0,376.2,0.0,0.0,3421.7999999999997,4174.2,1.0,1.2,0.3598448275862069,4174.2,0.0,1.0,60.912,2835.4536,0.0,357.39,0.0,0.0,3250.7099999999996,0.12368623334345262,0.6184311667172631,,0.17661118959258526,0.1766425399330943,108.25783055630072,541.2891527815036,69.29578350349934,74.29556060994382,0.706230077786777,2.422755794858469,2.5975606436560494,-0.17480484879758063,0.03580093895164537,500.77283333057835,2483.915166669422,0.0,0.0,500.77283333057835,2860.115166669422,2860.115166669422,500.77283333057835,0.27820712962809907,500.77283333057835,1502.318499991735,3612.515166669422,3612.515166669422,10837.545500008266,4113.2880000000005,4113.2880000000005,12339.864000000001,0.5141610000000001,0.37105870003035785,1.8552935001517892,0.12368623334345262,185.81611654616347,185.81611654616347,0.0,185.81611654616347,185.81611654616347,0.0,500.77283333057835,0.0,500.77283333057835,1502.318499991735,0.0,3421.7999999999997,-0.0672957719868838,127.3621535956479
70,70,2025,5NB,5,NB,PM-Peak,3,Peak,PM,3.0,70,8000,1.6,6.5,75,1800,1,4,0.05,0.01,5606.0,0.0,693.0,0.0,0.0,1.0,1.0,1.0,1.83,0.915,0.1933404940923738,0.1933404940923738,30,4.135,0.592,4721.811271969173,0.0,583.6987533847015,0.0,0.0,5305.510025353874,6472.907532123278,1.0,1.2,0.5580092700106274,6472.907532123278,0.0,1.0,94.43622543938345,4396.006294203299,0.0,554.5138157154664,0.0,0.0,5040.23452408618,0.5940026796272306,2.970013398136153,,0.12147513141516193,0.12172712087385582,124.64960052649164,623.2480026324581,56.87629546207149,73.90194090377105,2.9492137603451196,2.4356599813038877,3.1647630799026767,-0.729103098598789,0.8128682766095244,534.0054422902248,4093.369604239564,0.0,0.0,534.0054422902248,4677.068357624265,14031.205072872795,534.0054422902248,0.296669690161236,1602.0163268706742,4806.048980612022,5844.465864393669,17533.397593181006,52600.19277954302,6378.471306683894,19135.41392005168,57406.24176015504,0.7973089133354867,1.782008038881692,8.91004019440846,0.5940026796272306,951.601990967754,951.601990967754,0.0,2854.805972903262,2854.805972903262,0.0,1602.0163268706742,0.0,1602.0163268706742,4806.048980612022,0.0,15916.530076061623,-0.23038157365675868,146.64658885469603
71,71,2025,5NB,5,NB,PM-Late,3,OP,PM,3.0,70,8000,1.6,6.5,75,1800,1,4,0.05,0.01,4570.0,0.0,565.0,0.0,0.0,1.0,1.0,1.0,1.83,0.915,0.1933404940923738,0.1933404940923738,30,4.135,0.592,2742.0,0.0,339.0,0.0,0.0,3081.0,3759.0,1.0,1.2,0.32405172413793104,3759.0,0.0,1.0,54.84,2552.8019999999997,0.0,322.05,0.0,0.0,2926.95,0.11172863267527518,0.5586431633763759,,0.19212950982380195,0.1921505986909656,104.58863981163195,522.9431990581598,69.66859092516162,74.37353361335288,0.5069625833384108,2.420215784498952,2.583660694291305,-0.16344490979235315,0.016758008321945374,490.4685969372212,2196.6914030627786,0.0,0.0,490.4685969372212,2535.6914030627786,7607.074209188336,490.4685969372212,0.27248255385401177,1471.4057908116636,4414.2173724349905,3213.6914030627786,9641.074209188337,28923.22262756501,3704.16,11112.48,33337.44,0.46302,0.33518589802582555,1.6759294901291275,0.11172863267527518,164.39815711786915,164.39815711786915,0.0,493.19447135360747,493.19447135360747,0.0,1471.4057908116636,0.0,1471.4057908116636,4414.2173724349905,0.0,9243.0,-0.06326098088401887,123.04545860191996
72,72,2025,5SB,5,SB,Night,8,OP,NT,3.0,70,8000,1.6,5.0,75,1800,1,4,0.05,0.01,1472.0,0.0,182.0,0.0,0.0,1.0,1.0,1.0,1.83,0.915,0.1933404940923738,0.1933404940923738,30,4.103,0.708,1017.1803510987656,0.0,125.76550536683108,0.0,0.0,1142.9458564655968,1394.4768671992588,1.0,1.2,0.12021352303441886,1394.4768671992588,0.0,1.0,20.343607021975313,946.9949068729508,0.0,119.47723009848951,0.0,0.0,1085.7985636423168,0.12511697396611982,0.625584869830599,,0.19333170174977504,0.19333106914340956,111.70859302388831,558.5429651194415,69.99108466663576,74.98776677030854,0.0,2.400391527212024,2.5717561151871204,-0.17136458797509624,0.00044873494921220743,183.0841368941173,813.7526071826729,0.0,0.0,183.0841368941173,939.518112549504,7516.144900396032,183.0841368941173,0.10171340938562072,1464.6730951529385,4394.019285458815,1191.0491232831662,9528.39298626533,28585.178958795987,1374.1332601772835,10993.066081418268,32979.1982442548,0.17176665752216044,0.37535092189835945,1.876754609491797,0.12511697396611982,68.72079956817238,68.72079956817238,0.0,549.766396545379,549.766396545379,0.0,1464.6730951529385,0.0,1464.6730951529385,4394.019285458815,0.0,9143.566851724774,-0.06663329658793396,131.42187414575096
73,73,2025,5SB,5,SB,AM-Early,1,OP,AM,3.0,70,8000,1.6,5.0,75,1800,1,4,0.05,0.01,3483.0,0.0,430.0,0.0,0.0,1.0,1.0,1.0,1.83,0.915,0.1933404940923738,0.1933404940923738,30,4.155,0.715,4179.599999999999,0.0,516.0,0.0,0.0,4695.599999999999,5727.599999999999,1.0,1.2,0.49375862068965515,5727.599999999999,0.0,1.0,83.59199999999998,3891.2075999999997,0.0,490.2,0.0,0.0,4460.82,0.5717891554665646,2.8589457773328233,,0.13380232040010737,0.1339880325913726,140.75641656455093,703.7820828227548,58.97766573438266,74.05953617219488,1.5128494869407927,2.4304770094898287,3.0520027837429997,-0.621525774253171,0.6583866708707666,520.6526060385328,3575.3553939614667,0.0,0.0,520.6526060385328,4091.3553939614667,4091.3553939614667,520.6526060385328,0.2892514477991849,520.6526060385328,1561.9578181155985,5123.355393961467,5123.355393961467,15370.0661818844,5644.008,5644.008,16932.023999999998,0.7055009999999999,1.7153674663996938,8.576837331998469,0.5717891554665646,893.110541694716,893.110541694716,0.0,893.110541694716,893.110541694716,0.0,520.6526060385328,0.0,520.6526060385328,1561.9578181155985,0.0,4695.599999999999,-0.20364521866226054,165.59578419358934
74,74,2025,5SB,5,SB,AM-Peak,2,Peak,AM,3.0,70,8000,1.6,5.0,75,1800,1,4,0.05,0.01,4270.0,0.0,528.0,0.0,0.0,1.0,1.0,1.0,1.83,0.915,0.1933404940923738,0.1933404940923738,30,4.155,0.715,5124.0,0.0,633.6,0.0,0.0,5757.6,7024.8,1.0,1.2,0.6055862068965517,7024.8,0.0,1.0,102.48,4770.444,0.0,601.92,0.0,0.0,5469.72,0.9149992534947652,4.574996267473826,,0.1757941966246758,0.1762656671636507,123.9314647541921,619.6573237709605,48.53129101648485,69.78551233083313,1.8783122754554964,2.579331927043418,3.708947283905111,-1.1296153568616933,1.5584006360928595,838.616370523005,4182.903629476996,0.0,0.0,838.616370523005,4816.503629476996,9633.007258953992,838.616370523005,0.4658979836238917,1677.23274104601,5031.69822313803,6083.703629476996,12167.407258953992,36502.221776861974,6922.320000000001,13844.640000000001,41533.920000000006,0.8652900000000001,2.7449977604842957,13.724988802421478,0.9149992534947652,2302.000058991117,2302.000058991117,0.0,4604.000117982234,4604.000117982234,0.0,1677.23274104601,0.0,1677.23274104601,5031.69822313803,0.0,11515.2,-0.3045649534474735,145.801723240226
75,75,2025,5SB,5,SB,AM-Shoulder,1,OP,AM,3.0,70,8000,1.6,5.0,75,1800,1,4,0.05,0.01,3240.0,0.0,400.0,0.0,0.0,1.0,1.0,1.0,1.83,0.915,0.1933404940923738,0.1933404940923738,30,4.155,0.715,3888.0,0.0,480.0,0.0,0.0,4368.0,5328.0,1.0,1.2,0.4593103448275862,5328.0,0.0,1.0,77.76,3619.7279999999996,0.0,456.0,0.0,0.0,4149.599999999999,0.42892893374328545,2.144644668716427,,0.13886972260885203,0.1389981102670352,138.47012772740794,692.3506386370398,62.07140164350067,74.1977641448997,1.3473826306203174,2.425949111464878,2.8998861832347123,-0.47393707176983435,0.44998692817441327,502.6706232794947,3307.5693767205053,0.0,0.0,502.6706232794947,3787.5693767205053,3787.5693767205053,502.6706232794947,0.279261457377497,502.6706232794947,1508.011869838484,4747.569376720505,4747.569376720505,14242.708130161514,5250.24,5250.24,15750.719999999998,0.65628,1.2867868012298564,6.433934006149281,0.42892893374328545,646.8299234020392,646.8299234020392,0.0,646.8299234020392,646.8299234020392,0.0,502.6706232794947,0.0,502.6706232794947,1508.011869838484,0.0,4368.0,-0.1634329907531666,162.90603262047995
76,76,2025,5SB,5,SB,MD,5,OP,MD,3.0,70,8000,1.6,5.0,75,1800,1,4,0.05,0.01,4470.0,0.0,552.0,0.0,0.0,1.0,1.0,1.0,1.83,0.915,0.1933404940923738,0.1933404940923738,30,4.136,0.708,2682.0,0.0,331.2,0.0,0.0,3013.2,3675.6,1.0,1.2,0.3168620689655172,3675.6,0.0,1.0,53.64,2496.942,0.0,314.64,0.0,0.0,2862.5399999999995,0.1479193467136814,0.739596733568407,,0.19150024119136425,0.19152806514437568,115.99806877188017,579.9903438594009,68.87605021723058,74.43286770256844,0.5003143488798983,2.4182865118038275,2.613390277640656,-0.19510376583682865,0.05748753751055608,478.1649952408474,2150.1950047591527,0.0,0.0,478.1649952408474,2481.3950047591525,12406.975023795763,478.1649952408474,0.26564721957824855,2390.824976204237,7172.474928612711,3143.7950047591526,15718.975023795763,47156.92507138729,3621.96,18109.8,54329.4,0.452745,0.4437580401410442,2.218790200705221,0.1479193467136814,212.18956115213018,212.18956115213018,0.0,1060.947805760651,1060.947805760651,0.0,2390.824976204237,0.0,2390.824976204237,7172.474928612711,0.0,15066.0,-0.07465542651860115,136.46831620221195
77,77,2025,5SB,5,SB,PM-Shoulder,1,OP,PM,3.0,70,8000,1.6,5.0,75,1800,1,4,0.05,0.01,4630.0,0.0,572.0,0.0,0.0,1.0,1.0,1.0,1.83,0.915,0.1933404940923738,0.1933404940923738,30,4.135,0.592,2778.0,0.0,343.2,0.0,0.0,3121.2,3807.6,1.0,1.2,0.3282413793103448,3807.6,0.0,1.0,55.56,2586.3179999999998,0.0,326.03999999999996,0.0,0.0,2965.14,0.13615942408781587,0.6807971204390794,,0.192987503708496,0.19301802928957018,104.39294246593899,521.964712329695,68.67083074509907,74.32970724798213,0.5059182882532567,2.4216427948448103,2.6212002686868083,-0.19955747384199807,0.06818722524378455,499.1270546163499,2223.31294538365,0.0,0.0,499.1270546163499,2566.51294538365,2566.51294538365,499.1270546163499,0.27729280812019436,499.1270546163499,1497.3811638490497,3252.91294538365,3252.91294538365,9758.73883615095,3752.04,3752.04,11256.119999999999,0.469005,0.4084782722634476,2.042391361317238,0.13615942408781587,203.88255690963004,203.88255690963004,0.0,203.88255690963004,203.88255690963004,0.0,499.1270546163499,0.0,499.1270546163499,1497.3811638490497,0.0,3121.2,-0.07613209727846323,122.81522643051645
78,78,2025,5SB,5,SB,PM-Peak,3,Peak,PM,3.0,70,8000,1.6,5.0,75,1800,1,4,0.05,0.01,4957.0,0.0,613.0,0.0,0.0,1.0,1.0,1.0,1.83,0.915,0.1933404940923738,0.1933404940923738,30,4.135,0.592,2974.2,0.0,367.8,0.0,0.0,3342.0,4077.6,1.0,1.2,0.35151724137931034,4077.6,0.0,1.0,59.483999999999995,2768.9802,0.0,349.40999999999997,0.0,0.0,3174.8999999999996,0.15608938867794164,0.7804469433897082,,0.18058938353901627,0.18062767830243967,107.28419743085638,536.4209871542819,68.05264742894167,74.30619718320534,1.022569485402359,2.4224089890672476,2.645010984884167,-0.22260199581691964,0.10080790643416633,500.048427349742,2414.667572650258,0.0,0.0,500.048427349742,2782.4675726502583,8347.402717950776,500.048427349742,0.2778046818609678,1500.145282049226,4500.435846147678,3518.067572650258,10554.202717950775,31662.608153852325,4018.116,12054.348000000002,36163.044,0.5022645,0.46826816603382493,2.3413408301691248,0.15608938867794164,234.15676000316202,234.15676000316202,0.0,702.470280009486,702.470280009486,0.0,1500.145282049226,0.0,1500.145282049226,4500.435846147678,0.0,10026.0,-0.08415919521281989,126.21670285983103
79,79,2025,5SB,5,SB,PM-Late,3,OP,PM,3.0,70,8000,1.6,5.0,75,1800,1,4,0.05,0.01,4118.0,0.0,509.0,0.0,0.0,1.0,1.0,1.0,1.83,0.915,0.1933404940923738,0.1933404940923738,30,4.135,0.592,2470.7999999999997,0.0,305.4,0.0,0.0,2776.2,3386.9999999999995,1.0,1.2,0.2919827586206896,3386.9999999999995,0.0,1.0,49.416,2300.3147999999997,0.0,290.12999999999994,0.0,0.0,2637.39,0.12662726420413012,0.6331363210206506,,0.19302076038115434,0.19303665190199595,104.38769489159999,521.9384744580001,69.25345409597784,74.57887725254989,0.44999619474739183,2.413552022115561,2.5991483363492507,-0.1855963142336896,0.03797607794133056,444.0085118120229,1977.375488187977,0.0,0.0,444.0085118120229,2282.775488187977,6848.32646456393,444.0085118120229,0.24667139545112385,1332.0255354360688,3996.0766063082065,2893.575488187977,8680.726464563932,26042.179393691797,3337.584,10012.752,30038.256,0.41719799999999996,0.37988179261239036,1.899408963061952,0.12662726420413012,168.67074940231095,168.67074940231095,0.0,506.01224820693284,506.01224820693284,0.0,1332.0255354360688,0.0,1332.0255354360688,3996.0766063082065,0.0,8328.599999999999,-0.07140658793425278,122.80905281364706
80,80,2025,6NB,6,NB,Night,8,OP,NT,4.4,70,8000,1.6,6.5,75,1800,1,4,0.05,0.01,1554.0,0.0,192.0,0.0,0.0,1.0,1.0,1.0,1.83,0.915,0.1933404940923738,0.1933404940923738,30,4.103,0.708,1554.0,0.0,192.0,0.0,0.0,1746.0,2130.0,1.0,1.2,0.18362068965517242,2130.0,0.0,1.0,31.080000000000002,1446.7740000000001,0.0,182.39999999999998,0.0,0.0,1658.6999999999998,0.12382423839142365,0.6191211919571182,,0.19333419473818292,0.19333793258196788,111.70568188732294,558.5284094366148,69.9917559747126,74.93340240719131,0.0,3.523128424963446,3.771872791638216,-0.24874436667476996,0.0006085816872130864,279.71088625813985,1243.2091137418602,0.0,0.0,279.71088625813985,1435.2091137418602,11481.672909934881,279.71088625813985,0.15539493681007768,2237.687090065119,9845.823196286523,1819.2091137418602,14553.672909934881,64036.16080371349,2098.92,16791.36,73881.98400000001,0.262365,0.5448266489222641,2.7241332446113202,0.12382423839142365,152.3939448270989,152.3939448270989,0.0,1219.1515586167911,1219.1515586167911,0.0,2237.687090065119,0.0,2237.687090065119,9845.823196286523,0.0,13968.0,-0.06594717807721565,131.41844927920346
81,81,2025,6NB,6,NB,AM-Early,1,OP,AM,4.4,70,8000,1.6,6.5,75,1800,1,4,0.05,0.01,2259.0,0.0,279.0,0.0,0.0,1.0,1.0,1.0,1.83,0.915,0.1933404940923738,0.1933404940923738,30,4.155,0.715,1564.6266206756663,0.0,193.24073801173566,0.0,0.0,1757.867358687402,2144.3488347108732,1.0,1.2,0.18485765816473046,2144.3488347108732,0.0,1.0,31.292532413513328,1456.6673838490453,0.0,183.57870111114886,0.0,0.0,1669.9739907530318,0.13119075817390136,0.6559537908695068,,0.1933347419506374,0.1933377093598341,118.38300029652626,591.9150014826313,69.99138915768613,74.93156297874505,0.0,3.5232149111167717,3.771892559600794,-0.2486776484840223,0.0006356637959450324,281.6244127643653,1251.7096754977877,0.0,0.0,281.6244127643653,1444.9504135095233,1444.9504135095233,281.6244127643653,0.15645800709131405,281.6244127643653,1239.1474161632073,1831.4318895329948,1831.4318895329948,8058.300313945178,2113.05630229736,2113.05630229736,9297.447730108384,0.26413203778717004,0.577239335965166,2.8861966798258303,0.13119075817390136,162.56468901568203,162.56468901568203,0.0,162.56468901568203,162.56468901568203,0.0,281.6244127643653,0.0,281.6244127643653,1239.1474161632073,0.0,1757.867358687402,-0.06592914420402833,139.27411799591326
82,82,2025,6NB,6,NB,AM-Peak,2,Peak,AM,4.4,70,8000,1.6,6.5,75,1800,1,4,0.05,0.01,4308.0,0.0,532.0,0.0,0.0,1.0,1.0,1.0,1.83,0.915,0.1933404940923738,0.1933404940923738,30,4.155,0.715,1564.6773001243973,0.0,193.22384486215861,0.0,0.0,1757.901144986556,2144.3488347108732,1.0,1.2,0.18485765816473046,2144.3488347108732,0.0,1.0,31.293546002487947,1456.7145664158138,0.0,183.56265261905068,0.0,0.0,1670.006087737228,0.13119035586684274,0.6559517793342138,,0.19333789706721788,0.19333498327976295,118.38293606696278,591.914680334814,69.99138956982465,74.93155010189426,0.0,3.523215516574855,3.771892537390316,-0.24867702081546117,0.0006356333675902316,281.63813089801755,1251.7456232238917,0.0,0.0,281.63813089801755,1444.9694680860503,2889.9389361721005,281.63813089801755,0.15646562827667643,563.2762617960351,2478.415551902555,1831.4171578103676,3662.834315620735,16116.470988731237,2113.055288708385,4226.11057741677,18594.88654063379,0.2641319110885481,0.5772375658141081,2.8861878290705407,0.13119035586684274,162.57210912000681,162.57210912000681,0.0,325.14421824001363,325.14421824001363,0.0,563.2762617960351,0.0,563.2762617960351,2478.415551902555,0.0,3515.802289973112,-0.06592897818544824,139.27404243172091
83,83,2025,6NB,6,NB,AM-Shoulder,1,OP,AM,4.4,70,8000,1.6,6.5,75,1800,1,4,0.05,0.01,4049.0,0.0,500.0,0.0,0.0,1.0,1.0,1.0,1.83,0.915,0.1933404940923738,0.1933404940923738,30,4.155,0.715,1564.690652684146,0.0,193.21939400890912,0.0,0.0,1757.9100466930552,2144.3488347108732,1.0,1.2,0.18485765816473046,2144.3488347108732,0.0,1.0,31.29381305368292,1456.72699764894,0.0,183.55842430846366,0.0,0.0,1670.0145443584024,0.13119038991116375,0.6559519495558187,,0.19333665317187285,0.19333589687289934,118.38298404080712,591.9149202040355,69.99138958759228,74.93154935146379,0.0,3.5232155518594355,3.771892536432804,-0.24867698457336873,0.0006356320557989243,281.6387223105567,1251.7581173199064,0.0,0.0,281.6387223105567,1444.9775113288156,1444.9775113288156,281.6387223105567,0.15646595683919817,281.6387223105567,1239.2103781664496,1831.4162993466339,1831.4162993466339,8058.23171712519,2113.0550216571905,2113.0550216571905,9297.442095291639,0.2641318777071488,0.5772377156091205,2.8861885780456027,0.13119038991116375,162.5724926936172,162.5724926936172,0.0,162.5724926936172,162.5724926936172,0.0,281.6387223105567,0.0,281.6387223105567,1239.2103781664496,0.0,1757.9100466930552,-0.06592896859372094,139.27409887153777
84,84,2025,6NB,6,NB,MD,5,OP,MD,4.4,70,8000,1.6,6.5,75,1800,1,4,0.05,0.01,4439.0,0.0,549.0,0.0,0.0,1.0,1.0,1.0,1.83,0.915,0.1933404940923738,0.1933404940923738,30,4.136,0.708,3015.9640830728504,0.0,373.0038931306589,0.0,0.0,3388.9679762035094,4134.975762464827,1.0,1.2,0.356463427798692,4134.975762464827,0.0,1.0,60.31928166145701,2807.8625613408235,0.0,354.35369847412596,0.0,0.0,3219.5195773933337,0.14119957303556382,0.7059978651778192,,0.17191854865097506,0.17196412438342606,122.25071231307264,611.2535615653633,69.32150304789604,74.38379531691663,1.0900805846798856,3.549160121169028,3.808342121745333,-0.25918200057630525,0.05057156393396383,482.7236563571238,2472.92114505427,0.0,0.0,482.7236563571238,2845.925038184929,14229.625190924644,482.7236563571238,0.268179809087291,2413.618281785619,10619.920439856724,3591.9328244462467,17959.664122231232,79022.52213781743,4074.6564808033704,20373.28240401685,89642.44257767416,0.5093320601004213,0.6212781213564809,3.1063906067824045,0.14119957303556382,299.9056463558853,299.9056463558853,0.0,1499.5282317794267,1499.5282317794267,0.0,2413.618281785619,0.0,2413.618281785619,10619.920439856724,0.0,16944.839881017546,-0.06805638576859901,143.8243674271443
85,85,2025,6NB,6,NB,PM-Shoulder,1,OP,PM,4.4,70,8000,1.6,6.5,75,1800,1,4,0.05,0.01,4956.0,0.0,613.0,0.0,0.0,1.0,1.0,1.0,1.83,0.915,0.1933404940923738,0.1933404940923738,30,4.135,0.592,4956.0,0.0,613.0,0.0,0.0,5569.0,6795.0,1.0,1.2,0.5857758620689655,6795.0,0.0,1.0,99.12,4614.036,0.0,582.35,0.0,0.0,5290.55,0.7788338810111323,3.8941694050556612,,0.11959203102224543,0.12010180057225446,125.24740246194101,626.237012309705,53.05896097332721,73.73897782482834,2.948186277809607,3.580196088792401,4.9755968672796484,-1.3954007784872475,1.6497105653159758,551.8019364497572,4305.078063550242,0.0,0.0,551.8019364497572,4918.078063550242,4918.078063550242,551.8019364497572,0.3065566313609763,551.8019364497572,2427.9285203789323,6144.078063550242,6144.078063550242,27033.94347962107,6695.879999999999,6695.879999999999,29461.872000000003,0.8369849999999999,3.426869076448982,17.13434538224491,0.7788338810111323,1890.9529923443397,1890.9529923443397,0.0,1890.9529923443397,1890.9529923443397,0.0,551.8019364497572,0.0,551.8019364497572,2427.9285203789323,0.0,5569.0,-0.28044892215115635,147.34988524934235
86,86,2025,6NB,6,NB,PM-Peak,3,Peak,PM,4.4,70,8000,1.6,6.5,75,1800,1,4,0.05,0.01,5474.0,0.0,677.0,0.0,0.0,1.0,1.0,1.0,1.83,0.915,0.1933404940923738,0.1933404940923738,30,4.135,0.592,5474.0,0.0,677.0,0.0,0.0,6151.0,7505.0,1.0,1.2,0.6469827586206897,7505.0,0.0,1.0,109.48,5096.294,0.0,643.15,0.0,0.0,5843.45,0.9149994822724435,4.574997411362218,,0.16338881131116648,0.16418085523528073,111.45624443345216,557.2812221672608,46.92149639105429,69.76360070051815,3.4168148790631685,3.784208345743244,5.626419025509432,-1.8422106797661884,2.5413369220907787,832.6774187522299,4531.842581247771,0.0,0.0,832.6774187522299,5208.842581247771,15626.527743743312,832.6774187522299,0.46259856597346105,2498.03225625669,10991.341927529436,6562.842581247771,19688.52774374331,86629.52207247057,7395.52,22186.56,97620.864,0.92444,4.025997721998752,20.12998860999376,0.9149994822724434,3352.357391056278,3352.357391056278,0.0,10057.072173168835,10057.072173168835,0.0,2498.03225625669,0.0,2498.03225625669,10991.341927529436,0.0,18453.0,-0.3274215218265563,131.12499345112016
87,87,2025,6NB,6,NB,PM-Late,3,OP,PM,4.4,70,8000,1.6,6.5,75,1800,1,4,0.05,0.01,4463.0,0.0,552.0,0.0,0.0,1.0,1.0,1.0,1.83,0.915,0.1933404940923738,0.1933404940923738,30,4.135,0.592,1564.0184424439658,0.0,193.4434640889691,0.0,0.0,1757.4619065329348,2144.3488347108732,1.0,1.2,0.18485765816473046,2144.3488347108732,0.0,1.0,31.280368848879316,1456.101169915332,0.0,183.77129088452065,0.0,0.0,1669.588811206288,0.11561176683026995,0.5780588341513497,,0.19332080473421928,0.1933199096427618,104.32240555010667,521.6120277505332,69.99138525835232,74.93168694227131,0.0,3.5232090824725493,3.7718927697390576,-0.24868368726650836,0.0006359516853661392,281.4946499424702,1251.2434236526162,0.0,0.0,281.4946499424702,1444.6868877415855,4334.060663224756,281.4946499424702,0.15638591663470566,844.4839498274105,3715.7293792406062,1831.5738159195234,5494.72144775857,24176.77437013771,2113.0684658619934,6339.205397585981,27892.503749378317,0.2641335582327492,0.5086917740531879,2.543458870265939,0.11561176683026994,143.19401286571625,143.19401286571625,0.0,429.58203859714877,429.58203859714877,0.0,844.4839498274105,0.0,844.4839498274105,3715.7293792406062,0.0,5272.385719598804,-0.06593074152627952,122.73224182365487
88,88,2025,6SB,6,SB,Night,8,OP,NT,4.4,70,8000,1.6,5.0,75,1800,1,4,0.05,0.01,1437.0,0.0,178.0,0.0,0.0,1.0,1.0,1.0,1.83,0.915,0.1933404940923738,0.1933404940923738,30,4.103,0.708,1016.6733932853045,0.0,125.9344913046515,0.0,0.0,1142.607884589956,1394.476867199259,1.0,1.2,0.12021352303441887,1394.476867199259,0.0,1.0,20.33346786570609,946.5229291486185,0.0,119.63776673941892,0.0,0.0,1085.4774903604582,0.12516778145799523,0.6258389072899762,,0.1931764687842874,0.1931777452484963,111.75250116297813,558.7625058148907,69.99107589979745,74.98782638249719,0.0,3.5205714412015534,3.7719094413972853,-0.25133800019573194,0.0006587918571381892,182.84595707629038,813.4939683433081,0.0,0.0,182.84595707629038,939.4284596479596,7515.427677183677,182.84595707629038,0.10158108726460577,1462.767656610323,6436.177689085422,1191.2974422572627,9530.379538058101,41933.66996745565,1374.1433993335531,10993.147194668425,48369.847656541075,0.17176792491669415,0.5507382384151791,2.7536911920758955,0.12516778145799523,100.70026030153362,100.70026030153362,0.0,805.6020824122689,805.6020824122689,0.0,1462.767656610323,0.0,1462.767656610323,6436.177689085422,0.0,9140.863076719648,-0.06663415548561659,131.47353077997428
89,89,2025,6SB,6,SB,AM-Early,1,OP,AM,4.4,70,8000,1.6,5.0,75,1800,1,4,0.05,0.01,3401.0,0.0,420.0,0.0,0.0,1.0,1.0,1.0,1.83,0.915,0.1933404940923738,0.1933404940923738,30,4.155,0.715,1017.5103680207421,0.0,125.65549972617222,0.0,0.0,1143.1658677469143,1394.4768671992588,1.0,1.2,0.12021352303441886,1394.4768671992588,0.0,1.0,20.350207360414842,947.3021526273109,0.0,119.37272473986361,0.0,0.0,1086.0075743595685,0.13259381478931714,0.6629690739465857,,0.19333353037826187,0.19333580789076787,118.38458253233706,591.9229126616852,69.9910869156718,74.9877504722127,0.0,3.5205750050846945,3.7719088477376883,-0.25133384265299386,0.0006579785434897544,183.14526950236507,814.0148911579622,0.0,0.0,183.14526950236507,939.6703908841345,939.6703908841345,183.14526950236507,0.10174737194575838,183.14526950236507,805.8391858104063,1190.9813903364789,1190.9813903364789,5240.318117480508,1374.1266598388438,1374.1266598388438,6046.157303290914,0.17176583247985547,0.5834127850729954,2.9170639253649773,0.13259381478931714,106.84929175331914,106.84929175331914,0.0,106.84929175331914,106.84929175331914,0.0,183.14526950236507,0.0,183.14526950236507,805.8391858104063,0.0,1143.1658677469143,-0.06663306373475558,139.2759794498083
90,90,2025,6SB,6,SB,AM-Peak,2,Peak,AM,4.4,70,8000,1.6,5.0,75,1800,1,4,0.05,0.01,4170.0,0.0,515.0,0.0,0.0,1.0,1.0,1.0,1.83,0.915,0.1933404940923738,0.1933404940923738,30,4.155,0.715,3888.0679870021613,0.0,480.18105834678965,0.0,0.0,4368.249045348951,5328.611162042531,1.0,1.2,0.459363031210563,5328.611162042531,0.0,1.0,77.76135974004323,3619.791295899012,0.0,456.17200542945017,0.0,0.0,4149.836593081503,0.4290988951209503,2.1454944756047514,,0.1388473355060177,0.13903570519326344,138.4533247505207,692.2666237526034,62.06642196032786,74.19815178678851,3.0891247473673697,3.5580401080422464,4.253507640068985,-0.6954675320267389,0.6604483240373678,502.59837652345266,3307.7082507386654,0.0,0.0,502.59837652345266,3787.889309085455,7575.77861817091,502.59837652345266,0.27922132029080704,1005.1967530469053,4422.865713406383,4748.251425779034,9496.502851558069,41784.612546855504,5250.849802302487,10501.699604604974,46207.47826026189,0.6563562252878108,1.8880351385321814,9.440175692660906,0.4290988951209503,948.9233954455065,948.9233954455065,0.0,1897.846790891013,1897.846790891013,0.0,1005.1967530469053,0.0,1005.1967530469053,4422.865713406383,0.0,8736.498090697902,-0.16350447463060383,162.8862644123773
91,91,2025,6SB,6,SB,AM-Shoulder,1,OP,AM,4.4,70,8000,1.6,5.0,75,1800,1,4,0.05,0.01,3163.0,0.0,391.0,0.0,0.0,1.0,1.0,1.0,1.83,0.915,0.1933404940923738,0.1933404940923738,30,4.155,0.715,1017.2348549241825,0.0,125.7473374250254,0.0,0.0,1142.982192349208,1394.4768671992588,1.0,1.2,0.12021352303441886,1394.4768671992588,0.0,1.0,20.34469709848365,947.045649934414,0.0,119.45997055377413,0.0,0.0,1085.8330827317475,0.13259422440345056,0.6629711220172528,,0.19333482750866499,0.193334294964404,118.38461639614223,591.9230819807111,69.99108513649234,74.98776343646594,0.0,3.5205743964303773,3.7719089436199384,-0.25133454718956116,0.0006581099021727879,183.09690737290146,813.7932504527975,0.0,0.0,183.09690737290146,939.5405878778229,939.5405878778229,183.09690737290146,0.10172050409605636,183.09690737290146,805.6263924407665,1191.0352627278737,1191.0352627278737,5240.555156002645,1374.132170100775,1374.132170100775,6046.181548443412,0.1717665212625969,0.5834145873751825,2.9170729368759125,0.13259422440345056,106.82140666463332,106.82140666463332,0.0,106.82140666463332,106.82140666463332,0.0,183.09690737290146,0.0,183.09690737290146,805.6263924407665,0.0,1142.982192349208,-0.06663324882608457,139.2760192895791
92,92,2025,6SB,6,SB,MD,5,OP,MD,4.4,70,8000,1.6,5.0,75,1800,1,4,0.05,0.01,4365.0,0.0,539.0,0.0,0.0,1.0,1.0,1.0,1.83,0.915,0.1933404940923738,0.1933404940923738,30,4.136,0.708,1017.5345244608434,0.0,125.64744757947184,0.0,0.0,1143.1819720403153,1394.4768671992588,1.0,1.2,0.12021352303441886,1394.4768671992588,0.0,1.0,20.35069048921687,947.3246422730451,0.0,119.36507520049825,0.0,0.0,1086.0228734382995,0.1293105127943501,0.6465525639717505,,0.19334025028699123,0.19333992073652745,115.45319893789701,577.2659946894851,69.99108730978513,74.98774777637507,0.0,3.5205751316506846,3.771908826498419,-0.25133369484773427,0.0006579494456909823,183.15598344010496,814.0278505315216,0.0,0.0,183.15598344010496,939.6752981109935,4698.376490554967,183.15598344010496,0.10175332413339165,915.7799172005248,4029.431635682309,1190.9701932699372,5954.850966349686,26201.344251938623,1374.1261767100423,6870.630883550211,30230.775887620934,0.1717657720887553,0.5689662562951405,2.8448312814757024,0.1293105127943501,104.20957421597127,104.20957421597127,0.0,521.0478710798563,521.0478710798563,0.0,915.7799172005248,0.0,915.7799172005248,4029.431635682309,0.0,5715.9098602015765,-0.0666330249241616,135.8272928681141
93,93,2025,6SB,6,SB,PM-Shoulder,1,OP,PM,4.4,70,8000,1.6,5.0,75,1800,1,4,0.05,0.01,4521.0,0.0,559.0,0.0,0.0,1.0,1.0,1.0,1.83,0.915,0.1933404940923738,0.1933404940923738,30,4.135,0.592,1017.171654825403,0.0,125.76840412461851,0.0,0.0,1142.9400589500215,1394.4768671992585,1.0,1.2,0.12021352303441885,1394.4768671992585,0.0,1.0,20.34343309650806,946.9868106424502,0.0,119.47998391838759,0.0,0.0,1085.7930560025204,0.11687733616645339,0.584386680832267,,0.19319628907460043,0.1931956504344152,104.35125491367504,521.7562745683751,69.99107988988457,74.98779799929233,0.0,3.5205727737530235,3.771909226366351,-0.2513364526133275,0.0006584972647581866,182.9543376187127,813.8738841101822,0.0,0.0,182.9543376187127,939.6422882348007,939.6422882348007,182.9543376187127,0.10164129867706262,182.9543376187127,804.999085522336,1191.1790964840377,1191.1790964840377,5241.188024529766,1374.1334341027505,1374.1334341027505,6046.187110052102,0.1717666792628438,0.5142602791323949,2.571301395661975,0.11687733616645339,94.08614873228161,94.08614873228161,0.0,94.08614873228161,94.08614873228161,0.0,182.9543376187127,0.0,182.9543376187127,804.999085522336,0.0,1142.9400589500215,-0.06663374899280149,122.76618225138239
94,94,2025,6SB,6,SB,PM-Peak,3,Peak,PM,4.4,70,8000,1.6,5.0,75,1800,1,4,0.05,0.01,4840.0,0.0,598.0,0.0,0.0,1.0,1.0,1.0,1.83,0.915,0.1933404940923738,0.1933404940923738,30,4.135,0.592,1017.3753447760645,0.0,125.70050747439805,0.0,0.0,1143.0758522504625,1394.4768671992588,1.0,1.2,0.12021352303441886,1394.4768671992588,0.0,1.0,20.34750689552129,947.176445986516,0.0,119.41548210067815,0.0,0.0,1085.9220596379394,0.11684010748952964,0.5842005374476482,,0.19333882748289744,0.19333976182461973,104.31898042810013,521.5949021405007,69.99108620619857,74.9877557644463,0.0,3.520574756621393,3.7719088859721044,-0.2513341293507114,0.0006580309246405983,183.12598348645093,813.9018543940922,0.0,0.0,183.12598348645093,939.6023618684902,2818.8070856054705,183.12598348645093,0.10173665749247274,549.3779504593529,2417.2629820211528,1191.0033768172864,3573.0101304518594,15721.244573988182,1374.1293603037373,4122.3880809112125,18138.507556009336,0.17176617003796715,0.5140964729539305,2.5704823647696524,0.11684010748952964,94.14442221660414,94.14442221660414,0.0,282.4332666498124,282.4332666498124,0.0,549.3779504593529,0.0,549.3779504593529,2417.2629820211528,0.0,3429.2275567513875,-0.06663313906797541,122.72821226835309
95,95,2025,6SB,6,SB,PM-Late,3,OP,PM,4.4,70,8000,1.6,5.0,75,1800,1,4,0.05,0.01,4021.0,0.0,497.0,0.0,0.0,1.0,1.0,1.0,1.83,0.915,0.1933404940923738,0.1933404940923738,30,4.135,0.592,1017.2698626647713,0.0,125.73566817816248,0.0,0.0,1143.0055308429337,1394.4768671992588,1.0,1.2,0.12021352303441886,1394.4768671992588,0.0,1.0,20.345397253295427,947.0782421409019,0.0,119.44888476925435,0.0,0.0,1085.855254300787,0.11684010730807937,0.5842005365403968,,0.1933392415897333,0.19334027498216488,104.31886788302319,521.5943394151159,69.99108552212408,74.98776074643034,0.0,3.5205745227239267,3.771908922837752,-0.25133440011382513,0.0006580814305772646,183.10738906165977,813.817076349816,0.0,0.0,183.10738906165977,939.5527445279786,2818.6582335839357,183.10738906165977,0.10172632725647765,549.3221671849793,2417.0175356139093,1191.0240808843034,3573.07224265291,15721.517867672805,1374.131469945963,4122.39440983789,18138.535403286714,0.17176643374324538,0.5140964721555492,2.570482360777746,0.11684010730807935,94.13486274221289,94.13486274221289,0.0,282.4045882266387,282.4045882266387,0.0,549.3221671849793,0.0,549.3221671849793,2417.0175356139093,0.0,3429.016592528801,-0.0666332102008276,122.72807986238021
96,96,2025,7NB,7,NB,Night,8,OP,NT,5.6,70,6000,1.6,6.5,75,1800,1,4,0.05,0.01,769.0,0.0,95.0,0.0,0.0,1.0,1.0,1.0,1.83,0.915,0.24291497975708504,0.24291497975708504,30,4.103,0.708,769.0,0.0,95.0,0.0,0.0,864.0,1054.0,1.0,1.2,0.10979166666666666,1054.0,0.0,1.0,15.38,715.939,0.0,90.25,0.0,0.0,820.8,0.11089223665098435,0.5544611832549218,,0.24290620472158092,0.2429078034404741,99.13196272773781,495.65981363868906,69.99957276083781,74.99082951416081,0.0,4.480547850674886,4.8000292965785025,-0.3194814459036168,4.013631254816963e-05,173.90602530216393,579.7139746978361,0.0,0.0,173.90602530216393,674.7139746978361,5397.711797582689,173.90602530216393,0.09661445850120218,1391.2482024173114,7790.989933536944,864.7139746978361,6917.711797582689,38739.18606646305,1038.62,8308.96,46530.17599999999,0.1731033333333333,0.6209965252455123,3.104982626227562,0.11089223665098434,107.99503743190193,107.99503743190193,0.0,863.9602994552155,863.9602994552155,0.0,1391.2482024173114,0.0,1391.2482024173114,7790.989933536944,0.0,6912.0,-0.06655822832817826,116.62583850322098
97,97,2025,7NB,7,NB,AM-Early,1,OP,AM,5.6,70,6000,1.6,6.5,75,1800,1,4,0.05,0.01,930.0,0.0,115.0,0.0,0.0,1.0,1.0,1.0,1.83,0.915,0.24291497975708504,0.24291497975708504,30,4.155,0.715,930.0,0.0,115.0,0.0,0.0,1045.0,1275.0,1.0,1.2,0.1328125,1275.0,0.0,1.0,18.6,865.8299999999999,0.0,109.25,0.0,0.0,992.75,0.11717736546301263,0.5858868273150631,,0.24291376201898482,0.24291348147891756,104.93200429779067,524.6600214889532,69.9985271974808,74.9803841135972,0.0,4.481172028819583,4.800100994297669,-0.3189289654780856,0.0001383621878064453,210.3220225688976,701.0779774311023,0.0,0.0,210.3220225688976,816.0779774311023,816.0779774311023,210.3220225688976,0.11684556809383201,210.3220225688976,1177.8033263858265,1046.0779774311022,1046.0779774311022,5858.036673614172,1256.3999999999999,1256.3999999999999,7035.839999999998,0.20939999999999998,0.6561932465928707,3.2809662329643534,0.11717736546301263,138.01189081946396,138.01189081946396,0.0,138.01189081946396,138.01189081946396,0.0,210.3220225688976,0.0,210.3220225688976,1177.8033263858265,0.0,1045.0,-0.06644213650024461,123.4494168209302
98,98,2025,7NB,7,NB,AM-Peak,2,Peak,AM,5.6,70,6000,1.6,6.5,75,1800,1,4,0.05,0.01,1497.0,0.0,185.0,0.0,0.0,1.0,1.0,1.0,1.83,0.915,0.24291497975708504,0.24291497975708504,30,4.155,0.715,1216.7333462711306,0.0,150.3645083902199,0.0,0.0,1367.0978546613505,1667.8268714417902,1.0,1.2,0.1737319657751865,1667.8268714417902,0.0,1.0,24.334666925422614,1132.7787453784224,0.0,142.8462829707089,0.0,0.0,1298.742961928283,0.11652245046277214,0.5826122523138607,,0.24290956713015147,0.24290965728521655,104.93250949426984,524.6625474713491,69.99156307916836,74.94256044191015,0.0,4.483433685995316,4.800578601451522,-0.3171449154562058,0.0007926839885848335,275.16279469410864,917.2358846515992,0.0,0.0,275.16279469410864,1067.6003930418192,2135.2007860836384,275.16279469410864,0.1528682192745048,550.3255893882173,3081.8233005740167,1368.3294098222589,2736.6588196445177,15325.289390009299,1643.4922045163676,3286.984409032735,18407.112690583315,0.2739153674193946,0.652525722591524,3.2626286129576196,0.11652245046277214,179.5508014380764,179.5508014380764,0.0,359.1016028761528,359.1016028761528,0.0,550.3255893882173,0.0,550.3255893882173,3081.8233005740167,0.0,2734.195709322701,-0.0660638939148528,123.45001116972922
99,99,2025,7NB,7,NB,AM-Shoulder,1,OP,AM,5.6,70,6000,1.6,6.5,75,1800,1,4,0.05,0.01,1769.0,0.0,219.0,0.0,0.0,1.0,1.0,1.0,1.83,0.915,0.24291497975708504,0.24291497975708504,30,4.155,0.715,1216.1524054330284,0.0,150.55815533625395,0.0,0.0,1366.7105607692824,1667.8268714417902,1.0,1.2,0.1737319657751865,1667.8268714417902,0.0,1.0,24.32304810866057,1132.2378894581495,0.0,143.03024756944123,0.0,0.0,1298.3750327308182,0.1165249958117181,0.5826249790585905,,0.24290819153726578,0.24291120381804449,104.93249106526719,524.6624553263358,69.99155784368155,74.94267117201237,0.0,4.483427061584115,4.800578960542914,-0.3171518989587989,0.000793175943792154,275.02985811824976,916.7994992061181,0.0,0.0,275.02985811824976,1067.357654542372,1067.357654542372,275.02985811824976,0.15279436562124987,275.02985811824976,1540.1672054621986,1368.4739652148799,1368.4739652148799,7663.454205203327,1643.5038233331297,1643.5038233331297,9203.621410665524,0.27391730388885493,0.6525399765456213,3.262699882728106,0.1165249958117181,179.46797716582827,179.46797716582827,0.0,179.46797716582827,179.46797716582827,0.0,275.02985811824976,0.0,275.02985811824976,1540.1672054621986,0.0,1366.7105607692824,-0.06606534369407208,123.44998948854965
100,100,2025,7NB,7,NB,MD,5,OP,MD,5.6,70,6000,1.6,6.5,75,1800,1,4,0.05,0.01,2550.0,0.0,315.0,0.0,0.0,1.0,1.0,1.0,1.83,0.915,0.24291497975708504,0.24291497975708504,30,4.136,0.708,1216.8693911807052,0.0,150.31916008702828,0.0,0.0,1367.1885512677334,1667.82687144179,1.0,1.2,0.17373196577518646,1667.82687144179,0.0,1.0,24.337387823614105,1132.9054031892365,0.0,142.80320208267685,0.0,0.0,1298.8291237043466,0.11377245856754124,0.5688622928377062,,0.24290978504138028,0.24290937256709216,102.45657329938594,512.2828664969296,69.99156430017923,74.94253457834505,0.0,4.483435233281909,4.800578517704877,-0.3171432844229676,0.000792569255681021,275.1938079609157,917.3381953961754,0.0,0.0,275.1938079609157,1067.6573554832037,5338.286777416019,275.1938079609157,0.1528854488671754,1375.9690398045786,7705.42662290564,1368.2956756572603,6841.478378286301,38312.27891840329,1643.489483618176,8217.44741809088,46017.705541308926,0.2739149139363627,0.637125767978231,3.1856288398911543,0.11377245856754124,175.33306623995222,175.33306623995222,0.0,876.6653311997611,876.6653311997611,0.0,1375.9690398045786,0.0,1375.9690398045786,7705.42662290564,0.0,6835.942756338667,-0.06606355530970287,120.53714505810109
101,101,2025,7NB,7,NB,PM-Shoulder,1,OP,PM,5.6,70,6000,1.6,6.5,75,1800,1,4,0.05,0.01,3265.0,0.0,404.0,0.0,0.0,1.0,1.0,1.0,1.83,0.915,0.24291497975708504,0.24291497975708504,30,4.135,0.592,1216.3177876384734,0.0,150.50302793443896,0.0,0.0,1366.8208155729124,1667.8268714417904,1.0,1.2,0.17373196577518651,1667.8268714417904,0.0,1.0,24.32635575276947,1132.3918602914189,0.0,142.977876537717,0.0,0.0,1298.4797747942666,0.10483341247659854,0.5241670623829927,,0.2429095318303904,0.2429107781748426,94.40465345806025,472.0232672903013,69.9915593767072,74.94263884312561,0.0,4.483428995652731,4.800578855395797,-0.31714985974306575,0.0007930318922413895,275.0687766319334,916.9226552537706,0.0,0.0,275.0687766319334,1067.4256831882096,1067.4256831882096,275.0687766319334,0.1528159870177408,275.0687766319334,1540.385149138827,1368.4317390570875,1368.4317390570875,7663.21773871969,1643.5005156890209,1643.5005156890209,9203.602887858517,0.27391675261483683,0.5870671098689518,2.935335549344759,0.10483341247659854,161.48383171249742,161.48383171249742,0.0,161.48383171249742,161.48383171249742,0.0,275.0687766319334,0.0,275.0687766319334,1540.385149138827,0.0,1366.8208155729124,-0.0660649203557177,111.06429818595326
102,102,2025,7NB,7,NB,PM-Peak,3,Peak,PM,5.6,70,6000,1.6,6.5,75,1800,1,4,0.05,0.01,3772.0,0.0,466.0,0.0,0.0,1.0,1.0,1.0,1.83,0.915,0.24291497975708504,0.24291497975708504,30,4.135,0.592,2932.5413302551465,0.0,362.2916913835891,0.0,0.0,3294.8330216387358,4019.416404405914,1.0,1.2,0.4186892087922827,4019.416404405914,0.0,1.0,58.65082660510293,2730.1959784675414,0.0,344.1771068144096,0.0,0.0,3130.0913705567987,0.2101718988439557,1.0508594942197784,,0.16934001314788685,0.16943685668951525,110.07749678258222,550.3874839129111,66.44599347750862,74.4773321374173,4.247780794130764,4.511439794594819,5.056738298506034,-0.5452985039112157,0.3517314689532671,462.33142289000125,2411.5590807600424,0.0,0.0,462.33142289000125,2773.8507721436317,8321.552316430894,462.33142289000125,0.25685079049444515,1386.9942686700037,7767.16790455202,3498.43415491081,10495.30246473243,58773.6938025016,3960.765577800811,11882.296733402432,66540.86170705361,0.6601275963001352,1.1769626335261518,5.8848131676307585,0.2101718988439557,544.1468090465089,544.1468090465089,0.0,1632.4404271395267,1632.4404271395267,0.0,1386.9942686700037,0.0,1386.9942686700037,7767.16790455202,0.0,9884.499064916206,-0.10783601438744002,129.5029373912732
103,103,2025,7NB,7,NB,PM-Late,3,OP,PM,5.6,70,6000,1.6,6.5,75,1800,1,4,0.05,0.01,2896.0,0.0,358.0,0.0,0.0,1.0,1.0,1.0,1.83,0.915,0.24291497975708504,0.24291497975708504,30,4.135,0.592,1216.6313903514922,0.0,150.39849369676594,0.0,0.0,1367.029884048258,1667.82687144179,1.0,1.2,0.17373196577518646,1667.82687144179,0.0,1.0,24.332627807029844,1132.683824417239,0.0,142.87856901192762,0.0,0.0,1298.678389845845,0.10483216035775468,0.5241608017887734,,0.24291033617395782,0.24291001758505923,94.40464915643342,472.02324578216707,69.99156220559553,74.9425790097244,0.0,4.483432575177341,4.800578661368101,-0.31714608619076046,0.0007927660742994757,275.14060856799574,917.1581539764666,0.0,0.0,275.14060856799574,1067.5566476732324,3202.6699430196973,275.14060856799574,0.15285589364888652,825.4218257039872,4622.3622239423285,1368.3536350667644,4105.060905200293,22988.341069121638,1643.49424363476,4930.48273090428,27610.703293063965,0.27391570727246,0.5870600980034262,2.935300490017131,0.10483216035775468,161.5240726306499,161.5240726306499,0.0,484.57221789194966,484.57221789194966,0.0,825.4218257039872,0.0,825.4218257039872,4622.3622239423285,0.0,4101.089652144774,-0.06606413696393384,111.0642931252158
104,104,2025,7SB,7,SB,Night,8,OP,NT,5.6,70,6000,1.6,5.0,75,1800,1,4,0.05,0.01,729.0,0.0,90.0,0.0,0.0,1.0,1.0,1.0,1.83,0.915,0.24291497975708504,0.24291497975708504,30,4.103,0.708,729.0,0.0,90.0,0.0,0.0,819.0,999.0,1.0,1.2,0.1040625,999.0,0.0,1.0,14.58,678.699,0.0,85.5,0.0,0.0,778.05,0.11105730278495311,0.5552865139247656,,0.24290593414943704,0.24290688746177116,99.13215262448007,495.6607631224004,69.99418405372234,74.99259362773311,0.0,4.480442450996166,4.800398840882428,-0.3199563898862623,0.0005464120089264024,164.86001460128875,549.5599853987112,0.0,0.0,164.86001460128875,639.5599853987112,5116.47988318969,164.86001460128875,0.09158889700071597,1318.88011681031,7385.728654137735,819.5599853987112,6556.47988318969,36716.287345862256,984.42,7875.36,44102.01599999999,0.16407,0.6219208955957374,3.109604477978687,0.11105730278495311,102.52988792875985,102.52988792875985,0.0,820.2391034300788,820.2391034300788,0.0,1318.88011681031,0.0,1318.88011681031,7385.728654137735,0.0,6552.0,-0.06665204298471306,116.62606191115303
105,105,2025,7SB,7,SB,AM-Early,1,OP,AM,5.6,70,6000,1.6,5.0,75,1800,1,4,0.05,0.01,2298.0,0.0,284.0,0.0,0.0,1.0,1.0,1.0,1.83,0.915,0.24291497975708504,0.24291497975708504,30,4.155,0.715,791.2365039071351,0.0,97.78553834187396,0.0,0.0,889.022042249009,1084.593118932757,1.0,1.2,0.11297844988882887,1084.593118932757,0.0,1.0,15.824730078142702,736.6411851375427,0.0,92.89626142478026,0.0,0.0,844.5709401365585,0.11756825928007038,0.5878412964003519,,0.24290800329144469,0.24290697321978313,104.9336967014074,524.668483507037,69.99122542157883,74.98972178615877,0.0,4.48061403612271,4.800601760808843,-0.3199877246861327,0.0008244123081152513,178.93603942400395,596.4757344049884,0.0,0.0,178.93603942400395,694.2612727468623,694.2612727468623,178.93603942400395,0.0994089107911133,178.93603942400395,1002.041820774422,889.8323494306103,889.8323494306103,4983.061156811417,1068.7683888546142,1068.7683888546142,5985.10297758584,0.17812806480910237,0.6583822519683941,3.2919112598419704,0.11756825928007036,117.80831259428106,117.80831259428106,0.0,117.80831259428106,117.80831259428106,0.0,178.93603942400395,0.0,178.93603942400395,1002.041820774422,0.0,889.022042249009,-0.06665575288882505,123.45140788400872
106,106,2025,7SB,7,SB,AM-Peak,2,Peak,AM,5.6,70,6000,1.6,5.0,75,1800,1,4,0.05,0.01,3435.0,0.0,425.0,0.0,0.0,1.0,1.0,1.0,1.83,0.915,0.24291497975708504,0.24291497975708504,30,4.155,0.715,790.9930708140168,0.0,97.86668270624662,0.0,0.0,888.8597535202634,1084.5931189327566,1.0,1.2,0.11297844988882881,1084.5931189327566,0.0,1.0,15.819861416280338,736.4145489278496,0.0,92.97334857093429,0.0,0.0,844.4167658442502,0.11756697487081087,0.5878348743540543,,0.24291394405409492,0.24291297432397135,104.93226549580943,524.6613274790471,69.9912229666634,74.98973350487827,0.0,4.480613335932743,4.800601929188118,-0.319988593255375,0.0008246429877212341,178.8853625388812,596.2878468588553,0.0,0.0,178.8853625388812,694.1545295651019,1388.3090591302039,178.8853625388812,0.0993807569660451,357.7707250777624,2003.5160604354692,889.8878949775952,1779.7757899551905,9966.744423749065,1068.7732575164764,2137.546515032953,11970.260484184535,0.17812887625274607,0.6583750592765408,3.2918752963827043,0.11756697487081086,117.7736611652414,117.7736611652414,0.0,235.5473223304828,235.5473223304828,0.0,357.7707250777624,0.0,357.7707250777624,2003.5160604354692,0.0,1777.7195070405269,-0.06665593148013664,123.44972411271698
107,107,2025,7SB,7,SB,AM-Shoulder,1,OP,AM,5.6,70,6000,1.6,5.0,75,1800,1,4,0.05,0.01,3333.0,0.0,412.0,0.0,0.0,1.0,1.0,1.0,1.83,0.915,0.24291497975708504,0.24291497975708504,30,4.155,0.715,791.190384198485,0.0,97.80091157809055,0.0,0.0,888.9912957765756,1084.5931189327566,1.0,1.2,0.11297844988882881,1084.5931189327566,0.0,1.0,15.8238076839697,736.5982476887896,0.0,92.91086599918602,0.0,0.0,844.5417309877467,0.11756832826221661,0.5878416413110831,,0.24290793013282883,0.2429070244422152,104.93369968186619,524.668498409331,69.99122491376531,74.98972419338507,0.0,4.480613892291645,4.800601795639073,-0.3199879033474282,0.0008244600255311957,178.92555568555264,596.4410208289627,0.0,0.0,178.92555568555264,694.2419324070532,694.2419324070532,178.92555568555264,0.09940308649197369,178.92555568555264,1001.9831118390947,889.8437555632343,889.8437555632343,4983.125031154112,1068.7693112487868,1068.7693112487868,5985.1081429932065,0.17812821854146446,0.6583826382684129,3.291913191342065,0.11756832826221661,117.80147940589598,117.80147940589598,0.0,117.80147940589598,117.80147940589598,0.0,178.92555568555264,0.0,178.92555568555264,1001.9831118390947,0.0,888.9912957765756,-0.06665578962164895,123.45141139043083
108,108,2025,7SB,7,SB,MD,5,OP,MD,5.6,70,6000,1.6,5.0,75,1800,1,4,0.05,0.01,2635.0,0.0,326.0,0.0,0.0,1.0,1.0,1.0,1.83,0.915,0.24291497975708504,0.24291497975708504,30,4.136,0.708,791.0054991386147,0.0,97.86253993138081,0.0,0.0,888.8680390699956,1084.593118932757,1.0,1.2,0.11297844988882887,1084.593118932757,0.0,1.0,15.820109982772294,736.4261196980502,0.0,92.96941293481176,0.0,0.0,844.4246371164958,0.11484390054124274,0.5742195027062137,,0.24272093801308978,0.24271959084333672,102.50112593561975,512.5056296780987,69.99121621462851,74.98976280236398,0.0,4.480611585417735,4.800602392300969,-0.3199908068832338,0.0008252774523278817,178.7460385504507,596.4393506053918,0.0,0.0,178.7460385504507,694.3018905367726,3471.509452683863,178.7460385504507,0.09930335475025039,893.7301927522535,5004.889079412619,890.0269703995343,4450.134851997672,24920.75517118696,1068.773008949985,5343.865044749926,29925.64425059958,0.1781288348249975,0.6431258430309593,3.2156292151547965,0.11484390054124274,114.95619673120295,114.95619673120295,0.0,574.7809836560148,574.7809836560148,0.0,893.7301927522535,0.0,893.7301927522535,5004.889079412619,0.0,4444.340195349978,-0.06665638616445789,120.58955992425854
109,109,2025,7SB,7,SB,PM-Shoulder,1,OP,PM,5.6,70,6000,1.6,5.0,75,1800,1,4,0.05,0.01,2723.0,0.0,336.0,0.0,0.0,1.0,1.0,1.0,1.83,0.915,0.24291497975708504,0.24291497975708504,30,4.135,0.592,791.5698372698732,0.0,97.67442722096122,0.0,0.0,889.2442644908344,1084.5931189327569,1.0,1.2,0.11297844988882884,1084.5931189327569,0.0,1.0,15.831396745397464,736.951518498252,0.0,92.79070585991316,0.0,0.0,844.7820512662927,0.10577204150185687,0.5288602075092843,,0.2429072018978564,0.24290929505022466,94.40554501906277,472.0277250953138,69.99122904368112,74.98970458231088,0.0,4.480615064047847,4.800601512373849,-0.3199864483260013,0.0008240719521724535,179.01083129278675,596.727609231689,0.0,0.0,179.01083129278675,694.4020364526502,694.4020364526502,179.01083129278675,0.09945046182932597,179.01083129278675,1002.4606552396057,889.7508908945726,889.7508908945726,4982.6049890096065,1068.7617221873593,1068.7617221873593,5985.065644249212,0.17812695369789322,0.5923234324103984,2.9616171620519918,0.10577204150185686,106.0323100299822,106.0323100299822,0.0,106.0323100299822,106.0323100299822,0.0,179.01083129278675,0.0,179.01083129278675,1002.4606552396057,0.0,889.2442644908344,-0.0666554904632714,111.06534708125032
110,110,2025,7SB,7,SB,PM-Peak,3,Peak,PM,5.6,70,6000,1.6,5.0,75,1800,1,4,0.05,0.01,2613.0,0.0,323.0,0.0,0.0,1.0,1.0,1.0,1.83,0.915,0.24291497975708504,0.24291497975708504,30,4.135,0.592,791.1897877641803,0.0,97.80111038952553,0.0,0.0,888.9908981537059,1084.5931189327569,1.0,1.2,0.11297844988882884,1084.5931189327569,0.0,1.0,15.823795755283607,736.5976924084518,0.0,92.91105487004926,0.0,0.0,844.5413532460205,0.10577253992206109,0.5288626996103054,,0.24290742858207062,0.24290892622502994,94.40555818837588,472.0277909418793,69.9912248893362,74.9897243023283,0.0,4.4806138857823194,4.800601797314632,-0.319987911532313,0.000824462321047402,178.92505136242403,596.4409406464727,0.0,0.0,178.92505136242403,694.2420510359982,2082.726153107995,178.92505136242403,0.09940280631245779,536.7751540872721,3005.9408628887236,889.8442718150493,2669.532815445148,14949.383766492829,1068.7693231774733,3206.3079695324204,17955.324629381554,0.17812822052957888,0.592326223563542,2.96163111781771,0.10577253992206109,105.98199997441742,105.98199997441742,0.0,317.94599992325226,317.94599992325226,0.0,536.7751540872721,0.0,536.7751540872721,3005.9408628887236,0.0,2666.9726944611175,-0.06665579130335457,111.06536257455986
111,111,2025,7SB,7,SB,PM-Late,3,OP,PM,5.6,70,6000,1.6,5.0,75,1800,1,4,0.05,0.01,2089.0,0.0,258.0,0.0,0.0,1.0,1.0,1.0,1.83,0.915,0.24291497975708504,0.24291497975708504,30,4.135,0.592,791.3779341426928,0.0,97.73839493002141,0.0,0.0,889.1163290727142,1084.593118932757,1.0,1.2,0.11297844988882887,1084.593118932757,0.0,1.0,15.827558682853855,736.7728566868469,0.0,92.85147518352034,0.0,0.0,844.6605126190784,0.10577228201216024,0.5288614100608012,,0.24290712032451842,0.24290942304820015,94.40554096762803,472.0277048381402,69.99122693917869,74.9897145738249,0.0,4.4806144670576,4.8006016567187615,-0.3199871896611617,0.0008242697047028377,178.9673729510711,596.5830025087679,0.0,0.0,178.9673729510711,694.3213974387893,2082.964192316368,178.9673729510711,0.0994263183061506,536.9021188532133,3006.6518655779946,889.7981872988321,2669.3945618964963,14948.609546620379,1068.7655602499033,3206.2966807497096,17955.26141219837,0.17812759337498388,0.5923247792680973,2.9616238963404866,0.10577228201216024,106.00680967943444,106.00680967943444,0.0,318.0204290383033,318.0204290383033,0.0,536.9021188532133,0.0,536.9021188532133,3006.6518655779946,0.0,2667.3489872181426,-0.06665564288453685,111.06534231485654
