,index,Year,SegDir,Segment,Direction,Period,Hours/Day,Peak,4Periods,Length,Speed GP,Capacity GP,Alpha GP,Beta GP,Speed ML,Capacity ML,Alpha ML,Beta ML,MinToll,MinCapture,AADT Lights,AADT MediumA,AADT MediumB,AADT HeavyA,AADT HeavyB,GrowthFactor,GrowthFactor_medium,GrowthFactor_heavy,MaxToll,Soft Cap,MaxCapture,MaxCap_aux,Min Speed,B1,B2,TotalLights,TotalMediumA,TotalMediumB,TotalHeavyA,TotalHeavyB,TotalVeh,Corridor PCE pre-fix,Suppressed ratio ref,Max VC,Suppressed ratio,Corridor PCE,Suppressed Demand,PCE ratio,HOV3,InScopeLights,InScopeMediumA,InScopeMediumB,InScopeHeavyA,InScopeHeavyB,InScopeVeh,TollLights,TollMediumA,TollMediumB,CaptureRateLights,CaptureRateMediumA,VOT Lights,VOT MediumA,Speed GP Real,Speed ML Real,Bounus Seg,Time ML,Time GP,Time Savings,BonusRel,MLVeh_Lights,GPVeh_Lights,MLVeh_MediumA,GPVeh_MediumA,MLVeh,GPVeh,GPVehDay,ML PCE,ML V/C,ML Volume,ML PCE Total,GP PCE,GP Volume,GP PCE Total,Highway PCE,Highway Volume,Highway PCE Total,Highway V/C,TollLightsPerSeg,TollMediumAPerSeg,TollBlend,RevenuePerHour,RevenuePerHourLights,RevenuePerHourMediumA,RevenuePerDay,RevenuePerDayLights,RevenuePerDayMediumA,TransactionsDay_Lights,TransactionsDay_MediumA,TransactionsDay,TransactionsLightsLength,TransactionsMediumALength,TotalVeh_hours,Difference in Travel Time,Implied Min VOT
0,0,2025,1NB,1,NB,Night,8,OP,NT,3.0,70,12000,1,8,75,1800,1,4,0.05,0.01,2238.0,0.0,277.0,0.0,0.0,1.0,1.0,1.0,3.66,1.83,0.17391304347826086,0.17391304347826086,30,4.103,0.708,2238.0,0.0,277.0,0.0,0.0,2515.0,3069.0,1.0,1.2,0.19673076923076924,3069.0,0.0,1.0,67.14,1628.145,0.0,207.75,0.0,0.0,1886.25,0.107070561,0.5353528049999999,,0.17391299471543323,0.17391297796953656,97.50611630368888,487.5305815184444,69.99940939205153,74.89257945227622,0.0,2.4034423879698434,2.5714502674138147,-0.16800787944397122,2.9723499783423925e-05,283.155572780959,1887.7044272190408,0.0,0.0,283.155572780959,2164.7044272190406,17317.635417752324,283.155572780959,0.15730865154497722,2265.244582247672,6795.733746743016,2718.7044272190406,21749.635417752324,65248.90625325697,3001.8599999999997,24014.879999999997,72044.63999999998,0.25015499999999996,0.32121168299999997,1.6060584149999997,0.107070561,90.95287808380083,90.95287808380083,0.0,727.6230246704066,727.6230246704066,0.0,2265.244582247672,0.0,2265.244582247672,6795.733746743016,0.0,20120.0,-0.06533584630160545,38.23769266811329
1,1,2025,1NB,1,NB,AM-Early,1,OP,AM,3.0,70,12000,1,8,75,1800,1,4,0.05,0.01,1841.0,0.0,228.0,0.0,0.0,1.0,1.0,1.0,3.66,1.83,0.17391304347826086,0.17391304347826086,30,4.155,0.715,1841.0,0.0,228.0,0.0,0.0,2069.0,2525.0,1.0,1.2,0.16185897435897437,2525.0,0.0,1.0,55.23,1339.3274999999999,0.0,171.0,0.0,0.0,1551.75,0.154130142,0.77065071,,0.1396233368053594,0.13962333675633212,138.19136063572225,690.9568031786112,69.9998546546367,74.97541045987808,0.0,2.400787123350584,2.5714339106570847,-0.1706467873065005,7.314743063323651e-06,187.00137462517998,1598.76862537482,0.0,0.0,187.00137462517998,1826.76862537482,1826.76862537482,187.00137462517998,0.10388965256954444,187.00137462517998,561.0041238755399,2282.7686253748197,2282.7686253748197,6848.305876124459,2469.7699999999995,2469.7699999999995,7409.3099999999995,0.20581416666666663,0.462390426,2.31195213,0.154130142,86.46764527552257,86.46764527552257,0.0,86.46764527552257,86.46764527552257,0.0,187.00137462517998,0.0,187.00137462517998,561.0041238755399,0.0,2069.0,-0.06636250171519856,54.19269044538127
2,2,2025,1NB,1,NB,AM-Peak,2,Peak,AM,3.0,70,12000,1,8,75,1800,1,4,0.05,0.01,4183.0,0.0,517.0,0.0,0.0,1.0,1.0,1.0,3.66,1.83,0.17391304347826086,0.17391304347826086,30,4.155,0.715,4183.0,0.0,517.0,0.0,0.0,4700.0,5734.0,1.0,1.2,0.36756410256410255,5734.0,0.0,1.0,125.49,3043.1325,0.0,387.75,0.0,0.0,3525.0,0.152579241,0.762896205,,0.12459061457132149,0.12459061822758863,145.31783844549804,726.5891922274902,69.89011282444204,74.53952226576463,1.2441349555978907,2.4148263166783464,2.5754715899821843,-0.16064527330383793,0.005538935418449884,379.145748396962,3678.364251603038,0.0,0.0,379.145748396962,4195.364251603038,8390.728503206075,379.145748396962,0.2106365268872011,758.291496793924,2274.874490381772,5229.364251603038,10458.728503206075,31376.185509618226,5608.509999999999,11217.019999999999,33651.06,0.46737583333333327,0.45773772300000004,2.288688615,0.152579241,173.54931155635632,173.54931155635632,0.0,347.09862311271263,347.09862311271263,0.0,758.291496793924,0.0,758.291496793924,2274.874490381772,0.0,9400.0,-0.06237509042176978,56.9873876256855
3,3,2025,1NB,1,NB,AM-Shoulder,1,OP,AM,3.0,70,12000,1,8,75,1800,1,4,0.05,0.01,4812.0,0.0,595.0,0.0,0.0,1.0,1.0,1.0,3.66,1.83,0.17391304347826086,0.17391304347826086,30,4.155,0.715,4812.0,0.0,595.0,0.0,0.0,5407.0,6597.0,1.0,1.2,0.42288461538461536,6597.0,0.0,1.0,144.35999999999999,3500.7300000000005,0.0,446.25,0.0,0.0,4055.25,0.158785562,0.79392781,,0.11701988564121991,0.11701989162746491,149.28571041198333,746.4285520599167,69.65204861258869,74.33292087875226,0.9975645922669172,2.4215381001051473,2.58427431188962,-0.16273621178447284,0.017598664431637052,409.65502426078785,4257.984975739212,0.0,0.0,409.65502426078785,4852.984975739212,4852.984975739212,409.65502426078785,0.2275861245893266,409.65502426078785,1228.9650727823637,6042.984975739212,6042.984975739212,18128.954927217637,6452.64,6452.64,19357.920000000002,0.53772,0.476356686,2.38178343,0.158785562,195.1419097601185,195.1419097601185,0.0,195.1419097601185,195.1419097601185,0.0,409.65502426078785,0.0,409.65502426078785,1228.9650727823637,0.0,5407.0,-0.06297172519022573,58.5434158478366
4,4,2025,1NB,1,NB,MD,5,OP,MD,3.0,70,12000,1,8,75,1800,1,4,0.05,0.01,5111.0,0.0,632.0,0.0,0.0,1.0,1.0,1.0,3.66,1.83,0.17391304347826086,0.17391304347826086,30,4.136,0.708,5111.0,0.0,632.0,0.0,0.0,5743.0,7007.0,1.0,1.2,0.44916666666666666,7007.0,0.0,1.0,153.32999999999998,3718.2525,0.0,474.0,0.0,0.0,4307.25,0.37750232,1.8875116,,0.01629911926628039,0.01629912282426141,284.00555117720734,1420.0277558860366,69.12846837821836,74.98503744380517,2.208066994390421,2.4004788973386124,2.6038476509442825,-0.20336875360567008,0.04441413893652453,60.60424095964523,4897.065759040355,0.0,0.0,60.60424095964523,5529.065759040355,27645.328795201778,60.60424095964523,0.03366902275535846,303.02120479822617,909.0636143946786,6793.065759040355,33965.32879520178,101895.98638560533,6853.67,34268.350000000006,102805.05,0.5711391666666666,1.13250696,5.6625348,0.37750232,68.6347246923153,68.6347246923153,0.0,343.17362346157654,343.17362346157654,0.0,303.02120479822617,0.0,303.02120479822617,909.0636143946786,0.0,28715.0,-0.07810316918192914,111.37472595184602
5,5,2025,1NB,1,NB,PM-Shoulder,1,OP,PM,3.0,70,12000,1,8,75,1800,1,4,0.05,0.01,6757.0,0.0,835.0,0.0,0.0,1.0,1.0,1.0,3.66,1.83,0.17391304347826086,0.17391304347826086,30,4.135,0.592,6757.0,0.0,835.0,0.0,0.0,7592.0,9262.0,1.0,1.2,0.5937179487179487,9262.0,0.0,1.0,202.70999999999998,4915.7175,0.0,626.25,0.0,0.0,5694.0,1.290270372,6.45135186,,0.010000530314165017,0.010000566210970268,410.52657280175447,2052.6328640087722,62.46110015480696,74.97125852546579,3.0134833355844943,2.400920079777755,2.881793621211895,-0.4808735414341401,0.42520011820315395,49.15978187462147,6505.130218125379,0.0,0.0,49.15978187462147,7340.130218125379,7340.130218125379,49.15978187462147,0.027310989930345263,49.15978187462147,147.47934562386442,9010.130218125378,9010.130218125378,27030.390654376133,9059.289999999999,9059.289999999999,27177.87,0.7549408333333333,3.8708111159999996,19.35405558,1.290270372,190.2882301404201,190.2882301404201,0.0,190.2882301404201,190.2882301404201,0.0,49.15978187462147,0.0,49.15978187462147,147.47934562386442,0.0,7592.0,-0.16686605796285855,160.99081286343312
6,6,2025,1NB,1,NB,PM-Peak,3,Peak,PM,3.0,70,12000,1,8,75,1800,1,4,0.05,0.01,6670.0,0.0,824.0,0.0,0.0,1.0,1.0,1.0,3.66,1.83,0.17391304347826086,0.17391304347826086,30,4.135,0.592,6670.0,0.0,824.0,0.0,0.0,7494.0,9142.0,1.0,1.2,0.586025641025641,9142.0,0.0,1.0,200.1,4852.424999999999,0.0,618.0,0.0,0.0,5620.5,1.093046422,5.4652321100000005,,0.010000974884577886,0.010000198039486494,371.49467855482965,1857.4733927741484,63.134755184729684,74.97270895409869,4.647465301510656,2.400873631366358,2.8510445549892043,-0.45017092362284616,0.38307389747806714,48.52898055429784,6421.371019445702,0.0,0.0,48.52898055429784,7245.371019445702,21736.113058337105,48.52898055429784,0.026960544752387686,145.5869416628935,436.7608249886805,8893.371019445702,26680.113058337105,80040.33917501132,8941.9,26825.699999999997,80477.1,0.7451583333333333,3.279139266,16.39569633,1.093046422,159.1332856745485,159.1332856745485,0.0,477.3998570236455,477.3998570236455,0.0,145.5869416628935,0.0,145.5869416628935,436.7608249886805,0.0,22482.0,-0.15789683919006686,145.68418766856064
7,7,2025,1NB,1,NB,PM-Late,3,OP,PM,3.0,70,12000,1,8,75,1800,1,4,0.05,0.01,6393.0,0.0,790.0,0.0,0.0,1.0,1.0,1.0,3.66,1.83,0.17391304347826086,0.17391304347826086,30,4.135,0.592,6393.0,0.0,790.0,0.0,0.0,7183.0,8763.0,1.0,1.2,0.5617307692307693,8763.0,0.0,1.0,191.79,4650.9075,0.0,592.5,0.0,0.0,5387.25,0.170362894,0.8518144699999999,,0.12458312534811362,0.12458313103069256,123.61935106817243,618.096755340862,66.87150243556749,72.55500318396385,1.2168579176980558,2.4808764675209014,2.6917295625806354,-0.21085309505973404,0.16481235787832835,579.4245920549818,5621.785407945018,0.0,0.0,579.4245920549818,6411.785407945018,19235.356223835053,579.4245920549818,0.32190255114165656,1738.2737761649453,5214.821328494836,7991.785407945018,23975.356223835053,71926.06867150516,8571.21,25713.629999999997,77140.88999999998,0.7142674999999999,0.511088682,2.5554434099999996,0.170362894,296.1373510717683,296.1373510717683,0.0,888.4120532153049,888.4120532153049,0.0,1738.2737761649453,0.0,1738.2737761649453,5214.821328494836,0.0,21549.0,-0.07833368477685528,48.478176889479386
8,8,2025,1SB,1,SB,Night,8,OP,NT,3.0,70,12000,1,8,75,1800,1,4,0.05,0.01,1637.0,0.0,202.0,0.0,0.0,1.0,1.0,1.0,3.66,1.83,0.17391304347826086,0.17391304347826086,30,4.103,0.708,1637.0,0.0,202.0,0.0,0.0,1839.0,2243.0,1.0,1.2,0.1437820512820513,2243.0,0.0,1.0,49.11,1190.9175,0.0,151.5,0.0,0.0,1379.25,0.134223639,0.671118195,,0.16569298190188692,0.16569298019105477,120.38546210838166,601.9273105419085,69.99995007270647,74.97365852906192,0.0,2.4008432232265533,2.5714304054937234,-0.17058718226717007,2.512669258583622e-06,197.3266717741404,1390.5633282258598,0.0,0.0,197.3266717741404,1592.5633282258598,12740.506625806878,197.3266717741404,0.10962592876341133,1578.6133741931233,4735.84012257937,1996.5633282258598,15972.506625806878,47917.51987742064,2193.8900000000003,17551.120000000003,52653.36000000001,0.1828241666666667,0.402670917,2.013354585,0.134223639,79.45771187185113,79.45771187185113,0.0,635.661694974809,635.661694974809,0.0,1578.6133741931233,0.0,1578.6133741931233,4735.84012257937,0.0,14712.0,-0.06633941245414213,47.20998514054183
9,9,2025,1SB,1,SB,AM-Early,1,OP,AM,3.0,70,12000,1,8,75,1800,1,4,0.05,0.01,4573.0,0.0,565.0,0.0,0.0,1.0,1.0,1.0,3.66,1.83,0.17391304347826086,0.17391304347826086,30,4.155,0.715,4573.0,0.0,565.0,0.0,0.0,5138.0,6268.0,1.0,1.2,0.4017948717948718,6268.0,0.0,1.0,137.19,3326.8575,0.0,423.75,0.0,0.0,3853.5,0.723063505,3.615317525,,0.010000549452560747,0.010000559200451632,598.3497384844417,2991.748692422208,69.63026627262711,74.9939684301985,2.0393307642855243,2.4001930257569586,2.5850827468508646,-0.184889721093906,0.018706220328541464,33.27040295037261,4402.539597049627,0.0,0.0,33.27040295037261,4967.539597049627,4967.539597049627,33.27040295037261,0.018483557194651452,33.27040295037261,99.81120885111784,6097.539597049627,6097.539597049627,18292.61879114888,6130.81,6130.81,18392.43,0.5109008333333334,2.1691905150000004,10.845952575,0.723063505,72.1698425101763,72.1698425101763,0.0,72.1698425101763,72.1698425101763,0.0,33.27040295037261,0.0,33.27040295037261,99.81120885111784,0.0,5138.0,-0.0715217806157802,234.64695626840847
10,10,2025,1SB,1,SB,AM-Peak,2,Peak,AM,3.0,70,12000,1,8,75,1800,1,4,0.05,0.01,7757.0,0.0,959.0,0.0,0.0,1.0,1.0,1.0,3.66,1.83,0.17391304347826086,0.17391304347826086,30,4.155,0.715,7757.0,0.0,959.0,0.0,0.0,8716.0,10634.0,1.0,1.2,0.6816666666666666,10634.0,0.0,1.0,232.70999999999998,5643.2175,0.0,719.25,0.0,0.0,6537.0,1.121625976,5.60812988,,0.061703689207782686,0.061703696680995714,191.8183555377661,959.0917776888305,54.20579205435001,74.19509883893004,4.008131501813715,2.4260362586855173,3.3206783477957686,-0.8946420891102513,1.0264721936230605,348.20733875192036,7176.08266124808,0.0,0.0,348.20733875192036,8135.08266124808,16270.16532249616,348.20733875192036,0.19344852152884465,696.4146775038407,2089.244032511522,10053.08266124808,20106.16532249616,60318.495967488474,10401.29,20802.58,62407.74,0.8667741666666667,3.3648779280000003,16.82438964,1.121625976,1171.675188533956,1171.675188533956,0.0,2343.350377067912,2343.350377067912,0.0,696.4146775038407,0.0,696.4146775038407,2089.244032511522,0.0,17432.0,-0.26941546136321975,75.22288452461414
11,11,2025,1SB,1,SB,AM-Shoulder,1,OP,AM,3.0,70,12000,1,8,75,1800,1,4,0.05,0.01,7826.0,0.0,967.0,0.0,0.0,1.0,1.0,1.0,3.66,1.83,0.17391304347826086,0.17391304347826086,30,4.155,0.715,7826.0,0.0,967.0,0.0,0.0,8793.0,10727.0,1.0,1.2,0.6876282051282051,10727.0,0.0,1.0,234.78,5693.415,0.0,725.25,0.0,0.0,6594.75,0.621465242,3.10732621,,0.11830199951756773,0.1183020278362486,148.59360849388352,742.9680424694177,56.328863156149296,70.43284977501534,1.5991900390111735,2.555625685670487,3.1955198439035035,-0.6398941582330164,0.855005043290657,673.5423785833128,6917.6776214166875,0.0,0.0,673.5423785833128,7884.6776214166875,7884.6776214166875,673.5423785833128,0.3741902103240627,673.5423785833128,2020.6271357499386,9818.677621416688,9818.677621416688,29456.03286425006,10492.220000000001,10492.220000000001,31476.66,0.8743516666666667,1.864395726,9.32197863,0.621465242,1255.7495319106024,1255.7495319106024,0.0,1255.7495319106024,1255.7495319106024,0.0,673.5423785833128,0.0,673.5423785833128,2020.6271357499386,0.0,8793.0,-0.20024728040848291,58.272003330934716
12,12,2025,1SB,1,SB,MD,5,OP,MD,3.0,70,12000,1,8,75,1800,1,4,0.05,0.01,5968.0,0.0,738.0,0.0,0.0,1.0,1.0,1.0,3.66,1.83,0.17391304347826086,0.17391304347826086,30,4.136,0.708,5968.0,0.0,738.0,0.0,0.0,6706.0,8182.0,1.0,1.2,0.5244871794871795,8182.0,0.0,1.0,179.04,4341.72,0.0,553.5,0.0,0.0,5029.5,0.171338014,0.8566900700000001,,0.12215931384236003,0.1221592925339245,142.63602857822778,713.1801428911391,68.13805763882861,73.23300902292385,1.1688566226400026,2.4579080171846455,2.6416954964302746,-0.1837874792456291,0.096265687252333,530.3815360956514,5258.578463904349,0.0,0.0,530.3815360956514,5996.578463904349,29982.892319521743,530.3815360956514,0.29465640894202855,2651.907680478257,7955.723041434771,7472.578463904349,37362.89231952174,112088.67695856522,8002.96,40014.8,120044.4,0.6669133333333334,0.514014042,2.5700702100000004,0.171338014,272.6235571706947,272.6235571706947,0.0,1363.1177858534736,1363.1177858534736,0.0,2651.907680478257,0.0,2651.907680478257,7955.723041434771,0.0,33530.0,-0.06957178807852052,55.93569748165797
13,13,2025,1SB,1,SB,PM-Shoulder,1,OP,PM,3.0,70,12000,1,8,75,1800,1,4,0.05,0.01,4858.0,0.0,600.0,0.0,0.0,1.0,1.0,1.0,3.66,1.83,0.17391304347826086,0.17391304347826086,30,4.135,0.592,4858.0,0.0,600.0,0.0,0.0,5458.0,6658.0,1.0,1.2,0.4267948717948718,6658.0,0.0,1.0,145.73999999999998,3534.195,0.0,450.0,0.0,0.0,4093.5,0.169862832,0.8493141599999999,,0.07906238602098023,0.07906238405645927,144.10650712167416,720.5325356083706,69.55671795720022,74.7672772402399,1.417666205952184,2.407470308456326,2.5878161777379716,-0.18034586928164575,0.022451020643878397,279.42188936341825,4432.838110636582,0.0,0.0,279.42188936341825,5032.838110636582,5032.838110636582,279.42188936341825,0.15523438297967682,279.42188936341825,838.2656680902547,6232.838110636582,6232.838110636582,18698.514331909748,6512.26,6512.26,19536.780000000002,0.5426883333333333,0.509588496,2.5479424799999997,0.169862832,142.3901803501827,142.3901803501827,0.0,142.3901803501827,142.3901803501827,0.0,279.42188936341825,0.0,279.42188936341825,838.2656680902547,0.0,5458.0,-0.06969037091316407,56.51235573398986
14,14,2025,1SB,1,SB,PM-Peak,3,Peak,PM,3.0,70,12000,1,8,75,1800,1,4,0.05,0.01,6246.0,0.0,772.0,0.0,0.0,1.0,1.0,1.0,3.66,1.83,0.17391304347826086,0.17391304347826086,30,4.135,0.592,6246.0,0.0,772.0,0.0,0.0,7018.0,8562.0,1.0,1.2,0.5488461538461539,8562.0,0.0,1.0,187.38,4543.965,0.0,579.0,0.0,0.0,5263.5,0.193009261,0.965046305,,0.10943288180124303,0.10943290685804971,129.3980531639637,646.9902658198185,67.20318831113413,73.46247376060184,2.1877997397204867,2.4502305842106638,2.678444349494916,-0.2282137652842522,0.14661161595089223,497.25918475398527,5561.360815246015,0.0,0.0,497.25918475398527,6333.360815246015,19000.082445738044,497.25918475398527,0.2762551026411029,1491.7775542619559,4475.332662785868,7877.360815246015,23632.082445738044,70896.24733721412,8374.62,25123.86,75371.57999999999,0.6978850000000001,0.5790277829999999,2.895138915,0.193009261,287.92688332448745,287.92688332448745,0.0,863.7806499734623,863.7806499734623,0.0,1491.7775542619559,0.0,1491.7775542619559,4475.332662785868,0.0,21054.0,-0.08520384801994758,50.74433457410341
15,15,2025,1SB,1,SB,PM-Late,3,OP,PM,3.0,70,12000,1,8,75,1800,1,4,0.05,0.01,4575.0,0.0,566.0,0.0,0.0,1.0,1.0,1.0,3.66,1.83,0.17391304347826086,0.17391304347826086,30,4.135,0.592,4575.0,0.0,566.0,0.0,0.0,5141.0,6273.0,1.0,1.2,0.4021153846153846,6273.0,0.0,1.0,137.25,3328.3125,0.0,424.5,0.0,0.0,3855.75,0.148833149,0.744165745,,0.09880806489183722,0.098808068218608,133.98352145506215,669.9176072753107,69.74719444941415,74.66426870714866,1.1346833730603736,2.4107917095659714,2.5807489666204333,-0.16995725705446185,0.012768941412850895,328.8641174803129,4108.885882519687,0.0,0.0,328.8641174803129,4674.885882519687,14024.65764755906,328.8641174803129,0.18270228748906273,986.5923524409388,2959.7770573228163,5806.885882519687,17420.65764755906,52261.97294267718,6135.75,18407.249999999996,55221.75,0.5113125,0.446499447,2.232497235,0.148833149,146.83764659310276,146.83764659310276,0.0,440.5129397793083,440.5129397793083,0.0,986.5923524409388,0.0,986.5923524409388,2959.7770573228163,0.0,15423.0,-0.06585578808814786,52.54255743335769
16,16,2025,2NB,2,NB,Night,8,OP,NT,2.2,70,12000,1,8,75,1800,1,4,0.05,0.01,3220.0,0.0,398.0,0.0,0.0,1.0,1.0,1.0,3.66,1.83,0.17391304347826086,0.17391304347826086,30,4.103,0.708,3220.0,0.0,398.0,0.0,0.0,3618.0,4414.0,1.0,1.2,0.28294871794871795,4414.0,0.0,1.0,96.6,2342.55,0.0,298.5,0.0,0.0,2713.5,0.107070561,0.5353528049999999,,0.17391300010025795,0.1739129370868023,104.29351167538498,521.4675583769249,69.98919091365013,74.54182457226176,0.18966956185449413,1.7708179368756607,1.8860055142351384,-0.11518757735947771,0.00039898307356819743,407.3998983848593,2716.000101615141,0.0,0.0,407.3998983848593,3114.000101615141,24912.000812921127,407.3998983848593,0.22633327688047739,3259.1991870788743,7170.238211573524,3910.000101615141,31280.000812921127,68816.00178842648,4317.400000000001,34539.200000000004,75986.24,0.3597833333333334,0.23555523420000002,1.1777761709999999,0.107070561,95.96517847710174,95.96517847710174,0.0,767.721427816814,767.721427816814,0.0,3259.1991870788743,0.0,3259.1991870788743,7170.238211573524,0.0,28944.0,-0.06107488895979795,55.77193137721122
17,17,2025,2NB,2,NB,AM-Early,1,OP,AM,2.2,70,12000,1,8,75,1800,1,4,0.05,0.01,3086.0,0.0,381.0,0.0,0.0,1.0,1.0,1.0,3.66,1.83,0.17391304347826086,0.17391304347826086,30,4.155,0.715,3086.0,0.0,381.0,0.0,0.0,3467.0,4229.0,1.0,1.2,0.2710897435897436,4229.0,0.0,1.0,92.58,2245.065,0.0,285.75,0.0,0.0,2600.25,0.154130142,0.77065071,,0.13215762095311367,0.13215762150662316,141.61591212030285,708.0795606015142,69.99069403716224,74.83628762406221,0.3922104918299481,1.7638501880678255,1.8859650102899868,-0.1221148222221613,0.00034349266871050525,296.70244928510215,2696.7175507148977,0.0,0.0,296.70244928510215,3077.7175507148977,3077.7175507148977,296.70244928510215,0.16483469404727896,296.70244928510215,652.7453884272247,3839.7175507148977,3839.7175507148977,8447.378611572776,4136.42,4136.42,9100.124000000002,0.3447016666666667,0.33908631240000003,1.695431562,0.154130142,100.60773940813331,100.60773940813331,0.0,100.60773940813331,100.60773940813331,0.0,296.70244928510215,0.0,296.70244928510215,652.7453884272247,0.0,3467.0,-0.06474925120874055,75.730434288932
18,18,2025,2NB,2,NB,AM-Peak,2,Peak,AM,2.2,70,12000,1,8,75,1800,1,4,0.05,0.01,6362.0,0.0,786.0,0.0,0.0,1.0,1.0,1.0,3.66,1.83,0.17391304347826086,0.17391304347826086,30,4.155,0.715,6362.0,0.0,786.0,0.0,0.0,7148.0,8720.0,1.0,1.2,0.558974358974359,8720.0,0.0,1.0,190.85999999999999,4628.3550000000005,0.0,589.5,0.0,0.0,5361.0,0.152579241,0.762896205,,0.13911739298313525,0.13911742573819783,138.4168345802272,692.084172901136,67.17275599738745,71.68449379645236,1.1509441056344982,1.8414024150719837,1.9650823915150044,-0.12367997644302076,0.10873430494698481,643.884681400459,5527.255318599541,0.0,0.0,643.884681400459,6313.255318599541,12626.510637199082,643.884681400459,0.3577137118891439,1287.769362800918,2833.09259816202,7885.255318599541,15770.510637199082,34695.123401837984,8529.14,17058.28,37528.216,0.7107616666666666,0.33567433020000004,1.6783716510000002,0.152579241,216.1355591551395,216.1355591551395,0.0,432.271118310279,432.271118310279,0.0,1287.769362800918,0.0,1287.769362800918,2833.09259816202,0.0,14296.0,-0.06293882484370956,74.01969763648512
19,19,2025,2NB,2,NB,AM-Shoulder,1,OP,AM,2.2,70,12000,1,8,75,1800,1,4,0.05,0.01,7274.0,0.0,899.0,0.0,0.0,1.0,1.0,1.0,3.66,1.83,0.17391304347826086,0.17391304347826086,30,4.155,0.715,7274.0,0.0,899.0,0.0,0.0,8173.0,9971.0,1.0,1.2,0.6391666666666667,9971.0,0.0,1.0,218.22,5291.835,0.0,674.25,0.0,0.0,6129.75,0.158785562,0.79392781,,0.1570482816922527,0.15704843594839346,130.94323620328635,654.7161810164317,62.878171277671306,67.23576910347407,0.6290931625024241,1.9632407238006826,2.099297694538304,-0.13605697073762157,0.29260927008890564,831.0735937489221,6224.706406251077,0.0,0.0,831.0735937489221,7123.706406251077,7123.706406251077,831.0735937489221,0.4617075520827345,831.0735937489221,1828.361906247629,8921.706406251076,8921.706406251076,19627.75409375237,9752.779999999999,9752.779999999999,21456.115999999998,0.8127316666666665,0.3493282364,1.746641182,0.158785562,290.31747282292105,290.31747282292105,0.0,290.31747282292105,290.31747282292105,0.0,831.0735937489221,0.0,831.0735937489221,1828.361906247629,0.0,8173.0,-0.06481070840576729,70.02312096432425
20,20,2025,2NB,2,NB,MD,5,OP,MD,2.2,70,12000,1,8,75,1800,1,4,0.05,0.01,7621.0,0.0,942.0,0.0,0.0,1.0,1.0,1.0,3.66,1.83,0.17391304347826086,0.17391304347826086,30,4.136,0.708,7621.0,0.0,942.0,0.0,0.0,8563.0,10447.0,1.0,1.2,0.6696794871794872,10447.0,0.0,1.0,228.63,5544.2775,0.0,706.5,0.0,0.0,6422.25,0.37750232,1.8875116,,0.1360021624673617,0.1360022190422495,136.1433598242818,680.7167991214089,59.26081626379603,68.88166411224121,0.9216165909534055,1.9163300088817365,2.2274414751968616,-0.3111114663151251,0.4681662495911292,754.0337293191379,6638.336270680862,0.0,0.0,754.0337293191379,7580.336270680862,37901.68135340431,754.0337293191379,0.4189076273995211,3770.1686465956896,8294.371022510517,9464.336270680862,47321.68135340431,104107.69897748949,10218.37,51091.85,112402.07,0.8515308333333333,0.8305051040000001,4.15252552,0.37750231999999995,626.2288607876985,626.2288607876985,0.0,3131.1443039384926,3131.1443039384926,0.0,3770.1686465956896,0.0,3770.1686465956896,8294.371022510517,0.0,42815.0,-0.13967211699136967,72.80393573491006
21,21,2025,2NB,2,NB,PM-Shoulder,1,OP,PM,2.2,70,12000,1,8,75,1800,1,4,0.05,0.01,8273.0,0.0,1022.0,0.0,0.0,1.0,1.0,1.0,3.66,1.83,0.17391304347826086,0.17391304347826086,30,4.135,0.592,8273.0,0.0,1022.0,0.0,0.0,9295.0,11339.0,1.0,1.2,0.7268589743589744,11339.0,0.0,1.0,248.19,6018.6075,0.0,766.5,0.0,0.0,6971.25,1.290270372,6.45135186,,0.07109630197685822,0.07109631217418452,148.9876403613224,744.938201806612,47.71008976284173,73.53636733623168,1.8784561219204756,1.7950301977313345,2.7667103678938405,-0.971680170162506,1.2069646325859904,427.9007363001837,7596.909263699817,0.0,0.0,427.9007363001837,8618.909263699818,8618.909263699818,427.9007363001837,0.23772263127787985,427.9007363001837,941.3816198604043,10662.909263699818,10662.909263699818,23458.4003801396,11090.810000000001,11090.810000000001,24399.782000000003,0.9242341666666668,2.8385948184000003,14.192974092000002,1.290270372,1214.6368128512465,1214.6368128512465,0.0,1214.6368128512465,1214.6368128512465,0.0,427.9007363001837,0.0,427.9007363001837,941.3816198604043,0.0,9295.0,-0.3512041525698976,79.67253495257883
22,22,2025,2NB,2,NB,PM-Peak,3,Peak,PM,2.2,70,12000,1,8,75,1800,1,4,0.05,0.01,7207.0,0.0,891.0,0.0,0.0,1.0,1.0,1.0,3.66,1.83,0.17391304347826086,0.17391304347826086,30,4.135,0.592,7207.0,0.0,891.0,0.0,0.0,8098.0,9880.0,1.0,1.2,0.6333333333333333,9880.0,0.0,1.0,216.20999999999998,5243.0925,0.0,668.25,0.0,0.0,6073.5,1.093046422,5.4652321100000005,,0.010916273548532108,0.010917726449690695,242.91111301792336,1214.5555650896167,58.257245087244314,74.96007727706385,3.6665741237711806,1.7609373521869238,2.265812600687189,-0.504875248500265,0.5207346915128773,57.235031970257076,6933.554968029743,0.0,0.0,57.235031970257076,7824.554968029743,23473.66490408923,57.235031970257076,0.03179723998347615,171.70509591077123,377.75121100369677,9606.554968029743,28819.66490408923,63403.26278899631,9663.789999999999,28991.370000000003,63781.01400000001,0.8053158333333332,2.4047021284000003,12.023510642000002,1.093046422,137.63320319791924,137.63320319791924,0.0,412.89960959375776,412.89960959375776,0.0,171.70509591077123,0.0,171.70509591077123,377.75121100369677,0.0,24294.0,-0.22282303856335847,129.8989909186756
23,23,2025,2NB,2,NB,PM-Late,3,OP,PM,2.2,70,12000,1,8,75,1800,1,4,0.05,0.01,7436.0,0.0,919.0,0.0,0.0,1.0,1.0,1.0,3.66,1.83,0.17391304347826086,0.17391304347826086,30,4.135,0.592,7436.0,0.0,919.0,0.0,0.0,8355.0,10193.0,1.0,1.2,0.6533974358974359,10193.0,0.0,1.0,223.07999999999998,5409.6900000000005,0.0,689.25,0.0,0.0,6266.25,0.170362894,0.8518144699999999,,0.15537462503025026,0.1553744196607478,113.87275660222912,569.3637830111455,61.61254323535695,66.85031662722925,0.6634460045705487,1.9745605804091915,2.1424208946507264,-0.1678603142415349,0.3516880542429238,840.5285552798946,6372.391444720106,0.0,0.0,840.5285552798946,7291.391444720106,21874.174334160318,840.5285552798946,0.4669603084888303,2521.5856658396838,5547.488464847304,9129.391444720106,27388.174334160318,60253.98353515271,9969.92,29909.760000000002,65801.47200000001,0.8308266666666667,0.3747983668,1.873991834,0.170362894,315.02872976766804,315.02872976766804,0.0,945.0861893030042,945.0861893030042,0.0,2521.5856658396838,0.0,2521.5856658396838,5547.488464847304,0.0,25065.0,-0.07835076415687253,60.89452224718134
24,24,2025,2SB,2,SB,Night,8,OP,NT,2.2,70,12000,1,8,75,1800,1,4,0.05,0.01,2585.0,0.0,319.0,0.0,0.0,1.0,1.0,1.0,3.66,1.83,0.17391304347826086,0.17391304347826086,30,4.103,0.708,2585.0,0.0,319.0,0.0,0.0,2904.0,3542.0,1.0,1.2,0.22705128205128206,3542.0,0.0,1.0,77.55,1880.5874999999999,0.0,239.25,0.0,0.0,2178.0,0.134223639,0.671118195,,0.1582719972147593,0.15827199758370733,122.99236317642777,614.9618158821388,69.99800168783244,74.85868856556438,0.0,1.7633223681762586,1.8857681193339721,-0.1224457511577135,7.375205897068521e-05,297.6443395621111,2209.805660437889,0.0,0.0,297.6443395621111,2528.805660437889,20230.44528350311,297.6443395621111,0.16535796642339506,2381.154716496889,5238.5403762931555,3166.805660437889,25334.44528350311,55735.77962370685,3464.45,27715.6,60974.32,0.28870416666666665,0.29529200580000003,1.4764600290000003,0.134223639,87.89199404431209,87.89199404431209,0.0,703.1359523544967,703.1359523544967,0.0,2381.154716496889,0.0,2381.154716496889,5238.5403762931555,0.0,23232.0,-0.06493149921367834,65.77131720664588
25,25,2025,2SB,2,SB,AM-Early,1,OP,AM,2.2,70,12000,1,8,75,1800,1,4,0.05,0.01,6971.0,0.0,862.0,0.0,0.0,1.0,1.0,1.0,3.66,1.83,0.17391304347826086,0.17391304347826086,30,4.155,0.715,6971.0,0.0,862.0,0.0,0.0,7833.0,9557.0,1.0,1.2,0.6126282051282051,9557.0,0.0,1.0,209.13,5071.4025,0.0,646.5,0.0,0.0,5874.75,0.723063505,3.615317525,,0.04323750202955568,0.04323751461573101,217.1783957441748,1085.891978720874,61.70529096077234,74.76011826889138,1.901296726228709,1.7656472870365543,2.1392006737949885,-0.3735533867584342,0.3472763516705632,219.27477588644376,6542.5952241135565,0.0,0.0,219.27477588644376,7404.5952241135565,7404.5952241135565,219.27477588644376,0.1218193199369132,219.27477588644376,482.4045069501763,9128.595224113556,9128.595224113556,20082.909493049825,9347.87,9347.87,20565.314000000002,0.7789891666666667,1.5907397110000003,7.953698555000001,0.723063505,348.8090936231914,348.8090936231914,0.0,348.8090936231914,348.8090936231914,0.0,219.27477588644376,0.0,219.27477588644376,482.4045069501763,0.0,7833.0,-0.17462288196447806,116.13817954233946
26,26,2025,2SB,2,SB,AM-Peak,2,Peak,AM,2.2,70,12000,1,8,75,1800,1,4,0.05,0.01,9309.0,0.0,1150.0,0.0,0.0,1.0,1.0,1.0,3.66,1.83,0.17391304347826086,0.17391304347826086,30,4.155,0.715,9309.0,0.0,1150.0,0.0,0.0,10459.0,12759.0,1.0,1.2,0.8178846153846154,12759.0,0.0,1.0,279.27,6772.2975,0.0,862.5,0.0,0.0,7844.25,1.121625976,5.60812988,,0.16425136321960346,0.1642514296889111,128.20758790963168,641.0379395481584,39.1646150024802,55.25773219402631,1.085843730341122,2.3888059599787552,3.37038931677589,-0.9815833567971346,2.0340047925543985,1112.3590965037124,7917.370903496287,0.0,0.0,1112.3590965037124,9067.370903496287,18134.741806992573,1112.3590965037124,0.6179772758353957,2224.718193007425,4894.380024616335,11367.370903496287,22734.741806992573,50016.43197538367,12479.73,24959.46,54910.812000000005,1.0399775,2.4675771472,12.337885736,1.121625976,2744.8318860126,2744.8318860126,0.0,5489.6637720252,5489.6637720252,0.0,2224.718193007425,0.0,2224.718193007425,4894.380024616335,0.0,20918.0,-0.29123738077122674,68.56020743830571
27,27,2025,2SB,2,SB,AM-Shoulder,1,OP,AM,2.2,70,12000,1,8,75,1800,1,4,0.05,0.01,8274.0,0.0,1023.0,0.0,0.0,1.0,1.0,1.0,3.66,1.83,0.17391304347826086,0.17391304347826086,30,4.155,0.715,8274.0,0.0,1023.0,0.0,0.0,9297.0,11343.0,1.0,1.2,0.7271153846153846,11343.0,0.0,1.0,248.22,6019.335,0.0,767.25,0.0,0.0,6972.75,0.621465242,3.10732621,,0.1431303210912777,0.14313038526087937,136.6533867722942,683.266933861471,52.28630586667869,65.53131309009767,0.9043432366185828,2.0143042123773087,2.5245616000598297,-0.5102573876825209,0.875220820653395,861.5493513059662,7164.230648694033,0.0,0.0,861.5493513059662,8187.230648694033,8187.230648694033,861.5493513059662,0.47863852850331456,861.5493513059662,1895.4085728731256,10233.230648694032,10233.230648694032,22513.107427126874,11094.779999999999,11094.779999999999,24408.516,0.9245649999999999,1.3672235324,6.836117662,0.621465242,1177.9305474294715,1177.9305474294715,0.0,1177.9305474294715,1177.9305474294715,0.0,861.5493513059662,0.0,861.5493513059662,1895.4085728731256,0.0,9297.0,-0.20211722608409646,73.07667741833914
28,28,2025,2SB,2,SB,MD,5,OP,MD,2.2,70,12000,1,8,75,1800,1,4,0.05,0.01,7694.0,0.0,951.0,0.0,0.0,1.0,1.0,1.0,3.66,1.83,0.17391304347826086,0.17391304347826086,30,4.136,0.708,7694.0,0.0,951.0,0.0,0.0,8645.0,10547.0,1.0,1.2,0.6760897435897436,10547.0,0.0,1.0,230.82,5597.385,0.0,713.25,0.0,0.0,6483.75,0.171338014,0.8566900700000001,,0.16452969316010263,0.16452988651630482,124.8377369992208,624.188684996104,59.75495439090098,64.23267170914254,0.5713225133610031,2.0550289515858924,2.2090218517529308,-0.15399290016703837,0.4429313654729441,920.936036548961,6542.243963451039,0.0,0.0,920.936036548961,7493.243963451039,37466.219817255194,920.936036548961,0.5116311314160895,4604.680182744805,10130.296402038572,9395.24396345104,46976.219817255194,103347.68359796144,10316.18,51580.9,113477.98000000001,0.8596816666666667,0.37694363080000004,1.8847181540000004,0.171338014,347.1409733513269,347.1409733513269,0.0,1735.7048667566346,1735.7048667566346,0.0,4604.680182744805,0.0,4604.680182744805,10130.296402038572,0.0,43225.0,-0.06971089943942382,66.75814812792557
29,29,2025,2SB,2,SB,PM-Shoulder,1,OP,PM,2.2,70,12000,1,8,75,1800,1,4,0.05,0.01,5126.0,0.0,634.0,0.0,0.0,1.0,1.0,1.0,3.66,1.83,0.17391304347826086,0.17391304347826086,30,4.135,0.592,5126.0,0.0,634.0,0.0,0.0,5760.0,7028.0,1.0,1.2,0.4505128205128205,7028.0,0.0,1.0,153.78,3729.165,0.0,475.5,0.0,0.0,4320.0,0.169862832,0.8493141599999999,,0.0851930891515239,0.08519309462144375,140.69728221879467,703.4864110939734,69.33709447633879,74.64861641039572,1.0463513881301967,1.7682846159438985,1.903742881020849,-0.13545826507695047,0.024699175569991627,317.69908630574264,4654.520913694258,0.0,0.0,317.69908630574264,5288.520913694258,5288.520913694258,317.69908630574264,0.17649949239207924,317.69908630574264,698.9379898726338,6556.520913694258,6556.520913694258,14424.346010127369,6874.22,6874.22,15123.284000000003,0.5728516666666666,0.3736982304,1.868491152,0.169862832,118.72358635215289,118.72358635215289,0.0,118.72358635215289,118.72358635215289,0.0,317.69908630574264,0.0,317.69908630574264,698.9379898726338,0.0,5760.0,-0.07115365547910195,75.23918835229661
30,30,2025,2SB,2,SB,PM-Peak,3,Peak,PM,2.2,70,12000,1,8,75,1800,1,4,0.05,0.01,7001.0,0.0,865.0,0.0,0.0,1.0,1.0,1.0,3.66,1.83,0.17391304347826086,0.17391304347826086,30,4.135,0.592,7001.0,0.0,865.0,0.0,0.0,7866.0,9596.0,1.0,1.2,0.6151282051282051,9596.0,0.0,1.0,210.03,5093.2275,0.0,648.75,0.0,0.0,5899.5,0.193009261,0.965046305,,0.13774469458433453,0.13774477412420458,119.17352604988314,595.8676302494157,64.15570397341781,70.37075611612867,1.2911866415511601,1.8757791913187383,2.057494374228871,-0.1817151829101329,0.23533872126498248,701.5650664360337,6089.404933563967,0.0,0.0,701.5650664360337,6954.404933563967,20863.2148006919,701.5650664360337,0.38975837024224097,2104.695199308101,4630.329438477823,8684.404933563967,26053.2148006919,57317.07256152219,9385.970000000001,28157.910000000003,61947.40200000001,0.7821641666666668,0.4246203742,2.1231018710000003,0.19300926100000002,297.8988210357165,297.8988210357165,0.0,893.6964631071494,893.6964631071494,0.0,2104.695199308101,0.0,2104.695199308101,4630.329438477823,0.0,23598.0,-0.08831867789589362,63.729158315445524
31,31,2025,2SB,2,SB,PM-Late,3,OP,PM,2.2,70,12000,1,8,75,1800,1,4,0.05,0.01,6368.0,0.0,787.0,0.0,0.0,1.0,1.0,1.0,3.66,1.83,0.17391304347826086,0.17391304347826086,30,4.135,0.592,6368.0,0.0,787.0,0.0,0.0,7155.0,8729.0,1.0,1.2,0.559551282051282,8729.0,0.0,1.0,191.04,4632.72,0.0,590.25,0.0,0.0,5366.25,0.148833149,0.744165745,,0.13237692625276878,0.13237696327601103,120.93018265216809,604.6509132608404,67.06460749747892,72.12473556464512,0.8077519631217694,1.8301626892162248,1.9682512867157558,-0.13808859749953095,0.11307569137201402,613.2652337897271,5563.694766210273,0.0,0.0,613.2652337897271,6350.694766210273,19052.08429863082,613.2652337897271,0.34070290766095945,1839.7957013691812,4047.550543012199,7924.694766210273,23774.08429863082,52302.98545698781,8537.96,25613.88,56350.53600000001,0.7114966666666666,0.3274329278,1.637164639,0.148833149,200.80323101772183,200.80323101772183,0.0,602.4096930531655,602.4096930531655,0.0,1839.7957013691812,0.0,1839.7957013691812,4047.550543012199,0.0,21465.0,-0.07015801205441964,64.66854687281716
32,32,2025,3NB,3,NB,Night,8,OP,NT,3.4,70,12000,1,8,75,1800,1,4,0.05,0.01,3349.0,0.0,414.0,0.0,0.0,1.0,1.0,1.0,3.66,1.83,0.17391304347826086,0.17391304347826086,30,4.103,0.708,3349.0,0.0,414.0,0.0,0.0,3763.0,4591.0,1.0,1.2,0.2942948717948718,4591.0,0.0,1.0,100.47,2436.3975,0.0,310.5,0.0,0.0,2822.25,0.107070561,0.5353528049999999,,0.17391299850005038,0.17391292074240589,105.88647252901617,529.4323626450807,69.98519608192296,74.46442817188755,0.30494411420139217,2.7395631042664186,2.9149021710420384,-0.17533906677561983,0.0008445457561637916,423.7211947630265,2824.8088052369735,0.0,0.0,423.7211947630265,3238.8088052369735,25910.470441895788,423.7211947630265,0.23540066375723695,3389.769558104212,11525.21649755432,4066.8088052369735,32534.470441895788,110617.19950244567,4490.53,35924.24,122142.416,0.3742108333333333,0.3640399074,1.8201995369999997,0.107070561,154.25142450494954,154.25142450494954,0.0,1234.0113960395963,1234.0113960395963,0.0,3389.769558104212,0.0,3389.769558104212,11525.21649755432,0.0,30104.0,-0.06015264200545656,36.6389178301094
33,33,2025,3NB,3,NB,AM-Early,1,OP,AM,3.4,70,12000,1,8,75,1800,1,4,0.05,0.01,3209.0,0.0,397.0,0.0,0.0,1.0,1.0,1.0,3.66,1.83,0.17391304347826086,0.17391304347826086,30,4.155,0.715,3209.0,0.0,397.0,0.0,0.0,3606.0,4400.0,1.0,1.2,0.28205128205128205,4400.0,0.0,1.0,96.27,2334.5475,0.0,297.75,0.0,0.0,2704.5,0.154130142,0.77065071,,0.13107007694864511,0.13107007771655746,142.1329849040123,710.6649245200614,69.9871542301649,74.81339905925306,0.640234450649605,2.726784273475259,2.9148206159248966,-0.1880363424496374,0.000732815245680105,305.9893204652671,2806.740679534733,0.0,0.0,305.9893204652671,3203.740679534733,3203.740679534733,305.9893204652671,0.1699940669251484,305.9893204652671,1040.3636895819081,3997.740679534733,3997.740679534733,13592.318310418092,4303.73,4303.73,14632.682,0.35864416666666665,0.5240424828,2.6202124139999996,0.154130142,160.35140320690343,160.35140320690343,0.0,160.35140320690343,160.35140320690343,0.0,305.9893204652671,0.0,305.9893204652671,1040.3636895819081,0.0,3606.0,-0.06451043382303372,49.18096363460633
34,34,2025,3NB,3,NB,AM-Peak,2,Peak,AM,3.4,70,12000,1,8,75,1800,1,4,0.05,0.01,6617.0,0.0,818.0,0.0,0.0,1.0,1.0,1.0,3.66,1.83,0.17391304347826086,0.17391304347826086,30,4.155,0.715,6617.0,0.0,818.0,0.0,0.0,7435.0,9071.0,1.0,1.2,0.581474358974359,9071.0,0.0,1.0,198.51,4813.8675,0.0,613.5,0.0,0.0,5576.25,0.152579241,0.762896205,,0.14416467478597628,0.14416475503986145,136.20788897735642,681.039444886782,66.26291490152168,70.72519474073674,1.7191340242123638,2.8844035106275756,3.078645126058517,-0.1942416154309412,0.2251723941287398,693.9896426002807,5724.500357399719,0.0,0.0,693.9896426002807,6542.500357399719,13085.000714799438,693.9896426002807,0.3855498014446004,1387.9792852005614,4719.129569681909,8178.500357399719,16357.000714799438,55613.80243031809,8872.49,17744.98,60332.93199999999,0.7393741666666667,0.5187694194,2.593847097,0.152579241,360.02060396136113,360.02060396136113,0.0,720.0412079227223,720.0412079227223,0.0,1387.9792852005614,0.0,1387.9792852005614,4719.129569681909,0.0,14870.0,-0.06309321389036548,47.130757431611215
35,35,2025,3NB,3,NB,AM-Shoulder,1,OP,AM,3.4,70,12000,1,8,75,1800,1,4,0.05,0.01,7565.0,0.0,935.0,0.0,0.0,1.0,1.0,1.0,3.66,1.83,0.17391304347826086,0.17391304347826086,30,4.155,0.715,7565.0,0.0,935.0,0.0,0.0,8500.0,10370.0,1.0,1.2,0.6647435897435897,10370.0,0.0,1.0,226.95,5503.5375,0.0,701.25,0.0,0.0,6375.0,0.158785562,0.79392781,,0.16357399956678512,0.16357406037819544,128.45901620431917,642.2950810215958,60.84811526968449,65.00388820166312,0.8863543511951361,3.138273811669941,3.3526100043666607,-0.21433619269671977,0.6005042774108972,900.2356406407857,6437.814359359215,0.0,0.0,900.2356406407857,7372.814359359215,7372.814359359215,900.2356406407857,0.5001309114671032,900.2356406407857,3060.8011781786713,9242.814359359214,9242.814359359214,31425.568821821325,10143.05,10143.05,34486.369999999995,0.8452541666666666,0.5398709107999999,2.699354554,0.158785562,486.01103524736243,486.01103524736243,0.0,486.01103524736243,486.01103524736243,0.0,900.2356406407857,0.0,900.2356406407857,3060.8011781786713,0.0,8500.0,-0.06393114391997702,44.44948657588898
36,36,2025,3NB,3,NB,MD,5,OP,MD,3.4,70,12000,1,8,75,1800,1,4,0.05,0.01,7925.0,0.0,980.0,0.0,0.0,1.0,1.0,1.0,3.66,1.83,0.17391304347826086,0.17391304347826086,30,4.136,0.708,7925.0,0.0,980.0,0.0,0.0,8905.0,10865.0,1.0,1.2,0.6964743589743589,10865.0,0.0,1.0,237.75,5765.4375,0.0,735.0,0.0,0.0,6678.75,0.37750232,1.8875116,,0.14895683140491306,0.1489567915023254,130.70853155767176,653.5426577883588,56.73879172705099,65.9207874159068,1.222121698219931,3.094623228829552,3.5954237619540326,-0.5008005331244805,0.9331591253055965,858.8013016630634,6828.448698336937,0.0,0.0,858.8013016630634,7808.448698336937,39042.24349168468,858.8013016630634,0.47711183425725745,4294.006508315317,14599.622128272076,9768.448698336937,48842.24349168468,166063.62787172792,10627.25,53136.25,180663.25,0.8856041666666666,1.283507888,6.41753944,0.37750232,1102.2782449092094,1102.2782449092094,0.0,5511.391224546047,5511.391224546047,0.0,4294.006508315317,0.0,4294.006508315317,14599.622128272076,0.0,44525.0,-0.13928831934189215,45.227865590889884
37,37,2025,3NB,3,NB,PM-Shoulder,1,OP,PM,3.4,70,12000,1,8,75,1800,1,4,0.05,0.01,8604.0,0.0,1063.0,0.0,0.0,1.0,1.0,1.0,3.66,1.83,0.17391304347826086,0.17391304347826086,30,4.135,0.592,8604.0,0.0,1063.0,0.0,0.0,9667.0,11793.0,1.0,1.2,0.7559615384615385,11793.0,0.0,1.0,258.12,6259.41,0.0,797.25,0.0,0.0,7250.25,1.290270372,6.45135186,,0.09991153880696173,0.09991155838324178,133.48337515782507,667.4168757891255,44.79590519597742,70.88558184424843,2.392495746814573,2.8778772028454798,4.553987671585634,-1.6761104687401538,2.24639168150089,625.3872851236843,7720.492714876315,0.0,0.0,625.3872851236843,8783.492714876316,8783.492714876316,625.3872851236843,0.34743738062426904,625.3872851236843,2126.3167694205263,10909.492714876316,10909.492714876316,37092.27523057947,11534.880000000001,11534.880000000001,39218.592,0.9612400000000001,4.3869192647999995,21.934596323999997,1.290270372,2743.5235290700607,2743.5235290700607,0.0,2743.5235290700607,2743.5235290700607,0.0,625.3872851236843,0.0,625.3872851236843,2126.3167694205263,0.0,9667.0,-0.368053361057202,46.18801908575263
38,38,2025,3NB,3,NB,PM-Peak,3,Peak,PM,3.4,70,12000,1,8,75,1800,1,4,0.05,0.01,7495.0,0.0,926.0,0.0,0.0,1.0,1.0,1.0,3.66,1.83,0.17391304347826086,0.17391304347826086,30,4.135,0.592,7495.0,0.0,926.0,0.0,0.0,8421.0,10273.0,1.0,1.2,0.658525641025641,10273.0,0.0,1.0,224.85,5452.612499999999,0.0,694.5,0.0,0.0,6315.75,1.093046422,5.4652321100000005,,0.024610853312922815,0.02461086137373696,200.18988779929515,1000.9494389964757,55.56950430870366,74.88145798986383,5.486171700747274,2.724305929347877,3.6710782746364754,-0.9467723452885983,1.0368058076805426,134.19344640970934,7135.95655359029,0.0,0.0,134.19344640970934,8061.95655359029,24185.86966077087,134.19344640970934,0.07455191467206074,402.580339229128,1368.7731533790352,9913.956553590291,29741.869660770873,101122.35684662097,10048.15,30144.45,102491.13,0.8373458333333333,3.7163578348,18.581789174,1.093046422,498.71086594353727,498.71086594353727,0.0,1496.1325978306118,1496.1325978306118,0.0,402.580339229128,0.0,402.580339229128,1368.7731533790352,0.0,25263.0,-0.2579003427493933,69.2698573699983
39,39,2025,3NB,3,NB,PM-Late,3,OP,PM,3.4,70,12000,1,8,75,1800,1,4,0.05,0.01,7734.0,0.0,956.0,0.0,0.0,1.0,1.0,1.0,3.66,1.83,0.17391304347826086,0.17391304347826086,30,4.135,0.592,7734.0,0.0,956.0,0.0,0.0,8690.0,10602.0,1.0,1.2,0.6796153846153846,10602.0,0.0,1.0,232.01999999999998,5626.485,0.0,717.0,0.0,0.0,6517.5,0.170362894,0.8518144699999999,,0.163232926132916,0.16323241371819472,111.70985352134288,558.5492676067145,59.331149656701626,64.27453122443346,0.9129778163231348,3.1738854584201306,3.438328789857818,-0.2644433314376875,0.7179390135337828,918.4276103929599,6583.552389607041,0.0,0.0,918.4276103929599,7539.552389607041,22618.657168821122,918.4276103929599,0.5102375613294221,2755.28283117888,9367.961626008191,9451.55238960704,28354.657168821122,96405.83437399182,10369.980000000001,31109.940000000002,105773.79600000002,0.8641650000000001,0.5792338396,2.8961691979999995,0.170362894,531.984351162567,531.984351162567,0.0,1595.953053487701,1595.953053487701,0.0,2755.28283117888,0.0,2755.28283117888,9367.961626008191,0.0,26070.0,-0.07691042584924601,38.65392855409788
40,40,2025,3SB,3,SB,Night,8,OP,NT,3.4,70,12000,1,8,75,1800,1,4,0.05,0.01,2688.0,0.0,332.0,0.0,0.0,1.0,1.0,1.0,3.66,1.83,0.17391304347826086,0.17391304347826086,30,4.103,0.708,2688.0,0.0,332.0,0.0,0.0,3020.0,3684.0,1.0,1.2,0.23615384615384616,3684.0,0.0,1.0,80.64,1955.52,0.0,249.0,0.0,0.0,2265.0,0.134223639,0.671118195,,0.15703035891056463,0.1570303594184366,123.44188124727036,617.2094062363517,69.99724703128011,74.83890119843895,0.0,2.725855093183212,2.914400332185025,-0.18854523900181297,0.00015702652205572517,307.07600745678735,2300.2839925432127,0.0,0.0,307.07600745678735,2632.2839925432127,21058.2719403457,307.07600745678735,0.17059778192043742,2456.608059654299,8352.467402824615,3296.2839925432127,26370.2719403457,89658.92459717538,3603.36,28826.88,98011.39199999999,0.30028,0.4563603726,2.281801863,0.134223639,140.13732117949985,140.13732117949985,0.0,1121.0985694359988,1121.0985694359988,0.0,2456.608059654299,0.0,2456.608059654299,8352.467402824615,0.0,24160.0,-0.06469435132834143,42.713453718778666
41,41,2025,3SB,3,SB,AM-Early,1,OP,AM,3.4,70,12000,1,8,75,1800,1,4,0.05,0.01,7250.0,0.0,896.0,0.0,0.0,1.0,1.0,1.0,3.66,1.83,0.17391304347826086,0.17391304347826086,30,4.155,0.715,7250.0,0.0,896.0,0.0,0.0,8146.0,9938.0,1.0,1.2,0.637051282051282,9938.0,0.0,1.0,217.5,5274.375,0.0,672.0,0.0,0.0,6109.5,0.723063505,3.615317525,,0.06347930885291772,0.06347931213779562,189.85053434182333,949.2526717091166,59.92031500039025,74.34100577059283,2.6842297890154385,2.744111380864537,3.4045214882243426,-0.6604101073598057,0.671623010295921,334.8136796311079,6697.686320368892,0.0,0.0,334.8136796311079,7593.686320368892,7593.686320368892,334.8136796311079,0.18600759979505996,334.8136796311079,1138.3665107457668,9385.686320368892,9385.686320368892,31911.33348925423,9720.5,9720.5,33049.7,0.8100416666666667,2.458415917,12.292079585,0.723063505,823.1112792344543,823.1112792344543,0.0,823.1112792344543,823.1112792344543,0.0,334.8136796311079,0.0,334.8136796311079,1138.3665107457668,0.0,8146.0,-0.1939803022668681,65.69222641585581
42,42,2025,3SB,3,SB,AM-Peak,2,Peak,AM,3.4,70,12000,1,8,75,1800,1,4,0.05,0.01,9681.0,0.0,1197.0,0.0,0.0,1.0,1.0,1.0,3.66,1.83,0.17391304347826086,0.17391304347826086,30,4.155,0.715,9681.0,0.0,1197.0,0.0,0.0,10878.0,13272.0,1.0,1.2,0.8507692307692307,13272.0,0.0,1.0,290.43,7042.9275,0.0,897.75,0.0,0.0,8158.5,1.121625976,5.60812988,,0.17391285649918176,0.1739124484653222,105.9650447520888,529.825223760444,34.45110507347453,49.92633973822135,1.3778784013905334,4.086019545386917,5.921435598797928,-1.835416053411011,4.1197953417817335,1224.855639641641,8165.714360358359,0.0,0.0,1224.855639641641,9362.714360358359,18725.428720716718,1224.855639641641,0.6804753553564672,2449.711279283282,8329.018349563157,11756.714360358359,23513.428720716718,79945.65765043684,12981.57,25963.14,88274.676,1.0817975,3.8135283184,19.067641591999998,1.121625976,4671.021667725343,4671.021667725343,0.0,9342.043335450686,9342.043335450686,0.0,2449.711279283282,0.0,2449.711279283282,8329.018349563157,0.0,21756.0,-0.3099613299490426,36.66610545054976
43,43,2025,3SB,3,SB,AM-Shoulder,1,OP,AM,3.4,70,12000,1,8,75,1800,1,4,0.05,0.01,8605.0,0.0,1064.0,0.0,0.0,1.0,1.0,1.0,3.66,1.83,0.17391304347826086,0.17391304347826086,30,4.155,0.715,8605.0,0.0,1064.0,0.0,0.0,9669.0,11797.0,1.0,1.2,0.7562179487179487,11797.0,0.0,1.0,258.15,6260.137500000001,0.0,798.0,0.0,0.0,7251.75,0.621465242,3.10732621,,0.15818245462517297,0.15818205213577324,130.50333368391438,652.5166684195719,48.86131468053478,60.90751886913472,1.1261389229149548,3.3493401765110864,4.175082093754405,-0.8257419172433185,1.7272910398721062,990.2439160410938,7356.606083958906,0.0,0.0,990.2439160410938,8420.606083958906,8420.606083958906,990.2439160410938,0.5501355089117188,990.2439160410938,3366.829314539719,10548.606083958906,10548.606083958906,35865.26068546028,11538.85,11538.85,39232.09,0.9615708333333334,2.1129818227999997,10.564909114,0.621465242,2092.3673947331204,2092.3673947331204,0.0,2092.3673947331204,2092.3673947331204,0.0,990.2439160410938,0.0,990.2439160410938,3366.829314539719,0.0,9669.0,-0.1977786061928132,45.15686286640636
44,44,2025,3SB,3,SB,MD,5,OP,MD,3.4,70,12000,1,8,75,1800,1,4,0.05,0.01,8002.0,0.0,989.0,0.0,0.0,1.0,1.0,1.0,3.66,1.83,0.17391304347826086,0.17391304347826086,30,4.136,0.708,8002.0,0.0,989.0,0.0,0.0,8991.0,10969.0,1.0,1.2,0.7031410256410257,10969.0,0.0,1.0,240.06,5821.455,0.0,741.75,0.0,0.0,6743.25,0.171338014,0.8566900700000001,,0.17176694160936234,0.17176636315367166,122.31773648494917,611.5886824247459,57.05554362547353,61.21399666848972,0.7717741623376587,3.332571161866486,3.5754632597860363,-0.24289209791955013,0.905813237335441,999.9335210665305,6762.006478933469,0.0,0.0,999.9335210665305,7751.006478933469,38755.032394667345,999.9335210665305,0.5555186228147392,4999.667605332653,16998.86985813102,9729.006478933468,48645.032394667345,165393.11014186897,10728.939999999999,53644.7,182391.97999999998,0.8940783333333332,0.5825492476,2.912746238,0.171338014,582.5105203473262,582.5105203473262,0.0,2912.552601736631,2912.552601736631,0.0,4999.667605332653,0.0,4999.667605332653,16998.86985813102,0.0,44955.0,-0.06793304259378276,42.32447629236996
45,45,2025,3SB,3,SB,PM-Shoulder,1,OP,PM,3.4,70,12000,1,8,75,1800,1,4,0.05,0.01,5331.0,0.0,659.0,0.0,0.0,1.0,1.0,1.0,3.66,1.83,0.17391304347826086,0.17391304347826086,30,4.135,0.592,5331.0,0.0,659.0,0.0,0.0,5990.0,7308.0,1.0,1.2,0.4684615384615385,7308.0,0.0,1.0,159.93,3878.3025,0.0,494.25,0.0,0.0,4492.5,0.169862832,0.8493141599999999,,0.09071208797365424,0.09071209443068919,137.84620182494712,689.2310091247356,69.11871232443114,74.51321513448562,1.6068845620510108,2.7377693960971805,2.9514438730059047,-0.2136744769087242,0.05090667744666069,351.8089175684431,4819.261082431556,0.0,0.0,351.8089175684431,5478.261082431556,5478.261082431556,351.8089175684431,0.19544939864913508,351.8089175684431,1196.1503197327065,6796.261082431556,6796.261082431556,23107.28768026729,7148.07,7148.07,24303.438,0.5956724999999999,0.5775336287999999,2.8876681439999996,0.169862832,203.181480807503,203.181480807503,0.0,203.181480807503,203.181480807503,0.0,351.8089175684431,0.0,351.8089175684431,1196.1503197327065,0.0,5990.0,-0.07239659166925203,47.69764769029312
46,46,2025,3SB,3,SB,PM-Peak,3,Peak,PM,3.4,70,12000,1,8,75,1800,1,4,0.05,0.01,7281.0,0.0,900.0,0.0,0.0,1.0,1.0,1.0,3.66,1.83,0.17391304347826086,0.17391304347826086,30,4.135,0.592,7281.0,0.0,900.0,0.0,0.0,8181.0,9981.0,1.0,1.2,0.6398076923076923,9981.0,0.0,1.0,218.42999999999998,5296.9275,0.0,675.0,0.0,0.0,6135.75,0.193009261,0.965046305,,0.14687111062887961,0.14687116105155076,116.34602943419848,581.7301471709925,62.518219138968995,68.56241015878791,1.8136144539631815,2.975391319055789,3.263048800966921,-0.28765748191113216,0.47780542875325394,777.9656248456547,6284.604375154345,0.0,0.0,777.9656248456547,7184.604375154345,21553.813125463035,777.9656248456547,0.4322031249142526,2333.896874536964,7935.249373425677,8984.604375154344,26953.81312546303,91642.9646265743,9762.569999999998,29287.709999999995,99578.21399999998,0.8135474999999999,0.6562314873999999,3.281157437,0.193009261,510.5255391385343,510.5255391385343,0.0,1531.5766174156029,1531.5766174156029,0.0,2333.896874536964,0.0,2333.896874536964,7935.249373425677,0.0,24543.0,-0.0881560465249224,40.25814167273304
47,47,2025,3SB,3,SB,PM-Late,3,OP,PM,3.4,70,12000,1,8,75,1800,1,4,0.05,0.01,6623.0,0.0,819.0,0.0,0.0,1.0,1.0,1.0,3.66,1.83,0.17391304347826086,0.17391304347826086,30,4.135,0.592,6623.0,0.0,819.0,0.0,0.0,7442.0,9080.0,1.0,1.2,0.5820512820512821,9080.0,0.0,1.0,198.69,4818.2325,0.0,614.25,0.0,0.0,5581.5,0.148833149,0.744165745,,0.13884506289631685,0.1388451391293959,118.82233351422822,594.1116675711411,66.1466036047133,71.15791367408649,1.1906770875197596,2.866863142367403,3.084058574179973,-0.21719543181256995,0.23258881805513512,668.9877945115779,5755.322205488423,0.0,0.0,668.9877945115779,6574.322205488423,19722.966616465266,668.9877945115779,0.3716598858397655,2006.9633835347338,6823.675504018095,8212.322205488423,24636.966616465266,83765.6864959819,8881.310000000001,26643.93,90589.36200000001,0.7401091666666668,0.5060327066,2.530163533,0.148833149,338.5297043390584,338.5297043390584,0.0,1015.5891130171752,1015.5891130171752,0.0,2006.9633835347338,0.0,2006.9633835347338,6823.675504018095,0.0,22326.0,-0.07042519672970884,41.11499429558069
48,48,2025,4NB,4,NB,Night,8,OP,NT,4.4,70,12000,1,8,75,1800,1,4,0.05,0.01,3091.0,0.0,382.0,0.0,0.0,1.0,1.0,1.0,3.66,1.83,0.17391304347826086,0.17391304347826086,30,4.103,0.708,3091.0,0.0,382.0,0.0,0.0,3473.0,4237.0,1.0,1.2,0.2716025641025641,4237.0,0.0,1.0,92.72999999999999,2248.7025,0.0,286.5,0.0,0.0,2604.75,0.107070561,0.5353528049999999,,0.17391280761958827,0.1739120674303349,102.90799052346739,514.5399526173369,69.99220881785999,74.61059345308749,0.3640466521799938,3.5383715338760022,3.7718483879685025,-0.2334768540925003,0.0005751486597057446,391.0781652761872,2607.191834723813,0.0,0.0,391.0781652761872,2989.191834723813,23913.534677790503,391.0781652761872,0.21726564737565954,3128.6253222094974,13765.95141772179,3753.191834723813,30025.534677790503,132112.35258227822,4144.27,33154.16,145878.304,0.34535583333333336,0.47111046840000004,2.3555523419999997,0.107070561,184.24101762427716,184.24101762427716,0.0,1473.9281409942173,1473.9281409942173,0.0,3128.6253222094974,0.0,3128.6253222094974,13765.95141772179,0.0,27784.0,-0.06189985123401253,27.515505487558126
49,49,2025,4NB,4,NB,AM-Early,1,OP,AM,4.4,70,12000,1,8,75,1800,1,4,0.05,0.01,2962.0,0.0,366.0,0.0,0.0,1.0,1.0,1.0,3.66,1.83,0.17391304347826086,0.17391304347826086,30,4.155,0.715,2962.0,0.0,366.0,0.0,0.0,3328.0,4060.0,1.0,1.2,0.2602564102564103,4060.0,0.0,1.0,88.86,2154.855,0.0,274.5,0.0,0.0,2496.0,0.154130142,0.77065071,,0.13321577427123601,0.13321577469383228,141.1174120462922,705.5870602314609,69.99331586571122,74.85759320998477,0.7431901982468834,3.5266963400686353,3.7717887306054894,-0.24509239053685405,0.0004934180723774983,287.0606772672443,2586.0793227327554,0.0,0.0,287.0606772672443,2952.0793227327554,2952.0793227327554,287.0606772672443,0.15947815403735793,287.0606772672443,1263.0669799758748,3684.0793227327554,3684.0793227327554,16209.949020024125,3971.1399999999994,3971.1399999999994,17473.016,0.33092833333333327,0.6781726248000001,3.390863124,0.154130142,194.67669297919275,194.67669297919275,0.0,194.67669297919275,194.67669297919275,0.0,287.0606772672443,0.0,287.0606772672443,1263.0669799758748,0.0,3328.0,-0.06498041328457681,37.73192835462358
50,50,2025,4NB,4,NB,AM-Peak,2,Peak,AM,4.4,70,12000,1,8,75,1800,1,4,0.05,0.01,6108.0,0.0,755.0,0.0,0.0,1.0,1.0,1.0,3.66,1.83,0.17391304347826086,0.17391304347826086,30,4.155,0.715,6108.0,0.0,755.0,0.0,0.0,6863.0,8373.0,1.0,1.2,0.5367307692307692,8373.0,0.0,1.0,183.23999999999998,4443.57,0.0,566.25,0.0,0.0,5147.25,0.152579241,0.762896205,,0.13455878067158533,0.13455881229256403,140.49111017512962,702.4555508756481,67.89135801395999,72.43080935834173,2.3533915461029,3.644857793786279,3.8885656101578596,-0.24370781637158068,0.16047774305912454,597.9213610288364,5326.838638971164,0.0,0.0,597.9213610288364,6081.838638971164,12163.677277942328,597.9213610288364,0.3321785339049091,1195.8427220576727,5261.70797705376,7591.838638971164,15183.677277942328,66808.18002294625,8189.76,16379.52,72069.888,0.68248,0.6713486604000001,3.3567433020000004,0.152579241,401.4137047512541,401.4137047512541,0.0,802.8274095025082,802.8274095025082,0.0,1195.8427220576727,0.0,1195.8427220576727,5261.70797705376,0.0,13726.0,-0.06267293413667956,37.564467961264604
51,51,2025,4NB,4,NB,AM-Shoulder,1,OP,AM,4.4,70,12000,1,8,75,1800,1,4,0.05,0.01,6983.0,0.0,863.0,0.0,0.0,1.0,1.0,1.0,3.66,1.83,0.17391304347826086,0.17391304347826086,30,4.155,0.715,6983.0,0.0,863.0,0.0,0.0,7846.0,9572.0,1.0,1.2,0.6135897435897436,9572.0,0.0,1.0,209.48999999999998,5080.1325,0.0,647.25,0.0,0.0,5884.5,0.158785562,0.79392781,,0.15054393493859172,0.15054405758076864,133.5376748860622,667.688374430311,64.56434016350192,69.0716639985692,1.3564100702304966,3.822117272366113,4.088944444122711,-0.26682717175659754,0.43499674559097123,764.7831365594253,6008.726863440575,0.0,0.0,764.7831365594253,6871.726863440575,6871.726863440575,764.7831365594253,0.42487952031079185,764.7831365594253,3365.0458008614714,8597.726863440574,8597.726863440574,37829.99819913853,9362.509999999998,9362.509999999998,41195.044,0.7802091666666665,0.6986564728,3.493282364,0.158785562,534.3206886455288,534.3206886455288,0.0,534.3206886455288,534.3206886455288,0.0,764.7831365594253,0.0,764.7831365594253,3365.0458008614714,0.0,7846.0,-0.06525575864453832,35.705260664722516
52,52,2025,4NB,4,NB,MD,5,OP,MD,4.4,70,12000,1,8,75,1800,1,4,0.05,0.01,7316.0,0.0,904.0,0.0,0.0,1.0,1.0,1.0,3.66,1.83,0.17391304347826086,0.17391304347826086,30,4.136,0.708,7316.0,0.0,904.0,0.0,0.0,8220.0,10028.0,1.0,1.2,0.6428205128205128,10028.0,0.0,1.0,219.48,5322.39,0.0,678.0,0.0,0.0,6165.0,0.37750232,1.8875116,,0.1211039669946501,0.12110400110494086,143.16472294440277,715.8236147220139,61.41534863602494,71.21867195256205,2.1255835848561437,3.706893048719687,4.298599712664388,-0.5917066639447013,0.7222244634930683,644.5625428926559,6451.957457107344,0.0,0.0,644.5625428926559,7355.957457107344,36779.787285536724,644.5625428926559,0.35809030160703104,3222.8127144632795,14180.375943638432,9163.957457107344,45819.787285536724,201607.0640563616,9808.52,49042.600000000006,215787.44000000003,0.8173766666666668,1.6610102080000002,8.30505104,0.37750232,1070.6249634391395,1070.6249634391395,0.0,5353.124817195698,5353.124817195698,0.0,3222.8127144632795,0.0,3222.8127144632795,14180.375943638432,0.0,41100.0,-0.13765102672887528,38.2793376856692
53,53,2025,4NB,4,NB,PM-Shoulder,1,OP,PM,4.4,70,12000,1,8,75,1800,1,4,0.05,0.01,7941.0,0.0,982.0,0.0,0.0,1.0,1.0,1.0,3.66,1.83,0.17391304347826086,0.17391304347826086,30,4.135,0.592,7941.0,0.0,982.0,0.0,0.0,8923.0,10887.0,1.0,1.2,0.6978846153846154,10887.0,0.0,1.0,238.23,5777.0775,0.0,736.5,0.0,0.0,6692.25,1.290270372,6.45135186,,0.04272512256708021,0.04272513006450484,172.98103339635827,864.9051669817914,50.64876715895843,74.60658050924812,4.345125953785664,3.538561856045325,5.212367739800067,-1.673805883754742,1.97408666066895,246.82634426702137,7455.943655732979,0.0,0.0,246.82634426702137,8437.94365573298,8437.94365573298,246.82634426702137,0.13712574681501188,246.82634426702137,1086.035914774894,10401.94365573298,10401.94365573298,45768.552085225114,10648.77,10648.77,46854.58800000001,0.8873975000000001,5.6771896368000005,28.385948184000004,1.290270372,1401.279963761963,1401.279963761963,0.0,1401.279963761963,1401.279963761963,0.0,246.82634426702137,0.0,246.82634426702137,1086.035914774894,0.0,8923.0,-0.32112198664995667,46.25161320758242
54,54,2025,4NB,4,NB,PM-Peak,3,Peak,PM,4.4,70,12000,1,8,75,1800,1,4,0.05,0.01,6919.0,0.0,855.0,0.0,0.0,1.0,1.0,1.0,3.66,1.83,0.17391304347826086,0.17391304347826086,30,4.135,0.592,6919.0,0.0,855.0,0.0,0.0,7774.0,9484.0,1.0,1.2,0.607948717948718,9484.0,0.0,1.0,207.57,5033.5725,0.0,641.25,0.0,0.0,5830.5,1.093046422,5.4652321100000005,,0.010001122406587142,0.010000791587615104,306.55535980573785,1532.776799028689,61.08850120002124,74.96840122735652,7.071395338808958,3.52148366082088,4.321598906733501,-0.8001152459126213,0.7537333593677549,50.34137471493086,6661.08862528507,0.0,0.0,50.34137471493086,7516.08862528507,22548.26587585521,50.34137471493086,0.027967430397183808,151.02412414479258,664.5061462370874,9226.088625285069,27678.265875855206,121784.36985376291,9276.43,27829.289999999997,122448.876,0.7730358333333334,4.809404256800001,24.047021284000003,1.093046422,242.1120218471524,242.1120218471524,0.0,726.3360655414572,726.3360655414572,0.0,151.02412414479258,0.0,151.02412414479258,664.5061462370874,0.0,23322.0,-0.1851433377276078,81.96667374484967
55,55,2025,4NB,4,NB,PM-Late,3,OP,PM,4.4,70,12000,1,8,75,1800,1,4,0.05,0.01,7138.0,0.0,882.0,0.0,0.0,1.0,1.0,1.0,3.66,1.83,0.17391304347826086,0.17391304347826086,30,4.135,0.592,7138.0,0.0,882.0,0.0,0.0,8020.0,9784.0,1.0,1.2,0.6271794871794871,9784.0,0.0,1.0,214.14,5192.8949999999995,0.0,661.5,0.0,0.0,6015.0,0.170362894,0.8518144699999999,,0.1471264982313409,0.14712652408474886,116.26960688784065,581.3480344392033,63.52631995106045,68.98429653486602,1.4660630821447314,3.826957920293776,4.155757805636796,-0.32879988534301985,0.5265310508652686,764.012457033039,6159.847542966961,0.0,0.0,764.012457033039,7041.847542966961,21125.542628900883,764.012457033039,0.424451365018355,2292.037371099117,10084.964432836116,8805.84754296696,26417.54262890088,116237.18756716388,9569.859999999999,28709.579999999994,126322.152,0.7974883333333332,0.7495967336,3.747983668,0.17036289399999996,572.7012422216764,572.7012422216764,0.0,1718.1037266650292,1718.1037266650292,0.0,2292.037371099117,0.0,2292.037371099117,10084.964432836116,0.0,24060.0,-0.0791191163491389,31.08813018391461
56,56,2025,4SB,4,SB,Night,8,OP,NT,4.4,70,12000,1,8,75,1800,1,4,0.05,0.01,2482.0,0.0,307.0,0.0,0.0,1.0,1.0,1.0,3.66,1.83,0.17391304347826086,0.17391304347826086,30,4.103,0.708,2482.0,0.0,307.0,0.0,0.0,2789.0,3403.0,1.0,1.2,0.21814102564102564,3403.0,0.0,1.0,74.46,1805.655,0.0,230.25,0.0,0.0,2091.75,0.134223639,0.671118195,,0.1594357234142868,0.15943572299266376,122.57462278527156,612.8731139263577,69.9985564535216,74.87704332047686,0.0,3.5257802430855745,3.7715063477815227,-0.24572610469594824,0.00010655360354348305,287.88591116162405,2119.654088838376,0.0,0.0,287.88591116162405,2426.654088838376,19413.23271070701,287.88591116162405,0.15993661731201336,2303.0872892929924,10133.584072889167,3040.654088838376,24325.23271070701,107031.02392711084,3328.54,26628.32,117164.60800000001,0.27737833333333334,0.5905840116000001,2.9529200580000006,0.134223639,170.02081629695317,170.02081629695317,0.0,1360.1665303756254,1360.1665303756254,0.0,2303.0872892929924,0.0,2303.0872892929924,10133.584072889167,0.0,22312.0,-0.06515330534720945,32.773963311569936
57,57,2025,4SB,4,SB,AM-Early,1,OP,AM,4.4,70,12000,1,8,75,1800,1,4,0.05,0.01,6693.0,0.0,827.0,0.0,0.0,1.0,1.0,1.0,3.66,1.83,0.17391304347826086,0.17391304347826086,30,4.155,0.715,6693.0,0.0,827.0,0.0,0.0,7520.0,9174.0,1.0,1.2,0.588076923076923,9174.0,0.0,1.0,200.79,4869.1575,0.0,620.25,0.0,0.0,5640.0,0.723063505,3.615317525,,0.026747312010606906,0.02674731778711052,253.55938974971477,1267.7969487485736,63.40153064026288,74.91431046578391,4.010991478311724,3.5240262956244974,4.1639373266541915,-0.639911031029694,0.5377369946590991,130.2368748812867,6361.973125118713,0.0,0.0,130.2368748812867,7188.973125118713,7188.973125118713,130.2368748812867,0.07235381937849261,130.2368748812867,573.0422494776615,8842.973125118713,8842.973125118713,38909.08175052234,8973.21,8973.21,39482.124,0.7477674999999999,3.1814794220000007,15.907397110000002,0.723063505,414.3459374204024,414.3459374204024,0.0,414.3459374204024,414.3459374204024,0.0,130.2368748812867,0.0,130.2368748812867,573.0422494776615,0.0,7520.0,-0.15367931379117936,67.79662827532479
58,58,2025,4SB,4,SB,AM-Peak,2,Peak,AM,4.4,70,12000,1,8,75,1800,1,4,0.05,0.01,8936.0,0.0,1104.0,0.0,0.0,1.0,1.0,1.0,3.66,1.83,0.17391304347826086,0.17391304347826086,30,4.155,0.715,8936.0,0.0,1104.0,0.0,0.0,10040.0,12248.0,1.0,1.2,0.7851282051282051,12248.0,0.0,1.0,268.08,6500.9400000000005,0.0,828.0,0.0,0.0,7530.0,1.121625976,5.60812988,,0.14558729167254017,0.14558735485147153,135.6010363564935,678.0051817824674,43.23800598896965,62.123324994240576,2.9375965354111706,4.24961155933742,6.105739475297461,-1.856127915960041,3.198005938300379,946.4542479256834,7721.465752074317,0.0,0.0,946.4542479256834,8825.465752074317,17650.931504148633,946.4542479256834,0.5258079155142685,1892.9084958513668,8328.797381746015,11033.465752074317,22066.931504148633,97094.498618254,11979.92,23959.84,105423.29600000002,0.9983266666666667,4.9351542944,24.675771472,1.121625976,4670.897746103558,4670.897746103558,0.0,9341.795492207117,9341.795492207117,0.0,1892.9084958513668,0.0,1892.9084958513668,8328.797381746015,0.0,20080.0,-0.30399723464611367,36.25696159264532
59,59,2025,4SB,4,SB,AM-Shoulder,1,OP,AM,4.4,70,12000,1,8,75,1800,1,4,0.05,0.01,7943.0,0.0,982.0,0.0,0.0,1.0,1.0,1.0,3.66,1.83,0.17391304347826086,0.17391304347826086,30,4.155,0.715,7943.0,0.0,982.0,0.0,0.0,8925.0,10889.0,1.0,1.2,0.6980128205128205,10889.0,0.0,1.0,238.29,5778.5325,0.0,736.5,0.0,0.0,6693.75,0.621465242,3.10732621,,0.12540625961479157,0.1254062937774563,144.9067193569622,724.5335967848112,55.33767094363591,69.32190203877943,2.1968563704437303,3.8083202023556066,4.770710358751757,-0.9623901563961508,1.3690160486327656,724.6641468875106,6980.04585311249,0.0,0.0,724.6641468875106,7962.04585311249,7962.04585311249,724.6641468875106,0.40259119271528365,724.6641468875106,3188.522246305047,9926.04585311249,9926.04585311249,43674.60175369496,10650.710000000001,10650.710000000001,46863.124,0.8875591666666668,2.7344470648,13.672235324,0.621465242,1981.5557494223492,1981.5557494223492,0.0,1981.5557494223492,1981.5557494223492,0.0,724.6641468875106,0.0,724.6641468875106,3188.522246305047,0.0,8925.0,-0.20172890073501704,38.74511212753001
60,60,2025,4SB,4,SB,MD,5,OP,MD,4.4,70,12000,1,8,75,1800,1,4,0.05,0.01,7386.0,0.0,913.0,0.0,0.0,1.0,1.0,1.0,3.66,1.83,0.17391304347826086,0.17391304347826086,30,4.136,0.708,7386.0,0.0,913.0,0.0,0.0,8299.0,10125.0,1.0,1.2,0.6490384615384616,10125.0,0.0,1.0,221.57999999999998,5373.3150000000005,0.0,684.75,0.0,0.0,6224.25,0.171338014,0.8566900700000001,,0.15712093466313162,0.15712108535387473,127.54936492270382,637.7468246135192,62.05672449310162,66.78921253820687,1.2760808962671188,3.952734131263764,4.254172326310051,-0.30143819504628677,0.6613589441876263,844.2602750394252,6320.159724960575,0.0,0.0,844.2602750394252,7233.159724960575,36165.798624802876,844.2602750394252,0.469033486133014,4221.301375197126,18573.726050867353,9059.159724960575,45295.798624802876,199301.51394913267,9903.42,49517.1,217875.24000000002,0.825285,0.7538872616000001,3.769436308000001,0.17133801400000004,636.4770668271352,636.4770668271352,0.0,3182.385334135676,3182.385334135676,0.0,4221.301375197126,0.0,4221.301375197126,18573.726050867353,0.0,41495.0,-0.07085707205183805,34.10410826810263
61,61,2025,4SB,4,SB,PM-Shoulder,1,OP,PM,4.4,70,12000,1,8,75,1800,1,4,0.05,0.01,4922.0,0.0,608.0,0.0,0.0,1.0,1.0,1.0,3.66,1.83,0.17391304347826086,0.17391304347826086,30,4.135,0.592,4922.0,0.0,608.0,0.0,0.0,5530.0,6746.0,1.0,1.2,0.43243589743589744,6746.0,0.0,1.0,147.66,3580.755,0.0,456.0,0.0,0.0,4147.5,0.169862832,0.8493141599999999,,0.08038558610975759,0.08038559071065325,143.34720379597806,716.7360189798902,69.51081600934712,74.74388052431328,2.085493411274977,3.532061730647287,3.7979700880579492,-0.26590835741066243,0.036361877782247705,287.84108939044506,4486.498910609555,0.0,0.0,287.84108939044506,5094.498910609555,5094.498910609555,287.84108939044506,0.15991171632802503,287.84108939044506,1266.5007933179584,6310.498910609555,6310.498910609555,27766.195206682045,6598.34,6598.34,29032.696000000004,0.5498616666666667,0.7473964608,3.736982304,0.169862832,215.13141148323507,215.13141148323507,0.0,215.13141148323507,215.13141148323507,0.0,287.84108939044506,0.0,287.84108939044506,1266.5007933179584,0.0,5530.0,-0.07001328373984951,38.32812935721338
62,62,2025,4SB,4,SB,PM-Peak,3,Peak,PM,4.4,70,12000,1,8,75,1800,1,4,0.05,0.01,6721.0,0.0,831.0,0.0,0.0,1.0,1.0,1.0,3.66,1.83,0.17391304347826086,0.17391304347826086,30,4.135,0.592,6721.0,0.0,831.0,0.0,0.0,7552.0,9214.0,1.0,1.2,0.5906410256410256,9214.0,0.0,1.0,201.63,4889.5275,0.0,623.25,0.0,0.0,5664.0,0.193009261,0.965046305,,0.12799696092315907,0.12799701555687298,122.42015516846034,612.1007758423017,65.4924514988405,71.79362244591735,2.815686136983234,3.6772068465952263,4.030998900761471,-0.3537920541662447,0.35561135118607257,625.8446603502117,5893.525339649788,0.0,0.0,625.8446603502117,6724.525339649788,20173.576018949367,625.8446603502117,0.34769147797233985,1877.5339810506352,8261.149516622796,8386.525339649788,25159.576018949367,110702.13448337722,9012.37,27037.11,118963.28400000001,0.7510308333333334,0.8492407484,4.2462037420000005,0.193009261,531.4927877379575,531.4927877379575,0.0,1594.4783632138726,1594.4783632138726,0.0,1877.5339810506352,0.0,1877.5339810506352,8261.149516622796,0.0,22656.0,-0.08776783692484065,32.732661809748755
63,63,2025,4SB,4,SB,PM-Late,3,OP,PM,4.4,70,12000,1,8,75,1800,1,4,0.05,0.01,6114.0,0.0,756.0,0.0,0.0,1.0,1.0,1.0,3.66,1.83,0.17391304347826086,0.17391304347826086,30,4.135,0.592,6114.0,0.0,756.0,0.0,0.0,6870.0,8382.0,1.0,1.2,0.5373076923076923,8382.0,0.0,1.0,183.42,4447.9349999999995,0.0,567.0,0.0,0.0,5152.5,0.148833149,0.744165745,,0.12609283666476717,0.1260928788968943,123.08478638069371,615.4239319034685,67.79252622321665,72.86996378551972,1.677473002898191,3.6228918787038085,3.8942345817109985,-0.27134270300719,0.1682442340869252,560.8527414505011,5369.727258549499,0.0,0.0,560.8527414505011,6125.727258549499,18377.181775648496,560.8527414505011,0.3115848563613895,1682.5582243515032,7403.256187146615,7637.727258549499,22913.181775648496,100817.99981285339,8198.58,24595.739999999998,108221.25600000001,0.683215,0.6548658556,3.274329278,0.148833149,367.283310395588,367.283310395588,0.0,1101.849931186764,1101.849931186764,0.0,1682.5582243515032,0.0,1682.5582243515032,7403.256187146615,0.0,20610.0,-0.06967805798899021,32.910370690025054
64,64,2025,5NB,5,NB,Night,8,OP,NT,3.0,70,8000,1,8,75,1800,1,4,0.05,0.01,1592.0,0.0,197.0,0.0,0.0,1.0,1.0,1.0,3.66,1.83,0.2448979591836735,0.2448979591836735,30,4.103,0.708,1592.0,0.0,197.0,0.0,0.0,1789.0,2183.0,1.0,1.2,0.1881896551724138,2183.0,0.0,1.0,47.76,1158.18,0.0,147.75,0.0,0.0,1341.75,0.107070561,0.5353528049999999,,0.24489736508991408,0.2448972597017025,97.10775507198277,485.53877535991387,69.99929329073422,74.91392885755788,0.0,2.402757441039488,2.571454532439209,-0.168697091399721,3.5566584573350214e-05,283.63523029983673,1260.6047697001634,0.0,0.0,283.63523029983673,1457.6047697001634,11660.838157601307,283.63523029983673,0.15757512794435374,2269.081842398694,6807.245527196082,1851.6047697001634,14812.838157601307,44438.51447280392,2135.2400000000002,17081.920000000002,51245.76,0.266905,0.32121168299999997,1.6060584149999997,0.107070561,91.10694968270315,91.10694968270315,0.0,728.8555974616252,728.8555974616252,0.0,2269.081842398694,0.0,2269.081842398694,6807.245527196082,0.0,14312.0,-0.06560376210101593,38.08147257724815
65,65,2025,5NB,5,NB,AM-Early,1,OP,AM,3.0,70,8000,1,8,75,1800,1,4,0.05,0.01,2313.0,0.0,286.0,0.0,0.0,1.0,1.0,1.0,3.66,1.83,0.2448979591836735,0.2448979591836735,30,4.155,0.715,2313.0,0.0,286.0,0.0,0.0,2599.0,3171.0,1.0,1.2,0.27336206896551724,3171.0,0.0,1.0,69.39,1682.7075,0.0,214.5,0.0,0.0,1949.25,0.154130142,0.77065071,,0.1390649659945171,0.13906496608314214,138.44025078674247,692.2012539337122,69.97690809678265,74.9395135198818,0.9531415065303519,2.401937129632489,2.5722771253489536,-0.17033999571646463,0.0011625188709237988,234.00566126621888,2009.604338733781,0.0,0.0,234.00566126621888,2295.6043387337813,2295.6043387337813,234.00566126621888,0.13000314514789937,234.00566126621888,702.0169837986566,2867.6043387337813,2867.6043387337813,8602.813016201344,3101.61,3101.61,9304.83,0.38770125,0.462390426,2.31195213,0.154130142,108.20197739929866,108.20197739929866,0.0,108.20197739929866,108.20197739929866,0.0,234.00566126621888,0.0,234.00566126621888,702.0169837986566,0.0,2599.0,-0.06622147903031887,54.29029442617351
66,66,2025,5NB,5,NB,AM-Peak,2,Peak,AM,3.0,70,8000,1,8,75,1800,1,4,0.05,0.01,4412.0,0.0,545.0,0.0,0.0,1.0,1.0,1.0,3.66,1.83,0.2448979591836735,0.2448979591836735,30,4.155,0.715,4412.0,0.0,545.0,0.0,0.0,4957.0,6047.0,1.0,1.2,0.5212931034482758,6047.0,0.0,1.0,132.35999999999999,3209.7300000000005,0.0,408.75,0.0,0.0,3717.75,0.152579241,0.762896205,,0.20011905931851093,0.20011909501187347,116.33280528887818,581.664026444391,67.08871821367632,72.51212664184233,1.8390125765568959,2.4823434139377865,2.683014444048601,-0.20067103011081455,0.15287264548944055,642.3281482664041,3637.3118517335956,0.0,0.0,642.3281482664041,4182.311851733595,8364.62370346719,642.3281482664041,0.3568489712591134,1284.6562965328083,3853.9688895984245,5272.311851733595,10544.62370346719,31633.87111040157,5914.639999999999,11829.279999999999,35487.84,0.7393299999999999,0.45773772300000004,2.288688615,0.152579241,294.01782400627025,294.01782400627025,0.0,588.0356480125405,588.0356480125405,0.0,1284.6562965328083,0.0,1284.6562965328083,3853.9688895984245,0.0,9914.0,-0.07479312329306996,45.62070795642281
67,67,2025,5NB,5,NB,AM-Shoulder,1,OP,AM,3.0,70,8000,1,8,75,1800,1,4,0.05,0.01,4147.0,0.0,512.0,0.0,0.0,1.0,1.0,1.0,3.66,1.83,0.2448979591836735,0.2448979591836735,30,4.155,0.715,4147.0,0.0,512.0,0.0,0.0,4659.0,5683.0,1.0,1.2,0.4899137931034483,5683.0,0.0,1.0,124.41,3016.9425,0.0,384.0,0.0,0.0,3494.25,0.158785562,0.79392781,,0.18155547898131466,0.18155549878907104,122.15111783335615,610.7555891667807,68.03874421396918,73.56952894437642,1.2887480272211558,2.4466651150654,2.645551473347796,-0.19888635828239565,0.10154837562933784,547.7424406465849,3474.8475593534154,0.0,0.0,547.7424406465849,3986.8475593534154,3986.8475593534154,547.7424406465849,0.30430135591476937,547.7424406465849,1643.2273219397548,5010.847559353415,5010.847559353415,15032.542678060245,5558.59,5558.59,16675.77,0.6948237500000001,0.476356686,2.38178343,0.158785562,260.9207738079589,260.9207738079589,0.0,260.9207738079589,260.9207738079589,0.0,547.7424406465849,0.0,547.7424406465849,1643.2273219397548,0.0,4659.0,-0.07517765588235416,47.90239915033575
68,68,2025,5NB,5,NB,MD,5,OP,MD,3.0,70,8000,1,8,75,1800,1,4,0.05,0.01,4546.0,0.0,562.0,0.0,0.0,1.0,1.0,1.0,3.66,1.83,0.2448979591836735,0.2448979591836735,30,4.136,0.708,4546.0,0.0,562.0,0.0,0.0,5108.0,6232.0,1.0,1.2,0.5372413793103449,6232.0,0.0,1.0,136.38,3307.215,0.0,421.5,0.0,0.0,3831.0,0.37750232,1.8875116,,0.10472656117895714,0.10472656787434763,152.1078716734087,760.5393583670434,64.46687758126015,74.6140248759101,2.2440993701704155,2.412415096214905,2.7921315061848775,-0.37971640996997236,0.3023630206161391,346.3532540294647,4063.2667459705353,0.0,0.0,346.3532540294647,4625.266745970535,23126.333729852675,346.3532540294647,0.19241847446081373,1731.7662701473237,5195.298810441971,5749.266745970535,28746.333729852675,86239.00118955802,6095.62,30478.1,91434.29999999999,0.7619525,1.13250696,5.6625348,0.37750232,392.24747080701684,392.24747080701684,0.0,1961.237354035084,1961.237354035084,0.0,1731.7662701473237,0.0,1731.7662701473237,5195.298810441971,0.0,25540.0,-0.13599517398405442,59.65014575427792
69,69,2025,5NB,5,NB,PM-Shoulder,1,OP,PM,3.0,70,8000,1,8,75,1800,1,4,0.05,0.01,5076.0,0.0,627.0,0.0,0.0,1.0,1.0,1.0,3.66,1.83,0.2448979591836735,0.2448979591836735,30,4.135,0.592,5076.0,0.0,627.0,0.0,0.0,5703.0,6957.0,1.0,1.2,0.5997413793103449,6957.0,0.0,1.0,152.28,3692.79,0.0,470.25,0.0,0.0,4277.25,1.290270372,6.45135186,,0.02044098799381451,0.02044099735284791,209.65791502448323,1048.2895751224162,53.856689189924936,74.980777832751,3.5215380315579847,2.400615267042181,3.34220321945956,-0.9415879524173789,1.0559612678024546,75.48427605367829,4848.235723946322,0.0,0.0,75.48427605367829,5475.235723946322,5475.235723946322,75.48427605367829,0.04193570891871016,75.48427605367829,226.45282816103486,6729.235723946322,6729.235723946322,20187.707171838963,6804.72,6804.72,20414.16,0.8505900000000001,3.8708111159999996,19.35405558,1.290270372,292.1853748317905,292.1853748317905,0.0,292.1853748317905,292.1853748317905,0.0,75.48427605367829,0.0,75.48427605367829,226.45282816103486,0.0,5703.0,-0.2817267205462256,82.21879020567971
70,70,2025,5NB,5,NB,PM-Peak,3,Peak,PM,3.0,70,8000,1,8,75,1800,1,4,0.05,0.01,5606.0,0.0,693.0,0.0,0.0,1.0,1.0,1.0,3.66,1.83,0.2448979591836735,0.2448979591836735,30,4.135,0.592,5606.0,0.0,693.0,0.0,0.0,6299.0,7685.0,1.0,1.2,0.6625,7685.0,0.0,1.0,168.18,4078.365,0.0,519.75,0.0,0.0,4724.25,1.093046422,5.4652321100000005,,0.10961258687109773,0.10961261598285002,129.3246413840071,646.6232069200356,48.31044970474942,73.99026655325315,4.222170129700762,2.4327524198125206,3.7259019756610567,-1.2931495558485362,1.5816285637985057,447.04013785454447,4990.779862145455,0.0,0.0,447.04013785454447,5683.779862145455,17051.339586436363,447.04013785454447,0.2483556321414136,1341.1204135636335,4023.3612406909006,7069.779862145455,21209.339586436363,63628.01875930909,7516.82,22550.459999999995,67651.37999999999,0.9396025,3.279139266,16.39569633,1.093046422,1465.9068695168899,1465.9068695168899,0.0,4397.72060855067,4397.72060855067,0.0,1341.1204135636335,0.0,1341.1204135636335,4023.3612406909006,0.0,18897.0,-0.3470702032141098,50.7155456407871
71,71,2025,5NB,5,NB,PM-Late,3,OP,PM,3.0,70,8000,1,8,75,1800,1,4,0.05,0.01,4570.0,0.0,565.0,0.0,0.0,1.0,1.0,1.0,3.66,1.83,0.2448979591836735,0.2448979591836735,30,4.135,0.592,4570.0,0.0,565.0,0.0,0.0,5135.0,6265.0,1.0,1.2,0.5400862068965517,6265.0,0.0,1.0,137.1,3324.6749999999997,0.0,423.75,0.0,0.0,3851.25,0.170362894,0.8518144699999999,,0.1896042967841203,0.18960432306699052,105.17002327162956,525.8501163581477,66.00272912091273,72.6006042747376,1.3341826263248995,2.4793182067581427,2.727159958344323,-0.24784175158618016,0.21335200007457977,630.3726654107451,3802.527334589255,0.0,0.0,630.3726654107451,4367.527334589255,13102.582003767764,630.3726654107451,0.35020703633930284,1891.1179962322353,5673.353988696706,5497.527334589255,16492.582003767762,49477.74601130329,6127.9,18383.699999999997,55151.09999999999,0.7659874999999999,0.511088682,2.5554434099999996,0.170362894,322.1763347336047,322.1763347336047,0.0,966.529004200814,966.529004200814,0.0,1891.1179962322353,0.0,1891.1179962322353,5673.353988696706,0.0,15405.0,-0.09087906663775107,41.243146381031195
72,72,2025,5SB,5,SB,Night,8,OP,NT,3.0,70,8000,1,8,75,1800,1,4,0.05,0.01,1472.0,0.0,182.0,0.0,0.0,1.0,1.0,1.0,3.66,1.83,0.2448979591836735,0.2448979591836735,30,4.103,0.708,1472.0,0.0,182.0,0.0,0.0,1654.0,2018.0,1.0,1.2,0.17396551724137932,2018.0,0.0,1.0,44.16,1070.8799999999999,0.0,136.5,0.0,0.0,1240.5,0.134223639,0.671118195,,0.16631873663846608,0.16631873663286137,120.17163808546849,600.8581904273425,69.99945208333502,74.98256694787362,0.0,2.4005579873670153,2.5714486991370773,-0.170890711770062,2.7574960652999515e-05,178.10740869140054,1249.7325913085995,0.0,0.0,178.10740869140054,1431.7325913085995,11453.860730468796,178.10740869140054,0.09894856038411141,1424.8592695312043,4274.577808593613,1795.7325913085995,14365.860730468796,43097.582191406385,1973.84,15790.72,47372.159999999996,0.24672999999999998,0.402670917,2.013354585,0.134223639,71.71867358226002,71.71867358226002,0.0,573.7493886580802,573.7493886580802,0.0,1424.8592695312043,0.0,1424.8592695312043,4274.577808593613,0.0,13232.0,-0.06645697883353038,47.12613258253666
73,73,2025,5SB,5,SB,AM-Early,1,OP,AM,3.0,70,8000,1,8,75,1800,1,4,0.05,0.01,3483.0,0.0,430.0,0.0,0.0,1.0,1.0,1.0,3.66,1.83,0.2448979591836735,0.2448979591836735,30,4.155,0.715,3483.0,0.0,430.0,0.0,0.0,3913.0,4773.0,1.0,1.2,0.4114655172413793,4773.0,0.0,1.0,104.49,2533.8825,0.0,322.5,0.0,0.0,2934.75,0.723063505,3.615317525,,0.0100013597743685,0.010000598591875638,524.4890095461994,2622.445047730997,68.9393249651653,74.99797002777139,2.5023752496723115,2.4000649608695657,2.610991623299954,-0.2109266624303885,0.05420138106379469,25.34227050847629,3353.167729491524,0.0,0.0,25.34227050847629,3783.167729491524,3783.167729491524,25.34227050847629,0.014079039171375717,25.34227050847629,76.02681152542887,4643.167729491524,4643.167729491524,13929.503188474573,4668.51,4668.51,14005.530000000002,0.58356375,2.1691905150000004,10.845952575,0.723063505,54.972212815551,54.972212815551,0.0,54.972212815551,54.972212815551,0.0,25.34227050847629,0.0,25.34227050847629,76.02681152542887,0.0,3913.0,-0.08078412069503486,205.6819645279213
74,74,2025,5SB,5,SB,AM-Peak,2,Peak,AM,3.0,70,8000,1,8,75,1800,1,4,0.05,0.01,4270.0,0.0,528.0,0.0,0.0,1.0,1.0,1.0,3.66,1.83,0.2448979591836735,0.2448979591836735,30,4.155,0.715,4270.0,0.0,528.0,0.0,0.0,4798.0,5854.0,1.0,1.2,0.5046551724137931,5854.0,0.0,1.0,128.1,3106.4249999999997,0.0,396.0,0.0,0.0,3598.5,1.121625976,5.60812988,,0.010000664351308143,0.010000772503849197,459.0207059845805,2295.1035299229025,64.88812655629681,74.99541489458622,4.7958073568626975,2.4001467323436847,2.7740051925190405,-0.37385846017535584,0.2775299708939427,31.066313757512397,4110.833686242488,0.0,0.0,31.066313757512397,4638.833686242488,9277.667372484975,31.066313757512397,0.017259063198618,62.132627515024794,186.39788254507437,5694.833686242488,11389.667372484975,34169.002117454926,5725.9,11451.8,34355.4,0.7157374999999999,3.3648779280000003,16.82438964,1.121625976,104.53435346697621,104.53435346697621,0.0,209.06870693395243,209.06870693395243,0.0,62.132627515024794,0.0,62.132627515024794,186.39788254507437,0.0,9596.0,-0.13477208376667077,180.00811999395313
75,75,2025,5SB,5,SB,AM-Shoulder,1,OP,AM,3.0,70,8000,1,8,75,1800,1,4,0.05,0.01,3240.0,0.0,400.0,0.0,0.0,1.0,1.0,1.0,3.66,1.83,0.2448979591836735,0.2448979591836735,30,4.155,0.715,3240.0,0.0,400.0,0.0,0.0,3640.0,4440.0,1.0,1.2,0.38275862068965516,4440.0,0.0,1.0,97.2,2357.1000000000004,0.0,300.0,0.0,0.0,2730.0,0.621465242,3.10732621,,0.010000630631929299,0.010000649713245838,491.23095219103647,2456.1547609551826,69.40129001454896,74.99848003190503,2.3277965442224327,2.4000486399647882,2.5936117320335925,-0.1935630920688043,0.030390930028879028,23.572486462520555,3119.22751353748,0.0,0.0,23.572486462520555,3519.22751353748,3519.22751353748,23.572486462520555,0.01309582581251142,23.572486462520555,70.71745938756166,4319.22751353748,4319.22751353748,12957.68254061244,4342.800000000001,4342.800000000001,13028.400000000003,0.5428500000000002,1.864395726,9.32197863,0.621465242,43.94844301191618,43.94844301191618,0.0,43.94844301191618,43.94844301191618,0.0,23.572486462520555,0.0,23.572486462520555,70.71745938756166,0.0,3640.0,-0.07463071271544404,192.63958909452413
76,76,2025,5SB,5,SB,MD,5,OP,MD,3.0,70,8000,1,8,75,1800,1,4,0.05,0.01,4470.0,0.0,552.0,0.0,0.0,1.0,1.0,1.0,3.66,1.83,0.2448979591836735,0.2448979591836735,30,4.136,0.708,4470.0,0.0,552.0,0.0,0.0,5022.0,6126.0,1.0,1.2,0.5281034482758621,6126.0,0.0,1.0,134.1,3251.9249999999997,0.0,414.0,0.0,0.0,3766.5,0.171338014,0.8566900700000001,,0.19125245094837365,0.1912524676061147,116.08114397527292,580.4057198763646,66.65365864807556,72.73620773383048,1.28633381993572,2.474695967910351,2.7005269275671937,-0.22583095965684263,0.17686474790991247,621.9386265502899,3713.96137344971,0.0,0.0,621.9386265502899,4265.961373449711,21329.806867248553,621.9386265502899,0.3455214591946055,3109.6931327514494,9329.079398254347,5369.961373449711,26849.806867248553,80549.42060174566,5991.900000000001,29959.500000000004,89878.5,0.7489875,0.514014042,2.5700702100000004,0.171338014,319.68518730904304,319.68518730904304,0.0,1598.4259365452153,1598.4259365452153,0.0,3109.6931327514494,0.0,3109.6931327514494,9329.079398254347,0.0,25110.0,-0.08362477609519173,45.52201724520507
77,77,2025,5SB,5,SB,PM-Shoulder,1,OP,PM,3.0,70,8000,1,8,75,1800,1,4,0.05,0.01,4630.0,0.0,572.0,0.0,0.0,1.0,1.0,1.0,3.66,1.83,0.2448979591836735,0.2448979591836735,30,4.135,0.592,4630.0,0.0,572.0,0.0,0.0,5202.0,6346.0,1.0,1.2,0.5470689655172414,6346.0,0.0,1.0,138.9,3368.3250000000003,0.0,429.0,0.0,0.0,3901.5,0.169862832,0.8493141599999999,,0.19429209479788603,0.1942920589668716,104.10658188951547,520.5329094475773,65.68857205313105,72.27278236116601,1.2993661939803742,2.49056413935322,2.740202661954809,-0.24963852260158914,0.23122050402094577,654.4389202100896,3836.66107978991,0.0,0.0,654.4389202100896,4408.66107978991,4408.66107978991,654.4389202100896,0.36357717789449423,654.4389202100896,1963.3167606302686,5552.66107978991,5552.66107978991,16657.98323936973,6207.099999999999,6207.099999999999,18621.299999999996,0.7758875,0.509588496,2.5479424799999997,0.169862832,333.49454507372354,333.49454507372354,0.0,333.49454507372354,333.49454507372354,0.0,654.4389202100896,0.0,654.4389202100896,1963.3167606302686,0.0,5202.0,-0.09110221155084262,40.826110544908026
78,78,2025,5SB,5,SB,PM-Peak,3,Peak,PM,3.0,70,8000,1,8,75,1800,1,4,0.05,0.01,4957.0,0.0,613.0,0.0,0.0,1.0,1.0,1.0,3.66,1.83,0.2448979591836735,0.2448979591836735,30,4.135,0.592,4957.0,0.0,613.0,0.0,0.0,5570.0,6796.0,1.0,1.2,0.5858620689655173,6796.0,0.0,1.0,148.71,3606.2174999999997,0.0,459.75,0.0,0.0,4177.5,0.193009261,0.965046305,,0.2088977467273105,0.20889778674666876,100.95439682717014,504.7719841358507,63.29386445068745,70.5504670692642,1.9064995012530055,2.5513651075234094,2.843877547408072,-0.2925124398846628,0.373255097091916,753.3307099585949,4054.9592900414054,0.0,0.0,753.3307099585949,4667.959290041405,14003.877870124215,753.3307099585949,0.41851706108810827,2259.9921298757845,6779.9763896273535,5893.959290041405,17681.877870124215,53045.63361037265,6647.29,19941.87,59825.61,0.83091125,0.5790277829999999,2.895138915,0.193009261,436.19941085314116,436.19941085314116,0.0,1308.5982325594234,1308.5982325594234,0.0,2259.9921298757845,0.0,2259.9921298757845,6779.9763896273535,0.0,16710.0,-0.1028569040011095,39.58995954006672
79,79,2025,5SB,5,SB,PM-Late,3,OP,PM,3.0,70,8000,1,8,75,1800,1,4,0.05,0.01,4118.0,0.0,509.0,0.0,0.0,1.0,1.0,1.0,3.66,1.83,0.2448979591836735,0.2448979591836735,30,4.135,0.592,4118.0,0.0,509.0,0.0,0.0,4627.0,5645.0,1.0,1.2,0.4866379310344828,5645.0,0.0,1.0,123.53999999999999,2995.8450000000003,0.0,381.75,0.0,0.0,3470.25,0.148833149,0.744165745,,0.1711736763866946,0.17117369652326556,109.63164681977096,548.1582340988548,68.04783571282061,73.84648443450388,1.3823813117199901,2.4374890880505773,2.6451980156965806,-0.20770892764600335,0.10106413864717267,512.809802534697,3481.650197465303,0.0,0.0,512.809802534697,3990.650197465303,11971.950592395908,512.809802534697,0.28489433474149833,1538.429407604091,4615.288222812273,5008.650197465303,15025.950592395908,45077.85177718772,5521.46,16564.379999999997,49693.14,0.6901825,0.446499447,2.232497235,0.148833149,228.96929324792143,228.96929324792143,0.0,686.9078797437643,686.9078797437643,0.0,1538.429407604091,0.0,1538.429407604091,4615.288222812273,0.0,13881.0,-0.07852301658078543,42.992802674419984
80,80,2025,6NB,6,NB,Night,8,OP,NT,4.4,70,8000,1,8,75,1800,1,4,0.05,0.01,1554.0,0.0,192.0,0.0,0.0,1.0,1.0,1.0,3.66,1.83,0.282574568288854,0.282574568288854,30,4.103,0.708,1554.0,0.0,192.0,0.0,0.0,1746.0,2130.0,1.0,1.2,0.18362068965517242,2130.0,0.0,1.0,46.62,979.7970000000001,0.0,124.80000000000001,0.0,0.0,1134.9,0.107070561,0.5353528049999999,,0.2547792469673012,0.25477924698812365,96.53869458810014,482.6934729405006,69.99934789576608,74.94500825333081,0.0,3.522582839775282,3.7714637055350066,-0.24888086575972457,4.813372581660439e-05,249.63194184082084,1257.7480581591792,0.0,0.0,249.63194184082084,1449.7480581591792,11597.984465273434,249.63194184082084,0.13868441213378935,1997.0555347265667,8787.044352796895,1833.7480581591792,14669.984465273434,64547.93164720311,2083.38,16667.04,73334.97600000001,0.2604225,0.47111046840000004,2.3555523419999997,0.107070561,117.60422104823067,117.60422104823067,0.0,940.8337683858454,940.8337683858454,0.0,1997.0555347265667,0.0,1997.0555347265667,8787.044352796895,0.0,13968.0,-0.06599052388982733,25.812485183983995
81,81,2025,6NB,6,NB,AM-Early,1,OP,AM,4.4,70,8000,1,8,75,1800,1,4,0.05,0.01,2259.0,0.0,279.0,0.0,0.0,1.0,1.0,1.0,3.66,1.83,0.282574568288854,0.282574568288854,30,4.155,0.715,2259.0,0.0,279.0,0.0,0.0,2538.0,3096.0,1.0,1.2,0.26689655172413795,3096.0,0.0,1.0,67.77,1424.2995,0.0,181.35,0.0,0.0,1649.7,0.154130142,0.77065071,,0.14029423983932263,0.14029424036955887,137.8937925763194,689.4689628815969,69.97935317814397,74.9633861593458,1.5020593116569005,3.521719248898773,3.7725412998308876,-0.2508220509321144,0.0015244379111736337,199.8210156560273,1991.4089843439729,0.0,0.0,199.8210156560273,2270.408984343973,2270.408984343973,199.8210156560273,0.1110116753644596,199.8210156560273,879.2124688865202,2828.408984343973,2828.408984343973,12444.99953111348,3028.23,3028.23,13324.212000000001,0.37852875,0.6781726248000001,3.390863124,0.154130142,135.51314267764994,135.51314267764994,0.0,135.51314267764994,135.51314267764994,0.0,199.8210156560273,0.0,199.8210156560273,879.2124688865202,0.0,2538.0,-0.06648623063274564,36.869998015058655
82,82,2025,6NB,6,NB,AM-Peak,2,Peak,AM,4.4,70,8000,1,8,75,1800,1,4,0.05,0.01,4308.0,0.0,532.0,0.0,0.0,1.0,1.0,1.0,3.66,1.83,0.282574568288854,0.282574568288854,30,4.155,0.715,4308.0,0.0,532.0,0.0,0.0,4840.0,5904.0,1.0,1.2,0.5089655172413793,5904.0,0.0,1.0,129.24,2716.1940000000004,0.0,345.8,0.0,0.0,3146.0,0.152579241,0.762896205,,0.21628883541061256,0.21628885974565223,111.7342849923789,558.6714249618946,67.43445305075936,73.16095090911993,2.9302412007220937,3.608482349114613,3.9149127494410245,-0.30643040032641133,0.19657332387706083,587.4824370092934,3591.2775629907064,0.0,0.0,587.4824370092934,4123.277562990706,8246.555125981413,587.4824370092934,0.3263791316718297,1174.964874018587,5169.845445681783,5187.277562990706,10374.555125981413,45648.04255431822,5774.76,11549.52,50817.888000000006,0.7218450000000001,0.6713486604000001,3.3567433020000004,0.152579241,394.4055470947166,394.4055470947166,0.0,788.8110941894332,788.8110941894332,0.0,1174.964874018587,0.0,1174.964874018587,5169.845445681783,0.0,9680.0,-0.07827260016718478,29.875477270689544
83,83,2025,6NB,6,NB,AM-Shoulder,1,OP,AM,4.4,70,8000,1,8,75,1800,1,4,0.05,0.01,4049.0,0.0,500.0,0.0,0.0,1.0,1.0,1.0,3.66,1.83,0.282574568288854,0.282574568288854,30,4.155,0.715,4049.0,0.0,500.0,0.0,0.0,4549.0,5549.0,1.0,1.2,0.47836206896551725,5549.0,0.0,1.0,121.47,2552.8945000000003,0.0,325.0,0.0,0.0,2956.85,0.158785562,0.79392781,,0.19251186157097022,0.19251187470498882,118.64123812287407,593.2061906143704,68.25839724795453,74.00500342783374,2.0533860202166405,3.5673263667562773,3.8676560048868005,-0.30032963813052316,0.13183158383777402,491.4624725892913,3436.067527410709,0.0,0.0,491.4624725892913,3936.067527410709,3936.067527410709,491.4624725892913,0.2730347069940507,491.4624725892913,2162.4348793928816,4936.067527410709,4936.067527410709,21718.69712060712,5427.53,5427.53,23881.132,0.67844125,0.6986564728,3.493282364,0.158785562,343.3634376128009,343.3634376128009,0.0,343.3634376128009,343.3634376128009,0.0,491.4624725892913,0.0,491.4624725892913,2162.4348793928816,0.0,4549.0,-0.07765158994260486,31.72225618258665
84,84,2025,6NB,6,NB,MD,5,OP,MD,4.4,70,8000,1,8,75,1800,1,4,0.05,0.01,4439.0,0.0,549.0,0.0,0.0,1.0,1.0,1.0,3.66,1.83,0.282574568288854,0.282574568288854,30,4.136,0.708,4439.0,0.0,549.0,0.0,0.0,4988.0,6086.0,1.0,1.2,0.5246551724137931,6086.0,0.0,1.0,133.17,2798.7895,0.0,356.85,0.0,0.0,3242.2000000000003,0.37750232,1.8875116,,0.09594944617075285,0.09594945484104835,157.579074536717,787.895372683585,64.92367877706313,74.81440949181207,3.5482213241491003,3.5287319888409066,4.066313015110112,-0.5375810262692058,0.40399168784371176,268.54230247351825,4037.2876975264817,0.0,0.0,268.54230247351825,4586.287697526482,22931.438487632407,268.54230247351825,0.14919016804084348,1342.7115123675912,5907.930654417402,5684.287697526482,28421.438487632407,125054.3293455826,5952.83,29764.149999999998,130962.26000000001,0.74410375,1.6610102080000002,8.30505104,0.37750232,446.0515056883375,446.0515056883375,0.0,2230.2575284416876,2230.2575284416876,0.0,1342.7115123675912,0.0,1342.7115123675912,5907.930654417402,0.0,24940.0,-0.13220355252327975,42.13344238949653
85,85,2025,6NB,6,NB,PM-Shoulder,1,OP,PM,4.4,70,8000,1,8,75,1800,1,4,0.05,0.01,4956.0,0.0,613.0,0.0,0.0,1.0,1.0,1.0,3.66,1.83,0.282574568288854,0.282574568288854,30,4.135,0.592,4956.0,0.0,613.0,0.0,0.0,5569.0,6795.0,1.0,1.2,0.5857758620689655,6795.0,0.0,1.0,148.68,3124.758,0.0,398.45,0.0,0.0,3619.85,1.290270372,6.45135186,,0.012400841629387706,0.012400845514084156,235.9761253532351,1179.8806267661753,55.60952391232471,74.99118396769549,5.212442221524272,3.5204138144255097,4.747388242636794,-1.2269744282112844,1.337064749555266,38.749629088162266,4768.570370911837,0.0,0.0,38.749629088162266,5381.570370911837,5381.570370911837,38.749629088162266,0.021527571715645705,38.749629088162266,170.49836798791398,6607.570370911837,6607.570370911837,29073.309632012086,6646.32,6646.32,29243.808,0.8307899999999999,5.6771896368000005,28.385948184000004,1.290270372,219.98899268915866,219.98899268915866,0.0,219.98899268915866,219.98899268915866,0.0,38.749629088162266,0.0,38.749629088162266,170.49836798791398,0.0,5569.0,-0.2584525144144938,63.09522068268318
86,86,2025,6NB,6,NB,PM-Peak,3,Peak,PM,4.4,70,8000,1,8,75,1800,1,4,0.05,0.01,5474.0,0.0,677.0,0.0,0.0,1.0,1.0,1.0,3.66,1.83,0.282574568288854,0.282574568288854,30,4.135,0.592,5474.0,0.0,677.0,0.0,0.0,6151.0,7505.0,1.0,1.2,0.6469827586206897,7505.0,0.0,1.0,164.22,3451.357,0.0,440.05,0.0,0.0,3998.15,1.093046422,5.4652321100000005,,0.09559155671273602,0.0955915714095168,135.47614059925235,677.3807029962618,49.34125307971991,74.5764411637119,6.84598615071731,3.5399919315063744,5.350492407913905,-1.810500476407531,2.163317455984908,329.92058840139845,4979.859411598602,0.0,0.0,329.92058840139845,5656.859411598602,16970.578234795805,329.92058840139845,0.1832892157785547,989.7617652041954,4354.95176689846,7010.859411598602,21032.578234795805,92543.34423310155,7340.78,22022.34,96898.29600000002,0.9175975,4.809404256800001,24.047021284000003,1.093046422,1586.7214822636465,1586.7214822636465,0.0,4760.164446790939,4760.164446790939,0.0,989.7617652041954,0.0,989.7617652041954,4354.95176689846,0.0,18453.0,-0.3383801598764298,36.223567005147686
87,87,2025,6NB,6,NB,PM-Late,3,OP,PM,4.4,70,8000,1,8,75,1800,1,4,0.05,0.01,4463.0,0.0,552.0,0.0,0.0,1.0,1.0,1.0,3.66,1.83,0.282574568288854,0.282574568288854,30,4.135,0.592,4463.0,0.0,552.0,0.0,0.0,5015.0,6119.0,1.0,1.2,0.5275,6119.0,0.0,1.0,133.89,2813.9215,0.0,358.8,0.0,0.0,3259.75,0.170362894,0.8518144699999999,,0.20169286131293895,0.20169288698118146,102.48014545114249,512.4007272557125,66.42821370333229,73.30945464170213,2.141876384911525,3.6011726085031253,3.9742149499762442,-0.373042341473119,0.27781733861031216,567.5478788449972,3761.562121155003,0.0,0.0,567.5478788449972,4313.562121155002,12940.686363465007,567.5478788449972,0.31530437713610954,1702.6436365349914,7491.6320007539625,5417.562121155002,16252.686363465007,71511.81999924604,5985.11,17955.329999999998,79003.452,0.74813875,0.7495967336,3.747983668,0.170362894,425.43203614381844,425.43203614381844,0.0,1276.2961084314552,1276.2961084314552,0.0,1702.6436365349914,0.0,1702.6436365349914,7491.6320007539625,0.0,15045.0,-0.09386566810518109,27.401108409396386
88,88,2025,6SB,6,SB,Night,8,OP,NT,4.4,70,8000,1,8,75,1800,1,4,0.05,0.01,1437.0,0.0,178.0,0.0,0.0,1.0,1.0,1.0,3.66,1.83,0.282574568288854,0.282574568288854,30,4.103,0.708,1437.0,0.0,178.0,0.0,0.0,1615.0,1971.0,1.0,1.2,0.16991379310344829,1971.0,0.0,1.0,43.11,906.0285000000001,0.0,115.7,0.0,0.0,1049.75,0.134223639,0.671118195,,0.1667950659790232,0.1667950659744091,120.00947455110109,600.0473727555054,69.99949798698229,74.98983312936429,0.0,3.5204772298209543,3.7714556188545196,-0.2509783890335653,3.705497354897101e-05,151.12108343637544,1242.7689165636245,0.0,0.0,151.12108343637544,1420.7689165636245,11366.151332508996,151.12108343637544,0.08395615746465303,1208.9686674910035,5319.462136960416,1776.7689165636245,14214.151332508996,62542.26586303959,1927.8899999999999,15423.119999999999,67861.728,0.24098624999999999,0.5905840116000001,2.9529200580000006,0.134223639,89.24969569319293,89.24969569319293,0.0,713.9975655455435,713.9975655455435,0.0,1208.9686674910035,0.0,1208.9686674910035,5319.462136960416,0.0,12920.0,-0.06654682287095118,32.08809479975965
89,89,2025,6SB,6,SB,AM-Early,1,OP,AM,4.4,70,8000,1,8,75,1800,1,4,0.05,0.01,3401.0,0.0,420.0,0.0,0.0,1.0,1.0,1.0,3.66,1.83,0.282574568288854,0.282574568288854,30,4.155,0.715,3401.0,0.0,420.0,0.0,0.0,3821.0,4661.0,1.0,1.2,0.4018103448275862,4661.0,0.0,1.0,102.03,2144.3305,0.0,273.0,0.0,0.0,2483.65,0.723063505,3.615317525,,0.01000058707278074,0.010000921084785414,541.5524511196676,2707.7622555983376,69.11556300469115,74.9983393747759,3.599886045064183,3.520077940402915,3.819689640408214,-0.2996117000052987,0.06611766450211048,21.44456387806946,3277.5254361219304,0.0,0.0,21.44456387806946,3697.5254361219304,3697.5254361219304,21.44456387806946,0.011913646598927477,21.44456387806946,94.35608106350563,4537.52543612193,4537.52543612193,19965.111918936494,4558.97,4558.97,20059.468,0.56987125,3.1814794220000007,15.907397110000002,0.723063505,68.22543869184251,68.22543869184251,0.0,68.22543869184251,68.22543869184251,0.0,21.44456387806946,0.0,21.44456387806946,94.35608106350563,0.0,3821.0,-0.07843875503279867,144.80012062023195
90,90,2025,6SB,6,SB,AM-Peak,2,Peak,AM,4.4,70,8000,1,8,75,1800,1,4,0.05,0.01,4170.0,0.0,515.0,0.0,0.0,1.0,1.0,1.0,3.66,1.83,0.282574568288854,0.282574568288854,30,4.155,0.715,4170.0,0.0,515.0,0.0,0.0,4685.0,5715.0,1.0,1.2,0.49267241379310345,5715.0,0.0,1.0,125.1,2629.185,0.0,334.75,0.0,0.0,3045.25,1.121625976,5.60812988,,0.010000610986943572,0.010000618469179524,505.61417302447984,2528.0708651223995,65.70478089349265,74.996247005504,6.896789263911609,3.5201761493561796,4.0179724581677485,-0.4977963088115689,0.337765124832673,26.293456397707235,4018.606543602293,0.0,0.0,26.293456397707235,4533.606543602293,9067.213087204585,26.293456397707235,0.014607475776504019,52.58691279541447,231.3824162998237,5563.606543602293,11127.213087204585,48959.73758370018,5589.9,11179.8,49191.12,0.6987374999999999,4.9351542944,24.675771472,1.121625976,129.76226425576402,129.76226425576402,0.0,259.52452851152805,259.52452851152805,0.0,52.58691279541447,0.0,52.58691279541447,231.3824162998237,0.0,9370.0,-0.1238924143941422,135.190955354139
91,91,2025,6SB,6,SB,AM-Shoulder,1,OP,AM,4.4,70,8000,1,8,75,1800,1,4,0.05,0.01,3163.0,0.0,391.0,0.0,0.0,1.0,1.0,1.0,3.66,1.83,0.282574568288854,0.282574568288854,30,4.155,0.715,3163.0,0.0,391.0,0.0,0.0,3554.0,4336.0,1.0,1.2,0.3737931034482759,4336.0,0.0,1.0,94.89,1994.2715,0.0,254.15,0.0,0.0,2310.1,0.621465242,3.10732621,,0.010000632724373513,0.01000085740444796,500.85061793448097,2504.2530896724047,69.50115147763803,74.99875764512176,3.34900085770457,3.520058308821489,3.7984982174711437,-0.27843990864965473,0.03708541507832415,19.94397682418545,3048.1660231758146,0.0,0.0,19.94397682418545,3439.1660231758146,3439.1660231758146,19.94397682418545,0.011079987124547473,19.94397682418545,87.753498026416,4221.166023175814,4221.166023175814,18573.130501973585,4241.11,4241.11,18660.884000000002,0.53013875,2.7344470648,13.672235324,0.621465242,54.535748887333135,54.535748887333135,0.0,54.535748887333135,54.535748887333135,0.0,19.94397682418545,0.0,19.94397682418545,87.753498026416,0.0,3554.0,-0.07330262980484602,133.9172775225885
92,92,2025,6SB,6,SB,MD,5,OP,MD,4.4,70,8000,1,8,75,1800,1,4,0.05,0.01,4365.0,0.0,539.0,0.0,0.0,1.0,1.0,1.0,3.66,1.83,0.282574568288854,0.282574568288854,30,4.136,0.708,4365.0,0.0,539.0,0.0,0.0,4904.0,5982.0,1.0,1.2,0.5156896551724138,5982.0,0.0,1.0,130.95,2752.1325,0.0,350.35,0.0,0.0,3187.6,0.171338014,0.8566900700000001,,0.20391407753671323,0.20391409705674457,112.39583425355511,561.9791712677757,67.02146952774805,73.39536632977833,2.063235343662132,3.5969573176295824,3.939036279869981,-0.3420789622403988,0.22962256056473151,561.1985599963084,3672.851440003692,0.0,0.0,561.1985599963084,4211.851440003692,21059.25720001846,561.1985599963084,0.3117769777757269,2805.992799981542,12346.368319918785,5289.851440003692,26449.25720001846,116376.73168008123,5851.05,29255.25,128723.1,0.73138125,0.7538872616000001,3.769436308000001,0.171338014,423.0804456094803,423.0804456094803,0.0,2115.4022280474014,2115.4022280474014,0.0,2805.992799981542,0.0,2805.992799981542,12346.368319918785,0.0,24520.0,-0.08684331342378245,30.052362099881048
93,93,2025,6SB,6,SB,PM-Shoulder,1,OP,PM,4.4,70,8000,1,8,75,1800,1,4,0.05,0.01,4521.0,0.0,559.0,0.0,0.0,1.0,1.0,1.0,3.66,1.83,0.282574568288854,0.282574568288854,30,4.135,0.592,4521.0,0.0,559.0,0.0,0.0,5080.0,6198.0,1.0,1.2,0.5343103448275862,6198.0,0.0,1.0,135.63,2850.4905,0.0,363.35,0.0,0.0,3302.0,0.169862832,0.8493141599999999,,0.20771472172939567,0.20771475204863973,101.2012058844789,506.0060294223944,66.15402828572216,73.04846847503238,2.0870125751210256,3.614038808907184,3.9906866874345486,-0.37664787852736437,0.30038361892818893,592.0888409997859,3793.281159000214,0.0,0.0,592.0888409997859,4352.281159000214,4352.281159000214,592.0888409997859,0.32893824499988106,592.0888409997859,2605.190900399058,5470.281159000214,5470.281159000214,24069.23709960094,6062.37,6062.37,26674.428,0.75779625,0.7473964608,3.736982304,0.169862832,442.52510424241393,442.52510424241393,0.0,442.52510424241393,442.52510424241393,0.0,592.0888409997859,0.0,592.0888409997859,2605.190900399058,0.0,5080.0,-0.09438172124945647,27.059145958416813
94,94,2025,6SB,6,SB,PM-Peak,3,Peak,PM,4.4,70,8000,1,8,75,1800,1,4,0.05,0.01,4840.0,0.0,598.0,0.0,0.0,1.0,1.0,1.0,3.66,1.83,0.282574568288854,0.282574568288854,30,4.135,0.592,4840.0,0.0,598.0,0.0,0.0,5438.0,6634.0,1.0,1.2,0.5718965517241379,6634.0,0.0,1.0,145.2,3051.6200000000003,0.0,388.7,0.0,0.0,3534.7000000000003,0.193009261,0.965046305,,0.22491520464853101,0.2249152560860711,97.74606883546576,488.7303441773288,64.02434989148783,71.7326740896129,3.0962813591618397,3.6803312207515764,4.123431170288218,-0.4430999495366419,0.48224356043771566,686.3557368095503,4008.4442631904503,0.0,0.0,686.3557368095503,4606.44426319045,13819.332789571352,686.3557368095503,0.3813087426719724,2059.067210428651,9059.895725886065,5802.44426319045,17407.332789571352,76592.26427411396,6488.800000000001,19466.4,85652.16000000002,0.8111000000000002,0.8492407484,4.2462037420000005,0.193009261,582.8812595967759,582.8812595967759,0.0,1748.6437787903276,1748.6437787903276,0.0,2059.067210428651,0.0,2059.067210428651,9059.895725886065,0.0,16314.0,-0.10745903865922181,26.135312522851805
95,95,2025,6SB,6,SB,PM-Late,3,OP,PM,4.4,70,8000,1,8,75,1800,1,4,0.05,0.01,4021.0,0.0,497.0,0.0,0.0,1.0,1.0,1.0,3.66,1.83,0.282574568288854,0.282574568288854,30,4.135,0.592,4021.0,0.0,497.0,0.0,0.0,4518.0,5512.0,1.0,1.2,0.47517241379310343,5512.0,0.0,1.0,120.63,2535.2405,0.0,323.05,0.0,0.0,2936.7000000000003,0.148833149,0.744165745,,0.1796230104172459,0.1796230226106187,107.52755831910122,537.6377915955061,68.26088075185542,74.22163499668896,2.196950408268542,3.5569143688599296,3.8675152897558256,-0.31060092089589597,0.13163880410833848,455.3875307417237,3444.982469258276,0.0,0.0,455.3875307417237,3941.982469258276,11825.947407774827,455.3875307417237,0.25299307263429094,1366.162592225171,6011.115405790753,4935.982469258276,14807.947407774827,65154.96859420925,5391.37,16174.109999999999,71166.084,0.67392125,0.6548658556,3.274329278,0.148833149,298.2177449487502,298.2177449487502,0.0,894.6532348462506,894.6532348462506,0.0,1366.162592225171,0.0,1366.162592225171,6011.115405790753,0.0,13554.0,-0.08031019857080013,28.75068404254043
96,96,2025,7NB,7,NB,Night,8,OP,NT,5.6,70,6000,1,8,75,1800,1,4,0.05,0.01,769.0,0.0,95.0,0.0,0.0,1.0,1.0,1.0,3.66,1.83,0.35502958579881655,0.35502958579881655,30,4.103,0.708,769.0,0.0,95.0,0.0,0.0,864.0,1054.0,1.0,1.2,0.10979166666666666,1054.0,0.0,1.0,23.07,484.8545,0.0,61.75,0.0,0.0,561.6,0.107070561,0.5353528049999999,,0.2591219490274389,0.25912194901737295,95.62236602707058,478.1118301353529,69.99997700504494,74.99650642432186,0.0,4.480208692641621,4.800001576797436,-0.31979288415581575,2.1602124880551466e-06,125.63644303472437,620.2935569652756,0.0,0.0,125.63644303472437,715.2935569652756,5722.348455722205,125.63644303472437,0.0697980239081802,1005.0915442777949,5628.512647955651,905.2935569652756,7242.348455722205,40557.15135204434,1030.9299999999998,8247.439999999999,46185.66399999999,0.17182166666666665,0.5995951415999999,2.9979757079999994,0.107070561,75.33100085152589,75.33100085152589,0.0,602.6480068122071,602.6480068122071,0.0,1005.0915442777949,0.0,1005.0915442777949,5628.512647955651,0.0,6912.0,-0.06662349564667888,20.088732358628278
97,97,2025,7NB,7,NB,AM-Early,1,OP,AM,5.6,70,6000,1,8,75,1800,1,4,0.05,0.01,930.0,0.0,115.0,0.0,0.0,1.0,1.0,1.0,3.66,1.83,0.35502958579881655,0.35502958579881655,30,4.155,0.715,930.0,0.0,115.0,0.0,0.0,1045.0,1275.0,1.0,1.2,0.1328125,1275.0,0.0,1.0,27.9,586.365,0.0,74.75,0.0,0.0,679.25,0.154130142,0.77065071,,0.14099756810230288,0.14099756815208786,137.58356435588908,687.9178217794454,69.99982976801869,74.99893190674243,0.0,4.480063801679201,4.800011673078535,-0.319947871399334,1.5992117593218446e-05,82.67603902030683,819.4239609796932,0.0,0.0,82.67603902030683,934.4239609796932,934.4239609796932,82.67603902030683,0.04593113278905935,82.67603902030683,462.98581851371824,1164.4239609796932,1164.4239609796932,6520.774181486282,1247.1000000000001,1247.1000000000001,6983.76,0.20785000000000003,0.8631287952,4.315643976,0.154130142,71.36006995150562,71.36006995150562,0.0,71.36006995150562,71.36006995150562,0.0,82.67603902030683,0.0,82.67603902030683,462.98581851371824,0.0,1045.0,-0.066655644442242,28.90411015880023
98,98,2025,7NB,7,NB,AM-Peak,2,Peak,AM,5.6,70,6000,1,8,75,1800,1,4,0.05,0.01,1497.0,0.0,185.0,0.0,0.0,1.0,1.0,1.0,3.66,1.83,0.35502958579881655,0.35502958579881655,30,4.155,0.715,1497.0,0.0,185.0,0.0,0.0,1682.0,2052.0,1.0,1.2,0.21375,2052.0,0.0,1.0,44.91,943.8584999999999,0.0,120.25,0.0,0.0,1093.3,0.152579241,0.762896205,,0.14429589300023077,0.14429589341017587,136.15165286148147,680.7582643074073,69.99243773821046,74.99231493417042,3.0616181815304886,4.480459101641904,4.800518611120898,-0.32005950947899375,0.0007104972356311945,136.1949051233583,1315.8950948766417,0.0,0.0,136.1949051233583,1500.8950948766417,3001.7901897532834,136.1949051233583,0.07566383617964349,272.3898102467166,1525.382937381613,1870.8950948766417,3741.7901897532834,20954.025062618384,2007.09,4014.18,22479.407999999996,0.334515,0.8544437496,4.272218747999999,0.152579241,116.37088541001852,116.37088541001852,0.0,232.74177082003703,232.74177082003703,0.0,272.3898102467166,0.0,272.3898102467166,1525.382937381613,0.0,3364.0,-0.06667186098134122,28.60328841627762
99,99,2025,7NB,7,NB,AM-Shoulder,1,OP,AM,5.6,70,6000,1,8,75,1800,1,4,0.05,0.01,1769.0,0.0,219.0,0.0,0.0,1.0,1.0,1.0,3.66,1.83,0.35502958579881655,0.35502958579881655,30,4.155,0.715,1769.0,0.0,219.0,0.0,0.0,1988.0,2426.0,1.0,1.2,0.2527083333333333,2426.0,0.0,1.0,53.07,1115.3545000000001,0.0,142.35,0.0,0.0,1292.2,0.158785562,0.79392781,,0.1332201749387831,0.13322017607262618,141.11534982630732,705.5767491315366,69.96985368555387,74.98818694414709,2.3971283437228754,4.480705744362915,4.802068066484628,-0.321362322121713,0.002833251083940376,148.58772160875898,1567.342278391241,0.0,0.0,148.58772160875898,1786.342278391241,1786.342278391241,148.58772160875898,0.08254873422708832,148.58772160875898,832.0912410090502,2224.342278391241,2224.342278391241,12456.31675899095,2372.93,2372.93,13288.408,0.39548833333333333,0.8891991471999999,4.4459957359999995,0.158785562,132.1240753388995,132.1240753388995,0.0,132.1240753388995,132.1240753388995,0.0,148.58772160875898,0.0,148.58772160875898,832.0912410090502,0.0,1988.0,-0.06692165077055384,29.646081896283057
100,100,2025,7NB,7,NB,MD,5,OP,MD,5.6,70,6000,1,8,75,1800,1,4,0.05,0.01,2550.0,0.0,315.0,0.0,0.0,1.0,1.0,1.0,3.66,1.83,0.35502958579881655,0.35502958579881655,30,4.136,0.708,2550.0,0.0,315.0,0.0,0.0,2865.0,3495.0,1.0,1.2,0.3640625,3495.0,0.0,1.0,76.5,1607.775,0.0,204.75,0.0,0.0,1862.25,0.37750232,1.8875116,,0.016333587871368148,0.01633359040972022,283.8353359080786,1419.176679540393,69.13726887066098,74.9992033355743,4.6684638708743185,4.480047587927183,4.859896919396315,-0.37984933146913136,0.08205877957295132,26.260734239888926,2447.2392657601113,0.0,0.0,26.260734239888926,2762.2392657601113,13811.196328800557,26.260734239888926,0.014589296799938293,131.30367119944464,735.3005587168899,3392.2392657601113,16961.196328800557,94982.69944128311,3418.5,17092.500000000004,95718.0,0.56975,2.1140129919999997,10.57006496,0.37750232,55.51553336258443,55.51553336258443,0.0,277.57766681292213,277.57766681292213,0.0,131.30367119944464,0.0,131.30367119944464,735.3005587168899,0.0,14325.0,-0.078159956428935,59.629272249596355
101,101,2025,7NB,7,NB,PM-Shoulder,1,OP,PM,5.6,70,6000,1,8,75,1800,1,4,0.05,0.01,3265.0,0.0,404.0,0.0,0.0,1.0,1.0,1.0,3.66,1.83,0.35502958579881655,0.35502958579881655,30,4.135,0.592,3265.0,0.0,404.0,0.0,0.0,3669.0,4477.0,1.0,1.2,0.4663541666666667,4477.0,0.0,1.0,97.95,2058.5825,0.0,262.6,0.0,0.0,2384.85,1.290270372,6.45135186,,0.010001042309839284,0.010000463054569737,482.0418932981377,2410.2094664906886,64.06659063124971,74.99858943524872,6.064852954172279,4.480084259319186,5.244543165000411,-0.7644589056812245,0.6090241360505622,20.58797068079473,3146.4620293192056,0.0,0.0,20.58797068079473,3550.4620293192056,3550.4620293192056,20.58797068079473,0.011437761489330405,20.58797068079473,115.29263581245047,4358.462029319206,4358.462029319206,24407.38736418755,4379.05,4379.05,24522.68,0.7298416666666667,7.225514083199999,36.127570416,1.290270372,148.758672098591,148.758672098591,0.0,148.758672098591,148.758672098591,0.0,20.58797068079473,0.0,20.58797068079473,115.29263581245047,0.0,3669.0,-0.14576272549015518,101.26930531473482
102,102,2025,7NB,7,NB,PM-Peak,3,Peak,PM,5.6,70,6000,1,8,75,1800,1,4,0.05,0.01,3772.0,0.0,466.0,0.0,0.0,1.0,1.0,1.0,3.66,1.83,0.35502958579881655,0.35502958579881655,30,4.135,0.592,3772.0,0.0,466.0,0.0,0.0,4238.0,5170.0,1.0,1.2,0.5385416666666667,5170.0,0.0,1.0,113.16,2378.246,0.0,302.90000000000003,0.0,0.0,2754.7000000000003,1.093046422,5.4652321100000005,,0.029169815095329652,0.02916982134095333,191.66272185588693,958.3136092794346,54.99864432406768,74.99206967750897,10.481761928613349,4.480473754690498,6.109241493666503,-1.6287677389760056,1.7936608463231092,69.37299607120737,3589.4670039287926,0.0,0.0,69.37299607120737,4055.4670039287926,12166.401011786378,69.37299607120737,0.03854055337289298,208.11898821362212,1165.4663339962838,4987.467003928792,14962.401011786376,83789.4456660037,5056.839999999999,15170.519999999999,84954.91199999998,0.8428066666666666,6.1210599632,30.605299816000002,1.093046422,424.6362687786983,424.6362687786983,0.0,1273.908806336095,1273.908806336095,0.0,208.11898821362212,0.0,208.11898821362212,1165.4663339962838,0.0,12714.0,-0.26660719512636083,40.26527770081658
103,103,2025,7NB,7,NB,PM-Late,3,OP,PM,5.6,70,6000,1,8,75,1800,1,4,0.05,0.01,2896.0,0.0,358.0,0.0,0.0,1.0,1.0,1.0,3.66,1.83,0.35502958579881655,0.35502958579881655,30,4.135,0.592,2896.0,0.0,358.0,0.0,0.0,3254.0,3970.0,1.0,1.2,0.41354166666666664,3970.0,0.0,1.0,86.88,1825.9279999999999,0.0,232.70000000000002,0.0,0.0,2115.1,0.170362894,0.8518144699999999,,0.14426957950566155,0.14426959022774857,117.13280599482523,585.6640299741262,68.54603529495479,74.89256684537031,3.7914059595482428,4.486426546091479,4.901815233429419,-0.41538868733793954,0.13948686979830358,263.4258647676136,2545.6941352323865,0.0,0.0,263.4258647676136,2903.6941352323865,8711.08240569716,263.4258647676136,0.14634770264867422,790.2775943028407,4425.554528095908,3619.6941352323865,10859.08240569716,60810.86147190409,3883.12,11649.36,65236.416,0.6471866666666667,0.9540322063999999,4.770161031999999,0.170362894,251.31675898707437,251.31675898707437,0.0,753.9502769612232,753.9502769612232,0.0,790.2775943028407,0.0,790.2775943028407,4425.554528095908,0.0,9762.0,-0.08474180840295042,24.607732351854043
104,104,2025,7SB,7,SB,Night,8,OP,NT,5.6,70,6000,1,8,75,1800,1,4,0.05,0.01,729.0,0.0,90.0,0.0,0.0,1.0,1.0,1.0,3.66,1.83,0.35502958579881655,0.35502958579881655,30,4.103,0.708,729.0,0.0,90.0,0.0,0.0,819.0,999.0,1.0,1.2,0.1040625,999.0,0.0,1.0,21.869999999999997,459.6345,0.0,58.5,0.0,0.0,532.35,0.134223639,0.671118195,,0.16738525354744724,0.16738525352323624,119.8092674287212,599.046337143606,69.99997822409108,74.99931907194504,0.0,4.480040674471768,4.800001493205648,-0.3199608187338798,2.045691737137811e-06,76.93603732165414,630.1939626783459,0.0,0.0,76.93603732165414,720.1939626783459,5761.551701426767,76.93603732165414,0.042742242956474524,615.4882985732331,3446.7344720101055,900.1939626783459,7201.551701426767,40328.689527989896,977.13,7817.04,43775.424,0.162855,0.7516523784,3.7582618919999997,0.134223639,57.8291554374925,57.8291554374925,0.0,462.63324349994,462.63324349994,0.0,615.4882985732331,0.0,615.4882985732331,3446.7344720101055,0.0,6552.0,-0.06665848316647006,25.170014165697733
105,105,2025,7SB,7,SB,AM-Early,1,OP,AM,5.6,70,6000,1,8,75,1800,1,4,0.05,0.01,2298.0,0.0,284.0,0.0,0.0,1.0,1.0,1.0,3.66,1.83,0.35502958579881655,0.35502958579881655,30,4.155,0.715,2298.0,0.0,284.0,0.0,0.0,2582.0,3150.0,1.0,1.2,0.328125,3150.0,0.0,1.0,68.94,1448.8890000000001,0.0,184.6,0.0,0.0,1678.3,0.723063505,3.615317525,,0.010001278227709217,0.010002049301237534,595.6729599288562,2978.3647996442814,69.61279250773724,74.99965384256596,4.267060798370408,4.480020677232828,4.826699057686196,-0.3466783804533682,0.03657770903008816,14.49074201006738,2214.5692579899323,0.0,0.0,14.49074201006738,2498.5692579899323,2498.5692579899323,14.49074201006738,0.008050412227815211,14.49074201006738,81.14815525637732,3066.5692579899323,3066.5692579899323,17172.78784474362,3081.06,3081.06,17253.935999999998,0.51351,4.049155628,20.24577814,0.723063505,58.67526956396037,58.67526956396037,0.0,58.67526956396037,58.67526956396037,0.0,14.49074201006738,0.0,14.49074201006738,81.14815525637732,0.0,2582.0,-0.07182514930184139,125.14137813631436
106,106,2025,7SB,7,SB,AM-Peak,2,Peak,AM,5.6,70,6000,1,8,75,1800,1,4,0.05,0.01,3435.0,0.0,425.0,0.0,0.0,1.0,1.0,1.0,3.66,1.83,0.35502958579881655,0.35502958579881655,30,4.155,0.715,3435.0,0.0,425.0,0.0,0.0,3860.0,4710.0,1.0,1.2,0.490625,4710.0,0.0,1.0,103.05,2165.7675,0.0,276.25,0.0,0.0,2509.0,1.121625976,5.60812988,,0.011283817333094704,0.0112838580584587,325.6043739918334,1628.0218699591671,61.49415862506982,74.9981127073529,9.94140340423425,4.480112737117692,5.463933607882882,-0.9838208707651894,0.9095890427995489,24.438124855953184,3307.511875144047,0.0,0.0,24.438124855953184,3732.511875144047,7465.023750288094,24.438124855953184,0.013576736031085102,48.87624971190637,273.70699838667565,4582.511875144047,9165.023750288094,51324.13300161332,4606.95,9213.9,51597.84,0.767825,6.2811054656,31.405527327999998,1.121625976,153.49843960174275,153.49843960174275,0.0,306.9968792034855,306.9968792034855,0.0,48.87624971190637,0.0,48.87624971190637,273.70699838667565,0.0,7720.0,-0.18005725204014547,68.40428025038518
107,107,2025,7SB,7,SB,AM-Shoulder,1,OP,AM,5.6,70,6000,1,8,75,1800,1,4,0.05,0.01,3333.0,0.0,412.0,0.0,0.0,1.0,1.0,1.0,3.66,1.83,0.35502958579881655,0.35502958579881655,30,4.155,0.715,3333.0,0.0,412.0,0.0,0.0,3745.0,4569.0,1.0,1.2,0.4759375,4569.0,0.0,1.0,99.99,2101.4565000000002,0.0,267.8,0.0,0.0,2434.25,0.621465242,3.10732621,,0.038940807969722276,0.03894081421579466,224.89305452038093,1124.4652726019049,63.76088943550854,74.99219243320735,5.795765356365267,4.480466420544541,5.269688095236655,-0.7892216746921141,0.6434726904742183,81.83241402322469,3151.1775859767754,0.0,0.0,81.83241402322469,3563.1775859767754,3563.1775859767754,81.83241402322469,0.04546245223512482,81.83241402322469,458.2615185300582,4387.177585976775,4387.177585976775,24568.19448146994,4469.009999999999,4469.009999999999,25026.455999999995,0.7448349999999999,3.4802053552,17.401026776,0.621465242,284.79360551257014,284.79360551257014,0.0,284.79360551257014,284.79360551257014,0.0,81.83241402322469,0.0,81.83241402322469,458.2615185300582,0.0,3745.0,-0.14976629744092493,47.24644002529012
108,108,2025,7SB,7,SB,MD,5,OP,MD,5.6,70,6000,1,8,75,1800,1,4,0.05,0.01,2635.0,0.0,326.0,0.0,0.0,1.0,1.0,1.0,3.66,1.83,0.35502958579881655,0.35502958579881655,30,4.136,0.708,2635.0,0.0,326.0,0.0,0.0,2961.0,3613.0,1.0,1.2,0.37635416666666666,3613.0,0.0,1.0,79.05,1661.3674999999998,0.0,211.9,0.0,0.0,1924.65,0.171338014,0.8566900700000001,,0.14043660853219858,0.14043660856800882,134.219800801871,671.099004009355,69.29770948586814,74.93204254275638,3.4921009516422274,4.484063006934286,4.848645106639785,-0.3645820997054994,0.06664379609650593,233.3168172256174,2322.6331827743825,0.0,0.0,233.3168172256174,2648.6331827743825,13243.165913871911,233.3168172256174,0.1296204540142319,1166.584086128087,6532.8708823172865,3300.6331827743825,16503.16591387191,92417.7291176827,3533.95,17669.75,98950.59999999999,0.5889916666666667,0.9594928784,4.797464392,0.171338014,223.86582453893433,223.86582453893433,0.0,1119.3291226946717,1119.3291226946717,0.0,1166.584086128087,0.0,1166.584086128087,6532.8708823172865,0.0,14805.0,-0.07519257270577234,28.197437143250216
109,109,2025,7SB,7,SB,PM-Shoulder,1,OP,PM,5.6,70,6000,1,8,75,1800,1,4,0.05,0.01,2723.0,0.0,336.0,0.0,0.0,1.0,1.0,1.0,3.66,1.83,0.35502958579881655,0.35502958579881655,30,4.135,0.592,2723.0,0.0,336.0,0.0,0.0,3059.0,3731.0,1.0,1.2,0.38864583333333336,3731.0,0.0,1.0,81.69,1716.8515,0.0,218.4,0.0,0.0,1988.3500000000001,0.169862832,0.8493141599999999,,0.11863647024998224,0.11863648106754933,125.79375025018061,628.968751250903,69.01532427232075,74.95264808599953,3.846948311238524,4.482830274581876,4.868483971388887,-0.3856536968070108,0.09382304080277527,203.68120190338738,2437.6287980966126,0.0,0.0,203.68120190338738,2773.6287980966126,2773.6287980966126,203.68120190338738,0.11315622327965966,203.68120190338738,1140.6147306589692,3445.6287980966126,3445.6287980966126,19295.52126934103,3649.31,3649.31,20436.136,0.6082183333333333,0.9512318591999999,4.756159295999999,0.16986283200000002,193.7480483706497,193.7480483706497,0.0,193.7480483706497,193.7480483706497,0.0,203.68120190338738,0.0,203.68120190338738,1140.6147306589692,0.0,3059.0,-0.07921433018439024,26.4272584559203
110,110,2025,7SB,7,SB,PM-Peak,3,Peak,PM,5.6,70,6000,1,8,75,1800,1,4,0.05,0.01,2613.0,0.0,323.0,0.0,0.0,1.0,1.0,1.0,3.66,1.83,0.35502958579881655,0.35502958579881655,30,4.135,0.592,2613.0,0.0,323.0,0.0,0.0,2936.0,3582.0,1.0,1.2,0.373125,3582.0,0.0,1.0,78.39,1647.4965000000002,0.0,209.95000000000002,0.0,0.0,1908.4,0.193009261,0.965046305,,0.07586826157794918,0.0758682666045067,145.99719119791706,729.9859559895854,69.16006100895375,74.98777760100242,6.484484968624579,4.480730203631324,4.858295309434444,-0.37756510580312064,0.07986457392518888,124.99269541075577,2409.617304589244,0.0,0.0,124.99269541075577,2732.617304589244,8197.851913767732,124.99269541075577,0.06944038633930877,374.9780862322673,2099.8772829006966,3378.617304589244,10135.851913767732,56760.770717099294,3503.61,10510.83,58860.647999999994,0.583935,1.0808518615999998,5.404259307999999,0.193009261,135.09858752111714,135.09858752111714,0.0,405.29576256335145,405.29576256335145,0.0,374.9780862322673,0.0,374.9780862322673,2099.8772829006966,0.0,8808.0,-0.07771555283391637,30.671678823091828
111,111,2025,7SB,7,SB,PM-Late,3,OP,PM,5.6,70,6000,1,8,75,1800,1,4,0.05,0.01,2089.0,0.0,258.0,0.0,0.0,1.0,1.0,1.0,3.66,1.83,0.35502958579881655,0.35502958579881655,30,4.135,0.592,2089.0,0.0,258.0,0.0,0.0,2347.0,2863.0,1.0,1.2,0.29822916666666666,2863.0,0.0,1.0,62.669999999999995,1317.1145,0.0,167.70000000000002,0.0,0.0,1525.55,0.148833149,0.744165745,,0.10875253077605265,0.10875253708625668,129.67718660143478,648.3859330071739,69.87544538097423,74.98715888569102,3.0365370522373683,4.480767173912962,4.808556112495084,-0.3277889385821213,0.011721874118265163,143.2395351968352,1883.0904648031647,0.0,0.0,143.2395351968352,2141.0904648031647,6423.271394409494,143.2395351968352,0.07957751955379733,429.7186055905056,2406.4241913068313,2657.0904648031647,7971.271394409494,44639.11980869316,2800.33,8400.99,47045.543999999994,0.46672166666666665,0.8334656344,4.1673281719999995,0.148833149,119.38523007399137,119.38523007399137,0.0,358.1556902219741,358.1556902219741,0.0,429.7186055905056,0.0,429.7186055905056,2406.4241913068313,0.0,7041.0,-0.06816785141185279,27.243106428872856
