,index,Year,SegDir,Segment,Direction,Period,Hours/Day,Peak,4Periods,Length,Speed GP,Capacity GP,Alpha GP,Beta GP,Speed ML,Capacity ML,Alpha ML,Beta ML,MinToll,MinCapture,AADT Lights,AADT MediumA,AADT MediumB,AADT HeavyA,AADT HeavyB,GrowthFactor,GrowthFactor_medium,GrowthFactor_heavy,MaxToll,Soft Cap,MaxCapture,MaxCap_aux,Min Speed,B1,B2,TotalLights,TotalMediumA,TotalMediumB,TotalHeavyA,TotalHeavyB,TotalVeh,Corridor PCE pre-fix,Suppressed ratio ref,Max VC,Suppressed ratio,Corridor PCE,Suppressed Demand,PCE ratio,HOV3,InScopeLights,InScopeMediumA,InScopeMediumB,InScopeHeavyA,InScopeHeavyB,InScopeVeh,TollLights,TollMediumA,TollMediumB,CaptureRateLights,CaptureRateMediumA,VOT Lights,VOT MediumA,Speed GP Real,Speed ML Real,Bounus Seg,Time ML,Time GP,Time Savings,BonusRel,MLVeh_Lights,GPVeh_Lights,MLVeh_MediumA,GPVeh_MediumA,MLVeh,GPVeh,GPVehDay,ML PCE,ML V/C,ML Volume,ML PCE Total,GP PCE,GP Volume,GP PCE Total,Highway PCE,Highway Volume,Highway PCE Total,Highway V/C,TollLightsPerSeg,TollMediumAPerSeg,TollBlend,RevenuePerHour,RevenuePerHourLights,RevenuePerHourMediumA,RevenuePerDay,RevenuePerDayLights,RevenuePerDayMediumA,TransactionsDay_Lights,TransactionsDay_MediumA,TransactionsDay,TransactionsLightsLength,TransactionsMediumALength,TotalVeh_hours,Difference in Travel Time,Implied Min VOT
0,0,2025,1NB,1,NB,Night,8,OP,NT,3.0,70,12000,1,8,75,1800,1,4,0.1,0.01,1830.0,0.0,226.0,0.0,0.0,1.0,1.0,1.0,3.66,1.83,0.17391304347826086,0.17391304347826086,30,4.103,0.708,1830.0,0.0,226.0,0.0,0.0,2056.0,2508.0,1.0,1.2,0.16076923076923078,2508.0,0.0,1.0,91.5,1303.875,0.0,169.5,0.0,0.0,1542.0,0.13007840647336716,0.6503920323668357,,0.17374566119135967,0.17374719307710954,117.69797427275276,588.4898713637638,69.99988050597086,74.92697198886233,0.0,2.402339174026096,2.571432961012645,-0.16909378698654898,6.013730181006483e-06,226.5426239858841,1511.9573760141159,0.0,0.0,226.5426239858841,1737.9573760141159,13903.659008112927,226.5426239858841,0.12585701332549115,1812.3409918870727,5437.022975661218,2189.9573760141157,17519.659008112925,52558.977024338776,2416.4999999999995,19331.999999999996,57995.99999999999,0.20137499999999997,0.3902352194201015,1.9511760971005072,0.13007840647336716,88.40491057913702,88.40491057913702,0.0,707.2392846330962,707.2392846330962,0.0,1812.3409918870727,0.0,1812.3409918870727,5437.022975661218,0.0,16448.0,-0.06575858268533621,46.156068342255985
1,1,2025,1NB,1,NB,AM-Early,1,OP,AM,3.0,70,12000,1,8,75,1800,1,4,0.1,0.01,3467.0,0.0,429.0,0.0,0.0,1.0,1.0,1.0,3.66,1.83,0.17391304347826086,0.17391304347826086,30,4.155,0.715,3467.0,0.0,429.0,0.0,0.0,3896.0,4754.0,1.0,1.2,0.3047435897435897,4754.0,0.0,1.0,173.35000000000002,2470.2375,0.0,321.75,0.0,0.0,2922.0,0.12096212197478905,0.6048106098739452,,0.1667000972166722,0.16672354981698362,127.2996334769302,636.4981673846511,69.97943124711455,74.17170710818979,0.176514250378641,2.426801364264744,2.572184380355648,-0.14538301609090398,0.0010354582300947516,411.78883139826934,2881.8611686017307,0.0,0.0,411.78883139826934,3310.8611686017307,3310.8611686017307,411.78883139826934,0.22877157299903852,411.78883139826934,1235.366494194808,4168.86116860173,4168.86116860173,12506.58350580519,4580.65,4580.65,13741.949999999999,0.3817208333333333,0.3628863659243671,1.8144318296218356,0.12096212197478905,149.4325525543599,149.4325525543599,0.0,149.4325525543599,149.4325525543599,0.0,411.78883139826934,0.0,411.78883139826934,1235.366494194808,0.0,3896.0,-0.05652122655017535,49.92142489291381
2,2,2025,1NB,1,NB,AM-Peak,2,Peak,AM,3.0,70,12000,1,8,75,1800,1,4,0.1,0.01,4855.0,0.0,600.0,0.0,0.0,1.0,1.0,1.0,3.66,1.83,0.17391304347826086,0.17391304347826086,30,4.155,0.715,4855.0,0.0,600.0,0.0,0.0,5455.0,6655.0,1.0,1.2,0.4266025641025641,6655.0,0.0,1.0,242.75,3459.1875,0.0,450.0,0.0,0.0,4091.25,0.15312478615087166,0.7656239307543583,,0.10884562364753704,0.10889194808056323,153.883563881846,769.4178194092299,69.60911080463136,73.96380344032096,1.3437706922335235,2.43362282126603,2.5858684002615346,-0.15224557899550462,0.019782565501159748,376.5174207512645,4235.732579248735,0.0,0.0,376.5174207512645,4835.732579248735,9671.46515849747,376.5174207512645,0.20917634486181363,753.034841502529,2259.104524507587,6035.732579248735,12071.46515849747,36214.39547549241,6412.25,12824.5,38473.5,0.5343541666666667,0.459374358452615,2.296871792263075,0.15312478615087166,172.96244860384544,172.96244860384544,0.0,345.9248972076909,345.9248972076909,0.0,753.034841502529,0.0,753.034841502529,2259.104524507587,0.0,10910.0,-0.05887599654340743,60.346495639939604
3,3,2025,1NB,1,NB,AM-Shoulder,1,OP,AM,3.0,70,12000,1,8,75,1800,1,4,0.1,0.01,4132.0,0.0,511.0,0.0,0.0,1.0,1.0,1.0,3.66,1.83,0.17391304347826086,0.17391304347826086,30,4.155,0.715,4132.0,0.0,511.0,0.0,0.0,4643.0,5665.0,1.0,1.2,0.3631410256410256,5665.0,0.0,1.0,206.60000000000002,2944.05,0.0,383.25,0.0,0.0,3482.25,0.13338740619180417,0.6669370309590208,,0.13412003507234102,0.1341528086526944,140.67969315233225,703.3984657616612,69.903255289626,74.07656460427205,0.5041746596188414,2.4299183009037555,2.574987377257564,-0.1450690763538085,0.004875563985719998,394.8560892547256,3530.5439107452744,0.0,0.0,394.8560892547256,4041.5439107452744,4041.5439107452744,394.8560892547256,0.21936449403040312,394.8560892547256,1184.5682677641767,5063.543910745275,5063.543910745275,15190.631732235825,5458.400000000001,5458.400000000001,16375.2,0.4548666666666667,0.4001622185754125,2.000811092877062,0.13338740619180417,158.00648869418208,158.00648869418208,0.0,158.00648869418208,158.00648869418208,0.0,394.8560892547256,0.0,394.8560892547256,1184.5682677641767,0.0,4643.0,-0.05633778154994735,55.16850711856167
4,4,2025,1NB,1,NB,MD,5,OP,MD,3.0,70,12000,1,8,75,1800,1,4,0.1,0.01,5636.0,0.0,697.0,0.0,0.0,1.0,1.0,1.0,3.66,1.83,0.17391304347826086,0.17391304347826086,30,4.136,0.708,5636.0,0.0,697.0,0.0,0.0,6333.0,7727.0,1.0,1.2,0.4953205128205128,7727.0,0.0,1.0,281.8,4015.6499999999996,0.0,522.75,0.0,0.0,4749.75,0.19247782217975612,0.9623891108987805,,0.09091661781097084,0.09098693657519703,160.92992869927448,804.6496434963723,68.62296846576179,73.76943000391856,1.2197260966412833,2.4400351201092185,2.6230284702680535,-0.182993350158835,0.07069186141009048,365.089316312625,4989.110683687375,0.0,0.0,365.089316312625,5686.110683687375,28430.553418436873,365.089316312625,0.20282739795145832,1825.446581563125,5476.339744689375,7080.110683687375,35400.55341843687,106201.66025531062,7445.2,37226.0,111678.0,0.6204333333333333,0.5774334665392684,2.8871673326963414,0.19247782217975612,210.81478951485053,210.81478951485053,0.0,1054.0739475742525,1054.0739475742525,0.0,1825.446581563125,0.0,1825.446581563125,5476.339744689375,0.0,31665.0,-0.06976414942996577,63.1097759604998
5,5,2025,1NB,1,NB,PM-Shoulder,1,OP,PM,3.0,70,12000,1,8,75,1800,1,4,0.1,0.01,7121.0,0.0,880.0,0.0,0.0,1.0,1.0,1.0,3.66,1.83,0.17391304347826086,0.17391304347826086,30,4.135,0.592,7121.0,0.0,880.0,0.0,0.0,8001.0,9761.0,1.0,1.2,0.6257051282051282,9761.0,0.0,1.0,356.05,5073.7125,0.0,660.0,0.0,0.0,6000.75,0.40865844710650395,2.04329223553252,,0.08175201100081335,0.08196334857518442,142.45918902528177,712.2959451264089,61.65199232718352,72.55964212826059,1.6829223196474432,2.480717858032178,2.9196136767932903,-0.4388958187611123,0.4770135943496647,414.7862001149642,6350.163799885036,0.0,0.0,414.7862001149642,7230.163799885036,7230.163799885036,414.7862001149642,0.23043677784164676,414.7862001149642,1244.3586003448925,8990.163799885035,8990.163799885035,26970.491399655104,9404.949999999999,9404.949999999999,28214.849999999995,0.7837458333333333,1.2259753413195118,6.1298767065975595,0.408658447106504,508.51765326056653,508.51765326056653,0.0,508.51765326056653,508.51765326056653,0.0,414.7862001149642,0.0,414.7862001149642,1244.3586003448925,0.0,8001.0,-0.15032667583718345,55.866348637365405
6,6,2025,1NB,1,NB,PM-Peak,3,Peak,PM,3.0,70,12000,1,8,75,1800,1,4,0.1,0.01,6508.0,0.0,804.0,0.0,0.0,1.0,1.0,1.0,3.66,1.83,0.17391304347826086,0.17391304347826086,30,4.135,0.592,6508.0,0.0,804.0,0.0,0.0,7312.0,8920.0,1.0,1.2,0.5717948717948718,8920.0,0.0,1.0,325.40000000000003,4636.950000000001,0.0,603.0,0.0,0.0,5484.0,0.25920232836215557,1.2960116418107779,,0.0836079703606936,0.08373017520181715,141.4862967236788,707.4314836183942,65.7075991068132,73.19710079864399,2.3615046879640786,2.4591137905196185,2.7394091771241698,-0.2802953866045512,0.23013342980296983,387.68597816401825,5794.914021835983,0.0,0.0,387.68597816401825,6598.914021835983,19796.742065507948,387.68597816401825,0.21538109898001015,1163.0579344920548,3489.1738034761643,8206.914021835983,24620.742065507948,73862.22619652384,8594.6,25783.800000000003,77351.40000000001,0.7162166666666667,0.7776069850864666,3.8880349254323336,0.25920232836215557,301.46732464042,301.46732464042,0.0,904.4019739212599,904.4019739212599,0.0,1163.0579344920548,0.0,1163.0579344920548,3489.1738034761643,0.0,21936.0,-0.10231964941389485,55.48482224457993
7,7,2025,1NB,1,NB,PM-Late,3,OP,PM,3.0,70,12000,1,8,75,1800,1,4,0.1,0.01,5882.0,0.0,727.0,0.0,0.0,1.0,1.0,1.0,3.66,1.83,0.17391304347826086,0.17391304347826086,30,4.135,0.592,5882.0,0.0,727.0,0.0,0.0,6609.0,8063.0,1.0,1.2,0.5168589743589743,8063.0,0.0,1.0,294.1,4190.924999999999,0.0,545.25,0.0,0.0,4956.75,0.1787327666965377,0.8936638334826885,,0.08995468067168172,0.09003017924261789,138.1882584500868,690.941292250434,68.07192413270863,73.5783532158604,1.2848204850451657,2.4463716858669726,2.6442619669319707,-0.19789028106499806,0.0997817518396571,376.99332009396767,5210.906679906032,0.0,0.0,376.99332009396767,5937.906679906032,17813.720039718097,376.99332009396767,0.2094407333855376,1130.979960281903,3392.939880845709,7391.906679906032,22175.720039718097,66527.16011915429,7768.9,23306.7,69920.09999999999,0.6474083333333333,0.5361983000896131,2.680991500448066,0.17873276669653768,202.14317737952484,202.14317737952484,0.0,606.4295321385746,606.4295321385746,0.0,1130.979960281903,0.0,1130.979960281903,3392.939880845709,0.0,19827.0,-0.0748376233292052,54.191473901994826
8,8,2025,1SB,1,SB,Night,8,OP,NT,3.0,70,12000,1,8,75,1800,1,4,0.1,0.01,1785.0,0.0,221.0,0.0,0.0,1.0,1.0,1.0,3.66,1.83,0.17391304347826086,0.17391304347826086,30,4.103,0.708,1785.0,0.0,221.0,0.0,0.0,2006.0,2448.0,1.0,1.2,0.15692307692307692,2448.0,0.0,1.0,89.25,1271.8125,0.0,165.75,0.0,0.0,1504.5,0.1302481979580058,0.651240989790029,,0.17374683194232926,0.1737472056377213,117.69783228421413,588.4891614210707,69.99990149671667,74.93388706865717,0.0,2.4021174803740983,2.571432189921622,-0.1693147095475238,4.9573354796224324e-06,220.97339269965363,1474.7766073003463,0.0,0.0,220.97339269965363,1695.7766073003463,13566.21285840277,220.97339269965363,0.12276299594425201,1767.787141597229,5303.361424791687,2137.7766073003463,17102.21285840277,51306.638575208315,2358.75,18870.0,56610.0,0.1965625,0.3907445938740174,1.9537229693700868,0.1302481979580058,86.34415858738991,86.34415858738991,0.0,690.7532686991193,690.7532686991193,0.0,1767.787141597229,0.0,1767.787141597229,5303.361424791687,0.0,16048.0,-0.06584451661262146,46.15601266047613
9,9,2025,1SB,1,SB,AM-Early,1,OP,AM,3.0,70,12000,1,8,75,1800,1,4,0.1,0.01,7354.0,0.0,909.0,0.0,0.0,1.0,1.0,1.0,3.66,1.83,0.17391304347826086,0.17391304347826086,30,4.155,0.715,7354.0,0.0,909.0,0.0,0.0,8263.0,10081.0,1.0,1.2,0.6462179487179487,10081.0,0.0,1.0,367.70000000000005,5239.725,0.0,681.75,0.0,0.0,6197.25,0.622296478209625,3.111482391048125,,0.07859013761529023,0.07889168574375136,175.03477471424864,875.1738735712433,59.43808793687984,72.45197332668134,1.7890418262967511,2.4844043817604726,3.028361211604765,-0.5439568298442925,0.6259977170413851,411.7907088162766,6574.509291183724,0.0,0.0,411.7907088162766,7483.509291183724,7483.509291183724,411.7907088162766,0.22877261600904256,411.7907088162766,1235.37212644883,9301.509291183724,9301.509291183724,27904.52787355117,9713.300000000001,9713.300000000001,29139.9,0.8094416666666667,1.866889434628875,9.334447173144376,0.622296478209625,768.7677235674423,768.7677235674423,0.0,768.7677235674423,768.7677235674423,0.0,411.7907088162766,0.0,411.7907088162766,1235.37212644883,0.0,8263.0,-0.17962085492306357,68.64108812323477
10,10,2025,1SB,1,SB,AM-Peak,2,Peak,AM,3.0,70,12000,1,8,75,1800,1,4,0.1,0.01,7993.0,0.0,988.0,0.0,0.0,1.0,1.0,1.0,3.66,1.83,0.17391304347826086,0.17391304347826086,30,4.155,0.715,7993.0,0.0,988.0,0.0,0.0,8981.0,10957.0,1.0,1.2,0.7023717948717949,10957.0,0.0,1.0,399.65000000000003,5695.012500000001,0.0,741.0,0.0,0.0,6735.75,1.0578384622861514,5.289192311430757,,0.0801298201030362,0.08068506379992811,173.5285242637432,867.642621318716,52.091796143777295,71.35090720616512,2.9962859326001086,2.522742976202088,3.455438539749837,-0.9326955635477487,1.2110936566001336,456.3403271095425,7137.009672890458,0.0,0.0,456.3403271095425,8125.009672890458,16250.019345780916,456.3403271095425,0.25352240394974584,912.680654219085,2738.0419626572548,10101.009672890457,20202.019345780915,60606.058037342744,10557.35,21114.7,63344.1,0.8797791666666667,3.1735153868584542,15.86757693429227,1.0578384622861514,1448.2030497261533,1448.2030497261533,0.0,2896.4060994523065,2896.4060994523065,0.0,912.680654219085,0.0,912.680654219085,2738.0419626572548,0.0,17962.0,-0.26992103978074894,68.05040167205617
11,11,2025,1SB,1,SB,AM-Shoulder,1,OP,AM,3.0,70,12000,1,8,75,1800,1,4,0.1,0.01,6891.0,0.0,852.0,0.0,0.0,1.0,1.0,1.0,3.66,1.83,0.17391304347826086,0.17391304347826086,30,4.155,0.715,6891.0,0.0,852.0,0.0,0.0,7743.0,9447.0,1.0,1.2,0.6055769230769231,9447.0,0.0,1.0,344.55,4909.8375,0.0,639.0,0.0,0.0,5807.25,0.4310483707767588,2.155241853883794,,0.07891030290119934,0.0791059385308884,174.85277746429938,874.263887321497,63.317598693799944,73.00351226014875,1.67186058941662,2.4656347951940747,2.842811536022853,-0.3771767408287783,0.37179466149416607,387.4367643206673,6159.013235679333,0.0,0.0,387.4367643206673,7011.013235679333,7011.013235679333,387.4367643206673,0.21524264684481517,387.4367643206673,1162.3102929620018,8715.013235679333,8715.013235679333,26145.039707038,9102.45,9102.45,27307.35,0.7585375000000001,1.2931451123302764,6.465725561651382,0.4310483707767588,501.01195811832815,501.01195811832815,0.0,501.01195811832815,501.01195811832815,0.0,387.4367643206673,0.0,387.4367643206673,1162.3102929620018,0.0,7743.0,-0.1326773639579554,68.56971665266643
12,12,2025,1SB,1,SB,MD,5,OP,MD,3.0,70,12000,1,8,75,1800,1,4,0.1,0.01,5561.0,0.0,687.0,0.0,0.0,1.0,1.0,1.0,3.66,1.83,0.17391304347826086,0.17391304347826086,30,4.136,0.708,5561.0,0.0,687.0,0.0,0.0,6248.0,7622.0,1.0,1.2,0.4885897435897436,7622.0,0.0,1.0,278.05,3962.2124999999996,0.0,515.25,0.0,0.0,4686.0,0.18631684051257347,0.9315842025628673,,0.09226785645805287,0.09233485505733151,159.9996188087664,799.998094043832,68.77049819362314,73.79361212143698,1.1862064471006712,2.4392355222263222,2.6174014254369733,-0.17816590321065107,0.06298280999151076,365.5848542063028,4917.365145793697,0.0,0.0,365.5848542063028,5604.365145793697,28021.825728968484,365.5848542063028,0.20310269678127932,1827.9242710315139,5483.772813094542,6978.365145793697,34891.825728968484,104675.47718690545,7343.95,36719.75,110159.25,0.6119958333333333,0.5589505215377204,2.794752607688602,0.18631684051257344,204.34384492490443,204.34384492490443,0.0,1021.7192246245222,1021.7192246245222,0.0,1827.9242710315139,0.0,1827.9242710315139,5483.772813094542,0.0,31240.0,-0.06806976624951841,62.74494855245741
13,13,2025,1SB,1,SB,PM-Shoulder,1,OP,PM,3.0,70,12000,1,8,75,1800,1,4,0.1,0.01,6430.0,0.0,795.0,0.0,0.0,1.0,1.0,1.0,3.66,1.83,0.17391304347826086,0.17391304347826086,30,4.135,0.592,6430.0,0.0,795.0,0.0,0.0,7225.0,8815.0,1.0,1.2,0.5650641025641026,8815.0,0.0,1.0,321.5,4581.375,0.0,596.25,0.0,0.0,5418.75,0.24619547662455282,1.2309773831227642,,0.08414173535442976,0.0842563324859553,141.2008257058556,706.0041285292781,66.08208903295434,73.25659957633523,1.4865131487178385,2.457116506103118,2.72388483224609,-0.26676832614297163,0.20886507732000012,385.4848428094006,5723.015157190599,0.0,0.0,385.4848428094006,6518.015157190599,6518.015157190599,385.4848428094006,0.21415824600522257,385.4848428094006,1156.454528428202,8108.015157190599,8108.015157190599,24324.045471571797,8493.5,8493.5,25480.5,0.7077916666666667,0.7385864298736584,3.6929321493682927,0.24619547662455282,284.71387382100363,284.71387382100363,0.0,284.71387382100363,284.71387382100363,0.0,385.4848428094006,0.0,385.4848428094006,1156.454528428202,0.0,7225.0,-0.09793671266306696,55.37287282582573
14,14,2025,1SB,1,SB,PM-Peak,3,Peak,PM,3.0,70,12000,1,8,75,1800,1,4,0.1,0.01,6004.0,0.0,742.0,0.0,0.0,1.0,1.0,1.0,3.66,1.83,0.17391304347826086,0.17391304347826086,30,4.135,0.592,6004.0,0.0,742.0,0.0,0.0,6746.0,8230.0,1.0,1.2,0.5275641025641026,8230.0,0.0,1.0,300.2,4277.85,0.0,556.5,0.0,0.0,5059.5,0.19041779311470058,0.952088965573503,,0.08830602881781527,0.08838831742170244,139.02335364647126,695.1167682323563,67.72365052893666,73.52043452438626,2.0828169283956885,2.4482989139610587,2.657860268815403,-0.20956135485434446,0.11841142541995953,377.7599453782911,5326.040054621709,0.0,0.0,377.7599453782911,6068.040054621709,18204.120163865126,377.7599453782911,0.20986663632127284,1133.2798361348732,3399.8395084046197,7552.040054621709,22656.120163865126,67968.36049159538,7929.8,23789.399999999998,71368.2,0.6608166666666667,0.5712533793441017,2.856266896720509,0.19041779311470058,215.79664537819207,215.79664537819207,0.0,647.3899361345761,647.3899361345761,0.0,1133.2798361348732,0.0,1133.2798361348732,3399.8395084046197,0.0,20238.0,-0.07884588866958948,54.51896221430246
15,15,2025,1SB,1,SB,PM-Late,3,OP,PM,3.0,70,12000,1,8,75,1800,1,4,0.1,0.01,3804.0,0.0,470.0,0.0,0.0,1.0,1.0,1.0,3.66,1.83,0.17391304347826086,0.17391304347826086,30,4.135,0.592,3804.0,0.0,470.0,0.0,0.0,4274.0,5214.0,1.0,1.2,0.3342307692307692,5214.0,0.0,1.0,190.20000000000002,2710.3500000000004,0.0,352.5,0.0,0.0,3205.5,0.1057943990958463,0.5289719954792315,,0.15430054176517638,0.1543270224554965,114.1696825264184,570.848412632092,69.95447521506755,74.03368139615588,0.29589401498871243,2.43132580476197,2.573101998787201,-0.14177619402523067,0.0022925954813223857,418.20847337324585,3195.5915266267543,0.0,0.0,418.20847337324585,3665.5915266267543,10996.774579880263,418.20847337324585,0.23233804076291437,1254.6254201197376,3763.8762603592127,4605.591526626755,13816.774579880264,41450.32373964079,5023.800000000001,15071.400000000001,45214.200000000004,0.4186500000000001,0.3173831972875389,1.5869159864376945,0.10579439909584629,132.73234241194135,132.73234241194135,0.0,398.19702723582407,398.19702723582407,0.0,1254.6254201197376,0.0,1254.6254201197376,3763.8762603592127,0.0,12822.0,-0.05509932917235893,44.77242452016408
16,16,2025,2NB,2,NB,Night,8,OP,NT,2.2,70,12000,1,8,75,1800,1,4,0.1,0.01,2760.0,0.0,341.0,0.0,0.0,1.0,1.0,1.0,3.66,1.83,0.17391304347826086,0.17391304347826086,30,4.103,0.708,2760.0,0.0,341.0,0.0,0.0,3101.0,3783.0,1.0,1.2,0.2425,3783.0,0.0,1.0,138.0,1966.5,0.0,255.75,0.0,0.0,2325.75,0.12257793138127855,0.6128896569063927,,0.1738998307809946,0.17390552814762725,117.64716625574994,588.2358312787496,69.9968001336891,74.62273021354132,0.0,1.7688980237290592,1.8858004901351064,-0.11690246640604718,0.0001181000565244122,341.9740172308259,2280.0259827691743,0.0,0.0,341.9740172308259,2621.0259827691743,20968.207862153395,341.9740172308259,0.1899855651282366,2735.792137846607,6018.742703262536,3303.0259827691743,26424.207862153395,58133.25729673747,3645.0,29160.0,64152.00000000001,0.30375,0.26967144903881285,1.3483572451940642,0.12257793138127855,92.22062876026077,92.22062876026077,0.0,737.7650300820861,737.7650300820861,0.0,2735.792137846607,0.0,2735.792137846607,6018.742703262536,0.0,24808.0,-0.0619908983042378,62.91292313141708
17,17,2025,2NB,2,NB,AM-Early,1,OP,AM,2.2,70,12000,1,8,75,1800,1,4,0.1,0.01,5911.0,0.0,731.0,0.0,0.0,1.0,1.0,1.0,3.66,1.83,0.17391304347826086,0.17391304347826086,30,4.155,0.715,5911.0,0.0,731.0,0.0,0.0,6642.0,8104.0,1.0,1.2,0.5194871794871795,8104.0,0.0,1.0,295.55,4211.5875,0.0,548.25,0.0,0.0,4981.5,0.226488270664138,1.1324413533206898,,0.08644057731154274,0.08650434170764115,168.89188849916516,844.4594424958258,67.96420250486895,73.67157231415861,0.9804962676514359,1.7917358874480205,1.9421989096472299,-0.15046302219920937,0.07738393478813353,364.05205489807696,5251.397945101923,0.0,0.0,364.05205489807696,5982.397945101923,5982.397945101923,364.05205489807696,0.20225114161004276,364.05205489807696,800.9145207757693,7444.397945101923,7444.397945101923,16377.675479224232,7808.45,7808.45,17178.59,0.6507041666666666,0.49827419546110363,2.4913709773055177,0.226488270664138,181.39774476030084,181.39774476030084,0.0,181.39774476030084,181.39774476030084,0.0,364.05205489807696,0.0,364.05205489807696,800.9145207757693,0.0,6642.0,-0.07747044932001255,90.31651791399206
18,18,2025,2NB,2,NB,AM-Peak,2,Peak,AM,2.2,70,12000,1,8,75,1800,1,4,0.1,0.01,7043.0,0.0,871.0,0.0,0.0,1.0,1.0,1.0,3.66,1.83,0.17391304347826086,0.17391304347826086,30,4.155,0.715,7043.0,0.0,871.0,0.0,0.0,7914.0,9656.0,1.0,1.2,0.6189743589743589,9656.0,0.0,1.0,352.15000000000003,5018.137500000001,0.0,653.25,0.0,0.0,5935.5,0.48514472389628294,2.4257236194814147,,0.0786628388668164,0.07882796055932867,175.0890120091062,875.4450600455309,62.174331985760695,72.84070060540459,1.962576969191259,1.8121736735492895,2.123062617387364,-0.3108889438380744,0.325167214392117,394.7409415740289,6296.109058425972,0.0,0.0,394.7409415740289,7167.109058425972,14334.218116851944,394.7409415740289,0.21930052309668271,789.4818831480578,1736.8601429257274,8909.109058425973,17818.218116851946,39200.079857074285,9303.850000000002,18607.700000000004,40936.94000000001,0.7753208333333336,1.0673183925718226,5.336591962859113,0.48514472389628294,421.3142672430803,421.3142672430803,0.0,842.6285344861606,842.6285344861606,0.0,789.4818831480578,0.0,789.4818831480578,1736.8601429257274,0.0,15828.0,-0.1464341848855375,93.63048770540436
19,19,2025,2NB,2,NB,AM-Shoulder,1,OP,AM,2.2,70,12000,1,8,75,1800,1,4,0.1,0.01,6733.0,0.0,832.0,0.0,0.0,1.0,1.0,1.0,3.66,1.83,0.17391304347826086,0.17391304347826086,30,4.155,0.715,6733.0,0.0,832.0,0.0,0.0,7565.0,9229.0,1.0,1.2,0.5916025641025641,9229.0,0.0,1.0,336.65000000000003,4797.262500000001,0.0,624.0,0.0,0.0,5673.75,0.3825429628923661,1.9127148144618307,,0.07941578547068916,0.07954008579992063,174.48571589475077,872.4285794737539,64.37602246975496,73.15186463907472,1.1920575333752426,1.8044652812512318,2.050452869498361,-0.24598758824712896,0.2256918597841829,380.978369546582,6015.371630453418,0.0,0.0,380.978369546582,6847.371630453418,6847.371630453418,380.978369546582,0.2116546497481011,380.978369546582,838.1524130024804,8511.371630453417,8511.371630453417,18725.01758699752,8892.349999999999,8892.349999999999,19563.170000000002,0.7410291666666665,0.8415945183632055,4.207972591816028,0.38254296289236606,320.62930742535497,320.62930742535497,0.0,320.62930742535497,320.62930742535497,0.0,380.978369546582,0.0,380.978369546582,838.1524130024804,0.0,7565.0,-0.11996744324453033,93.30786946243357
20,20,2025,2NB,2,NB,MD,5,OP,MD,2.2,70,12000,1,8,75,1800,1,4,0.1,0.01,7928.0,0.0,980.0,0.0,0.0,1.0,1.0,1.0,3.66,1.83,0.17391304347826086,0.17391304347826086,30,4.136,0.708,7928.0,0.0,980.0,0.0,0.0,8908.0,10868.0,1.0,1.2,0.6966666666666667,10868.0,0.0,1.0,396.40000000000003,5648.700000000001,0.0,735.0,0.0,0.0,6681.0,0.9707736293443967,4.853868146721983,,0.08018678039998389,0.08055980509688332,168.70163985683868,843.5081992841933,52.95053065086657,71.45752421369623,1.3941278239050368,1.8472512370460719,2.492892863913909,-0.6456416268678373,0.8318346521334848,452.9510664453891,7078.648933554611,0.0,0.0,452.9510664453891,8058.648933554611,40293.244667773055,452.9510664453891,0.25163948135854947,2264.7553322269455,4982.46173089928,10018.64893355461,50093.24466777305,110205.13826910072,10471.599999999999,52357.99999999999,115187.59999999999,0.8726333333333333,2.135701984557673,10.678509922788365,0.9707736293443967,967.3684915149317,967.3684915149317,0.0,4836.8424575746585,4836.8424575746585,0.0,2264.7553322269455,0.0,2264.7553322269455,4982.46173089928,0.0,44540.0,-0.25899292994652107,90.21478067210624
21,21,2025,2NB,2,NB,PM-Shoulder,1,OP,PM,2.2,70,12000,1,8,75,1800,1,4,0.1,0.01,7153.0,0.0,884.0,0.0,0.0,1.0,1.0,1.0,3.66,1.83,0.17391304347826086,0.17391304347826086,30,4.135,0.592,7153.0,0.0,884.0,0.0,0.0,8037.0,9805.0,1.0,1.2,0.628525641025641,9805.0,0.0,1.0,357.65000000000003,5096.512500000001,0.0,663.0,0.0,0.0,6027.75,0.41917945564014286,2.0958972782007144,,0.08176814677085267,0.08192783886700256,142.47897242605382,712.3948621302692,61.384292027624525,72.51592211330248,1.2395440651001797,1.8202898915600445,2.1503872674885063,-0.3300973759284618,0.36260198503068247,416.73238211948535,6378.617617880515,0.0,0.0,416.73238211948535,7262.617617880515,7262.617617880515,416.73238211948535,0.23151799006638074,416.73238211948535,916.8112406628678,9030.617617880514,9030.617617880514,19867.358759337134,9447.35,9447.35,20784.170000000002,0.7872791666666668,0.9221948024083144,4.610974012041572,0.41917945564014286,384.308436785825,384.308436785825,0.0,384.308436785825,384.308436785825,0.0,416.73238211948535,0.0,416.73238211948535,916.8112406628678,0.0,8037.0,-0.15350601304200948,76.1919638641999
22,22,2025,2NB,2,NB,PM-Peak,3,Peak,PM,2.2,70,12000,1,8,75,1800,1,4,0.1,0.01,7219.0,0.0,892.0,0.0,0.0,1.0,1.0,1.0,3.66,1.83,0.17391304347826086,0.17391304347826086,30,4.135,0.592,7219.0,0.0,892.0,0.0,0.0,8111.0,9895.0,1.0,1.2,0.6342948717948718,9895.0,0.0,1.0,360.95000000000005,5143.5375,0.0,669.0,0.0,0.0,6083.25,0.44173639016069866,2.208681950803493,,0.08177603008860963,0.0819458639617705,142.46892910256366,712.3446455128184,60.81704516175576,72.42563832410622,1.9543003670477954,1.822559014382411,2.1704441517820894,-0.3478851373996783,0.3900799165128914,420.618077361892,6437.4319226381085,0.0,0.0,420.618077361892,7329.4319226381085,21988.295767914326,420.618077361892,0.23367670964549556,1261.854232085676,2776.0793105884873,9113.431922638109,27340.295767914326,60148.65068941152,9534.050000000001,28602.15,62924.73000000001,0.7945041666666668,0.9718200583535371,4.859100291767685,0.44173639016069866,408.76508448638646,408.76508448638646,0.0,1226.2952534591593,1226.2952534591593,0.0,1261.854232085676,0.0,1261.854232085676,2776.0793105884873,0.0,24333.0,-0.16028292509348366,76.18659310297522
23,23,2025,2NB,2,NB,PM-Late,3,OP,PM,2.2,70,12000,1,8,75,1800,1,4,0.1,0.01,7295.0,0.0,902.0,0.0,0.0,1.0,1.0,1.0,3.66,1.83,0.17391304347826086,0.17391304347826086,30,4.135,0.592,7295.0,0.0,902.0,0.0,0.0,8197.0,10001.0,1.0,1.2,0.6410897435897436,10001.0,0.0,1.0,364.75,5197.6875,0.0,676.5,0.0,0.0,6147.75,0.47008076434975127,2.350403821748756,,0.08185116985149045,0.08203378125466024,142.4199768780834,712.099884390417,60.117524702551925,72.31432531403333,1.2635776799416927,1.82536446861358,2.1956991851062813,-0.37033471649270133,0.4246793121670341,425.43680239746874,6504.813197602532,0.0,0.0,425.43680239746874,7406.813197602532,22220.439592807594,425.43680239746874,0.23635377910970484,1276.3104071924063,2807.882895823294,9210.813197602532,27632.439592807597,60791.367104176716,9636.250000000002,28908.750000000004,63599.25000000001,0.8030208333333335,1.0341776815694528,5.170888407847264,0.4700807643497512,439.97724595773565,439.97724595773565,0.0,1319.9317378732069,1319.9317378732069,0.0,1276.3104071924063,0.0,1276.3104071924063,2807.882895823294,0.0,24591.0,-0.1686636853557768,76.16041544282535
24,24,2025,2SB,2,SB,Night,8,OP,NT,2.2,70,12000,1,8,75,1800,1,4,0.1,0.01,2817.0,0.0,348.0,0.0,0.0,1.0,1.0,1.0,3.66,1.83,0.17391304347826086,0.17391304347826086,30,4.103,0.708,2817.0,0.0,348.0,0.0,0.0,3165.0,3861.0,1.0,1.2,0.2475,3861.0,0.0,1.0,140.85,2007.1125000000002,0.0,261.0,0.0,0.0,2373.75,0.12179487750983725,0.6089743875491862,,0.17390905666801162,0.17391159013071938,117.64465479999816,588.2232739999909,69.99623290731978,74.5906994820535,0.0,1.7696576237599055,1.8858157720398727,-0.11615814827996718,0.00013903626605449377,349.0550415015745,2327.0949584984255,0.0,0.0,349.0550415015745,2675.0949584984255,21400.759667987404,349.0550415015745,0.19391946750087474,2792.440332012596,6143.368730427712,3371.0949584984255,26968.759667987404,59331.271269572295,3720.15,29761.2,65474.64000000001,0.3100125,0.267948730521642,1.3397436526082098,0.12179487750983725,93.52885525252594,93.52885525252594,0.0,748.2308420202075,748.2308420202075,0.0,2792.440332012596,0.0,2792.440332012596,6143.368730427712,0.0,25320.0,-0.06159570303854219,62.91158010695089
25,25,2025,2SB,2,SB,AM-Early,1,OP,AM,2.2,70,12000,1,8,75,1800,1,4,0.1,0.01,9535.0,0.0,1178.0,0.0,0.0,1.0,1.0,1.0,3.66,1.83,0.17391304347826086,0.17391304347826086,30,4.155,0.715,9535.0,0.0,1178.0,0.0,0.0,10713.0,13069.0,1.0,1.2,0.8377564102564102,13069.0,0.0,1.0,476.75,6793.6875,0.0,883.5,0.0,0.0,8034.75,3.659924106938647,18.299620534693236,,0.08808285862785459,0.08974425869823564,166.46199979844317,832.3099989922159,29.65677226007526,66.53117096532303,1.5555104341959678,1.9840324179593989,4.450922670964498,-2.466890253005099,3.5143354877927906,598.4074156243229,8459.842584375678,0.0,0.0,598.4074156243229,9637.842584375678,9637.842584375678,598.4074156243229,0.33244856423573493,598.4074156243229,1316.4963143735104,11993.842584375678,11993.842584375678,26386.453685626493,12592.25,12592.25,27702.950000000004,1.0493541666666666,8.051833035265025,40.259165176325126,3.659924106938647,4818.276597671491,4818.276597671491,0.0,4818.276597671491,4818.276597671491,0.0,598.4074156243229,0.0,598.4074156243229,1316.4963143735104,0.0,10713.0,-0.5542424426058459,89.01711219168084
26,26,2025,2SB,2,SB,AM-Peak,2,Peak,AM,2.2,70,12000,1,8,75,1800,1,4,0.1,0.01,8678.0,0.0,1073.0,0.0,0.0,1.0,1.0,1.0,3.66,1.83,0.17391304347826086,0.17391304347826086,30,4.155,0.715,8678.0,0.0,1073.0,0.0,0.0,9751.0,11897.0,1.0,1.2,0.7626282051282052,11897.0,0.0,1.0,433.90000000000003,6183.075000000001,0.0,804.75,0.0,0.0,7313.25,1.8299736449850683,9.149868224925342,,0.08487230894065648,0.08564277089652722,169.5555459128613,847.7777295643065,42.40880241860909,69.41476154967967,2.282996132560803,1.9016128133715262,3.1125613663185656,-1.2109485529470394,1.6807805004278635,524.7718516032496,7719.328148396751,0.0,0.0,524.7718516032496,8792.328148396751,17584.656296793502,524.7718516032496,0.2915399175573609,1049.5437032064992,2308.9961470542985,10938.328148396751,21876.656296793502,48128.64385294571,11463.1,22926.2,50437.64000000001,0.9552583333333333,4.02594201896715,20.129710094835755,1.8299736449850683,2112.7010477407166,2112.7010477407166,0.0,4225.402095481433,4225.402095481433,0.0,1049.5437032064992,0.0,1049.5437032064992,2308.9961470542985,0.0,19502.0,-0.38905210546236046,90.67141492666379
27,27,2025,2SB,2,SB,AM-Shoulder,1,OP,AM,2.2,70,12000,1,8,75,1800,1,4,0.1,0.01,8461.0,0.0,1046.0,0.0,0.0,1.0,1.0,1.0,3.66,1.83,0.17391304347826086,0.17391304347826086,30,4.155,0.715,8461.0,0.0,1046.0,0.0,0.0,9507.0,11599.0,1.0,1.2,0.743525641025641,11599.0,0.0,1.0,423.05,6028.4625,0.0,784.5,0.0,0.0,7130.25,1.5611043338902366,7.805521669451183,,0.08218732765823446,0.08282084173559705,171.7837495357233,858.9187476786165,45.53350358539328,70.2376469896069,1.4608338190310366,1.8793340275127968,2.898964270395928,-1.0196302428831314,1.3881524790138506,495.46322276287924,7542.486777237121,0.0,0.0,495.46322276287924,8588.486777237122,8588.486777237122,495.46322276287924,0.27525734597937734,495.46322276287924,1090.0190900783343,10680.486777237122,10680.486777237122,23497.07090992167,11175.95,11175.95,24587.090000000004,0.9313291666666668,3.4344295345585207,17.172147672792605,1.5611043338902366,1701.63352554438,1701.63352554438,0.0,1701.63352554438,1701.63352554438,0.0,495.46322276287924,0.0,495.46322276287924,1090.0190900783343,0.0,9507.0,-0.3517222524249582,91.86296766616219
28,28,2025,2SB,2,SB,MD,5,OP,MD,2.2,70,12000,1,8,75,1800,1,4,0.1,0.01,7027.0,0.0,868.0,0.0,0.0,1.0,1.0,1.0,3.66,1.83,0.17391304347826086,0.17391304347826086,30,4.136,0.708,7027.0,0.0,868.0,0.0,0.0,7895.0,9631.0,1.0,1.2,0.6173717948717948,9631.0,0.0,1.0,351.35,5006.737499999999,0.0,651.0,0.0,0.0,5921.25,0.46360094235972793,2.3180047117986398,,0.07883922537728424,0.0789975629870788,169.96412301310178,849.820615065509,62.32330193902925,72.84982497838543,1.2503110359079792,1.8119467004782024,2.117987909708881,-0.30604120923067857,0.31821486487259537,394.7273061674006,6280.922693832599,0.0,0.0,394.7273061674006,7148.922693832599,35744.613469163,394.7273061674006,0.21929294787077813,1973.6365308370032,4342.000367841408,8884.9226938326,44424.613469163,97734.1496321586,9279.65,46398.25,102076.15000000001,0.7733041666666667,1.0199220731914016,5.099610365957008,0.46360094235972793,402.5910924515124,402.5910924515124,0.0,2012.955462257562,2012.955462257562,0.0,1973.6365308370032,0.0,1973.6365308370032,4342.000367841408,0.0,39475.0,-0.1444962021868879,90.88990535459989
29,29,2025,2SB,2,SB,PM-Shoulder,1,OP,PM,2.2,70,12000,1,8,75,1800,1,4,0.1,0.01,6866.0,0.0,849.0,0.0,0.0,1.0,1.0,1.0,3.66,1.83,0.17391304347826086,0.17391304347826086,30,4.135,0.592,6866.0,0.0,849.0,0.0,0.0,7715.0,9413.0,1.0,1.2,0.6033974358974359,9413.0,0.0,1.0,343.3,4892.025,0.0,636.75,0.0,0.0,5786.25,0.3357556026307887,1.6787780131539434,,0.08212416591879869,0.08224688983610129,142.30155047016606,711.5077523508304,63.5717444986782,72.86126747130359,1.1863055234394266,1.8116621434287867,2.076394175446052,-0.26473203201726525,0.2612314489325193,401.75347277891115,6120.946527221088,0.0,0.0,401.75347277891115,6969.946527221088,6969.946527221088,401.75347277891115,0.22319637376606175,401.75347277891115,883.8576401136046,8667.946527221087,8667.946527221087,19069.482359886395,9069.699999999999,9069.699999999999,19953.34,0.7558083333333332,0.7386623257877352,3.693311628938676,0.3357556026307887,296.7601545961701,296.7601545961701,0.0,296.7601545961701,296.7601545961701,0.0,401.75347277891115,0.0,401.75347277891115,883.8576401136046,0.0,7715.0,-0.12749603863649608,76.09708581292303
30,30,2025,2SB,2,SB,PM-Peak,3,Peak,PM,2.2,70,12000,1,8,75,1800,1,4,0.1,0.01,7013.0,0.0,867.0,0.0,0.0,1.0,1.0,1.0,3.66,1.83,0.17391304347826086,0.17391304347826086,30,4.135,0.592,7013.0,0.0,867.0,0.0,0.0,7880.0,9614.0,1.0,1.2,0.6162820512820513,9614.0,0.0,1.0,350.65000000000003,4996.762500000001,0.0,650.25,0.0,0.0,5910.0,0.3756798656579911,1.8783993282899556,,0.08185892332795312,0.08199922867504174,142.43920871902432,712.1960435951216,62.50696725128359,72.69363407285877,1.897701550152787,1.815839883141626,2.111764588887319,-0.29592470574569285,0.3096889153470556,409.02959837549145,6253.320401624509,0.0,0.0,409.02959837549145,7120.320401624509,21360.96120487353,409.02959837549145,0.2272386657641619,1227.0887951264745,2699.595349278244,8854.320401624509,26562.96120487353,58438.514650721765,9263.35,27790.050000000003,61138.11000000001,0.7719458333333333,0.8264957044475805,4.132478522237903,0.3756798656579911,338.0612060492627,338.0612060492627,0.0,1014.1836181477881,1014.1836181477881,0.0,1227.0887951264745,0.0,1227.0887951264745,2699.595349278244,0.0,23640.0,-0.14013148402190725,76.17069984974563
31,31,2025,2SB,2,SB,PM-Late,3,OP,PM,2.2,70,12000,1,8,75,1800,1,4,0.1,0.01,5774.0,0.0,714.0,0.0,0.0,1.0,1.0,1.0,3.66,1.83,0.17391304347826086,0.17391304347826086,30,4.135,0.592,5774.0,0.0,714.0,0.0,0.0,6488.0,7916.0,1.0,1.2,0.5074358974358975,7916.0,0.0,1.0,288.7,4113.975,0.0,535.5,0.0,0.0,4866.0,0.16970575360345574,0.8485287680172787,,0.09159451279556463,0.0916459834682594,137.38219210936515,686.9109605468258,68.34107828235338,73.62415871342996,0.9100370084278432,1.7928897566597464,1.9314884007922397,-0.13859864413249334,0.06271053765679728,376.81753577813305,5108.482464221867,0.0,0.0,376.81753577813305,5822.482464221867,17467.447392665603,376.81753577813305,0.20934307543229613,1130.452607334399,2486.9957361356783,7250.482464221867,21751.447392665603,47853.18426386433,7627.3,22881.9,50340.18000000001,0.6356083333333333,0.3733526579276027,1.8667632896380133,0.16970575360345574,140.6858285364955,140.6858285364955,0.0,422.05748560948655,422.05748560948655,0.0,1130.452607334399,0.0,1130.452607334399,2486.9957361356783,0.0,19464.0,-0.07175743021580883,73.46641289270863
32,32,2025,3NB,3,NB,Night,8,OP,NT,3.4,70,12000,1,8,75,1800,1,4,0.1,0.01,2870.0,0.0,355.0,0.0,0.0,1.0,1.0,1.0,3.66,1.83,0.17391304347826086,0.17391304347826086,30,4.103,0.708,2870.0,0.0,355.0,0.0,0.0,3225.0,3935.0,1.0,1.2,0.25224358974358974,3935.0,0.0,1.0,143.5,2044.875,0.0,266.25,0.0,0.0,2418.75,0.12102861543717465,0.6051430771858732,,0.17390560689180332,0.17391021518954106,117.64415569514601,588.2207784757301,69.99561380488417,74.55922732887963,0.0,2.7360798563557944,2.9144683346682108,-0.17838847831241633,0.0002501899240203777,355.6152278928763,2370.884772107124,0.0,0.0,355.6152278928763,2725.884772107124,21807.07817685699,355.6152278928763,0.19756401549604238,2844.9218231430104,9672.734198686236,3435.884772107124,27487.07817685699,93456.06580131376,3791.5,30332.0,103128.79999999999,0.31595833333333334,0.4114972924863938,2.057486462431969,0.12102861543717465,146.3347034448505,146.3347034448505,0.0,1170.677627558804,1170.677627558804,0.0,2844.9218231430104,0.0,2844.9218231430104,9672.734198686236,0.0,25800.0,-0.061207897231357104,40.7073203097391
33,33,2025,3NB,3,NB,AM-Early,1,OP,AM,3.4,70,12000,1,8,75,1800,1,4,0.1,0.01,6148.0,0.0,760.0,0.0,0.0,1.0,1.0,1.0,3.66,1.83,0.17391304347826086,0.17391304347826086,30,4.155,0.715,6148.0,0.0,760.0,0.0,0.0,6908.0,8428.0,1.0,1.2,0.5402564102564102,8428.0,0.0,1.0,307.40000000000003,4380.450000000001,0.0,570.0,0.0,0.0,5181.0,0.25848978663178934,1.2924489331589468,,0.08355344894531565,0.08367105286950068,171.10341634756077,855.5170817378038,67.21048515136515,73.55906943457107,1.6196029615634613,2.773281412721688,3.0352407000272406,-0.26195928730555273,0.16570833046589106,366.001705432508,5474.598294567492,0.0,0.0,366.001705432508,6234.598294567492,6234.598294567492,366.001705432508,0.2033342807958378,366.001705432508,1244.405798470527,7754.598294567492,7754.598294567492,26365.634201529472,8120.6,8120.6,27610.04,0.6767166666666667,0.8788652745480837,4.394326372740419,0.25848978663178934,321.666189330008,321.666189330008,0.0,321.666189330008,321.666189330008,0.0,366.001705432508,0.0,366.001705432508,1244.405798470527,0.0,6908.0,-0.08630593524368652,59.20533437631859
34,34,2025,3NB,3,NB,AM-Peak,2,Peak,AM,3.4,70,12000,1,8,75,1800,1,4,0.1,0.01,7325.0,0.0,905.0,0.0,0.0,1.0,1.0,1.0,3.66,1.83,0.17391304347826086,0.17391304347826086,30,4.155,0.715,7325.0,0.0,905.0,0.0,0.0,8230.0,10040.0,1.0,1.2,0.6435897435897436,10040.0,0.0,1.0,366.25,5219.0625,0.0,678.75,0.0,0.0,6172.5,0.6073250391665489,3.0366251958327446,,0.07853892201176099,0.07887115988160706,175.05223799634126,875.2611899817064,59.72558741075936,72.49392972247749,3.1561705391549384,2.8140287163484765,3.4156214922927672,-0.6015927759442907,0.6868300158696631,409.89954266200635,6548.850457337993,0.0,0.0,409.89954266200635,7453.850457337993,14907.700914675986,409.89954266200635,0.2277219681455591,819.7990853240127,2787.316890101643,9263.850457337994,18527.70091467599,62994.18310989836,9673.75,19347.5,65781.5,0.8061458333333333,2.064905133166266,10.324525665831331,0.6073250391665489,846.4036697252818,846.4036697252818,0.0,1692.8073394505636,1692.8073394505636,0.0,819.7990853240127,0.0,819.7990853240127,2787.316890101643,0.0,16460.0,-0.17612981335952013,60.57170864925303
35,35,2025,3NB,3,NB,AM-Shoulder,1,OP,AM,3.4,70,12000,1,8,75,1800,1,4,0.1,0.01,7003.0,0.0,865.0,0.0,0.0,1.0,1.0,1.0,3.66,1.83,0.17391304347826086,0.17391304347826086,30,4.155,0.715,7003.0,0.0,865.0,0.0,0.0,7868.0,9598.0,1.0,1.2,0.6152564102564102,9598.0,0.0,1.0,350.15000000000003,4989.637500000001,0.0,648.75,0.0,0.0,5901.0,0.46936864014538193,2.3468432007269096,,0.0786558948520108,0.07890133284963663,175.02655424939888,875.1327712469945,62.503680059456855,72.8883517328711,1.9288303875829935,2.7988011136215656,3.2638078238904376,-0.46500671026887197,0.47884529015847116,392.4644025496501,6260.38559745035,0.0,0.0,392.4644025496501,7125.38559745035,7125.38559745035,392.4644025496501,0.21803577919425007,392.4644025496501,1334.3789686688103,8855.38559745035,8855.38559745035,30108.311031331188,9247.85,9247.85,31442.69,0.7706541666666668,1.5958533764942986,7.979266882471492,0.46936864014538193,626.3156419626768,626.3156419626768,0.0,626.3156419626768,626.3156419626768,0.0,392.4644025496501,0.0,392.4644025496501,1334.3789686688103,0.0,7868.0,-0.14247367962816726,60.562821539584384
36,36,2025,3NB,3,NB,MD,5,OP,MD,3.4,70,12000,1,8,75,1800,1,4,0.1,0.01,8246.0,0.0,1019.0,0.0,0.0,1.0,1.0,1.0,3.66,1.83,0.17391304347826086,0.17391304347826086,30,4.136,0.708,8246.0,0.0,1019.0,0.0,0.0,9265.0,11303.0,1.0,1.2,0.724551282051282,11303.0,0.0,1.0,412.3,5875.275,0.0,764.25,0.0,0.0,6948.75,1.2654708902677851,6.327354451338926,,0.08129666092231604,0.08207603611385438,167.50266574567925,837.5133287283962,48.6577309640951,70.77126642609751,2.2178992564920805,2.882525780615016,4.1925506175068685,-1.3100248368918526,1.7512229174129819,477.64023950036034,7356.059760499639,0.0,0.0,477.64023950036034,8375.05976049964,41875.298802498204,477.64023950036034,0.2653556886113113,2388.2011975018017,8119.884071506126,10413.05976049964,52065.298802498204,177022.0159284939,10890.7,54453.50000000001,185141.90000000002,0.9075583333333334,4.3026010269104695,21.513005134552348,1.2654708902677851,2055.095384968013,2055.095384968013,0.0,10275.476924840066,10275.476924840066,0.0,2388.2011975018017,0.0,2388.2011975018017,8119.884071506126,0.0,46325.0,-0.312464882694933,57.95939991199974
37,37,2025,3NB,3,NB,PM-Shoulder,1,OP,PM,3.4,70,12000,1,8,75,1800,1,4,0.1,0.01,7439.0,0.0,919.0,0.0,0.0,1.0,1.0,1.0,3.66,1.83,0.17391304347826086,0.17391304347826086,30,4.135,0.592,7439.0,0.0,919.0,0.0,0.0,8358.0,10196.0,1.0,1.2,0.6535897435897436,10196.0,0.0,1.0,371.95000000000005,5300.2875,0.0,689.25,0.0,0.0,6268.5,0.5279137551386325,2.6395687756931623,,0.0819794156554562,0.08230249099535328,142.2707066868678,711.3535334343389,58.73841382997773,72.09493603403838,1.9878919237878732,2.8296023441047913,3.473025345738679,-0.6434230016338875,0.7654732950905618,434.5144720559189,6632.535527944081,0.0,0.0,434.5144720559189,7551.535527944081,7551.535527944081,434.5144720559189,0.24139692891995493,434.5144720559189,1477.3492049901242,9389.535527944081,9389.535527944081,31924.420795009875,9824.05,9824.05,33401.77,0.8186708333333332,1.7949067674713504,8.974533837356752,0.5279137551386325,779.9129664574098,779.9129664574098,0.0,779.9129664574098,779.9129664574098,0.0,434.5144720559189,0.0,434.5144720559189,1477.3492049901242,0.0,8358.0,-0.18526297322400845,49.2286182307501
38,38,2025,3NB,3,NB,PM-Peak,3,Peak,PM,3.4,70,12000,1,8,75,1800,1,4,0.1,0.01,7508.0,0.0,928.0,0.0,0.0,1.0,1.0,1.0,3.66,1.83,0.17391304347826086,0.17391304347826086,30,4.135,0.592,7508.0,0.0,928.0,0.0,0.0,8436.0,10292.0,1.0,1.2,0.6597435897435897,10292.0,0.0,1.0,375.40000000000003,5349.450000000001,0.0,696.0,0.0,0.0,6327.0,0.5591535364537302,2.795767682268651,,0.08213332126782742,0.08247860285652096,142.17315919006901,710.8657959503449,58.01796495684308,71.97832484837471,3.1314315927310257,2.8341865475437826,3.516152284068328,-0.6819657365245453,0.824557200602181,439.36809545617945,6693.231904543821,0.0,0.0,439.36809545617945,7621.231904543821,22863.695713631463,439.36809545617945,0.24409338636454414,1318.1042863685384,4481.55457365303,9477.23190454382,28431.69571363146,96667.76542634696,9916.599999999999,29749.8,101149.31999999999,0.8263833333333332,1.9011220239426827,9.505610119713413,0.5591535364537302,835.2923628894937,835.2923628894937,0.0,2505.877088668481,2505.877088668481,0.0,1318.1042863685384,0.0,1318.1042863685384,4481.55457365303,0.0,25308.0,-0.1939522755071017,49.194864771650174
39,39,2025,3NB,3,NB,PM-Late,3,OP,PM,3.4,70,12000,1,8,75,1800,1,4,0.1,0.01,7587.0,0.0,938.0,0.0,0.0,1.0,1.0,1.0,3.66,1.83,0.17391304347826086,0.17391304347826086,30,4.135,0.592,7587.0,0.0,938.0,0.0,0.0,8525.0,10401.0,1.0,1.2,0.6667307692307692,10401.0,0.0,1.0,379.35,5405.737499999999,0.0,703.5,0.0,0.0,6393.75,0.5970788218041001,2.9853941090205005,,0.08232926712879558,0.08270174464617307,142.04989195669106,710.2494597834553,57.16630613791291,71.83901009907545,2.0218425866109495,2.8396827812445795,3.5685356249510485,-0.728852843706469,0.8963223776115079,445.05040666564753,6762.599593334352,0.0,0.0,445.05040666564753,7700.599593334352,23101.798780003057,445.05040666564753,0.24725022592535975,1335.1512199969425,4539.514147989605,9576.599593334351,28729.798780003053,97681.31585201038,10021.649999999998,30064.949999999997,102220.82999999999,0.8351374999999999,2.0300679941339403,10.150339970669702,0.5970788218041001,903.4825863482255,903.4825863482255,0.0,2710.4477590446763,2710.4477590446763,0.0,1335.1512199969425,0.0,1335.1512199969425,4539.514147989605,0.0,25575.0,-0.20424423918045292,49.152211749720095
40,40,2025,3SB,3,SB,Night,8,OP,NT,3.4,70,12000,1,8,75,1800,1,4,0.1,0.01,2929.0,0.0,362.0,0.0,0.0,1.0,1.0,1.0,3.66,1.83,0.17391304347826086,0.17391304347826086,30,4.103,0.708,2929.0,0.0,362.0,0.0,0.0,3291.0,4015.0,1.0,1.2,0.25737179487179485,4015.0,0.0,1.0,146.45000000000002,2086.9125000000004,0.0,271.5,0.0,0.0,2468.25,0.12012425326644466,0.6006212663322232,,0.17390702184931525,0.17391201400042672,117.64359009653157,588.2179504826578,69.99484854327528,74.52207672634442,0.11614989818286477,2.7374438416298674,2.914500198880696,-0.17705635725082836,0.0002938438951248485,362.92873773510917,2419.621262264891,0.0,0.0,362.92873773510917,2781.621262264891,22252.970098119127,362.92873773510917,0.2016270765195051,2903.4299018808733,9871.66166639497,3505.621262264891,28044.970098119127,95352.89833360503,3868.55,30948.4,105224.56,0.32237916666666666,0.40842246110591185,2.042112305529559,0.12012425326644466,148.2282482718353,148.2282482718353,0.0,1185.8259861746824,1185.8259861746824,0.0,2903.4299018808733,0.0,2903.4299018808733,9871.66166639497,0.0,26328.0,-0.06075016132056751,40.70712460087597
41,41,2025,3SB,3,SB,AM-Early,1,OP,AM,3.4,70,12000,1,8,75,1800,1,4,0.1,0.01,9916.0,0.0,1226.0,0.0,0.0,1.0,1.0,1.0,3.66,1.83,0.17391304347826086,0.17391304347826086,30,4.155,0.715,9916.0,0.0,1226.0,0.0,0.0,11142.0,13594.0,1.0,1.2,0.8714102564102564,13594.0,0.0,1.0,495.8,7065.150000000001,0.0,919.5,0.0,0.0,8356.5,3.6599955897591774,18.29997794879589,,0.11489994780382692,0.11801987685796395,148.7451782740086,743.725891370043,26.342613344365077,58.663525329214494,1.8427904160493582,3.4774589296359215,7.744106377495665,-4.266647447859744,6.616854308597634,811.7853662262079,8608.414633773793,0.0,0.0,811.7853662262079,9834.414633773793,9834.414633773793,811.7853662262079,0.45099187012567105,811.7853662262079,2760.070245169107,12286.414633773793,12286.414633773793,41773.809754830894,13098.2,13098.2,44533.880000000005,1.0915166666666667,12.443985005181203,62.219925025906015,3.6599955897591774,10101.844924744462,10101.844924744462,0.0,10101.844924744462,10101.844924744462,0.0,811.7853662262079,0.0,811.7853662262079,2760.070245169107,0.0,11142.0,-0.5509541372337808,51.46891981799605
42,42,2025,3SB,3,SB,AM-Peak,2,Peak,AM,3.4,70,12000,1,8,75,1800,1,4,0.1,0.01,9025.0,0.0,1116.0,0.0,0.0,1.0,1.0,1.0,3.66,1.83,0.17391304347826086,0.17391304347826086,30,4.155,0.715,9025.0,0.0,1116.0,0.0,0.0,10141.0,12373.0,1.0,1.2,0.7931410256410256,12373.0,0.0,1.0,451.25,6430.3125,0.0,837.0,0.0,0.0,7605.75,1.8299999921345311,9.149999960672655,,0.10893975191957413,0.11038503670253394,153.0103124413682,765.0515622068409,38.858394850384244,64.2323318478212,2.8291109782014363,3.1759706386390487,5.249830848275062,-2.0738602096360133,3.199696833565406,700.5166485153366,7873.233351484663,0.0,0.0,700.5166485153366,8989.233351484663,17978.466702969326,700.5166485153366,0.3891759158418536,1401.033297030673,4763.5132099042885,11221.233351484663,22442.466702969326,76304.38679009571,11921.75,23843.5,81067.9,0.9934791666666667,6.221999973257406,31.109999866287026,1.8299999921345311,4358.614568328791,4358.614568328791,0.0,8717.229136657583,8717.229136657583,0.0,1401.033297030673,0.0,1401.033297030673,4763.5132099042885,0.0,20282.0,-0.39503372005165116,52.94474478940075
43,43,2025,3SB,3,SB,AM-Shoulder,1,OP,AM,3.4,70,12000,1,8,75,1800,1,4,0.1,0.01,8799.0,0.0,1088.0,0.0,0.0,1.0,1.0,1.0,3.66,1.83,0.17391304347826086,0.17391304347826086,30,4.155,0.715,8799.0,0.0,1088.0,0.0,0.0,9887.0,12063.0,1.0,1.2,0.7732692307692308,12063.0,0.0,1.0,439.95000000000005,6269.287499999999,0.0,816.0,0.0,0.0,7415.25,1.8299973586036937,9.149986793018469,,0.09345331172551652,0.09473792412364082,162.90607836927472,814.5303918463736,41.17203346241705,67.84307146016066,2.102655106644941,3.0069393323354245,4.954819639555009,-1.947880307219584,2.795531477618934,585.8856790343841,7773.164320965617,0.0,0.0,585.8856790343841,8861.164320965618,8861.164320965618,585.8856790343841,0.3254920439079912,585.8856790343841,1992.011308716906,11037.164320965618,11037.164320965618,37526.3586912831,11623.050000000001,11623.050000000001,39518.37000000001,0.9685875,6.221991019252559,31.109955096262794,1.829997358603694,3645.375433260625,3645.375433260625,0.0,3645.375433260625,3645.375433260625,0.0,585.8856790343841,0.0,585.8856790343841,1992.011308716906,0.0,9887.0,-0.3931283979883721,56.368885248883984
44,44,2025,3SB,3,SB,MD,5,OP,MD,3.4,70,12000,1,8,75,1800,1,4,0.1,0.01,7308.0,0.0,903.0,0.0,0.0,1.0,1.0,1.0,3.66,1.83,0.17391304347826086,0.17391304347826086,30,4.136,0.708,7308.0,0.0,903.0,0.0,0.0,8211.0,10017.0,1.0,1.2,0.6421153846153846,10017.0,0.0,1.0,365.40000000000003,5206.950000000001,0.0,677.25,0.0,0.0,6158.25,0.5806367278987388,2.903183639493694,,0.07872275461620316,0.07904147156430516,169.92825318685837,849.6412659342918,59.89219645463057,72.50445162555717,2.0120708459093675,2.813620342286567,3.406119863286926,-0.592499521000359,0.6738127841316599,409.90544714883913,6532.6945528511615,0.0,0.0,409.90544714883913,7435.6945528511615,37178.47276425581,409.90544714883913,0.22772524841602174,2049.5272357441954,6968.392601530264,9241.69455285116,46208.4727642558,157108.8073984697,9651.6,48257.99999999999,164077.19999999998,0.8043,1.9741648748557117,9.870824374278559,0.5806367278987388,809.2209357732626,809.2209357732626,0.0,4046.104678866313,4046.104678866313,0.0,2049.5272357441954,0.0,2049.5272357441954,6968.392601530264,0.0,41055.0,-0.1739514593677844,58.798703524864486
45,45,2025,3SB,3,SB,PM-Shoulder,1,OP,PM,3.4,70,12000,1,8,75,1800,1,4,0.1,0.01,7141.0,0.0,883.0,0.0,0.0,1.0,1.0,1.0,3.66,1.83,0.17391304347826086,0.17391304347826086,30,4.135,0.592,7141.0,0.0,883.0,0.0,0.0,8024.0,9790.0,1.0,1.2,0.6275641025641026,9790.0,0.0,1.0,357.05,5087.9625,0.0,662.25,0.0,0.0,6018.0,0.41554746388330777,2.077737319416539,,0.081754946707144,0.08199917321534067,142.43923957598898,712.1961978799449,61.47558027500228,72.5328316998034,1.913335588561246,2.8125194511129634,3.3183907998498747,-0.5058713487369113,0.5536239672229005,415.96610303544713,6367.9838969645525,0.0,0.0,415.96610303544713,7250.9838969645525,7250.9838969645525,415.96610303544713,0.2310922794641373,415.96610303544713,1414.2847503205203,9016.983896964553,9016.983896964553,30657.74524967948,9432.95,9432.95,32072.03,0.7860791666666668,1.4128613772032463,7.064306886016232,0.41554746388330777,587.7024412045294,587.7024412045294,0.0,587.7024412045294,587.7024412045294,0.0,415.96610303544713,0.0,415.96610303544713,1414.2847503205203,0.0,8024.0,-0.1524447779808807,49.28693410933874
46,46,2025,3SB,3,SB,PM-Peak,3,Peak,PM,3.4,70,12000,1,8,75,1800,1,4,0.1,0.01,7293.0,0.0,901.0,0.0,0.0,1.0,1.0,1.0,3.66,1.83,0.17391304347826086,0.17391304347826086,30,4.135,0.592,7293.0,0.0,901.0,0.0,0.0,8194.0,9996.0,1.0,1.2,0.6407692307692308,9996.0,0.0,1.0,364.65000000000003,5196.262500000001,0.0,675.75,0.0,0.0,6145.5,0.4687697456596366,2.343848728298183,,0.0817844233232073,0.08206576781109819,142.402180352374,712.01090176187,60.14965614403865,72.32170431485817,3.0507003776192154,2.820729986006277,3.391540585227737,-0.5708105992214598,0.6538391731905712,424.97333199850755,6503.376668001492,0.0,0.0,424.97333199850755,7404.376668001492,22213.130004004477,424.97333199850755,0.23609629555472642,1274.9199959955226,4334.727986384777,9206.376668001492,27619.130004004477,93905.04201361522,9631.35,28894.05,98239.77,0.8026125000000001,1.5938171352427644,7.9690856762138225,0.46876974565963664,677.3297785604335,677.3297785604335,0.0,2031.9893356813004,2031.9893356813004,0.0,1274.9199959955226,0.0,1274.9199959955226,4334.727986384777,0.0,24582.0,-0.16830422189482092,49.27411084857231
47,47,2025,3SB,3,SB,PM-Late,3,OP,PM,3.4,70,12000,1,8,75,1800,1,4,0.1,0.01,6005.0,0.0,742.0,0.0,0.0,1.0,1.0,1.0,3.66,1.83,0.17391304347826086,0.17391304347826086,30,4.135,0.592,6005.0,0.0,742.0,0.0,0.0,6747.0,8231.0,1.0,1.2,0.5276282051282051,8231.0,0.0,1.0,300.25,4278.5625,0.0,556.5,0.0,0.0,5060.25,0.19049231200030867,0.9524615600015434,,0.08828908344068671,0.08838239600604542,139.02639541613453,695.1319770806726,67.72138431471413,73.52008864146941,1.5110720766812535,2.7747518232034976,3.012342439014142,-0.23759061581064422,0.13433771287794552,377.75036156869317,5326.999638431307,0.0,0.0,377.75036156869317,6068.999638431307,18206.998915293923,377.75036156869317,0.20986131198260732,1133.2510847060794,3853.05368800067,7552.999638431307,22658.998915293923,77040.59631199934,7930.75,23792.250000000004,80893.65000000001,0.6608958333333333,0.6476738608010495,3.2383693040052473,0.19049231200030867,244.6590350961879,244.6590350961879,0.0,733.9771052885637,733.9771052885637,0.0,1133.2510847060794,0.0,1133.2510847060794,3853.05368800067,0.0,20241.0,-0.0788723794258933,48.10601917513305
48,48,2025,4NB,4,NB,Night,8,OP,NT,4.4,70,12000,1,8,75,1800,1,4,0.1,0.01,2650.0,0.0,327.0,0.0,0.0,1.0,1.0,1.0,3.66,1.83,0.17391304347826086,0.17391304347826086,30,4.103,0.708,2650.0,0.0,327.0,0.0,0.0,2977.0,3631.0,1.0,1.2,0.23275641025641025,3631.0,0.0,1.0,132.5,1888.125,0.0,245.25,0.0,0.0,2232.75,0.12394895406358322,0.6197447703179161,,0.17390402116670425,0.17391143037537857,117.6434220438689,588.2171102193444,69.99769573975964,74.67910938650132,0.0,3.5351251798366987,3.7715527234140716,-0.23642754357737283,0.00017008822013515754,328.3525299653835,2189.1474700346166,0.0,0.0,328.3525299653835,2516.1474700346166,20129.179760276933,328.3525299653835,0.18241807220299083,2626.820239723068,11558.0090547815,3170.1474700346166,25361.179760276933,111589.19094521852,3498.5,27988.0,123147.20000000003,0.29154166666666664,0.5453753978797662,2.726876989398831,0.12394895406358324,179.07539167469886,179.07539167469886,0.0,1432.603133397591,1432.603133397591,0.0,2626.820239723068,0.0,2626.820239723068,11558.0090547815,0.0,23816.0,-0.06268705780237767,31.455460439537134
49,49,2025,4NB,4,NB,AM-Early,1,OP,AM,4.4,70,12000,1,8,75,1800,1,4,0.1,0.01,5675.0,0.0,701.0,0.0,0.0,1.0,1.0,1.0,3.66,1.83,0.17391304347826086,0.17391304347826086,30,4.155,0.715,5675.0,0.0,701.0,0.0,0.0,6376.0,7778.0,1.0,1.2,0.4985897435897436,7778.0,0.0,1.0,283.75,4043.4375,0.0,525.75,0.0,0.0,4782.0,0.2017454410805829,1.0087272054029146,,0.09003600084623047,0.09014432174466622,166.16890170027122,830.8445085013562,68.54481061241792,73.76256325636732,1.8158773267655992,3.579051328279472,3.8514950678435813,-0.2724437395641095,0.10969110008856409,364.05494217168,5027.19505782832,0.0,0.0,364.05494217168,5728.19505782832,5728.19505782832,364.05494217168,0.20225274565093335,364.05494217168,1601.8417455553922,7130.19505782832,7130.19505782832,31372.85825444461,7494.25,7494.25,32974.700000000004,0.6245208333333333,0.8876799407545648,4.4383997037728244,0.20174544108058293,323.1642694983634,323.1642694983634,0.0,323.1642694983634,323.1642694983634,0.0,364.05494217168,0.0,364.05494217168,1601.8417455553922,0.0,6376.0,-0.0707371383748515,44.43018762039337
50,50,2025,4NB,4,NB,AM-Peak,2,Peak,AM,4.4,70,12000,1,8,75,1800,1,4,0.1,0.01,6762.0,0.0,836.0,0.0,0.0,1.0,1.0,1.0,3.66,1.83,0.17391304347826086,0.17391304347826086,30,4.155,0.715,6762.0,0.0,836.0,0.0,0.0,7598.0,9270.0,1.0,1.2,0.5942307692307692,9270.0,0.0,1.0,338.1,4817.924999999999,0.0,627.0,0.0,0.0,5698.5,0.3910786711362674,1.9553933556813368,,0.07926902399727055,0.07952423165138986,174.49906216010473,872.4953108005237,64.18622095478253,73.12780126999377,3.74733917367115,3.610118113975431,4.113032299969505,-0.502914185994074,0.46799710810107875,381.9122124420497,6041.98778755795,0.0,0.0,381.9122124420497,6877.98778755795,13755.9755751159,381.9122124420497,0.21217345135669427,763.8244248840994,3360.8274694900374,8549.98778755795,17099.9755751159,75239.89253050997,8931.9,17863.8,78600.72,0.744325,1.7207461529995767,8.603730764997882,0.3910786711362674,657.173970343214,657.173970343214,0.0,1314.347940686428,1314.347940686428,0.0,763.8244248840994,0.0,763.8244248840994,3360.8274694900374,0.0,15196.0,-0.12227333736178117,46.6575032513649
51,51,2025,4NB,4,NB,AM-Shoulder,1,OP,AM,4.4,70,12000,1,8,75,1800,1,4,0.1,0.01,6463.0,0.0,799.0,0.0,0.0,1.0,1.0,1.0,3.66,1.83,0.17391304347826086,0.17391304347826086,30,4.155,0.715,6463.0,0.0,799.0,0.0,0.0,7262.0,8860.0,1.0,1.2,0.5679487179487179,8860.0,0.0,1.0,323.15000000000003,4604.887500000001,0.0,599.25,0.0,0.0,5446.5,0.3160205241373905,1.5801026206869526,,0.0808244697644186,0.0810210661919268,173.25057129432193,866.2528564716097,65.873096702858,73.36623699632115,2.2599740373402364,3.598385453696336,4.007705925696157,-0.4093204719998207,0.32369997534659206,372.1875905122992,5767.662409487702,0.0,0.0,372.1875905122992,6566.662409487702,6566.662409487702,372.1875905122992,0.20677088361794402,372.1875905122992,1637.6253982541166,8164.662409487702,8164.662409487702,35924.51460174589,8536.85,8536.85,37562.14000000001,0.7114041666666667,1.3904903062045184,6.952451531022592,0.3160205241373905,517.5232366969689,517.5232366969689,0.0,517.5232366969689,517.5232366969689,0.0,372.1875905122992,0.0,372.1875905122992,1637.6253982541166,0.0,7262.0,-0.10213335997918058,46.3236821642572
52,52,2025,4NB,4,NB,MD,5,OP,MD,4.4,70,12000,1,8,75,1800,1,4,0.1,0.01,7611.0,0.0,941.0,0.0,0.0,1.0,1.0,1.0,3.66,1.83,0.17391304347826086,0.17391304347826086,30,4.136,0.708,7611.0,0.0,941.0,0.0,0.0,8552.0,10434.0,1.0,1.2,0.6688461538461539,10434.0,0.0,1.0,380.55,5422.8375,0.0,705.75,0.0,0.0,6414.0,0.745799368980497,3.7289968449024853,,0.0791289716956701,0.07968003591636393,169.40912746413338,847.0456373206669,56.74998016124049,72.0505294471597,2.7028942324075955,3.664095212424662,4.651984005102942,-0.9878887926782798,1.2063609441338876,429.1035550477184,6801.346444952282,0.0,0.0,429.1035550477184,7742.346444952282,38711.73222476141,429.1035550477184,0.2383908639153991,2145.5177752385916,9440.278211049805,9624.346444952282,48121.73222476141,211735.6217889502,10053.45,50267.25,221175.9,0.8377875,3.281517223514187,16.407586117570936,0.745799368980497,1408.110706560256,1408.110706560256,0.0,7040.553532801279,7040.553532801279,0.0,2145.5177752385916,0.0,2145.5177752385916,9440.278211049805,0.0,42760.0,-0.2123585961591068,45.29655814549021
53,53,2025,4NB,4,NB,PM-Shoulder,1,OP,PM,4.4,70,12000,1,8,75,1800,1,4,0.1,0.01,6867.0,0.0,849.0,0.0,0.0,1.0,1.0,1.0,3.66,1.83,0.17391304347826086,0.17391304347826086,30,4.135,0.592,6867.0,0.0,849.0,0.0,0.0,7716.0,9414.0,1.0,1.2,0.6034615384615385,9414.0,0.0,1.0,343.35,4892.737499999999,0.0,636.75,0.0,0.0,5787.0,0.3359535811047649,1.6797679055238246,,0.08207642207200679,0.08232203290064227,142.2598767267993,711.2993836339964,63.565652075187955,72.86266244948119,2.3737896497991757,3.6232549171949695,4.153186373164715,-0.5299314559697454,0.523008188378517,401.5783881375352,6122.071611862464,0.0,0.0,401.5783881375352,6971.071611862464,6971.071611862464,401.5783881375352,0.2230991045208529,401.5783881375352,1766.9449078051553,8669.071611862464,8669.071611862464,38143.915092194846,9070.65,9070.65,39910.86,0.7558874999999999,1.4781957568609658,7.390978784304829,0.3359535811047649,593.6114693919706,593.6114693919706,0.0,593.6114693919706,593.6114693919706,0.0,401.5783881375352,0.0,401.5783881375352,1766.9449078051553,0.0,7716.0,-0.12759635815860085,38.037400194331354
54,54,2025,4NB,4,NB,PM-Peak,3,Peak,PM,4.4,70,12000,1,8,75,1800,1,4,0.1,0.01,6930.0,0.0,857.0,0.0,0.0,1.0,1.0,1.0,3.66,1.83,0.17391304347826086,0.17391304347826086,30,4.135,0.592,6930.0,0.0,857.0,0.0,0.0,7787.0,9501.0,1.0,1.2,0.6090384615384615,9501.0,0.0,1.0,346.5,4937.625,0.0,642.75,0.0,0.0,5840.25,0.35254749705285054,1.7627374852642528,,0.081945669813795,0.08220579702074243,142.3243553518398,711.6217767591991,63.11887868963673,72.79286385291427,3.748191723824224,3.6267291328644538,4.182583808215611,-0.5558546753511573,0.5632826743982449,404.6169879143396,6178.88301208566,0.0,0.0,404.6169879143396,7035.88301208566,21107.649036256982,404.6169879143396,0.22478721550796643,1213.8509637430188,5340.944240469284,8749.88301208566,26249.649036256982,115498.45575953073,9154.5,27463.5,120839.40000000001,0.762875,1.5512089870325425,7.756044935162713,0.35254749705285054,627.6455079587612,627.6455079587612,0.0,1882.9365238762834,1882.9365238762834,0.0,1213.8509637430188,0.0,1213.8509637430188,5340.944240469284,0.0,23361.0,-0.13289743872180723,38.05464046840636
55,55,2025,4NB,4,NB,PM-Late,3,OP,PM,4.4,70,12000,1,8,75,1800,1,4,0.1,0.01,7003.0,0.0,866.0,0.0,0.0,1.0,1.0,1.0,3.66,1.83,0.17391304347826086,0.17391304347826086,30,4.135,0.592,7003.0,0.0,866.0,0.0,0.0,7869.0,9601.0,1.0,1.2,0.6154487179487179,9601.0,0.0,1.0,350.15000000000003,4989.637500000001,0.0,649.5,0.0,0.0,5901.75,0.37293658259365725,1.8646829129682863,,0.08182891942149648,0.08210704599657448,142.3792254828237,711.8961274141185,62.578050001283536,72.7081140744461,2.426683534803837,3.6309565082335853,4.218731647831549,-0.587775139597964,0.6128052146720809,408.29664492997716,6244.553355070023,0.0,0.0,408.29664492997716,7110.553355070023,21331.660065210068,408.29664492997716,0.22683146940554286,1224.8899347899314,5389.515713075699,8842.553355070024,26527.66006521007,116721.70428692433,9250.85,27752.550000000003,122111.22000000003,0.7709041666666667,1.640920963412092,8.20460481706046,0.37293658259365725,669.9825239564229,669.9825239564229,0.0,2009.9475718692688,2009.9475718692688,0.0,1224.8899347899314,0.0,1224.8899347899314,5389.515713075699,0.0,23607.0,-0.1393250836184576,38.06931162642345
56,56,2025,4SB,4,SB,Night,8,OP,NT,4.4,70,12000,1,8,75,1800,1,4,0.1,0.01,2704.0,0.0,334.0,0.0,0.0,1.0,1.0,1.0,3.66,1.83,0.17391304347826086,0.17391304347826086,30,4.103,0.708,2704.0,0.0,334.0,0.0,0.0,3038.0,3706.0,1.0,1.2,0.23756410256410257,3706.0,0.0,1.0,135.20000000000002,1926.6000000000001,0.0,250.5,0.0,0.0,2278.5,0.1232912265752297,0.6164561328761485,,0.17391248605081347,0.17391291807955364,117.64174207412691,588.2087103706345,69.99728581389662,74.6522203931154,0.0,3.5363984970545723,3.771574810799133,-0.2351763137445606,0.00020034793766931822,335.05979562549726,2233.740204374503,0.0,0.0,335.05979562549726,2567.740204374503,20541.921634996022,335.05979562549726,0.18614433090305404,2680.478365003978,11794.104806017505,3235.740204374503,25885.921634996022,113898.05519398251,3570.8,28566.4,125692.16000000002,0.2975666666666667,0.5424813969310107,2.7124069846550536,0.12329122657522969,181.76370598633872,181.76370598633872,0.0,1454.1096478907098,1454.1096478907098,0.0,2680.478365003978,0.0,2680.478365003978,11794.104806017505,0.0,24304.0,-0.06235493806756301,31.455011249766553
57,57,2025,4SB,4,SB,AM-Early,1,OP,AM,4.4,70,12000,1,8,75,1800,1,4,0.1,0.01,9153.0,0.0,1131.0,0.0,0.0,1.0,1.0,1.0,3.66,1.83,0.17391304347826086,0.17391304347826086,30,4.155,0.715,9153.0,0.0,1131.0,0.0,0.0,10284.0,12546.0,1.0,1.2,0.8042307692307692,12546.0,0.0,1.0,457.65000000000003,6521.512500000001,0.0,848.25,0.0,0.0,7713.0,1.8299998744307477,9.149999372153738,,0.11689473135598515,0.11887087576504528,148.2892568940643,741.4462844703214,37.542395973613516,61.931318021242475,2.1416070349205985,4.262786719789297,7.032049850668856,-2.769263130879559,4.467051152559192,762.3304517221992,7933.019548277802,0.0,0.0,762.3304517221992,9064.019548277802,9064.019548277802,762.3304517221992,0.423516917623444,762.3304517221992,3354.2539875776765,11326.019548277802,11326.019548277802,49834.486012422334,12088.35,12088.35,53188.74000000001,1.0073625,8.051999447495291,40.259997237476455,1.8299998744307477,6138.284376075983,6138.284376075983,0.0,6138.284376075983,6138.284376075983,0.0,762.3304517221992,0.0,762.3304517221992,3354.2539875776765,0.0,10284.0,-0.39380595838867094,39.6495339288942
58,58,2025,4SB,4,SB,AM-Peak,2,Peak,AM,4.4,70,12000,1,8,75,1800,1,4,0.1,0.01,8331.0,0.0,1030.0,0.0,0.0,1.0,1.0,1.0,3.66,1.83,0.17391304347826086,0.17391304347826086,30,4.155,0.715,8331.0,0.0,1030.0,0.0,0.0,9361.0,11421.0,1.0,1.2,0.7321153846153846,11421.0,0.0,1.0,416.55,5935.8375,0.0,772.5,0.0,0.0,7020.75,1.4031911331965046,7.015955665982522,,0.08131421244168859,0.08243639251589703,172.09399699884085,860.4699849942041,47.406033743453236,70.60265170518237,4.53158356310921,3.7392363264540376,5.568911363238827,-1.8296750367847898,2.4625514247800506,482.66795149434165,7431.782048505658,0.0,0.0,482.66795149434165,8461.782048505658,16923.564097011316,482.66795149434165,0.26814886194130094,965.3359029886833,4247.477973150207,10521.782048505658,21043.564097011316,92591.6820268498,11004.45,22008.9,96839.16,0.9170375000000001,6.174040986064621,30.8702049303231,1.4031911331965046,2980.011715185916,2980.011715185916,0.0,5960.023430371832,5960.023430371832,0.0,965.3359029886833,0.0,965.3359029886833,4247.477973150207,0.0,18722.0,-0.32855165353550675,46.014437700224825
59,59,2025,4SB,4,SB,AM-Shoulder,1,OP,AM,4.4,70,12000,1,8,75,1800,1,4,0.1,0.01,8123.0,0.0,1004.0,0.0,0.0,1.0,1.0,1.0,3.66,1.83,0.17391304347826086,0.17391304347826086,30,4.155,0.715,8123.0,0.0,1004.0,0.0,0.0,9127.0,11135.0,1.0,1.2,0.7137820512820513,11135.0,0.0,1.0,406.15000000000003,5787.637500000001,0.0,753.0,0.0,0.0,6845.25,1.1794273628985692,5.897136814492846,,0.08047516460058708,0.08139666460227411,172.94140826447327,864.7070413223664,50.34171710171979,71.0863243886456,2.849145718104166,3.7137944924068678,5.244159619477524,-1.5303651270706564,2.0176415358270656,465.76108046103036,7251.08891953897,0.0,0.0,465.76108046103036,8255.08891953897,8255.08891953897,465.76108046103036,0.25875615581168354,465.76108046103036,2049.3487540285337,10263.08891953897,10263.08891953897,45157.591245971475,10728.85,10728.85,47206.94000000001,0.8940708333333334,5.189480396753705,25.947401983768525,1.1794273628985692,2417.057996623342,2417.057996623342,0.0,2417.057996623342,2417.057996623342,0.0,465.76108046103036,0.0,465.76108046103036,2049.3487540285337,0.0,9127.0,-0.2918227586716986,46.24101825253297
60,60,2025,4SB,4,SB,MD,5,OP,MD,4.4,70,12000,1,8,75,1800,1,4,0.1,0.01,6746.0,0.0,834.0,0.0,0.0,1.0,1.0,1.0,3.66,1.83,0.17391304347826086,0.17391304347826086,30,4.136,0.708,6746.0,0.0,834.0,0.0,0.0,7580.0,9248.0,1.0,1.2,0.5928205128205128,9248.0,0.0,1.0,337.3,4806.525,0.0,625.5,0.0,0.0,5685.0,0.37459999731496985,1.8729999865748492,,0.07951465684382364,0.07975995997569998,169.3444960161126,846.7224800805631,64.29235391167741,73.13310004168017,2.3872735279195805,3.6098565471659287,4.106242561326561,-0.49638601416063244,0.45869516616024625,382.18918598625936,6026.510814013741,0.0,0.0,382.18918598625936,6860.510814013741,34302.554070068705,382.18918598625936,0.21232732554792186,1910.9459299312969,8408.162091697706,8528.510814013742,42642.55407006871,187627.23790830234,8910.7,44553.50000000001,196035.40000000005,0.7425583333333334,1.6482399881858674,8.241199940929338,0.37459999731496985,629.9394993947584,629.9394993947584,0.0,3149.697496973792,3149.697496973792,0.0,1910.9459299312969,0.0,1910.9459299312969,8408.162091697706,0.0,37900.0,-0.12088570189099354,45.27927700965577
61,61,2025,4SB,4,SB,PM-Shoulder,1,OP,PM,4.4,70,12000,1,8,75,1800,1,4,0.1,0.01,6591.0,0.0,815.0,0.0,0.0,1.0,1.0,1.0,3.66,1.83,0.17391304347826086,0.17391304347826086,30,4.135,0.592,6591.0,0.0,815.0,0.0,0.0,7406.0,9036.0,1.0,1.2,0.5792307692307692,9036.0,0.0,1.0,329.55,4696.0875,0.0,611.25,0.0,0.0,5554.5,0.27476127455865845,1.3738063727932923,,0.0831394848118643,0.08333202241338215,141.7036043430274,708.518021715137,65.26236323005693,73.12812493016547,2.256144626995498,3.6101021358350125,4.045210546074944,-0.43510841023993185,0.3750813052655314,390.43029538143577,5871.019704618564,0.0,0.0,390.43029538143577,6686.019704618564,6686.019704618564,390.43029538143577,0.21690571965635322,390.43029538143577,1717.8932996783176,8316.019704618564,8316.019704618564,36590.486700321686,8706.449999999999,8706.449999999999,38308.380000000005,0.7255375,1.2089496080580973,6.044748040290487,0.27476127455865845,472.0105525753939,472.0105525753939,0.0,472.0105525753939,472.0105525753939,0.0,390.43029538143577,0.0,390.43029538143577,1717.8932996783176,0.0,7406.0,-0.10756137543004189,37.88866426284155
62,62,2025,4SB,4,SB,PM-Peak,3,Peak,PM,4.4,70,12000,1,8,75,1800,1,4,0.1,0.01,6732.0,0.0,832.0,0.0,0.0,1.0,1.0,1.0,3.66,1.83,0.17391304347826086,0.17391304347826086,30,4.135,0.592,6732.0,0.0,832.0,0.0,0.0,7564.0,9228.0,1.0,1.2,0.5915384615384616,9228.0,0.0,1.0,336.6,4796.549999999999,0.0,624.0,0.0,0.0,5673.0,0.30375992881139896,1.5187996440569949,,0.08248659377676813,0.08270417807097953,142.04854056106217,710.2427028053108,64.44894433327646,73.00070402691195,3.621452192801967,3.6164034788304993,4.09626569885786,-0.479862220027361,0.4450268645781255,395.6510713799571,5999.7489286200425,0.0,0.0,395.6510713799571,6831.7489286200425,20495.246785860127,395.6510713799571,0.21980615076664284,1186.9532141398713,5222.594142215434,8495.748928620043,25487.24678586013,112143.88585778458,8891.400000000001,26674.2,117366.48000000001,0.7409500000000001,1.3365436867701554,6.682718433850778,0.30375992881139896,528.8049416167298,528.8049416167298,0.0,1586.4148248501895,1586.4148248501895,0.0,1186.9532141398713,0.0,1186.9532141398713,5222.594142215434,0.0,22692.0,-0.117146263281007,37.98089319814496
63,63,2025,4SB,4,SB,PM-Late,3,OP,PM,4.4,70,12000,1,8,75,1800,1,4,0.1,0.01,5543.0,0.0,685.0,0.0,0.0,1.0,1.0,1.0,3.66,1.83,0.17391304347826086,0.17391304347826086,30,4.135,0.592,5543.0,0.0,685.0,0.0,0.0,6228.0,7598.0,1.0,1.2,0.48705128205128206,7598.0,0.0,1.0,277.15000000000003,3949.3875000000003,0.0,513.75,0.0,0.0,4671.0,0.1535785826445099,0.7678929132225496,,0.09565492433071619,0.09574388367155234,135.40425405057374,677.0212702528688,68.81789608281694,73.70818334058949,1.6743657652677406,3.5816918561147193,3.836211436663171,-0.2545195805484517,0.08875252537140152,377.77836246517643,4888.071637534824,0.0,0.0,377.77836246517643,5573.071637534824,16719.21491260447,377.77836246517643,0.2098768680362091,1133.3350873955292,4986.674384540329,6943.071637534824,20829.21491260447,91648.54561545968,7320.85,21962.55,96635.22,0.6100708333333333,0.6757457636358436,3.3787288181792183,0.1535785826445099,255.28212802912915,255.28212802912915,0.0,765.8463840873875,765.8463840873875,0.0,1133.3350873955292,0.0,1133.3350873955292,4986.674384540329,0.0,18684.0,-0.06634659865615722,36.20434600282721
64,64,2025,5NB,5,NB,Night,8,OP,NT,3.0,70,8000,1,8,75,1800,1,4,0.1,0.01,1487.0,0.0,184.0,0.0,0.0,1.0,1.0,1.0,3.66,1.83,0.2448979591836735,0.2448979591836735,30,4.103,0.708,1487.0,0.0,184.0,0.0,0.0,1671.0,2039.0,1.0,1.2,0.1757758620689655,2039.0,0.0,1.0,74.35000000000001,1059.4875000000002,0.0,138.0,0.0,0.0,1253.25,0.1087532064056455,0.5437660320282275,,0.24489785708526585,0.2448978719306611,98.68765897257684,493.4382948628843,69.99958040970421,74.9113890156226,0.0,2.402838905609685,2.5714439850420328,-0.1686050794323477,2.111665044227766e-05,259.46621835862567,1153.1837816413745,0.0,0.0,259.46621835862567,1337.1837816413745,10697.470253130996,259.46621835862567,0.14414789908812536,2075.7297468690053,6227.1892406070165,1705.1837816413745,13641.470253130996,40924.41075939299,1964.65,15717.2,47151.600000000006,0.24558125,0.32625961921693647,1.6312980960846826,0.1087532064056455,84.6533496013437,84.6533496013437,0.0,677.2267968107496,677.2267968107496,0.0,2075.7297468690053,0.0,2075.7297468690053,6227.1892406070165,0.0,13368.0,-0.06556824897338438,38.70104273434386
65,65,2025,5NB,5,NB,AM-Early,1,OP,AM,3.0,70,8000,1,8,75,1800,1,4,0.1,0.01,4065.0,0.0,502.0,0.0,0.0,1.0,1.0,1.0,3.66,1.83,0.2448979591836735,0.2448979591836735,30,4.155,0.715,4065.0,0.0,502.0,0.0,0.0,4567.0,5571.0,1.0,1.2,0.4802586206896552,5571.0,0.0,1.0,203.25,2896.3125,0.0,376.5,0.0,0.0,3425.25,0.20360973353538492,1.0180486676769247,,0.1351646031720999,0.13521372217815414,140.18826527986457,700.941326399323,67.90352701821689,74.11671189445616,1.5217688295653513,2.4286020709651015,2.6508195951546125,-0.22221752418951102,0.10876570250467638,391.4789297248926,3470.2710702751074,0.0,0.0,391.4789297248926,3972.2710702751074,3972.2710702751074,391.4789297248926,0.21748829429160701,391.4789297248926,1174.4367891746779,4976.271070275107,4976.271070275107,14928.813210825323,5367.75,5367.75,16103.25,0.67096875,0.6108292006061548,3.054146003030774,0.2036097335353849,239.1267616980092,239.1267616980092,0.0,239.1267616980092,239.1267616980092,0.0,391.4789297248926,0.0,391.4789297248926,1174.4367891746779,0.0,4567.0,-0.08382974254290959,54.97579030582924
66,66,2025,5NB,5,NB,AM-Peak,2,Peak,AM,3.0,70,8000,1,8,75,1800,1,4,0.1,0.01,4453.0,0.0,550.0,0.0,0.0,1.0,1.0,1.0,3.66,1.83,0.2448979591836735,0.2448979591836735,30,4.155,0.715,4453.0,0.0,550.0,0.0,0.0,5003.0,6103.0,1.0,1.2,0.5261206896551724,6103.0,0.0,1.0,222.65,3172.7625000000003,0.0,412.5,0.0,0.0,3752.25,0.298619019626905,1.493095098134525,,0.12311193681163553,0.12319260758329481,146.0296182856438,730.1480914282189,65.5687821379457,74.00293576202571,2.8001414703647907,2.432335935682787,2.74520883461447,-0.3128728989316829,0.23807896056468117,390.6049364183268,3839.745063581673,0.0,0.0,390.6049364183268,4389.745063581673,8779.490127163346,390.6049364183268,0.217002742454626,781.2098728366536,2343.629618509961,5489.745063581673,10979.490127163346,32938.47038149004,5880.35,11760.7,35282.100000000006,0.73504375,0.8958570588807151,4.479285294403575,0.298619019626905,349.92618952401097,349.92618952401097,0.0,699.8523790480219,699.8523790480219,0.0,781.2098728366536,0.0,781.2098728366536,2343.629618509961,0.0,10006.0,-0.11397052748288346,57.266516974762276
67,67,2025,5NB,5,NB,AM-Shoulder,1,OP,AM,3.0,70,8000,1,8,75,1800,1,4,0.1,0.01,4266.0,0.0,527.0,0.0,0.0,1.0,1.0,1.0,3.66,1.83,0.2448979591836735,0.2448979591836735,30,4.155,0.715,4266.0,0.0,527.0,0.0,0.0,4793.0,5847.0,1.0,1.2,0.5040517241379311,5847.0,0.0,1.0,213.3,3039.5249999999996,0.0,395.25,0.0,0.0,3594.75,0.24544608388820896,1.2272304194410448,,0.12824029943310075,0.12830323153175,143.47067504968962,717.3533752484481,66.86495176561674,74.06661711089582,1.6660873192943075,2.430244650305765,2.6919932677280345,-0.2617486174222696,0.16517363393026444,389.78959613439554,3662.910403865604,0.0,0.0,389.78959613439554,4189.910403865604,4189.910403865604,389.78959613439554,0.21654977563021974,389.78959613439554,1169.3687884031865,5243.910403865604,5243.910403865604,15731.731211596812,5633.7,5633.7,16901.1,0.7042125,0.7363382516646269,3.6816912583231343,0.245446083888209,287.0169897346618,287.0169897346618,0.0,287.0169897346618,287.0169897346618,0.0,389.78959613439554,0.0,389.78959613439554,1169.3687884031865,0.0,4793.0,-0.09723227043698292,56.26300982340769
68,68,2025,5NB,5,NB,MD,5,OP,MD,3.0,70,8000,1,8,75,1800,1,4,0.1,0.01,4708.0,0.0,582.0,0.0,0.0,1.0,1.0,1.0,3.66,1.83,0.2448979591836735,0.2448979591836735,30,4.136,0.708,4708.0,0.0,582.0,0.0,0.0,5290.0,6454.0,1.0,1.2,0.5563793103448276,6454.0,0.0,1.0,235.4,3354.4500000000003,0.0,436.5,0.0,0.0,3967.5,0.3894515681618107,1.9472578408090535,,0.1184057789470023,0.11851879214758906,144.48215972476882,722.4107986238441,63.17958760569316,73.87312566597838,1.9471915337166785,2.4366100442788956,2.84902144539766,-0.4124114011187645,0.38030223733765167,397.18626518877187,4075.4137348112276,0.0,0.0,397.18626518877187,4657.413734811227,23287.068674056136,397.18626518877187,0.22065903621598437,1985.9313259438593,5957.793977831578,5821.413734811227,29107.068674056136,87321.20602216841,6218.599999999999,31092.999999999996,93278.99999999999,0.7773249999999999,1.168354704485432,5.841773522427161,0.3894515681618107,464.0544414903,464.0544414903,0.0,2320.2722074515,2320.2722074515,0.0,1985.9313259438593,0.0,1985.9313259438593,5957.793977831578,0.0,26450.0,-0.1447554569253869,56.6596704803015
69,69,2025,5NB,5,NB,PM-Shoulder,1,OP,PM,3.0,70,8000,1,8,75,1800,1,4,0.1,0.01,5570.0,0.0,688.0,0.0,0.0,1.0,1.0,1.0,3.66,1.83,0.2448979591836735,0.2448979591836735,30,4.135,0.592,5570.0,0.0,688.0,0.0,0.0,6258.0,7634.0,1.0,1.2,0.6581034482758621,7634.0,0.0,1.0,278.5,3968.625,0.0,516.0,0.0,0.0,4693.5,0.9488604865261423,4.744302432630711,,0.1193030932841087,0.11966750815963732,125.40858677023303,627.0429338511651,49.576915792985524,72.78312613009724,2.2910671539568237,2.473100697519593,3.630722022959476,-1.1576213254398833,1.4512320285973397,473.4692385846459,4818.030761415354,0.0,0.0,473.4692385846459,5506.030761415354,5506.030761415354,473.4692385846459,0.26303846588035884,473.4692385846459,1420.4077157539377,6882.030761415354,6882.030761415354,20646.092284246064,7355.5,7355.5,22066.5,0.9194375,2.846581459578427,14.232907297892133,0.9488604865261423,1347.7687562357678,1347.7687562357678,0.0,1347.7687562357678,1347.7687562357678,0.0,473.4692385846459,0.0,473.4692385846459,1420.4077157539377,0.0,6258.0,-0.31884052761942994,49.179837949111
70,70,2025,5NB,5,NB,PM-Peak,3,Peak,PM,3.0,70,8000,1,8,75,1800,1,4,0.1,0.01,5539.0,0.0,685.0,0.0,0.0,1.0,1.0,1.0,3.66,1.83,0.2448979591836735,0.2448979591836735,30,4.135,0.592,5539.0,0.0,685.0,0.0,0.0,6224.0,7594.0,1.0,1.2,0.6546551724137931,7594.0,0.0,1.0,276.95,3946.5375000000004,0.0,513.75,0.0,0.0,4668.0,0.9142685050652265,4.571342525326132,,0.1193509027271313,0.1197000765097649,125.39648057285682,626.9824028642842,50.18001511127223,72.82852543146659,3.561237723926842,2.4715590345074934,3.587085408421201,-1.1155263739137076,1.3914498666799027,471.02281327147597,4791.027186728525,0.0,0.0,471.02281327147597,5476.027186728525,16428.081560185572,471.02281327147597,0.26167934070637555,1413.0684398144278,4239.205319443284,6846.027186728525,20538.081560185572,61614.244680556716,7317.05,21951.15,65853.45,0.91463125,2.7428055151956796,13.714027575978397,0.9142685050652265,1291.923970023989,1291.923970023989,0.0,3875.7719100719673,3875.7719100719673,0.0,1413.0684398144278,0.0,1413.0684398144278,4239.205319443284,0.0,18672.0,-0.31098405722229205,49.17509042072817
71,71,2025,5NB,5,NB,PM-Late,3,OP,PM,3.0,70,8000,1,8,75,1800,1,4,0.1,0.01,3830.0,0.0,473.0,0.0,0.0,1.0,1.0,1.0,3.66,1.83,0.2448979591836735,0.2448979591836735,30,4.135,0.592,3830.0,0.0,473.0,0.0,0.0,4303.0,5249.0,1.0,1.2,0.4525,5249.0,0.0,1.0,191.5,2728.875,0.0,354.75,0.0,0.0,3227.25,0.14014430148335147,0.7007215074167573,,0.15160835768272352,0.15164379469241115,114.9399716007972,574.6998580039859,68.77514561004733,74.0535241579835,1.2872471602332896,2.430674327071775,2.617224556972859,-0.18655022990108394,0.06274050019567422,413.7202570714421,3224.779742928558,0.0,0.0,413.7202570714421,3697.779742928558,11093.339228785673,413.7202570714421,0.2298445872619123,1241.1607712143264,3723.482313642979,4643.779742928558,13931.339228785675,41794.01768635702,5057.5,15172.500000000002,45517.5,0.6321875,0.42043290445005443,2.102164522250272,0.14014430148335147,173.94160931036959,173.94160931036959,0.0,521.8248279311088,521.8248279311088,0.0,1241.1607712143264,0.0,1241.1607712143264,3723.482313642979,0.0,12909.0,-0.07127788458352696,45.07449866697929
72,72,2025,5SB,5,SB,Night,8,OP,NT,3.0,70,8000,1,8,75,1800,1,4,0.1,0.01,1525.0,0.0,188.0,0.0,0.0,1.0,1.0,1.0,3.66,1.83,0.2448979591836735,0.2448979591836735,30,4.103,0.708,1525.0,0.0,188.0,0.0,0.0,1713.0,2089.0,1.0,1.2,0.18008620689655172,2089.0,0.0,1.0,76.25,1086.5625,0.0,141.0,0.0,0.0,1284.75,0.10856094152474706,0.5428047076237353,,0.24489719696023626,0.24489767656696698,98.68773360699798,493.4386680349899,69.99949127256365,74.90199123073754,0.0,2.4031403844192245,2.571447259511029,-0.16830687509180464,2.5602672967585744e-05,266.09611057210674,1182.6538894278933,0.0,0.0,266.09611057210674,1370.6538894278933,10965.231115423147,266.09611057210674,0.14783117254005929,2128.768884576854,6386.306653730562,1746.6538894278933,13973.231115423147,41919.69334626944,2012.75,16102.0,48306.00000000001,0.25159375,0.3256828245742412,1.628414122871206,0.10856094152474706,86.66293289934333,86.66293289934333,0.0,693.3034631947467,693.3034631947467,0.0,2128.768884576854,0.0,2128.768884576854,6386.306653730562,0.0,13704.0,-0.0654521979672291,38.701072002744304
73,73,2025,5SB,5,SB,AM-Early,1,OP,AM,3.0,70,8000,1,8,75,1800,1,4,0.1,0.01,4818.0,0.0,595.0,0.0,0.0,1.0,1.0,1.0,3.66,1.83,0.2448979591836735,0.2448979591836735,30,4.155,0.715,4818.0,0.0,595.0,0.0,0.0,5413.0,6603.0,1.0,1.2,0.5692241379310344,6603.0,0.0,1.0,240.9,3432.8250000000003,0.0,446.25,0.0,0.0,4059.75,0.4585075201520712,2.292537600760356,,0.11639915411055515,0.1165348451794627,149.5497887507647,747.7489437538235,61.90764319071761,73.81673645028658,2.014112107715416,2.438471390850837,2.907556978796264,-0.4690855879454272,0.4604959180937391,399.5779262095665,4177.522073790434,0.0,0.0,399.5779262095665,4772.522073790434,4772.522073790434,399.5779262095665,0.2219877367830925,399.5779262095665,1198.7337786286994,5962.522073790434,5962.522073790434,17887.5662213713,6362.1,6362.1,19086.3,0.7952625000000001,1.3755225604562136,6.877612802281067,0.4585075201520712,549.6284521615669,549.6284521615669,0.0,549.6284521615669,549.6284521615669,0.0,399.5779262095665,0.0,399.5779262095665,1198.7337786286994,0.0,5413.0,-0.1613332400246305,58.646975980692034
74,74,2025,5SB,5,SB,AM-Peak,2,Peak,AM,3.0,70,8000,1,8,75,1800,1,4,0.1,0.01,3481.0,0.0,430.0,0.0,0.0,1.0,1.0,1.0,3.66,1.83,0.2448979591836735,0.2448979591836735,30,4.155,0.715,3481.0,0.0,430.0,0.0,0.0,3911.0,4771.0,1.0,1.2,0.41129310344827585,4771.0,0.0,1.0,174.05,2480.2124999999996,0.0,322.5,0.0,0.0,2933.25,0.13924497211247952,0.6962248605623976,,0.16352650134649213,0.16355376506468305,128.46660123686937,642.3330061843468,69.45400920779853,74.20213172046886,1.6774538371540626,2.4258063188546712,2.5916430462849216,-0.16583672743025035,0.027693830553199978,405.58047272083655,2901.3695272791633,0.0,0.0,405.58047272083655,3331.3695272791633,6662.739054558327,405.58047272083655,0.2253224848449092,811.1609454416731,2433.4828363250194,4191.369527279163,8382.739054558326,25148.217163674977,4596.95,9193.9,27581.699999999997,0.57461875,0.41773491633743853,2.0886745816871928,0.13924497211247952,169.42512484013744,169.42512484013744,0.0,338.8502496802749,338.8502496802749,0.0,811.1609454416731,0.0,811.1609454416731,2433.4828363250194,0.0,7822.0,-0.0639890310773988,50.37905930857622
75,75,2025,5SB,5,SB,AM-Shoulder,1,OP,AM,3.0,70,8000,1,8,75,1800,1,4,0.1,0.01,3793.0,0.0,469.0,0.0,0.0,1.0,1.0,1.0,3.66,1.83,0.2448979591836735,0.2448979591836735,30,4.155,0.715,3793.0,0.0,469.0,0.0,0.0,4262.0,5200.0,1.0,1.2,0.4482758620689655,5200.0,0.0,1.0,189.65,2702.5125,0.0,351.75,0.0,0.0,3196.5,0.16572399937669804,0.8286199968834902,,0.1468839854488894,0.14692048726990212,135.03836692030495,675.1918346015248,68.83790821761757,74.16346251164687,1.3175443646968903,2.427071146681322,2.6148383159895743,-0.18776716930825232,0.05947135004857408,396.9558067254417,3206.3941932745583,0.0,0.0,396.9558067254417,3675.3941932745583,3675.3941932745583,396.9558067254417,0.22053100373635648,396.9558067254417,1190.8674201763251,4613.394193274558,4613.394193274558,13840.182579823675,5010.35,5010.35,15031.05,0.6262937500000001,0.49717199813009416,2.4858599906504706,0.16572399937669804,197.3553115990313,197.3553115990313,0.0,197.3553115990313,197.3553115990313,0.0,396.9558067254417,0.0,396.9558067254417,1190.8674201763251,0.0,4262.0,-0.07180832870624074,52.956222321688216
76,76,2025,5SB,5,SB,MD,5,OP,MD,3.0,70,8000,1,8,75,1800,1,4,0.1,0.01,4637.0,0.0,573.0,0.0,0.0,1.0,1.0,1.0,3.66,1.83,0.2448979591836735,0.2448979591836735,30,4.136,0.708,4637.0,0.0,573.0,0.0,0.0,5210.0,6356.0,1.0,1.2,0.5479310344827586,6356.0,0.0,1.0,231.85000000000002,3303.8624999999997,0.0,429.75,0.0,0.0,3907.5,0.35766055498832394,1.7883027749416196,,0.11961676566204485,0.11971878355584413,143.86663871091633,719.3331935545816,63.92701153370571,73.91151259762522,1.9043553349557487,2.4353445582952853,2.8157111631144285,-0.3803666048191432,0.33466715060962476,395.19734644211763,4009.952653557882,0.0,0.0,395.19734644211763,4582.9526535578825,22914.763267789414,395.19734644211763,0.21955408135673202,1975.9867322105881,5927.960196631764,5728.9526535578825,28644.763267789414,85934.28980336824,6124.150000000001,30620.750000000004,91862.25,0.76551875,1.072981664964972,5.364908324824858,0.357660554988324,424.0395067752022,424.0395067752022,0.0,2120.197533876011,2120.197533876011,0.0,1975.9867322105881,0.0,1975.9867322105881,5927.960196631764,0.0,26050.0,-0.1350872240739436,56.418289690555426
77,77,2025,5SB,5,SB,PM-Shoulder,1,OP,PM,3.0,70,8000,1,8,75,1800,1,4,0.1,0.01,4858.0,0.0,600.0,0.0,0.0,1.0,1.0,1.0,3.66,1.83,0.2448979591836735,0.2448979591836735,30,4.135,0.592,4858.0,0.0,600.0,0.0,0.0,5458.0,6658.0,1.0,1.2,0.5739655172413793,6658.0,0.0,1.0,242.9,3461.3250000000003,0.0,450.0,0.0,0.0,4093.5,0.3865960600484435,1.9329803002422175,,0.12250885837000669,0.12263783397379982,124.31832200686377,621.5916100343188,61.62223824721851,73.61255216900202,1.9618596176212928,2.445235149390695,2.9210234019392307,-0.4757882525485355,0.4789449177996037,424.04297419756347,4191.057025802437,0.0,0.0,424.04297419756347,4791.057025802437,4791.057025802437,424.04297419756347,0.2355794301097575,424.04297419756347,1272.1289225926903,5991.057025802437,5991.057025802437,17973.17107740731,6415.1,6415.1,19245.300000000003,0.8018875000000001,1.1597881801453305,5.798940900726652,0.3865960600484435,491.80002934800547,491.80002934800547,0.0,491.80002934800547,491.80002934800547,0.0,424.04297419756347,0.0,424.04297419756347,1272.1289225926903,0.0,5458.0,-0.16288409474318682,48.75228313994657
78,78,2025,5SB,5,SB,PM-Peak,3,Peak,PM,3.0,70,8000,1,8,75,1800,1,4,0.1,0.01,4919.0,0.0,608.0,0.0,0.0,1.0,1.0,1.0,3.66,1.83,0.2448979591836735,0.2448979591836735,30,4.135,0.592,4919.0,0.0,608.0,0.0,0.0,5527.0,6743.0,1.0,1.2,0.5812931034482759,6743.0,0.0,1.0,245.95000000000002,3504.7875000000004,0.0,456.0,0.0,0.0,4145.25,0.41721486066037505,2.086074303301875,,0.12188263707241224,0.12202369181853141,124.5414332878157,622.7071664390785,60.82136293548365,73.56140985375842,3.1164099582246947,2.4469351574126117,2.959486458580931,-0.5125513011683194,0.5316393053987326,427.1727428784271,4245.877257121573,0.0,0.0,427.1727428784271,4853.877257121573,14561.631771364719,427.1727428784271,0.23731819048801503,1281.5182286352813,3844.554685905844,6069.877257121573,18209.63177136472,54628.89531409416,6497.05,19491.15,58473.450000000004,0.81213125,1.2516445819811253,6.2582229099056255,0.41721486066037505,534.6684491937996,534.6684491937996,0.0,1604.0053475813988,1604.0053475813988,0.0,1281.5182286352813,0.0,1281.5182286352813,3844.554685905844,0.0,16581.0,-0.17318927061895964,48.83977775992773
79,79,2025,5SB,5,SB,PM-Late,3,OP,PM,3.0,70,8000,1,8,75,1800,1,4,0.1,0.01,3555.0,0.0,439.0,0.0,0.0,1.0,1.0,1.0,3.66,1.83,0.2448979591836735,0.2448979591836735,30,4.135,0.592,3555.0,0.0,439.0,0.0,0.0,3994.0,4872.0,1.0,1.2,0.42,4872.0,0.0,1.0,177.75,2532.9375,0.0,329.25,0.0,0.0,2995.5,0.1201515210048387,0.6007576050241935,,0.16611936493150314,0.16614701687236655,110.93517959205941,554.6758979602971,69.36284178216725,74.09424851227617,1.0746847682234484,2.429338357756298,2.595049386316765,-0.16571102856046727,0.032360516396825405,420.76996891118927,2956.480031088811,0.0,0.0,420.76996891118927,3395.480031088811,10186.440093266432,420.76996891118927,0.2337610938395496,1262.309906733568,3786.9297202007037,4273.480031088811,12820.440093266434,38461.3202797993,4694.250000000001,14082.750000000002,42248.25,0.5867812500000001,0.36045456301451606,1.8022728150725804,0.1201515210048387,151.66845527351424,151.66845527351424,0.0,455.0053658205427,455.0053658205427,0.0,1262.309906733568,0.0,1262.309906733568,3786.9297202007037,0.0,11982.0,-0.06385659919777717,43.503991996886036
80,80,2025,6NB,6,NB,Night,8,OP,NT,4.4,70,8000,1,8,75,1800,1,4,0.1,0.01,1452.0,0.0,179.0,0.0,0.0,1.0,1.0,1.0,3.66,1.83,0.282574568288854,0.282574568288854,30,4.103,0.708,1452.0,0.0,179.0,0.0,0.0,1631.0,1989.0,1.0,1.2,0.17146551724137932,1989.0,0.0,1.0,72.60000000000001,896.6100000000001,0.0,116.35000000000001,0.0,0.0,1060.15,0.10038201179058577,0.5019100589529288,,0.28252664035744873,0.28252610865608896,90.95285262514552,454.7642631257276,69.99965633059594,74.91947540332808,0.0,3.5237833497733297,3.771447087585329,-0.24766373781199924,2.5367134758030323e-05,253.31621101089215,1126.083788989108,0.0,0.0,253.31621101089215,1305.083788989108,10440.670311912863,253.31621101089215,0.14073122833938453,2026.5296880871372,8916.730627583403,1663.083788989108,13304.670311912863,58540.5493724166,1916.4,15331.2,67457.28,0.23955,0.4416808518785774,2.208404259392887,0.10038201179058577,111.88491987394431,111.88491987394431,0.0,895.0793589915545,895.0793589915545,0.0,2026.5296880871372,0.0,2026.5296880871372,8916.730627583403,0.0,13048.0,-0.0656680929257226,24.318944552177946
81,81,2025,6NB,6,NB,AM-Early,1,OP,AM,4.4,70,8000,1,8,75,1800,1,4,0.1,0.01,3969.0,0.0,491.0,0.0,0.0,1.0,1.0,1.0,3.66,1.83,0.282574568288854,0.282574568288854,30,4.155,0.715,3969.0,0.0,491.0,0.0,0.0,4460.0,5442.0,1.0,1.2,0.46913793103448276,5442.0,0.0,1.0,198.45000000000002,2450.8575,0.0,319.15000000000003,0.0,0.0,2899.0,0.17885301113683416,0.8942650556841708,,0.15818587999463518,0.15823716120151685,130.48215760619192,652.4107880309596,68.2670519904888,74.16608100984804,2.1553291008510675,3.559578669998016,3.8671656722013044,-0.3075870022032885,0.13115982805864435,387.6910503789516,3382.8589496210484,0.0,0.0,387.6910503789516,3873.8589496210484,3873.8589496210484,387.6910503789516,0.21538391687719535,387.6910503789516,1705.8406216673873,4855.858949621048,4855.858949621048,21365.779378332612,5243.549999999999,5243.549999999999,23071.62,0.6554437499999999,0.7869532490020704,3.9347662450103518,0.1788530111368342,305.0947317047413,305.0947317047413,0.0,305.0947317047413,305.0947317047413,0.0,387.6910503789516,0.0,387.6910503789516,1705.8406216673873,0.0,4460.0,-0.07953809799625185,34.88827743481067
82,82,2025,6NB,6,NB,AM-Peak,2,Peak,AM,4.4,70,8000,1,8,75,1800,1,4,0.1,0.01,4348.0,0.0,537.0,0.0,0.0,1.0,1.0,1.0,3.66,1.83,0.282574568288854,0.282574568288854,30,4.155,0.715,4348.0,0.0,537.0,0.0,0.0,4885.0,5959.0,1.0,1.2,0.5137068965517242,5959.0,0.0,1.0,217.4,2684.8900000000003,0.0,349.05,0.0,0.0,3175.25,0.2539338797171465,1.2696693985857324,,0.14315378431657286,0.143235825021153,136.60780000089676,683.0390000044838,66.31344118871863,74.07476741586274,3.9877664391411547,3.5639666408654254,3.981093354041054,-0.41712671317562844,0.28724075217910083,384.35216397372335,3746.2478360262767,0.0,0.0,384.35216397372335,4283.247836026277,8566.495672052553,384.35216397372335,0.21352897998540185,768.7043279474467,3382.2990429687657,5357.247836026277,10714.495672052553,47143.78095703124,5741.6,11483.2,50526.08,0.7177,1.1173090707554447,5.586545353777223,0.2539338797171465,429.44015917232514,429.44015917232514,0.0,858.8803183446503,858.8803183446503,0.0,768.7043279474467,0.0,768.7043279474467,3382.2990429687657,0.0,9770.0,-0.1047769233424831,36.52614973286009
83,83,2025,6NB,6,NB,AM-Shoulder,1,OP,AM,4.4,70,8000,1,8,75,1800,1,4,0.1,0.01,4165.0,0.0,515.0,0.0,0.0,1.0,1.0,1.0,3.66,1.83,0.282574568288854,0.282574568288854,30,4.155,0.715,4165.0,0.0,515.0,0.0,0.0,4680.0,5710.0,1.0,1.2,0.49224137931034484,5710.0,0.0,1.0,208.25,2571.8875000000003,0.0,334.75,0.0,0.0,3042.0,0.21191838889279452,1.0595919444639725,,0.14967940056241133,0.1497441910598765,133.8653917196596,669.326958598298,67.40258940692226,74.12560448520597,2.3659317844424557,3.5615223893747707,3.9167634704088554,-0.3552410810340847,0.1991088116029894,384.9585793139587,3571.7914206860414,0.0,0.0,384.9585793139587,4086.7914206860414,4086.7914206860414,384.9585793139587,0.21386587739664373,384.9585793139587,1693.8177489814184,5116.791420686041,5116.791420686041,22513.882251018586,5501.75,5501.75,24207.700000000004,0.68771875,0.932440911128296,4.6622045556414795,0.21191838889279452,358.95112844216203,358.95112844216203,0.0,358.95112844216203,358.95112844216203,0.0,384.9585793139587,0.0,384.9585793139587,1693.8177489814184,0.0,4680.0,-0.09069760880837731,35.79288548654
84,84,2025,6NB,6,NB,MD,5,OP,MD,4.4,70,8000,1,8,75,1800,1,4,0.1,0.01,4597.0,0.0,568.0,0.0,0.0,1.0,1.0,1.0,3.66,1.83,0.282574568288854,0.282574568288854,30,4.136,0.708,4597.0,0.0,568.0,0.0,0.0,5165.0,6301.0,1.0,1.2,0.5431896551724138,6301.0,0.0,1.0,229.85000000000002,2838.6475,0.0,369.2,0.0,0.0,3357.25,0.32537352460085023,1.6268676230042511,,0.1368911993677299,0.13700452651606274,135.70246032384665,678.5123016192332,64.27904786162674,73.96928157513105,2.784153075537465,3.569049129290969,4.107092571879904,-0.5380434425889349,0.4598596806183257,388.58586085720805,3978.564139142792,0.0,0.0,388.58586085720805,4546.564139142793,22732.820695713963,388.58586085720805,0.21588103380956003,1942.9293042860402,8548.888938858578,5682.564139142793,28412.820695713963,125016.41106114145,6071.150000000001,30355.750000000004,133565.30000000002,0.75889375,1.431643508243741,7.158217541218706,0.32537352460085023,556.3164250915275,556.3164250915275,0.0,2781.5821254576376,2781.5821254576376,0.0,1942.9293042860402,0.0,1942.9293042860402,8548.888938858578,0.0,25825.0,-0.1310034855977597,36.28408030049375
85,85,2025,6NB,6,NB,PM-Shoulder,1,OP,PM,4.4,70,8000,1,8,75,1800,1,4,0.1,0.01,5439.0,0.0,672.0,0.0,0.0,1.0,1.0,1.0,3.66,1.83,0.282574568288854,0.282574568288854,30,4.135,0.592,5439.0,0.0,672.0,0.0,0.0,6111.0,7455.0,1.0,1.2,0.6426724137931035,7455.0,0.0,1.0,271.95,3358.5825000000004,0.0,436.8,0.0,0.0,3972.15,0.7731419418353386,3.8657097091766928,,0.13597940569008615,0.13633972889743182,119.62626589984548,598.1313294992274,52.12434000575181,73.0387430143129,3.3086822204827047,3.6145200355962555,5.064812330877823,-1.4502922952815673,1.7719357504454758,456.69805231112383,4710.351947688876,0.0,0.0,456.69805231112383,5382.351947688876,5382.351947688876,456.69805231112383,0.2537211401728466,456.69805231112383,2009.471430168945,6726.351947688876,6726.351947688876,29595.948569831056,7183.05,7183.05,31605.420000000002,0.8978812500000001,3.40182454407549,17.009122720377448,0.7731419418353386,1553.606643583453,1553.606643583453,0.0,1553.606643583453,1553.606643583453,0.0,456.69805231112383,0.0,456.69805231112383,2009.471430168945,0.0,6111.0,-0.2863466996476463,31.985632593541567
86,86,2025,6NB,6,NB,PM-Peak,3,Peak,PM,4.4,70,8000,1,8,75,1800,1,4,0.1,0.01,5409.0,0.0,668.0,0.0,0.0,1.0,1.0,1.0,3.66,1.83,0.282574568288854,0.282574568288854,30,4.135,0.592,5409.0,0.0,668.0,0.0,0.0,6077.0,7413.0,1.0,1.2,0.639051724137931,7413.0,0.0,1.0,270.45,3340.0575000000003,0.0,434.2,0.0,0.0,3950.05,0.74359390005888,3.7179695002944,,0.1360108386993776,0.13635547123891,119.62116591991754,598.1058295995877,52.72165842782689,73.07947486797079,5.139304336210278,3.612505432981781,5.007429733292661,-1.3949243003108802,1.6933215917538038,454.28402187914645,4684.265978120854,0.0,0.0,454.28402187914645,5352.265978120854,16056.797934362563,454.28402187914645,0.2523800121550814,1362.8520656374394,5996.549088804734,6688.265978120854,20064.797934362563,88285.11091119528,7142.55,21427.65,94281.66000000002,0.89281875,3.2718131602590725,16.359065801295362,0.74359390005888,1486.3324412796119,1486.3324412796119,0.0,4458.997323838836,4458.997323838836,0.0,1362.8520656374394,0.0,1362.8520656374394,5996.549088804734,0.0,18231.0,-0.2785709185366123,31.984268962544796
87,87,2025,6NB,6,NB,PM-Late,3,OP,PM,4.4,70,8000,1,8,75,1800,1,4,0.1,0.01,3740.0,0.0,462.0,0.0,0.0,1.0,1.0,1.0,3.66,1.83,0.282574568288854,0.282574568288854,30,4.135,0.592,3740.0,0.0,462.0,0.0,0.0,4202.0,5126.0,1.0,1.2,0.44189655172413794,5126.0,0.0,1.0,187.0,2309.4500000000003,0.0,300.3,0.0,0.0,2731.3,0.1265308101547234,0.6326540507736169,,0.1782126251645593,0.17825090050068426,107.86218723613757,539.3109361806877,68.99645216582327,74.09393045605192,1.807609543703012,3.563044886066464,3.8262836959429904,-0.2632388098765266,0.07515152058475372,411.5731471862915,3141.4268528137086,0.0,0.0,411.5731471862915,3603.4268528137086,10810.280558441125,411.5731471862915,0.22865174843682862,1234.7194415588747,5432.765542859049,4527.426852813709,13582.280558441127,59762.034457140966,4939.000000000001,14817.000000000002,65194.80000000002,0.6173750000000001,0.556735564680783,2.783677823403915,0.1265308101547234,229.13740850620704,229.13740850620704,0.0,687.4122255186211,687.4122255186211,0.0,1234.7194415588747,0.0,1234.7194415588747,5432.765542859049,0.0,12606.0,-0.06879751497664399,28.840157015010046
88,88,2025,6SB,6,SB,Night,8,OP,NT,4.4,70,8000,1,8,75,1800,1,4,0.1,0.01,1489.0,0.0,184.0,0.0,0.0,1.0,1.0,1.0,3.66,1.83,0.282574568288854,0.282574568288854,30,4.103,0.708,1489.0,0.0,184.0,0.0,0.0,1673.0,2041.0,1.0,1.2,0.17594827586206896,2041.0,0.0,1.0,74.45,919.4575,0.0,119.60000000000001,0.0,0.0,1087.45,0.1002801068591909,0.5014005342959545,,0.2822687216113005,0.28227078889589885,91.00179097026933,455.00895485134663,69.99957675129184,74.91121084396288,0.0,3.524172110231961,3.7714513751703205,-0.2472792649383595,3.124112619599329e-05,259.53409310092235,1155.0159068990777,0.0,0.0,259.53409310092235,1339.0159068990777,10712.127255192621,259.53409310092235,0.1441856072782902,2076.272744807379,9135.600077152467,1707.0159068990777,13656.127255192621,60086.95992284754,1966.55,15732.4,69222.56000000001,0.24581875,0.44123247018044004,2.2061623509022,0.1002801068591909,114.51486899496027,114.51486899496027,0.0,916.1189519596821,916.1189519596821,0.0,2076.272744807379,0.0,2076.272744807379,9135.600077152467,0.0,13384.0,-0.06556607532218077,24.332029671195006
89,89,2025,6SB,6,SB,AM-Early,1,OP,AM,4.4,70,8000,1,8,75,1800,1,4,0.1,0.01,4705.0,0.0,581.0,0.0,0.0,1.0,1.0,1.0,3.66,1.83,0.282574568288854,0.282574568288854,30,4.155,0.715,4705.0,0.0,581.0,0.0,0.0,5286.0,6448.0,1.0,1.2,0.5558620689655173,6448.0,0.0,1.0,235.25,2905.3375,0.0,377.65000000000003,0.0,0.0,3435.9,0.380972379330207,1.9048618966510351,,0.1341967261357677,0.13433214216401995,140.59631792133735,702.9815896066867,63.16901554442268,73.92452887903386,2.886160223451578,3.5712097730375185,4.179264117458755,-0.6080543444212361,0.5587346980613512,389.886780819476,4079.8632191805236,0.0,0.0,389.886780819476,4660.863219180524,4660.863219180524,389.886780819476,0.2166037671219311,389.886780819476,1715.5018356056944,5822.863219180524,5822.863219180524,25620.598164394305,6212.75,6212.75,27336.1,0.77659375,1.676278469052911,8.381392345264555,0.380972379330207,653.5588160560391,653.5588160560391,0.0,653.5588160560391,653.5588160560391,0.0,389.886780819476,0.0,389.886780819476,1715.5018356056944,0.0,5286.0,-0.1454931603583288,37.592598374689125
90,90,2025,6SB,6,SB,AM-Peak,2,Peak,AM,4.4,70,8000,1,8,75,1800,1,4,0.1,0.01,3399.0,0.0,420.0,0.0,0.0,1.0,1.0,1.0,3.66,1.83,0.282574568288854,0.282574568288854,30,4.155,0.715,3399.0,0.0,420.0,0.0,0.0,3819.0,4659.0,1.0,1.2,0.40163793103448275,4659.0,0.0,1.0,169.95000000000002,2098.8825,0.0,273.0,0.0,0.0,2482.35,0.12703819503285035,0.6351909751642517,,0.19161563326192582,0.1916448404922035,118.9107748529828,594.5538742649138,69.55302883818597,74.24223256567197,2.3567872365867752,3.5559275479286705,3.795665040183827,-0.2397374922551565,0.03320396219469979,402.17869937987405,2826.871300620126,0.0,0.0,402.17869937987405,3246.871300620126,6493.742601240252,402.17869937987405,0.2234326107665967,804.3573987597481,3539.1725545428917,4086.871300620126,8173.742601240252,35964.467445457114,4489.05,8978.1,39503.64000000001,0.56113125,0.5589680581445416,2.794840290722708,0.12703819503285035,224.80504661946557,224.80504661946557,0.0,449.61009323893114,449.61009323893114,0.0,804.3573987597481,0.0,804.3573987597481,3539.1725545428917,0.0,7638.0,-0.06316086633491395,31.794324827000747
91,91,2025,6SB,6,SB,AM-Shoulder,1,OP,AM,4.4,70,8000,1,8,75,1800,1,4,0.1,0.01,3704.0,0.0,458.0,0.0,0.0,1.0,1.0,1.0,3.66,1.83,0.282574568288854,0.282574568288854,30,4.155,0.715,3704.0,0.0,458.0,0.0,0.0,4162.0,5078.0,1.0,1.2,0.43775862068965515,5078.0,0.0,1.0,185.20000000000002,2287.2200000000003,0.0,297.7,0.0,0.0,2705.3,0.1484969589838627,0.7424847949193135,,0.17216204861948883,0.17220071909181836,125.34069619715476,626.7034809857738,69.04605611086662,74.20571018729032,1.857694514003299,3.55767769533748,3.8235348240035263,-0.26585712866604627,0.07138556602768831,393.7724808434673,3125.027519156533,0.0,0.0,393.7724808434673,3583.027519156533,3583.027519156533,393.7724808434673,0.21876248935748183,393.7724808434673,1732.5989157112563,4499.027519156532,4499.027519156532,19795.721084288743,4892.799999999999,4892.799999999999,21528.32,0.6115999999999999,0.6533866195289959,3.2669330976449795,0.1484969589838627,257.28567012185937,257.28567012185937,0.0,257.28567012185937,257.28567012185937,0.0,393.7724808434673,0.0,393.7724808434673,1732.5989157112563,0.0,4162.0,-0.06953176599753681,33.51355513292908
92,92,2025,6SB,6,SB,MD,5,OP,MD,4.4,70,8000,1,8,75,1800,1,4,0.1,0.01,4528.0,0.0,560.0,0.0,0.0,1.0,1.0,1.0,3.66,1.83,0.282574568288854,0.282574568288854,30,4.136,0.708,4528.0,0.0,560.0,0.0,0.0,5088.0,6208.0,1.0,1.2,0.5351724137931034,6208.0,0.0,1.0,226.4,2796.0400000000004,0.0,364.0,0.0,0.0,3307.2000000000003,0.3008081457022331,1.5040407285111654,,0.1385323239251552,0.13863521327640863,134.99285111423777,674.9642555711888,64.90292436518527,73.99980721928833,2.721766272583419,3.567576861621707,4.0676133253190185,-0.5000364636973114,0.40577311282991235,387.341918987691,3914.2580810123086,0.0,0.0,387.341918987691,4474.258081012309,22371.290405061547,387.341918987691,0.21518995499316165,1936.7095949384548,8521.522217729202,5594.258081012309,27971.290405061547,123073.67778227081,5981.6,29908.0,131595.2,0.7477,1.3235558410898256,6.6177792054491285,0.3008081457022331,512.6686593751004,512.6686593751004,0.0,2563.3432968755023,2563.3432968755023,0.0,1936.7095949384548,0.0,1936.7095949384548,8521.522217729202,0.0,25440.0,-0.12293116963326253,36.094345217710625
93,93,2025,6SB,6,SB,PM-Shoulder,1,OP,PM,4.4,70,8000,1,8,75,1800,1,4,0.1,0.01,4744.0,0.0,586.0,0.0,0.0,1.0,1.0,1.0,3.66,1.83,0.282574568288854,0.282574568288854,30,4.135,0.592,4744.0,0.0,586.0,0.0,0.0,5330.0,6502.0,1.0,1.2,0.5605172413793104,6502.0,0.0,1.0,237.20000000000002,2929.42,0.0,380.90000000000003,0.0,0.0,3464.5,0.3232604225565185,1.6163021127825925,,0.14146386345138198,0.1415943395047116,117.95754385997868,589.7877192998934,62.92585348787572,73.73375000905295,2.808574122667806,3.580449929205911,4.195413893764132,-0.6149639645582212,0.5808598915997185,414.4070708717474,4092.392929128253,0.0,0.0,414.4070708717474,4678.392929128253,4678.392929128253,414.4070708717474,0.23022615048430412,414.4070708717474,1823.3911118356887,5850.392929128253,5850.392929128253,25741.728888164314,6264.8,6264.8,27565.120000000003,0.7831,1.4223458592486815,7.111729296243408,0.3232604225565185,589.4301812978048,589.4301812978048,0.0,589.4301812978048,589.4301812978048,0.0,414.4070708717474,0.0,414.4070708717474,1823.3911118356887,0.0,5330.0,-0.14658004672012814,31.539450229940822
94,94,2025,6SB,6,SB,PM-Peak,3,Peak,PM,4.4,70,8000,1,8,75,1800,1,4,0.1,0.01,4804.0,0.0,594.0,0.0,0.0,1.0,1.0,1.0,3.66,1.83,0.282574568288854,0.282574568288854,30,4.135,0.592,4804.0,0.0,594.0,0.0,0.0,5398.0,6586.0,1.0,1.2,0.5677586206896552,6586.0,0.0,1.0,240.20000000000002,2966.4700000000003,0.0,386.1,0.0,0.0,3508.7000000000003,0.34802470610501113,1.7401235305250555,,0.14054263976271955,0.1406850622557862,118.24159557772346,591.2079778886172,62.22005968445995,73.69114305032194,4.466785170181153,3.582520084126265,4.243004608784336,-0.6604845246580706,0.6460591711773978,416.9155245769147,4146.884475423086,0.0,0.0,416.9155245769147,4740.884475423086,14222.653426269258,416.9155245769147,0.23161973587606374,1250.746573730744,5503.284924415275,5928.884475423086,17786.65342626926,78261.27507558474,6345.8,19037.4,83764.56000000001,0.7932250000000001,1.531308706862049,7.656543534310245,0.34802470610501113,638.4263728105881,638.4263728105881,0.0,1915.2791184317643,1915.2791184317643,0.0,1250.746573730744,0.0,1250.746573730744,5503.284924415275,0.0,16194.0,-0.155664342973058,31.61539988709183
95,95,2025,6SB,6,SB,PM-Late,3,OP,PM,4.4,70,8000,1,8,75,1800,1,4,0.1,0.01,3472.0,0.0,429.0,0.0,0.0,1.0,1.0,1.0,3.66,1.83,0.282574568288854,0.282574568288854,30,4.135,0.592,3472.0,0.0,429.0,0.0,0.0,3901.0,4759.0,1.0,1.2,0.4102586206896552,4759.0,0.0,1.0,173.60000000000002,2143.96,0.0,278.85,0.0,0.0,2535.65,0.11039609397408895,0.5519804698704447,,0.19528106348730637,0.1953112840770835,103.8788547952694,519.394273976347,69.47843516306177,74.13103352609374,1.5030336781936153,3.5612615586571224,3.7997401550626124,-0.23847859640549007,0.038786869578635856,418.67478887424534,2879.725211125755,0.0,0.0,418.67478887424534,3308.725211125755,9926.175633377265,418.67478887424534,0.2325971049301363,1256.0243666227361,5526.507213140039,4166.725211125755,12500.175633377265,55000.77278685997,4585.400000000001,13756.2,60527.280000000006,0.5731750000000001,0.4857428134859914,2.428714067429957,0.11039609397408895,203.36826988342938,203.36826988342938,0.0,610.1048096502882,610.1048096502882,0.0,1256.0243666227361,0.0,1256.0243666227361,5526.507213140039,0.0,11703.0,-0.06276181703839703,27.775094865045297
96,96,2025,7NB,7,NB,Night,8,OP,NT,5.6,70,6000,1,8,75,1800,1,4,0.1,0.01,663.0,0.0,82.0,0.0,0.0,1.0,1.0,1.0,3.66,1.83,0.35502958579881655,0.35502958579881655,30,4.103,0.708,663.0,0.0,82.0,0.0,0.0,745.0,909.0,1.0,1.2,0.0946875,909.0,0.0,1.0,33.15,409.40250000000003,0.0,53.300000000000004,0.0,0.0,484.25,0.10000035974400653,0.5000017987200327,,0.29127429762089035,0.29127434494776894,89.31445162967566,446.5722581483783,69.99999369315728,74.99614636258795,0.0,4.480230202436303,4.800000432469254,-0.319770230032951,5.92482878538636e-07,119.24842563173657,510.6015743682634,0.0,0.0,119.24842563173657,592.6015743682634,4740.812594946107,119.24842563173657,0.06624912535096476,953.9874050538925,5342.3294683017975,756.6015743682634,6052.812594946107,33895.7505316982,875.85,7006.8,39238.079999999994,0.145975,0.5600020145664365,2.800010072832183,0.10000035974400653,66.77935858764836,66.77935858764836,0.0,534.2348687011869,534.2348687011869,0.0,953.9874050538925,0.0,953.9874050538925,5342.3294683017975,0.0,5960.0,-0.06661879192132746,18.763540258335226
97,97,2025,7NB,7,NB,AM-Early,1,OP,AM,5.6,70,6000,1,8,75,1800,1,4,0.1,0.01,1357.0,0.0,168.0,0.0,0.0,1.0,1.0,1.0,3.66,1.83,0.35502958579881655,0.35502958579881655,30,4.155,0.715,1357.0,0.0,168.0,0.0,0.0,1525.0,1861.0,1.0,1.2,0.19385416666666666,1861.0,0.0,1.0,67.85000000000001,837.9475000000001,0.0,109.2,0.0,0.0,991.25,0.10000000925457969,0.5000000462728984,,0.3113705984509508,0.3113723460313087,90.6271971252032,453.13598562601595,69.9982092811447,74.91662884947216,0.0,4.484985578770705,4.80012279529139,-0.31513721652068494,0.00016822954920415383,260.9122145454781,1028.237785454522,0.0,0.0,260.9122145454781,1196.237785454522,1196.237785454522,260.9122145454781,0.14495123030304338,260.9122145454781,1461.1084014546773,1532.237785454522,1532.237785454522,8580.531598545324,1793.15,1793.15,10041.640000000001,0.29885833333333334,0.5600000518256463,2.8000002591282307,0.10000000925457969,146.11085366741187,146.11085366741187,0.0,146.11085366741187,146.11085366741187,0.0,260.9122145454781,0.0,260.9122145454781,1461.1084014546773,0.0,1525.0,-0.0656519072449176,19.039327127143533
98,98,2025,7NB,7,NB,AM-Peak,2,Peak,AM,5.6,70,6000,1,8,75,1800,1,4,0.1,0.01,1703.0,0.0,211.0,0.0,0.0,1.0,1.0,1.0,3.66,1.83,0.35502958579881655,0.35502958579881655,30,4.155,0.715,1703.0,0.0,211.0,0.0,0.0,1914.0,2336.0,1.0,1.2,0.24333333333333335,2336.0,0.0,1.0,85.15,1051.6025,0.0,137.15,0.0,0.0,1244.1000000000001,0.10000005015364305,0.5000002507682153,,0.3025001083185594,0.30250482710219506,92.27793454005094,461.3896727002547,69.98854494733773,74.81154025477052,1.5719446461795354,4.491285687418716,4.80078561788676,-0.3094999304680437,0.0010762965048608402,318.10987015806785,1299.740129841932,0.0,0.0,318.10987015806785,1510.740129841932,3021.480259683864,318.10987015806785,0.17672770564337104,636.2197403161357,3562.8305457703595,1932.740129841932,3865.480259683864,21646.689454229636,2250.85,4501.7,25209.519999999997,0.37514166666666665,0.560000280860401,2.8000014043020056,0.10000005015364305,178.1416166329837,178.1416166329837,0.0,356.2832332659674,356.2832332659674,0.0,636.2197403161357,0.0,636.2197403161357,3562.8305457703595,0.0,3828.0,-0.06446860057964457,19.386120701691375
99,99,2025,7NB,7,NB,AM-Shoulder,1,OP,AM,5.6,70,6000,1,8,75,1800,1,4,0.1,0.01,2051.0,0.0,253.0,0.0,0.0,1.0,1.0,1.0,3.66,1.83,0.35502958579881655,0.35502958579881655,30,4.155,0.715,2051.0,0.0,253.0,0.0,0.0,2304.0,2810.0,1.0,1.2,0.29270833333333335,2810.0,0.0,1.0,102.55000000000001,1266.4925,0.0,164.45000000000002,0.0,0.0,1497.6000000000001,0.10000008032746543,0.5000004016373272,,0.29140559211188305,0.2914154227522712,94.41660069378783,472.0830034689392,69.94751745692118,74.64821891045139,1.297547895824635,4.501112081496122,4.803601503183205,-0.30248942168708304,0.0049340593609906395,369.06299686775907,1579.387003132241,0.0,0.0,369.06299686775907,1832.387003132241,1832.387003132241,369.06299686775907,0.20503499825986615,369.06299686775907,2066.752782459451,2338.3870031322413,2338.3870031322413,13094.96721754055,2707.4500000000003,2707.4500000000003,15161.720000000001,0.4512416666666667,0.5600004498338064,2.800002249169032,0.10000008032746542,206.67544426295774,206.67544426295774,0.0,206.67544426295774,206.67544426295774,0.0,369.06299686775907,0.0,369.06299686775907,2066.752782459451,0.0,2304.0,-0.06297138126187866,19.835420313820975
100,100,2025,7NB,7,NB,MD,5,OP,MD,5.6,70,6000,1,8,75,1800,1,4,0.1,0.01,2793.0,0.0,345.0,0.0,0.0,1.0,1.0,1.0,3.66,1.83,0.35502958579881655,0.35502958579881655,30,4.136,0.708,2793.0,0.0,345.0,0.0,0.0,3138.0,3828.0,1.0,1.2,0.39875,3828.0,0.0,1.0,139.65,1724.6775,0.0,224.25,0.0,0.0,2039.7,0.12491102630227212,0.6245551315113606,,0.23107291563439009,0.23110083409935941,105.27123682111231,526.3561841055616,69.21152438387632,74.40541674631396,2.442425634181915,4.5158002561237645,4.854682843516091,-0.3388825873923267,0.07491549561704526,398.5262584540308,2254.823741545969,0.0,0.0,398.5262584540308,2599.823741545969,12999.118707729845,398.5262584540308,0.22140347691890602,1992.631292270154,11158.735236712862,3289.823741545969,16449.118707729845,92115.06476328713,3688.35,18441.75,103273.79999999999,0.614725,0.6995017472927239,3.497508736463619,0.12491102630227212,278.76981413062623,278.76981413062623,0.0,1393.849070653131,1393.849070653131,0.0,1992.631292270154,0.0,1992.631292270154,11158.735236712862,0.0,15690.0,-0.0698052989898069,22.11580605485553
101,101,2025,7NB,7,NB,PM-Shoulder,1,OP,PM,5.6,70,6000,1,8,75,1800,1,4,0.1,0.01,3717.0,0.0,459.0,0.0,0.0,1.0,1.0,1.0,3.66,1.83,0.35502958579881655,0.35502958579881655,30,4.135,0.592,3717.0,0.0,459.0,0.0,0.0,4176.0,5094.0,1.0,1.2,0.530625,5094.0,0.0,1.0,185.85000000000002,2295.2475,0.0,298.35,0.0,0.0,2714.4,0.3705510718588884,1.8527553592944421,,0.16910338872084163,0.16924697381314244,110.12652914313895,550.6326457156947,61.232278038295526,74.23245588118313,4.170260917441662,4.526322024665376,5.487301971516737,-0.9609799468513609,0.941603700977929,388.13413020303994,3143.01586979696,0.0,0.0,388.13413020303994,3602.01586979696,3602.01586979696,388.13413020303994,0.21563007233502218,388.13413020303994,2173.5511291370235,4520.01586979696,4520.01586979696,25312.088870862975,4908.15,4908.15,27485.64,0.8180249999999999,2.075086002409775,10.375430012048875,0.3705510718588884,805.4117006418212,805.4117006418212,0.0,805.4117006418212,805.4117006418212,0.0,388.13413020303994,0.0,388.13413020303994,2173.5511291370235,0.0,4176.0,-0.1751279502822291,23.135825450239278
102,102,2025,7NB,7,NB,PM-Peak,3,Peak,PM,5.6,70,6000,1,8,75,1800,1,4,0.1,0.01,3647.0,0.0,451.0,0.0,0.0,1.0,1.0,1.0,3.66,1.83,0.35502958579881655,0.35502958579881655,30,4.135,0.592,3647.0,0.0,451.0,0.0,0.0,4098.0,5000.0,1.0,1.2,0.5208333333333334,5000.0,0.0,1.0,182.35000000000002,2252.0225,0.0,293.15000000000003,0.0,0.0,2663.7000000000003,0.3294240853764309,1.6471204268821547,,0.17212340821327712,0.17224812784168722,109.35818310885045,546.7909155442522,62.391302290346815,74.2534613216131,6.32906147615093,4.525041580818534,5.385366031251858,-0.8603244504333247,0.8019514628150467,387.6257880729849,3077.024211927015,0.0,0.0,387.6257880729849,3528.024211927015,10584.072635781045,387.6257880729849,0.21534766004054717,1162.8773642189547,6512.1132396261455,4430.024211927015,13290.072635781045,74424.40676037385,4817.65,14452.95,80936.51999999999,0.8029416666666666,1.844774878108013,9.223874390540065,0.3294240853764309,715.0823159438633,715.0823159438633,0.0,2145.2469478315898,2145.2469478315898,0.0,1162.8773642189547,0.0,1162.8773642189547,6512.1132396261455,0.0,12294.0,-0.15975227040107756,22.974408216145058
103,103,2025,7NB,7,NB,PM-Late,3,OP,PM,5.6,70,6000,1,8,75,1800,1,4,0.1,0.01,2375.0,0.0,294.0,0.0,0.0,1.0,1.0,1.0,3.66,1.83,0.35502958579881655,0.35502958579881655,30,4.135,0.592,2375.0,0.0,294.0,0.0,0.0,2669.0,3257.0,1.0,1.2,0.33927083333333335,3257.0,0.0,1.0,118.75,1466.5625,0.0,191.1,0.0,0.0,1734.8500000000001,0.10000000956881078,0.5000000478440538,,0.25396995759550595,0.2539856413908249,92.47181835375214,462.3590917687607,69.80081363053306,74.58633573239187,1.8624272888753435,4.504846587524202,4.813697470326092,-0.3088508828018899,0.018765534346746462,372.4628159361592,1883.7871840638409,0.0,0.0,372.4628159361592,2177.787184063841,6533.361552191523,372.4628159361592,0.20692378663119954,1117.3884478084776,6257.375307727474,2765.787184063841,8297.361552191524,46465.22469227253,3138.25,9414.750000000002,52722.600000000006,0.5230416666666666,0.5600000535853403,2.800000267926701,0.10000000956881078,208.57919688279588,208.57919688279588,0.0,625.7375906483876,625.7375906483876,0.0,1117.3884478084776,0.0,1117.3884478084776,6257.375307727474,0.0,8007.0,-0.06416084199428668,19.426852595326086
104,104,2025,7SB,7,SB,Night,8,OP,NT,5.6,70,6000,1,8,75,1800,1,4,0.1,0.01,826.0,0.0,102.0,0.0,0.0,1.0,1.0,1.0,3.66,1.83,0.35502958579881655,0.35502958579881655,30,4.103,0.708,826.0,0.0,102.0,0.0,0.0,928.0,1132.0,1.0,1.2,0.11791666666666667,1132.0,0.0,1.0,41.300000000000004,510.05500000000006,0.0,66.3,0.0,0.0,603.2,0.10000005867406023,0.5000002933703012,,0.29079163189883017,0.29079175968755344,89.4034963985544,447.017481992772,69.99996346412519,74.99076468275278,0.0,4.480551724221543,4.800002505318438,-0.3194507810968945,3.432286259544004e-06,148.31972580815784,636.3802741918422,0.0,0.0,148.31972580815784,738.3802741918422,5907.042193534738,148.31972580815784,0.0823998476711988,1186.5578064652627,6644.723716205471,942.3802741918422,7539.042193534738,42218.63628379453,1090.7,8725.6,48863.36,0.18178333333333335,0.5600003285747372,2.8000016428736862,0.10000005867406023,83.05909518668332,83.05909518668332,0.0,664.4727614934666,664.4727614934666,0.0,1186.5578064652627,0.0,1186.5578064652627,6644.723716205471,0.0,7424.0,-0.06655221132550258,18.782247142553448
105,105,2025,7SB,7,SB,AM-Early,1,OP,AM,5.6,70,6000,1,8,75,1800,1,4,0.1,0.01,3408.0,0.0,421.0,0.0,0.0,1.0,1.0,1.0,3.66,1.83,0.35502958579881655,0.35502958579881655,30,4.155,0.715,3408.0,0.0,421.0,0.0,0.0,3829.0,4671.0,1.0,1.2,0.4865625,4671.0,0.0,1.0,170.4,2104.44,0.0,273.65000000000003,0.0,0.0,2488.85,0.27373522149491036,1.3686761074745517,,0.1725192615775455,0.17260265724768886,125.19970341179167,625.9985170589583,65.3824537427663,74.42584442896084,3.7777681372503658,4.514560803145614,5.1389934266144595,-0.6244326234688451,0.46442099446180996,363.05643483424984,2874.54356516575,0.0,0.0,363.05643483424984,3295.54356516575,3295.54356516575,363.05643483424984,0.20169801935236104,363.05643483424984,2033.116035071799,4137.54356516575,4137.54356516575,23170.2439649282,4500.599999999999,4500.599999999999,25203.359999999997,0.7500999999999999,1.532917240371498,7.664586201857489,0.27373522149491036,556.5354681852328,556.5354681852328,0.0,556.5354681852328,556.5354681852328,0.0,363.05643483424984,0.0,363.05643483424984,2033.116035071799,0.0,3829.0,-0.12150874142686302,26.302458699956237
106,106,2025,7SB,7,SB,AM-Peak,2,Peak,AM,5.6,70,6000,1,8,75,1800,1,4,0.1,0.01,3398.0,0.0,420.0,0.0,0.0,1.0,1.0,1.0,3.66,1.83,0.35502958579881655,0.35502958579881655,30,4.155,0.715,3398.0,0.0,420.0,0.0,0.0,3818.0,4658.0,1.0,1.2,0.48520833333333335,4658.0,0.0,1.0,169.9,2098.265,0.0,273.0,0.0,0.0,2481.7000000000003,0.26959363520039575,1.3479681760019788,,0.173198079089738,0.1732798662791214,124.96297503051045,624.8148751525523,65.48846770281709,74.42644643828417,5.872688051629792,4.514524286452634,5.130674327650309,-0.6161500411976748,0.45302382888092224,363.4154674212291,2864.684532578771,0.0,0.0,363.4154674212291,3284.684532578771,6569.369065157542,363.4154674212291,0.20189748190068282,726.8309348424582,4070.2532351177656,4124.684532578771,8249.369065157542,46196.46676488223,4488.1,8976.2,50266.719999999994,0.7480166666666668,1.509724357122216,7.548621785611081,0.26959363520039575,548.6571829207847,548.6571829207847,0.0,1097.3143658415695,1097.3143658415695,0.0,726.8309348424582,0.0,726.8309348424582,4070.2532351177656,0.0,7636.0,-0.12009143474125995,26.252725846745893
107,107,2025,7SB,7,SB,AM-Shoulder,1,OP,AM,5.6,70,6000,1,8,75,1800,1,4,0.1,0.01,2823.0,0.0,349.0,0.0,0.0,1.0,1.0,1.0,3.66,1.83,0.35502958579881655,0.35502958579881655,30,4.155,0.715,2823.0,0.0,349.0,0.0,0.0,3172.0,3870.0,1.0,1.2,0.403125,3870.0,0.0,1.0,141.15,1743.2025,0.0,226.85,0.0,0.0,2061.8,0.13171157722532129,0.6585578861266064,,0.2268331978875961,0.22686289140839644,108.92841169793208,544.6420584896604,69.125717123031,74.4124446421719,2.5178045166009344,4.5153737606085596,4.86070906724891,-0.34533530664035084,0.08317142213100728,395.41619764065223,2286.4338023593477,0.0,0.0,395.41619764065223,2635.4338023593477,2635.4338023593477,395.41619764065223,0.2196756653559179,395.41619764065223,2214.330706787652,3333.4338023593477,3333.4338023593477,18667.229293212346,3728.85,3728.85,20881.559999999998,0.621475,0.7375848324617992,3.6879241623089953,0.13171157722532129,291.65298988946216,291.65298988946216,0.0,291.65298988946216,291.65298988946216,0.0,395.41619764065223,0.0,395.41619764065223,2214.330706787652,0.0,3172.0,-0.07104628190302398,22.884120104607582
108,108,2025,7SB,7,SB,MD,5,OP,MD,5.6,70,6000,1,8,75,1800,1,4,0.1,0.01,2615.0,0.0,323.0,0.0,0.0,1.0,1.0,1.0,3.66,1.83,0.35502958579881655,0.35502958579881655,30,4.136,0.708,2615.0,0.0,323.0,0.0,0.0,2938.0,3584.0,1.0,1.2,0.37333333333333335,3584.0,0.0,1.0,130.75,1614.7625,0.0,209.95000000000002,0.0,0.0,1909.7,0.11033755089762638,0.5516877544881319,,0.2520755962792102,0.2520975881573617,100.37123586124002,501.8561793062001,69.57016224455748,74.40709868831783,2.067246789450699,4.5156981783077255,4.829656697060319,-0.3139585187525933,0.040629674972637767,407.0422200368082,2077.2077799631916,0.0,0.0,407.0422200368082,2400.2077799631916,12001.038899815958,407.0422200368082,0.22613456668711568,2035.211100184041,11397.182161030629,3046.2077799631916,15231.038899815958,85293.81783896936,3453.25,17266.25,96691.0,0.5755416666666666,0.6178902850267077,3.0894514251335385,0.11033755089762638,251.5074333564473,251.5074333564473,0.0,1257.5371667822365,1257.5371667822365,0.0,2035.211100184041,0.0,2035.211100184041,11397.182161030629,0.0,14690.0,-0.06500638418952041,21.08639408849581
109,109,2025,7SB,7,SB,PM-Shoulder,1,OP,PM,5.6,70,6000,1,8,75,1800,1,4,0.1,0.01,2670.0,0.0,330.0,0.0,0.0,1.0,1.0,1.0,3.66,1.83,0.35502958579881655,0.35502958579881655,30,4.135,0.592,2670.0,0.0,330.0,0.0,0.0,3000.0,3660.0,1.0,1.2,0.38125,3660.0,0.0,1.0,133.5,1648.7250000000001,0.0,214.5,0.0,0.0,1950.0,0.10018122150056236,0.5009061075028118,,0.25874486990012807,0.25876920351876775,91.66215157479436,458.3107578739719,69.50559125980774,74.30340825357348,2.040496260126288,4.521999836849217,4.834143468315406,-0.3121436314661894,0.04677655159210651,426.5991356260887,2109.900864373911,0.0,0.0,426.5991356260887,2439.900864373911,2439.900864373911,426.5991356260887,0.2369995197922715,426.5991356260887,2388.9551595060966,3099.900864373911,3099.900864373911,17359.444840493903,3526.5,3526.5,19748.4,0.58775,0.5610148404031492,2.805074202015746,0.10018122150056234,239.32844598939155,239.32844598939155,0.0,239.32844598939155,239.32844598939155,0.0,426.5991356260887,0.0,426.5991356260887,2388.9551595060966,0.0,3000.0,-0.06457061804476495,19.256754532519828
110,110,2025,7SB,7,SB,PM-Peak,3,Peak,PM,5.6,70,6000,1,8,75,1800,1,4,0.1,0.01,2493.0,0.0,308.0,0.0,0.0,1.0,1.0,1.0,3.66,1.83,0.35502958579881655,0.35502958579881655,30,4.135,0.592,2493.0,0.0,308.0,0.0,0.0,2801.0,3417.0,1.0,1.2,0.3559375,3417.0,0.0,1.0,124.65,1539.4275,0.0,200.20000000000002,0.0,0.0,1820.65,0.10000184505167893,0.5000092252583946,,0.25502365915270503,0.2550425552571205,92.29162945827984,461.45814729139926,69.70945959528572,74.49208623030994,3.03397450015807,4.510546247304396,4.820005806252483,-0.3094595589480864,0.027407954565901397,392.5904340503008,1975.7595659496992,0.0,0.0,392.5904340503008,2283.759565949699,6851.278697849098,392.5904340503008,0.21810579669461155,1177.7713021509026,6595.519292045054,2899.759565949699,8699.278697849099,48715.960707954946,3292.35,9877.050000000001,55311.479999999996,0.548725,0.560010332289402,2.80005166144701,0.10000184505167893,219.85469942614952,219.85469942614952,0.0,659.5640982784486,659.5640982784486,0.0,1177.7713021509026,0.0,1177.7713021509026,6595.519292045054,0.0,8403.0,-0.06420315065734097,19.38899778535291
111,111,2025,7SB,7,SB,PM-Late,3,OP,PM,5.6,70,6000,1,8,75,1800,1,4,0.1,0.01,1825.0,0.0,226.0,0.0,0.0,1.0,1.0,1.0,3.66,1.83,0.35502958579881655,0.35502958579881655,30,4.135,0.592,1825.0,0.0,226.0,0.0,0.0,2051.0,2503.0,1.0,1.2,0.2607291666666667,2503.0,0.0,1.0,91.25,1126.9375,0.0,146.9,0.0,0.0,1333.15,0.10000002375698226,0.5000001187849114,,0.260056446055839,0.26006177616822296,91.44591704166523,457.2295852083262,69.97629864076505,74.84446444625954,1.3871196538942763,4.489309964149154,4.801625786538265,-0.3123158223891114,0.00222732755742283,293.0673611770521,1440.6826388229479,0.0,0.0,293.0673611770521,1666.6826388229479,5000.047916468844,293.0673611770521,0.16281520065391783,879.2020835311562,4923.531667774474,2118.682638822948,6356.047916468844,35593.868332225524,2411.75,7235.25,40517.399999999994,0.4019583333333333,0.5600001330391007,2.8000006651955034,0.10000002375698226,164.11776124856732,164.11776124856732,0.0,492.35328374570196,492.35328374570196,0.0,879.2020835311562,0.0,879.2020835311562,4923.531667774474,0.0,6153.0,-0.06504376564802557,19.211327109593537
