,index,Year,SegDir,Segment,Direction,Period,Hours/Day,Peak,4Periods,Length,Speed GP,Capacity GP,Alpha GP,Beta GP,Speed ML,Capacity ML,Alpha ML,Beta ML,MinToll,MinCapture,AADT Lights,AADT MediumA,AADT MediumB,AADT HeavyA,AADT HeavyB,GrowthFactor,GrowthFactor_medium,GrowthFactor_heavy,MaxToll,Soft Cap,MaxCapture,MaxCap_aux,Min Speed,B1,B2,TotalLights,TotalMediumA,TotalMediumB,TotalHeavyA,TotalHeavyB,TotalVeh,Corridor PCE pre-fix,Suppressed ratio ref,Max VC,Suppressed ratio,Corridor PCE,Suppressed Demand,PCE ratio,HOV3,InScopeLights,InScopeMediumA,InScopeMediumB,InScopeHeavyA,InScopeHeavyB,InScopeVeh,TollLights,TollMediumA,TollMediumB,CaptureRateLights,CaptureRateMediumA,VOT Lights,VOT MediumA,Speed GP Real,Speed ML Real,Bounus Seg,Time ML,Time GP,Time Savings,BonusRel,MLVeh_Lights,GPVeh_Lights,MLVeh_MediumA,GPVeh_MediumA,MLVeh,GPVeh,GPVehDay,ML PCE,ML V/C,ML Volume,ML PCE Total,GP PCE,GP Volume,GP PCE Total,Highway PCE,Highway Volume,Highway PCE Total,Highway V/C,TollLightsPerSeg,TollMediumAPerSeg,TollBlend,RevenuePerHour,RevenuePerHourLights,RevenuePerHourMediumA,RevenuePerDay,RevenuePerDayLights,RevenuePerDayMediumA,TransactionsDay_Lights,TransactionsDay_MediumA,TransactionsDay,TransactionsLightsLength,TransactionsMediumALength,TotalVeh_hours,Difference in Travel Time,Implied Min VOT
0,0,2025,1NB,1,NB,Night,8,OP,NT,3.0,70,12000,1.6,6.5,75,1800,1,4,0.05,0.01,2238.0,0.0,277.0,0.0,0.0,1.0,1.0,1.0,3.66,1.83,0.17391304347826086,0.17391304347826086,30,4.103,0.708,2258.704789728038,0.0,279.5626571736669,0.0,0.0,2538.267446901705,3097.392761249039,1.0,1.2,0.19855081802878455,3097.392761249039,0.0,1.0,45.17409579456076,1660.148020450108,0.0,209.67199288025017,0.0,0.0,1903.7005851762788,0.117777617,0.588888085,,0.1739129399401991,0.17391289933275764,106.68122281067247,533.4061140533623,69.99109280716615,74.91130509681467,0.0,2.4028415973713138,2.571755816071076,-0.1689142186997623,0.0004483251602313339,288.7212229723801,1924.8094709610973,0.0,0.0,288.7212229723801,2204.3721281347644,17634.977025078115,288.7212229723801,0.16040067942910005,2309.7697837790406,6929.309351337122,2763.497442482098,22107.979539856784,66323.93861957036,3052.218665454478,24417.749323635824,73253.24797090748,0.25435155545453986,0.353332851,1.766664255,0.117777617,102.01469285703774,102.01469285703774,0.0,816.117542856302,816.117542856302,0.0,2309.7697837790406,0.0,2309.7697837790406,6929.309351337122,0.0,20306.13957521364,-0.06568050420813902,41.835773651244104
1,1,2025,1NB,1,NB,AM-Early,1,OP,AM,3.0,70,12000,1.6,6.5,75,1800,1,4,0.05,0.01,1841.0,0.0,228.0,0.0,0.0,1.0,1.0,1.0,3.66,1.83,0.17391304347826086,0.17391304347826086,30,4.155,0.715,2209.2,0.0,273.59999999999997,0.0,0.0,2482.7999999999997,3030.0,1.0,1.2,0.19423076923076923,3030.0,0.0,1.0,44.184,1623.7619999999997,0.0,205.2,0.0,0.0,1862.1,0.169543156,0.84771578,,0.11294515932244055,0.11294515931665744,151.54376491882863,757.7188245941431,69.99028136157612,74.98083992988049,0.0,2.4006132789167185,2.571785632209474,-0.17117235329275537,0.0004891732698365129,183.39605779172467,1981.6199422082752,0.0,0.0,183.39605779172467,2255.2199422082754,2255.2199422082754,183.39605779172467,0.10188669877318038,183.39605779172467,550.1881733751741,2802.419942208275,2802.419942208275,8407.259826624826,2985.816,2985.816,8957.448,0.24881799999999998,0.508629468,2.54314734,0.169543156,93.28063930790216,93.28063930790216,0.0,93.28063930790216,93.28063930790216,0.0,183.39605779172467,0.0,183.39605779172467,550.1881733751741,0.0,2482.7999999999997,-0.06655778426823922,59.42892741914848
2,2,2025,1NB,1,NB,AM-Peak,2,Peak,AM,3.0,70,12000,1.6,6.5,75,1800,1,4,0.05,0.01,4183.0,0.0,517.0,0.0,0.0,1.0,1.0,1.0,3.66,1.83,0.17391304347826086,0.17391304347826086,30,4.155,0.715,3346.4,0.0,413.6,0.0,0.0,3760.0,4587.200000000001,1.0,1.2,0.2940512820512821,4587.200000000001,0.0,1.0,66.928,2459.6040000000003,0.0,310.20000000000005,0.0,0.0,2820.0,0.167837166,0.83918583,,0.11836526793805836,0.11836526839679438,148.55968717247822,742.798435862391,69.85919174994605,74.88274983246347,1.1931273356093834,2.4037578801889254,2.576611545182084,-0.17285366499315868,0.007100674042312757,291.13168648152015,2988.34031351848,0.0,0.0,291.13168648152015,3401.94031351848,6803.88062703696,291.13168648152015,0.16173982582306676,582.2633729630403,1746.790118889121,4229.14031351848,8458.28062703696,25374.84188111088,4520.272,9040.544,27121.631999999998,0.3766893333333333,0.5035114980000001,2.51755749,0.167837166,146.58815157557657,146.58815157557657,0.0,293.17630315115315,293.17630315115315,0.0,582.2633729630403,0.0,582.2633729630403,1746.790118889121,0.0,7520.0,-0.06708565181910005,58.25870085195224
3,3,2025,1NB,1,NB,AM-Shoulder,1,OP,AM,3.0,70,12000,1.6,6.5,75,1800,1,4,0.05,0.01,4812.0,0.0,595.0,0.0,0.0,1.0,1.0,1.0,3.66,1.83,0.17391304347826086,0.17391304347826086,30,4.155,0.715,3849.6000000000004,0.0,476.0,0.0,0.0,4325.6,5277.6,1.0,1.2,0.3383076923076923,5277.6,0.0,1.0,76.992,2829.456,0.0,357.0,0.0,0.0,3244.2000000000003,0.174664118,0.8733205900000001,,0.11591735043294017,0.11591735151711796,149.88778518666732,749.4389259333365,69.64757781340201,74.80832170806462,0.8999133357611386,2.4061494214833496,2.5844402009535976,-0.17829077947024796,0.017825932449285656,327.9830426865852,3444.624957313415,0.0,0.0,327.9830426865852,3920.624957313415,3920.624957313415,327.9830426865852,0.18221280149254732,327.9830426865852,983.9491280597556,4872.6249573134155,4872.6249573134155,14617.874871940247,5200.608000000001,5200.608000000001,15601.824000000002,0.4333840000000001,0.523992354,2.61996177,0.174664118,171.86060660942624,171.86060660942624,0.0,171.86060660942624,171.86060660942624,0.0,327.9830426865852,0.0,327.9830426865852,983.9491280597556,0.0,4325.6,-0.06898622742536772,58.77952360261463
4,4,2025,1NB,1,NB,MD,5,OP,MD,3.0,70,12000,1.6,6.5,75,1800,1,4,0.05,0.01,5111.0,0.0,632.0,0.0,0.0,1.0,1.0,1.0,3.66,1.83,0.17391304347826086,0.17391304347826086,30,4.136,0.708,4088.8,0.0,505.6,0.0,0.0,4594.400000000001,5605.6,1.0,1.2,0.35933333333333334,5605.6,0.0,1.0,81.77600000000001,3005.268,0.0,379.20000000000005,0.0,0.0,3445.8,0.415252552,2.07626276,,0.010765890660830479,0.010765955222446071,318.41730185565194,1592.0865092782599,69.24226674344675,74.9987878136798,1.9249505474702227,2.400038790589199,2.5995682762224943,-0.19952948563329542,0.03855139556767431,32.35438669449269,3974.6696133055075,0.0,0.0,32.35438669449269,4480.269613305508,22401.34806652754,32.35438669449269,0.017974659274718162,161.77193347246345,485.31580041739034,5491.469613305508,27457.34806652754,82372.04419958261,5523.8240000000005,27619.120000000003,82857.36,0.4603186666666667,1.2457576559999999,6.22878828,0.415252552,40.30572492984879,40.30572492984879,0.0,201.52862464924397,201.52862464924397,0.0,161.77193347246345,0.0,161.77193347246345,485.31580041739034,0.0,22972.000000000004,-0.07675485481890759,124.86953013947135
5,5,2025,1NB,1,NB,PM-Shoulder,1,OP,PM,3.0,70,12000,1.6,6.5,75,1800,1,4,0.05,0.01,6757.0,0.0,835.0,0.0,0.0,1.0,1.0,1.0,3.66,1.83,0.17391304347826086,0.17391304347826086,30,4.135,0.592,8108.4,0.0,1002.0,0.0,0.0,9110.4,11114.4,1.0,1.2,0.7124615384615385,11114.4,0.0,1.0,162.168,5959.674,0.0,751.5,0.0,0.0,6832.799999999999,1.419297409,7.096487045,,0.11491658179963099,0.11491659885129588,127.21350976372133,636.0675488186067,42.606796850224185,71.49423290359316,1.9130582148582558,2.5176855907066256,4.22467806328541,-1.7069924725787842,2.2649518038438687,684.865364720134,7261.366635279866,0.0,0.0,684.865364720134,8263.366635279866,8263.366635279866,684.865364720134,0.38048075817785226,684.865364720134,2054.596094160402,10267.366635279866,10267.366635279866,30802.099905839597,10952.232,10952.232,32856.695999999996,0.912686,4.257892226999999,21.289461135,1.419297409,2916.0829129833783,2916.0829129833783,0.0,2916.0829129833783,2916.0829129833783,0.0,684.865364720134,0.0,684.865364720134,2054.596094160402,0.0,9110.4,-0.4040526750223674,49.88765088773386
6,6,2025,1NB,1,NB,PM-Peak,3,Peak,PM,3.0,70,12000,1.6,6.5,75,1800,1,4,0.05,0.01,6670.0,0.0,824.0,0.0,0.0,1.0,1.0,1.0,3.66,1.83,0.17391304347826086,0.17391304347826086,30,4.135,0.592,8004.0,0.0,988.8,0.0,0.0,8992.8,10970.4,1.0,1.2,0.7032307692307692,10970.4,0.0,1.0,160.08,5882.9400000000005,0.0,741.5999999999999,0.0,0.0,6744.599999999999,1.202351064,6.01175532,,0.1248072763009084,0.12480729528736907,123.53954286140855,617.6977143070428,44.60612268211839,70.69233542109151,2.6712967677170156,2.5462449207229874,4.0353204711997535,-1.489075550476766,2.00553190268652,734.2337180416662,7109.686281958334,0.0,0.0,734.2337180416662,8098.486281958334,24295.458845875,734.2337180416662,0.407907621134259,2202.7011541249985,6608.103462374996,10076.086281958334,30228.258845875003,90684.776537625,10810.32,32430.960000000003,97292.88,0.90086,3.6070531919999995,18.03526596,1.202351064,2648.4200763362196,2648.4200763362196,0.0,7945.260229008659,7945.260229008659,0.0,2202.7011541249985,0.0,2202.7011541249985,6608.103462374996,0.0,26978.399999999998,-0.3690104815972756,48.44687955349356
7,7,2025,1NB,1,NB,PM-Late,3,OP,PM,3.0,70,12000,1.6,6.5,75,1800,1,4,0.05,0.01,6393.0,0.0,790.0,0.0,0.0,1.0,1.0,1.0,3.66,1.83,0.17391304347826086,0.17391304347826086,30,4.135,0.592,6191.704565799619,0.0,765.1253882342717,0.0,0.0,6956.82995403389,8487.080730502434,1.0,1.2,0.5440436365706688,8487.080730502434,0.0,1.0,123.83409131599238,4550.90285586272,0.0,573.8440411757038,0.0,0.0,5217.622465525417,0.187399184,0.93699592,,0.168872953357533,0.16887302113570857,110.22326210464254,551.1163105232127,64.16889392560331,70.72774427616633,0.707799871172503,2.5449701788475667,2.8050974387791374,-0.2601272599315707,0.3201263482702754,768.5244057127687,5299.3460687708575,0.0,0.0,768.5244057127687,6064.471457005129,18193.414371015388,768.5244057127687,0.4269580031737604,2305.573217138306,6916.719651414918,7594.7222334736725,22784.166700421018,68352.50010126305,8363.246639186442,25089.739917559324,75269.21975267798,0.6969372199322035,0.562197552,2.8109877599999997,0.187399184,432.0625395439734,432.0625395439734,0.0,1296.1876186319203,1296.1876186319203,0.0,2305.573217138306,0.0,2305.573217138306,6916.719651414918,0.0,20870.48986210167,-0.09273376972059334,43.22480866848727
8,8,2025,1SB,1,SB,Night,8,OP,NT,3.0,70,12000,1.6,5.0,75,1800,1,4,0.05,0.01,1637.0,0.0,202.0,0.0,0.0,1.0,1.0,1.0,3.66,1.83,0.17391304347826086,0.17391304347826086,30,4.103,0.708,1470.0481602450802,0.0,181.39873449572767,0.0,0.0,1651.446894740808,2014.244363732263,1.0,1.2,0.12911822844437584,2014.244363732263,0.0,1.0,29.400963204901604,1080.485397780134,0.0,136.04905087179574,0.0,0.0,1238.585171055606,0.147646003,0.738230015,,0.13616041051284383,0.1361604104960546,131.6563849429131,658.2819247145654,69.98978789120703,74.99306399032253,0.0,2.400221972837756,2.5718037648548697,-0.17158179201711388,0.0005140149940283452,147.1193353148764,1293.527861725302,0.0,0.0,147.1193353148764,1474.9265962210297,11799.412769768238,147.1193353148764,0.08173296406382022,1176.9546825190112,3530.8640475570337,1837.7240652124851,14701.792521699881,44105.37756509964,1984.8434005273616,15878.747204218893,47636.241612656675,0.16540361671061346,0.442938009,2.2146900449999998,0.147646003,65.16474546977474,65.16474546977474,0.0,521.317963758198,521.317963758198,0.0,1176.9546825190112,0.0,1176.9546825190112,3530.8640475570337,0.0,13211.575157926463,-0.06671651794039443,51.62995487957376
9,9,2025,1SB,1,SB,AM-Early,1,OP,AM,3.0,70,12000,1.6,5.0,75,1800,1,4,0.05,0.01,4573.0,0.0,565.0,0.0,0.0,1.0,1.0,1.0,3.66,1.83,0.17391304347826086,0.17391304347826086,30,4.155,0.715,3658.4,0.0,452.0,0.0,0.0,4110.4,5014.4,1.0,1.2,0.3214358974358974,5014.4,0.0,1.0,73.168,2688.924,0.0,339.0,0.0,0.0,3082.7999999999997,0.795369856,3.9768492799999997,,0.010000576190261899,0.01000069837668489,547.0921294527943,2735.4606472639716,68.63793905364594,74.99928387625957,1.7281802460490736,2.400022916178505,2.622456362789621,-0.2224334466111162,0.06990807416463804,26.890789331823786,3558.3412106681762,0.0,0.0,26.890789331823786,4010.3412106681762,4010.3412106681762,26.890789331823786,0.01493932740656877,26.890789331823786,80.67236799547136,4914.341210668176,4914.341210668176,14743.02363200453,4941.232,4941.232,14823.696000000002,0.4117693333333333,2.386109568,11.93054784,0.795369856,64.16436971573707,64.16436971573707,0.0,64.16436971573707,64.16436971573707,0.0,26.890789331823786,0.0,26.890789331823786,80.67236799547136,0.0,4110.4,-0.08481874084436777,214.54593311874285
10,10,2025,1SB,1,SB,AM-Peak,2,Peak,AM,3.0,70,12000,1.6,5.0,75,1800,1,4,0.05,0.01,7757.0,0.0,959.0,0.0,0.0,1.0,1.0,1.0,3.66,1.83,0.17391304347826086,0.17391304347826086,30,4.155,0.715,6205.6,0.0,767.2,0.0,0.0,6972.8,8507.2,1.0,1.2,0.5453333333333333,8507.2,0.0,1.0,124.11200000000001,4561.116,0.0,575.4000000000001,0.0,0.0,5229.6,1.233788573,6.168942865,,0.03818608549637384,0.03818608915504032,226.34862285238205,1131.7431142619103,55.62788394846346,74.94348563638697,3.965296498478706,2.4018098233825067,3.2357872926958944,-0.8339774693133877,0.9101714481362329,174.17116553487867,5907.316834465121,0.0,0.0,174.17116553487867,6674.516834465121,13349.033668930242,174.17116553487867,0.09676175863048815,348.34233106975734,1045.026993209272,8208.916834465123,16417.833668930245,49253.501006790735,8383.088000000002,16766.176000000003,50298.528000000006,0.6985906666666668,3.701365719,18.506828595,1.233788573,644.6711813490742,644.6711813490742,0.0,1289.3423626981485,1289.3423626981485,0.0,348.34233106975734,0.0,348.34233106975734,1045.026993209272,0.0,13945.6,-0.25773556599221326,88.76416582446355
11,11,2025,1SB,1,SB,AM-Shoulder,1,OP,AM,3.0,70,12000,1.6,5.0,75,1800,1,4,0.05,0.01,7826.0,0.0,967.0,0.0,0.0,1.0,1.0,1.0,3.66,1.83,0.17391304347826086,0.17391304347826086,30,4.155,0.715,6260.8,0.0,773.6,0.0,0.0,7034.400000000001,8581.6,1.0,1.2,0.5501025641025641,8581.6,0.0,1.0,125.21600000000001,4601.688,0.0,580.2,0.0,0.0,5275.8,0.683611767,3.418058835,,0.1138408358563148,0.1138408438340314,151.03956936620338,755.1978468310169,57.45174765660303,73.7529846305889,1.4922266413054146,2.440579196917617,3.1330639596185073,-0.6924847627008903,0.7694404818202122,523.8600082699735,5611.723991730027,0.0,0.0,523.8600082699735,6385.323991730027,6385.323991730027,523.8600082699735,0.29103333792776304,523.8600082699735,1571.5800248099204,7932.523991730027,7932.523991730027,23797.57197519008,8456.384,8456.384,25369.152000000002,0.7046986666666667,2.050835301,10.254176505,0.683611767,1074.3505977422137,1074.3505977422137,0.0,1074.3505977422137,1074.3505977422137,0.0,523.8600082699735,0.0,523.8600082699735,1571.5800248099204,0.0,7034.400000000001,-0.2210247769040788,59.23120367302093
12,12,2025,1SB,1,SB,MD,5,OP,MD,3.0,70,12000,1.6,5.0,75,1800,1,4,0.05,0.01,5968.0,0.0,738.0,0.0,0.0,1.0,1.0,1.0,3.66,1.83,0.17391304347826086,0.17391304347826086,30,4.136,0.708,4774.400000000001,0.0,590.4,0.0,0.0,5364.8,6545.6,1.0,1.2,0.4195897435897436,6545.6,0.0,1.0,95.48800000000001,3509.184,0.0,442.79999999999995,0.0,0.0,4023.6000000000004,0.188471815,0.9423590749999999,,0.17360233866812544,0.17360135770141963,121.69750748080573,608.4875374040286,66.83180577648275,73.2786033582454,0.49538418240191406,2.4563786937916054,2.693328392203038,-0.23694969841143276,0.1670027544610194,609.2025492167671,4069.709450783234,0.0,0.0,609.2025492167671,4660.109450783234,23300.54725391617,609.2025492167671,0.33844586067598176,3046.0127460838357,9138.038238251507,5840.909450783234,29204.54725391617,87613.64176174851,6450.112000000001,32250.560000000005,96751.68000000002,0.5375093333333334,0.565415445,2.827077225,0.188471815,344.4525304605328,344.4525304605328,0.0,1722.2626523026638,1722.2626523026638,0.0,3046.0127460838357,0.0,3046.0127460838357,9138.038238251507,0.0,26824.0,-0.08797653457238354,47.724512737570876
13,13,2025,1SB,1,SB,PM-Shoulder,1,OP,PM,3.0,70,12000,1.6,5.0,75,1800,1,4,0.05,0.01,4858.0,0.0,600.0,0.0,0.0,1.0,1.0,1.0,3.66,1.83,0.17391304347826086,0.17391304347826086,30,4.135,0.592,3886.4,0.0,480.0,0.0,0.0,4366.4,5326.4,1.0,1.2,0.3414358974358974,5326.4,0.0,1.0,77.72800000000001,2856.504,0.0,360.0,0.0,0.0,3274.7999999999997,0.186849115,0.934245575,,0.10701678376186845,0.10701678551707779,130.39780153831225,651.9890076915613,68.59292551166435,74.8459060607255,0.9858241292924025,2.4049411580903137,2.6241773281617897,-0.219236170071476,0.07226579672450895,305.6938708829123,3502.9781291170875,0.0,0.0,305.6938708829123,3982.9781291170875,3982.9781291170875,305.6938708829123,0.1698299282682846,305.6938708829123,917.0816126487368,4942.9781291170875,4942.9781291170875,14828.934387351263,5248.672,5248.672,15746.016,0.4373893333333333,0.560547345,2.802736725,0.186849115,171.3558877061893,171.3558877061893,0.0,171.3558877061893,171.3558877061893,0.0,305.6938708829123,0.0,305.6938708829123,917.0816126487368,0.0,4366.4,-0.0835447237954185,51.136392760122455
14,14,2025,1SB,1,SB,PM-Peak,3,Peak,PM,3.0,70,12000,1.6,5.0,75,1800,1,4,0.05,0.01,6246.0,0.0,772.0,0.0,0.0,1.0,1.0,1.0,3.66,1.83,0.17391304347826086,0.17391304347826086,30,4.135,0.592,4996.8,0.0,617.6,0.0,0.0,5614.400000000001,6849.6,1.0,1.2,0.4390769230769231,6849.6,0.0,1.0,99.936,3672.648,0.0,463.20000000000005,0.0,0.0,4210.8,0.212310187,1.061550935,,0.1559717462175875,0.15597175433584207,113.7044070054438,568.522035027219,65.87328582818533,73.56440448604252,1.1197928330295424,2.4468355484907334,2.732518922306181,-0.2856833738154476,0.22069378070232507,572.8293218025303,4324.03467819747,0.0,0.0,572.8293218025303,4941.634678197471,14824.904034592411,572.8293218025303,0.31823851211251686,1718.487965407591,5155.463896222773,6176.834678197471,18530.504034592414,55591.51210377724,6749.664000000001,20248.992000000006,60746.97600000001,0.5624720000000001,0.636930561,3.1846528050000003,0.212310187,364.8525012929352,364.8525012929352,0.0,1094.5575038788056,1094.5575038788056,0.0,1718.487965407591,0.0,1718.487965407591,5155.463896222773,0.0,16843.2,-0.10454945855391831,44.58996353154659
15,15,2025,1SB,1,SB,PM-Late,3,OP,PM,3.0,70,12000,1.6,5.0,75,1800,1,4,0.05,0.01,4575.0,0.0,566.0,0.0,0.0,1.0,1.0,1.0,3.66,1.83,0.17391304347826086,0.17391304347826086,30,4.135,0.592,3660.0,0.0,452.8,0.0,0.0,4112.8,5018.4,1.0,1.2,0.32169230769230767,5018.4,0.0,1.0,73.2,2690.1000000000004,0.0,339.6,0.0,0.0,3084.6000000000004,0.163716463,0.818582315,,0.12422820567608128,0.12422820356128428,123.74601130591375,618.7300565295687,68.99944071966084,74.80372775776077,0.7873220253263724,2.4062971912696596,2.608716797159639,-0.20241960588997943,0.05108486925156252,334.1862960892263,3252.613703910774,0.0,0.0,334.1862960892263,3705.413703910774,11116.241111732323,334.1862960892263,0.1856590533829035,1002.5588882676789,3007.6766648030366,4611.013703910774,13833.041111732322,41499.123335196964,4945.200000000001,14835.6,44506.8,0.4121000000000001,0.49114938900000005,2.455746945,0.163716463,164.1353951363966,164.1353951363966,0.0,492.4061854091898,492.4061854091898,0.0,1002.5588882676789,0.0,1002.5588882676789,3007.6766648030366,0.0,12338.400000000001,-0.07759355331723747,48.52784757094657
16,16,2025,2NB,2,NB,Night,8,OP,NT,2.2,70,12000,1.6,6.5,75,1800,1,4,0.05,0.01,3220.0,0.0,398.0,0.0,0.0,1.0,1.0,1.0,3.66,1.83,0.17391304347826086,0.17391304347826086,30,4.103,0.708,2576.0,0.0,318.40000000000003,0.0,0.0,2894.4,3531.2,1.0,1.2,0.22635897435897434,3531.2,0.0,1.0,51.52,1893.3600000000001,0.0,238.8,0.0,0.0,2170.8,0.117777617,0.588888085,,0.1739129468430227,0.17391277277587938,107.65381312868685,538.2690656434343,69.97912729830219,74.85006980237249,0.0,1.7635254095089175,1.8862767384525891,-0.12275132894367169,0.0007705602514758042,329.27981703470545,2195.2001829652945,0.0,0.0,329.27981703470545,2513.6001829652946,20108.801463722357,329.27981703470545,0.18293323168594747,2634.2385362776436,5795.324779810816,3150.4001829652943,25203.201463722355,55447.04322018918,3479.68,27837.44,61242.367999999995,0.2899733333333333,0.2591107574,1.295553787,0.11777761699999999,85.31994278839595,85.31994278839595,0.0,682.5595423071676,682.5595423071676,0.0,2634.2385362776436,0.0,2634.2385362776436,5795.324779810816,0.0,23155.2,-0.06507599147109823,57.56888402603574
17,17,2025,2NB,2,NB,AM-Early,1,OP,AM,2.2,70,12000,1.6,6.5,75,1800,1,4,0.05,0.01,3086.0,0.0,381.0,0.0,0.0,1.0,1.0,1.0,3.66,1.83,0.17391304347826086,0.17391304347826086,30,4.155,0.715,2468.8,0.0,304.8,0.0,0.0,2773.6000000000004,3383.2000000000003,1.0,1.2,0.2168717948717949,3383.2000000000003,0.0,1.0,49.376000000000005,1814.568,0.0,228.60000000000002,0.0,0.0,2080.2000000000003,0.169543156,0.84771578,,0.11299098508203645,0.1129909850839788,151.51785883511968,757.5892941755985,69.9801130591071,74.97008381672308,0.0,1.7607023132413204,1.8862501677942307,-0.1255478545529103,0.0007341584495248925,205.02982581834073,2214.3941741816593,0.0,0.0,205.02982581834073,2519.1941741816595,2519.1941741816595,205.02982581834073,0.11390545878796707,205.02982581834073,451.06561680034963,3128.7941741816594,3128.7941741816594,6883.347183199651,3333.824,3333.824,7334.412800000001,0.27781866666666666,0.37299494320000004,1.8649747160000003,0.16954315600000003,76.4750882354179,76.4750882354179,0.0,76.4750882354179,76.4750882354179,0.0,205.02982581834073,0.0,205.02982581834073,451.06561680034963,0.0,2773.6000000000004,-0.06655949284803785,81.02559295995705
18,18,2025,2NB,2,NB,AM-Peak,2,Peak,AM,2.2,70,12000,1.6,6.5,75,1800,1,4,0.05,0.01,6362.0,0.0,786.0,0.0,0.0,1.0,1.0,1.0,3.66,1.83,0.17391304347826086,0.17391304347826086,30,4.155,0.715,5089.6,0.0,628.8000000000001,0.0,0.0,5718.400000000001,6976.0,1.0,1.2,0.4471794871794872,6976.0,0.0,1.0,101.79200000000002,3740.8559999999998,0.0,471.6,0.0,0.0,4288.8,0.167837166,0.83918583,,0.15293309871867586,0.1529331194697552,132.57030585979632,662.8515292989814,68.15982320294248,73.55494341746827,0.876003929376267,1.7945768682170158,1.9366247416308076,-0.14204787341379177,0.06974732460563525,572.1006999403509,4415.707300059649,0.0,0.0,572.1006999403509,5044.507300059649,10089.014600119299,572.1006999403509,0.3178337221890838,1144.2013998807017,2517.243079737544,6302.10730005965,12604.2146001193,27729.27212026246,6874.2080000000005,13748.416000000001,30246.515200000005,0.5728506666666667,0.36924176520000007,1.8462088260000002,0.167837166,211.24347231813073,211.24347231813073,0.0,422.48694463626146,422.48694463626146,0.0,1144.2013998807017,0.0,1144.2013998807017,2517.243079737544,0.0,11436.800000000001,-0.07334816619877273,70.89321168973063
19,19,2025,2NB,2,NB,AM-Shoulder,1,OP,AM,2.2,70,12000,1.6,6.5,75,1800,1,4,0.05,0.01,7274.0,0.0,899.0,0.0,0.0,1.0,1.0,1.0,3.66,1.83,0.17391304347826086,0.17391304347826086,30,4.155,0.715,5819.200000000001,0.0,719.2,0.0,0.0,6538.400000000001,7976.800000000001,1.0,1.2,0.5113333333333334,7976.800000000001,0.0,1.0,116.38400000000001,4277.112000000001,0.0,539.4000000000001,0.0,0.0,4903.8,0.174664118,0.8733205900000001,,0.16980030853458994,0.1698002905789676,126.19047727189248,630.9523863594625,66.00577017106552,71.56311266719041,0.47899929670257557,1.8445256932000127,1.9998251616169143,-0.15529946841690156,0.15633189998660116,726.2549372369972,4976.561062763003,0.0,0.0,726.2549372369972,5695.761062763003,5695.761062763003,726.2549372369972,0.4034749651316651,726.2549372369972,1597.760861921394,7134.161062763003,7134.161062763003,15695.154338078608,7860.416000000001,7860.416000000001,17292.915200000003,0.6550346666666668,0.38426105960000007,1.9213052980000003,0.174664118,279.0714917224201,279.0714917224201,0.0,279.0714917224201,279.0714917224201,0.0,726.2549372369972,0.0,726.2549372369972,1597.760861921394,0.0,6538.400000000001,-0.07765652287889889,67.48153864807085
20,20,2025,2NB,2,NB,MD,5,OP,MD,2.2,70,12000,1.6,6.5,75,1800,1,4,0.05,0.01,7621.0,0.0,942.0,0.0,0.0,1.0,1.0,1.0,3.66,1.83,0.17391304347826086,0.17391304347826086,30,4.136,0.708,6776.985175788123,0.0,837.6748504910657,0.0,0.0,7614.660026279189,9290.00972726132,1.0,1.2,0.5955134440552128,9290.00972726132,0.0,1.0,135.53970351576248,4981.084104204271,0.0,628.2561378682993,0.0,0.0,5710.995019709391,0.415252552,2.07626276,,0.14951006797802285,0.1495100815069113,130.4883699223799,652.4418496118997,59.520678379179415,70.94245040617616,0.7852165671211283,1.8606631043083937,2.2177166590590165,-0.35705355475062284,0.45484325148228105,744.7222230238297,5896.723249248532,0.0,0.0,744.7222230238297,6734.3980997395975,33671.99049869799,744.7222230238297,0.413734568346572,3723.611115119148,8191.944453262126,8409.747800721729,42048.73900360864,92507.22580793903,9154.470023745558,45772.350118727794,100699.17026120116,0.7628725019787965,0.9135556144000001,4.567778072,0.415252552,680.3451680118686,680.3451680118686,0.0,3401.725840059343,3401.725840059343,0.0,3723.611115119148,0.0,3723.611115119148,8191.944453262126,0.0,38073.30013139595,-0.1610005287610193,69.77987696383953
21,21,2025,2NB,2,NB,PM-Shoulder,1,OP,PM,2.2,70,12000,1.6,6.5,75,1800,1,4,0.05,0.01,8273.0,0.0,1022.0,0.0,0.0,1.0,1.0,1.0,3.66,1.83,0.17391304347826086,0.17391304347826086,30,4.135,0.592,8984.71641866198,0.0,1109.921452903728,0.0,0.0,10094.637871565708,12314.480777373163,1.0,1.2,0.7893897934213566,12314.480777373163,0.0,1.0,179.69432837323959,6603.766567716555,0.0,832.4410896777961,0.0,0.0,7570.978403674281,1.419297409,7.096487045,,0.17391286908825068,0.1739107919035375,106.65568544202692,533.2784272101346,34.9687053112023,57.85092798838824,0.6780415626159624,2.281726578811231,3.774803751676603,-1.4930771728653722,2.5880525683683753,1148.4799905806558,7656.542099708084,0.0,0.0,1148.4799905806558,8766.46355261181,8766.46355261181,1148.4799905806558,0.6380444392114755,1148.4799905806558,2526.655979277443,10986.306458419269,10986.306458419269,24169.874208522393,12134.786448999925,12134.786448999925,26696.530187799835,1.011232204083327,3.1224542998,15.612271499000002,1.419297409,3586.0762848228323,3586.0762848228323,0.0,3586.0762848228323,3586.0762848228323,0.0,1148.4799905806558,0.0,1148.4799905806558,2526.655979277443,0.0,10094.637871565708,-0.3955376944303959,57.03512590482723
22,22,2025,2NB,2,NB,PM-Peak,3,Peak,PM,2.2,70,12000,1.6,6.5,75,1800,1,4,0.05,0.01,7207.0,0.0,891.0,0.0,0.0,1.0,1.0,1.0,3.66,1.83,0.17391304347826086,0.17391304347826086,30,4.135,0.592,8648.4,0.0,1069.2,0.0,0.0,9717.6,11856.0,1.0,1.2,0.76,11856.0,0.0,1.0,172.968,6356.573999999999,0.0,801.9000000000001,0.0,0.0,7288.200000000001,1.202351064,6.01175532,,0.16901435364517664,0.16901434835756768,110.1866647317215,550.9333236586076,38.93642800773872,60.946864493297156,1.130332246667265,2.1658210163464138,3.390141488422221,-1.2243204720758074,2.0610652677098718,1074.352246007735,7401.079753992265,0.0,0.0,1074.352246007735,8470.279753992265,25410.839261976795,1074.352246007735,0.5968623588931861,3223.056738023205,7090.724823651051,10608.679753992266,31826.0392619768,70017.28637634896,11683.032000000001,35049.096000000005,77108.01120000001,0.9735860000000001,2.6451723408,13.225861704000001,1.202351064,2841.8468454160175,2841.8468454160175,0.0,8525.540536248052,8525.540536248052,0.0,3223.056738023205,0.0,3223.056738023205,7090.724823651051,0.0,29152.800000000003,-0.36114140848015425,58.92335012391525
23,23,2025,2NB,2,NB,PM-Late,3,OP,PM,2.2,70,12000,1.6,6.5,75,1800,1,4,0.05,0.01,7436.0,0.0,919.0,0.0,0.0,1.0,1.0,1.0,3.66,1.83,0.17391304347826086,0.17391304347826086,30,4.135,0.592,7463.4774716943,0.0,922.3958844119232,0.0,0.0,8385.873356106224,10230.66512493007,1.0,1.2,0.6558118669826968,10230.66512493007,0.0,1.0,149.269549433886,5485.6559416953105,0.0,691.7969133089424,0.0,0.0,6289.405017079667,0.187399184,0.93699592,,0.17391301138221368,0.17391299752170788,47.412410816340774,237.06205408170385,53.835861366227,65.72321051142828,0.5635896120694694,2.008422883983234,2.451897241915552,-0.4434743579323177,0.7756706499957349,954.0269442269647,6360.18097803345,0.0,0.0,954.0269442269647,7282.576862445373,21847.73058733612,954.0269442269647,0.5300149690149804,2862.080832680894,6296.577831897967,9127.368631269219,27382.105893807657,60240.63296637685,10081.395575496184,30244.18672648855,66537.21079827481,0.8401162979580153,0.41227820480000005,2.061391024,0.187399184,393.3245158967228,393.3245158967228,0.0,1179.9735476901683,1179.9735476901683,0.0,2862.080832680894,0.0,2862.080832680894,6296.577831897967,0.0,25157.62006831867,-0.180869879190309,25.35423038306993
24,24,2025,2SB,2,SB,Night,8,OP,NT,2.2,70,12000,1.6,5.0,75,1800,1,4,0.05,0.01,2585.0,0.0,319.0,0.0,0.0,1.0,1.0,1.0,3.66,1.83,0.17391304347826086,0.17391304347826086,30,4.103,0.708,2068.0,0.0,255.20000000000002,0.0,0.0,2323.2,2833.6,1.0,1.2,0.18164102564102563,2833.6,0.0,1.0,41.36,1519.98,0.0,191.4,0.0,0.0,1742.3999999999999,0.147646003,0.738230015,,0.13795246292806762,0.1379524629455517,130.8971376525419,654.4856882627095,69.94406116446093,74.97163301703026,0.0,1.7606659304061765,1.8872224146325396,-0.12655648422636312,0.002066136618008016,209.68498460140424,1816.9550153985958,0.0,0.0,209.68498460140424,2072.155015398596,16577.240123188767,209.68498460140424,0.11649165811189124,1677.479876811234,3690.455728984715,2582.555015398596,20660.440123188768,45452.96827101529,2792.2400000000002,22337.920000000002,49143.424000000006,0.23268666666666668,0.3248212066,1.6241060330000001,0.147646003,68.11012970413054,68.11012970413054,0.0,544.8810376330443,544.8810376330443,0.0,1677.479876811234,0.0,1677.479876811234,3690.455728984715,0.0,18585.6,-0.06705965510218088,69.99846933291009
25,25,2025,2SB,2,SB,AM-Early,1,OP,AM,2.2,70,12000,1.6,5.0,75,1800,1,4,0.05,0.01,6971.0,0.0,862.0,0.0,0.0,1.0,1.0,1.0,3.66,1.83,0.17391304347826086,0.17391304347826086,30,4.155,0.715,6013.797878374802,0.0,743.637035024972,0.0,0.0,6757.434913399774,8244.708983449718,1.0,1.2,0.5285069861185717,8244.708983449718,0.0,1.0,120.27595756749605,4420.141440605479,0.0,557.727776268729,0.0,0.0,5068.07618504983,0.795369856,3.9768492799999997,,0.07366356285228999,0.07366356939661592,179.65920145155002,898.2960072577501,58.320692333630724,74.71867490221311,1.4509958576177786,1.7666266187503048,2.2633476167408593,-0.49672099799055447,0.5173576635064062,325.60336682605333,5567.918553981252,0.0,0.0,325.60336682605333,6311.555589006224,6311.555589006224,325.60336682605333,0.1808907593478074,325.60336682605333,716.3274070173173,7798.829659056169,7798.829659056169,17157.425249923574,8124.433025882222,8124.433025882222,17873.75265694089,0.6770360854901851,1.7498136832000002,8.749068416,0.7953698560000001,569.7452265682172,569.7452265682172,0.0,569.7452265682172,569.7452265682172,0.0,325.60336682605333,0.0,325.60336682605333,716.3274070173173,0.0,6757.434913399774,-0.21946297348076615,96.07443927890375
26,26,2025,2SB,2,SB,AM-Peak,2,Peak,AM,2.2,70,12000,1.6,5.0,75,1800,1,4,0.05,0.01,9309.0,0.0,1150.0,0.0,0.0,1.0,1.0,1.0,3.66,1.83,0.17391304347826086,0.17391304347826086,30,4.155,0.715,7630.987335410945,0.0,942.7044189196032,0.0,0.0,8573.691754330548,10459.100592169754,1.0,1.2,0.6704551661647279,10459.100592169754,0.0,1.0,152.6197467082189,5608.775691527044,0.0,707.0283141897024,0.0,0.0,6430.2688157479115,1.233788573,6.168942865,,0.14217608481389407,0.14217609741652373,137.06762225213123,685.3381112606562,45.41488454603055,69.59864132045551,1.525322664657884,1.8965887479358639,2.906536068944765,-1.0099473210089012,1.3985258430257572,797.4337684206564,6680.933820282069,0.0,0.0,797.4337684206564,7623.638239201672,15247.276478403344,797.4337684206564,0.443018760233698,1594.8675368413128,3508.7085810508884,9509.04707704088,19018.09415408176,41839.80713897987,10306.480845461536,20612.96169092307,45348.51572003076,0.8588734037884613,2.7143348606,13.571674303000002,1.233788573,2164.502276643815,2164.502276643815,0.0,4329.00455328763,4329.00455328763,0.0,1594.8675368413128,0.0,1594.8675368413128,3508.7085810508884,0.0,17147.383508661096,-0.347474552887819,73.29819371771725
27,27,2025,2SB,2,SB,AM-Shoulder,1,OP,AM,2.2,70,12000,1.6,5.0,75,1800,1,4,0.05,0.01,8274.0,0.0,1023.0,0.0,0.0,1.0,1.0,1.0,3.66,1.83,0.17391304347826086,0.17391304347826086,30,4.155,0.715,7277.959165559638,0.0,899.8491934212605,0.0,0.0,8177.808358980898,9977.506745823419,1.0,1.2,0.6395837657579114,9977.506745823419,0.0,1.0,145.55918331119275,5349.299986686334,0.0,674.8868950659453,0.0,0.0,6133.356269235674,0.683611767,3.418058835,,0.17391299787306988,0.17391264040067614,120.59223265411973,602.9611632705987,50.368864663694765,66.51118526664584,0.5499161296919214,1.984628592481205,2.6206665741096984,-0.6360379816284933,1.0068846351017158,930.3127972069931,6202.087185041451,0.0,0.0,930.3127972069931,7101.936378462712,7101.936378462712,930.3127972069931,0.516840442892774,930.3127972069931,2046.688153855385,8901.634765305233,8901.634765305233,19583.596483671514,9831.947562512225,9831.947562512225,21630.2846375269,0.8193289635426854,1.5039458874000002,7.5197294370000005,0.683611767,1399.1401053550476,1399.1401053550476,0.0,1399.1401053550476,1399.1401053550476,0.0,930.3127972069931,0.0,930.3127972069931,2046.688153855385,0.0,8177.808358980898,-0.24270084104253906,64.48782494872712
28,28,2025,2SB,2,SB,MD,5,OP,MD,2.2,70,12000,1.6,5.0,75,1800,1,4,0.05,0.01,7694.0,0.0,951.0,0.0,0.0,1.0,1.0,1.0,3.66,1.83,0.17391304347826086,0.17391304347826086,30,4.136,0.708,6407.0337610024735,0.0,791.9273598535681,0.0,0.0,7198.961120856042,8782.815840563177,1.0,1.2,0.5630010154207165,8782.815840563177,0.0,1.0,128.14067522004947,4709.1698143368185,0.0,593.945519890176,0.0,0.0,5399.220840642031,0.188471815,0.9423590749999999,,0.17391303750500434,0.17391302512640475,55.76338354361872,278.81691771809363,58.044113391614935,69.66017684127614,0.48389786200898677,1.8949133634955875,2.274132419069196,-0.3792190555736086,0.5321328426962274,818.9860265381934,5459.907059244231,0.0,0.0,818.9860265381934,6251.8344190978,31259.172095488997,818.9860265381934,0.454992236965663,4094.930132690967,9008.846291920128,7835.689138804935,39178.445694024675,86192.58052685429,8654.67516534313,43273.375826715645,95201.42681877442,0.7212229304452608,0.414637993,2.073189965,0.188471815,339.5827223388412,339.5827223388412,0.0,1697.913611694206,1697.913611694206,0.0,4094.930132690967,0.0,4094.930132690967,9008.846291920128,0.0,35994.805604280205,-0.16675328683314897,29.81999119979611
29,29,2025,2SB,2,SB,PM-Shoulder,1,OP,PM,2.2,70,12000,1.6,5.0,75,1800,1,4,0.05,0.01,5126.0,0.0,634.0,0.0,0.0,1.0,1.0,1.0,3.66,1.83,0.17391304347826086,0.17391304347826086,30,4.135,0.592,5242.508701253914,0.0,648.4101671078778,0.0,0.0,5890.918868361792,7187.739202577548,1.0,1.2,0.46075251298574027,7187.739202577548,0.0,1.0,104.85017402507829,3853.243895421627,0.0,486.3076253309083,0.0,0.0,4418.189151271345,0.186849115,0.934245575,,0.17391302703187017,0.17391290193784079,100.86727409234584,504.3363704617292,65.07854625273998,72.50850648458024,0.39631680030306493,1.8204760572205594,2.0283182031658007,-0.2078421459452413,0.19536736690857523,670.12930974485,4467.529217483986,0.0,0.0,670.12930974485,5115.939384591864,5115.939384591864,670.12930974485,0.37229406096936113,670.12930974485,1474.2844814386701,6412.75971880762,6412.75971880762,14108.071381376765,7082.889028552469,7082.889028552469,15582.355862815435,0.5902407523793725,0.41106805300000004,2.0553402650000003,0.186849115,275.4687506150495,275.4687506150495,0.0,275.4687506150495,275.4687506150495,0.0,670.12930974485,0.0,670.12930974485,1474.2844814386701,0.0,5890.918868361792,-0.10247018718307666,53.939718765960336
30,30,2025,2SB,2,SB,PM-Peak,3,Peak,PM,2.2,70,12000,1.6,5.0,75,1800,1,4,0.05,0.01,7001.0,0.0,865.0,0.0,0.0,1.0,1.0,1.0,3.66,1.83,0.17391304347826086,0.17391304347826086,30,4.135,0.592,5600.8,0.0,692.0,0.0,0.0,6292.8,7676.8,1.0,1.2,0.4921025641025641,7676.8,0.0,1.0,112.016,4116.588000000001,0.0,519.0,0.0,0.0,4719.6,0.212310187,1.061550935,,0.17391298762845697,0.17391281569203676,97.19424567118219,485.97122835591097,63.3436653983455,71.78665187588895,0.6605703634359725,1.8387819538960135,2.0838705681128418,-0.24508861421682826,0.2714741068860222,715.9281179154545,4772.8558820845465,0.0,0.0,715.9281179154545,5464.8558820845465,16394.56764625364,715.9281179154545,0.39773784328636363,2147.7843537463636,4725.125578242,6848.8558820845465,20546.56764625364,45202.44882175801,7564.7840000000015,22694.352000000003,49927.574400000005,0.6303986666666668,0.46708241140000006,2.3354120570000005,0.212310187,334.39743170501407,334.39743170501407,0.0,1003.1922951150423,1003.1922951150423,0.0,2147.7843537463636,0.0,2147.7843537463636,4725.125578242,0.0,18878.4,-0.11761220584768904,51.975532444482454
31,31,2025,2SB,2,SB,PM-Late,3,OP,PM,2.2,70,12000,1.6,5.0,75,1800,1,4,0.05,0.01,6368.0,0.0,787.0,0.0,0.0,1.0,1.0,1.0,3.66,1.83,0.17391304347826086,0.17391304347826086,30,4.135,0.592,5094.400000000001,0.0,629.6,0.0,0.0,5724.000000000001,6983.200000000001,1.0,1.2,0.4476410256410257,6983.200000000001,0.0,1.0,101.88800000000002,3744.3840000000005,0.0,472.20000000000005,0.0,0.0,4293.000000000001,0.163716463,0.818582315,,0.17391303545370349,0.173912972659132,94.09816037976206,470.49080189881033,65.69984980645323,72.77032922722546,0.3846875697946415,1.8139261069965729,2.009137013080882,-0.19521090608430924,0.169089136492237,651.1971873442801,4341.314812655721,0.0,0.0,651.1971873442801,4970.914812655721,14912.744437967163,651.1971873442801,0.36177621519126674,1953.5915620328403,4297.901436472249,6230.114812655721,18690.344437967164,41118.75776352776,6881.312000000001,20643.936000000005,45416.65920000001,0.5734426666666668,0.36017621860000004,1.800881093,0.163716463,234.54574050061862,234.54574050061862,0.0,703.6372215018558,703.6372215018558,0.0,1953.5915620328403,0.0,1953.5915620328403,4297.901436472249,0.0,17172.000000000004,-0.0971615697751573,50.31987186083533
32,32,2025,3NB,3,NB,Night,8,OP,NT,3.4,70,12000,1.6,6.5,75,1800,1,4,0.05,0.01,3349.0,0.0,414.0,0.0,0.0,1.0,1.0,1.0,3.66,1.83,0.17391304347826086,0.17391304347826086,30,4.103,0.708,2679.2000000000003,0.0,331.20000000000005,0.0,0.0,3010.4000000000005,3672.8,1.0,1.2,0.23543589743589743,3672.8,0.0,1.0,53.584,1969.2120000000004,0.0,248.40000000000003,0.0,0.0,2257.8,0.117777617,0.588888085,,0.173912916686138,0.17391268321778047,108.03756053441994,540.1878026720997,69.97305124172593,74.82462072484229,0.0,2.726375329721793,2.915408094685914,-0.18903276496412103,0.0015376611482736352,342.47140249334325,2283.144597506657,0.0,0.0,342.47140249334325,2614.344597506657,20914.756780053256,342.47140249334325,0.19026189027407958,2739.771219946746,9315.222147818937,3276.7445975066576,26213.95678005326,89127.45305218108,3619.216000000001,28953.728000000006,98442.67520000001,0.3016013333333334,0.4004438978,2.002219489,0.11777761699999999,137.140583299467,137.140583299467,0.0,1097.124666395736,1097.124666395736,0.0,2739.771219946746,0.0,2739.771219946746,9315.222147818937,0.0,24083.200000000004,-0.06483921249607634,37.38323893924565
33,33,2025,3NB,3,NB,AM-Early,1,OP,AM,3.4,70,12000,1.6,6.5,75,1800,1,4,0.05,0.01,3209.0,0.0,397.0,0.0,0.0,1.0,1.0,1.0,3.66,1.83,0.17391304347826086,0.17391304347826086,30,4.155,0.715,2567.2000000000003,0.0,317.6,0.0,0.0,2884.8,3520.0000000000005,1.0,1.2,0.22564102564102567,3520.0000000000005,0.0,1.0,51.34400000000001,1886.8920000000003,0.0,238.20000000000002,0.0,0.0,2163.6000000000004,0.169543156,0.84771578,,0.11306949933651805,0.1130694993734375,151.47350111681723,757.3675055840863,69.97427213107696,74.9649454689185,0.0,2.7212719054745556,2.915357227551633,-0.1940853220770773,0.0014679731743083243,213.34993374208125,2302.506066257919,0.0,0.0,213.34993374208125,2620.106066257919,2620.106066257919,213.34993374208125,0.11852774096782291,213.34993374208125,725.3897747230762,3255.306066257919,3255.306066257919,11068.040625276924,3468.6560000000004,3468.6560000000004,11793.430400000001,0.2890546666666667,0.5764467303999999,2.882233652,0.169543156,122.98487173667937,122.98487173667937,0.0,122.98487173667937,122.98487173667937,0.0,213.34993374208125,0.0,213.34993374208125,725.3897747230762,0.0,2884.8,-0.06657342717484865,52.41297616498866
34,34,2025,3NB,3,NB,AM-Peak,2,Peak,AM,3.4,70,12000,1.6,6.5,75,1800,1,4,0.05,0.01,6617.0,0.0,818.0,0.0,0.0,1.0,1.0,1.0,3.66,1.83,0.17391304347826086,0.17391304347826086,30,4.155,0.715,5293.6,0.0,654.4000000000001,0.0,0.0,5948.0,7256.800000000001,1.0,1.2,0.46517948717948726,7256.800000000001,0.0,1.0,105.87200000000001,3890.7960000000003,0.0,490.80000000000007,0.0,0.0,4461.0,0.167837166,0.83918583,,0.1585031308308442,0.158503145403054,130.3795159506027,651.8975797530135,67.68748855852489,73.10167797351745,1.291240432738432,2.7906336168357595,3.0138509249551295,-0.22321730811937002,0.13640433861709944,616.7033474241254,4571.024652575875,0.0,0.0,616.7033474241254,5225.424652575875,10450.84930515175,616.7033474241254,0.34261297079118075,1233.4066948482507,4193.582762484052,6534.224652575875,13068.44930515175,44432.72763751595,7150.928,14301.856,48626.3104,0.5959106666666667,0.5706463644,2.853231822,0.167837166,351.9195231208873,351.9195231208873,0.0,703.8390462417746,703.8390462417746,0.0,1233.4066948482507,0.0,1233.4066948482507,4193.582762484052,0.0,11896.0,-0.07406381857546365,45.11401936007014
35,35,2025,3NB,3,NB,AM-Shoulder,1,OP,AM,3.4,70,12000,1.6,6.5,75,1800,1,4,0.05,0.01,7565.0,0.0,935.0,0.0,0.0,1.0,1.0,1.0,3.66,1.83,0.17391304347826086,0.17391304347826086,30,4.155,0.715,6052.0,0.0,748.0,0.0,0.0,6800.0,8296.0,1.0,1.2,0.5317948717948718,8296.0,0.0,1.0,121.04,4448.22,0.0,561.0,0.0,0.0,5100.0,0.174664118,0.8733205900000001,,0.17391295450857777,0.17391239234684785,120.03378136786843,600.1689068393422,65.00319736508331,70.68635126480085,0.7063430643633686,2.8859885444615436,3.1383071644038742,-0.2523186199423306,0.3069093866618793,773.6030825041458,5157.356917495854,0.0,0.0,773.6030825041458,5905.356917495854,5905.356917495854,773.6030825041458,0.429779490280081,773.6030825041458,2630.2504805140957,7401.356917495854,7401.356917495854,25164.6135194859,8174.96,8174.96,27794.863999999998,0.6812466666666667,0.5938580012,2.969290006,0.174664118,459.4103802980707,459.4103802980707,0.0,459.4103802980707,459.4103802980707,0.0,773.6030825041458,0.0,773.6030825041458,2630.2504805140957,0.0,6800.0,-0.08039959338723904,41.53418040410673
36,36,2025,3NB,3,NB,MD,5,OP,MD,3.4,70,12000,1.6,6.5,75,1800,1,4,0.05,0.01,7925.0,0.0,980.0,0.0,0.0,1.0,1.0,1.0,3.66,1.83,0.17391304347826086,0.17391304347826086,30,4.136,0.708,6421.98024983041,0.0,794.1376207992179,0.0,0.0,7216.117870629628,8804.393112228063,1.0,1.2,0.5643841738607732,8804.393112228063,0.0,1.0,128.4396049966082,4720.155483625351,0.0,595.6032155994134,0.0,0.0,5412.088402972221,0.415252552,2.07626276,,0.12743140855139068,0.12743142412009187,140.06981104607283,700.3490552303642,61.6757769440272,73.02520904718834,1.5126188696670604,2.7935558509415115,3.3076194595025,-0.5140636085609884,0.5388672309469963,601.4960618599491,5692.044582973853,0.0,0.0,601.4960618599491,6486.182203773071,32430.911018865354,601.4960618599491,0.33416447881108285,3007.4803092997454,10225.433051619135,8074.457445371507,40372.28722685753,137265.7765713156,8675.953507231456,43379.76753615728,147491.20962293472,0.7229961256026213,1.4118586767999999,7.059293384,0.415252552,849.2274339979987,849.2274339979987,0.0,4246.137169989994,4246.137169989994,0.0,3007.4803092997454,0.0,3007.4803092997454,10225.433051619135,0.0,36080.58935314814,-0.15541800223847663,48.46706264569994
37,37,2025,3NB,3,NB,PM-Shoulder,1,OP,PM,3.4,70,12000,1.6,6.5,75,1800,1,4,0.05,0.01,8604.0,0.0,1063.0,0.0,0.0,1.0,1.0,1.0,3.66,1.83,0.17391304347826086,0.17391304347826086,30,4.135,0.592,8341.204328434646,0.0,1030.532333929106,0.0,0.0,9371.736662363752,11432.801330221962,1.0,1.2,0.7328718801424335,11432.801330221962,0.0,1.0,166.8240865686929,6130.785181399464,0.0,772.8992504468295,0.0,0.0,7028.802496772814,1.419297409,7.096487045,,0.13395781832287482,0.1339578381414026,120.40513575498603,602.0256787749303,40.71070950843658,68.7567258780339,1.8243327544260424,2.966982464550032,5.010966462221067,-2.0439839976710346,2.8724526246714337,821.2666075064825,7353.11363435947,0.0,0.0,821.2666075064825,8383.645968288576,8383.645968288576,821.2666075064825,0.4562592263924903,821.2666075064825,2792.3064655220405,10444.710636146789,10444.710636146789,35512.01616289908,11265.977243653271,11265.977243653271,38304.32262842113,0.9388314369711059,4.825611190599999,24.128055953,1.419297409,3963.1133316493792,3963.1133316493792,0.0,3963.1133316493792,3963.1133316493792,0.0,821.2666075064825,0.0,821.2666075064825,2792.3064655220405,0.0,9371.736662363752,-0.4079021508288157,41.66267673182908
38,38,2025,3NB,3,NB,PM-Peak,3,Peak,PM,3.4,70,12000,1.6,6.5,75,1800,1,4,0.05,0.01,7495.0,0.0,926.0,0.0,0.0,1.0,1.0,1.0,3.66,1.83,0.17391304347826086,0.17391304347826086,30,4.135,0.592,8650.057730999113,0.0,1068.7062653642665,0.0,0.0,9718.76399636338,11856.176527091913,1.0,1.2,0.7600113158392252,11856.176527091913,0.0,1.0,173.00115461998226,6357.792432284348,0.0,801.5296990231999,0.0,0.0,7289.072997272535,1.202351064,6.01175532,,0.16899438142374615,0.16899437643405144,110.19183256769021,550.959162838451,38.935411594523934,60.94275856869311,1.746416824707453,3.347403445317567,5.239446345770531,-1.8920429004529642,3.1854700651342,1074.431199314468,7402.625377064664,0.0,0.0,1074.431199314468,8471.33164242893,25413.99492728679,1074.431199314468,0.5969062218413711,3223.2935979434037,10959.198233007572,10608.744173157464,31826.23251947239,108209.19056620612,11683.175372471931,35049.52611741579,119168.38879921369,0.9735979477059943,4.0879936176,20.439968087999997,1.202351064,4392.267885347857,4392.267885347857,0.0,13176.803656043572,13176.803656043572,0.0,3223.2935979434037,0.0,3223.2935979434037,10959.198233007572,0.0,29156.29198909014,-0.3611150445276129,38.128661788128106
39,39,2025,3NB,3,NB,PM-Late,3,OP,PM,3.4,70,12000,1.6,6.5,75,1800,1,4,0.05,0.01,7734.0,0.0,956.0,0.0,0.0,1.0,1.0,1.0,3.66,1.83,0.17391304347826086,0.17391304347826086,30,4.135,0.592,6774.237453435951,0.0,837.3637193541206,0.0,0.0,7611.601172790071,9286.328611498313,1.0,1.2,0.5952774750960457,9286.328611498313,0.0,1.0,135.48474906871903,4979.064528275424,0.0,628.0227895155904,0.0,0.0,5708.700879592554,0.187399184,0.93699592,,0.17391304202994526,0.17391301089137923,81.2403507697757,406.2017538488785,60.34509481113555,68.4432782094848,0.7907694168881967,2.980570266894812,3.3805564584572605,-0.3999861915624483,0.6387909195150187,865.9242585757734,5772.828445791458,0.0,0.0,865.9242585757734,6610.192165145579,19830.576495436737,865.9242585757734,0.4810690325420963,2597.77277572732,8832.427437472888,8284.91960385382,24854.758811561456,84506.17995930895,9150.843862429592,27452.531587288777,93338.60739678184,0.7625703218691327,0.6371572256,3.1857861279999997,0.187399184,551.7298981738768,551.7298981738768,0.0,1655.1896945216304,1655.1896945216304,0.0,2597.77277572732,0.0,2597.77277572732,8832.427437472888,0.0,22834.803518370216,-0.1183196306518675,28.110848017223425
40,40,2025,3SB,3,SB,Night,8,OP,NT,3.4,70,12000,1.6,5.0,75,1800,1,4,0.05,0.01,2688.0,0.0,332.0,0.0,0.0,1.0,1.0,1.0,3.66,1.83,0.17391304347826086,0.17391304347826086,30,4.103,0.708,2150.4,0.0,265.6,0.0,0.0,2416.0,2947.2000000000003,1.0,1.2,0.18892307692307694,2947.2000000000003,0.0,1.0,43.008,1580.5440000000003,0.0,199.20000000000002,0.0,0.0,1812.0,0.147646003,0.738230015,,0.1384517844599785,0.1384517844885052,130.68756376866222,653.4378188433109,69.93201598413505,74.96643382863888,0.0,2.721217878208145,2.9171188207455643,-0.1959009425374192,0.0038813558499947477,218.82913721751228,1888.5628627824879,0.0,0.0,218.82913721751228,2154.162862782488,17233.302902259904,218.82913721751228,0.12157174289861794,1750.6330977400983,5952.152532316334,2685.362862782488,21482.902902259902,73041.86986768366,2904.192,23233.536,78994.0224,0.242016,0.5019964102,2.5099820509999997,0.147646003,109.85144133035438,109.85144133035438,0.0,878.811530642835,878.811530642835,0.0,1750.6330977400983,0.0,1750.6330977400983,5952.152532316334,0.0,19328.0,-0.06715562669036236,45.22061030057515
41,41,2025,3SB,3,SB,AM-Early,1,OP,AM,3.4,70,12000,1.6,5.0,75,1800,1,4,0.05,0.01,7250.0,0.0,896.0,0.0,0.0,1.0,1.0,1.0,3.66,1.83,0.17391304347826086,0.17391304347826086,30,4.155,0.715,6732.042089488811,0.0,831.9875465078586,0.0,0.0,7564.02963599667,9228.004729012388,1.0,1.2,0.5915387646802812,9228.004729012388,0.0,1.0,134.64084178977623,4948.050935774276,0.0,623.990659880894,0.0,0.0,5673.022226997502,0.795369856,3.9768492799999997,,0.130768848904055,0.13076886185899833,142.27705637706444,711.385281885322,53.88131070827168,72.4240642661765,1.5275861619722906,2.8167433306455867,3.786099434449775,-0.9693561038041882,1.1943847966247636,647.0509251898342,5950.350322509201,0.0,0.0,647.0509251898342,6782.337869017059,6782.337869017059,647.0509251898342,0.35947273621657455,647.0509251898342,2199.973145645436,8446.312962032776,8446.312962032776,28717.46407091144,9093.363887222611,9093.363887222611,30917.437216556875,0.7577803239352175,2.7042575103999997,13.521287551999999,0.7953698560000001,1749.7923240558775,1749.7923240558775,0.0,1749.7923240558775,1749.7923240558775,0.0,647.0509251898342,0.0,647.0509251898342,2199.973145645436,0.0,7564.02963599667,-0.25603028145114276,49.23081535538561
42,42,2025,3SB,3,SB,AM-Peak,2,Peak,AM,3.4,70,12000,1.6,5.0,75,1800,1,4,0.05,0.01,9681.0,0.0,1197.0,0.0,0.0,1.0,1.0,1.0,3.66,1.83,0.17391304347826086,0.17391304347826086,30,4.155,0.715,8190.1868182379985,0.0,1012.6695198255226,0.0,0.0,9202.85633806352,11228.195377714566,1.0,1.2,0.719756113956062,11228.195377714566,0.0,1.0,163.80373636475997,6019.787311404929,0.0,759.502139869142,0.0,0.0,6902.14225354764,1.233788573,6.168942865,,0.17265298643406748,0.1726527826047711,125.18208821055707,625.9104410527854,41.03019599126175,62.52057180318202,1.535624991774244,3.2629260116526524,4.97194797810486,-1.709021966452208,2.8189973014322307,1039.3342570119667,6987.048824861272,0.0,0.0,1039.3342570119667,7999.718344686795,15999.43668937359,1039.3342570119667,0.5774079205622037,2078.6685140239333,7067.472947681373,10025.05738433784,20050.11476867568,68170.39021349732,11064.391641349808,22128.783282699616,75237.86316117868,0.9220326367791507,4.1948811481999995,20.974405740999998,1.233788573,4359.883681417952,4359.883681417952,0.0,8719.767362835904,8719.767362835904,0.0,2078.6685140239333,0.0,2078.6685140239333,7067.472947681373,0.0,18405.71267612704,-0.34373287371032185,43.315601456940165
43,43,2025,3SB,3,SB,AM-Shoulder,1,OP,AM,3.4,70,12000,1.6,5.0,75,1800,1,4,0.05,0.01,8605.0,0.0,1064.0,0.0,0.0,1.0,1.0,1.0,3.66,1.83,0.17391304347826086,0.17391304347826086,30,4.155,0.715,7785.225297680508,0.0,962.6356440130228,0.0,0.0,8747.86094169353,10673.132229719577,1.0,1.2,0.6841751429307421,10673.132229719577,0.0,1.0,155.70450595361018,5722.140593795173,0.0,721.976733009767,0.0,0.0,6560.895706270148,0.683611767,3.418058835,,0.17391293077291206,0.1739127148260091,89.07650483811436,445.38252419057176,45.28018945826459,64.26138754009622,0.9091991420044184,3.174534628165524,4.505281502588009,-1.3307468744224846,2.1796642299741444,995.1542409615698,6634.366550765329,0.0,0.0,995.1542409615698,7597.002194778352,7597.002194778352,995.1542409615698,0.5528634672008721,995.1542409615698,3383.524419269337,9522.273482804398,9522.273482804398,32375.72984153495,10517.427723765968,10517.427723765968,35759.254260804286,0.8764523103138306,2.3242800078,11.621400039,0.683611767,2313.017106944361,2313.017106944361,0.0,2313.017106944361,2313.017106944361,0.0,995.1542409615698,0.0,995.1542409615698,3383.524419269337,0.0,8747.86094169353,-0.2953748558570762,30.822320013188357
44,44,2025,3SB,3,SB,MD,5,OP,MD,3.4,70,12000,1.6,5.0,75,1800,1,4,0.05,0.01,8002.0,0.0,989.0,0.0,0.0,1.0,1.0,1.0,3.66,1.83,0.17391304347826086,0.17391304347826086,30,4.136,0.708,6401.6,0.0,791.2,0.0,0.0,7192.8,8775.2,1.0,1.2,0.5625128205128206,8775.2,0.0,1.0,128.032,4705.176,0.0,593.4000000000001,0.0,0.0,5394.6,0.188471815,0.9423590749999999,,0.1739130375034288,0.17391302527227634,55.94451855000163,279.7225927500081,58.087150432159554,69.6769844508393,0.7471321154848076,2.9277960521373094,3.511964323990264,-0.5841682718529544,0.818819695295233,818.2914501482331,5455.276549851767,0.0,0.0,818.2914501482331,6246.476549851767,31232.382749258835,818.2914501482331,0.45460636119346287,4091.457250741166,13910.954652519964,7828.876549851768,39144.38274925884,133090.90134748004,8647.168000000001,43235.840000000004,147001.856,0.7205973333333334,0.640804171,3.2040208549999996,0.188471815,524.3645743486263,524.3645743486263,0.0,2621.8228717431316,2621.8228717431316,0.0,4091.457250741166,0.0,4091.457250741166,13910.954652519964,0.0,35964.0,-0.16633661904322178,19.357964896194336
45,45,2025,3SB,3,SB,PM-Shoulder,1,OP,PM,3.4,70,12000,1.6,5.0,75,1800,1,4,0.05,0.01,5331.0,0.0,659.0,0.0,0.0,1.0,1.0,1.0,3.66,1.83,0.17391304347826086,0.17391304347826086,30,4.135,0.592,5610.539192624803,0.0,693.5556795985266,0.0,0.0,6304.09487222333,7691.206231420383,1.0,1.2,0.49302604047566556,7691.206231420383,0.0,1.0,112.21078385249606,4123.74630657923,0.0,520.1667596988949,0.0,0.0,4728.071154167497,0.186849115,0.934245575,,0.17391303604411712,0.17391299760290244,85.07633665806964,425.38168329034824,63.28655835094954,71.76520636791919,0.6549787949502547,2.8426031265645886,3.2234333058330895,-0.38083017926850093,0.42353220041990397,717.1732400529085,4781.155168719399,0.0,0.0,717.1732400529085,5474.710848317925,5474.710848317925,717.1732400529085,0.39842957780717136,717.1732400529085,2438.3890161798886,6861.822207514979,6861.822207514979,23330.195505550928,7578.995447567887,7578.995447567887,25768.584521730816,0.6315829539639906,0.635286991,3.176434955,0.186849115,455.6108296989329,455.6108296989329,0.0,455.6108296989329,455.6108296989329,0.0,717.1732400529085,0.0,717.1732400529085,2438.3890161798886,0.0,6304.09487222333,-0.11814427138273803,29.43817877441856
46,46,2025,3SB,3,SB,PM-Peak,3,Peak,PM,3.4,70,12000,1.6,5.0,75,1800,1,4,0.05,0.01,7281.0,0.0,900.0,0.0,0.0,1.0,1.0,1.0,3.66,1.83,0.17391304347826086,0.17391304347826086,30,4.135,0.592,5824.8,0.0,720.0,0.0,0.0,6544.8,7984.8,1.0,1.2,0.5118461538461538,7984.8,0.0,1.0,116.49600000000001,4281.228,0.0,540.0,0.0,0.0,4908.6,0.212310187,1.061550935,,0.17391302328370478,0.17391291099085437,86.68713407831906,433.4356703915953,62.06049529078292,71.26807236589812,1.0623984695122517,2.8624318467972807,3.28711524205798,-0.4246833952606992,0.5107764530480042,744.5613048468489,4963.7426951531515,0.0,0.0,744.5613048468489,5683.7426951531515,17051.228085459454,744.5613048468489,0.41364516935936047,2233.6839145405465,7594.525309437858,7123.7426951531515,21371.228085459454,72662.17549056213,7868.304,23604.912,80256.70079999999,0.655692,0.7218546358,3.609273179,0.21231018699999998,537.4650295409948,537.4650295409948,0.0,1612.3950886229845,1612.3950886229845,0.0,2233.6839145405465,0.0,2233.6839145405465,7594.525309437858,0.0,19634.4,-0.12919638162573688,29.995548123985834
47,47,2025,3SB,3,SB,PM-Late,3,OP,PM,3.4,70,12000,1.6,5.0,75,1800,1,4,0.05,0.01,6623.0,0.0,819.0,0.0,0.0,1.0,1.0,1.0,3.66,1.83,0.17391304347826086,0.17391304347826086,30,4.135,0.592,5298.400000000001,0.0,655.2,0.0,0.0,5953.6,7264.000000000001,1.0,1.2,0.4656410256410257,7264.000000000001,0.0,1.0,105.96800000000002,3894.3240000000005,0.0,491.40000000000003,0.0,0.0,4465.200000000001,0.163716463,0.818582315,,0.17391303938928082,0.1739130014932391,86.26167185638877,431.3083592819438,64.83168317037665,72.40428212127804,0.6188520375663189,2.8175129153037877,3.1466096517021036,-0.32909673639831594,0.31828379426045356,677.2737232066218,4515.158276793379,0.0,0.0,677.2737232066218,5170.3582767933785,15511.074830380136,677.2737232066218,0.37626317955923433,2031.8211696198653,6908.1919767075415,6480.758276793379,19442.274830380138,66103.73442329247,7158.032000000001,21474.096000000005,73011.92640000001,0.5965026666666667,0.5566359742,2.7831798709999997,0.163716463,376.994918717179,376.994918717179,0.0,1130.984756151537,1130.984756151537,0.0,2031.8211696198653,0.0,2031.8211696198653,6908.1919767075415,0.0,17860.800000000003,-0.1045877222871597,29.848329362072235
48,48,2025,4NB,4,NB,Night,8,OP,NT,4.4,70,12000,1.6,6.5,75,1800,1,4,0.05,0.01,3091.0,0.0,382.0,0.0,0.0,1.0,1.0,1.0,3.66,1.83,0.17391304347826086,0.17391304347826086,30,4.103,0.708,2472.8,0.0,305.6,0.0,0.0,2778.4,3389.6000000000004,1.0,1.2,0.2172820512820513,3389.6000000000004,0.0,1.0,49.456,1817.508,0.0,229.20000000000002,0.0,0.0,2083.8,0.117777617,0.588888085,,0.1739129442773932,0.1739128335911303,107.30371038484488,536.5185519242244,69.98400193570241,74.87265185290606,0.0,3.52598703888105,3.772290704989252,-0.24630366610820165,0.0011811229781323084,316.0881675277164,2107.2558324722836,0.0,0.0,316.0881675277164,2412.8558324722835,19302.846659778268,316.0881675277164,0.175604537515398,2528.705340221731,11126.303496975617,3024.055832472284,24192.44665977827,106446.7653030244,3340.1440000000002,26721.152000000002,117573.06880000001,0.27834533333333333,0.5182215148,2.591107574,0.117777617,163.80368898656937,163.80368898656937,0.0,1310.429511892555,1310.429511892555,0.0,2528.705340221731,0.0,2528.705340221731,11126.303496975617,0.0,22227.2,-0.06529286456699615,28.690831653701835
49,49,2025,4NB,4,NB,AM-Early,1,OP,AM,4.4,70,12000,1.6,6.5,75,1800,1,4,0.05,0.01,2962.0,0.0,366.0,0.0,0.0,1.0,1.0,1.0,3.66,1.83,0.17391304347826086,0.17391304347826086,30,4.155,0.715,2369.6,0.0,292.8,0.0,0.0,2662.4,3248.0,1.0,1.2,0.2082051282051282,3248.0,0.0,1.0,47.391999999999996,1741.656,0.0,219.60000000000002,0.0,0.0,1996.8000000000002,0.169543156,0.84771578,,0.11295300783364413,0.11295300783071688,151.5393271731599,757.6966358657996,69.98473932477356,74.97463595811422,0.0,3.52119082175321,3.7722509585250097,-0.2510601367717995,0.0011266703221207125,196.7252838115133,2125.482716188487,0.0,0.0,196.7252838115133,2418.282716188487,2418.282716188487,196.7252838115133,0.1092918243397296,196.7252838115133,865.5912487706586,3003.882716188487,3003.882716188487,13217.083951229344,3200.608,3200.608,14082.675200000003,0.26671733333333336,0.7459898864000001,3.7299494320000006,0.169543156,146.75507212255857,146.75507212255857,0.0,146.75507212255857,146.75507212255857,0.0,196.7252838115133,0.0,196.7252838115133,865.5912487706586,0.0,2662.4,-0.06655446298036509,40.51853667731548
50,50,2025,4NB,4,NB,AM-Peak,2,Peak,AM,4.4,70,12000,1.6,6.5,75,1800,1,4,0.05,0.01,6108.0,0.0,755.0,0.0,0.0,1.0,1.0,1.0,3.66,1.83,0.17391304347826086,0.17391304347826086,30,4.155,0.715,4886.400000000001,0.0,604.0,0.0,0.0,5490.400000000001,6698.400000000001,1.0,1.2,0.4293846153846154,6698.400000000001,0.0,1.0,97.72800000000001,3591.5040000000004,0.0,453.0,0.0,0.0,4117.8,0.167837166,0.83918583,,0.1474474528513731,0.1474474612784582,134.81753898227677,674.0876949113838,68.54867525008844,73.9098778429988,1.821356568708443,3.5719176881985297,3.8512779282289547,-0.2793602400304249,0.10939361881652519,529.5581167055179,4259.113883294483,0.0,0.0,529.5581167055179,4863.113883294483,9726.227766588965,529.5581167055179,0.29419895372528776,1059.1162334110359,4660.111427008558,6071.113883294483,12142.227766588965,53425.80217299145,6600.6720000000005,13201.344000000001,58085.91360000001,0.550056,0.7384835304000001,3.6924176520000005,0.167837166,391.06994757666615,391.06994757666615,0.0,782.1398951533323,782.1398951533323,0.0,1059.1162334110359,0.0,1059.1162334110359,4660.111427008558,0.0,10980.800000000001,-0.07253702413497104,36.04747031611678
51,51,2025,4NB,4,NB,AM-Shoulder,1,OP,AM,4.4,70,12000,1.6,6.5,75,1800,1,4,0.05,0.01,6983.0,0.0,863.0,0.0,0.0,1.0,1.0,1.0,3.66,1.83,0.17391304347826086,0.17391304347826086,30,4.155,0.715,5586.400000000001,0.0,690.4000000000001,0.0,0.0,6276.800000000001,7657.6,1.0,1.2,0.4908717948717949,7657.6,0.0,1.0,111.72800000000001,4106.004000000001,0.0,517.8000000000001,0.0,0.0,4707.6,0.174664118,0.8733205900000001,,0.16340228523074904,0.16340230150895577,128.52299174306341,642.6149587153171,66.82225297206746,72.41173915482281,1.0377820355209078,3.6458176958786233,3.950779691764588,-0.30496199588596484,0.2457110348603429,670.9304367665966,4803.741563233404,0.0,0.0,670.9304367665966,5494.141563233405,5494.141563233405,670.9304367665966,0.3727391315369981,670.9304367665966,2952.093921773025,6874.941563233404,6874.941563233404,30249.742878226978,7545.872,7545.872,33201.836800000005,0.6288226666666666,0.7685221192000001,3.8426105960000005,0.174664118,515.6248810996465,515.6248810996465,0.0,515.6248810996465,515.6248810996465,0.0,670.9304367665966,0.0,670.9304367665966,2952.093921773025,0.0,6276.800000000001,-0.0771903319543884,34.364436294936745
52,52,2025,4NB,4,NB,MD,5,OP,MD,4.4,70,12000,1.6,6.5,75,1800,1,4,0.05,0.01,7316.0,0.0,904.0,0.0,0.0,1.0,1.0,1.0,3.66,1.83,0.17391304347826086,0.17391304347826086,30,4.136,0.708,5852.8,0.0,723.2,0.0,0.0,6576.0,8022.400000000001,1.0,1.2,0.5142564102564103,8022.400000000001,0.0,1.0,117.05600000000001,4301.808000000001,0.0,542.4000000000001,0.0,0.0,4932.0,0.415252552,2.07626276,,0.0837802240467863,0.08378022833602311,166.18476122794573,830.9238061397289,64.4194088475132,74.63052646974725,2.627627576431944,3.5374264726246687,4.098143784971899,-0.5607173123472307,0.4475998425543599,360.40643804625773,5375.337561953743,0.0,0.0,360.40643804625773,6098.537561953743,30492.687809768715,360.40643804625773,0.20022579891458764,1802.0321902312887,7928.941637017671,7544.937561953743,37724.687809768715,165988.62636298235,7905.344000000001,39526.72,173917.56800000003,0.6587786666666667,1.8271112288000002,9.135556144,0.415252552,658.5026498861291,658.5026498861291,0.0,3292.5132494306454,3292.5132494306454,0.0,1802.0321902312887,0.0,1802.0321902312887,7928.941637017671,0.0,32880.0,-0.13682226436354172,44.43442813581437
53,53,2025,4NB,4,NB,PM-Shoulder,1,OP,PM,4.4,70,12000,1.6,6.5,75,1800,1,4,0.05,0.01,7941.0,0.0,982.0,0.0,0.0,1.0,1.0,1.0,3.66,1.83,0.17391304347826086,0.17391304347826086,30,4.135,0.592,6887.834743723296,0.0,851.7634703861323,0.0,0.0,7739.598214109428,9443.125154881693,1.0,1.2,0.6053285355693393,9443.125154881693,0.0,1.0,137.75669487446592,5062.558536636622,0.0,638.8226027895993,0.0,0.0,5804.698660582071,1.419297409,7.096487045,,0.0168174231284986,0.016817436301961752,219.78677425664344,1098.933871283217,53.119615398070735,74.98236898432299,4.618247865169608,3.5208276769062343,4.969915501488896,-1.4490878245826617,1.6419270941826447,85.13918902341075,6664.938859825419,0.0,0.0,85.13918902341075,7516.702330211551,7516.702330211551,85.13918902341075,0.047299549457450414,85.13918902341075,374.61243170300736,9220.229270983817,9220.229270983817,40569.008792328794,9305.368460007227,9305.368460007227,40943.6212240318,0.7754473716672688,6.2449085996,31.224542998000004,1.419297409,531.6864536952678,531.6864536952678,0.0,531.6864536952678,531.6864536952678,0.0,85.13918902341075,0.0,85.13918902341075,374.61243170300736,0.0,7739.598214109428,-0.291571923938856,58.76651718092071
54,54,2025,4NB,4,NB,PM-Peak,3,Peak,PM,4.4,70,12000,1.6,6.5,75,1800,1,4,0.05,0.01,6919.0,0.0,855.0,0.0,0.0,1.0,1.0,1.0,3.66,1.83,0.17391304347826086,0.17391304347826086,30,4.135,0.592,7075.625486013744,0.0,874.3546452582383,0.0,0.0,7949.980131271983,9698.689421788458,1.0,1.2,0.621710860371055,9698.689421788458,0.0,1.0,141.5125097202749,5200.5847322201025,0.0,655.7659839436787,0.0,0.0,5962.485098453987,1.202351064,6.01175532,,0.04183310055837163,0.04183310753142806,173.9974988498677,869.9874942493386,52.00725825284269,74.88142416877562,6.496727305889967,3.525573971522885,5.076214529835744,-1.5506405583128595,1.787556763017828,217.55658406529577,6716.5563922281735,0.0,0.0,217.55658406529577,7590.911037486412,22772.73311245924,217.55658406529577,0.12086476892516432,652.6697521958873,2871.7469096619043,9339.62032800289,28018.86098400867,123282.98832963814,9557.176912068186,28671.530736204557,126154.73523930005,0.7964314093390155,5.2903446816,26.451723408000003,1.202351064,1150.9493174569006,1150.9493174569006,0.0,3452.847952370702,3452.847952370702,0.0,652.6697521958873,0.0,652.6697521958873,2871.7469096619043,0.0,23849.94039381595,-0.3054718332329889,46.52339541440313
55,55,2025,4NB,4,NB,PM-Late,3,OP,PM,4.4,70,12000,1.6,6.5,75,1800,1,4,0.05,0.01,7138.0,0.0,882.0,0.0,0.0,1.0,1.0,1.0,3.66,1.83,0.17391304347826086,0.17391304347826086,30,4.135,0.592,5710.400000000001,0.0,705.6,0.0,0.0,6416.000000000001,7827.200000000001,1.0,1.2,0.5017435897435898,7827.200000000001,0.0,1.0,114.20800000000001,4197.144,0.0,529.2,0.0,0.0,4812.000000000001,0.187399184,0.93699592,,0.15050885766040586,0.15050888605722676,115.27008091876381,576.350404593819,66.18831768741313,72.85163793377872,1.3039978797211507,3.6238032182608286,3.9886192794140802,-0.3648160611532516,0.2975512699401473,631.7073488762265,4964.484651123775,0.0,0.0,631.7073488762265,5670.084651123775,17010.253953371324,631.7073488762265,0.3509485271534592,1895.1220466286795,8338.53700516619,7081.284651123775,21243.853953371326,93472.95739483385,7712.992000000001,23138.976000000006,101811.49440000004,0.6427493333333334,0.8245564096000001,4.122782048,0.187399184,520.878343507316,520.878343507316,0.0,1562.635030521948,1562.635030521948,0.0,1895.1220466286795,0.0,1895.1220466286795,8338.53700516619,0.0,19248.000000000004,-0.09146424754955362,30.820877251006365
56,56,2025,4SB,4,SB,Night,8,OP,NT,4.4,70,12000,1.6,5.0,75,1800,1,4,0.05,0.01,2482.0,0.0,307.0,0.0,0.0,1.0,1.0,1.0,3.66,1.83,0.17391304347826086,0.17391304347826086,30,4.103,0.708,1985.6000000000001,0.0,245.60000000000002,0.0,0.0,2231.2000000000003,2722.4,1.0,1.2,0.17451282051282052,2722.4,0.0,1.0,39.712,1459.4160000000002,0.0,184.20000000000002,0.0,0.0,1673.4,0.147646003,0.738230015,,0.1375436926833058,0.13754369269328562,131.06934206430176,655.3467103215088,69.95413668653264,74.97612742031255,0.0,3.5211207764843433,3.773901194478246,-0.2527804179939026,0.0033874935780541715,200.73346580109944,1745.1545341989008,0.0,0.0,200.73346580109944,1990.7545341989007,15926.036273591206,200.73346580109944,0.11151859211172191,1605.8677264087955,7065.817996198701,2481.954534198901,19855.636273591208,87364.79960380132,2682.6880000000006,21461.504000000004,94430.61760000003,0.22355733333333339,0.6496424132,3.2482120660000002,0.147646003,130.40497313302592,130.40497313302592,0.0,1043.2397850642074,1043.2397850642074,0.0,1605.8677264087955,0.0,1605.8677264087955,7065.817996198701,0.0,17849.600000000002,-0.06698119663645574,35.04527862681865
57,57,2025,4SB,4,SB,AM-Early,1,OP,AM,4.4,70,12000,1.6,5.0,75,1800,1,4,0.05,0.01,6693.0,0.0,827.0,0.0,0.0,1.0,1.0,1.0,3.66,1.83,0.17391304347826086,0.17391304347826086,30,4.155,0.715,8031.599999999999,0.0,992.4,0.0,0.0,9024.0,11008.8,1.0,1.2,0.7056923076923076,11008.8,0.0,1.0,160.632,5903.226,0.0,744.3,0.0,0.0,6768.0,0.795369856,3.9768492799999997,,0.17391296190151764,0.1739127623877191,89.75130204915385,448.7565102457692,42.75366467925088,63.06296957742525,1.2126140059766353,4.186291920108128,6.1749092617111705,-1.9886173416030424,3.292768545687161,1026.6475184340484,6844.320481565952,0.0,0.0,1026.6475184340484,7836.720481565952,7836.720481565952,1026.6475184340484,0.5703597324633602,1026.6475184340484,4517.249081109813,9821.520481565953,9821.520481565953,43214.6901188902,10848.168000000001,10848.168000000001,47731.93920000001,0.9040140000000001,3.4996273664000004,17.498136832,0.795369856,3592.8837511584447,3592.8837511584447,0.0,3592.8837511584447,3592.8837511584447,0.0,1026.6475184340484,0.0,1026.6475184340484,4517.249081109813,0.0,9024.0,-0.322048026508484,23.99767434469354
58,58,2025,4SB,4,SB,AM-Peak,2,Peak,AM,4.4,70,12000,1.6,5.0,75,1800,1,4,0.05,0.01,8936.0,0.0,1104.0,0.0,0.0,1.0,1.0,1.0,3.66,1.83,0.17391304347826086,0.17391304347826086,30,4.155,0.715,10157.470189192063,0.0,1254.90679150269,0.0,0.0,11412.376980694753,13922.190563700133,1.0,1.2,0.8924481130577008,13922.190563700133,0.0,1.0,203.14940378384128,7465.740589056166,0.0,941.1800936270176,0.0,0.0,8559.282735521065,1.233788573,6.168942865,,0.17391303710820352,0.17391303044468184,43.79772651987319,218.98863259936593,22.865278797288315,50.531070367935456,2.3957457189766243,5.224508368370552,11.545890270592668,-6.321381902222116,10.651012527854817,1298.3896201047462,8655.931165303475,0.0,0.0,1298.3896201047462,9910.837956806165,19821.67591361233,1298.3896201047462,0.721327566724859,2596.7792402094924,11425.828656921767,12420.651539811544,24841.30307962309,109301.7335503416,13719.04115991629,27438.08231983258,120727.56220726337,1.1432534299930242,5.4286697212,27.143348606000004,1.233788573,7048.5284169830065,7048.5284169830065,0.0,14097.056833966013,14097.056833966013,0.0,2596.7792402094924,0.0,2596.7792402094924,11425.828656921767,0.0,22824.753961389506,-0.5475006044637933,11.710622064137217
59,59,2025,4SB,4,SB,AM-Shoulder,1,OP,AM,4.4,70,12000,1.6,5.0,75,1800,1,4,0.05,0.01,7943.0,0.0,982.0,0.0,0.0,1.0,1.0,1.0,3.66,1.83,0.17391304347826086,0.17391304347826086,30,4.155,0.715,9531.6,0.0,1178.3999999999999,0.0,0.0,10710.0,13066.8,1.0,1.2,0.8376153846153845,13066.8,0.0,1.0,190.632,7005.726000000001,0.0,883.8,0.0,0.0,8032.5,0.683611767,3.418058835,,0.1739130130854215,0.17391303371421074,33.40334191628285,167.01670958141426,27.983621937196965,54.52674661489951,1.440239464351074,4.84166058658379,9.434089718353452,-4.592429131769662,7.757845771287087,1218.3869175108778,8122.581082489123,0.0,0.0,1218.3869175108778,9300.981082489123,9300.981082489123,1218.3869175108778,0.6768816208393765,1218.3869175108778,5360.902437047863,11657.781082489124,11657.781082489124,51294.23676295215,12876.168000000001,12876.168000000001,56655.13920000001,1.0730140000000001,3.0078917748000005,15.039458874000001,0.683611767,3664.7759877048957,3664.7759877048957,0.0,3664.7759877048957,3664.7759877048957,0.0,1218.3869175108778,0.0,1218.3869175108778,5360.902437047863,0.0,10710.0,-0.48679091135156033,8.931374843925896
60,60,2025,4SB,4,SB,MD,5,OP,MD,4.4,70,12000,1.6,5.0,75,1800,1,4,0.05,0.01,7386.0,0.0,913.0,0.0,0.0,1.0,1.0,1.0,3.66,1.83,0.17391304347826086,0.17391304347826086,30,4.136,0.708,6453.970024246335,0.0,797.7896875354595,0.0,0.0,7251.759711781795,8847.339086852713,1.0,1.2,0.567137120952097,8847.339086852713,0.0,1.0,129.0794004849267,4743.667967821057,0.0,598.3422656515946,0.0,0.0,5438.819783836347,0.188471815,0.9423590749999999,,0.17391303752269965,0.1739130248994828,54.26291825871409,271.31459129357046,57.6767916915543,69.51354917332665,0.9749926812957157,3.797820757817105,4.577231018878915,-0.7794102610618099,1.10394935300697,824.9857052828918,5499.904918478516,0.0,0.0,824.9857052828918,6297.694606013976,31488.47303006988,824.9857052828918,0.45832539182382875,4124.928526414459,18149.68551622362,7893.273981084894,39466.36990542447,173652.0275838677,8718.259686367786,43591.29843183893,191801.71310009132,0.7265216405306488,0.829275986,4.14637993,0.188471815,684.1408341843754,684.1408341843754,0.0,3420.704170921877,3420.704170921877,0.0,4124.928526414459,0.0,4124.928526414459,18149.68551622362,0.0,36258.79855890897,-0.17027986086940136,14.508801673452966
61,61,2025,4SB,4,SB,PM-Shoulder,1,OP,PM,4.4,70,12000,1.6,5.0,75,1800,1,4,0.05,0.01,4922.0,0.0,608.0,0.0,0.0,1.0,1.0,1.0,3.66,1.83,0.17391304347826086,0.17391304347826086,30,4.135,0.592,5305.814603962553,0.0,655.4114748494985,0.0,0.0,5961.226078812051,7272.049028511048,1.0,1.2,0.4661569890071185,7272.049028511048,0.0,1.0,106.11629207925105,3899.773733912476,0.0,491.5586061371239,0.0,0.0,4470.919559109038,0.186849115,0.934245575,,0.1739129260602731,0.17391288716920644,98.23873366466559,491.1936683233279,64.80583297535794,72.39023409149081,0.8007485376157749,3.646900763801124,4.0737073790932445,-0.4268066152921204,0.41412196650060273,678.2210610377156,4521.477250845585,0.0,0.0,678.2210610377156,5176.888725695084,5176.888725695084,678.2210610377156,0.37678947835428644,678.2210610377156,2984.1726685659487,6487.711675394081,6487.711675394081,28545.931371733957,7165.932736431796,7165.932736431796,31530.104040299906,0.5971610613693163,0.8221361060000001,4.110680530000001,0.186849115,557.5900221287359,557.5900221287359,0.0,557.5900221287359,557.5900221287359,0.0,678.2210610377156,0.0,678.2210610377156,2984.1726685659487,0.0,5961.226078812051,-0.10477105387651141,26.26704108680898
62,62,2025,4SB,4,SB,PM-Peak,3,Peak,PM,4.4,70,12000,1.6,5.0,75,1800,1,4,0.05,0.01,6721.0,0.0,831.0,0.0,0.0,1.0,1.0,1.0,3.66,1.83,0.17391304347826086,0.17391304347826086,30,4.135,0.592,5887.543226323275,0.0,727.9494749404317,0.0,0.0,6615.492701263707,8071.3916511445705,1.0,1.2,0.5173969007143956,8071.3916511445705,0.0,1.0,117.7508645264655,4327.344271347607,0.0,545.9621062053238,0.0,0.0,4961.619525947781,0.212310187,1.061550935,,0.17391298455092588,0.1739128138707008,83.8371104423835,419.1855522119175,61.67261629765557,71.11312992845747,1.3902125240935188,3.712394606531791,4.280668080073582,-0.5682734735417907,0.6976581268436651,752.581357409414,5017.211004387396,0.0,0.0,752.581357409414,5745.160479327828,17235.481437983486,752.581357409414,0.41810075411634107,2257.7440722282417,9934.073917804264,7201.059429208692,21603.178287626077,95053.98446555475,7953.640786618105,23860.922359854318,104988.05838335902,0.6628033988848421,0.9341648228000001,4.670824114000001,0.212310187,703.0350303869487,703.0350303869487,0.0,2109.1050911608463,2109.1050911608463,0.0,2257.7440722282417,0.0,2257.7440722282417,9934.073917804264,0.0,19846.478103791123,-0.1327534541131772,22.41633969047687
63,63,2025,4SB,4,SB,PM-Late,3,OP,PM,4.4,70,12000,1.6,5.0,75,1800,1,4,0.05,0.01,6114.0,0.0,756.0,0.0,0.0,1.0,1.0,1.0,3.66,1.83,0.17391304347826086,0.17391304347826086,30,4.135,0.592,4891.2,0.0,604.8000000000001,0.0,0.0,5496.0,6705.6,1.0,1.2,0.4298461538461539,6705.6,0.0,1.0,97.824,3595.032,0.0,453.6,0.0,0.0,4122.0,0.163716463,0.818582315,,0.173913022142317,0.1739128806930481,101.6752511028455,508.37625551422747,66.44896809639096,73.09684381682467,0.7392378916615202,3.6116470454123113,3.9729736602838024,-0.3613266148714911,0.2761167717316672,625.2228798183381,4168.153120181662,0.0,0.0,625.2228798183381,4772.953120181663,14318.859360544988,625.2228798183381,0.3473460443435212,1875.6686394550143,8252.942013602064,5982.553120181663,17947.65936054499,78969.70118639796,6607.776000000001,19823.328,87222.64320000002,0.550648,0.7203524372000001,3.601762186,0.163716463,450.3808252703426,450.3808252703426,0.0,1351.142475811028,1351.142475811028,0.0,1875.6686394550143,0.0,1875.6686394550143,8252.942013602064,0.0,16488.0,-0.09094613903019945,27.185896016803607
64,64,2025,5NB,5,NB,Night,8,OP,NT,3.0,70,8000,1.6,6.5,75,1800,1,4,0.05,0.01,1592.0,0.0,197.0,0.0,0.0,1.0,1.0,1.0,3.66,1.83,0.2448979591836735,0.2448979591836735,30,4.103,0.708,1563.8128011267568,0.0,193.51201119470545,0.0,0.0,1757.324812321462,2144.3488347108732,1.0,1.2,0.18485765816473046,2144.3488347108732,0.0,1.0,31.276256022535136,1149.4024088281662,0.0,145.1340083960291,0.0,0.0,1317.9936092410967,0.117777617,0.588888085,,0.21528415538327986,0.21528415540161652,105.74805283811813,528.7402641905907,69.99030912771981,74.95690553648375,0.0,2.4013798156647312,2.5717846119458074,-0.1704047962810762,0.00048777550861359435,247.4481267800791,1285.0884183241426,0.0,0.0,247.4481267800791,1478.6004295188482,11828.803436150785,247.4481267800791,0.1374711815444884,1979.5850142406327,5938.7550427218985,1865.6244519082588,14924.99561526607,44774.98684579821,2113.072578688338,16904.580629506705,50713.741888520104,0.26413407233604225,0.353332851,1.766664255,0.117777617,87.4315521098148,87.4315521098148,0.0,699.4524168785184,699.4524168785184,0.0,1979.5850142406327,0.0,1979.5850142406327,5938.7550427218985,0.0,14058.598498571697,-0.06625935760310357,41.46982464239927
65,65,2025,5NB,5,NB,AM-Early,1,OP,AM,3.0,70,8000,1.6,6.5,75,1800,1,4,0.05,0.01,2313.0,0.0,286.0,0.0,0.0,1.0,1.0,1.0,3.66,1.83,0.2448979591836735,0.2448979591836735,30,4.155,0.715,1850.4,0.0,228.8,0.0,0.0,2079.2000000000003,2536.8,1.0,1.2,0.21868965517241382,2536.8,0.0,1.0,37.008,1360.044,0.0,171.60000000000002,0.0,0.0,1559.4,0.169543156,0.84771578,,0.11528438648689256,0.11528438654084387,150.2363827928108,751.181913964054,69.95767174974428,74.98992310976735,0.0,2.400322503818586,2.572984427553622,-0.1726619237350362,0.0021315228913198494,156.79183813517932,1656.6001618648208,0.0,0.0,156.79183813517932,1885.4001618648208,1885.4001618648208,156.79183813517932,0.08710657674176629,156.79183813517932,470.37551440553796,2343.000161864821,2343.000161864821,7029.0004855944635,2499.7920000000004,2499.7920000000004,7499.376000000001,0.31247400000000003,0.508629468,2.54314734,0.169543156,79.74894921743837,79.74894921743837,0.0,79.74894921743837,79.74894921743837,0.0,156.79183813517932,0.0,156.79183813517932,470.37551440553796,0.0,2079.2000000000003,-0.06710570102408357,58.91622854620031
66,66,2025,5NB,5,NB,AM-Peak,2,Peak,AM,3.0,70,8000,1.6,6.5,75,1800,1,4,0.05,0.01,4412.0,0.0,545.0,0.0,0.0,1.0,1.0,1.0,3.66,1.83,0.2448979591836735,0.2448979591836735,30,4.155,0.715,3529.6000000000004,0.0,436.0,0.0,0.0,3965.6000000000004,4837.6,1.0,1.2,0.4170344827586207,4837.6,0.0,1.0,70.59200000000001,2594.2560000000003,0.0,327.0,0.0,0.0,2974.2000000000003,0.167837166,0.83918583,,0.19849143694502563,0.1984914479372625,116.81840814801994,584.0920407400996,68.00938405760336,74.16951679983951,1.612789326987555,2.4268730304090305,2.6466935775736706,-0.21982054716464017,0.10311305841878644,514.9376012432544,2944.070398756746,0.0,0.0,514.9376012432544,3380.070398756746,6760.140797513492,514.9376012432544,0.28607644513514136,1029.875202486509,3089.6256074595267,4252.070398756746,8504.140797513492,25512.422392540473,4767.008,9534.016,28602.048,0.595876,0.5035114980000001,2.51755749,0.167837166,259.2770029785177,259.2770029785177,0.0,518.5540059570354,518.5540059570354,0.0,1029.875202486509,0.0,1029.875202486509,3089.6256074595267,0.0,7931.200000000001,-0.08305477786595848,45.811140450203894
67,67,2025,5NB,5,NB,AM-Shoulder,1,OP,AM,3.0,70,8000,1.6,6.5,75,1800,1,4,0.05,0.01,4147.0,0.0,512.0,0.0,0.0,1.0,1.0,1.0,3.66,1.83,0.2448979591836735,0.2448979591836735,30,4.155,0.715,3317.6000000000004,0.0,409.6,0.0,0.0,3727.2000000000003,4546.400000000001,1.0,1.2,0.3919310344827587,4546.400000000001,0.0,1.0,66.352,2438.4360000000006,0.0,307.20000000000005,0.0,0.0,2795.4,0.174664118,0.8733205900000001,,0.17322323654733926,0.17322324149712404,124.98272878480847,624.9136439240424,68.52277869875844,74.5945390046969,1.1710816649570777,2.413045276527095,2.626863700191151,-0.21381842366405612,0.07594612640473443,422.39377603354785,2828.8542239664525,0.0,0.0,422.39377603354785,3238.4542239664524,3238.4542239664524,422.39377603354785,0.2346632089075266,422.39377603354785,1267.1813281006434,4057.6542239664527,4057.6542239664527,12172.962671899359,4480.048000000001,4480.048000000001,13440.144000000002,0.5600060000000001,0.523992354,2.61996177,0.174664118,221.3311090187675,221.3311090187675,0.0,221.3311090187675,221.3311090187675,0.0,422.39377603354785,0.0,422.39377603354785,1267.1813281006434,0.0,3727.2000000000003,-0.08139684736916386,49.01283481757195
68,68,2025,5NB,5,NB,MD,5,OP,MD,3.0,70,8000,1.6,6.5,75,1800,1,4,0.05,0.01,4546.0,0.0,562.0,0.0,0.0,1.0,1.0,1.0,3.66,1.83,0.2448979591836735,0.2448979591836735,30,4.136,0.708,3636.8,0.0,449.6,0.0,0.0,4086.4,4985.6,1.0,1.2,0.42979310344827587,4985.6,0.0,1.0,72.736,2673.0480000000002,0.0,337.20000000000005,0.0,0.0,3064.8,0.415252552,2.07626276,,0.05497112066073386,0.054971129352887234,193.9702099477523,969.8510497387615,65.98057354729235,74.9833655337852,2.317391882476218,2.4005324210060635,2.7280757096023556,-0.3275432885962921,0.21460657929808435,146.94044413993333,3417.123555860067,0.0,0.0,146.94044413993333,3866.723555860067,19333.617779300333,146.94044413993333,0.08163358007774074,734.7022206996667,2204.106662099,4765.923555860067,23829.617779300333,71488.853337901,4912.864,24564.32,73692.96,0.614108,1.2457576559999999,6.22878828,0.415252552,183.05218326336228,183.05218326336228,0.0,915.2609163168114,915.2609163168114,0.0,734.7022206996667,0.0,734.7022206996667,2204.106662099,0.0,20432.0,-0.12006385579527587,76.06674899911854
69,69,2025,5NB,5,NB,PM-Shoulder,1,OP,PM,3.0,70,8000,1.6,6.5,75,1800,1,4,0.05,0.01,5076.0,0.0,627.0,0.0,0.0,1.0,1.0,1.0,3.66,1.83,0.2448979591836735,0.2448979591836735,30,4.135,0.592,4060.8,0.0,501.6,0.0,0.0,4562.400000000001,5565.6,1.0,1.2,0.4797931034482759,5565.6,0.0,1.0,81.21600000000001,2984.688,0.0,376.20000000000005,0.0,0.0,3421.8,1.419297409,7.096487045,,0.010000535924477158,0.010000550290758647,396.9099291329023,1984.5496456645117,61.076109112732816,74.99891290952213,3.0252789667466384,2.400034787399519,2.9471425507437012,-0.5471077633441821,0.5147281516617277,29.84847956735588,3949.7355204326445,0.0,0.0,29.84847956735588,4451.335520432644,4451.335520432644,29.84847956735588,0.016582488648531044,29.84847956735588,89.54543870206764,5454.535520432644,5454.535520432644,16363.606561297933,5484.384,5484.384,16453.152000000002,0.685548,4.257892226999999,21.289461135,1.419297409,127.0916091376129,127.0916091376129,0.0,127.0916091376129,127.0916091376129,0.0,29.84847956735588,0.0,29.84847956735588,89.54543870206764,0.0,4562.400000000001,-0.18564007472462482,155.65095260113816
70,70,2025,5NB,5,NB,PM-Peak,3,Peak,PM,3.0,70,8000,1.6,6.5,75,1800,1,4,0.05,0.01,5606.0,0.0,693.0,0.0,0.0,1.0,1.0,1.0,3.66,1.83,0.2448979591836735,0.2448979591836735,30,4.135,0.592,4721.811271969173,0.0,583.6987533847015,0.0,0.0,5305.510025353874,6472.907532123278,1.0,1.2,0.5580092700106274,6472.907532123278,0.0,1.0,94.43622543938345,3470.5312848973417,0.0,437.77406503852615,0.0,0.0,3979.1325190154057,1.202351064,6.01175532,,0.042758997383677166,0.04275900067695268,172.94288957410458,864.714447870523,51.95559328739647,74.97516547677797,4.917426385741697,2.400794967978448,3.464497056251784,-1.063702088273336,1.2235038242078013,148.39643813089518,4478.978608398894,0.0,0.0,148.39643813089518,5062.677361783595,15188.032085350786,148.39643813089518,0.0824424656282751,445.18931439268556,1335.5679431780568,6230.074868552998,18690.224605658994,56070.67381697698,6378.471306683893,19135.41392005168,57406.24176015504,0.7973089133354866,3.6070531919999995,18.03526596,1.202351064,535.2738458414759,535.2738458414759,0.0,1605.8215375244276,1605.8215375244276,0.0,445.18931439268556,0.0,445.18931439268556,1335.5679431780568,0.0,15916.530076061623,-0.30702929487379854,67.82074100945279
71,71,2025,5NB,5,NB,PM-Late,3,OP,PM,3.0,70,8000,1.6,6.5,75,1800,1,4,0.05,0.01,4570.0,0.0,565.0,0.0,0.0,1.0,1.0,1.0,3.66,1.83,0.2448979591836735,0.2448979591836735,30,4.135,0.592,3656.0,0.0,452.0,0.0,0.0,4108.0,5012.0,1.0,1.2,0.4320689655172414,5012.0,0.0,1.0,73.12,2687.16,0.0,339.0,0.0,0.0,3081.0,0.187399184,0.93699592,,0.16882936347488503,0.16882937381167903,110.23456198380158,551.1728099190079,67.22168807806544,74.4537997151447,1.3302197263064381,2.4176066324172583,2.677707227330614,-0.2601005949133559,0.14560175858579832,453.671512355172,3129.208487644828,0.0,0.0,453.671512355172,3581.208487644828,10743.625462934484,453.671512355172,0.2520397290862067,1361.014537065516,4083.0436111965478,4485.208487644828,13455.625462934484,40366.87638880345,4938.88,14816.64,44449.92,0.61736,0.562197552,2.8109877599999997,0.18739918399999997,255.05301365821546,255.05301365821546,0.0,765.1590409746464,765.1590409746464,0.0,1361.014537065516,0.0,1361.014537065516,4083.0436111965478,0.0,12324.0,-0.09713556144547147,43.229239993647674
72,72,2025,5SB,5,SB,Night,8,OP,NT,3.0,70,8000,1.6,5.0,75,1800,1,4,0.05,0.01,1472.0,0.0,182.0,0.0,0.0,1.0,1.0,1.0,3.66,1.83,0.2448979591836735,0.2448979591836735,30,4.103,0.708,1177.6000000000001,0.0,145.6,0.0,0.0,1323.2,1614.4,1.0,1.2,0.13917241379310347,1614.4,0.0,1.0,23.552000000000003,865.5360000000002,0.0,109.19999999999999,0.0,0.0,992.4000000000001,0.147646003,0.738230015,,0.1374053245528069,0.13740532456167667,131.12776351471084,655.6388175735541,69.97444363337263,74.99705567924462,0.0,2.400094221963101,2.572367719607753,-0.17227349764465183,0.0012866330054786127,118.9292549921383,1035.118745007862,0.0,0.0,118.9292549921383,1180.7187450078618,9445.749960062894,118.9292549921383,0.06607180832896573,951.4340399371064,2854.3021198113192,1471.9187450078618,11775.349960062895,35326.049880188686,1590.8480000000002,12726.784000000001,38180.352000000006,0.19885600000000003,0.442938009,2.2146900449999998,0.147646003,52.67828741807105,52.67828741807105,0.0,421.4262993445684,421.4262993445684,0.0,951.4340399371064,0.0,951.4340399371064,2854.3021198113192,0.0,10585.6,-0.0669707897247758,51.42265235871013
73,73,2025,5SB,5,SB,AM-Early,1,OP,AM,3.0,70,8000,1.6,5.0,75,1800,1,4,0.05,0.01,3483.0,0.0,430.0,0.0,0.0,1.0,1.0,1.0,3.66,1.83,0.2448979591836735,0.2448979591836735,30,4.155,0.715,4179.599999999999,0.0,516.0,0.0,0.0,4695.599999999999,5727.599999999999,1.0,1.2,0.49375862068965515,5727.599999999999,0.0,1.0,83.59199999999998,3072.006,0.0,387.0,0.0,0.0,3521.7,0.795369856,3.9768492799999997,,0.09799516722725103,0.09799517117548093,160.69976369369098,803.4988184684549,56.92123561660531,74.84395271600101,2.2302449771358126,2.4050039244054715,3.162264452802736,-0.7572605283972647,0.8094451574826055,301.0417416931185,3794.9662583068807,0.0,0.0,301.0417416931185,4310.96625830688,4310.96625830688,301.0417416931185,0.16724541205173252,301.0417416931185,903.1252250793556,5342.96625830688,5342.96625830688,16028.89877492064,5644.007999999999,5644.007999999999,16932.023999999998,0.7055009999999998,2.386109568,11.93054784,0.795369856,718.3185802213347,718.3185802213347,0.0,718.3185802213347,718.3185802213347,0.0,301.0417416931185,0.0,301.0417416931185,903.1252250793556,0.0,4695.599999999999,-0.23946780533364298,63.01951517399646
74,74,2025,5SB,5,SB,AM-Peak,2,Peak,AM,3.0,70,8000,1.6,5.0,75,1800,1,4,0.05,0.01,4270.0,0.0,528.0,0.0,0.0,1.0,1.0,1.0,3.66,1.83,0.2448979591836735,0.2448979591836735,30,4.155,0.715,5124.0,0.0,633.6,0.0,0.0,5757.6,7024.8,1.0,1.2,0.6055862068965517,7024.8,0.0,1.0,102.48,3766.1400000000003,0.0,475.20000000000005,0.0,0.0,4318.200000000001,1.233788573,6.168942865,,0.1634077487281452,0.1634077586601925,128.52096531456502,642.604826572825,45.8072378204282,73.14916960004612,3.017561824900435,2.460725131729814,3.9295100199149573,-1.468784888185143,1.8605715844263493,615.4164587950169,4406.103541204983,0.0,0.0,615.4164587950169,5039.703541204984,10079.407082409967,615.4164587950169,0.34189803266389823,1230.8329175900337,3692.4987527701014,6306.903541204983,12613.807082409967,37841.4212472299,6922.320000000001,13844.640000000001,41533.92,0.8652900000000001,3.701365719,18.506828595,1.233788573,2277.8813834922516,2277.8813834922516,0.0,4555.762766984503,4555.762766984503,0.0,1230.8329175900337,0.0,1230.8329175900337,3692.4987527701014,0.0,11515.2,-0.3737832148897105,50.400378554731375
75,75,2025,5SB,5,SB,AM-Shoulder,1,OP,AM,3.0,70,8000,1.6,5.0,75,1800,1,4,0.05,0.01,3240.0,0.0,400.0,0.0,0.0,1.0,1.0,1.0,3.66,1.83,0.2448979591836735,0.2448979591836735,30,4.155,0.715,3888.0,0.0,480.0,0.0,0.0,4368.0,5328.0,1.0,1.2,0.4593103448275862,5328.0,0.0,1.0,77.76,2857.68,0.0,360.0,0.0,0.0,3276.0,0.683611767,3.418058835,,0.08038238227370285,0.08038238538264517,173.7800457702747,868.9002288513736,59.921882909226746,74.93620356347233,2.239063387825343,2.4020432239743332,3.0039109464012466,-0.6018677224269133,0.5925008537125651,229.70712617591516,3580.5328738240846,0.0,0.0,229.70712617591516,4060.5328738240846,4060.5328738240846,229.70712617591516,0.12761507009773065,229.70712617591516,689.1213785277455,5020.532873824084,5020.532873824084,15061.598621472252,5250.24,5250.24,15750.719999999998,0.65628,2.050835301,10.254176505,0.683611767,471.091483252828,471.091483252828,0.0,471.091483252828,471.091483252828,0.0,229.70712617591516,0.0,229.70712617591516,689.1213785277455,0.0,4368.0,-0.20036137327838047,68.14903755697048
76,76,2025,5SB,5,SB,MD,5,OP,MD,3.0,70,8000,1.6,5.0,75,1800,1,4,0.05,0.01,4470.0,0.0,552.0,0.0,0.0,1.0,1.0,1.0,3.66,1.83,0.2448979591836735,0.2448979591836735,30,4.136,0.708,3576.0,0.0,441.6,0.0,0.0,4017.6,4900.8,1.0,1.2,0.4224827586206897,4900.8,0.0,1.0,71.52,2628.36,0.0,331.20000000000005,0.0,0.0,3013.2,0.188471815,0.9423590749999999,,0.2448978164793105,0.24489525164089782,100.4149664268832,502.0748321344159,65.52631457352737,73.17615192377565,0.6470732252562358,2.4598177858204133,2.746988002782015,-0.2871702169616017,0.24051642095421774,643.6796249215606,2860.8003750784396,0.0,0.0,643.6796249215606,3302.4003750784395,16512.001875392198,643.6796249215606,0.35759979162308925,3218.398124607803,9655.194373823408,4185.60037507844,20928.0018753922,62784.0056261766,4829.280000000001,24146.400000000005,72439.20000000001,0.6036600000000001,0.565415445,2.827077225,0.188471815,363.94640156245725,363.94640156245725,0.0,1819.7320078122862,1819.7320078122862,0.0,3218.398124607803,0.0,3218.398124607803,9655.194373823408,0.0,20088.0,-0.10454003318207788,39.378418206620864
77,77,2025,5SB,5,SB,PM-Shoulder,1,OP,PM,3.0,70,8000,1.6,5.0,75,1800,1,4,0.05,0.01,4630.0,0.0,572.0,0.0,0.0,1.0,1.0,1.0,3.66,1.83,0.2448979591836735,0.2448979591836735,30,4.135,0.592,3704.0,0.0,457.6,0.0,0.0,4161.6,5076.8,1.0,1.2,0.4376551724137931,5076.8,0.0,1.0,74.08,2722.44,0.0,343.20000000000005,0.0,0.0,3121.2000000000003,0.186849115,0.934245575,,0.2448979071957366,0.24489760476239145,91.62099905809495,458.10499529047473,64.72778399677526,72.9083415855105,0.6705817956778607,2.468853303827891,2.780876910740025,-0.3120236069121338,0.28694422485669124,666.7198584659611,2963.200141534039,0.0,0.0,666.7198584659611,3420.800141534039,3420.800141534039,666.7198584659611,0.3703999213699784,666.7198584659611,2000.1595753978834,4336.000141534039,4336.000141534039,13008.000424602118,5002.72,5002.72,15008.160000000002,0.62534,0.560547345,2.802736725,0.186849115,373.7280465218703,373.7280465218703,0.0,373.7280465218703,373.7280465218703,0.0,666.7198584659611,0.0,666.7198584659611,2000.1595753978834,0.0,4161.6,-0.11220331461168505,35.929803552194095
78,78,2025,5SB,5,SB,PM-Peak,3,Peak,PM,3.0,70,8000,1.6,5.0,75,1800,1,4,0.05,0.01,4957.0,0.0,613.0,0.0,0.0,1.0,1.0,1.0,3.66,1.83,0.2448979591836735,0.2448979591836735,30,4.135,0.592,3965.6000000000004,0.0,490.40000000000003,0.0,0.0,4456.0,5436.8,1.0,1.2,0.4686896551724138,5436.8,0.0,1.0,79.31200000000001,2914.7160000000003,0.0,367.8,0.0,0.0,3342.0,0.212310187,1.061550935,,0.24489794327236641,0.24489785299952116,86.38341679288979,431.9170839644489,62.794297538197846,72.27568270849727,1.1231385700489707,2.4904641956268625,2.866502326751976,-0.3760381311251133,0.40425104479306406,713.8079536230588,3172.4800463769416,0.0,0.0,713.8079536230588,3662.8800463769417,10988.640139130825,713.8079536230588,0.39655997423503264,2141.423860869176,6424.271582607529,4643.680046376941,13931.040139130824,41793.12041739247,5357.488,16072.464,48217.392,0.669686,0.636930561,3.1846528050000003,0.212310187,454.64610034739684,454.64610034739684,0.0,1363.9383010421905,1363.9383010421905,0.0,2141.423860869176,0.0,2141.423860869176,6424.271582607529,0.0,13368.0,-0.13118361273099013,33.87584972270187
79,79,2025,5SB,5,SB,PM-Late,3,OP,PM,3.0,70,8000,1.6,5.0,75,1800,1,4,0.05,0.01,4118.0,0.0,509.0,0.0,0.0,1.0,1.0,1.0,3.66,1.83,0.2448979591836735,0.2448979591836735,30,4.135,0.592,3294.4,0.0,407.20000000000005,0.0,0.0,3701.6000000000004,4516.0,1.0,1.2,0.3893103448275862,4516.0,0.0,1.0,65.888,2421.384,0.0,305.40000000000003,0.0,0.0,2776.2000000000003,0.163716463,0.818582315,,0.23023178851553897,0.23023180513327315,96.7321204623808,483.66060231190403,66.82828038707127,73.9364802283653,0.7127987412571614,2.4345221661085246,2.693470473240295,-0.2589483071317704,0.16719740548206147,557.4795690029098,2671.03243099709,0.0,0.0,557.4795690029098,3078.23243099709,9234.69729299127,557.4795690029098,0.3097108716682832,1672.4387070087294,5017.316121026188,3892.6324309970905,11677.89729299127,35033.69187897381,4450.112,13350.336,40051.008,0.556264,0.49114938900000005,2.455746945,0.163716463,273.80574969576253,273.80574969576253,0.0,821.4172490872876,821.4172490872876,0.0,1672.4387070087294,0.0,1672.4387070087294,5017.316121026188,0.0,11104.800000000001,-0.09613927819310779,37.93416488720816
80,80,2025,6NB,6,NB,Night,8,OP,NT,4.4,70,8000,1.6,6.5,75,1800,1,4,0.05,0.01,1554.0,0.0,192.0,0.0,0.0,1.0,1.0,1.0,3.66,1.83,0.282574568288854,0.282574568288854,30,4.103,0.708,1564.4685864510316,0.0,193.29341608661395,0.0,0.0,1757.7620025376455,2144.3488347108732,1.0,1.2,0.18485765816473046,2144.3488347108732,0.0,1.0,31.289371729020633,996.5664895693072,0.0,125.64072045629906,0.0,0.0,1142.5453016494696,0.117777617,0.588888085,,0.2166570573522128,0.21665705736438398,105.39776470851614,526.9888235425807,69.9892130244684,74.97332966583251,0.0,3.5212521729618786,3.7720098368259256,-0.25075766386404696,0.0007963335943755429,215.91316308591078,1317.2660516361002,0.0,0.0,215.91316308591078,1510.559467722714,12084.475741781713,215.91316308591078,0.11995175726995043,1727.3053046872863,7600.14334062406,1897.146299895942,15177.170399167537,66779.54975633716,2113.059462981853,16904.475703854823,74379.69309696121,0.26413243287273164,0.5182215148,2.591107574,0.117777617,111.89084643964013,111.89084643964013,0.0,895.126771517121,895.126771517121,0.0,1727.3053046872863,0.0,1727.3053046872863,7600.14334062406,0.0,14062.096020301164,-0.06647852861249555,28.18122051029843
81,81,2025,6NB,6,NB,AM-Early,1,OP,AM,4.4,70,8000,1.6,6.5,75,1800,1,4,0.05,0.01,2259.0,0.0,279.0,0.0,0.0,1.0,1.0,1.0,3.66,1.83,0.282574568288854,0.282574568288854,30,4.155,0.715,1564.6266206756663,0.0,193.24073801173566,0.0,0.0,1757.867358687402,2144.3488347108732,1.0,1.2,0.18485765816473046,2144.3488347108732,0.0,1.0,31.292532413513328,996.6671573703995,0.0,125.60647970762818,0.0,0.0,1142.6137831468113,0.169543156,0.84771578,,0.11405793053516587,0.11405793085778033,150.9180475671856,754.5902378359282,69.98490974026217,74.99684449094902,0.0,3.5201481047894063,3.772241772973544,-0.2520936681841377,0.0011140861166126445,113.67779340203427,1419.6562948601188,0.0,0.0,113.67779340203427,1612.8970328718544,1612.8970328718544,113.67779340203427,0.06315432966779681,113.67779340203427,500.18229096895084,1999.378508895326,1999.378508895326,8797.265439139435,2113.05630229736,2113.05630229736,9297.447730108386,0.26413203778717004,0.7459898864000001,3.7299494320000006,0.169543156,84.80248418618622,84.80248418618622,0.0,84.80248418618622,84.80248418618622,0.0,113.67779340203427,0.0,113.67779340203427,500.18229096895084,0.0,1757.867358687402,-0.06682860838620636,40.35241913561113
82,82,2025,6NB,6,NB,AM-Peak,2,Peak,AM,4.4,70,8000,1.6,6.5,75,1800,1,4,0.05,0.01,4308.0,0.0,532.0,0.0,0.0,1.0,1.0,1.0,3.66,1.83,0.282574568288854,0.282574568288854,30,4.155,0.715,1564.6773001243973,0.0,193.22384486215861,0.0,0.0,1757.901144986556,2144.3488347108732,1.0,1.2,0.18485765816473046,2144.3488347108732,0.0,1.0,31.293546002487947,996.699440179241,0.0,125.59549916040311,0.0,0.0,1142.6357442412614,0.167837166,0.83918583,,0.11679048224105952,0.11679048253413282,149.4104569750011,747.0522848750054,69.98504095823704,74.99660017523775,0.0,3.5201595723424153,3.772234700234579,-0.2520751278921636,0.0011043964642303704,116.40500826792761,1416.9787458539818,0.0,0.0,116.40500826792761,1610.2025907161403,3220.4051814322806,116.40500826792761,0.06466944903773757,232.81001653585523,1024.364072757763,1996.6502804404577,3993.3005608809153,17570.522467876028,2113.0552887083854,4226.110577416771,18594.88654063379,0.26413191108854817,0.7384835304000001,3.6924176520000005,0.167837166,85.9631814619404,85.9631814619404,0.0,171.9263629238808,171.9263629238808,0.0,232.81001653585523,0.0,232.81001653585523,1024.364072757763,0.0,3515.802289973112,-0.0668238187503254,39.94932004679173
83,83,2025,6NB,6,NB,AM-Shoulder,1,OP,AM,4.4,70,8000,1.6,6.5,75,1800,1,4,0.05,0.01,4049.0,0.0,500.0,0.0,0.0,1.0,1.0,1.0,3.66,1.83,0.282574568288854,0.282574568288854,30,4.155,0.715,1564.690652684146,0.0,193.21939400890912,0.0,0.0,1757.9100466930552,2144.3488347108732,1.0,1.2,0.18485765816473046,2144.3488347108732,0.0,1.0,31.29381305368292,996.7079457598011,0.0,125.59260610579094,0.0,0.0,1142.641530350486,0.174664118,0.8733205900000001,,0.10627760868768506,0.1062776090041095,155.44586241452146,777.2293120726074,69.98453152450719,74.99746693777473,0.0,3.5201188890691513,3.7722621592108885,-0.2521432701417372,0.001142015261774879,105.92773703536656,1427.4691025950965,0.0,0.0,105.92773703536656,1620.6884966040056,1620.6884966040056,105.92773703536656,0.05884874279742587,105.92773703536656,466.0820429556129,2007.127284621824,2007.127284621824,8831.360052336026,2113.0550216571905,2113.0550216571905,9297.442095291639,0.2641318777071488,0.7685221192000001,3.8426105960000005,0.174664118,81.40780894848025,81.40780894848025,0.0,81.40780894848025,81.40780894848025,0.0,105.92773703536656,0.0,105.92773703536656,466.0820429556129,0.0,1757.9100466930552,-0.06684139635578311,41.563064816716974
84,84,2025,6NB,6,NB,MD,5,OP,MD,4.4,70,8000,1.6,6.5,75,1800,1,4,0.05,0.01,4439.0,0.0,549.0,0.0,0.0,1.0,1.0,1.0,3.66,1.83,0.282574568288854,0.282574568288854,30,4.136,0.708,3015.9640830728504,0.0,373.0038931306589,0.0,0.0,3388.9679762035094,4134.975762464827,1.0,1.2,0.356463427798692,4134.975762464827,0.0,1.0,60.31928166145701,1921.1691209174057,0.0,242.45253053492831,0.0,0.0,2202.829184532281,0.415252552,2.07626276,,0.01664312256096744,0.016643125779760227,282.32484568994124,1411.6242284497064,68.57001910111507,74.99948161388602,3.2496710587612307,3.5200243297564455,3.850079137511964,-0.33005480775551854,0.10775127553424796,31.974253139774458,2923.670548271619,0.0,0.0,31.974253139774458,3296.674441402278,16483.372207011387,31.974253139774458,0.017763473966541366,159.8712656988723,703.4335690750381,4042.6822276635958,20213.411138317977,88939.00900859911,4074.6564808033704,20373.28240401685,89642.44257767416,0.5093320601004213,1.8271112288000002,9.135556144,0.415252552,58.420516944175574,58.420516944175574,0.0,292.10258472087787,292.10258472087787,0.0,159.8712656988723,0.0,159.8712656988723,703.4335690750381,0.0,16944.839881017546,-0.08572675936443473,75.48792665506451
85,85,2025,6NB,6,NB,PM-Shoulder,1,OP,PM,4.4,70,8000,1.6,6.5,75,1800,1,4,0.05,0.01,4956.0,0.0,613.0,0.0,0.0,1.0,1.0,1.0,3.66,1.83,0.282574568288854,0.282574568288854,30,4.135,0.592,5311.655454785548,0.0,656.9904749361463,0.0,0.0,5968.645929721693,7282.626879593987,1.0,1.2,0.6278126620339644,7282.626879593987,0.0,1.0,106.23310909571096,3383.5245246983936,0.0,427.0438087084951,0.0,0.0,3879.619854319101,1.419297409,7.096487045,,0.11629415018906647,0.11629414210412628,126.68212969115476,633.4106484557738,43.60032814973829,74.55710956828133,4.107996072847614,3.5409098009388624,6.0550002993861565,-2.514090498447294,3.128493267301893,393.4841092436647,4811.938236446172,0.0,0.0,393.4841092436647,5468.9287113823175,5468.9287113823175,393.4841092436647,0.21860228291314707,393.4841092436647,1731.330080672125,6782.909661254611,6782.909661254611,29844.80250952029,7176.393770498275,7176.393770498275,31576.132590192414,0.8970492213122845,6.2449085996,31.224542998000004,1.4192974090000001,2457.272297621708,2457.272297621708,0.0,2457.272297621708,2457.272297621708,0.0,393.4841092436647,0.0,393.4841092436647,1731.330080672125,0.0,5968.645929721693,-0.4152089800395497,33.87222719014833
86,86,2025,6NB,6,NB,PM-Peak,3,Peak,PM,4.4,70,8000,1.6,6.5,75,1800,1,4,0.05,0.01,5474.0,0.0,677.0,0.0,0.0,1.0,1.0,1.0,3.66,1.83,0.282574568288854,0.282574568288854,30,4.135,0.592,5930.046078158624,0.0,733.4017528157451,0.0,0.0,6663.44783097437,8130.251336605859,1.0,1.2,0.7008837359142982,8130.251336605859,0.0,1.0,118.60092156317249,3777.439351787044,0.0,476.71113933023435,0.0,0.0,4331.241090133341,1.202351064,6.01175532,,0.24681336965456088,0.24681339255754295,93.71466603254926,468.5733301627463,38.77764927815943,67.19244960241254,3.4748420892764202,3.9290128810919422,6.808045482754201,-2.8790326016622587,4.160165168516113,932.3225350803006,4879.122621515152,0.0,0.0,932.3225350803006,5612.5243743308965,16837.57312299269,932.3225350803006,0.5179569639335003,2796.967605240902,12306.657463059968,7079.327879962388,21237.983639887163,93447.12801550352,8011.650415042688,24034.951245128064,105753.78547856348,1.001456301880336,5.2903446816,26.451723408000003,1.202351064,4932.307564997897,4932.307564997897,0.0,14796.922694993693,14796.922694993693,0.0,2796.967605240902,0.0,2796.967605240902,12306.657463059968,0.0,19990.343492923108,-0.4228868048774468,25.05739733490622
87,87,2025,6NB,6,NB,PM-Late,3,OP,PM,4.4,70,8000,1.6,6.5,75,1800,1,4,0.05,0.01,4463.0,0.0,552.0,0.0,0.0,1.0,1.0,1.0,3.66,1.83,0.282574568288854,0.282574568288854,30,4.135,0.592,1564.0184424439658,0.0,193.4434640889691,0.0,0.0,1757.4619065329348,2144.3488347108732,1.0,1.2,0.18485765816473046,2144.3488347108732,0.0,1.0,31.280368848879316,996.2797478368062,0.0,125.73825165782992,0.0,0.0,1142.3502392464077,0.187399184,0.93699592,,0.04881775681048521,0.04881775692753728,166.60143876757547,833.0071938378774,69.98147856999283,74.99970858250374,0.0,3.520013677247635,3.772426724822014,-0.2524130475743789,0.0013674701490163617,48.63614244510874,1484.1019311499776,0.0,0.0,48.63614244510874,1677.5453952389466,5032.6361857168395,48.63614244510874,0.02702007913617152,145.90842733532622,641.9970802754355,2064.432323416885,6193.296970250655,27250.506669102884,2113.068465861994,6339.205397585982,27892.50374937832,0.26413355823274925,0.8245564096000001,4.122782048,0.187399184,40.10324299133303,40.10324299133303,0.0,120.3097289739991,120.3097289739991,0.0,145.90842733532622,0.0,145.90842733532622,641.9970802754355,0.0,5272.385719598804,-0.06690999348338249,44.545839242667235
88,88,2025,6SB,6,SB,Night,8,OP,NT,4.4,70,8000,1.6,5.0,75,1800,1,4,0.05,0.01,1437.0,0.0,178.0,0.0,0.0,1.0,1.0,1.0,3.66,1.83,0.282574568288854,0.282574568288854,30,4.103,0.708,1016.6733932853045,0.0,125.9344913046515,0.0,0.0,1142.607884589956,1394.476867199259,1.0,1.2,0.12021352303441887,1394.476867199259,0.0,1.0,20.33346786570609,647.620951522739,0.0,81.85741934802348,0.0,0.0,742.6951249834715,0.147646003,0.738230015,,0.1366849776984453,0.13668497803283247,131.43298053567472,657.1649026783737,69.98701829863815,74.99899692040741,0.0,3.5200470784985254,3.772128123439959,-0.2520810449414337,0.0009583862556011715,88.5200553159315,907.819870103667,0.0,0.0,88.5200553159315,1033.7543614083186,8270.034891266549,88.5200553159315,0.04917780850885083,708.160442527452,3115.9059471207893,1285.6233440176215,10284.986752140972,45253.94170942028,1374.1433993335531,10993.147194668425,48369.84765654107,0.17176792491669415,0.6496424132,3.2482120660000002,0.147646003,57.50638235203923,57.50638235203923,0.0,460.05105881631386,460.05105881631386,0.0,708.160442527452,0.0,708.160442527452,3115.9059471207893,0.0,9140.863076719648,-0.06682727539793919,35.14250816461891
89,89,2025,6SB,6,SB,AM-Early,1,OP,AM,4.4,70,8000,1.6,5.0,75,1800,1,4,0.05,0.01,3401.0,0.0,420.0,0.0,0.0,1.0,1.0,1.0,3.66,1.83,0.282574568288854,0.282574568288854,30,4.155,0.715,1020.3,0.0,126.0,0.0,0.0,1146.3,1398.3,1.0,1.2,0.12054310344827586,1398.3,0.0,1.0,20.406,649.9311,0.0,81.9,0.0,0.0,745.095,0.795369856,3.9768492799999997,,0.010000524366747482,0.01000053178834764,707.1631010957972,3535.815505478986,69.9821539519873,74.99999625591853,0.0,3.5200001757222323,3.7723903179819622,-0.2523901422597299,0.001317592778145669,6.499651802256994,993.394348197743,0.0,0.0,6.499651802256994,1119.394348197743,1119.394348197743,6.499651802256994,0.003610917667920552,6.499651802256994,28.598467929930777,1371.394348197743,1371.394348197743,6034.13513207007,1377.894,1377.894,6062.7336000000005,0.17223675,3.4996273664000004,17.498136832,0.7953698560000001,22.74635931924966,22.74635931924966,0.0,22.74635931924966,22.74635931924966,0.0,6.499651802256994,0.0,6.499651802256994,28.598467929930777,0.0,1146.3,-0.06690456739236512,189.08104307374253
90,90,2025,6SB,6,SB,AM-Peak,2,Peak,AM,4.4,70,8000,1.6,5.0,75,1800,1,4,0.05,0.01,4170.0,0.0,515.0,0.0,0.0,1.0,1.0,1.0,3.66,1.83,0.282574568288854,0.282574568288854,30,4.155,0.715,3888.0679870021613,0.0,480.18105834678965,0.0,0.0,4368.249045348951,5328.611162042531,1.0,1.2,0.459363031210563,5328.611162042531,0.0,1.0,77.76135974004323,2476.699307720377,0.0,312.1176879254133,0.0,0.0,2839.361879476818,1.233788573,6.168942865,,0.020381583084639103,0.02038158815835183,275.2942481424281,1376.4712407121406,58.33240801039174,74.99806776618284,6.4737402408706,3.5200906885102374,4.525786076806039,-1.0056953882958015,1.0334697823671306,50.479052715971015,3759.827574546147,0.0,0.0,50.479052715971015,4240.0086328929365,8480.017265785873,50.479052715971015,0.028043918175539452,100.95810543194203,444.215663900545,5200.3707495865165,10400.741499173033,45763.26259636135,5250.849802302488,10501.699604604975,46207.478260261894,0.656356225287811,5.4286697212,27.143348606000004,1.233788573,274.03410503405047,274.03410503405047,0.0,548.0682100681009,548.0682100681009,0.0,100.95810543194203,0.0,100.95810543194203,444.215663900545,0.0,8736.498090697902,-0.22221452168272746,73.60808773861716
91,91,2025,6SB,6,SB,AM-Shoulder,1,OP,AM,4.4,70,8000,1.6,5.0,75,1800,1,4,0.05,0.01,3163.0,0.0,391.0,0.0,0.0,1.0,1.0,1.0,3.66,1.83,0.282574568288854,0.282574568288854,30,4.155,0.715,1017.2348549241825,0.0,125.7473374250254,0.0,0.0,1142.982192349208,1394.4768671992588,1.0,1.2,0.12021352303441886,1394.4768671992588,0.0,1.0,20.34469709848365,647.9786025867043,0.0,81.73576932626652,0.0,0.0,742.9384250269852,0.683611767,3.418058835,,0.010000326369411911,0.01000079241817226,607.8304879081003,3039.1524395405017,69.98239640813509,74.99999630077824,0.0,3.5200001736168165,3.7723772484205953,-0.2523770748037788,0.0012996874790728425,6.4799975062624995,990.4101603194364,0.0,0.0,6.4799975062624995,1116.1574977444618,1116.1574977444618,6.4799975062624995,0.0035999986145902776,6.4799975062624995,28.511989027555,1367.6521725945126,1367.6521725945126,6017.669559415856,1374.132170100775,1374.132170100775,6046.181548443411,0.1717665212625969,3.0078917748000005,15.039458874000001,0.683611767,19.491131199811488,19.491131199811488,0.0,19.491131199811488,19.491131199811488,0.0,6.4799975062624995,0.0,6.4799975062624995,28.511989027555,0.0,1142.982192349208,-0.06690133520168035,162.52152083104286
92,92,2025,6SB,6,SB,MD,5,OP,MD,4.4,70,8000,1.6,5.0,75,1800,1,4,0.05,0.01,4365.0,0.0,539.0,0.0,0.0,1.0,1.0,1.0,3.66,1.83,0.282574568288854,0.282574568288854,30,4.136,0.708,1309.5,0.0,161.7,0.0,0.0,1471.2,1794.6,1.0,1.2,0.15470689655172412,1794.6,0.0,1.0,26.19,834.1514999999999,0.0,105.10499999999999,0.0,0.0,956.2800000000001,0.188471815,0.9423590749999999,,0.0835393926499457,0.08353939338254532,166.36915493246806,831.8457746623403,69.94784649417878,74.9993963567186,0.0,3.520028331219366,3.7742405696788777,-0.2542122384595116,0.003852437602919935,69.68450968804117,1213.6254903119589,0.0,0.0,69.68450968804117,1375.325490311959,6876.627451559794,69.68450968804117,0.03871361649335621,348.4225484402059,1533.059213136906,1698.7254903119588,8493.627451559794,37371.9607868631,1768.4099999999999,8842.05,38905.020000000004,0.22105124999999998,0.829275986,4.14637993,0.188471815,57.7876904804769,57.7876904804769,0.0,288.9384524023845,288.9384524023845,0.0,348.4225484402059,0.0,348.4225484402059,1533.059213136906,0.0,7356.0,-0.06735454027540715,44.4837312653658
93,93,2025,6SB,6,SB,PM-Shoulder,1,OP,PM,4.4,70,8000,1.6,5.0,75,1800,1,4,0.05,0.01,4521.0,0.0,559.0,0.0,0.0,1.0,1.0,1.0,3.66,1.83,0.282574568288854,0.282574568288854,30,4.135,0.592,1356.3,0.0,167.7,0.0,0.0,1524.0,1859.3999999999999,1.0,1.2,0.16029310344827585,1859.3999999999999,0.0,1.0,27.126,863.9631,0.0,109.005,0.0,0.0,990.6,0.186849115,0.934245575,,0.051138782984445956,0.05113878324810093,164.3955176791296,821.977588395648,69.93270321992136,74.99981527583175,0.0,3.5200086697423165,3.775057846252334,-0.25504917651001735,0.00497210650855467,44.182021477469185,1284.9919785225309,0.0,0.0,44.182021477469185,1452.691978522531,1452.691978522531,44.182021477469185,0.02454556748748288,44.182021477469185,194.40089450086444,1788.0919785225308,1788.0919785225308,7867.604705499136,1832.274,1832.274,8062.0056,0.22903425,0.8221361060000001,4.110680530000001,0.18684911500000004,36.323635092694886,36.323635092694886,0.0,36.323635092694886,36.323635092694886,0.0,44.182021477469185,0.0,44.182021477469185,194.40089450086444,0.0,1524.0,-0.06756166048242569,43.956020769820746
94,94,2025,6SB,6,SB,PM-Peak,3,Peak,PM,4.4,70,8000,1.6,5.0,75,1800,1,4,0.05,0.01,4840.0,0.0,598.0,0.0,0.0,1.0,1.0,1.0,3.66,1.83,0.282574568288854,0.282574568288854,30,4.135,0.592,1452.0,0.0,179.4,0.0,0.0,1631.4,1990.2,1.0,1.2,0.17156896551724138,1990.2,0.0,1.0,29.04,924.9240000000001,0.0,116.61000000000001,0.0,0.0,1060.41,0.212310187,1.061550935,,0.0329948188645229,0.032994819384495506,185.5618925562606,927.8094627813031,69.9013529777986,74.99991010772139,0.0,3.5200042189493326,3.776750931900405,-0.25674671295107254,0.007291633846412468,30.517699843449982,1392.4423001565501,0.0,0.0,30.517699843449982,1571.8423001565502,4715.526900469651,30.517699843449982,0.016954277690805545,91.55309953034995,402.8336379335398,1930.6423001565502,5791.926900469651,25484.478362066464,1961.16,5883.4800000000005,25887.312000000005,0.245145,0.9341648228000001,4.670824114000001,0.212310187,28.508561666520045,28.508561666520045,0.0,85.52568499956013,85.52568499956013,0.0,91.55309953034995,0.0,91.55309953034995,402.8336379335398,0.0,4894.200000000001,-0.06798084321167597,49.61547929311781
95,95,2025,6SB,6,SB,PM-Late,3,OP,PM,4.4,70,8000,1.6,5.0,75,1800,1,4,0.05,0.01,4021.0,0.0,497.0,0.0,0.0,1.0,1.0,1.0,3.66,1.83,0.282574568288854,0.282574568288854,30,4.135,0.592,1206.3,0.0,149.1,0.0,0.0,1355.3999999999999,1653.6,1.0,1.2,0.14255172413793102,1653.6,0.0,1.0,24.126,768.4131,0.0,96.915,0.0,0.0,881.01,0.163716463,0.818582315,,0.07747933977906037,0.07747934033919769,145.03307484963054,725.1653742481526,69.96483760427526,74.99964998626562,0.0,3.520016427387931,3.7733239873034172,-0.25330755991548637,0.002596719748539342,59.53613966558109,1122.637860334419,0.0,0.0,59.53613966558109,1271.7378603344189,3815.213581003257,59.53613966558109,0.03307563314754505,178.60841899674327,785.8770435856704,1569.937860334419,4709.813581003256,20723.17975641433,1629.474,4888.422,21509.056800000002,0.20368424999999998,0.7203524372000001,3.601762186,0.163716463,42.88700330958093,42.88700330958093,0.0,128.6610099287428,128.6610099287428,0.0,178.60841899674327,0.0,178.60841899674327,785.8770435856704,0.0,4066.2,-0.06713114505084178,38.77889701861778
96,96,2025,7NB,7,NB,Night,8,OP,NT,5.6,70,6000,1.6,6.5,75,1800,1,4,0.05,0.01,769.0,0.0,95.0,0.0,0.0,1.0,1.0,1.0,3.66,1.83,0.35502958579881655,0.35502958579881655,30,4.103,0.708,922.8,0.0,114.0,0.0,0.0,1036.8,1264.8,1.0,1.2,0.13175,1264.8,0.0,1.0,18.456,587.8235999999999,0.0,74.10000000000001,0.0,0.0,673.92,0.117777617,0.588888085,,0.2177123286296075,0.21771232862882461,105.13017547469597,525.6508773734798,69.9977445883683,74.99671525640139,0.0,4.480196217277936,4.80015466178083,-0.3199584445028938,0.0002118866397378011,127.97644477943892,776.367555220561,0.0,0.0,127.97644477943892,890.367555220561,7122.940441764488,127.97644477943892,0.07109802487746607,1023.8115582355114,5733.344726118863,1118.367555220561,8946.940441764487,50102.86647388113,1246.3439999999998,9970.751999999999,55836.21119999999,0.20772399999999996,0.6595546552,3.297773276,0.117777617,84.40745991022467,84.40745991022467,0.0,675.2596792817974,675.2596792817974,0.0,1023.8115582355114,0.0,1023.8115582355114,5733.344726118863,0.0,8294.4,-0.06665586153930111,22.08617131821344
97,97,2025,7NB,7,NB,AM-Early,1,OP,AM,5.6,70,6000,1.6,6.5,75,1800,1,4,0.05,0.01,930.0,0.0,115.0,0.0,0.0,1.0,1.0,1.0,3.66,1.83,0.35502958579881655,0.35502958579881655,30,4.155,0.715,1116.0,0.0,138.0,0.0,0.0,1254.0,1530.0,1.0,1.2,0.159375,1530.0,0.0,1.0,22.32,710.892,0.0,89.7,0.0,0.0,815.1,0.169543156,0.84771578,,0.11393482985429419,0.11393483005526898,150.98692743641047,754.9346371820524,69.98908256279093,74.99918599684727,0.0,4.480048623649387,4.800748741041955,-0.3207001173925681,0.0010257752274787197,80.99535906477891,1012.684640935221,0.0,0.0,80.99535906477891,1150.684640935221,1150.684640935221,80.99535906477891,0.04499742170265495,80.99535906477891,453.5740107627619,1426.684640935221,1426.684640935221,7989.433989237237,1507.68,1507.68,8443.008,0.25128,0.9494416736,4.747208368,0.169543156,76.90036926429661,76.90036926429661,0.0,76.90036926429661,76.90036926429661,0.0,80.99535906477891,0.0,80.99535906477891,453.5740107627619,0.0,1254.0,-0.06680210414906307,31.719942738741697
98,98,2025,7NB,7,NB,AM-Peak,2,Peak,AM,5.6,70,6000,1.6,6.5,75,1800,1,4,0.05,0.01,1497.0,0.0,185.0,0.0,0.0,1.0,1.0,1.0,3.66,1.83,0.35502958579881655,0.35502958579881655,30,4.155,0.715,1216.7333462711306,0.0,150.3645083902199,0.0,0.0,1367.0978546613505,1667.8268714417902,1.0,1.2,0.1737319657751865,1667.8268714417902,0.0,1.0,24.334666925422614,775.0591415747102,0.0,97.73693045364294,0.0,0.0,888.6136055298779,0.167837166,0.83918583,,0.11713317860751701,0.11713317898445592,149.2242151435235,746.1210757176175,69.9810722865069,74.99874522978753,0.0,4.48007495286134,4.801298251395676,-0.32122329853433573,0.0017786044120763754,90.78514086145935,1101.6135384842485,0.0,0.0,90.78514086145935,1251.9780468744684,2503.956093748937,90.78514086145935,0.050436189367477416,181.5702817229187,1016.7935776483447,1552.707063654908,3105.414127309816,17390.31911293497,1643.4922045163676,3286.984409032735,18407.112690583315,0.2739153674193946,0.9398881296,4.6994406479999995,0.167837166,85.32787623974957,85.32787623974957,0.0,170.65575247949914,170.65575247949914,0.0,181.5702817229187,0.0,181.5702817229187,1016.7935776483447,0.0,2734.195709322701,-0.06690342522274267,31.349625030152
99,99,2025,7NB,7,NB,AM-Shoulder,1,OP,AM,5.6,70,6000,1.6,6.5,75,1800,1,4,0.05,0.01,1769.0,0.0,219.0,0.0,0.0,1.0,1.0,1.0,3.66,1.83,0.35502958579881655,0.35502958579881655,30,4.155,0.715,1216.1524054330284,0.0,150.55815533625395,0.0,0.0,1366.7105607692824,1667.8268714417902,1.0,1.2,0.1737319657751865,1667.8268714417902,0.0,1.0,24.32304810866057,774.6890822608392,0.0,97.86280096856507,0.0,0.0,888.3618645000336,0.174664118,0.8733205900000001,,0.10657956552251692,0.10657956594921011,155.26319943323486,776.3159971661744,69.98042200661105,74.9990673920785,0.0,4.480055708472566,4.801342866555707,-0.3212871580831411,0.001839727181319169,82.56602580239762,1109.2633315219703,0.0,0.0,82.56602580239762,1259.8214868582243,1259.8214868582243,82.56602580239762,0.045870014334665345,82.56602580239762,462.36974449342665,1560.937797530732,1560.937797530732,8741.251666172098,1643.5038233331297,1643.5038233331297,9203.621410665524,0.27391730388885493,0.9781190608,4.890595304,0.174664118,80.75940361182973,80.75940361182973,0.0,80.75940361182973,80.75940361182973,0.0,82.56602580239762,0.0,82.56602580239762,462.36974449342665,0.0,1366.7105607692824,-0.06691610389274694,32.61831920866279
100,100,2025,7NB,7,NB,MD,5,OP,MD,5.6,70,6000,1.6,6.5,75,1800,1,4,0.05,0.01,2550.0,0.0,315.0,0.0,0.0,1.0,1.0,1.0,3.66,1.83,0.35502958579881655,0.35502958579881655,30,4.136,0.708,1216.8693911807052,0.0,150.31916008702828,0.0,0.0,1367.1885512677334,1667.82687144179,1.0,1.2,0.17373196577518646,1667.82687144179,0.0,1.0,24.337387823614105,775.1458021821093,0.0,97.70745405656838,0.0,0.0,888.6725583240267,0.415252552,2.07626276,,0.010001640437323803,0.010001026235529453,368.526409751508,1842.6320487575406,69.97358201963667,74.99999242371288,0.0,4.480000452556929,4.801812202578231,-0.32181175002130136,0.0024827175321760187,7.752729599926381,1184.7792737571647,0.0,0.0,7.752729599926381,1335.0984338441929,6675.492169220965,7.752729599926381,0.004307071999959101,38.76364799963191,217.07642879793866,1635.7367540182495,8178.683770091247,45800.629112510986,1643.4894836181759,8217.44741809088,46017.705541308926,0.27391491393636264,2.3254142912,11.627071456,0.415252552,18.028308207478066,18.028308207478066,0.0,90.14154103739033,90.14154103739033,0.0,38.76364799963191,0.0,38.76364799963191,217.07642879793866,0.0,6835.942756338667,-0.06701881215773316,77.42151465367817
101,101,2025,7NB,7,NB,PM-Shoulder,1,OP,PM,5.6,70,6000,1.6,6.5,75,1800,1,4,0.05,0.01,3265.0,0.0,404.0,0.0,0.0,1.0,1.0,1.0,3.66,1.83,0.35502958579881655,0.35502958579881655,30,4.135,0.592,1216.3177876384734,0.0,150.50302793443896,0.0,0.0,1366.8208155729124,1667.8268714417904,1.0,1.2,0.17373196577518651,1667.8268714417904,0.0,1.0,24.32635575276947,774.7944307257077,0.0,97.82696815738532,0.0,0.0,888.4335301223931,1.419297409,7.096487045,,0.010001087814674833,0.010001097176753689,1259.5913719242199,6297.956859621101,69.97358161198271,74.9999924378446,0.0,4.480000451712795,4.8018122305527555,-0.3218117788399608,0.0024827558572755376,7.748787140008799,1184.2426447456953,0.0,0.0,7.748787140008799,1334.7456726801342,1334.7456726801342,7.748787140008799,0.004304881744449333,7.748787140008799,43.393207984049276,1635.7517285490121,1635.7517285490121,9160.209679874468,1643.5005156890209,1643.5005156890209,9203.602887858517,0.27391675261483683,7.9480654903999985,39.740327451999995,1.419297409,61.58786765995924,61.58786765995924,0.0,61.58786765995924,61.58786765995924,0.0,7.748787140008799,0.0,7.748787140008799,43.393207984049276,0.0,1366.8208155729124,-0.06701881776891468,264.6200361185337
102,102,2025,7NB,7,NB,PM-Peak,3,Peak,PM,5.6,70,6000,1.6,6.5,75,1800,1,4,0.05,0.01,3772.0,0.0,466.0,0.0,0.0,1.0,1.0,1.0,3.66,1.83,0.35502958579881655,0.35502958579881655,30,4.135,0.592,2932.5413302551465,0.0,362.2916913835891,0.0,0.0,3294.8330216387358,4019.416404405914,1.0,1.2,0.4186892087922827,4019.416404405914,0.0,1.0,58.65082660510293,1868.0288273725284,0.0,235.48959939933295,0.0,0.0,2141.6414640651783,1.202351064,6.01175532,,0.010001292453429532,0.010000970604400472,394.1795223496823,1970.897611748412,62.79000351533067,74.999744470477,8.733562299143768,4.480015263682178,5.351170268973834,-0.8711550052916559,0.7551032684941523,18.682702613989687,2855.207801036054,0.0,0.0,18.682702613989687,3217.4994924196435,9652.49847725893,18.682702613989687,0.01037927922999427,56.048107841969056,313.8694039150267,3942.0828751868216,11826.248625560465,66226.9923031386,3960.765577800811,11882.296733402434,66540.86170705363,0.6601275963001352,6.733165958399999,33.665829792,1.202351064,125.79373725142604,125.79373725142604,0.0,377.3812117542781,377.3812117542781,0.0,56.048107841969056,0.0,56.048107841969056,313.8694039150267,0.0,9884.499064916206,-0.16279710072815767,82.81082402304253
103,103,2025,7NB,7,NB,PM-Late,3,OP,PM,5.6,70,6000,1.6,6.5,75,1800,1,4,0.05,0.01,2896.0,0.0,358.0,0.0,0.0,1.0,1.0,1.0,3.66,1.83,0.35502958579881655,0.35502958579881655,30,4.135,0.592,1216.6313903514922,0.0,150.39849369676594,0.0,0.0,1367.029884048258,1667.82687144179,1.0,1.2,0.17373196577518646,1667.82687144179,0.0,1.0,24.332627807029844,774.9941956539005,0.0,97.75902090289786,0.0,0.0,888.5694246313677,0.187399184,0.93699592,,0.04900350545106351,0.049003505579644155,166.4207553933195,832.1037769665975,69.97655511635,74.99989230307585,0.0,4.4800064331055065,4.801608187789937,-0.32160175468443075,0.0022032172722143196,37.97743229126849,1154.3213302531938,0.0,0.0,37.97743229126849,1304.7198239499596,3914.159471849879,37.97743229126849,0.021098573495149164,113.93229687380548,638.0208624933107,1605.5168113434916,4816.550434030474,26972.682430570654,1643.49424363476,4930.482730904279,27610.703293063965,0.27391570727246,1.0494354304,5.247177152,0.187399184,39.85486300207421,39.85486300207421,0.0,119.56458900622263,119.56458900622263,0.0,113.93229687380548,0.0,113.93229687380548,638.0208624933107,0.0,4101.089652144774,-0.06697792533389864,34.962343570025105
104,104,2025,7SB,7,SB,Night,8,OP,NT,5.6,70,6000,1.6,5.0,75,1800,1,4,0.05,0.01,729.0,0.0,90.0,0.0,0.0,1.0,1.0,1.0,3.66,1.83,0.35502958579881655,0.35502958579881655,30,4.103,0.708,791.4598435455255,0.0,97.71109179574388,0.0,0.0,889.1709353412693,1084.593118932757,1.0,1.2,0.11297844988882887,1084.593118932757,0.0,1.0,15.82919687091051,504.1599203384997,0.0,63.51220966723353,0.0,0.0,577.9611079718251,0.147646003,0.738230015,,0.13689177418905082,0.1368917742977172,131.3451741865153,656.7258709325763,69.98444280925935,74.99962977584127,0.0,4.480022114832248,4.801067015933222,-0.32104490110097395,0.0014618118285138035,69.01534597014775,706.6153007044671,0.0,0.0,69.01534597014775,804.326392500211,6434.611140001688,69.01534597014775,0.038341858872304305,552.122767761182,3091.887499462619,999.7485760916989,7997.988608733591,44788.73620890811,1068.7639220618466,8550.111376494773,47880.623708370724,0.1781273203436411,0.8268176168,4.134088083999999,0.147646003,57.06310387766504,57.06310387766504,0.0,456.50483102132034,456.50483102132034,0.0,552.122767761182,0.0,552.122767761182,3091.887499462619,0.0,7113.367482730155,-0.06686948964376618,27.593523988763714
105,105,2025,7SB,7,SB,AM-Early,1,OP,AM,5.6,70,6000,1.6,5.0,75,1800,1,4,0.05,0.01,2298.0,0.0,284.0,0.0,0.0,1.0,1.0,1.0,3.66,1.83,0.35502958579881655,0.35502958579881655,30,4.155,0.715,791.2365039071351,0.0,97.78553834187396,0.0,0.0,889.022042249009,1084.593118932757,1.0,1.2,0.11297844988882887,1084.593118932757,0.0,1.0,15.824730078142702,504.0176529888451,0.0,63.560599922218074,0.0,0.0,577.8643274618559,0.795369856,3.9768492799999997,,0.010001290645191317,0.010001167850134334,706.6696910678304,3533.3484553391518,69.97888703729357,74.99999864577391,0.0,4.48000008089244,4.801448182806006,-0.32144810191356576,0.00198401044422853,5.0408270378486195,770.3709467911438,0.0,0.0,5.0408270378486195,868.1564851330177,868.1564851330177,5.0408270378486195,0.002800459465471455,5.0408270378486195,28.228631411952268,1063.7275618167655,1063.7275618167655,5956.874346173887,1068.7683888546142,1068.7683888546142,5985.102977585839,0.17812806480910237,4.4540711936,22.270355967999997,0.795369856,22.45220250120155,22.45220250120155,0.0,22.45220250120155,22.45220250120155,0.0,5.0408270378486195,0.0,5.0408270378486195,28.228631411952268,0.0,889.022042249009,-0.06694815598857694,148.46001913189716
106,106,2025,7SB,7,SB,AM-Peak,2,Peak,AM,5.6,70,6000,1.6,5.0,75,1800,1,4,0.05,0.01,3435.0,0.0,425.0,0.0,0.0,1.0,1.0,1.0,3.66,1.83,0.35502958579881655,0.35502958579881655,30,4.155,0.715,1030.5,0.0,127.5,0.0,0.0,1158.0,1413.0,1.0,1.2,0.1471875,1413.0,0.0,1.0,20.61,656.4285,0.0,82.875,0.0,0.0,752.7,1.233788573,6.168942865,,0.010000418295010846,0.010000500033956356,1082.7667842714495,5413.833921357247,69.92082842153938,74.99999610397911,0.0,4.480000232722326,4.805435055407523,-0.32543482268519686,0.007446025908306675,6.564559580766527,1003.3254404192335,0.0,0.0,6.564559580766527,1130.8254404192335,2261.650880838467,6.564559580766527,0.003646977544870293,13.129119161533055,73.5230673045851,1385.8254404192335,2771.650880838467,15521.244932695414,1392.39,2784.78,15594.767999999998,0.23206500000000002,6.9092160088,34.546080044,1.233788573,45.35596014615351,45.35596014615351,0.0,90.71192029230701,90.71192029230701,0.0,13.129119161533055,0.0,13.129119161533055,73.5230673045851,0.0,2316.0,-0.0677222392838266,227.4720135024054
107,107,2025,7SB,7,SB,AM-Shoulder,1,OP,AM,5.6,70,6000,1.6,5.0,75,1800,1,4,0.05,0.01,3333.0,0.0,412.0,0.0,0.0,1.0,1.0,1.0,3.66,1.83,0.35502958579881655,0.35502958579881655,30,4.155,0.715,999.9,0.0,123.6,0.0,0.0,1123.5,1370.6999999999998,1.0,1.2,0.14278124999999997,1370.6999999999998,0.0,1.0,19.998,636.9363,0.0,80.34,0.0,0.0,730.275,0.683611767,3.418058835,,0.010001268307554996,0.010001344890898406,601.3502587504696,3006.7512937523484,69.93198003125833,74.99999654624729,0.0,4.4800002063041715,4.804668763129745,-0.32466855682557316,0.006396205487750629,6.3701708311213405,973.5318291688786,0.0,0.0,6.3701708311213405,1097.1318291688785,1097.1318291688785,6.3701708311213405,0.0035389837950674115,6.3701708311213405,35.6729566542795,1344.3318291688786,1344.3318291688786,7528.258243345719,1350.702,1350.702,7563.931199999999,0.225117,3.8282258952,19.141129476,0.683611767,24.386452932546423,24.386452932546423,0.0,24.386452932546423,24.386452932546423,0.0,6.3701708311213405,0.0,6.3701708311213405,35.6729566542795,0.0,1123.5,-0.06757355664495072,126.33408797278776
108,108,2025,7SB,7,SB,MD,5,OP,MD,5.6,70,6000,1.6,5.0,75,1800,1,4,0.05,0.01,2635.0,0.0,326.0,0.0,0.0,1.0,1.0,1.0,3.66,1.83,0.35502958579881655,0.35502958579881655,30,4.136,0.708,791.0054991386147,0.0,97.86253993138081,0.0,0.0,888.8680390699956,1084.593118932757,1.0,1.2,0.11297844988882887,1084.593118932757,0.0,1.0,15.820109982772294,503.87050295129757,0.0,63.61065095539753,0.0,0.0,577.7642253954972,0.188471815,0.9423590749999999,,0.08198465041522805,0.08198465066515798,167.5742209728764,837.871104864382,69.98220233728361,74.99992389375232,0.0,4.480004546084475,4.801220721528981,-0.32121617544450665,0.0016723884947053087,41.30964703900727,733.8757421168352,0.0,0.0,41.30964703900727,831.738282048216,4158.69141024108,41.30964703900727,0.022949803910559594,206.54823519503634,1156.6701170922033,1027.4633619109777,5137.316809554888,28768.97413350737,1068.773008949985,5343.865044749924,29925.644250599573,0.1781288348249975,1.0554421639999998,5.27721082,0.188471815,43.59994326492601,43.59994326492601,0.0,217.99971632463007,217.99971632463007,0.0,206.54823519503634,0.0,206.54823519503634,1156.6701170922033,0.0,4444.340195349978,-0.06690302197608886,35.2046682716127
109,109,2025,7SB,7,SB,PM-Shoulder,1,OP,PM,5.6,70,6000,1.6,5.0,75,1800,1,4,0.05,0.01,2723.0,0.0,336.0,0.0,0.0,1.0,1.0,1.0,3.66,1.83,0.35502958579881655,0.35502958579881655,30,4.135,0.592,816.9,0.0,100.8,0.0,0.0,917.6999999999999,1119.3,1.0,1.2,0.11659375,1119.3,0.0,1.0,16.338,520.3653,0.0,65.52,0.0,0.0,596.505,0.186849115,0.934245575,,0.0494780850667691,0.04947808515667086,165.96247007164843,829.8123503582423,69.97748241221738,74.99997758869368,0.0,4.480001338702431,4.8015445600160325,-0.32154322131360136,0.0021160472219652598,25.746678579194825,774.8153214208052,0.0,0.0,25.746678579194825,875.6153214208051,875.6153214208051,25.746678579194825,0.014303710321774903,25.746678579194825,144.181400043491,1077.2153214208051,1077.2153214208051,6032.405799956508,1102.962,1102.962,6176.587199999999,0.183827,1.046355044,5.23177522,0.186849115,26.94016699758726,26.94016699758726,0.0,26.94016699758726,26.94016699758726,0.0,25.746678579194825,0.0,25.746678579194825,144.181400043491,0.0,917.6999999999999,-0.0669666223638103,34.86606514110262
110,110,2025,7SB,7,SB,PM-Peak,3,Peak,PM,5.6,70,6000,1.6,5.0,75,1800,1,4,0.05,0.01,2613.0,0.0,323.0,0.0,0.0,1.0,1.0,1.0,3.66,1.83,0.35502958579881655,0.35502958579881655,30,4.135,0.592,791.1897877641803,0.0,97.80111038952553,0.0,0.0,888.9908981537059,1084.5931189327569,1.0,1.2,0.11297844988882884,1084.5931189327569,0.0,1.0,15.823795755283607,503.98789480578284,0.0,63.5707217531916,0.0,0.0,577.8440837999088,0.212310187,1.061550935,,0.030979364374397696,0.03097936448261021,188.67422858746747,943.3711429373375,69.97990052395919,74.9999930219077,0.0,4.480000416824752,4.801378645643585,-0.3213782288188334,0.001888744531712176,15.613224633473962,759.7527673754228,0.0,0.0,15.613224633473962,857.5538777649483,2572.661633294845,15.613224633473962,0.008674013685263313,46.839673900421886,262.30217384236255,1053.1560985439994,3159.4682956319984,17693.02245553919,1068.7693231774733,3206.3079695324204,17955.324629381554,0.17812822052957888,1.1889370472,5.944685236,0.212310187,18.563141192992834,18.563141192992834,0.0,55.689423578978506,55.689423578978506,0.0,46.839673900421886,0.0,46.839673900421886,262.30217384236255,0.0,2666.9726944611175,-0.06693457286698855,39.6374429805604
111,111,2025,7SB,7,SB,PM-Late,3,OP,PM,5.6,70,6000,1.6,5.0,75,1800,1,4,0.05,0.01,2089.0,0.0,258.0,0.0,0.0,1.0,1.0,1.0,3.66,1.83,0.35502958579881655,0.35502958579881655,30,4.135,0.592,791.3779341426928,0.0,97.73839493002141,0.0,0.0,889.1163290727142,1084.593118932757,1.0,1.2,0.11297844988882887,1084.593118932757,0.0,1.0,15.827558682853855,504.10774404889537,0.0,63.52995670451392,0.0,0.0,577.9256138972643,0.163716463,0.818582315,,0.07660069592847654,0.07660069626012903,145.55617956842204,727.7808978421101,69.98197136309402,74.99993723390362,0.0,4.480003749231295,4.801236567868312,-0.321232818637017,0.0016940979795872493,38.61500401707971,736.9353714427592,0.0,0.0,38.61500401707971,834.6737663727806,2504.0212991183416,38.61500401707971,0.02145278000948873,115.84501205123914,648.7320674869392,1030.1505562328234,3090.4516686984703,17306.52934471143,1068.765560249903,3206.2966807497096,17955.26141219837,0.17812759337498385,0.9168121927999999,4.584060964,0.163716463,35.40270650787966,35.40270650787966,0.0,106.20811952363897,106.20811952363897,0.0,115.84501205123914,0.0,115.84501205123914,648.7320674869392,0.0,2667.3489872181426,-0.06690626760339792,30.579029321097067
