,index,Year,SegDir,Segment,Direction,Period,Hours/Day,Peak,4Periods,Length,Speed GP,Capacity GP,Alpha GP,Beta GP,Speed ML,Capacity ML,Alpha ML,Beta ML,MinToll,MinCapture,AADT Lights,AADT MediumA,AADT MediumB,AADT HeavyA,AADT HeavyB,GrowthFactor,GrowthFactor_medium,GrowthFactor_heavy,MaxToll,Soft Cap,MaxCapture,MaxCap_aux,Min Speed,B1,B2,TotalLights,TotalMediumA,TotalMediumB,TotalHeavyA,TotalHeavyB,TotalVeh,Corridor PCE pre-fix,Suppressed ratio ref,Max VC,Suppressed ratio,Corridor PCE,Suppressed Demand,PCE ratio,HOV3,InScopeLights,InScopeMediumA,InScopeMediumB,InScopeHeavyA,InScopeHeavyB,InScopeVeh,TollLights,TollMediumA,TollMediumB,CaptureRateLights,CaptureRateMediumA,VOT Lights,VOT MediumA,Speed GP Real,Speed ML Real,Bounus Seg,Time ML,Time GP,Time Savings,BonusRel,MLVeh_Lights,GPVeh_Lights,MLVeh_MediumA,GPVeh_MediumA,MLVeh,GPVeh,GPVehDay,ML PCE,ML V/C,ML Volume,ML PCE Total,GP PCE,GP Volume,GP PCE Total,Highway PCE,Highway Volume,Highway PCE Total,Highway V/C,TollLightsPerSeg,TollMediumAPerSeg,TollBlend,RevenuePerHour,RevenuePerHourLights,RevenuePerHourMediumA,RevenuePerDay,RevenuePerDayLights,RevenuePerDayMediumA,TransactionsDay_Lights,TransactionsDay_MediumA,TransactionsDay,TransactionsLightsLength,TransactionsMediumALength,TotalVeh_hours,Difference in Travel Time,Implied Min VOT
0,0,2025,1NB,1,NB,Night,8,OP,NT,3.0,70,12000,1,8,75,1800,1,4,0.05,0.01,2238.0,0.0,277.0,0.0,0.0,1.0,1.0,1.0,3.66,1.83,0.17391304347826086,0.17391304347826086,30,4.103,0.708,2238.0,0.0,277.0,0.0,0.0,2515.0,3069.0,1.0,1.2,0.19673076923076924,3069.0,0.0,1.0,44.76,1644.9299999999998,0.0,207.75,0.0,0.0,1886.25,0.117777617,0.588888085,,0.1739129372923661,0.17391289862130727,106.80956164456552,534.0478082228276,69.99941432465066,74.9145091463654,0.0,2.402738829247645,2.5714500862132508,-0.16871125696560574,2.9475255010841946e-05,286.0746079403317,1907.1653920596684,0.0,0.0,286.0746079403317,2184.165392059668,17473.323136477346,286.0746079403317,0.15893033774462872,2288.5968635226536,6865.790590567961,2738.165392059668,21905.323136477346,65715.96940943203,3024.24,24193.92,72581.76,0.25201999999999997,0.353332851,1.766664255,0.117777617,101.07955682226464,101.07955682226464,0.0,808.6364545781171,808.6364545781171,0.0,2288.5968635226536,0.0,2288.5968635226536,6865.790590567961,0.0,20120.0,-0.06560938431982245,41.88610260571197
1,1,2025,1NB,1,NB,AM-Early,1,OP,AM,3.0,70,12000,1,8,75,1800,1,4,0.05,0.01,1841.0,0.0,228.0,0.0,0.0,1.0,1.0,1.0,3.66,1.83,0.17391304347826086,0.17391304347826086,30,4.155,0.715,2209.2,0.0,273.59999999999997,0.0,0.0,2482.7999999999997,3030.0,1.0,1.2,0.19423076923076923,3030.0,0.0,1.0,44.184,1623.7619999999997,0.0,205.2,0.0,0.0,1862.1,0.169543156,0.84771578,,0.11244064855677693,0.11244064855112862,151.82976469431006,759.1488234715504,69.99929650697332,74.981114251898,0.0,2.4006044961574258,2.5714544142892697,-0.17084991813184391,3.5404719156636316e-05,182.5768523818492,1982.4391476181506,0.0,0.0,182.5768523818492,2256.0391476181508,2256.0391476181508,182.5768523818492,0.10143158465658289,182.5768523818492,547.7305571455476,2803.2391476181506,2803.2391476181506,8409.717442854451,2985.816,2985.816,8957.447999999999,0.24881799999999998,0.508629468,2.54314734,0.169543156,92.86396729609449,92.86396729609449,0.0,92.86396729609449,92.86396729609449,0.0,182.5768523818492,0.0,182.5768523818492,547.7305571455476,0.0,2482.7999999999997,-0.06644096709723922,59.541084193847084
2,2,2025,1NB,1,NB,AM-Peak,2,Peak,AM,3.0,70,12000,1,8,75,1800,1,4,0.05,0.01,4183.0,0.0,517.0,0.0,0.0,1.0,1.0,1.0,3.66,1.83,0.17391304347826086,0.17391304347826086,30,4.155,0.715,4183.0,0.0,517.0,0.0,0.0,4700.0,5734.0,1.0,1.2,0.36756410256410255,5734.0,0.0,1.0,83.66,3074.505,0.0,387.75,0.0,0.0,3525.0,0.167837166,0.83918583,,0.11104029870702511,0.1110402994600193,152.63129981772698,763.1564990886349,69.88377062143657,74.76751274314546,1.599320639113839,2.407462725400104,2.5757053232726643,-0.16824259787256013,0.00585915002640759,341.39395357624227,3757.9460464237577,0.0,0.0,341.39395357624227,4274.946046423758,8549.892092847516,341.39395357624227,0.18966330754235683,682.7879071524845,2048.3637214574537,5308.946046423758,10617.892092847516,31853.67627854255,5650.34,11300.68,33902.04,0.4708616666666667,0.5035114980000001,2.51755749,0.167837166,171.89578097331622,171.89578097331622,0.0,343.79156194663244,343.79156194663244,0.0,682.7879071524845,0.0,682.7879071524845,2048.3637214574537,0.0,9400.0,-0.06531903954711436,59.85541169322627
3,3,2025,1NB,1,NB,AM-Shoulder,1,OP,AM,3.0,70,12000,1,8,75,1800,1,4,0.05,0.01,4812.0,0.0,595.0,0.0,0.0,1.0,1.0,1.0,3.66,1.83,0.17391304347826086,0.17391304347826086,30,4.155,0.715,4812.0,0.0,595.0,0.0,0.0,5407.0,6597.0,1.0,1.2,0.42288461538461536,6597.0,0.0,1.0,96.24000000000001,3536.82,0.0,446.25,0.0,0.0,4055.25,0.174664118,0.8733205900000001,,0.10773819631372303,0.1077381998838336,154.5677166428081,772.8385832140406,69.63903711506505,74.63105543651194,1.2136048037086744,2.411864591049829,2.584757162891049,-0.17289257184121976,0.0182601703035943,381.0506074863019,4334.709392513699,0.0,0.0,381.0506074863019,4929.709392513699,4929.709392513699,381.0506074863019,0.2116947819368344,381.0506074863019,1143.1518224589056,6119.709392513699,6119.709392513699,18359.128177541097,6500.76,6500.76,19502.280000000002,0.54173,0.523992354,2.61996177,0.174664118,199.66760480987733,199.66760480987733,0.0,199.66760480987733,199.66760480987733,0.0,381.0506074863019,0.0,381.0506074863019,1143.1518224589056,0.0,5407.0,-0.06688929015205419,60.614790840316914
4,4,2025,1NB,1,NB,MD,5,OP,MD,3.0,70,12000,1,8,75,1800,1,4,0.05,0.01,5111.0,0.0,632.0,0.0,0.0,1.0,1.0,1.0,3.66,1.83,0.17391304347826086,0.17391304347826086,30,4.136,0.708,5111.0,0.0,632.0,0.0,0.0,5743.0,7007.0,1.0,1.2,0.44916666666666666,7007.0,0.0,1.0,102.22,3756.585,0.0,474.0,0.0,0.0,4307.25,0.415252552,2.07626276,,0.011764167033436813,0.011764175550404238,310.8901563427971,1554.4507817139854,69.11206997080276,74.99671699232509,2.394687846859737,2.400105060844471,2.6044654729057197,-0.20436041206124855,0.04526055502369296,44.19309341530323,4964.586906584696,0.0,0.0,44.19309341530323,5596.586906584696,27982.934532923482,44.19309341530323,0.02455171856405735,220.96546707651615,662.8964012295485,6860.586906584696,34302.93453292348,102908.80359877044,6904.78,34523.899999999994,103571.69999999998,0.5753983333333333,1.2457576559999999,6.22878828,0.415252552,55.05388446443718,55.05388446443718,0.0,275.2694223221859,275.2694223221859,0.0,220.96546707651615,0.0,220.96546707651615,662.8964012295485,0.0,28715.0,-0.07846539498688386,121.91770836972435
5,5,2025,1NB,1,NB,PM-Shoulder,1,OP,PM,3.0,70,12000,1,8,75,1800,1,4,0.05,0.01,6757.0,0.0,835.0,0.0,0.0,1.0,1.0,1.0,3.66,1.83,0.17391304347826086,0.17391304347826086,30,4.135,0.592,8108.4,0.0,1002.0,0.0,0.0,9110.4,11114.4,1.0,1.2,0.7124615384615385,11114.4,0.0,1.0,162.168,5959.674,0.0,751.5,0.0,0.0,6832.799999999999,1.419297409,7.096487045,,0.047650978245518054,0.0476509857362726,167.75372832214714,838.7686416107358,48.60227362931969,74.71798794211388,3.1424268252185694,2.4090584470696808,3.70353044330448,-1.2944719962347992,1.5509795644699955,283.98429612437957,7662.247703875621,0.0,0.0,283.98429612437957,8664.24770387562,8664.24770387562,283.98429612437957,0.1577690534024331,283.98429612437957,851.9528883731386,10668.24770387562,10668.24770387562,32004.743111626864,10952.232,10952.232,32856.696,0.912686,4.257892226999999,21.289461135,1.419297409,1209.1745270580618,1209.1745270580618,0.0,1209.1745270580618,1209.1745270580618,0.0,283.98429612437957,0.0,283.98429612437957,851.9528883731386,0.0,9110.4,-0.34952378981386334,65.78577581260673
6,6,2025,1NB,1,NB,PM-Peak,3,Peak,PM,3.0,70,12000,1,8,75,1800,1,4,0.05,0.01,6670.0,0.0,824.0,0.0,0.0,1.0,1.0,1.0,3.66,1.83,0.17391304347826086,0.17391304347826086,30,4.135,0.592,8004.0,0.0,988.8,0.0,0.0,8992.8,10970.4,1.0,1.2,0.7032307692307692,10970.4,0.0,1.0,160.08,5882.9400000000005,0.0,741.5999999999999,0.0,0.0,6744.599999999999,1.202351064,6.01175532,,0.055307021599767074,0.055307039717262876,160.69368584587664,803.4684292293833,50.5975902560036,74.60531536481923,4.630445528759775,2.412696724352706,3.5574816723340357,-1.1447849479813295,1.3508927482404867,325.36788965013375,7518.552110349867,0.0,0.0,325.36788965013375,8507.352110349866,25522.0563310496,325.36788965013375,0.18075993869451876,976.1036689504012,2928.3110068512037,10484.952110349866,31454.8563310496,94364.5689931488,10810.32,32430.96,97292.88,0.90086,3.6070531919999995,18.03526596,1.202351064,1173.6192849368185,1173.6192849368185,0.0,3520.8578548104556,3520.8578548104556,0.0,976.1036689504012,0.0,976.1036689504012,2928.3110068512037,0.0,26978.399999999998,-0.3217964429399984,63.01713170426535
7,7,2025,1NB,1,NB,PM-Late,3,OP,PM,3.0,70,12000,1,8,75,1800,1,4,0.05,0.01,6393.0,0.0,790.0,0.0,0.0,1.0,1.0,1.0,3.66,1.83,0.17391304347826086,0.17391304347826086,30,4.135,0.592,7660.058710403062,0.0,946.5738121724415,0.0,0.0,8606.632522575503,10499.780146920386,1.0,1.2,0.673062829930794,10499.780146920386,0.0,1.0,153.20117420806125,5630.143152146251,0.0,709.9303591293311,0.0,0.0,6454.974391931627,0.187399184,0.93699592,,0.16729200717615172,0.16729215121064756,110.63466880988194,553.1733440494098,60.24220771562943,65.96358389894509,0.9029498851377138,2.7287783555811105,2.9879383048124946,-0.2591599492313841,0.5706183347359755,941.877948611612,6564.979587583389,0.0,0.0,941.877948611612,7511.5533997558305,22534.66019926749,941.877948611612,0.5232655270064511,2825.6338458348364,8476.90153750451,9404.701024100714,28214.10307230214,84642.30921690642,10346.578972712327,31039.736918136976,93119.21075441093,0.8622149143926938,0.562197552,2.8109877599999997,0.187399184,529.5214769922301,529.5214769922301,0.0,1588.5644309766903,1588.5644309766903,0.0,2825.6338458348364,0.0,2825.6338458348364,8476.90153750451,0.0,25819.897567726508,-0.08673537496205011,43.38614463132625
8,8,2025,1SB,1,SB,Night,8,OP,NT,3.0,70,12000,1,8,75,1800,1,4,0.05,0.01,1637.0,0.0,202.0,0.0,0.0,1.0,1.0,1.0,3.66,1.83,0.17391304347826086,0.17391304347826086,30,4.103,0.708,1637.0,0.0,202.0,0.0,0.0,1839.0,2243.0,1.0,1.2,0.1437820512820513,2243.0,0.0,1.0,32.74,1203.195,0.0,151.5,0.0,0.0,1379.25,0.147646003,0.738230015,,0.13528876387902913,0.13528876385886113,132.02975673179887,660.1487836589944,69.99994291474813,74.9895608637801,0.0,2.4003340988617508,2.571430668439534,-0.17109656957778308,2.8729050184556074e-06,162.77876425542846,1441.4812357445714,0.0,0.0,162.77876425542846,1643.4812357445714,13147.849885956572,162.77876425542846,0.09043264680857137,1302.2301140434276,3906.690342130283,2047.4812357445714,16379.849885956572,49139.54965786971,2210.2599999999998,17682.079999999998,53046.24,0.18418833333333332,0.442938009,2.2146900449999998,0.147646003,72.10090174677985,72.10090174677985,0.0,576.8072139742388,576.8072139742388,0.0,1302.2301140434276,0.0,1302.2301140434276,3906.690342130283,0.0,14712.0,-0.06653750057418915,51.77637518894073
9,9,2025,1SB,1,SB,AM-Early,1,OP,AM,3.0,70,12000,1,8,75,1800,1,4,0.05,0.01,4573.0,0.0,565.0,0.0,0.0,1.0,1.0,1.0,3.66,1.83,0.17391304347826086,0.17391304347826086,30,4.155,0.715,4573.0,0.0,565.0,0.0,0.0,5138.0,6268.0,1.0,1.2,0.4017948717948718,6268.0,0.0,1.0,91.46000000000001,3361.1549999999997,0.0,423.75,0.0,0.0,3853.5,0.795369856,3.9768492799999997,,0.010000531284169237,0.010000534391541084,657.7184457358188,3288.592228679094,69.63042807610418,74.99825168352571,2.1602257704327785,2.4000559474313614,2.5850767397733767,-0.1850207923420153,0.01869799063238342,33.61333572844185,4447.926664271558,0.0,0.0,33.61333572844185,5012.926664271558,5012.926664271558,33.61333572844185,0.018674075404689915,33.61333572844185,100.84000718532553,6142.926664271558,6142.926664271558,18428.779992814674,6176.54,6176.54,18529.62,0.5147116666666667,2.386109568,11.93054784,0.795369856,80.20510199403135,80.20510199403135,0.0,80.20510199403135,80.20510199403135,0.0,33.61333572844185,0.0,33.61333572844185,100.84000718532553,0.0,5138.0,-0.07157264985419169,257.9288022493407
10,10,2025,1SB,1,SB,AM-Peak,2,Peak,AM,3.0,70,12000,1,8,75,1800,1,4,0.05,0.01,7757.0,0.0,959.0,0.0,0.0,1.0,1.0,1.0,3.66,1.83,0.17391304347826086,0.17391304347826086,30,4.155,0.715,7757.0,0.0,959.0,0.0,0.0,8716.0,10634.0,1.0,1.2,0.6816666666666666,10634.0,0.0,1.0,155.14000000000001,5701.3949999999995,0.0,719.25,0.0,0.0,6537.0,1.233788573,6.168942865,,0.0535696490487076,0.05356965396653925,201.74360532730157,1008.7180266365077,53.795938584032776,74.67991510249429,4.536354214067647,2.4102866179341444,3.3459774982609183,-0.9356908803267738,1.0611320297603155,305.42172923805623,7296.438270761943,0.0,0.0,305.42172923805623,8255.438270761944,16510.87654152389,305.42172923805623,0.1696787384655868,610.8434584761125,1832.5303754283373,10173.438270761944,20346.87654152389,61040.629624571666,10478.86,20957.72,62873.16,0.8732383333333333,3.701365719,18.506828595,1.233788573,1130.4775184394414,1130.4775184394414,0.0,2260.9550368788828,2260.9550368788828,0.0,610.8434584761125,0.0,610.8434584761125,1832.5303754283373,0.0,17432.0,-0.27964649517610385,79.11513934403983
11,11,2025,1SB,1,SB,AM-Shoulder,1,OP,AM,3.0,70,12000,1,8,75,1800,1,4,0.05,0.01,7826.0,0.0,967.0,0.0,0.0,1.0,1.0,1.0,3.66,1.83,0.17391304347826086,0.17391304347826086,30,4.155,0.715,7826.0,0.0,967.0,0.0,0.0,8793.0,10727.0,1.0,1.2,0.6876282051282051,10727.0,0.0,1.0,156.52,5752.11,0.0,725.25,0.0,0.0,6594.75,0.683611767,3.418058835,,0.11544448248326625,0.1154444952594244,150.14799191821982,750.7399595910991,56.24560829317754,71.89494343533252,1.8369952894470838,2.503653127732202,3.200249858829131,-0.6965967310969288,0.8614851637387659,664.0493621368206,7005.430637863179,0.0,0.0,664.0493621368206,7972.430637863179,7972.430637863179,664.0493621368206,0.3689163122982337,664.0493621368206,1992.148086410462,9906.430637863179,9906.430637863179,29719.291913589535,10570.48,10570.48,31711.44,0.8808733333333333,2.050835301,10.254176505,0.683611767,1361.8558734767246,1361.8558734767246,0.0,1361.8558734767246,1361.8558734767246,0.0,664.0493621368206,0.0,664.0493621368206,1992.148086410462,0.0,8793.0,-0.21766948264214322,58.881565458125415
12,12,2025,1SB,1,SB,MD,5,OP,MD,3.0,70,12000,1,8,75,1800,1,4,0.05,0.01,5968.0,0.0,738.0,0.0,0.0,1.0,1.0,1.0,3.66,1.83,0.17391304347826086,0.17391304347826086,30,4.136,0.708,5968.0,0.0,738.0,0.0,0.0,6706.0,8182.0,1.0,1.2,0.5244871794871795,8182.0,0.0,1.0,119.36,4386.4800000000005,0.0,553.5,0.0,0.0,5029.5,0.188471815,0.9423590749999999,,0.12075568179921027,0.12075570117581913,143.34035291605412,716.7017645802705,68.13675135108424,73.753163158813,1.3301166918309602,2.44057328920802,2.6417461418511805,-0.20117285264316065,0.09633507147897438,529.6923830986,5318.947616901401,0.0,0.0,529.6923830986,6056.947616901401,30284.738084507004,529.6923830986,0.29427354616588886,2648.4619154929997,7945.385746478999,7532.947616901401,37664.738084507,112994.214253521,8062.64,40313.2,120939.6,0.6718866666666667,0.565415445,2.827077225,0.188471815,299.49625450280536,299.49625450280536,0.0,1497.4812725140268,1497.4812725140268,0.0,2648.4619154929997,0.0,2648.4619154929997,7945.385746478999,0.0,33530.0,-0.0761514702174186,56.21190310433495
13,13,2025,1SB,1,SB,PM-Shoulder,1,OP,PM,3.0,70,12000,1,8,75,1800,1,4,0.05,0.01,4858.0,0.0,600.0,0.0,0.0,1.0,1.0,1.0,3.66,1.83,0.17391304347826086,0.17391304347826086,30,4.135,0.592,4858.0,0.0,600.0,0.0,0.0,5458.0,6658.0,1.0,1.2,0.4267948717948718,6658.0,0.0,1.0,97.16,3570.63,0.0,450.0,0.0,0.0,4093.5,0.186849115,0.934245575,,0.06448298985458233,0.06448300702791107,153.51060908428164,767.5530454214082,69.5288171802379,74.91799566359104,1.6980223126023004,2.402627011115797,2.588854626037867,-0.18622761492206985,0.023873694814735114,230.2448980644673,4530.5951019355325,0.0,0.0,230.2448980644673,5130.5951019355325,5130.5951019355325,230.2448980644673,0.12791383225803737,230.2448980644673,690.7346941934019,6330.5951019355325,6330.5951019355325,18991.785305806596,6560.84,6560.84,19682.519999999997,0.5467366666666666,0.560547345,2.802736725,0.186849115,129.06316630983278,129.06316630983278,0.0,129.06316630983278,129.06316630983278,0.0,230.2448980644673,0.0,230.2448980644673,690.7346941934019,0.0,5458.0,-0.07193436551015743,60.20023885658104
14,14,2025,1SB,1,SB,PM-Peak,3,Peak,PM,3.0,70,12000,1,8,75,1800,1,4,0.05,0.01,6246.0,0.0,772.0,0.0,0.0,1.0,1.0,1.0,3.66,1.83,0.17391304347826086,0.17391304347826086,30,4.135,0.592,6246.0,0.0,772.0,0.0,0.0,7018.0,8562.0,1.0,1.2,0.5488461538461539,8562.0,0.0,1.0,124.92,4590.8099999999995,0.0,579.0,0.0,0.0,5263.5,0.212310187,1.061550935,,0.10569176482012964,0.1056917818340622,130.9563207901395,654.7816039506976,67.17094450092404,74.02283584792295,2.5057815313250655,2.4316820334984603,2.6797300728371303,-0.24804803933866992,0.14837305692972555,485.2108108538993,5635.8691891461,0.0,0.0,485.2108108538993,6407.8691891461,19223.607567438303,485.2108108538993,0.2695615615854996,1455.632432561698,4366.897297685094,7951.8691891461,23855.607567438303,71566.82270231491,8437.08,25311.24,75933.72,0.70309,0.636930561,3.1846528050000003,0.212310187,309.04559396043896,309.04559396043896,0.0,927.1367818813169,927.1367818813169,0.0,1455.632432561698,0.0,1455.632432561698,4366.897297685094,0.0,21054.0,-0.09256456157767122,51.35541991770177
15,15,2025,1SB,1,SB,PM-Late,3,OP,PM,3.0,70,12000,1,8,75,1800,1,4,0.05,0.01,4575.0,0.0,566.0,0.0,0.0,1.0,1.0,1.0,3.66,1.83,0.17391304347826086,0.17391304347826086,30,4.135,0.592,4575.0,0.0,566.0,0.0,0.0,5141.0,6273.0,1.0,1.2,0.4021153846153846,6273.0,0.0,1.0,91.5,3362.625,0.0,424.5,0.0,0.0,3855.75,0.163716463,0.818582315,,0.08360828597145832,0.0836082938983664,141.55270392668405,707.7635196334203,69.73055848335085,74.86248579868544,1.4030271746480234,2.404408537595752,2.581364668733831,-0.17695613113807918,0.01361245330820592,281.143312614775,4202.356687385225,0.0,0.0,281.143312614775,4768.356687385225,14305.070062155675,281.143312614775,0.15619072923043056,843.4299378443251,2530.289813532975,5900.356687385225,17701.070062155675,53103.210186467026,6181.5,18544.5,55633.5,0.515125,0.49114938900000005,2.455746945,0.163716463,138.08336621218277,138.08336621218277,0.0,414.2500986365483,414.2500986365483,0.0,843.4299378443251,0.0,843.4299378443251,2530.289813532975,0.0,15423.0,-0.06855138806284074,55.51086428497414
16,16,2025,2NB,2,NB,Night,8,OP,NT,2.2,70,12000,1,8,75,1800,1,4,0.05,0.01,3220.0,0.0,398.0,0.0,0.0,1.0,1.0,1.0,3.66,1.83,0.17391304347826086,0.17391304347826086,30,4.103,0.708,3220.0,0.0,398.0,0.0,0.0,3618.0,4414.0,1.0,1.2,0.28294871794871795,4414.0,0.0,1.0,64.4,2366.7,0.0,298.5,0.0,0.0,2713.5,0.117777617,0.588888085,,0.17391276872830883,0.1739127688425321,112.56457794917397,562.8228897458698,69.98928120294222,74.63501246977299,0.24319435123048902,1.768606926319731,1.886003081203968,-0.11739615488423705,0.0003956498208649074,411.5993497492885,2744.0006502507113,0.0,0.0,411.5993497492885,3142.0006502507113,25136.00520200569,411.5993497492885,0.22866630541627136,3292.794797994308,7244.148555587478,3938.0006502507113,31504.00520200569,69308.81144441252,4349.599999999999,34796.799999999996,76552.96,0.3624666666666666,0.2591107574,1.295553787,0.117777617,106.64981925888564,106.64981925888564,0.0,853.1985540710851,853.1985540710851,0.0,3292.794797994308,0.0,3292.794797994308,7244.148555587478,0.0,28944.0,-0.06224600376012898,60.1949614701465
17,17,2025,2NB,2,NB,AM-Early,1,OP,AM,2.2,70,12000,1,8,75,1800,1,4,0.05,0.01,3086.0,0.0,381.0,0.0,0.0,1.0,1.0,1.0,3.66,1.83,0.17391304347826086,0.17391304347826086,30,4.155,0.715,3377.977659988643,0.0,417.04779275945333,0.0,0.0,3795.0254527480965,4629.121038267003,1.0,1.2,0.29673852809403867,4629.121038267003,0.0,1.0,67.55955319977286,2482.8135800916525,0.0,312.78584456959,0.0,0.0,2846.269089561072,0.169543156,0.84771578,,0.10978357781655176,0.10978357808473944,153.36045984516102,766.8022992258052,69.97888175814435,74.90449933833764,0.6127745477043849,1.7622439394964318,1.8862833569734407,-0.12403941747700897,0.0007796276250423031,272.57215787398343,3037.845948914887,0.0,0.0,272.57215787398343,3454.89374167434,3454.89374167434,272.57215787398343,0.15142897659665747,272.57215787398343,599.6587473227636,4288.989327193247,4288.989327193247,9435.776519825144,4561.56148506723,4561.56148506723,10035.435267147906,0.3801301237556025,0.37299494320000004,1.8649747160000003,0.169543156,101.66803654410789,101.66803654410789,0.0,101.66803654410789,101.66803654410789,0.0,272.57215787398343,0.0,272.57215787398343,599.6587473227636,0.0,3795.0254527480965,-0.06575863431039936,82.010941093669
18,18,2025,2NB,2,NB,AM-Peak,2,Peak,AM,2.2,70,12000,1,8,75,1800,1,4,0.05,0.01,6362.0,0.0,786.0,0.0,0.0,1.0,1.0,1.0,3.66,1.83,0.17391304347826086,0.17391304347826086,30,4.155,0.715,6362.0,0.0,786.0,0.0,0.0,7148.0,8720.0,1.0,1.2,0.558974358974359,8720.0,0.0,1.0,127.24000000000001,4676.07,0.0,589.5,0.0,0.0,5361.0,0.167837166,0.83918583,,0.14220811810621933,0.14220817044069933,137.05365740633133,685.2682870316565,67.2289678349428,72.28764486693628,1.2712291103786657,1.8260381873414113,1.9634393365086285,-0.13740114916721713,0.10648331958824969,664.975114832949,5569.7848851670515,0.0,0.0,664.975114832949,6355.7848851670515,12711.569770334103,664.975114832949,0.36943061935163835,1329.950229665898,2925.8905052649757,7927.7848851670515,15855.569770334103,34882.25349473503,8592.76,17185.52,37808.14400000001,0.7160633333333334,0.36924176520000007,1.8462088260000002,0.167837166,245.53658521499082,245.53658521499082,0.0,491.07317042998164,491.07317042998164,0.0,1329.950229665898,0.0,1329.950229665898,2925.8905052649757,0.0,14296.0,-0.06997982907459861,73.29072588573867
19,19,2025,2NB,2,NB,AM-Shoulder,1,OP,AM,2.2,70,12000,1,8,75,1800,1,4,0.05,0.01,7274.0,0.0,899.0,0.0,0.0,1.0,1.0,1.0,3.66,1.83,0.17391304347826086,0.17391304347826086,30,4.155,0.715,7274.0,0.0,899.0,0.0,0.0,8173.0,9971.0,1.0,1.2,0.6391666666666667,9971.0,0.0,1.0,145.48,5346.39,0.0,674.25,0.0,0.0,6129.75,0.174664118,0.8733205900000001,,0.16304804678173326,0.16304816420456147,128.65510545627785,643.2755272813894,63.10304811741592,68.05905435245604,0.6799345151213517,1.9394921257120952,2.0918165435429907,-0.15232441783089556,0.2823600932253257,871.718446833391,6256.80155316661,0.0,0.0,871.718446833391,7155.80155316661,7155.80155316661,871.718446833391,0.48428802601855053,871.718446833391,1917.7805830334603,8953.80155316661,8953.80155316661,19698.363416966542,9825.52,9825.52,21616.144000000004,0.8187933333333334,0.38426105960000007,1.9213052980000003,0.174664118,334.9674540530651,334.9674540530651,0.0,334.9674540530651,334.9674540530651,0.0,871.718446833391,0.0,871.718446833391,1917.7805830334603,0.0,8173.0,-0.07281920505939675,68.79952163437319
20,20,2025,2NB,2,NB,MD,5,OP,MD,2.2,70,12000,1,8,75,1800,1,4,0.05,0.01,7621.0,0.0,942.0,0.0,0.0,1.0,1.0,1.0,3.66,1.83,0.17391304347826086,0.17391304347826086,30,4.136,0.708,7621.0,0.0,942.0,0.0,0.0,8563.0,10447.0,1.0,1.2,0.6696794871794872,10447.0,0.0,1.0,152.42000000000002,5601.4349999999995,0.0,706.5,0.0,0.0,6422.25,0.415252552,2.07626276,,0.13706223838694748,0.1370622833992147,135.67716956032663,678.3858478016332,59.36337207777135,70.20548917150666,1.0398138624214688,1.880194861651545,2.223593360347996,-0.3433984986964511,0.46289433224818355,767.745219278991,6700.834780721008,0.0,0.0,767.745219278991,7642.834780721008,38214.17390360504,767.745219278991,0.4265251218216617,3838.726096394955,8445.197412068903,9526.834780721008,47634.17390360504,104795.1825879311,10294.58,51472.899999999994,113240.38,0.8578816666666667,0.9135556144000001,4.567778072,0.415252552,701.3779555010815,701.3779555010815,0.0,3506.8897775054074,3506.8897775054074,0.0,3838.726096394955,0.0,3838.726096394955,8445.197412068903,0.0,42815.0,-0.15443403673534475,72.5546361285169
21,21,2025,2NB,2,NB,PM-Shoulder,1,OP,PM,2.2,70,12000,1,8,75,1800,1,4,0.05,0.01,8273.0,0.0,1022.0,0.0,0.0,1.0,1.0,1.0,3.66,1.83,0.17391304347826086,0.17391304347826086,30,4.135,0.592,9927.6,0.0,1226.3999999999999,0.0,0.0,11154.0,13606.8,1.0,1.2,0.8722307692307691,13606.8,0.0,1.0,198.55200000000002,7296.786,0.0,919.8,0.0,0.0,8365.5,1.419297409,7.096487045,,0.1739130287779169,0.17391297836078737,93.52635558695468,467.63177793477337,31.1294154598588,52.015904664808204,0.749194694560994,2.537685364709339,4.24036230844788,-1.702676943738541,3.225867791145026,1269.006153604301,8460.0418463957,0.0,0.0,1269.006153604301,9686.441846395699,9686.441846395699,1269.006153604301,0.7050034186690561,1269.006153604301,2791.8135379294627,12139.2418463957,12139.2418463957,26706.33206207054,13408.248000000001,13408.248000000001,29498.145600000003,1.1173540000000002,3.1224542998,15.612271499000002,1.419297409,3962.4137207944095,3962.4137207944095,0.0,3962.4137207944095,3962.4137207944095,0.0,1269.006153604301,0.0,1269.006153604301,2791.8135379294627,0.0,11154.0,-0.4015404392087854,50.01409389676721
22,22,2025,2NB,2,NB,PM-Peak,3,Peak,PM,2.2,70,12000,1,8,75,1800,1,4,0.05,0.01,7207.0,0.0,891.0,0.0,0.0,1.0,1.0,1.0,3.66,1.83,0.17391304347826086,0.17391304347826086,30,4.135,0.592,8648.4,0.0,1069.2,0.0,0.0,9717.6,11856.0,1.0,1.2,0.76,11856.0,0.0,1.0,172.968,6356.573999999999,0.0,801.9000000000001,0.0,0.0,7288.200000000001,1.202351064,6.01175532,,0.11337743630731492,0.11337745194015973,127.81528693665503,639.0764346832751,45.168477961401805,70.70419495989057,2.3730548313071296,1.8669330734178025,2.9223920299638846,-1.0554589565460821,1.4202485096219506,720.6920638177339,7754.739936182265,0.0,0.0,720.6920638177339,8823.939936182265,26471.819808546796,720.6920638177339,0.40038447989874104,2162.076191453202,4756.567621197044,10962.339936182267,32887.0198085468,72351.44357880297,11683.032000000001,35049.096000000005,77108.01120000001,0.9735860000000001,2.6451723408,13.225861704000001,1.202351064,1906.354713444738,1906.354713444738,0.0,5719.064140334214,5719.064140334214,0.0,2162.076191453202,0.0,2162.076191453202,4756.567621197044,0.0,29152.800000000003,-0.3611626864993625,68.35042082174066
23,23,2025,2NB,2,NB,PM-Late,3,OP,PM,2.2,70,12000,1,8,75,1800,1,4,0.05,0.01,7436.0,0.0,919.0,0.0,0.0,1.0,1.0,1.0,3.66,1.83,0.17391304347826086,0.17391304347826086,30,4.135,0.592,8915.553501283344,0.0,1101.8549848950233,0.0,0.0,10017.408486178367,12221.118455968415,1.0,1.2,0.7834050292287446,12221.118455968415,0.0,1.0,178.31107002566688,6552.931823443258,0.0,826.3912386712675,0.0,0.0,7513.056364633775,0.187399184,0.93699592,,0.17391304310867287,0.17391303605191488,34.07125590928889,170.35627954644443,45.7860820356989,58.25632975162323,0.673239769089285,2.2658482016080326,2.882972163835313,-0.6171239622272804,1.366243293025808,1139.6403146986815,7597.602116558996,0.0,0.0,1139.6403146986815,8699.45710145402,26098.37130436206,1139.6403146986815,0.6331335081659342,3418.920944096045,7521.6260770112995,10903.167071244066,32709.501213732197,71960.90267021084,12042.807385942748,36128.422157828245,79482.52874722214,1.0035672821618957,0.41227820480000005,2.061391024,0.187399184,469.84886306167954,469.84886306167954,0.0,1409.5465891850386,1409.5465891850386,0.0,3418.920944096045,0.0,3418.920944096045,7521.6260770112995,0.0,30052.2254585351,-0.2140582451570743,18.21992294614379
24,24,2025,2SB,2,SB,Night,8,OP,NT,2.2,70,12000,1,8,75,1800,1,4,0.05,0.01,2585.0,0.0,319.0,0.0,0.0,1.0,1.0,1.0,3.66,1.83,0.17391304347826086,0.17391304347826086,30,4.103,0.708,2585.0,0.0,319.0,0.0,0.0,2904.0,3542.0,1.0,1.2,0.22705128205128206,3542.0,0.0,1.0,51.7,1899.9750000000001,0.0,239.25,0.0,0.0,2178.0,0.147646003,0.738230015,,0.1325547706073004,0.13255477068939167,133.2186826606147,666.0934133030736,69.99776458070413,74.93938984774556,0.0,1.761423468594881,1.8857745070960117,-0.1243510385011306,8.250329296472078e-05,251.8507502846056,2281.4492497153947,0.0,0.0,251.8507502846056,2600.4492497153947,20803.593997723157,251.8507502846056,0.13991708349144755,2014.8060022768448,4432.573205009059,3238.4492497153947,25907.593997723157,56996.706794990954,3490.3,27922.4,61429.28000000001,0.29085833333333333,0.3248212066,1.6241060330000001,0.147646003,81.80646459056089,81.80646459056089,0.0,654.4517167244871,654.4517167244871,0.0,2014.8060022768448,0.0,2014.8060022768448,4432.573205009059,0.0,23232.0,-0.06594162665430467,71.23993725166561
25,25,2025,2SB,2,SB,AM-Early,1,OP,AM,2.2,70,12000,1,8,75,1800,1,4,0.05,0.01,6971.0,0.0,862.0,0.0,0.0,1.0,1.0,1.0,3.66,1.83,0.17391304347826086,0.17391304347826086,30,4.155,0.715,8147.258889613546,0.0,1007.4504608875163,0.0,0.0,9154.709350501062,11169.610272276095,1.0,1.2,0.7160006584792369,11169.610272276095,0.0,1.0,162.94517779227093,5988.235283865955,0.0,755.5878456656372,0.0,0.0,6866.032012875796,0.795369856,3.9768492799999997,,0.1256270463835923,0.12562707863846076,144.79595579573686,723.9797789786843,52.92796607282165,70.3011414023887,1.2659668355111307,1.8776366552067802,2.493955649427111,-0.6163189942203307,0.8332906682865705,752.2843117620923,7232.029400059182,0.0,0.0,752.2843117620923,8239.479860946698,8239.479860946698,752.2843117620923,0.417935728756718,752.2843117620923,1655.0254858766032,10254.380782721732,10254.380782721732,22559.637721987812,11006.665094483824,11006.665094483824,24214.663207864414,0.9172220912069853,1.7498136832000002,8.749068416,0.7953698559999999,1316.357382378004,1316.357382378004,0.0,1316.357382378004,1316.357382378004,0.0,752.2843117620923,0.0,752.2843117620923,1655.0254858766032,0.0,9154.709350501062,-0.2471250819403729,77.43099240413736
26,26,2025,2SB,2,SB,AM-Peak,2,Peak,AM,2.2,70,12000,1,8,75,1800,1,4,0.05,0.01,9309.0,0.0,1150.0,0.0,0.0,1.0,1.0,1.0,3.66,1.83,0.17391304347826086,0.17391304347826086,30,4.155,0.715,9455.81123003775,0.0,1168.1365253564736,0.0,0.0,10623.947755394223,12960.220806107172,1.0,1.2,0.83078338500687,12960.220806107172,0.0,1.0,189.116224600755,6950.021254077747,0.0,876.1023940173552,0.0,0.0,7967.9608165456675,1.233788573,6.168942865,,0.17266613861254074,0.17266594636198063,125.17747850226917,625.8873925113459,37.820020956029474,55.361315239149675,1.1454622761881585,2.3843364166798913,3.490214882574142,-1.1058784658942509,2.1981658176980035,1200.0333332166924,8066.661672220303,0.0,0.0,1200.0333332166924,9234.798197576776,18469.596395153552,1200.0333332166924,0.6666851851203847,2400.066666433385,5280.146666153447,11571.071248289725,23142.14249657945,50912.713492474795,12771.104581506417,25542.209163012834,56192.860158628246,1.0642587151255347,2.7143348606,13.571674303000002,1.233788573,3257.292310232084,3257.292310232084,0.0,6514.584620464168,6514.584620464168,0.0,2400.066666433385,0.0,2400.066666433385,5280.146666153447,0.0,21247.895510788447,-0.31685111177986586,66.93982807607978
27,27,2025,2SB,2,SB,AM-Shoulder,1,OP,AM,2.2,70,12000,1,8,75,1800,1,4,0.05,0.01,8274.0,0.0,1023.0,0.0,0.0,1.0,1.0,1.0,3.66,1.83,0.17391304347826086,0.17391304347826086,30,4.155,0.715,9179.199134694492,0.0,1134.9191098371361,0.0,0.0,10314.118244531628,12583.956464205901,1.0,1.2,0.8066638759106347,12583.956464205901,0.0,1.0,183.58398269388985,6746.711364000452,0.0,851.1893323778521,0.0,0.0,7735.588683398721,0.683611767,3.418058835,,0.17391298779576167,0.17391287210401513,93.8015696454664,469.00784822733203,41.956898247642975,56.69155822233157,0.6935722858273587,2.3283889901619146,3.14608575736209,-0.8176967672001756,1.7267089161574922,1173.3407311089372,7822.274420891665,0.0,0.0,1173.3407311089372,8957.1935307288,8957.1935307288,1173.3407311089372,0.6518559617271874,1173.3407311089372,2581.349608439662,11227.031750403074,11227.031750403074,24699.469850886762,12400.372481512011,12400.372481512011,27280.819459326423,1.0333643734593343,1.5039458874000002,7.5197294370000005,0.683611767,1764.6409670701958,1764.6409670701958,0.0,1764.6409670701958,1764.6409670701958,0.0,1173.3407311089372,0.0,1173.3407311089372,2581.349608439662,0.0,10314.118244531628,-0.25990924287003314,50.161267190088985
28,28,2025,2SB,2,SB,MD,5,OP,MD,2.2,70,12000,1,8,75,1800,1,4,0.05,0.01,7694.0,0.0,951.0,0.0,0.0,1.0,1.0,1.0,3.66,1.83,0.17391304347826086,0.17391304347826086,30,4.136,0.708,7694.0,0.0,951.0,0.0,0.0,8645.0,10547.0,1.0,1.2,0.6760897435897436,10547.0,0.0,1.0,153.88,5655.09,0.0,713.25,0.0,0.0,6483.75,0.188471815,0.9423590749999999,,0.1709547056761714,0.1709547785328745,122.59451441665014,612.9725720832507,60.08435427465876,65.20387243721252,0.6187204055988277,2.0244196405222437,2.196911352273157,-0.17249171175091327,0.42633998118565325,966.7642465222602,6573.35575347774,0.0,0.0,966.7642465222602,7524.35575347774,37621.7787673887,966.7642465222602,0.5370912480679223,4833.821232611301,10634.406711744863,9426.35575347774,47131.77876738869,103689.91328825513,10393.119999999999,51965.59999999999,114324.31999999999,0.8660933333333333,0.414637993,2.073189965,0.188471815,400.8571868821472,400.8571868821472,0.0,2004.285934410736,2004.285934410736,0.0,4833.821232611301,0.0,4833.821232611301,10634.406711744863,0.0,43225.0,-0.07851555392639539,65.5585638591712
29,29,2025,2SB,2,SB,PM-Shoulder,1,OP,PM,2.2,70,12000,1,8,75,1800,1,4,0.05,0.01,5126.0,0.0,634.0,0.0,0.0,1.0,1.0,1.0,3.66,1.83,0.17391304347826086,0.17391304347826086,30,4.135,0.592,6151.2,0.0,760.8,0.0,0.0,6912.0,8433.599999999999,1.0,1.2,0.5406153846153845,8433.599999999999,0.0,1.0,123.024,4521.132,0.0,570.5999999999999,0.0,0.0,5184.0,0.186849115,0.934245575,,0.11480446374672408,0.1148044762202947,127.2570590204615,636.2852951023075,67.5801916870562,73.80511443096697,1.065998647987529,1.7884939413442027,1.9532350634821043,-0.1647411221379016,0.09250346554191172,519.0461347881541,5509.129865211846,0.0,0.0,519.0461347881541,6269.929865211846,6269.929865211846,519.0461347881541,0.2883589637711967,519.0461347881541,1141.901496533939,7791.529865211845,7791.529865211845,17141.36570346606,8310.576,8310.576,18283.2672,0.6925479999999999,0.41106805300000004,2.0553402650000003,0.186849115,213.36328404454207,213.36328404454207,0.0,213.36328404454207,213.36328404454207,0.0,519.0461347881541,0.0,519.0461347881541,1141.901496533939,0.0,6912.0,-0.0843427016122737,68.05190321949813
30,30,2025,2SB,2,SB,PM-Peak,3,Peak,PM,2.2,70,12000,1,8,75,1800,1,4,0.05,0.01,7001.0,0.0,865.0,0.0,0.0,1.0,1.0,1.0,3.66,1.83,0.17391304347826086,0.17391304347826086,30,4.135,0.592,7001.0,0.0,865.0,0.0,0.0,7866.0,9596.0,1.0,1.2,0.6151282051282051,9596.0,0.0,1.0,140.02,5145.735,0.0,648.75,0.0,0.0,5899.5,0.212310187,1.061550935,,0.1404593120283495,0.1404593794082133,118.3124054961321,591.5620274806605,64.25715801883534,71.239513092197,1.4306069626529128,1.8529042980567227,2.05424584699665,-0.20134154893992728,0.23088823895683946,722.7663979801989,6138.2136020198,0.0,0.0,722.7663979801989,7003.2136020198,21009.6408060594,722.7663979801989,0.40153688776677715,2168.2991939405965,4770.2582266693125,8733.213602019801,26199.640806059404,57639.209773330695,9455.98,28367.940000000002,62409.46800000001,0.7879983333333332,0.46708241140000006,2.3354120570000005,0.21231018699999998,337.5914720474834,337.5914720474834,0.0,1012.7744161424503,1012.7744161424503,0.0,2168.2991939405965,0.0,2168.2991939405965,4770.2582266693125,0.0,23598.0,-0.09801239186356044,63.26866604071235
31,31,2025,2SB,2,SB,PM-Late,3,OP,PM,2.2,70,12000,1,8,75,1800,1,4,0.05,0.01,6368.0,0.0,787.0,0.0,0.0,1.0,1.0,1.0,3.66,1.83,0.17391304347826086,0.17391304347826086,30,4.135,0.592,6368.0,0.0,787.0,0.0,0.0,7155.0,8729.0,1.0,1.2,0.559551282051282,8729.0,0.0,1.0,127.36,4680.4800000000005,0.0,590.25,0.0,0.0,5366.25,0.163716463,0.818582315,,0.134094623593851,0.13409466765797828,120.35999793057537,601.7999896528769,67.1041993001699,72.74839723783052,0.8999832660341992,1.814472964517183,1.9670900089208843,-0.15261704440370116,0.11148474079304022,627.6272038385478,5613.012796161453,0.0,0.0,627.6272038385478,6400.012796161453,19200.038388484358,627.6272038385478,0.3486817799103043,1882.8816115156433,4142.339545334416,7974.012796161453,23922.038388484358,52628.48445466559,8601.64,25804.920000000002,56770.824,0.7168033333333332,0.36017621860000004,1.800881093,0.163716463,226.05639296905957,226.05639296905957,0.0,678.1691789071788,678.1691789071788,0.0,1882.8816115156433,0.0,1882.8816115156433,4142.339545334416,0.0,21465.0,-0.07758518609294578,64.36363525699217
32,32,2025,3NB,3,NB,Night,8,OP,NT,3.4,70,12000,1,8,75,1800,1,4,0.05,0.01,3349.0,0.0,414.0,0.0,0.0,1.0,1.0,1.0,3.66,1.83,0.17391304347826086,0.17391304347826086,30,4.103,0.708,3349.0,0.0,414.0,0.0,0.0,3763.0,4591.0,1.0,1.2,0.2942948717948718,4591.0,0.0,1.0,66.98,2461.515,0.0,310.5,0.0,0.0,2822.25,0.117777617,0.588888085,,0.17391286049079077,0.17391214360916452,113.88156167350404,569.4078083675201,69.98531973499064,74.57326675179726,0.39097738770420754,2.735564752432995,2.914897020867733,-0.17933226843473804,0.0008374900173662507,428.08911479098884,2853.930885209011,0.0,0.0,428.08911479098884,3267.930885209011,26143.44708167209,428.08911479098884,0.2378272859949938,3424.7129183279108,11644.023922314896,4095.930885209011,32767.44708167209,111409.3200776851,4524.02,36192.16,123053.344,0.3770016666666667,0.4004438978,2.002219489,0.117777617,171.4256737326552,171.4256737326552,0.0,1371.4053898612417,1371.4053898612417,0.0,3424.7129183279108,0.0,3424.7129183279108,11644.023922314896,0.0,30104.0,-0.061522677182383884,39.40538466211212
33,33,2025,3NB,3,NB,AM-Early,1,OP,AM,3.4,70,12000,1,8,75,1800,1,4,0.05,0.01,3209.0,0.0,397.0,0.0,0.0,1.0,1.0,1.0,3.66,1.83,0.17391304347826086,0.17391304347826086,30,4.155,0.715,3376.102139045185,0.0,417.6729664072728,0.0,0.0,3793.775105452458,4629.121038267003,1.0,1.2,0.29673852809403867,4629.121038267003,0.0,1.0,67.5220427809037,2481.435072198211,0.0,313.2547248054546,0.0,0.0,2845.3313290893434,0.169543156,0.84771578,,0.10979308664137132,0.10979308691297927,153.35490721525082,766.7745360762542,69.97887680532654,74.90468456276773,0.9475725493180694,2.7234611718984616,2.915165394373296,-0.1917042224748342,0.0012051617199865768,272.44441587679563,3036.135680387486,0.0,0.0,272.44441587679563,3453.8086467947587,3453.8086467947587,272.44441587679563,0.151358008820442,272.44441587679563,926.3110139811051,4289.154579609304,4289.154579609304,14583.125570671633,4561.5989954861,4561.5989954861,15509.436584652738,0.38013324962384165,0.5764467303999999,2.882233652,0.169543156,157.04969274791668,157.04969274791668,0.0,157.04969274791668,157.04969274791668,0.0,272.44441587679563,0.0,272.44441587679563,926.3110139811051,0.0,3793.775105452458,-0.06576101062562419,53.06398173538091
34,34,2025,3NB,3,NB,AM-Peak,2,Peak,AM,3.4,70,12000,1,8,75,1800,1,4,0.05,0.01,6617.0,0.0,818.0,0.0,0.0,1.0,1.0,1.0,3.66,1.83,0.17391304347826086,0.17391304347826086,30,4.155,0.715,6617.0,0.0,818.0,0.0,0.0,7435.0,9071.0,1.0,1.2,0.581474358974359,9071.0,0.0,1.0,132.34,4863.495,0.0,613.5,0.0,0.0,5576.25,0.167837166,0.83918583,,0.1483911378420212,0.14839121099230201,134.4242846352184,672.1214231760921,66.3555818091192,71.38245925006885,1.881123239400813,2.857844940384332,3.0743457360804034,-0.2165007956960716,0.21928222985872436,721.6995569389809,5762.960443061019,0.0,0.0,721.6995569389809,6580.960443061019,13161.920886122038,721.6995569389809,0.40094419829943384,1443.3991138779618,4907.55698718507,8216.96044306102,16433.92088612204,55875.33101281493,8938.66,17877.32,60782.888,0.7448883333333334,0.5706463644,2.853231822,0.167837166,411.8352283563203,411.8352283563203,0.0,823.6704567126405,823.6704567126405,0.0,1443.3991138779618,0.0,1443.3991138779618,4907.55698718507,0.0,14870.0,-0.07042174637524551,46.51359329938354
35,35,2025,3NB,3,NB,AM-Shoulder,1,OP,AM,3.4,70,12000,1,8,75,1800,1,4,0.05,0.01,7565.0,0.0,935.0,0.0,0.0,1.0,1.0,1.0,3.66,1.83,0.17391304347826086,0.17391304347826086,30,4.155,0.715,7565.0,0.0,935.0,0.0,0.0,8500.0,10370.0,1.0,1.2,0.6647435897435897,10370.0,0.0,1.0,151.3,5560.275,0.0,701.25,0.0,0.0,6375.0,0.174664118,0.8733205900000001,,0.17014174896777728,0.17014146140428968,126.06880272671535,630.3440136335769,61.152268195023694,65.89796002503651,0.9558075459773612,3.095695222166128,3.3359351340724372,-0.24023991190630944,0.5776597051078105,946.0349132418078,6467.665086758192,0.0,0.0,946.0349132418078,7402.665086758192,7402.665086758192,946.0349132418078,0.5255749518010043,946.0349132418078,3216.518705022146,9272.665086758192,9272.665086758192,31527.06129497785,10218.7,10218.7,34743.579999999994,0.8515583333333334,0.5938580012,2.969290006,0.174664118,561.8104026431954,561.8104026431954,0.0,561.8104026431954,561.8104026431954,0.0,946.0349132418078,0.0,946.0349132418078,3216.518705022146,0.0,8500.0,-0.07201576237276226,43.622423088828846
36,36,2025,3NB,3,NB,MD,5,OP,MD,3.4,70,12000,1,8,75,1800,1,4,0.05,0.01,7925.0,0.0,980.0,0.0,0.0,1.0,1.0,1.0,3.66,1.83,0.17391304347826086,0.17391304347826086,30,4.136,0.708,7925.0,0.0,980.0,0.0,0.0,8905.0,10865.0,1.0,1.2,0.6964743589743589,10865.0,0.0,1.0,158.5,5824.875,0.0,735.0,0.0,0.0,6678.75,0.415252552,2.07626276,,0.1517793209961263,0.15177938859848736,129.59482586843896,647.9741293421948,56.95507379589716,67.41226108726238,1.373721166191656,3.026155727604663,3.581770444737716,-0.5556147171330532,0.914454080719243,884.0955723873111,6882.404427612689,0.0,0.0,884.0955723873111,7862.404427612689,39312.02213806345,884.0955723873111,0.4911642068818395,4420.477861936555,15029.624730584288,9822.404427612688,49112.02213806344,166980.8752694157,10706.499999999998,53532.49999999999,182010.5,0.8922083333333332,1.4118586767999999,7.059293384,0.415252552,1248.2180049954875,1248.2180049954875,0.0,6241.090024977438,6241.090024977438,0.0,4420.477861936555,0.0,4420.477861936555,15029.624730584288,0.0,44525.0,-0.15512292753137044,44.84250030049791
37,37,2025,3NB,3,NB,PM-Shoulder,1,OP,PM,3.4,70,12000,1,8,75,1800,1,4,0.05,0.01,8604.0,0.0,1063.0,0.0,0.0,1.0,1.0,1.0,3.66,1.83,0.17391304347826086,0.17391304347826086,30,4.135,0.592,9758.637742596484,0.0,1205.6522455113973,0.0,0.0,10964.289988107881,13375.594479130676,1.0,1.2,0.8574099025083767,13375.594479130676,0.0,1.0,195.17275485192968,7172.598740808415,0.0,904.239184133548,0.0,0.0,8223.217491080912,1.419297409,7.096487045,,0.1735805243904331,0.17357941915974165,109.0216182518524,545.1080912592621,33.48584498572378,53.19815671632346,1.1465992228744857,3.8347193322471664,6.092126392120985,-2.2574070598738185,4.353641728634322,1245.0234506716847,8318.44153707287,0.0,0.0,1245.0234506716847,9524.093782584267,9524.093782584267,1245.0234506716847,0.6916796948176026,1245.0234506716847,4233.079732283728,11935.398273607061,11935.398273607061,40580.35413026401,13180.421724278745,13180.421724278745,44813.43386254774,1.0983684770232287,4.825611190599999,24.128055953,1.419297409,6007.999096120708,6007.999096120708,0.0,6007.999096120708,6007.999096120708,0.0,1245.0234506716847,0.0,1245.0234506716847,4233.079732283728,0.0,10964.289988107881,-0.37054501410104496,37.72374333974132
38,38,2025,3NB,3,NB,PM-Peak,3,Peak,PM,3.4,70,12000,1,8,75,1800,1,4,0.05,0.01,7495.0,0.0,926.0,0.0,0.0,1.0,1.0,1.0,3.66,1.83,0.17391304347826086,0.17391304347826086,30,4.135,0.592,8994.0,0.0,1111.2,0.0,0.0,10105.2,12327.6,1.0,1.2,0.7902307692307693,12327.6,0.0,1.0,179.88,6610.59,0.0,833.4000000000001,0.0,0.0,7578.900000000001,1.202351064,6.01175532,,0.13928809449986104,0.13928810670875882,118.68177111672239,593.4088555836119,42.00158334546838,65.80083198558276,2.8822888126894988,3.1002647511310686,4.8569597560661935,-1.7566950049351249,2.6614634372392563,920.7764846198364,7893.343515380164,0.0,0.0,920.7764846198364,9004.543515380165,27013.63054614049,920.7764846198364,0.5115424914554647,2762.329453859509,9391.92014312233,11226.943515380164,33680.830546140496,114514.82385687769,12147.720000000001,36443.16,123906.74400000002,1.01231,4.0879936176,20.439968087999997,1.202351064,3764.1283923620554,3764.1283923620554,0.0,11292.385177086166,11292.385177086166,0.0,2762.329453859509,0.0,2762.329453859509,9391.92014312233,0.0,30315.600000000002,-0.36168613559975804,41.06635678779322
39,39,2025,3NB,3,NB,PM-Late,3,OP,PM,3.4,70,12000,1,8,75,1800,1,4,0.05,0.01,7734.0,0.0,956.0,0.0,0.0,1.0,1.0,1.0,3.66,1.83,0.17391304347826086,0.17391304347826086,30,4.135,0.592,8240.502897951135,0.0,1018.6088402432487,0.0,0.0,9259.111738194384,11296.329418680882,1.0,1.2,0.7241236806846719,11296.329418680882,0.0,1.0,164.8100579590227,6056.769629994084,0.0,763.9566301824365,0.0,0.0,6944.333803645788,0.187399184,0.93699592,,0.1739130407769393,0.17391285061046927,73.02059203451623,365.10296017258116,54.610177652022706,61.99560756827644,0.9619293529272965,3.290555702278304,3.7355674119921867,-0.4450117097138828,1.1251559258578672,1053.351223637689,7022.341616354423,0.0,0.0,1053.351223637689,8040.950456597672,24122.851369793018,1053.351223637689,0.5851951242431606,3160.0536709130665,10744.182481104426,10078.168137084169,30234.504411252507,102797.31499825852,11131.519360721857,33394.558082165575,113541.49747936294,0.9276266133934881,0.6371572256,3.1857861279999997,0.187399184,671.150343235355,671.150343235355,0.0,2013.451029706065,2013.451029706065,0.0,3160.0536709130665,0.0,3160.0536709130665,10744.182481104426,0.0,27777.335214583152,-0.1191282770818897,25.266640842393155
40,40,2025,3SB,3,SB,Night,8,OP,NT,3.4,70,12000,1,8,75,1800,1,4,0.05,0.01,2688.0,0.0,332.0,0.0,0.0,1.0,1.0,1.0,3.66,1.83,0.17391304347826086,0.17391304347826086,30,4.103,0.708,2688.0,0.0,332.0,0.0,0.0,3020.0,3684.0,1.0,1.2,0.23615384615384616,3684.0,0.0,1.0,53.76,1975.6799999999998,0.0,249.0,0.0,0.0,2265.0,0.147646003,0.738230015,,0.13207200878930087,0.1320720089024663,133.43148867137552,667.1574433568775,69.99693130858506,74.9299982885919,0.0,2.722541100485505,2.914413477651692,-0.1918723771661872,0.00017503581138972812,260.93202632484594,2373.307973675154,0.0,0.0,260.93202632484594,2705.307973675154,21642.46378940123,260.93202632484594,0.14496223684713663,2087.4562105987675,7097.351116035809,3369.307973675154,26954.46378940123,91645.17688396417,3630.24,29041.92,98742.52799999998,0.30251999999999996,0.5019964102,2.5099820509999997,0.147646003,130.98694052128454,130.98694052128454,0.0,1047.8955241702763,1047.8955241702763,0.0,2087.4562105987675,0.0,2087.4562105987675,7097.351116035809,0.0,24160.0,-0.06583567453194378,46.170065284212974
41,41,2025,3SB,3,SB,AM-Early,1,OP,AM,3.4,70,12000,1,8,75,1800,1,4,0.05,0.01,7250.0,0.0,896.0,0.0,0.0,1.0,1.0,1.0,3.66,1.83,0.17391304347826086,0.17391304347826086,30,4.155,0.715,8700.0,0.0,1075.2,0.0,0.0,9775.2,11925.6,1.0,1.2,0.7644615384615385,11925.6,0.0,1.0,174.0,6394.5,0.0,806.4000000000001,0.0,0.0,7331.400000000001,0.795369856,3.9768492799999997,,0.15770700899986498,0.15770661352949156,130.68734873219407,653.4367436609703,47.64273903570866,63.225456722010485,1.3754553742363744,3.2265484596963314,4.2818696852651605,-1.0553212255688291,1.8735900402418415,1008.4574690496366,7517.5425309503635,0.0,0.0,1008.4574690496366,8592.742530950363,8592.742530950363,1008.4574690496366,0.5602541494720203,1008.4574690496366,3428.7553947687643,10743.142530950365,10743.142530950365,36526.68460523124,11751.600000000002,11751.600000000002,39955.44,0.9793000000000002,2.7042575103999997,13.521287551999999,0.795369856,2727.128684596455,2727.128684596455,0.0,2727.128684596455,2727.128684596455,0.0,1008.4574690496366,0.0,1008.4574690496366,3428.7553947687643,0.0,9775.2,-0.24646271445401938,45.22053589349275
42,42,2025,3SB,3,SB,AM-Peak,2,Peak,AM,3.4,70,12000,1,8,75,1800,1,4,0.05,0.01,9681.0,0.0,1197.0,0.0,0.0,1.0,1.0,1.0,3.66,1.83,0.17391304347826086,0.17391304347826086,30,4.155,0.715,9882.253973990726,0.0,1221.8838970010224,0.0,0.0,11104.137870991748,13547.905664993794,1.0,1.2,0.8684554913457561,13547.905664993794,0.0,1.0,197.6450794798145,7263.4566708831835,0.0,916.4129227507668,0.0,0.0,8328.103403243811,1.233788573,6.168942865,,0.1739130418076775,0.17391301434200215,84.56750801434005,422.83754007170035,31.726928317068246,52.306772863707934,1.8031779585550853,3.900068553866789,6.429869225324703,-2.529800671457914,4.816349410123415,1263.2098436715612,8421.39905083935,0.0,0.0,1263.2098436715612,9643.282947840373,19286.565895680746,1263.2098436715612,0.7017832464842007,2526.4196873431224,8589.826936966616,12087.050741842419,24174.101483684837,82191.94504452845,13350.26058551398,26700.52117102796,90781.77198149505,1.1125217154594982,4.1948811481999995,20.974405740999998,1.233788573,5299.015159438501,5299.015159438501,0.0,10598.030318877001,10598.030318877001,0.0,2526.4196873431224,0.0,2526.4196873431224,8589.826936966616,0.0,22208.275741983496,-0.3934451203912567,29.262113499771647
43,43,2025,3SB,3,SB,AM-Shoulder,1,OP,AM,3.4,70,12000,1,8,75,1800,1,4,0.05,0.01,8605.0,0.0,1064.0,0.0,0.0,1.0,1.0,1.0,3.66,1.83,0.17391304347826086,0.17391304347826086,30,4.155,0.715,9573.928169783529,0.0,1183.8070392387767,0.0,0.0,10757.735209022305,13125.34928749986,1.0,1.2,0.8413685440705038,13125.34928749986,0.0,1.0,191.47856339567056,7036.837204790893,0.0,887.8552794290825,0.0,0.0,8068.301406766728,0.683611767,3.418058835,,0.17391302174012657,0.17391302634920272,62.94655890430432,314.7327945215216,36.15288401650526,54.26187210666471,1.1180909510449735,3.7595459220240155,5.64270335685711,-1.8831574348330946,3.737932170322813,1223.7976217785301,8158.651984609327,0.0,0.0,1223.7976217785301,9342.459023848103,9342.459023848103,1223.7976217785301,0.679887567654739,1223.7976217785301,4160.911914047002,11710.073102325658,11710.073102325658,39814.248547907235,12933.870724104188,12933.870724104188,43975.160461954234,1.0778225603420157,2.3242800078,11.621400039,0.683611767,2844.4483458930235,2844.4483458930235,0.0,2844.4483458930235,2844.4483458930235,0.0,1223.7976217785301,0.0,1223.7976217785301,4160.911914047002,0.0,10757.735209022305,-0.33373319767813936,21.780816229863085
44,44,2025,3SB,3,SB,MD,5,OP,MD,3.4,70,12000,1,8,75,1800,1,4,0.05,0.01,8002.0,0.0,989.0,0.0,0.0,1.0,1.0,1.0,3.66,1.83,0.17391304347826086,0.17391304347826086,30,4.136,0.708,8002.0,0.0,989.0,0.0,0.0,8991.0,10969.0,1.0,1.2,0.7031410256410257,10969.0,0.0,1.0,160.04,5881.47,0.0,741.75,0.0,0.0,6743.25,0.188471815,0.9423590749999999,,0.17391304202760746,0.17391298948248674,97.24193232196126,486.20966160980623,57.24879063748531,63.21044696191252,0.9339150518755728,3.227314626060472,3.5633940512697064,-0.3360794252092343,0.889278421668069,1022.8643392941125,6819.095660705888,0.0,0.0,1022.8643392941125,7808.095660705888,39040.47830352944,1022.8643392941125,0.568257966274507,5114.3216964705625,17388.693767999914,9786.095660705887,48930.47830352944,166363.6262320001,10808.96,54044.8,183752.32,0.9007466666666666,0.640804171,3.2040208549999996,0.188471815,655.4557349868264,655.4557349868264,0.0,3277.278674934132,3277.278674934132,0.0,5114.3216964705625,0.0,5114.3216964705625,17388.693767999914,0.0,44955.0,-0.09431441495769537,33.64772744704542
45,45,2025,3SB,3,SB,PM-Shoulder,1,OP,PM,3.4,70,12000,1,8,75,1800,1,4,0.05,0.01,5331.0,0.0,659.0,0.0,0.0,1.0,1.0,1.0,3.66,1.83,0.17391304347826086,0.17391304347826086,30,4.135,0.592,6397.2,0.0,790.8,0.0,0.0,7188.0,8769.599999999999,1.0,1.2,0.5621538461538461,8769.599999999999,0.0,1.0,127.944,4701.941999999999,0.0,593.0999999999999,0.0,0.0,5391.0,0.186849115,0.934245575,,0.12500407262037588,0.12500408542662844,123.46961149810856,617.3480574905428,66.87657482559973,73.17110825287482,1.5460776658053776,2.7879856526839615,3.0503954565853557,-0.26240980390139423,0.1864703469505089,587.7618992247953,5681.494100775204,0.0,0.0,587.7618992247953,6472.294100775204,6472.294100775204,587.7618992247953,0.32653438845821964,587.7618992247953,1998.3904573643042,8053.894100775204,8053.894100775204,27383.239942635693,8641.655999999999,8641.655999999999,29381.6304,0.720138,0.635286991,3.176434955,0.186849115,373.39748838296543,373.39748838296543,0.0,373.39748838296543,373.39748838296543,0.0,587.7618992247953,0.0,587.7618992247953,1998.3904573643042,0.0,7188.0,-0.08602484747834581,42.72304896128324
46,46,2025,3SB,3,SB,PM-Peak,3,Peak,PM,3.4,70,12000,1,8,75,1800,1,4,0.05,0.01,7281.0,0.0,900.0,0.0,0.0,1.0,1.0,1.0,3.66,1.83,0.17391304347826086,0.17391304347826086,30,4.135,0.592,7541.417218151965,0.0,932.1900146046929,0.0,0.0,8473.607232756658,10337.987261966044,1.0,1.2,0.6626914911516695,10337.987261966044,0.0,1.0,150.82834436303932,5542.941655341695,0.0,699.1425109535197,0.0,0.0,6355.2054245674935,0.212310187,1.061550935,,0.15981772490389537,0.15981728190184438,112.63618270941865,563.1809135470933,60.96610852010177,67.56586061729323,1.7997823103586659,3.01927627556611,3.3461213935401015,-0.3268451179739915,0.5916148805785111,885.8603246317414,6504.728549157185,0.0,0.0,885.8603246317414,7436.9185637618775,22310.75569128563,885.8603246317414,0.4921446247954119,2657.580973895224,9035.77531124376,9301.298592971263,27903.89577891379,94873.24564830688,10187.158917603005,30561.476752809012,103909.02095955065,0.8489299098002504,0.7218546358,3.609273179,0.212310187,639.4623820067154,639.4623820067154,0.0,1918.3871460201462,1918.3871460201462,0.0,2657.580973895224,0.0,2657.580973895224,9035.77531124376,0.0,25420.821698269974,-0.09767879868464624,38.97445768491995
47,47,2025,3SB,3,SB,PM-Late,3,OP,PM,3.4,70,12000,1,8,75,1800,1,4,0.05,0.01,6623.0,0.0,819.0,0.0,0.0,1.0,1.0,1.0,3.66,1.83,0.17391304347826086,0.17391304347826086,30,4.135,0.592,6623.0,0.0,819.0,0.0,0.0,7442.0,9080.0,1.0,1.2,0.5820512820512821,9080.0,0.0,1.0,132.46,4867.905,0.0,614.25,0.0,0.0,5581.5,0.163716463,0.818582315,,0.14206999051969427,0.1420700541500922,117.80970093881687,589.0485046940844,66.224218309727,71.84425445381751,1.3123072184399827,2.839475495303999,3.0804440612028565,-0.24096856589885762,0.22763693527648513,691.5832172007723,5798.956782799228,0.0,0.0,691.5832172007723,6617.956782799228,19853.870348397682,691.5832172007723,0.3842128984448735,2074.749651602317,7054.1488154478775,8255.956782799229,24767.870348397686,84210.75918455212,8947.54,26842.620000000003,91264.908,0.7456283333333334,0.5566359742,2.7831798709999997,0.163716463,384.9600978469221,384.9600978469221,0.0,1154.8802935407664,1154.8802935407664,0.0,2074.749651602317,0.0,2074.749651602317,7054.1488154478775,0.0,22326.0,-0.07822526918562639,40.764602400974695
48,48,2025,4NB,4,NB,Night,8,OP,NT,4.4,70,12000,1,8,75,1800,1,4,0.05,0.01,3091.0,0.0,382.0,0.0,0.0,1.0,1.0,1.0,3.66,1.83,0.17391304347826086,0.17391304347826086,30,4.103,0.708,3091.0,0.0,382.0,0.0,0.0,3473.0,4237.0,1.0,1.2,0.2716025641025641,4237.0,0.0,1.0,61.82,2271.8849999999998,0.0,286.5,0.0,0.0,2604.75,0.117777617,0.588888085,,0.1739129177384684,0.17391256883281037,111.40880017201519,557.0440008600759,69.99227391630085,74.68985068301356,0.4668041293081987,3.5346167864282605,3.7718448798463133,-0.23722809341805284,0.0005703425323061949,395.11014911626023,2634.0698508837395,0.0,0.0,395.11014911626023,3016.0698508837395,24128.558807069916,395.11014911626023,0.21950563839792236,3160.881192930082,13907.87724889236,3780.0698508837395,30240.558807069916,133058.45875110765,4175.179999999999,33401.439999999995,146966.336,0.34793166666666664,0.5182215148,2.591107574,0.117777617,204.75457998788227,204.75457998788227,0.0,1638.0366399030581,1638.0366399030581,0.0,3160.881192930082,0.0,3160.881192930082,13907.87724889236,0.0,27784.0,-0.06289444581499302,29.788449243854327
49,49,2025,4NB,4,NB,AM-Early,1,OP,AM,4.4,70,12000,1,8,75,1800,1,4,0.05,0.01,2962.0,0.0,366.0,0.0,0.0,1.0,1.0,1.0,3.66,1.83,0.17391304347826086,0.17391304347826086,30,4.155,0.715,3377.206038262774,0.0,417.30500000140967,0.0,0.0,3794.5110382641838,4629.121038267003,1.0,1.2,0.29673852809403867,4629.121038267003,0.0,1.0,67.54412076525549,2482.246438123139,0.0,312.9787500010573,0.0,0.0,2845.883278698138,0.169543156,0.84771578,,0.10978749114157631,0.10978749141118142,153.35817461276034,766.7908730638019,69.97887972083397,74.90457556847296,1.225845807267228,3.5244842921333706,3.7725668237784387,-0.2480825316450681,0.0015594057193182313,272.51960883665345,3037.142308660865,0.0,0.0,272.51960883665345,3454.4473086622747,3454.4473086622747,272.51960883665345,0.1513997826870297,272.51960883665345,1199.0862788812753,4289.057308665095,4289.057308665095,18871.852158126418,4561.5769175017485,4561.5769175017485,20070.93843700769,0.38013140979181237,0.7459898864000001,3.7299494320000006,0.169543156,203.29687203782757,203.29687203782757,0.0,203.29687203782757,203.29687203782757,0.0,272.51960883665345,0.0,272.51960883665345,1199.0862788812753,0.0,3794.5110382641838,-0.06575961228344776,41.004859522128434
50,50,2025,4NB,4,NB,AM-Peak,2,Peak,AM,4.4,70,12000,1,8,75,1800,1,4,0.05,0.01,6108.0,0.0,755.0,0.0,0.0,1.0,1.0,1.0,3.66,1.83,0.17391304347826086,0.17391304347826086,30,4.155,0.715,6108.0,0.0,755.0,0.0,0.0,6863.0,8373.0,1.0,1.2,0.5367307692307692,8373.0,0.0,1.0,122.16,4489.38,0.0,566.25,0.0,0.0,5147.25,0.167837166,0.83918583,,0.13627717526719488,0.1362772045542409,139.70000662245204,698.5000331122601,67.920393278875,72.98247830355693,2.6291220458176956,3.6173065938092908,3.8869032886196617,-0.26959669481037096,0.1582003625517942,611.8000251010394,5374.03997489896,0.0,0.0,611.8000251010394,6129.03997489896,12258.07994979792,611.8000251010394,0.33988890283391077,1223.6000502020788,5383.8402208891475,7639.03997489896,15278.07994979792,67223.55177911086,8250.84,16501.68,72607.392,0.68757,0.7384835304000001,3.6924176520000005,0.167837166,451.80424243542427,451.80424243542427,0.0,903.6084848708485,903.6084848708485,0.0,1223.6000502020788,0.0,1223.6000502020788,5383.8402208891475,0.0,13726.0,-0.0693602785538077,37.352942947179685
51,51,2025,4NB,4,NB,AM-Shoulder,1,OP,AM,4.4,70,12000,1,8,75,1800,1,4,0.05,0.01,6983.0,0.0,863.0,0.0,0.0,1.0,1.0,1.0,3.66,1.83,0.17391304347826086,0.17391304347826086,30,4.155,0.715,6983.0,0.0,863.0,0.0,0.0,7846.0,9572.0,1.0,1.2,0.6135897435897436,9572.0,0.0,1.0,139.66,5132.505,0.0,647.25,0.0,0.0,5884.5,0.174664118,0.8733205900000001,,0.15577421428715002,0.15577430010937773,131.44181281310694,657.2090640655347,64.72070916675112,69.82509992837501,1.4733205470921455,3.780875362452831,4.079065316169687,-0.29818995371685597,0.42146234029532836,799.5119336998689,6043.8280663001315,0.0,0.0,799.5119336998689,6906.8280663001315,6906.8280663001315,799.5119336998689,0.44417329649992715,799.5119336998689,3517.8525082794235,8632.828066300131,8632.828066300131,37984.44349172058,9432.34,9432.34,41502.296,0.7860283333333333,0.7685221192000001,3.8426105960000005,0.174664118,614.4426056127132,614.4426056127132,0.0,614.4426056127132,614.4426056127132,0.0,799.5119336998689,0.0,799.5119336998689,3517.8525082794235,0.0,7846.0,-0.07310251996574095,35.144869736124846
52,52,2025,4NB,4,NB,MD,5,OP,MD,4.4,70,12000,1,8,75,1800,1,4,0.05,0.01,7316.0,0.0,904.0,0.0,0.0,1.0,1.0,1.0,3.66,1.83,0.17391304347826086,0.17391304347826086,30,4.136,0.708,7316.0,0.0,904.0,0.0,0.0,8220.0,10028.0,1.0,1.2,0.6428205128205128,10028.0,0.0,1.0,146.32,5377.26,0.0,678.0,0.0,0.0,6165.0,0.415252552,2.07626276,,0.11979149356030162,0.11979150770747185,143.82956336565607,719.1478168282805,61.41269928346112,72.31061117930327,2.4135759700355,3.6509164518797768,4.298785154866122,-0.6478687029863455,0.722478519309444,644.1500066620675,6525.529993337933,0.0,0.0,644.1500066620675,7429.529993337933,37147.64996668966,644.1500066620675,0.35786111481225974,3220.7500333103376,14171.300146565487,9237.529993337932,46187.649966689656,203225.6598534345,9881.68,49408.399999999994,217396.96,0.8234733333333334,1.8271112288000002,9.135556144,0.415252552,1176.9337102038585,1176.9337102038585,0.0,5884.668551019293,5884.668551019293,0.0,3220.7500333103376,0.0,3220.7500333103376,14171.300146565487,0.0,41100.0,-0.15070971905934252,38.45710250418612
53,53,2025,4NB,4,NB,PM-Shoulder,1,OP,PM,4.4,70,12000,1,8,75,1800,1,4,0.05,0.01,7941.0,0.0,982.0,0.0,0.0,1.0,1.0,1.0,3.66,1.83,0.17391304347826086,0.17391304347826086,30,4.135,0.592,8352.424838516437,0.0,1032.8776213856115,0.0,0.0,9385.302459902048,11451.057702673272,1.0,1.2,0.7340421604277738,11451.057702673272,0.0,1.0,167.04849677032874,6139.0322563095815,0.0,774.6582160392086,0.0,0.0,7038.976844926536,1.419297409,7.096487045,,0.06954081183304242,0.0695408242278539,150.0094005627985,750.0470028139924,46.43906038362244,74.12120723040853,4.144447525236909,3.561733677371797,5.684869543422207,-2.1231358660504096,2.621414131631281,426.91328697300247,7758.463054773106,0.0,0.0,426.91328697300247,8791.340676158718,8791.340676158718,426.91328697300247,0.23717404831833472,426.91328697300247,1878.418462681211,10857.09591892994,10857.09591892994,47771.22204329174,11284.009205902941,11284.009205902941,49649.64050597295,0.9403341004919118,6.2449085996,31.224542998000004,1.419297409,2666.034457101206,2666.034457101206,0.0,2666.034457101206,2666.034457101206,0.0,426.91328697300247,0.0,426.91328697300247,1878.418462681211,0.0,9385.302459902048,-0.37347134350814204,40.10946539112259
54,54,2025,4NB,4,NB,PM-Peak,3,Peak,PM,4.4,70,12000,1,8,75,1800,1,4,0.05,0.01,6919.0,0.0,855.0,0.0,0.0,1.0,1.0,1.0,3.66,1.83,0.17391304347826086,0.17391304347826086,30,4.135,0.592,8302.8,0.0,1026.0,0.0,0.0,9328.8,11380.8,1.0,1.2,0.7295384615384615,11380.8,0.0,1.0,166.05599999999998,6102.558,0.0,769.5,0.0,0.0,6996.599999999999,1.202351064,6.01175532,,0.08278500080708136,0.08278501346653609,142.00397215498884,710.0198607749443,48.10427161445056,73.57699815410515,5.867178109842195,3.588077886067854,5.488078109069511,-1.9000002230016575,2.3518098665680878,505.2002689552608,7631.543731044739,0.0,0.0,505.2002689552608,8657.543731044738,25972.631193134213,505.2002689552608,0.280666816086256,1515.6008068657825,6668.643550209444,10709.543731044738,32128.631193134213,141365.97724979054,11214.743999999999,33644.231999999996,148034.62079999998,0.9345619999999999,5.2903446816,26.451723408000003,1.202351064,2672.6835560103536,2672.6835560103536,0.0,8018.050668031061,8018.050668031061,0.0,1515.6008068657825,0.0,1515.6008068657825,6668.643550209444,0.0,27986.399999999998,-0.34620502573783474,37.96897651202911
55,55,2025,4NB,4,NB,PM-Late,3,OP,PM,4.4,70,12000,1,8,75,1800,1,4,0.05,0.01,7138.0,0.0,882.0,0.0,0.0,1.0,1.0,1.0,3.66,1.83,0.17391304347826086,0.17391304347826086,30,4.135,0.592,7138.0,0.0,882.0,0.0,0.0,8020.0,9784.0,1.0,1.2,0.6271794871794871,9784.0,0.0,1.0,142.76,5246.43,0.0,661.5,0.0,0.0,6015.0,0.187399184,0.93699592,,0.15156120512433785,0.1515612966170801,114.96388658333332,574.8194329166666,63.68705197952967,69.85084418066259,1.6051648158165082,3.779481881667586,4.145269592394621,-0.3657877107270351,0.5121621987234886,795.1552534004799,6200.08474659952,0.0,0.0,795.1552534004799,7082.08474659952,21246.25423979856,795.1552534004799,0.44175291855582216,2385.4657602014395,10496.049344886334,8846.084746599521,26538.254239798564,116768.31865511369,9641.240000000002,28923.72,127264.36800000002,0.8034366666666668,0.8245564096000001,4.122782048,0.187399184,655.6503608184779,655.6503608184779,0.0,1966.9510824554336,1966.9510824554336,0.0,2385.4657602014395,0.0,2385.4657602014395,10496.049344886334,0.0,24060.0,-0.0882422005550979,30.739007107843133
56,56,2025,4SB,4,SB,Night,8,OP,NT,4.4,70,12000,1,8,75,1800,1,4,0.05,0.01,2482.0,0.0,307.0,0.0,0.0,1.0,1.0,1.0,3.66,1.83,0.17391304347826086,0.17391304347826086,30,4.103,0.708,2482.0,0.0,307.0,0.0,0.0,2789.0,3403.0,1.0,1.2,0.21814102564102564,3403.0,0.0,1.0,49.64,1824.27,0.0,230.25,0.0,0.0,2091.75,0.147646003,0.738230015,,0.1330018312023582,0.13300183126134493,133.02239138007346,665.1119569003673,69.99837990646157,74.94790286310852,0.0,3.5224467919028095,3.7715158601210725,-0.24906906821826302,0.00011958550872664413,242.631250607526,2189.728749392474,0.0,0.0,242.631250607526,2496.728749392474,19973.829995139793,242.631250607526,0.13479513922640332,1941.050004860208,8540.620021384915,3110.728749392474,24885.829995139793,109497.6519786151,3353.36,26826.88,118038.27200000003,0.2794466666666667,0.6496424132,3.2482120660000002,0.147646003,157.62355116240715,157.62355116240715,0.0,1260.9884092992572,1260.9884092992572,0.0,1941.050004860208,0.0,1941.050004860208,8540.620021384915,0.0,22312.0,-0.06603951234882716,35.567484326222846
57,57,2025,4SB,4,SB,AM-Early,1,OP,AM,4.4,70,12000,1,8,75,1800,1,4,0.05,0.01,6693.0,0.0,827.0,0.0,0.0,1.0,1.0,1.0,3.66,1.83,0.17391304347826086,0.17391304347826086,30,4.155,0.715,8031.599999999999,0.0,992.4,0.0,0.0,9024.0,11008.8,1.0,1.2,0.7056923076923076,11008.8,0.0,1.0,160.632,5903.226,0.0,744.3,0.0,0.0,6768.0,0.795369856,3.9768492799999997,,0.11746282082880391,0.11746284119169777,149.0456388717109,745.2281943585544,53.92287378270039,71.38242665921862,2.711444209398507,3.698389258470326,4.895881496670098,-1.197492238199772,1.540500507580892,693.4095779499368,7177.558422050063,0.0,0.0,693.4095779499368,8169.958422050063,8169.958422050063,693.4095779499368,0.38522754330552045,693.4095779499368,3051.002142979722,10154.758422050063,10154.758422050063,44680.93705702028,10848.168,10848.168,47731.9392,0.904014,3.4996273664000004,17.498136832,0.7953698559999999,2426.675135117473,2426.675135117473,0.0,2426.675135117473,2426.675135117473,0.0,693.4095779499368,0.0,693.4095779499368,3051.002142979722,0.0,9024.0,-0.2445917530917034,39.851775099387936
58,58,2025,4SB,4,SB,AM-Peak,2,Peak,AM,4.4,70,12000,1,8,75,1800,1,4,0.05,0.01,8936.0,0.0,1104.0,0.0,0.0,1.0,1.0,1.0,3.66,1.83,0.17391304347826086,0.17391304347826086,30,4.155,0.715,10723.199999999999,0.0,1324.8,0.0,0.0,12047.999999999998,14697.599999999999,1.0,1.2,0.942153846153846,14697.599999999999,0.0,1.0,214.46399999999997,7881.552,0.0,993.5999999999999,0.0,0.0,9035.999999999998,1.233788573,6.168942865,,0.17391301058155725,0.1739129949139137,40.34876504614502,201.7438252307251,21.12187781618002,46.83206734334643,2.5291804888083678,5.6371630589036394,12.498888701920608,-6.861725643016968,11.956620378774092,1370.7044363750938,9138.031563624905,0.0,0.0,1370.7044363750938,10462.831563624904,20925.66312724981,1370.7044363750938,0.7615024646528299,2741.4088727501876,12062.199040100826,13112.431563624905,26224.86312724981,115389.39775989918,14483.135999999999,28966.271999999997,127451.5968,1.2069279999999998,5.4286697212,27.143348606000004,1.233788573,7441.101670463984,7441.101670463984,0.0,14882.203340927968,14882.203340927968,0.0,2741.4088727501876,0.0,2741.4088727501876,12062.199040100826,0.0,24095.999999999996,-0.5489868584846731,10.788439851910434
59,59,2025,4SB,4,SB,AM-Shoulder,1,OP,AM,4.4,70,12000,1,8,75,1800,1,4,0.05,0.01,7943.0,0.0,982.0,0.0,0.0,1.0,1.0,1.0,3.66,1.83,0.17391304347826086,0.17391304347826086,30,4.155,0.715,9531.6,0.0,1178.3999999999999,0.0,0.0,10710.0,13066.8,1.0,1.2,0.8376153846153845,13066.8,0.0,1.0,190.632,7005.726000000001,0.0,883.8,0.0,0.0,8032.5,0.683611767,3.418058835,,0.1739130427178544,0.17391302729356964,65.65497542355084,328.2748771177542,36.778249133370366,54.52673784289523,1.4402385306272245,4.8416613654872975,7.178155736632452,-2.3364943711451547,4.667216216329317,1218.3871251075834,8122.580874892417,0.0,0.0,1218.3871251075834,9300.980874892417,9300.980874892417,1218.3871251075834,0.6768817361708797,1218.3871251075834,5360.903350473367,11657.780874892418,11657.780874892418,51294.235849526645,12876.168000000001,12876.168000000001,56655.13920000001,1.0730140000000001,3.0078917748000005,15.039458874000001,0.683611767,3664.7766121333193,3664.7766121333193,0.0,3664.7766121333193,3664.7766121333193,0.0,1218.3871251075834,0.0,1218.3871251075834,5360.903350473367,0.0,10710.0,-0.32550065182081067,17.554806262981508
60,60,2025,4SB,4,SB,MD,5,OP,MD,4.4,70,12000,1,8,75,1800,1,4,0.05,0.01,7386.0,0.0,913.0,0.0,0.0,1.0,1.0,1.0,3.66,1.83,0.17391304347826086,0.17391304347826086,30,4.136,0.708,7386.0,0.0,913.0,0.0,0.0,8299.0,10125.0,1.0,1.2,0.6490384615384616,10125.0,0.0,1.0,147.72,5428.71,0.0,684.75,0.0,0.0,6224.25,0.188471815,0.9423590749999999,,0.16291045513554586,0.16291044412617708,125.41857544551097,627.0928772275548,62.297615012960804,67.6835084757818,1.3844447097703296,3.900507020768039,4.2377224223604015,-0.3372154015923625,0.6388225757766077,884.3936168988891,6353.88638310111,0.0,0.0,884.3936168988891,7266.88638310111,36334.43191550555,884.3936168988891,0.4913297871660495,4421.968084494446,19456.659571775563,9092.886383101111,45464.43191550556,200043.50042822448,9977.28,49886.4,219500.16000000003,0.8314400000000001,0.829275986,4.14637993,0.188471815,733.4063886659326,733.4063886659326,0.0,3667.0319433296627,3667.0319433296627,0.0,4421.968084494446,0.0,4421.968084494446,19456.659571775563,0.0,41495.0,-0.07957467903349232,33.53437846136657
61,61,2025,4SB,4,SB,PM-Shoulder,1,OP,PM,4.4,70,12000,1,8,75,1800,1,4,0.05,0.01,4922.0,0.0,608.0,0.0,0.0,1.0,1.0,1.0,3.66,1.83,0.17391304347826086,0.17391304347826086,30,4.135,0.592,5906.4,0.0,729.6,0.0,0.0,6636.0,8095.2,1.0,1.2,0.5189230769230769,8095.2,0.0,1.0,118.128,4341.204,0.0,547.2,0.0,0.0,4977.0,0.186849115,0.934245575,,0.10397052771271065,0.10397054077414936,131.69310836039529,658.4655418019764,68.15274302439731,74.25600241044677,2.257067564275588,3.5552681457419655,3.873651863219846,-0.3183837174778805,0.1400459097540462,451.3572707885303,5336.914729211469,0.0,0.0,451.3572707885303,6066.51472921147,6066.51472921147,451.3572707885303,0.2507540393269613,451.3572707885303,1985.9719914695334,7525.71472921147,7525.71472921147,33113.144808530466,7977.072,7977.072,35099.116799999996,0.664756,0.8221361060000001,4.110680530000001,0.186849115,371.0771090208699,371.0771090208699,0.0,371.0771090208699,371.0771090208699,0.0,451.3572707885303,0.0,451.3572707885303,1985.9719914695334,0.0,6636.0,-0.0821921351531148,35.21206105892922
62,62,2025,4SB,4,SB,PM-Peak,3,Peak,PM,4.4,70,12000,1,8,75,1800,1,4,0.05,0.01,6721.0,0.0,831.0,0.0,0.0,1.0,1.0,1.0,3.66,1.83,0.17391304347826086,0.17391304347826086,30,4.135,0.592,8040.015556999646,0.0,994.0861371621344,0.0,0.0,9034.10169416178,11022.27396848605,1.0,1.2,0.7065560236209006,11022.27396848605,0.0,1.0,160.8003111399929,5909.411434394739,0.0,745.5646028716008,0.0,0.0,6775.576270621335,0.212310187,1.061550935,,0.17391298283413886,0.17391150912478734,104.56227995500143,522.8113997750072,56.83866192074141,63.020859511678374,1.8984711128820249,4.189089168977111,4.644725809487465,-0.45563664051035424,1.1964172161406852,1027.7233693497562,6851.491876509896,0.0,0.0,1027.7233693497562,7845.5780136720305,23536.73404101609,1027.7233693497562,0.5709574274165312,3083.1701080492685,13565.948475416782,9833.7502879963,29501.2508639889,129805.50380155117,10861.473657346056,32584.420972038166,143371.45227696796,0.905122804778838,0.9341648228000001,4.670824114000001,0.212310187,960.0630192160341,960.0630192160341,0.0,2880.1890576481023,2880.1890576481023,0.0,3083.1701080492685,0.0,3083.1701080492685,13565.948475416782,0.0,27102.30508248534,-0.09809764003284248,27.957828864973642
63,63,2025,4SB,4,SB,PM-Late,3,OP,PM,4.4,70,12000,1,8,75,1800,1,4,0.05,0.01,6114.0,0.0,756.0,0.0,0.0,1.0,1.0,1.0,3.66,1.83,0.17391304347826086,0.17391304347826086,30,4.135,0.592,6114.0,0.0,756.0,0.0,0.0,6870.0,8382.0,1.0,1.2,0.5373076923076923,8382.0,0.0,1.0,122.28,4493.79,0.0,567.0,0.0,0.0,5152.5,0.163716463,0.818582315,,0.12594623866182633,0.12594626569231507,123.13640206264016,615.6820103132007,67.80370557937235,73.43041140684926,1.89355529239928,3.595240649507995,3.8935925071374813,-0.29835185762948635,0.16736459192120662,565.9759478361285,5425.744052163872,0.0,0.0,565.9759478361285,6181.744052163872,18545.232156491616,565.9759478361285,0.3144310821311825,1697.9278435083856,7470.882511436897,7693.744052163872,23081.232156491616,101557.42148856312,8259.720000000001,24779.160000000003,109028.30400000002,0.6883100000000001,0.7203524372000001,3.601762186,0.163716463,407.70215342033526,407.70215342033526,0.0,1223.1064602610059,1223.1064602610059,0.0,1697.9278435083856,0.0,1697.9278435083856,7470.882511436897,0.0,20610.0,-0.07662636937033526,32.92417167450271
64,64,2025,5NB,5,NB,Night,8,OP,NT,3.0,70,8000,1,8,75,1800,1,4,0.05,0.01,1592.0,0.0,197.0,0.0,0.0,1.0,1.0,1.0,3.66,1.83,0.2448979591836735,0.2448979591836735,30,4.103,0.708,1592.0,0.0,197.0,0.0,0.0,1789.0,2183.0,1.0,1.2,0.1881896551724138,2183.0,0.0,1.0,31.84,1170.1200000000001,0.0,147.75,0.0,0.0,1341.75,0.117777617,0.588888085,,0.21430355856686542,0.214303558586929,105.99975632166979,529.998781608349,69.9991893001757,74.95445911213777,0.0,2.4014581938441557,2.571458352583352,-0.17000015873919638,4.080018204954232e-05,250.7608799502606,1309.3991200497394,0.0,0.0,250.7608799502606,1506.3991200497394,12051.192960397915,250.7608799502606,0.139311599972367,2006.0870396020848,6018.261118806255,1900.3991200497394,15203.192960397915,45609.578881193745,2151.16,17209.28,51627.84,0.268895,0.353332851,1.766664255,0.117777617,88.60205663209432,88.60205663209432,0.0,708.8164530567545,708.8164530567545,0.0,2006.0870396020848,0.0,2006.0870396020848,6018.261118806255,0.0,14312.0,-0.0661104071813607,41.5685318908509
65,65,2025,5NB,5,NB,AM-Early,1,OP,AM,3.0,70,8000,1,8,75,1800,1,4,0.05,0.01,2313.0,0.0,286.0,0.0,0.0,1.0,1.0,1.0,3.66,1.83,0.2448979591836735,0.2448979591836735,30,4.155,0.715,2411.847763551736,0.0,298.2224212606124,0.0,0.0,2710.0701848123485,3306.515027333573,1.0,1.2,0.28504439890806665,3306.515027333573,0.0,1.0,48.236955271034724,1772.708106210526,0.0,223.6668159454593,0.0,0.0,2032.5526386092615,0.169543156,0.84771578,,0.11401185018593257,0.11401185020396262,150.94381949623352,754.7190974811676,69.96402653881144,74.9719472036282,1.1950520143170864,2.400898025378872,2.5727507249764683,-0.1718526995975962,0.0018113503606186879,202.10973102866274,2161.5010772520386,0.0,0.0,202.10973102866274,2459.723498512651,2459.723498512651,202.10973102866274,0.11228318390481264,202.10973102866274,606.3291930859882,3056.1683410338755,3056.1683410338755,9168.505023101627,3258.2780720625383,3258.2780720625383,9774.834216187615,0.4072847590078173,0.508629468,2.54314734,0.169543156,102.79896497073182,102.79896497073182,0.0,102.79896497073182,102.79896497073182,0.0,202.10973102866274,0.0,202.10973102866274,606.3291930859882,0.0,2710.0701848123485,-0.06679726019673672,59.1936547044053
66,66,2025,5NB,5,NB,AM-Peak,2,Peak,AM,3.0,70,8000,1,8,75,1800,1,4,0.05,0.01,4412.0,0.0,545.0,0.0,0.0,1.0,1.0,1.0,3.66,1.83,0.2448979591836735,0.2448979591836735,30,4.155,0.715,4412.0,0.0,545.0,0.0,0.0,4957.0,6047.0,1.0,1.2,0.5212931034482758,6047.0,0.0,1.0,88.24,3242.82,0.0,408.75,0.0,0.0,3717.75,0.167837166,0.83918583,,0.19732194513736087,0.19732197900817067,117.17006433606925,585.8503216803462,67.0785908353093,73.04427875681435,2.0353439628764067,2.464258708053951,2.683419519678555,-0.219160811624604,0.15342759910247747,639.8795501303366,3683.8804498696636,0.0,0.0,639.8795501303366,4228.880449869664,8457.760899739327,639.8795501303366,0.3554886389612981,1279.7591002606732,3839.2773007820197,5318.880449869664,10637.760899739327,31913.282699217983,5958.76,11917.52,35752.560000000005,0.744845,0.5035114980000001,2.51755749,0.167837166,322.18671082569193,322.18671082569193,0.0,644.3734216513839,644.3734216513839,0.0,1279.7591002606732,0.0,1279.7591002606732,3839.2773007820197,0.0,9914.0,-0.0816722133894506,45.949044837674215
67,67,2025,5NB,5,NB,AM-Shoulder,1,OP,AM,3.0,70,8000,1,8,75,1800,1,4,0.05,0.01,4147.0,0.0,512.0,0.0,0.0,1.0,1.0,1.0,3.66,1.83,0.2448979591836735,0.2448979591836735,30,4.155,0.715,4147.0,0.0,512.0,0.0,0.0,4659.0,5683.0,1.0,1.2,0.4899137931034483,5683.0,0.0,1.0,82.94,3048.045,0.0,384.0,0.0,0.0,3494.25,0.174664118,0.8733205900000001,,0.17459623141547942,0.17459624684082242,124.50576826272042,622.528841313602,67.99205789976688,73.99093327602034,1.4501812440630037,2.432730498593887,2.647368024444178,-0.21463752585029106,0.1040370506313809,532.1771701847949,3531.8828298152052,0.0,0.0,532.1771701847949,4043.8828298152052,4043.8828298152052,532.1771701847949,0.2956539834359972,532.1771701847949,1596.5315105543848,5067.882829815206,5067.882829815206,15203.648489445617,5600.06,5600.06,16800.18,0.7000075,0.523992354,2.61996177,0.174664118,278.8567681501893,278.8567681501893,0.0,278.8567681501893,278.8567681501893,0.0,532.1771701847949,0.0,532.1771701847949,1596.5315105543848,0.0,4659.0,-0.08107581713930943,48.82579147557664
68,68,2025,5NB,5,NB,MD,5,OP,MD,3.0,70,8000,1,8,75,1800,1,4,0.05,0.01,4546.0,0.0,562.0,0.0,0.0,1.0,1.0,1.0,3.66,1.83,0.2448979591836735,0.2448979591836735,30,4.136,0.708,4546.0,0.0,562.0,0.0,0.0,5108.0,6232.0,1.0,1.2,0.5372413793103449,6232.0,0.0,1.0,90.92,3341.31,0.0,421.5,0.0,0.0,3831.0,0.415252552,2.07626276,,0.09261831805069981,0.09261832684249813,159.80593724852338,799.0296862426169,64.20676564355776,74.81684148835615,2.4858227265324526,2.405875420817032,2.8034428801361133,-0.39756745931908144,0.3178596029293323,309.46651228598375,4145.613487714016,0.0,0.0,309.46651228598375,4707.613487714016,23538.067438570077,309.46651228598375,0.17192584015887985,1547.3325614299188,4641.997684289756,5831.613487714016,29158.067438570077,87474.20231571022,6141.08,30705.399999999994,92116.19999999998,0.767635,1.2457576559999999,6.22878828,0.415252552,385.5202769558823,385.5202769558823,0.0,1927.6013847794115,1927.6013847794115,0.0,1547.3325614299188,0.0,1547.3325614299188,4641.997684289756,0.0,25540.0,-0.14181400382224968,62.66899499942093
69,69,2025,5NB,5,NB,PM-Shoulder,1,OP,PM,3.0,70,8000,1,8,75,1800,1,4,0.05,0.01,5076.0,0.0,627.0,0.0,0.0,1.0,1.0,1.0,3.66,1.83,0.2448979591836735,0.2448979591836735,30,4.135,0.592,5076.0,0.0,627.0,0.0,0.0,5703.0,6957.0,1.0,1.2,0.5997413793103449,6957.0,0.0,1.0,101.52,3730.8599999999997,0.0,470.25,0.0,0.0,4277.25,1.419297409,7.096487045,,0.014895548750354875,0.014895553749581165,226.18001088799952,1130.9000544399978,53.567820648838136,74.9956491343668,3.7219408570982204,2.4001392357775444,3.3602263041459786,-0.9600870683684342,1.0806528938228481,55.57320701074899,4918.906792989251,0.0,0.0,55.57320701074899,5545.906792989251,5545.906792989251,55.57320701074899,0.030874003894860547,55.57320701074899,166.71962103224695,6799.906792989251,6799.906792989251,20399.72037896775,6855.48,6855.48,20566.44,0.8569349999999999,4.257892226999999,21.289461135,1.419297409,236.62472616052997,236.62472616052997,0.0,236.62472616052997,236.62472616052997,0.0,55.57320701074899,0.0,55.57320701074899,166.71962103224695,0.0,5703.0,-0.28572095492016153,88.69804348549002
70,70,2025,5NB,5,NB,PM-Peak,3,Peak,PM,3.0,70,8000,1,8,75,1800,1,4,0.05,0.01,5606.0,0.0,693.0,0.0,0.0,1.0,1.0,1.0,3.66,1.83,0.2448979591836735,0.2448979591836735,30,4.135,0.592,5918.6198376377415,0.0,731.6452992299241,0.0,0.0,6650.265136867665,8113.555735327514,1.0,1.2,0.6994444599420271,8113.555735327514,0.0,1.0,118.37239675275484,4350.1855806637395,0.0,548.7339744224431,0.0,0.0,4987.698852650748,1.202351064,6.01175532,,0.14753740224269382,0.1475374095859009,116.14690165082449,580.7345082541226,44.33275943257588,72.68765061560376,3.837309045358807,2.476349124996477,4.060202935794142,-1.583853810797665,2.039620879180831,641.8150798447527,5158.432361040233,0.0,0.0,641.8150798447527,5890.077660270157,17670.23298081047,641.8150798447527,0.35656393324708485,1925.4452395342582,5776.335718602775,7353.368258730006,22060.10477619002,66180.31432857006,7995.18333857476,23985.55001572428,71956.65004717284,0.9993979173218449,3.6070531919999995,18.03526596,1.202351064,2315.0611324277497,2315.0611324277497,0.0,6945.183397283249,6945.183397283249,0.0,1925.4452395342582,0.0,1925.4452395342582,5776.335718602775,0.0,19950.795410602994,-0.39009227761367454,45.54780456895079
71,71,2025,5NB,5,NB,PM-Late,3,OP,PM,3.0,70,8000,1,8,75,1800,1,4,0.05,0.01,4570.0,0.0,565.0,0.0,0.0,1.0,1.0,1.0,3.66,1.83,0.2448979591836735,0.2448979591836735,30,4.135,0.592,4570.0,0.0,565.0,0.0,0.0,5135.0,6265.0,1.0,1.2,0.5400862068965517,6265.0,0.0,1.0,91.4,3358.9500000000003,0.0,423.75,0.0,0.0,3851.25,0.187399184,0.93699592,,0.18510379988551243,0.1851038320099082,106.2167674347816,531.083837173908,65.95639590188513,73.19642529121101,1.4842022651568891,2.4591364849290436,2.7290757407024318,-0.2699392557733882,0.21597662190518882,621.754408625442,3856.845591374558,0.0,0.0,621.754408625442,4421.845591374558,13265.536774123675,621.754408625442,0.3454191159030233,1865.263225876326,5595.789677628978,5551.845591374558,16655.536774123677,49966.61032237103,6173.6,18520.800000000003,55562.40000000001,0.7717,0.562197552,2.8109877599999997,0.187399184,349.54880647443116,349.54880647443116,0.0,1048.6464194232935,1048.6464194232935,0.0,1865.263225876326,0.0,1865.263225876326,5595.789677628978,0.0,15405.0,-0.09891233568472123,41.65363428814965
72,72,2025,5SB,5,SB,Night,8,OP,NT,3.0,70,8000,1,8,75,1800,1,4,0.05,0.01,1472.0,0.0,182.0,0.0,0.0,1.0,1.0,1.0,3.66,1.83,0.2448979591836735,0.2448979591836735,30,4.103,0.708,1472.0,0.0,182.0,0.0,0.0,1654.0,2018.0,1.0,1.2,0.17396551724137932,2018.0,0.0,1.0,29.44,1081.92,0.0,136.5,0.0,0.0,1240.5,0.147646003,0.738230015,,0.13553170603131864,0.1355317060296847,131.92542032061073,659.6271016030536,69.99937245732008,74.99313379168022,0.0,2.4002197387831963,2.5714516242234793,-0.171231885440283,3.158232902395475e-05,146.6344633894043,1295.9255366105956,0.0,0.0,146.6344633894043,1477.9255366105956,11823.404292884765,146.6344633894043,0.08146359077189128,1173.0757071152343,3519.227121345703,1841.9255366105956,14735.404292884765,44206.212878654296,1988.56,15908.48,47725.44,0.24856999999999999,0.442938009,2.2146900449999998,0.147646003,64.94997726448614,64.94997726448614,0.0,519.5998181158891,519.5998181158891,0.0,1173.0757071152343,0.0,1173.0757071152343,3519.227121345703,0.0,13232.0,-0.06658958069724186,51.735458949259105
73,73,2025,5SB,5,SB,AM-Early,1,OP,AM,3.0,70,8000,1,8,75,1800,1,4,0.05,0.01,3483.0,0.0,430.0,0.0,0.0,1.0,1.0,1.0,3.66,1.83,0.2448979591836735,0.2448979591836735,30,4.155,0.715,4179.599999999999,0.0,516.0,0.0,0.0,4695.599999999999,5727.599999999999,1.0,1.2,0.49375862068965515,5727.599999999999,0.0,1.0,83.59199999999998,3072.006,0.0,387.0,0.0,0.0,3521.7,0.795369856,3.9768492799999997,,0.010002400692258828,0.010002622654033547,356.41971828211376,1782.098591410569,65.65828158207029,74.99877976225793,3.1132717125259894,2.400039048243055,2.7414668136723472,-0.3414277654292923,0.2329523918739731,30.727434941023272,4065.2805650589758,0.0,0.0,30.727434941023272,4581.280565058976,4581.280565058976,30.727434941023272,0.017070797189457372,30.727434941023272,92.18230482306981,5613.280565058976,5613.280565058976,16839.84169517693,5644.008,5644.008,16932.023999999998,0.7055009999999999,2.386109568,11.93054784,0.795369856,73.31902651287315,73.31902651287315,0.0,73.31902651287315,73.31902651287315,0.0,30.727434941023272,0.0,30.727434941023272,92.18230482306981,0.0,4695.599999999999,-0.12454200201385289,139.7724385420054
74,74,2025,5SB,5,SB,AM-Peak,2,Peak,AM,3.0,70,8000,1,8,75,1800,1,4,0.05,0.01,4270.0,0.0,528.0,0.0,0.0,1.0,1.0,1.0,3.66,1.83,0.2448979591836735,0.2448979591836735,30,4.155,0.715,5124.0,0.0,633.6,0.0,0.0,5757.6,7024.8,1.0,1.2,0.6055862068965517,7024.8,0.0,1.0,102.48,3766.1400000000003,0.0,475.20000000000005,0.0,0.0,4318.200000000001,1.233788573,6.168942865,,0.048729974574545996,0.04872997777540665,208.5055160028916,1042.527580014458,54.432041422156594,74.95222701466496,5.222013394191161,2.4015297099148456,3.3068757903820027,-0.9053460804671571,1.0075626899662016,183.52390644418068,4837.99609355582,0.0,0.0,183.52390644418068,5471.5960935558205,10943.192187111641,183.52390644418068,0.1019577258023226,367.04781288836136,1101.143438665084,6738.79609355582,13477.59218711164,40432.77656133492,6922.320000000001,13844.640000000001,41533.920000000006,0.8652900000000001,3.701365719,18.506828595,1.233788573,679.2890959294535,679.2890959294535,0.0,1358.578191858907,1358.578191858907,0.0,367.04781288836136,0.0,367.04781288836136,1101.143438665084,0.0,11515.2,-0.2737768630743079,81.76686902074181
75,75,2025,5SB,5,SB,AM-Shoulder,1,OP,AM,3.0,70,8000,1,8,75,1800,1,4,0.05,0.01,3240.0,0.0,400.0,0.0,0.0,1.0,1.0,1.0,3.66,1.83,0.2448979591836735,0.2448979591836735,30,4.155,0.715,3888.0,0.0,480.0,0.0,0.0,4368.0,5328.0,1.0,1.2,0.4593103448275862,5328.0,0.0,1.0,77.76,2857.68,0.0,360.0,0.0,0.0,3276.0,0.683611767,3.418058835,,0.01000104947215413,0.010001396580249334,392.11336985729974,1960.5668492864988,67.49738575783128,74.99908641429812,2.8960793230850874,2.400029235098577,2.6667699493697175,-0.26674071427114043,0.13061768777936972,28.57979905558541,3781.6602009444146,0.0,0.0,28.57979905558541,4261.660200944414,4261.660200944414,28.57979905558541,0.015877666141991896,28.57979905558541,85.73939716675623,5221.660200944414,5221.660200944414,15664.980602833242,5250.24,5250.24,15750.72,0.65628,2.050835301,10.254176505,0.683611767,58.61246079868103,58.61246079868103,0.0,58.61246079868103,58.61246079868103,0.0,28.57979905558541,0.0,28.57979905558541,85.73939716675623,0.0,4368.0,-0.1000238938248812,153.76994896364695
76,76,2025,5SB,5,SB,MD,5,OP,MD,3.0,70,8000,1,8,75,1800,1,4,0.05,0.01,4470.0,0.0,552.0,0.0,0.0,1.0,1.0,1.0,3.66,1.83,0.2448979591836735,0.2448979591836735,30,4.136,0.708,4470.0,0.0,552.0,0.0,0.0,5022.0,6126.0,1.0,1.2,0.5281034482758621,6126.0,0.0,1.0,89.4,3285.4500000000003,0.0,414.0,0.0,0.0,3766.5,0.188471815,0.9423590749999999,,0.1870859739544563,0.18708599829593403,117.35335352411677,586.7667676205838,66.61981744027338,73.28460015065535,1.4293053971130165,2.456177691219761,2.701898727977982,-0.245721036758221,0.17874411447269195,614.6616131286685,3765.9383868713317,0.0,0.0,614.6616131286685,4317.938386871332,21589.691934356662,614.6616131286685,0.3414786739603714,3073.308065643342,9219.924196930027,5421.938386871332,27109.691934356662,81329.07580306998,6036.6,30183.000000000004,90549.0,0.754575,0.565415445,2.827077225,0.188471815,347.5391695115639,347.5391695115639,0.0,1737.6958475578194,1737.6958475578194,0.0,3073.308065643342,0.0,3073.308065643342,9219.924196930027,0.0,25110.0,-0.0909438367225966,46.02092295063403
77,77,2025,5SB,5,SB,PM-Shoulder,1,OP,PM,3.0,70,8000,1,8,75,1800,1,4,0.05,0.01,4630.0,0.0,572.0,0.0,0.0,1.0,1.0,1.0,3.66,1.83,0.2448979591836735,0.2448979591836735,30,4.135,0.592,4630.0,0.0,572.0,0.0,0.0,5202.0,6346.0,1.0,1.2,0.5470689655172414,6346.0,0.0,1.0,92.60000000000001,3403.0499999999997,0.0,429.0,0.0,0.0,3901.5,0.186849115,0.934245575,,0.19066020652290117,0.19066022882413175,104.92815052716868,524.6407526358433,65.65655868973664,72.90145668382962,1.4411676950279881,2.4690864653178606,2.741538752443591,-0.2724522871257302,0.23305094799057663,648.8262158077588,3888.5737841922414,0.0,0.0,648.8262158077588,4460.573784192242,4460.573784192242,648.8262158077588,0.3604590087820882,648.8262158077588,1946.4786474232765,5604.573784192242,5604.573784192242,16813.721352576726,6253.400000000001,6253.400000000001,18760.2,0.7816750000000001,0.560547345,2.802736725,0.186849115,363.69781263743624,363.69781263743624,0.0,363.69781263743624,363.69781263743624,0.0,648.8262158077588,0.0,648.8262158077588,1946.4786474232765,0.0,5202.0,-0.09937933099901937,41.14829432437987
78,78,2025,5SB,5,SB,PM-Peak,3,Peak,PM,3.0,70,8000,1,8,75,1800,1,4,0.05,0.01,4957.0,0.0,613.0,0.0,0.0,1.0,1.0,1.0,3.66,1.83,0.2448979591836735,0.2448979591836735,30,4.135,0.592,4957.0,0.0,613.0,0.0,0.0,5570.0,6796.0,1.0,1.2,0.5858620689655173,6796.0,0.0,1.0,99.14,3643.3949999999995,0.0,459.75,0.0,0.0,4177.5,0.212310187,1.061550935,,0.20745553268974967,0.20745558728696942,101.25546329767057,506.2773164883529,63.31400532200321,71.36723223210979,2.100220825449547,2.522165906820943,2.842972879137145,-0.3208069723162019,0.3720157015607461,755.8424505241704,4102.01754947583,0.0,0.0,755.8424505241704,4715.01754947583,14145.052648427489,755.8424505241704,0.419912472513428,2267.527351572511,6802.5820547175335,5941.01754947583,17823.05264842749,53469.157945282466,6696.86,20090.58,60271.74,0.8371075,0.636930561,3.1846528050000003,0.212310187,481.4191560399746,481.4191560399746,0.0,1444.257468119924,1444.257468119924,0.0,2267.527351572511,0.0,2267.527351572511,6802.5820547175335,0.0,16710.0,-0.11284207973646526,39.70802482261591
79,79,2025,5SB,5,SB,PM-Late,3,OP,PM,3.0,70,8000,1,8,75,1800,1,4,0.05,0.01,4118.0,0.0,509.0,0.0,0.0,1.0,1.0,1.0,3.66,1.83,0.2448979591836735,0.2448979591836735,30,4.135,0.592,4118.0,0.0,509.0,0.0,0.0,4627.0,5645.0,1.0,1.2,0.4866379310344828,5645.0,0.0,1.0,82.36,3026.73,0.0,381.75,0.0,0.0,3470.25,0.163716463,0.818582315,,0.1617642115001453,0.16176422622153225,112.10566762657244,560.5283381328622,67.97820303590923,74.24302996169857,1.5679591332121394,2.4244700154729766,2.6479075933342293,-0.22343757786125273,0.1047762600107511,489.6165918738348,3546.023408126165,0.0,0.0,489.6165918738348,4055.023408126165,12165.070224378494,489.6165918738348,0.272009217707686,1468.8497756215045,4406.549326864513,5073.023408126165,15219.070224378494,45657.21067313549,5562.64,16687.92,50063.76,0.69533,0.49114938900000005,2.455746945,0.163716463,240.47488994309634,240.47488994309634,0.0,721.4246698292891,721.4246698292891,0.0,1468.8497756215045,0.0,1468.8497756215045,4406.549326864513,0.0,13881.0,-0.08438269463168897,43.96300691238135
80,80,2025,6NB,6,NB,Night,8,OP,NT,4.4,70,8000,1,8,75,1800,1,4,0.05,0.01,1554.0,0.0,192.0,0.0,0.0,1.0,1.0,1.0,3.66,1.83,0.282574568288854,0.282574568288854,30,4.103,0.708,1554.0,0.0,192.0,0.0,0.0,1746.0,2130.0,1.0,1.2,0.18362068965517242,2130.0,0.0,1.0,31.080000000000002,989.898,0.0,124.80000000000001,0.0,0.0,1134.9,0.117777617,0.588888085,,0.21584492945417538,0.21584492946318806,105.60467813867906,528.0233906933953,69.99924116760826,74.9743743825714,0.0,3.521203106716015,3.77146945590268,-0.2502663491866648,5.601172952888326e-05,213.6644639768293,1309.2555360231709,0.0,0.0,213.6644639768293,1501.2555360231709,12010.044288185367,213.6644639768293,0.1187024799871274,1709.3157118146344,7520.989131984392,1885.2555360231709,15082.044288185367,66360.99486801562,2098.92,16791.36,73881.98400000001,0.262365,0.5182215148,2.591107574,0.117777617,110.72552218100252,110.72552218100252,0.0,885.8041774480201,885.8041774480201,0.0,1709.3157118146344,0.0,1709.3157118146344,7520.989131984392,0.0,13968.0,-0.06635778232141747,28.23654495686606
81,81,2025,6NB,6,NB,AM-Early,1,OP,AM,4.4,70,8000,1,8,75,1800,1,4,0.05,0.01,2259.0,0.0,279.0,0.0,0.0,1.0,1.0,1.0,3.66,1.83,0.282574568288854,0.282574568288854,30,4.155,0.715,2412.6025344788573,0.0,297.970830951572,0.0,0.0,2710.5733654304295,3306.515027333573,1.0,1.2,0.28504439890806665,3306.515027333573,0.0,1.0,48.252050689577146,1536.8278144630322,0.0,193.6810401185218,0.0,0.0,1761.8726875297791,0.169543156,0.84771578,,0.11465392423773052,0.11465393787945939,150.58575847128097,752.928792356405,69.96155496864066,74.9818704756956,1.8768043133087973,3.5208510847375054,3.773501033793982,-0.2526499490564764,0.002839273440612297,176.20333980588146,2188.1471439833986,0.0,0.0,176.20333980588146,2486.1179749349703,2486.1179749349703,176.20333980588146,0.0978907443366008,176.20333980588146,775.2946951458784,3082.059636838115,3082.059636838115,13561.062402087706,3258.2629766439964,3258.2629766439964,14336.357097233584,0.40728287208049957,0.7459898864000001,3.7299494320000006,0.169543156,131.4459094450901,131.4459094450901,0.0,131.4459094450901,131.4459094450901,0.0,176.20333980588146,0.0,176.20333980588146,775.2946951458784,0.0,2710.5733654304295,-0.06695372461643537,40.26357178376497
82,82,2025,6NB,6,NB,AM-Peak,2,Peak,AM,4.4,70,8000,1,8,75,1800,1,4,0.05,0.01,4308.0,0.0,532.0,0.0,0.0,1.0,1.0,1.0,3.66,1.83,0.282574568288854,0.282574568288854,30,4.155,0.715,4308.0,0.0,532.0,0.0,0.0,4840.0,5904.0,1.0,1.2,0.5089655172413793,5904.0,0.0,1.0,86.16,2744.1960000000004,0.0,345.8,0.0,0.0,3146.0,0.167837166,0.83918583,,0.21035151344235337,0.2103515313955878,113.37710570544807,566.8855285272402,67.39614712659342,73.64122363310305,3.2701406058230296,3.584948578737728,3.917137867007681,-0.33218928826995286,0.19962173494338048,577.2457817824525,3644.5942182175477,0.0,0.0,577.2457817824525,4176.594218217548,8353.188436435095,577.2457817824525,0.32069210099025136,1154.491563564905,5079.762879685582,5240.594218217548,10481.188436435095,46117.22912031443,5817.84,11635.68,51196.99200000001,0.72723,0.7384835304000001,3.6924176520000005,0.167837166,426.2865028392136,426.2865028392136,0.0,852.5730056784272,852.5730056784272,0.0,1154.491563564905,0.0,1154.491563564905,5079.762879685582,0.0,9680.0,-0.08480408388681855,30.314734145841726
83,83,2025,6NB,6,NB,AM-Shoulder,1,OP,AM,4.4,70,8000,1,8,75,1800,1,4,0.05,0.01,4049.0,0.0,500.0,0.0,0.0,1.0,1.0,1.0,3.66,1.83,0.282574568288854,0.282574568288854,30,4.155,0.715,4049.0,0.0,500.0,0.0,0.0,4549.0,5549.0,1.0,1.2,0.47836206896551725,5549.0,0.0,1.0,80.98,2579.213,0.0,325.0,0.0,0.0,2956.85,0.174664118,0.8733205900000001,,0.1814780525627051,0.1814780605740179,122.17676045814383,610.8838022907191,68.19459203002846,74.35630944458646,2.3238201979093493,3.5504720711931546,3.871274717557539,-0.32080264636438427,0.13678922019668496,468.07055238441234,3499.949447615588,0.0,0.0,468.07055238441234,3999.949447615588,3999.949447615588,468.07055238441234,0.260039195769118,468.07055238441234,2059.5104304914144,4999.949447615588,4999.949447615588,21999.777569508587,5468.02,5468.02,24059.288,0.6835025,0.7685221192000001,3.8426105960000005,0.174664118,359.72257285358324,359.72257285358324,0.0,359.72257285358324,359.72257285358324,0.0,468.07055238441234,0.0,468.07055238441234,2059.5104304914144,0.0,4549.0,-0.08286744542035104,32.66758301019888
84,84,2025,6NB,6,NB,MD,5,OP,MD,4.4,70,8000,1,8,75,1800,1,4,0.05,0.01,4439.0,0.0,549.0,0.0,0.0,1.0,1.0,1.0,3.66,1.83,0.282574568288854,0.282574568288854,30,4.136,0.708,4439.0,0.0,549.0,0.0,0.0,4988.0,6086.0,1.0,1.2,0.5246551724137931,6086.0,0.0,1.0,88.78,2827.6430000000005,0.0,356.85,0.0,0.0,3242.2000000000003,0.415252552,2.07626276,,0.08247588856938254,0.08247589750207245,167.19067219213272,835.9533609606638,64.69084894044023,74.9232799145202,3.8911051832773778,3.523604416427004,4.080948145278791,-0.5573437288517868,0.4240418161748009,233.2123689819946,4117.007631018006,0.0,0.0,233.2123689819946,4666.007631018006,23330.038155090027,233.2123689819946,0.12956242721221922,1166.061844909973,5130.672117603881,5764.007631018006,28820.038155090027,126808.16788239613,5997.22,29986.1,131938.84,0.7496525,1.8271112288000002,9.135556144,0.415252552,426.1049380620512,426.1049380620512,0.0,2130.524690310256,2130.524690310256,0.0,1166.061844909973,0.0,1166.061844909973,5130.672117603881,0.0,24940.0,-0.13657211731459326,44.7033882866665
85,85,2025,6NB,6,NB,PM-Shoulder,1,OP,PM,4.4,70,8000,1,8,75,1800,1,4,0.05,0.01,4956.0,0.0,613.0,0.0,0.0,1.0,1.0,1.0,3.66,1.83,0.282574568288854,0.282574568288854,30,4.135,0.592,5947.2,0.0,735.6,0.0,0.0,6682.8,8154.0,1.0,1.2,0.7029310344827586,8154.0,0.0,1.0,118.944,3788.3664,0.0,478.14000000000004,0.0,0.0,4343.820000000001,1.419297409,7.096487045,,0.1436444317390214,0.1436444502041388,117.3240782365122,586.6203911825609,41.908368437311815,73.643507165291,4.103100789468962,3.5848374169288086,6.299457837279005,-2.714620420350196,3.4634000942150944,544.1777387472022,5284.078261252797,0.0,0.0,544.1777387472022,6019.678261252798,6019.678261252798,544.1777387472022,0.3023209659706679,544.1777387472022,2394.38205048769,7490.8782612527975,7490.8782612527975,32959.86434951231,8035.056,8035.056,35354.2464,1.0043819999999999,6.2449085996,31.224542998000004,1.419297409,3398.3402404132853,3398.3402404132853,0.0,3398.3402404132853,3398.3402404132853,0.0,544.1777387472022,0.0,544.1777387472022,2394.38205048769,0.0,6682.8,-0.43092921493744807,31.370074394789356
86,86,2025,6NB,6,NB,PM-Peak,3,Peak,PM,4.4,70,8000,1,8,75,1800,1,4,0.05,0.01,5474.0,0.0,677.0,0.0,0.0,1.0,1.0,1.0,3.66,1.83,0.282574568288854,0.282574568288854,30,4.135,0.592,6568.8,0.0,812.4,0.0,0.0,7381.2,9006.0,1.0,1.2,0.7763793103448275,9006.0,0.0,1.0,131.376,4184.3256,0.0,528.0600000000001,0.0,0.0,4797.78,1.202351064,6.01175532,,0.2611058872230012,0.2611055935545106,91.27203669678279,456.360183483914,36.52195361423977,61.791280327196915,3.401430639035317,4.272447481296202,7.228528977077158,-2.956081495780956,4.736227555738564,1092.552048217917,5344.871951782083,0.0,0.0,1092.552048217917,6157.271951782082,18471.81585534625,1092.552048217917,0.606973360121065,3277.6561446537507,14421.687036476504,7782.071951782083,23346.215855346247,102723.3497635235,8874.624,26623.871999999996,117145.0368,1.1093279999999999,5.2903446816,26.451723408000003,1.202351064,5779.976917660843,5779.976917660843,0.0,17339.93075298253,17339.93075298253,0.0,3277.6561446537507,0.0,3277.6561446537507,14421.687036476504,0.0,22143.6,-0.408946482078881,24.404287886840322
87,87,2025,6NB,6,NB,PM-Late,3,OP,PM,4.4,70,8000,1,8,75,1800,1,4,0.05,0.01,4463.0,0.0,552.0,0.0,0.0,1.0,1.0,1.0,3.66,1.83,0.282574568288854,0.282574568288854,30,4.135,0.592,4463.0,0.0,552.0,0.0,0.0,5015.0,6119.0,1.0,1.2,0.5275,6119.0,0.0,1.0,89.26,2842.931,0.0,358.8,0.0,0.0,3259.75,0.187399184,0.93699592,,0.19353191258690502,0.1935319325099424,104.27722127381288,521.3861063690644,66.34264450592171,73.8241386240913,2.3995550758326867,3.5760661068363335,3.979340919646872,-0.40327481281053856,0.2848399170590718,550.1978737826025,3823.5421262173973,0.0,0.0,550.1978737826025,4375.542126217397,13126.62637865219,550.1978737826025,0.30566548543477917,1650.5936213478076,7262.611933930354,5479.542126217397,16438.62637865219,72329.95606606963,6029.74,18089.219999999998,79592.56799999998,0.7537174999999999,0.8245564096000001,4.122782048,0.187399184,453.66918337573674,453.66918337573674,0.0,1361.0075501272102,1361.0075501272102,0.0,1650.5936213478076,0.0,1650.5936213478076,7262.611933930354,0.0,15045.0,-0.10134211191091547,27.881609966260125
88,88,2025,6SB,6,SB,Night,8,OP,NT,4.4,70,8000,1,8,75,1800,1,4,0.05,0.01,1437.0,0.0,178.0,0.0,0.0,1.0,1.0,1.0,3.66,1.83,0.282574568288854,0.282574568288854,30,4.103,0.708,1437.0,0.0,178.0,0.0,0.0,1615.0,1971.0,1.0,1.2,0.16991379310344829,1971.0,0.0,1.0,28.740000000000002,915.369,0.0,115.7,0.0,0.0,1049.75,0.147646003,0.738230015,,0.13569747913414723,0.13569747925170542,131.8543488731242,659.271744365621,69.99943544194049,74.99608993823458,0.0,3.520183521799945,3.7714589886795453,-0.25127546687960045,4.167163383405185e-05,124.21326577754522,1284.0467342224547,0.0,0.0,124.21326577754522,1462.0467342224547,11696.373873779638,124.21326577754522,0.06900736987641401,993.7061262203617,4372.306955369592,1818.0467342224547,14544.373873779638,63995.245044630414,1942.26,15538.08,68367.55200000001,0.2427825,0.6496424132,3.2482120660000002,0.147646003,80.69420573117746,80.69420573117746,0.0,645.5536458494197,645.5536458494197,0.0,993.7061262203617,0.0,993.7061262203617,4372.306955369592,0.0,12920.0,-0.06662553341659866,35.255173495487746
89,89,2025,6SB,6,SB,AM-Early,1,OP,AM,4.4,70,8000,1,8,75,1800,1,4,0.05,0.01,3401.0,0.0,420.0,0.0,0.0,1.0,1.0,1.0,3.66,1.83,0.282574568288854,0.282574568288854,30,4.155,0.715,3401.0,0.0,420.0,0.0,0.0,3821.0,4661.0,1.0,1.2,0.4018103448275862,4661.0,0.0,1.0,68.02,2166.437,0.0,273.0,0.0,0.0,2483.65,0.795369856,3.9768492799999997,,0.010000555096717484,0.010000675575731095,595.6324349776644,2978.1621748883217,69.11589573885202,74.99953776917188,3.731844056695696,3.520021694167236,3.819671251856439,-0.2996495576892029,0.06609247218617875,21.665572582067334,3311.3144274179326,0.0,0.0,21.665572582067334,3731.3144274179326,3731.3144274179326,21.665572582067334,0.01203642921225963,21.665572582067334,95.32851936109628,4571.314427417932,4571.314427417932,20113.783480638904,4592.98,4592.98,20209.112,0.5741225,3.4996273664000004,17.498136832,0.7953698560000001,75.82143071692836,75.82143071692836,0.0,75.82143071692836,75.82143071692836,0.0,21.665572582067334,0.0,21.665572582067334,95.32851936109628,0.0,3821.0,-0.07844904389181845,159.26000935231664
90,90,2025,6SB,6,SB,AM-Peak,2,Peak,AM,4.4,70,8000,1,8,75,1800,1,4,0.05,0.01,4170.0,0.0,515.0,0.0,0.0,1.0,1.0,1.0,3.66,1.83,0.282574568288854,0.282574568288854,30,4.155,0.715,5004.0,0.0,618.0,0.0,0.0,5622.0,6858.0,1.0,1.2,0.5912068965517241,6858.0,0.0,1.0,100.08,3187.5480000000002,0.0,401.7,0.0,0.0,3654.3,1.233788573,6.168942865,,0.03682672572335068,0.03682673042892087,229.0552996300772,1145.276498150386,55.820289599405356,74.98402459682598,7.9393782049427495,3.5207499386632675,4.729463101940129,-1.2087131632768617,1.3125073068008344,117.38695592601503,4786.533044073985,0.0,0.0,117.38695592601503,5404.533044073985,10809.06608814797,117.38695592601503,0.0652149755144528,234.77391185203007,1033.0052121489323,6640.533044073985,13281.06608814797,58436.690787851076,6757.92,13515.84,59469.69600000001,0.84474,5.4286697212,27.143348606000004,1.233788573,637.2550132993968,637.2550132993968,0.0,1274.5100265987935,1274.5100265987935,0.0,234.77391185203007,0.0,234.77391185203007,1033.0052121489323,0.0,11244.0,-0.25557090460881726,61.244732521411024
91,91,2025,6SB,6,SB,AM-Shoulder,1,OP,AM,4.4,70,8000,1,8,75,1800,1,4,0.05,0.01,3163.0,0.0,391.0,0.0,0.0,1.0,1.0,1.0,3.66,1.83,0.282574568288854,0.282574568288854,30,4.155,0.715,3163.0,0.0,391.0,0.0,0.0,3554.0,4336.0,1.0,1.2,0.3737931034482759,4336.0,0.0,1.0,63.26,2014.831,0.0,254.15,0.0,0.0,2310.1,0.683611767,3.418058835,,0.010000581578341229,0.010000669519920758,550.8728267009105,2754.364133504553,69.50134011020396,74.99965419526758,3.4717247050619013,3.5200162298436064,3.7984879080229477,-0.27847167817934126,0.03707129113429573,20.149481782070836,3079.590518217929,0.0,0.0,20.149481782070836,3470.590518217929,3470.590518217929,20.149481782070836,0.01119415654559491,20.149481782070836,88.65771984111169,4252.590518217929,4252.590518217929,18711.398280158886,4272.74,4272.74,18800.055999999997,0.5340925,3.0078917748000005,15.039458874000001,0.683611767,60.60746051877332,60.60746051877332,0.0,60.60746051877332,60.60746051877332,0.0,20.149481782070836,0.0,20.149481782070836,88.65771984111169,0.0,3554.0,-0.07331119248561234,147.29219965264988
92,92,2025,6SB,6,SB,MD,5,OP,MD,4.4,70,8000,1,8,75,1800,1,4,0.05,0.01,4365.0,0.0,539.0,0.0,0.0,1.0,1.0,1.0,3.66,1.83,0.282574568288854,0.282574568288854,30,4.136,0.708,4365.0,0.0,539.0,0.0,0.0,4904.0,5982.0,1.0,1.2,0.5156896551724138,5982.0,0.0,1.0,87.3,2780.505,0.0,350.35,0.0,0.0,3187.6,0.188471815,0.9423590749999999,,0.19625899754864287,0.19625901250008654,114.59249794780429,572.9624897390215,66.9556457451407,73.87022531498623,2.308214863780665,3.573835044827482,3.942908728038961,-0.36907368321147915,0.23492781455623415,545.6991239789893,3732.0008760210103,0.0,0.0,545.6991239789893,4271.00087602101,21355.004380105052,545.6991239789893,0.3031661799883274,2728.4956198949467,12005.380727537766,5349.00087602101,26745.004380105052,117678.01927246225,5894.7,29473.5,129683.40000000001,0.7368374999999999,0.829275986,4.14637993,0.188471815,452.5351790970126,452.5351790970126,0.0,2262.675895485063,2262.675895485063,0.0,2728.4956198949467,0.0,2728.4956198949467,12005.380727537766,0.0,24520.0,-0.09360441964758363,30.639705333637515
93,93,2025,6SB,6,SB,PM-Shoulder,1,OP,PM,4.4,70,8000,1,8,75,1800,1,4,0.05,0.01,4521.0,0.0,559.0,0.0,0.0,1.0,1.0,1.0,3.66,1.83,0.282574568288854,0.282574568288854,30,4.135,0.592,4521.0,0.0,559.0,0.0,0.0,5080.0,6198.0,1.0,1.2,0.5343103448275862,6198.0,0.0,1.0,90.42,2879.877,0.0,363.35,0.0,0.0,3302.0,0.186849115,0.934245575,,0.20067224348847545,0.20067226565164992,102.70077302577948,513.5038651288975,66.07992005503786,73.6011789519332,2.331759706272856,3.586899065467562,3.995162218418467,-0.4082631529509051,0.30651509637615715,577.9113785608603,3852.6686214391398,0.0,0.0,577.9113785608603,4411.668621439139,4411.668621439139,577.9113785608603,0.3210618769782557,577.9113785608603,2542.8100656677852,5529.668621439139,5529.668621439139,24330.541934332214,6107.58,6107.58,26873.352,0.7634475,0.8221361060000001,4.110680530000001,0.186849115,475.1218103831176,475.1218103831176,0.0,475.1218103831176,475.1218103831176,0.0,577.9113785608603,0.0,577.9113785608603,2542.8100656677852,0.0,5080.0,-0.10218938071368751,27.460099739513232
94,94,2025,6SB,6,SB,PM-Peak,3,Peak,PM,4.4,70,8000,1,8,75,1800,1,4,0.05,0.01,4840.0,0.0,598.0,0.0,0.0,1.0,1.0,1.0,3.66,1.83,0.282574568288854,0.282574568288854,30,4.135,0.592,4840.0,0.0,598.0,0.0,0.0,5438.0,6634.0,1.0,1.2,0.5718965517241379,6634.0,0.0,1.0,96.8,3083.08,0.0,388.7,0.0,0.0,3534.7000000000003,0.212310187,1.061550935,,0.2208206863904014,0.22082072245470385,98.54361219908114,492.7180609954057,63.983457147265014,72.47567777265506,3.4335912954399506,3.6426013265874793,4.126066514229994,-0.4834651876425151,0.4858539816379496,680.8078417965187,4062.392158203481,0.0,0.0,680.8078417965187,4660.392158203481,13981.176474610442,680.8078417965187,0.3782265787758437,2042.423525389556,8986.663511714047,5856.392158203481,17569.17647461044,77304.37648828595,6537.2,19611.6,86291.04000000001,0.8171499999999999,0.9341648228000001,4.670824114000001,0.212310187,635.9867368926954,635.9867368926954,0.0,1907.9602106780862,1907.9602106780862,0.0,2042.423525389556,0.0,2042.423525389556,8986.663511714047,0.0,16314.0,-0.11717338680196708,26.34855941151902
95,95,2025,6SB,6,SB,PM-Late,3,OP,PM,4.4,70,8000,1,8,75,1800,1,4,0.05,0.01,4021.0,0.0,497.0,0.0,0.0,1.0,1.0,1.0,3.66,1.83,0.282574568288854,0.282574568288854,30,4.135,0.592,4021.0,0.0,497.0,0.0,0.0,4518.0,5512.0,1.0,1.2,0.47517241379310343,5512.0,0.0,1.0,80.42,2561.377,0.0,323.05,0.0,0.0,2936.7000000000003,0.163716463,0.818582315,,0.16553481536788106,0.1655348236006624,111.09672914009836,555.4836457004918,68.1749132147806,74.54031503459603,2.504611377121889,3.5417075964526172,3.872392168190743,-0.33068457173812593,0.13832012756417555,423.9970687825371,3516.582931217463,0.0,0.0,423.9970687825371,4013.582931217463,12040.748793652388,423.9970687825371,0.2355539271014095,1271.9912063476113,5596.76130792949,5007.582931217463,15022.748793652388,66100.09469207052,5431.58,16294.74,71696.856,0.6789475,0.7203524372000001,3.601762186,0.163716463,305.4273218631567,305.4273218631567,0.0,916.28196558947,916.28196558947,0.0,1271.9912063476113,0.0,1271.9912063476113,5596.76130792949,0.0,13554.0,-0.08539542416558192,29.70500779147015
96,96,2025,7NB,7,NB,Night,8,OP,NT,5.6,70,6000,1,8,75,1800,1,4,0.05,0.01,769.0,0.0,95.0,0.0,0.0,1.0,1.0,1.0,3.66,1.83,0.35502958579881655,0.35502958579881655,30,4.103,0.708,769.0,0.0,95.0,0.0,0.0,864.0,1054.0,1.0,1.2,0.10979166666666666,1054.0,0.0,1.0,15.38,489.853,0.0,61.75,0.0,0.0,561.6,0.117777617,0.588888085,,0.2176459177972471,0.21764591779531428,105.14697338882164,525.734866944108,69.99997295408271,74.99841757488382,0.0,4.480094525521334,4.800001854577903,-0.3199073290565684,2.540771726309843e-06,106.61450577073488,647.0054942292651,0.0,0.0,106.61450577073488,742.0054942292651,5936.043953834121,106.61450577073488,0.0592302809837416,852.916046165879,4776.329858528922,932.0054942292651,7456.043953834121,41753.84614147108,1038.62,8308.96,46530.176,0.1731033333333333,0.6595546552,3.297773276,0.117777617,70.31809359293545,70.31809359293545,0.0,562.5447487434836,562.5447487434836,0.0,852.916046165879,0.0,852.916046165879,4776.329858528922,0.0,6912.0,-0.06664733446956138,22.08970029176925
97,97,2025,7NB,7,NB,AM-Early,1,OP,AM,5.6,70,6000,1,8,75,1800,1,4,0.05,0.01,930.0,0.0,115.0,0.0,0.0,1.0,1.0,1.0,3.66,1.83,0.35502958579881655,0.35502958579881655,30,4.155,0.715,1116.0,0.0,138.0,0.0,0.0,1254.0,1530.0,1.0,1.2,0.159375,1530.0,0.0,1.0,22.32,710.892,0.0,89.7,0.0,0.0,815.1,0.169543156,0.84771578,,0.11335309908613617,0.11335309915930247,151.31357135162006,756.5678567581003,69.9991882306377,74.99919895173858,0.0,4.480047849793882,4.8000556648303725,-0.32000781503649023,7.626081760979786e-05,80.58181131554151,1013.0981886844585,0.0,0.0,80.58181131554151,1151.0981886844584,1151.0981886844584,80.58181131554151,0.04476767295307862,80.58181131554151,451.25814336703246,1427.0981886844584,1427.0981886844584,7991.749856632966,1507.6799999999998,1507.6799999999998,8443.007999999998,0.25127999999999995,0.9494416736,4.747208368,0.169543156,76.50772979714715,76.50772979714715,0.0,76.50772979714715,76.50772979714715,0.0,80.58181131554151,0.0,80.58181131554151,451.25814336703246,0.0,1254.0,-0.06666752166670943,31.788565410004214
98,98,2025,7NB,7,NB,AM-Peak,2,Peak,AM,5.6,70,6000,1,8,75,1800,1,4,0.05,0.01,1497.0,0.0,185.0,0.0,0.0,1.0,1.0,1.0,3.66,1.83,0.35502958579881655,0.35502958579881655,30,4.155,0.715,1796.3999999999999,0.0,222.0,0.0,0.0,2018.3999999999999,2462.3999999999996,1.0,1.2,0.25649999999999995,2462.3999999999996,0.0,1.0,35.928,1144.3067999999998,0.0,144.3,0.0,0.0,1311.96,0.167837166,0.83918583,,0.11788268315644766,0.11788268586039877,148.8190316227116,744.095158113558,69.96412499722062,74.99391709856836,4.102232223291851,4.48036338145103,4.802461261587247,-0.32209788013621665,0.003371928374528343,134.89395593816852,1625.5780440618314,0.0,0.0,134.89395593816852,1847.5780440618314,3695.156088123663,134.89395593816852,0.07494108663231584,269.78791187633703,1510.8123065074874,2291.5780440618314,4583.156088123663,25665.67409349251,2426.4719999999998,4852.9439999999995,27176.486399999998,0.40441199999999994,0.9398881296,4.6994406479999995,0.167837166,126.78522794107002,126.78522794107002,0.0,253.57045588214004,253.57045588214004,0.0,269.78791187633703,0.0,269.78791187633703,1510.8123065074874,0.0,4036.7999999999997,-0.06706933436663705,31.26450244174614
99,99,2025,7NB,7,NB,AM-Shoulder,1,OP,AM,5.6,70,6000,1,8,75,1800,1,4,0.05,0.01,1769.0,0.0,219.0,0.0,0.0,1.0,1.0,1.0,3.66,1.83,0.35502958579881655,0.35502958579881655,30,4.155,0.715,1928.8458642549353,0.0,238.78871920397447,0.0,0.0,2167.6345834589097,2645.212021866859,1.0,1.2,0.2755429189444645,2645.212021866859,0.0,1.0,38.57691728509871,1228.6748155303937,0.0,155.2126674825834,0.0,0.0,1408.9624792482914,0.174664118,0.8733205900000001,,0.10887478346461961,0.10887478507202589,153.89368482707832,769.4684241353916,69.93410356731869,74.99369672868559,2.892504401117906,4.480376547052891,4.804522870255509,-0.32414632320261827,0.006196332250047198,133.77170448930306,1756.4972424805335,0.0,0.0,133.77170448930306,1995.285961684508,1995.285961684508,133.77170448930306,0.07431761360516836,133.77170448930306,749.121545140097,2472.8634000924567,2472.8634000924567,13848.035040517756,2606.6351045817596,2606.6351045817596,14597.156585657853,0.4344391840969599,0.9781190608,4.890595304,0.174664118,130.84465395669224,130.84465395669224,0.0,130.84465395669224,130.84465395669224,0.0,133.77170448930306,0.0,133.77170448930306,749.121545140097,0.0,2167.6345834589097,-0.06746691231493292,32.33060605610889
100,100,2025,7NB,7,NB,MD,5,OP,MD,5.6,70,6000,1,8,75,1800,1,4,0.05,0.01,2550.0,0.0,315.0,0.0,0.0,1.0,1.0,1.0,3.66,1.83,0.35502958579881655,0.35502958579881655,30,4.136,0.708,2550.0,0.0,315.0,0.0,0.0,2865.0,3495.0,1.0,1.2,0.3640625,3495.0,0.0,1.0,51.0,1624.3500000000001,0.0,204.75,0.0,0.0,1862.25,0.415252552,2.07626276,,0.011698864173839061,0.011698898952575927,311.3604062244045,1556.8020311220228,69.1229041283501,74.99982843128453,4.842362485198893,4.480010248394715,4.860906876483403,-0.3808966280886885,0.08344242078226174,19.00305002077548,2479.9969499792246,0.0,0.0,19.00305002077548,2794.9969499792246,13974.984749896123,19.00305002077548,0.010557250011541933,95.01525010387739,532.0854005817133,3424.9969499792246,17124.984749896124,95899.91459941829,3444.0,17220.0,96432.0,0.574,2.3254142912,11.627071456,0.415252552,44.189964094699754,44.189964094699754,0.0,220.94982047349876,220.94982047349876,0.0,95.01525010387739,0.0,95.01525010387739,532.0854005817133,0.0,14325.0,-0.07835916995888761,65.41185004714382
101,101,2025,7NB,7,NB,PM-Shoulder,1,OP,PM,5.6,70,6000,1,8,75,1800,1,4,0.05,0.01,3265.0,0.0,404.0,0.0,0.0,1.0,1.0,1.0,3.66,1.83,0.35502958579881655,0.35502958579881655,30,4.135,0.592,3265.0,0.0,404.0,0.0,0.0,3669.0,4477.0,1.0,1.2,0.4663541666666667,4477.0,0.0,1.0,65.3,2079.805,0.0,262.6,0.0,0.0,2384.85,1.419297409,7.096487045,,0.010000505543147109,0.010000508307808948,530.320763855641,2651.6038192782053,64.06864858667275,74.99960738811211,6.226011148072106,4.4800234521395375,5.244374704508643,-0.7643512523691056,0.6087933451768411,20.79910143116507,3178.9008985688347,0.0,0.0,20.79910143116507,3582.9008985688347,3582.9008985688347,20.79910143116507,0.01155505635064726,20.79910143116507,116.47496801452438,4390.900898568834,4390.900898568834,24589.04503198547,4411.699999999999,4411.699999999999,24705.519999999997,0.7352833333333332,7.9480654903999985,39.740327451999995,1.419297409,165.31262031637232,165.31262031637232,0.0,165.31262031637232,165.31262031637232,0.0,20.79910143116507,0.0,20.79910143116507,116.47496801452438,0.0,3669.0,-0.14574688031196265,111.41192517975654
102,102,2025,7NB,7,NB,PM-Peak,3,Peak,PM,5.6,70,6000,1,8,75,1800,1,4,0.05,0.01,3772.0,0.0,466.0,0.0,0.0,1.0,1.0,1.0,3.66,1.83,0.35502958579881655,0.35502958579881655,30,4.135,0.592,3943.904646962107,0.0,487.2374245716707,0.0,0.0,4431.142071533778,5405.616920677119,1.0,1.2,0.5630850959038666,5405.616920677119,0.0,1.0,78.87809293924214,2512.2672601148624,0.0,316.704325971586,0.0,0.0,2880.242346496956,1.202351064,6.01175532,,0.04840003752573466,0.048400043566317004,167.01050089333418,835.052504466671,51.40132625652627,74.98846231574778,10.770161147669695,4.480689290376862,6.536796313837119,-2.0561070234602568,2.3794109499568528,121.59382966423394,3743.4327243586313,0.0,0.0,121.59382966423394,4230.670148930302,12692.010446790908,121.59382966423394,0.06755212759124107,364.78148899270184,2042.7763383591302,5205.144998073643,15615.43499422093,87446.4359676372,5326.738827737878,15980.216483213631,89489.21230599633,0.8877898046229796,6.733165958399999,33.665829792,1.2023510640000001,818.711434646708,818.711434646708,0.0,2456.134303940124,2456.134303940124,0.0,364.78148899270184,0.0,364.78148899270184,2042.7763383591302,0.0,13293.426214601335,-0.3145435355095707,35.08623968347358
103,103,2025,7NB,7,NB,PM-Late,3,OP,PM,5.6,70,6000,1,8,75,1800,1,4,0.05,0.01,2896.0,0.0,358.0,0.0,0.0,1.0,1.0,1.0,3.66,1.83,0.35502958579881655,0.35502958579881655,30,4.135,0.592,2896.0,0.0,358.0,0.0,0.0,3254.0,3970.0,1.0,1.2,0.41354166666666664,3970.0,0.0,1.0,57.92,1844.752,0.0,232.70000000000002,0.0,0.0,2115.1,0.187399184,0.93699592,,0.12092699819020744,0.12092700087354583,124.94282431404866,624.7141215702434,68.41746956426498,74.9554814873087,4.1966428955982416,4.482660818567229,4.9110264109430855,-0.42836559237585625,0.15210618299202697,223.08032176538154,2614.9996782346184,0.0,0.0,223.08032176538154,2972.9996782346184,8918.999034703855,223.08032176538154,0.12393351209187864,669.2409652961446,3747.7494056584096,3688.9996782346184,11066.999034703855,61975.194594341585,3912.08,11736.24,65722.94399999999,0.6520133333333333,1.0494354304,5.247177152,0.187399184,234.10839348562365,234.10839348562365,0.0,702.325180456871,702.325180456871,0.0,669.2409652961446,0.0,669.2409652961446,3747.7494056584096,0.0,9762.0,-0.08722526749629013,26.2484925029514
104,104,2025,7SB,7,SB,Night,8,OP,NT,5.6,70,6000,1,8,75,1800,1,4,0.05,0.01,729.0,0.0,90.0,0.0,0.0,1.0,1.0,1.0,3.66,1.83,0.35502958579881655,0.35502958579881655,30,4.103,0.708,729.0,0.0,90.0,0.0,0.0,819.0,999.0,1.0,1.2,0.1040625,999.0,0.0,1.0,14.58,464.373,0.0,58.5,0.0,0.0,532.35,0.147646003,0.738230015,,0.13587168822991938,0.13587168825178447,131.77976248545755,658.8988124272877,69.99997546751784,74.99973992536746,0.0,4.4800155351785875,4.800001682227937,-0.3199861470493497,2.3046522743058738e-06,63.09514347839235,651.3248565216076,0.0,0.0,63.09514347839235,741.3248565216076,5930.5988521728605,63.09514347839235,0.03505285748799575,504.7611478271388,2826.6624278319773,921.3248565216076,7370.5988521728605,41275.35357216802,984.42,7875.36,44102.015999999996,0.16407,0.8268176168,4.134088083999999,0.147646003,52.16817616245842,52.16817616245842,0.0,417.3454092996674,417.3454092996674,0.0,504.7611478271388,0.0,504.7611478271388,2826.6624278319773,0.0,6552.0,-0.06666375727202392,27.68482405156671
105,105,2025,7SB,7,SB,AM-Early,1,OP,AM,5.6,70,6000,1,8,75,1800,1,4,0.05,0.01,2298.0,0.0,284.0,0.0,0.0,1.0,1.0,1.0,3.66,1.83,0.35502958579881655,0.35502958579881655,30,4.155,0.715,2298.0,0.0,284.0,0.0,0.0,2582.0,3150.0,1.0,1.2,0.328125,3150.0,0.0,1.0,45.96,1463.826,0.0,184.6,0.0,0.0,1678.3,0.795369856,3.9768492799999997,,0.0100012050829785,0.010001652559445979,655.2312705577822,3276.156352788911,69.61293914782856,74.99990364774779,4.380484111154244,4.480005755448593,4.826688890214469,-0.3466831347658763,0.0365637795938229,14.640024031796086,2237.3999759682038,0.0,0.0,14.640024031796086,2521.3999759682038,2521.3999759682038,14.640024031796086,0.008133346684331159,14.640024031796086,81.98413457805808,3089.3999759682038,3089.3999759682038,17300.63986542194,3104.04,3104.04,17382.624,0.51734,4.4540711936,22.270355967999997,0.7953698559999999,65.20770931363468,65.20770931363468,0.0,65.20770931363468,65.20770931363468,0.0,14.640024031796086,0.0,14.640024031796086,81.98413457805808,0.0,2582.0,-0.0718262856072482,137.65362826844165
106,106,2025,7SB,7,SB,AM-Peak,2,Peak,AM,5.6,70,6000,1,8,75,1800,1,4,0.05,0.01,3435.0,0.0,425.0,0.0,0.0,1.0,1.0,1.0,3.66,1.83,0.35502958579881655,0.35502958579881655,30,4.155,0.715,3435.0,0.0,425.0,0.0,0.0,3860.0,4710.0,1.0,1.2,0.490625,4710.0,0.0,1.0,68.7,2188.0950000000003,0.0,276.25,0.0,0.0,2509.0,1.233788573,6.168942865,,0.0100021457694285,0.010002784887105433,357.08212939590663,1785.410646979533,61.46154932277228,74.9995189325373,10.234378476843384,4.480028735947425,5.466832575850927,-0.9868038399035024,0.9135606289157704,21.885645147357657,3344.4143548526426,0.0,0.0,21.885645147357657,3769.4143548526426,7538.828709705285,21.885645147357657,0.012158691748532032,43.771290294715314,245.11922565040575,4619.414354852643,9238.828709705285,51737.4407743496,4641.3,9282.6,51982.560000000005,0.7735500000000001,6.9092160088,34.546080044,1.233788573,151.21264981503955,151.21264981503955,0.0,302.4252996300791,302.4252996300791,0.0,43.771290294715314,0.0,43.771290294715314,245.11922565040575,0.0,7720.0,-0.1805074192801494,75.0172540747703
107,107,2025,7SB,7,SB,AM-Shoulder,1,OP,AM,5.6,70,6000,1,8,75,1800,1,4,0.05,0.01,3333.0,0.0,412.0,0.0,0.0,1.0,1.0,1.0,3.66,1.83,0.35502958579881655,0.35502958579881655,30,4.155,0.715,3333.0,0.0,412.0,0.0,0.0,3745.0,4569.0,1.0,1.2,0.4759375,4569.0,0.0,1.0,66.66,2123.121,0.0,267.8,0.0,0.0,2434.25,0.683611767,3.418058835,,0.030676849232514597,0.030676857105058557,242.9171711281498,1214.5858556407488,63.589905429368436,74.99784475159957,6.069753577488776,4.480128743870786,5.283857520014825,-0.8037287761440393,0.6628848024203108,65.13066281938562,3201.2093371806145,0.0,0.0,65.13066281938562,3613.2093371806145,3613.2093371806145,65.13066281938562,0.036183701566325346,65.13066281938562,364.73171178855944,4437.209337180615,4437.209337180615,24848.37228821144,4502.34,4502.34,25213.104,0.75039,3.8282258952,19.141129476,0.683611767,249.33488997671188,249.33488997671188,0.0,249.33488997671188,249.33488997671188,0.0,65.13066281938562,0.0,65.13066281938562,364.73171178855944,0.0,3745.0,-0.15211022876744493,51.03301914456929
108,108,2025,7SB,7,SB,MD,5,OP,MD,5.6,70,6000,1,8,75,1800,1,4,0.05,0.01,2635.0,0.0,326.0,0.0,0.0,1.0,1.0,1.0,3.66,1.83,0.35502958579881655,0.35502958579881655,30,4.136,0.708,2635.0,0.0,326.0,0.0,0.0,2961.0,3613.0,1.0,1.2,0.37635416666666666,3613.0,0.0,1.0,52.7,1678.4950000000001,0.0,211.9,0.0,0.0,1924.65,0.188471815,0.9423590749999999,,0.11756099760211926,0.11756099879214794,144.97852548170775,724.8926274085387,69.23627768495487,74.97209081565758,3.8561689068810385,4.48166772921088,4.852947201016458,-0.3712794718055781,0.07253766539254822,197.3255466701692,2384.974453329831,0.0,0.0,197.3255466701692,2710.974453329831,13554.872266649154,197.3255466701692,0.10962530370564955,986.6277333508459,5525.1153067647365,3362.974453329831,16814.872266649152,94163.28469323524,3560.3,17801.499999999996,99688.39999999998,0.5933833333333334,1.0554421639999998,5.27721082,0.18847181499999996,208.26570199004632,208.26570199004632,0.0,1041.3285099502316,1041.3285099502316,0.0,986.6277333508459,0.0,986.6277333508459,5525.1153067647365,0.0,14805.0,-0.07650597800194756,30.45767342052684
109,109,2025,7SB,7,SB,PM-Shoulder,1,OP,PM,5.6,70,6000,1,8,75,1800,1,4,0.05,0.01,2723.0,0.0,336.0,0.0,0.0,1.0,1.0,1.0,3.66,1.83,0.35502958579881655,0.35502958579881655,30,4.135,0.592,2723.0,0.0,336.0,0.0,0.0,3059.0,3731.0,1.0,1.2,0.38864583333333336,3731.0,0.0,1.0,54.46,1734.551,0.0,218.4,0.0,0.0,1988.3500000000001,0.186849115,0.934245575,,0.09540718676151927,0.09540720131631789,135.56332138103832,677.8166069051917,68.92808386774826,74.98328295602174,4.229641568739656,4.480998787383936,4.874645879387572,-0.39364709200363546,0.10226485476097341,165.48863120438,2503.05136879562,0.0,0.0,165.48863120438,2839.05136879562,2839.05136879562,165.48863120438,0.09193812844687778,165.48863120438,926.7363347445279,3511.05136879562,3511.05136879562,19661.88766525547,3676.54,3676.54,20588.624,0.6127566666666666,1.046355044,5.23177522,0.186849115,173.1598639853588,173.1598639853588,0.0,173.1598639853588,173.1598639853588,0.0,165.48863120438,0.0,165.48863120438,926.7363347445279,0.0,3059.0,-0.08075398741643393,28.479689365764354
110,110,2025,7SB,7,SB,PM-Peak,3,Peak,PM,5.6,70,6000,1,8,75,1800,1,4,0.05,0.01,2613.0,0.0,323.0,0.0,0.0,1.0,1.0,1.0,3.66,1.83,0.35502958579881655,0.35502958579881655,30,4.135,0.592,2613.0,0.0,323.0,0.0,0.0,2936.0,3582.0,1.0,1.2,0.373125,3582.0,0.0,1.0,52.26,1664.481,0.0,209.95000000000002,0.0,0.0,1908.4,0.212310187,1.061550935,,0.057717789287264745,0.05771779471318496,158.68812644459035,793.4406322229519,69.10291112157874,74.99654164859659,6.9801572344011475,4.480206588383234,4.8623132447900215,-0.38210665640678787,0.08536914536232973,96.07016363065571,2464.669836369344,0.0,0.0,96.07016363065571,2787.669836369344,8363.009509108033,96.07016363065571,0.053372313128142064,288.21049089196714,1613.9787489950158,3433.669836369344,10301.009509108033,57685.65325100498,3529.74,10589.22,59299.632,0.58829,1.1889370472,5.944685236,0.21231018699999998,114.22137667105264,114.22137667105264,0.0,342.6641300131579,342.6641300131579,0.0,288.21049089196714,0.0,288.21049089196714,1613.9787489950158,0.0,8808.0,-0.07858536403762467,33.337841690039994
111,111,2025,7SB,7,SB,PM-Late,3,OP,PM,5.6,70,6000,1,8,75,1800,1,4,0.05,0.01,2089.0,0.0,258.0,0.0,0.0,1.0,1.0,1.0,3.66,1.83,0.35502958579881655,0.35502958579881655,30,4.135,0.592,2089.0,0.0,258.0,0.0,0.0,2347.0,2863.0,1.0,1.2,0.29822916666666666,2863.0,0.0,1.0,41.78,1330.693,0.0,167.70000000000002,0.0,0.0,1525.55,0.163716463,0.818582315,,0.08273136372883903,0.08273136801023913,142.03355037389707,710.1677518694854,69.86279434937691,74.99619952622383,3.3550368540378863,4.480227026471005,4.809426864887444,-0.3291998384164385,0.012914804895797957,110.09004659442,1937.12995340558,0.0,0.0,110.09004659442,2195.1299534055797,6585.389860216739,110.09004659442,0.0611611369969,330.27013978326,1849.512782786256,2711.1299534055797,8133.389860216739,45546.98321721374,2821.22,8463.66,47396.49599999999,0.4702033333333333,0.9168121927999999,4.584060964,0.163716463,100.93189702368437,100.93189702368437,0.0,302.7956910710531,302.7956910710531,0.0,330.27013978326,0.0,330.27013978326,1849.512782786256,0.0,7041.0,-0.06844887086647546,29.83898117098678
