,index,Year,SegDir,Segment,Direction,Period,Hours/Day,Peak,4Periods,Length,Speed GP,Capacity GP,Alpha GP,Beta GP,Speed ML,Capacity ML,Alpha ML,Beta ML,MinToll,MinCapture,AADT Lights,AADT MediumA,AADT MediumB,AADT HeavyA,AADT HeavyB,GrowthFactor,GrowthFactor_medium,GrowthFactor_heavy,MaxToll,Soft Cap,MaxCapture,MaxCap_aux,Min Speed,B1,B2,TotalLights,TotalMediumA,TotalMediumB,TotalHeavyA,TotalHeavyB,TotalVeh,Corridor PCE pre-fix,Suppressed ratio ref,Max VC,Suppressed ratio,Corridor PCE,Suppressed Demand,PCE ratio,HOV3,InScopeLights,InScopeMediumA,InScopeMediumB,InScopeHeavyA,InScopeHeavyB,InScopeVeh,TollLights,TollMediumA,TollMediumB,CaptureRateLights,CaptureRateMediumA,VOT Lights,VOT MediumA,Speed GP Real,Speed ML Real,Bounus Seg,Time ML,Time GP,Time Savings,BonusRel,MLVeh_Lights,GPVeh_Lights,MLVeh_MediumA,GPVeh_MediumA,MLVeh,GPVeh,GPVehDay,ML PCE,ML V/C,ML Volume,ML PCE Total,GP PCE,GP Volume,GP PCE Total,Highway PCE,Highway Volume,Highway PCE Total,Highway V/C,TollLightsPerSeg,TollMediumAPerSeg,TollBlend,RevenuePerHour,RevenuePerHourLights,RevenuePerHourMediumA,RevenuePerDay,RevenuePerDayLights,RevenuePerDayMediumA,TransactionsDay_Lights,TransactionsDay_MediumA,TransactionsDay,TransactionsLightsLength,TransactionsMediumALength,TotalVeh_hours,Difference in Travel Time,Implied Min VOT
0,0,2025,1NB,1,NB,Night,8,OP,NT,3.0,70,12000,1.6,6.5,75,1800,1,4,0.05,0.01,2238.0,0.0,277.0,0.0,0.0,1.0,1.0,1.0,1.83,0.915,0.13729977116704806,0.13729977116704806,30,4.103,0.708,2258.704789728038,0.0,279.5626571736669,0.0,0.0,2538.267446901705,3097.392761249039,1.0,1.2,0.19855081802878455,3097.392761249039,0.0,1.0,45.17409579456076,2102.8541592368033,0.0,265.5845243149835,0.0,0.0,2411.3540745566197,0.14496581632353156,0.7248290816176578,,0.13729672280652824,0.1372958117400559,131.1684641164736,655.842320582368,69.99109267858665,74.91131171735383,0.0,2.402841385012105,2.5717558207956066,-0.16891443578350174,0.00017933265313539368,288.71498460329036,1924.815709330187,0.0,0.0,288.71498460329036,2204.378366503854,17635.026932030833,288.71498460329036,0.16039721366849463,2309.719876826323,6929.159630478969,2763.5036808511877,22108.0294468095,66324.08834042851,3052.218665454478,24417.749323635824,73253.24797090748,0.25435155545453986,0.4348974489705947,2.1744872448529735,0.14496581632353156,125.5614102835555,125.5614102835555,0.0,1004.491282268444,1004.491282268444,0.0,2309.719876826323,0.0,2309.719876826323,6929.159630478969,0.0,20306.13957521364,-0.06568058849819025,154.4796737898723
1,1,2025,1NB,1,NB,AM-Early,1,OP,AM,3.0,70,12000,1.6,6.5,75,1800,1,4,0.05,0.01,1841.0,0.0,228.0,0.0,0.0,1.0,1.0,1.0,1.83,0.915,0.13729977116704806,0.13729977116704806,30,4.155,0.715,2209.2,0.0,273.59999999999997,0.0,0.0,2482.7999999999997,3030.0,1.0,1.2,0.19423076923076923,3030.0,0.0,1.0,44.184,2056.7651999999994,0.0,259.91999999999996,0.0,0.0,2358.66,0.15403345703661556,0.7701672851830778,,0.13729649718030704,0.13729628113988637,139.2301368497645,696.1506842488226,69.99227846715705,74.91882737451796,0.0,2.4026003383659895,2.571712250865824,-0.16911191249983437,0.0001554563316144195,282.38665748235354,1882.6293425176464,0.0,0.0,282.38665748235354,2156.2293425176463,2156.2293425176463,282.38665748235354,0.1568814763790853,282.38665748235354,847.1599724470607,2703.4293425176465,2703.4293425176465,8110.28802755294,2985.8160000000003,2985.8160000000003,8957.448,0.248818,0.4621003711098467,2.310501855549233,0.15403345703661556,130.49097921906474,130.49097921906474,0.0,130.49097921906474,130.49097921906474,0.0,282.38665748235354,0.0,282.38665748235354,847.1599724470607,0.0,2482.7999999999997,-0.06575848928778837,163.95073449729898
2,2,2025,1NB,1,NB,AM-Peak,2,Peak,AM,3.0,70,12000,1.6,6.5,75,1800,1,4,0.05,0.01,4183.0,0.0,517.0,0.0,0.0,1.0,1.0,1.0,1.83,0.915,0.13729977116704806,0.13729977116704806,30,4.155,0.715,2509.7999999999997,0.0,310.2,0.0,0.0,2819.9999999999995,3440.3999999999996,1.0,1.2,0.22053846153846152,3440.3999999999996,0.0,1.0,50.196,2336.6238,0.0,294.69,0.0,0.0,2678.9999999999995,0.15297005688569917,0.7648502844284959,,0.13729417821183568,0.13729820192821043,139.22946387145328,696.1473193572664,69.98237743513808,74.86488991653995,0.0,2.404331325413897,2.572076093968511,-0.16774476855461362,0.0003548423518869337,320.80484441121666,2138.799155588783,0.0,0.0,320.80484441121666,2448.9991555887827,4897.9983111775655,320.80484441121666,0.17822491356178705,641.6096888224333,1924.8290664673,3069.399155588783,6138.798311177566,18416.394933532698,3390.2039999999997,6780.407999999999,20341.224,0.28251699999999996,0.4589101706570975,2.2945508532854877,0.15297005688569917,147.22060589637505,147.22060589637505,0.0,294.4412117927501,294.4412117927501,0.0,641.6096888224333,0.0,641.6096888224333,1924.8290664673,0.0,5639.999999999999,-0.06521765392088251,164.14586563074397
3,3,2025,1NB,1,NB,AM-Shoulder,1,OP,AM,3.0,70,12000,1.6,6.5,75,1800,1,4,0.05,0.01,4812.0,0.0,595.0,0.0,0.0,1.0,1.0,1.0,1.83,0.915,0.13729977116704806,0.13729977116704806,30,4.155,0.715,2887.2,0.0,357.0,0.0,0.0,3244.2,3958.2,1.0,1.2,0.2537307692307692,3958.2,0.0,1.0,57.744,2687.9831999999997,0.0,339.15,0.0,0.0,3081.99,0.15136287760339337,0.7568143880169669,,0.13729864406511302,0.13729911380452847,139.22731567583654,696.1365783791827,69.95617637142907,74.76368019493367,0.0,2.407586137154838,2.5730394274881228,-0.16545329033328482,0.0008827491206342164,369.05644862980347,2460.399551370196,0.0,0.0,369.05644862980347,2817.399551370196,2817.399551370196,369.05644862980347,0.2050313603498908,369.05644862980347,1107.1693458894104,3531.399551370196,3531.399551370196,10594.198654110589,3900.4559999999997,3900.4559999999997,11701.367999999999,0.325038,0.4540886328101801,2.2704431640509006,0.15136287760339337,167.5843381880879,167.5843381880879,0.0,167.5843381880879,167.5843381880879,0.0,369.05644862980347,0.0,369.05644862980347,1107.1693458894104,0.0,3244.2,-0.06430266422104741,164.6707533813836
4,4,2025,1NB,1,NB,MD,5,OP,MD,3.0,70,12000,1.6,6.5,75,1800,1,4,0.05,0.01,5111.0,0.0,632.0,0.0,0.0,1.0,1.0,1.0,1.83,0.915,0.13729977116704806,0.13729977116704806,30,4.136,0.708,3066.6,0.0,379.2,0.0,0.0,3445.7999999999997,4204.2,1.0,1.2,0.26949999999999996,4204.2,0.0,1.0,61.332,2855.0045999999998,0.0,360.23999999999995,0.0,0.0,3273.5099999999998,0.14661348638577748,0.7330674319288875,,0.1372908997247016,0.13729838299851818,135.56787141684242,677.8393570842122,69.93516575497799,74.69955582628944,0.3160984725600372,2.409652882255179,2.5738124455247693,-0.16415956326959025,0.0013063630047165777,391.96615025216175,2613.3018497478383,0.0,0.0,391.96615025216175,2992.501849747838,14962.50924873919,391.96615025216175,0.2177589723623121,1959.8307512608087,5879.492253782426,3750.9018497478382,18754.509248739192,56263.52774621757,4142.868,20714.34,62143.02,0.345239,0.43984045915733244,2.1992022957866624,0.14661348638577748,172.4025715010428,172.4025715010428,0.0,862.0128575052139,862.0128575052139,0.0,1959.8307512608087,0.0,1959.8307512608087,5879.492253782426,0.0,17229.0,-0.06378070148624217,160.76082942606513
5,5,2025,1NB,1,NB,PM-Shoulder,1,OP,PM,3.0,70,12000,1.6,6.5,75,1800,1,4,0.05,0.01,6757.0,0.0,835.0,0.0,0.0,1.0,1.0,1.0,1.83,0.915,0.13729977116704806,0.13729977116704806,30,4.135,0.592,8108.4,0.0,1002.0,0.0,0.0,9110.4,11114.4,1.0,1.2,0.7124615384615385,11114.4,0.0,1.0,162.168,7548.9204,0.0,951.9,0.0,0.0,8654.88,0.9149999814401464,4.574999907200732,,0.13729976964269702,0.13729974616725546,80.11704281308432,400.58521406542167,46.220901700804134,62.67589259500584,0.8348192352887605,2.8719176153279515,3.8943420265829305,-1.022424411254979,0.7249565734245891,1036.4650319710563,6909.766968028944,0.0,0.0,1036.4650319710563,7911.766968028944,7911.766968028944,1036.4650319710563,0.5758139066505868,1036.4650319710563,3109.395095913169,9915.766968028944,9915.766968028944,29747.30090408683,10952.232,10952.232,32856.695999999996,0.912686,2.744999944320439,13.724999721602197,0.9149999814401464,2845.096455050632,2845.096455050632,0.0,2845.096455050632,2845.096455050632,0.0,1036.4650319710563,0.0,1036.4650319710563,3109.395095913169,0.0,9110.4,-0.26254099005066067,161.0876998301172
6,6,2025,1NB,1,NB,PM-Peak,3,Peak,PM,3.0,70,12000,1.6,6.5,75,1800,1,4,0.05,0.01,6670.0,0.0,824.0,0.0,0.0,1.0,1.0,1.0,1.83,0.915,0.13729977116704806,0.13729977116704806,30,4.135,0.592,8004.0,0.0,988.8,0.0,0.0,8992.8,10970.4,1.0,1.2,0.7032307692307692,10970.4,0.0,1.0,160.08,7451.724,0.0,939.3599999999999,0.0,0.0,8543.159999999998,0.9149999650733263,4.574999825366631,,0.13729976908884042,0.1372997376028991,87.24153999162405,436.20769995812026,47.534044847850275,63.200511210698615,1.2870500742048498,2.848078228353468,3.7867595862324452,-0.9386813578789774,0.6660013961125231,1023.1199845137703,6820.800015486229,0.0,0.0,1023.1199845137703,7809.6000154862295,23428.800046458688,1023.1199845137703,0.5683999913965391,3069.359953541311,9208.079860623933,9787.200015486229,29361.600046458687,88084.80013937606,10810.32,32430.96,97292.88,0.90086,2.744999895219979,13.724999476099892,0.9149999650733263,2808.464250287766,2808.464250287766,0.0,8425.392750863299,8425.392750863299,0.0,3069.359953541311,0.0,3069.359953541311,9208.079860623933,0.0,26978.399999999998,-0.2478851209070017,175.45889489629474
7,7,2025,1NB,1,NB,PM-Late,3,OP,PM,3.0,70,12000,1.6,6.5,75,1800,1,4,0.05,0.01,6393.0,0.0,790.0,0.0,0.0,1.0,1.0,1.0,1.83,0.915,0.13729977116704806,0.13729977116704806,30,4.135,0.592,6191.704565799619,0.0,765.1253882342717,0.0,0.0,6956.82995403389,8487.080730502434,1.0,1.2,0.5440436365706688,8487.080730502434,0.0,1.0,123.83409131599238,5764.476950759445,0.0,726.8691188225581,0.0,0.0,6608.988456332196,0.48316396857751653,2.415819842887583,,0.09758366786818376,0.09786132134970212,134.4174036116451,672.0870180582256,63.18600240371575,73.44734151470804,1.3395503824884156,2.450735401552342,2.848732205749019,-0.39799680419667727,0.15196239160760552,562.5188041967103,5505.351670286916,0.0,0.0,562.5188041967103,6270.477058521187,18811.43117556356,562.5188041967103,0.3125104467759502,1687.556412590131,5062.669237770393,7800.727834989731,23402.18350496919,70206.55051490758,8363.24663918644,25089.739917559324,75269.21975267796,0.6969372199322034,1.4494919057325495,7.247459528662748,0.48316396857751653,815.3664535054845,815.3664535054845,0.0,2446.0993605164535,2446.0993605164535,0.0,1687.556412590131,0.0,1687.556412590131,5062.669237770393,0.0,20870.48986210167,-0.13971015014801355,218.51812232385524
8,8,2025,1SB,1,SB,Night,8,OP,NT,3.0,70,12000,1.6,5.0,75,1800,1,4,0.05,0.01,1637.0,0.0,202.0,0.0,0.0,1.0,1.0,1.0,1.83,0.915,0.13729977116704806,0.13729977116704806,30,4.103,0.708,1470.0481602450802,0.0,181.39873449572767,0.0,0.0,1651.446894740808,2014.244363732263,1.0,1.2,0.12911822844437584,2014.244363732263,0.0,1.0,29.400963204901604,1368.6148371881695,0.0,172.32879777094126,0.0,0.0,1568.8745500037674,0.1469789167743402,0.7348945838717009,,0.13729606447870693,0.13729394455799035,131.17083134412974,655.8541567206487,69.99085545839195,74.98407171489548,0.0,2.400509813396053,2.5717645372545292,-0.17125472385847607,0.00018410927262489874,187.9054309331019,1252.7417661070765,0.0,0.0,187.9054309331019,1434.1405006028042,11473.124004822434,187.9054309331019,0.10439190607394551,1503.2434474648153,4509.730342394446,1796.9379695942594,14375.503756754075,43126.51127026223,1984.8434005273612,15878.74720421889,47636.241612656675,0.16540361671061343,0.4409367503230206,2.2046837516151028,0.1469789167743402,82.85441008368875,82.85441008368875,0.0,662.83528066951,662.83528066951,0.0,1503.2434474648153,0.0,1503.2434474648153,4509.730342394446,0.0,13211.575157926463,-0.06659035902303014,154.48452704431378
9,9,2025,1SB,1,SB,AM-Early,1,OP,AM,3.0,70,12000,1.6,5.0,75,1800,1,4,0.05,0.01,4573.0,0.0,565.0,0.0,0.0,1.0,1.0,1.0,1.83,0.915,0.13729977116704806,0.13729977116704806,30,4.155,0.715,2743.7999999999997,0.0,339.0,0.0,0.0,3082.7999999999997,3760.7999999999997,1.0,1.2,0.24107692307692305,3760.7999999999997,0.0,1.0,54.876,2554.477799999999,0.0,322.05,0.0,0.0,2928.6599999999994,0.16110840852447164,0.8055420426223582,,0.1372954217624692,0.13729706305581485,139.22842283486463,696.1421141743231,69.79305734374499,74.80715000402,0.0,2.4061871089906126,2.5790530870923654,-0.17286597810175275,0.004178234583759203,350.71810693386436,2338.205893066135,0.0,0.0,350.71810693386436,2677.205893066135,2677.205893066135,350.71810693386436,0.19484339274103576,350.71810693386436,1052.154320801593,3355.205893066135,3355.205893066135,10065.617679198405,3705.9239999999995,3705.9239999999995,11117.771999999999,0.30882699999999996,0.48332522557341495,2.4166261278670746,0.16110840852447164,169.51090814649106,169.51090814649106,0.0,169.51090814649106,169.51090814649106,0.0,350.71810693386436,0.0,350.71810693386436,1052.154320801593,0.0,3082.7999999999997,-0.06702691734687886,167.7572062059264
10,10,2025,1SB,1,SB,AM-Peak,2,Peak,AM,3.0,70,12000,1.6,5.0,75,1800,1,4,0.05,0.01,7757.0,0.0,959.0,0.0,0.0,1.0,1.0,1.0,1.83,0.915,0.13729977116704806,0.13729977116704806,30,4.155,0.715,4654.2,0.0,575.4,0.0,0.0,5229.599999999999,6380.4,1.0,1.2,0.409,6380.4,0.0,1.0,93.084,4333.0602,0.0,546.63,0.0,0.0,4968.119999999999,0.30919022160148313,1.5459511080074155,,0.11838122643713252,0.11849630951859175,148.4894721157121,742.4473605785604,67.00387745869115,74.0484698114519,1.142000300803268,2.4308402382700187,2.686411694770539,-0.25557145650052027,0.06301075159139825,512.9529807019267,4048.163019298073,0.0,0.0,512.9529807019267,4623.5630192980725,9247.126038596145,512.9529807019267,0.28497387816773706,1025.9059614038533,3077.71788421156,5774.363019298073,11548.726038596145,34646.17811578844,6287.315999999999,12574.631999999998,37723.896,0.5239429999999999,0.9275706648044494,4.637853324022247,0.30919022160148313,475.80013732311,475.80013732311,0.0,951.60027464622,951.60027464622,0.0,1025.9059614038533,0.0,1025.9059614038533,3077.71788421156,0.0,10459.199999999999,-0.09513488085166709,217.76391092466804
11,11,2025,1SB,1,SB,AM-Shoulder,1,OP,AM,3.0,70,12000,1.6,5.0,75,1800,1,4,0.05,0.01,7826.0,0.0,967.0,0.0,0.0,1.0,1.0,1.0,1.83,0.915,0.13729977116704806,0.13729977116704806,30,4.155,0.715,4695.599999999999,0.0,580.1999999999999,0.0,0.0,5275.799999999999,6436.199999999999,1.0,1.2,0.412576923076923,6436.199999999999,0.0,1.0,93.91199999999999,4371.6035999999995,0.0,551.1899999999999,0.0,0.0,5012.009999999999,0.31762401043905836,1.5881200521952918,,0.1176971757904607,0.11781659631614558,148.8546388625073,744.2731943125365,66.86915006979444,74.03349999428922,0.7461701146540731,2.431331762160168,2.6918242539665247,-0.2604924918063567,0.06597683403079829,514.5253973954108,4087.162602604589,0.0,0.0,514.5253973954108,4667.3626026045895,4667.3626026045895,514.5253973954108,0.2858474429974504,514.5253973954108,1543.5761921862322,5827.762602604589,5827.762602604589,17483.287807813766,6342.288,6342.288,19026.863999999998,0.528524,0.952872031317175,4.764360156585876,0.31762401043905836,490.2768605804418,490.2768605804418,0.0,490.2768605804418,490.2768605804418,0.0,514.5253973954108,0.0,514.5253973954108,1543.5761921862322,0.0,5275.799999999999,-0.09677173070363314,219.47781098247896
12,12,2025,1SB,1,SB,MD,5,OP,MD,3.0,70,12000,1.6,5.0,75,1800,1,4,0.05,0.01,5968.0,0.0,738.0,0.0,0.0,1.0,1.0,1.0,1.83,0.915,0.13729977116704806,0.13729977116704806,30,4.136,0.708,3580.7999999999997,0.0,442.8,0.0,0.0,4023.6,4909.2,1.0,1.2,0.31469230769230766,4909.2,0.0,1.0,71.616,3333.7247999999995,0.0,420.65999999999997,0.0,0.0,3822.4199999999996,0.17568593484354203,0.8784296742177101,,0.13723805199992706,0.13727278228910725,135.58196069502168,677.9098034751083,69.22182111616094,74.44410915510586,0.36966138113540437,2.417921337804798,2.600336094855732,-0.18241475705093402,0.01584132283808409,457.51389745584635,3051.6701025441535,0.0,0.0,457.51389745584635,3494.4701025441536,17472.350512720768,457.51389745584635,0.2541743874754702,2287.569487279232,6862.708461837696,4380.070102544154,21900.350512720768,65701.05153816231,4837.584000000001,24187.92,72563.76000000001,0.40313200000000005,0.5270578045306261,2.6352890226531303,0.17568593484354203,241.1362703353284,241.1362703353284,0.0,1205.681351676642,1205.681351676642,0.0,2287.569487279232,0.0,2287.569487279232,6862.708461837696,0.0,20118.0,-0.07015045378626507,173.3602521149516
13,13,2025,1SB,1,SB,PM-Shoulder,1,OP,PM,3.0,70,12000,1.6,5.0,75,1800,1,4,0.05,0.01,4858.0,0.0,600.0,0.0,0.0,1.0,1.0,1.0,1.83,0.915,0.13729977116704806,0.13729977116704806,30,4.135,0.592,2914.7999999999997,0.0,360.0,0.0,0.0,3274.7999999999997,3994.7999999999997,1.0,1.2,0.25607692307692304,3994.7999999999997,0.0,1.0,58.29599999999999,2713.6787999999997,0.0,342.0,0.0,0.0,3111.0599999999995,0.13999758686983552,0.6999879343491776,,0.1372671174349158,0.13728254050439845,119.31863032326879,596.593151616344,69.7204261518695,74.75473770967095,0.3001341426712597,2.407874143028577,2.581739813349856,-0.1738656703212791,0.005650560572864096,372.49886652024134,2484.0051334797586,0.0,0.0,372.49886652024134,2844.0051334797586,2844.0051334797586,372.49886652024134,0.2069438147334674,372.49886652024134,1117.496599560724,3564.0051334797586,3564.0051334797586,10692.015400439275,3936.504,3936.504,11809.511999999999,0.328042,0.4199927606095065,2.0999638030475327,0.13999758686983552,156.44682727374826,156.44682727374826,0.0,156.44682727374826,156.44682727374826,0.0,372.49886652024134,0.0,372.49886652024134,1117.496599560724,0.0,3274.7999999999997,-0.0673443812665557,144.9369826142514
14,14,2025,1SB,1,SB,PM-Peak,3,Peak,PM,3.0,70,12000,1.6,5.0,75,1800,1,4,0.05,0.01,6246.0,0.0,772.0,0.0,0.0,1.0,1.0,1.0,1.83,0.915,0.13729977116704806,0.13729977116704806,30,4.135,0.592,3747.6,0.0,463.2,0.0,0.0,4210.8,5137.2,1.0,1.2,0.3293076923076923,5137.2,0.0,1.0,74.952,3489.0156,0.0,440.03999999999996,0.0,0.0,4000.2599999999998,0.16068855856959502,0.803442792847975,,0.13726294878091688,0.13729966302046112,119.31380127180238,596.5690063590118,69.02644460364277,74.33363878653135,0.6036606040066123,2.421514713102065,2.607696239225115,-0.18618152612304995,0.019874681952505982,478.91256959862,3193.7354304013797,0.0,0.0,478.91256959862,3656.9354304013796,10970.806291204139,478.91256959862,0.2660625386659,1436.73770879586,4310.21312638758,4583.335430401379,13750.006291204138,41250.01887361241,5062.248,15186.743999999997,45560.23199999999,0.42185399999999995,0.48206567570878506,2.410328378543925,0.16068855856959502,230.8673114689893,230.8673114689893,0.0,692.6019344069679,692.6019344069679,0.0,1436.73770879586,0.0,1436.73770879586,4310.21312638758,0.0,12632.400000000001,-0.07139693777307987,155.35343997240022
15,15,2025,1SB,1,SB,PM-Late,3,OP,PM,3.0,70,12000,1.6,5.0,75,1800,1,4,0.05,0.01,4575.0,0.0,566.0,0.0,0.0,1.0,1.0,1.0,1.83,0.915,0.13729977116704806,0.13729977116704806,30,4.135,0.592,2745.0,0.0,339.59999999999997,0.0,0.0,3084.6,3763.8,1.0,1.2,0.2412692307692308,3763.8,0.0,1.0,54.9,2555.595,0.0,322.61999999999995,0.0,0.0,2930.37,0.13809112091938266,0.6904556045969134,,0.13729813724541098,0.13729837786381835,119.31150404460375,596.5575202230189,69.79219683396727,74.80680009855348,0.0,2.4061983638233526,2.579084885781895,-0.17288652195854226,0.0041956602656212745,350.8784330536861,2339.221566946314,0.0,0.0,350.8784330536861,2678.821566946314,8036.464700838942,350.8784330536861,0.19493246280760337,1052.6352991610584,3157.905897483175,3358.021566946314,10074.064700838942,30222.194102516827,3708.9,11126.7,33380.100000000006,0.309075,0.41427336275814797,2.07136681379074,0.13809112091938266,145.35958838046022,145.35958838046022,0.0,436.0787651413807,436.0787651413807,0.0,1052.6352991610584,0.0,1052.6352991610584,3157.905897483175,0.0,9253.8,-0.06703405650261436,143.77292968765593
16,16,2025,2NB,2,NB,Night,8,OP,NT,2.2,70,12000,1.6,6.5,75,1800,1,4,0.05,0.01,3220.0,0.0,398.0,0.0,0.0,1.0,1.0,1.0,1.83,0.915,0.13729977116704806,0.13729977116704806,30,4.103,0.708,2259.5388969691676,0.0,279.2846214266238,0.0,0.0,2538.8235183957913,3097.392761249039,1.0,1.2,0.19855081802878455,3097.392761249039,0.0,1.0,45.19077793938335,2103.6307130782952,0.0,265.3203903552926,0.0,0.0,2411.8823424760017,0.14496446835693652,0.7248223417846826,,0.1372948396882662,0.13729489837887668,131.17049070663066,655.8524535331534,69.9910947942563,74.91118500327867,0.0,1.7620866629492338,1.8859542115753898,-0.12386754862615601,0.00013147937188504285,288.81764151539767,1925.5304775143866,0.0,0.0,288.81764151539767,2204.8150989410105,17638.520791528084,288.81764151539767,0.16045424528633204,2310.5411321231813,5083.190490671,2763.384341794258,22107.074734354064,48635.56441557895,3052.2019833096556,24417.615866477245,53718.754906249946,0.2543501652758046,0.3189218303852604,1.594609151926302,0.14496446835693652,92.1102508796446,92.1102508796446,0.0,736.8820070371568,736.8820070371568,0.0,2310.5411321231813,0.0,2310.5411321231813,5083.190490671,0.0,20310.58814716633,-0.06567897983201089,154.48202564230763
17,17,2025,2NB,2,NB,AM-Early,1,OP,AM,2.2,70,12000,1.6,6.5,75,1800,1,4,0.05,0.01,3086.0,0.0,381.0,0.0,0.0,1.0,1.0,1.0,1.83,0.915,0.13729977116704806,0.13729977116704806,30,4.155,0.715,2260.239787470923,0.0,279.0509912593719,0.0,0.0,2539.290778730295,3097.392761249039,1.0,1.2,0.19855081802878455,3097.392761249039,0.0,1.0,45.204795749418466,2104.2832421354296,0.0,265.0984416964033,0.0,0.0,2412.32623979378,0.1539338472245407,0.7696692361227035,,0.13718311506168065,0.13718498038313007,139.28256624563818,696.4128312281908,69.99109179526742,74.91132461541223,0.0,1.7620833789507224,1.8859542923850408,-0.12387091343431833,0.0001315236555737178,288.67213012823106,1926.3628615932737,0.0,0.0,288.67213012823106,2205.4138528526455,2205.4138528526455,288.67213012823106,0.16037340562679503,288.67213012823106,635.0786862821084,2763.5158353713896,2763.5158353713896,6079.734837817057,3052.1879654996205,3052.1879654996205,6714.813524099166,0.2543489971249684,0.33865446389398957,1.693272319469948,0.1539338472245407,97.76010546971209,97.76010546971209,0.0,97.76010546971209,97.76010546971209,0.0,288.67213012823106,0.0,288.67213012823106,635.0786862821084,0.0,2539.290778730295,-0.06568076115867423,164.03582786538115
18,18,2025,2NB,2,NB,AM-Peak,2,Peak,AM,2.2,70,12000,1.6,6.5,75,1800,1,4,0.05,0.01,6362.0,0.0,786.0,0.0,0.0,1.0,1.0,1.0,1.83,0.915,0.13729977116704806,0.13729977116704806,30,4.155,0.715,4342.662561925368,0.0,536.5188264183181,0.0,0.0,4879.181388343686,5952.219041180322,1.0,1.2,0.38155250263976426,5952.219041180322,0.0,1.0,86.85325123850737,4043.0188451525178,0.0,509.69288509740215,0.0,0.0,4635.222318926501,0.1786792799570083,0.8933963997850415,,0.12016801389907368,0.12021336571956096,147.57748585567785,737.8874292783893,69.33101409908083,74.23925946470666,0.7555222535766302,1.7780349770696835,1.9039098405709027,-0.12587486350121924,0.009971164061426202,485.84154477850456,3769.9677659083563,0.0,0.0,485.84154477850456,4306.486592326674,8612.973184653349,485.84154477850456,0.26991196932139144,971.6830895570091,2137.7027970254203,5379.524245163311,10759.048490326622,23669.906678718573,5865.365789941816,11730.731579883632,25807.609475743993,0.4887804824951513,0.39309441590541827,1.9654720795270915,0.1786792799570083,190.98159826729236,190.98159826729236,0.0,381.9631965345847,381.9631965345847,0.0,971.6830895570091,0.0,971.6830895570091,2137.7027970254203,0.0,9758.362776687372,-0.06611387830396141,187.37390689680186
19,19,2025,2NB,2,NB,AM-Shoulder,1,OP,AM,2.2,70,12000,1.6,6.5,75,1800,1,4,0.05,0.01,7274.0,0.0,899.0,0.0,0.0,1.0,1.0,1.0,1.83,0.915,0.13729977116704806,0.13729977116704806,30,4.155,0.715,5076.077344570906,0.0,627.3568233116915,0.0,0.0,5703.434167882597,6958.14781450598,1.0,1.2,0.4460351163144859,6958.14781450598,0.0,1.0,101.52154689141811,4725.828007795512,0.0,595.9889821461069,0.0,0.0,5418.262459488466,0.2634600843642235,1.3173004218211175,,0.1042313697144678,0.10431188288733408,156.649599910198,783.2479995509898,68.04484723563112,74.12039227217102,0.7347690436608231,1.780886419425498,1.9398970732184888,-0.15901065379299073,0.029692167552303306,492.5795262875208,4481.976271391966,0.0,0.0,492.5795262875208,5109.3330947036575,5109.3330947036575,492.5795262875208,0.273655292381956,492.5795262875208,1083.674957832546,6364.046741327041,6364.046741327041,14000.902830919491,6856.626267614562,6856.626267614562,15084.577788752036,0.5713855223012134,0.5796121856012918,2.898060928006459,0.2634600843642235,285.5050958139589,285.5050958139589,0.0,285.5050958139589,285.5050958139589,0.0,492.5795262875208,0.0,492.5795262875208,1083.674957832546,0.0,5703.434167882597,-0.08196860338016579,218.70692501743858
20,20,2025,2NB,2,NB,MD,5,OP,MD,2.2,70,12000,1.6,6.5,75,1800,1,4,0.05,0.01,7621.0,0.0,942.0,0.0,0.0,1.0,1.0,1.0,1.83,0.915,0.13729977116704806,0.13729977116704806,30,4.136,0.708,6776.985175788123,0.0,837.6748504910657,0.0,0.0,7614.660026279189,9290.00972726132,1.0,1.2,0.5955134440552128,9290.00972726132,0.0,1.0,135.53970351576248,6309.373198658743,0.0,795.7911079665124,0.0,0.0,7233.927024965229,0.9149224643055397,4.574612321527699,,0.09504898858300868,0.09544132086946394,157.913036354105,789.5651817705251,58.50820288605446,72.96875806043225,1.1113564650796988,1.8089933761881827,2.2560939063035628,-0.4471005301153801,0.20296803208292385,599.6995411252558,6041.745931147106,0.0,0.0,599.6995411252558,6879.420781638171,34397.10390819085,599.6995411252558,0.3331664117362532,2998.4977056262787,6596.694952377814,8554.770482620303,42773.852413101515,94102.47530882334,9154.470023745558,45772.350118727794,100699.17026120116,0.7628725019787965,2.0128294214721874,10.064147107360938,0.9149224643055397,1207.092880420285,1207.092880420285,0.0,6035.464402101425,6035.464402101425,0.0,2998.4977056262787,0.0,2998.4977056262787,6596.694952377814,0.0,38073.30013139595,-0.1981746100488876,270.1176964768193
21,21,2025,2NB,2,NB,PM-Shoulder,1,OP,PM,2.2,70,12000,1.6,6.5,75,1800,1,4,0.05,0.01,8273.0,0.0,1022.0,0.0,0.0,1.0,1.0,1.0,1.83,0.915,0.13729977116704806,0.13729977116704806,30,4.135,0.592,8984.71641866198,0.0,1109.921452903728,0.0,0.0,10094.637871565708,12314.480777373163,1.0,1.2,0.7893897934213566,12314.480777373163,0.0,1.0,179.69432837323959,8364.770985774303,0.0,1054.4253802585417,0.0,0.0,9589.905977987422,0.9149999928456498,4.574999964228249,,0.13729977056811604,0.13729975056810878,40.60563409957775,203.02817049788877,34.968716992021825,57.850882309585714,0.6780389839927585,2.281728380452514,3.7748024907552664,-1.4930741103027523,1.0352203363624577,1148.4811372016457,7656.540953087094,0.0,0.0,1148.4811372016457,8766.462405990822,8766.462405990822,1148.4811372016457,0.6380450762231364,1148.4811372016457,2526.658501843621,10986.305311798278,10986.305311798278,24169.871685956216,12134.786448999923,12134.786448999923,26696.530187799835,1.0112322040833268,2.01299998426043,10.06499992130215,0.9149999928456498,2311.892511110313,2311.892511110313,0.0,2311.892511110313,2311.892511110313,0.0,1148.4811372016457,0.0,1148.4811372016457,2526.658501843621,0.0,10094.637871565708,-0.39553701523705853,80.89350570222874
22,22,2025,2NB,2,NB,PM-Peak,3,Peak,PM,2.2,70,12000,1.6,6.5,75,1800,1,4,0.05,0.01,7207.0,0.0,891.0,0.0,0.0,1.0,1.0,1.0,1.83,0.915,0.13729977116704806,0.13729977116704806,30,4.135,0.592,8648.4,0.0,1069.2,0.0,0.0,9717.6,11856.0,1.0,1.2,0.76,11856.0,0.0,1.0,172.968,8051.660399999999,0.0,1015.74,0.0,0.0,9231.72,0.9149999940161642,4.574999970080821,,0.13729976883094308,0.13729976903542584,52.290895734877886,261.45447867438946,39.26091455401675,59.78562478072,1.020913732761244,2.207888610082203,3.362122393210914,-1.1542337831287108,0.8090716429081524,1105.4911116252586,7369.940888374741,0.0,0.0,1105.4911116252586,8439.14088837474,25317.42266512422,1105.4911116252586,0.6141617286806992,3316.4733348757754,7296.241336726706,10577.54088837474,31732.62266512422,69811.7698632733,11683.032,35049.096,77108.0112,0.973586,2.0129999868355615,10.064999934177807,0.9149999940161642,2225.3535931484757,2225.3535931484757,0.0,6676.060779445427,6676.060779445427,0.0,3316.4733348757754,0.0,3316.4733348757754,7296.241336726706,0.0,29152.800000000003,-0.34330510556648347,104.6408457069613
23,23,2025,2NB,2,NB,PM-Late,3,OP,PM,2.2,70,12000,1.6,6.5,75,1800,1,4,0.05,0.01,7436.0,0.0,919.0,0.0,0.0,1.0,1.0,1.0,1.83,0.915,0.13729977116704806,0.13729977116704806,30,4.135,0.592,7463.4774716943,0.0,922.3958844119232,0.0,0.0,8385.873356106224,10230.66512493007,1.0,1.2,0.6558118669826968,10230.66512493007,0.0,1.0,149.269549433886,6948.497526147393,0.0,876.2760901913271,0.0,0.0,7966.579688300912,0.9149955954143438,4.574977977071719,,0.12862492828595523,0.12918732232130883,122.00995591764219,610.049779588211,53.306592997179116,67.40116254954602,0.6991457712025637,1.9584231934125458,2.4762415412102063,-0.5178183477976606,0.32360893601176466,893.7499959958458,6420.457926264568,0.0,0.0,893.7499959958458,7342.853810676492,22028.561432029477,893.7499959958458,0.4965277755532477,2681.249987987537,5898.749973572582,9187.645579500338,27562.936738501015,60638.46082470224,10081.395575496184,30244.18672648855,66537.21079827483,0.8401162979580153,2.0129903099115567,10.064951549557783,0.9149955954143438,1799.1100814231302,1799.1100814231302,0.0,5397.33024426939,5397.33024426939,0.0,2681.249987987537,0.0,2681.249987987537,5898.749973572582,0.0,25157.62006831867,-0.20911463570092145,233.24669569624518
24,24,2025,2SB,2,SB,Night,8,OP,NT,2.2,70,12000,1.6,5.0,75,1800,1,4,0.05,0.01,2585.0,0.0,319.0,0.0,0.0,1.0,1.0,1.0,1.83,0.915,0.13729977116704806,0.13729977116704806,30,4.103,0.708,1551.0,0.0,191.4,0.0,0.0,1742.4,2125.2,1.0,1.2,0.1362307692307692,2125.2,0.0,1.0,31.02,1443.981,0.0,181.82999999999998,0.0,0.0,1655.28,0.14701070327764215,0.7350535163882108,,0.13729884401071973,0.13729814379263214,131.1701594058138,655.8507970290689,69.98804410649475,74.98026221990179,0.0,1.7604633018336342,1.8860364178651288,-0.12557311603149457,0.0001765284186620556,198.2569220734431,1321.723077926557,0.0,0.0,198.2569220734431,1513.123077926557,12104.984623412456,198.2569220734431,0.11014273448524617,1586.0553765875447,3489.321828492599,1895.923077926557,15167.384623412456,33368.2461715074,2094.1800000000003,16753.440000000002,36857.568,0.17451500000000003,0.32342354721081273,1.6171177360540638,0.14701070327764215,64.12095699609064,64.12095699609064,0.0,512.9676559687251,512.9676559687251,0.0,1586.0553765875447,0.0,1586.0553765875447,3489.321828492599,0.0,13939.2,-0.06658043017728958,154.5347718199631
25,25,2025,2SB,2,SB,AM-Early,1,OP,AM,2.2,70,12000,1.6,5.0,75,1800,1,4,0.05,0.01,6971.0,0.0,862.0,0.0,0.0,1.0,1.0,1.0,1.83,0.915,0.13729977116704806,0.13729977116704806,30,4.155,0.715,6013.797878374802,0.0,743.637035024972,0.0,0.0,6757.434913399774,8244.708983449718,1.0,1.2,0.5285069861185717,8244.708983449718,0.0,1.0,120.27595756749605,5598.8458247669405,0.0,706.4551832737234,0.0,0.0,6419.563167729785,0.7958450790458654,3.979225395229327,,0.10598445884122448,0.10627155027869255,155.44953120297072,777.2476560148535,59.899988887752556,73.1913634175201,0.8487720234313613,1.8034914754491738,2.2036731967906817,-0.400181721341508,0.17424148326986533,593.3906448733734,5300.131275933933,0.0,0.0,593.3906448733734,6043.768310958904,6043.768310958904,593.3906448733734,0.32966146937409635,593.3906448733734,1305.4594187214216,7531.042381008849,7531.042381008849,16568.293238219467,8124.433025882222,8124.433025882222,17873.752656940887,0.6770360854901851,1.750859173900904,8.75429586950452,0.7958450790458654,1038.9434542835193,1038.9434542835193,0.0,1038.9434542835193,1038.9434542835193,0.0,593.3906448733734,0.0,593.3906448733734,1305.4594187214216,0.0,6757.434913399774,-0.18159758076846985,262.5096170856967
26,26,2025,2SB,2,SB,AM-Peak,2,Peak,AM,2.2,70,12000,1.6,5.0,75,1800,1,4,0.05,0.01,9309.0,0.0,1150.0,0.0,0.0,1.0,1.0,1.0,1.83,0.915,0.13729977116704806,0.13729977116704806,30,4.155,0.715,7630.987335410945,0.0,942.7044189196032,0.0,0.0,8573.691754330548,10459.100592169754,1.0,1.2,0.6704551661647279,10459.100592169754,0.0,1.0,152.6197467082189,7104.449209267589,0.0,895.569197973623,0.0,0.0,8145.00716661402,0.9149999542476319,4.57499977123816,,0.1372997699173754,0.13729975037544054,79.32821927775075,396.6410963887538,46.87665874976226,64.97701705884431,0.8998312095110754,2.0314875316676746,2.815900354687064,-0.7844128230193892,0.5097419657970826,975.4392418221197,6502.928346880606,0.0,0.0,975.4392418221197,7445.632765800209,14891.265531600418,975.4392418221197,0.5419106899011776,1950.8784836442394,4291.932664017327,9331.041603639416,18662.083207278833,41056.583056013435,10306.480845461536,20612.96169092307,45348.51572003076,0.8588734037884613,2.0129998993447904,10.064999496723951,0.9149999542476319,1963.5590956048857,1963.5590956048857,0.0,3927.1181912097713,3927.1181912097713,0.0,1950.8784836442394,0.0,1950.8784836442394,4291.932664017327,0.0,17147.383508661096,-0.2785655471486179,153.97503765399557
27,27,2025,2SB,2,SB,AM-Shoulder,1,OP,AM,2.2,70,12000,1.6,5.0,75,1800,1,4,0.05,0.01,8274.0,0.0,1023.0,0.0,0.0,1.0,1.0,1.0,1.83,0.915,0.13729977116704806,0.13729977116704806,30,4.155,0.715,7277.959165559638,0.0,899.8491934212605,0.0,0.0,8177.808358980898,9977.506745823419,1.0,1.2,0.6395837657579114,9977.506745823419,0.0,1.0,145.55918331119275,6775.779983136023,0.0,854.8567337501973,0.0,0.0,7768.917941031853,0.9149999617721628,4.574999808860814,,0.13729970991707494,0.13729975817962342,98.82920469445693,494.14602347228464,50.36886332828247,66.51119005437444,0.5499165143879664,1.9846284496200857,2.620666643590527,-0.6360381939704414,0.4027538921161803,930.3126261464988,6202.087356101946,0.0,0.0,930.3126261464988,7101.936549523207,7101.936549523207,930.3126261464988,0.516840347859166,930.3126261464988,2046.6877775222977,8901.634936365728,8901.634936365728,19583.596860004604,9831.947562512227,9831.947562512227,21630.2846375269,0.8193289635426856,2.0129999158987584,10.064999579493792,0.9149999617721628,1872.7192381924551,1872.7192381924551,0.0,1872.7192381924551,1872.7192381924551,0.0,930.3126261464988,0.0,930.3126261464988,2046.6877775222977,0.0,8177.808358980898,-0.24270091563382407,189.8942486456065
28,28,2025,2SB,2,SB,MD,5,OP,MD,2.2,70,12000,1.6,5.0,75,1800,1,4,0.05,0.01,7694.0,0.0,951.0,0.0,0.0,1.0,1.0,1.0,1.83,0.915,0.13729977116704806,0.13729977116704806,30,4.136,0.708,6407.0337610024735,0.0,791.9273598535681,0.0,0.0,7198.961120856042,8782.815840563177,1.0,1.2,0.5630010154207165,8782.815840563177,0.0,1.0,128.14067522004947,5964.948431493302,0.0,752.3309918608896,0.0,0.0,6839.013064813239,0.9149083055155306,4.574541527577653,,0.11538587762710714,0.11577125430818505,145.9183757838734,729.5918789193669,57.215357566720776,71.95486490802638,0.7778618606115232,1.834483327412595,2.3070728841652404,-0.47258955675264547,0.23090451195112302,688.2708097682909,5590.622276014134,0.0,0.0,688.2708097682909,6382.549635867702,31912.74817933851,688.2708097682909,0.3823726720934949,3441.354048841454,7570.9789074512,7966.404355574838,39832.021777874186,87630.44791132322,8654.67516534313,43273.37582671564,95201.42681877442,0.7212229304452608,2.0127982721341673,10.063991360670837,0.9149083055155306,1385.350296662,1385.350296662,0.0,6926.7514833099995,6926.7514833099995,0.0,3441.354048841454,0.0,3441.354048841454,7570.9789074512,0.0,35994.805604280205,-0.2048437914537931,255.54499586892112
29,29,2025,2SB,2,SB,PM-Shoulder,1,OP,PM,2.2,70,12000,1.6,5.0,75,1800,1,4,0.05,0.01,5126.0,0.0,634.0,0.0,0.0,1.0,1.0,1.0,1.83,0.915,0.13729977116704806,0.13729977116704806,30,4.135,0.592,5242.508701253914,0.0,648.4101671078778,0.0,0.0,5890.918868361792,7187.739202577548,1.0,1.2,0.46075251298574027,7187.739202577548,0.0,1.0,104.85017402507829,4880.775600867394,0.0,615.9896587524838,0.0,0.0,5596.372924943702,0.37519441095753775,1.8759720547876888,,0.11548176752169473,0.11561242609020833,126.94425925359697,634.7212962679849,64.69462714151304,73.59986898889659,0.6357980915868,1.793481453342176,2.0403549078544527,-0.24687345451227682,0.08474306093281149,563.6405932649283,4574.017933963907,0.0,0.0,563.6405932649283,5222.428101071785,5222.428101071785,563.6405932649283,0.31313366292496014,563.6405932649283,1240.0093051828424,6519.24843528754,6519.24843528754,14342.346557632589,7082.8890285524685,7082.8890285524685,15582.355862815431,0.5902407523793723,0.8254277041065832,4.127138520532916,0.37519441095753775,465.2445608399422,465.2445608399422,0.0,465.2445608399422,465.2445608399422,0.0,563.6405932649283,0.0,563.6405932649283,1240.0093051828424,0.0,5890.918868361792,-0.12099534917279565,200.61153332276194
30,30,2025,2SB,2,SB,PM-Peak,3,Peak,PM,2.2,70,12000,1.6,5.0,75,1800,1,4,0.05,0.01,7001.0,0.0,865.0,0.0,0.0,1.0,1.0,1.0,1.83,0.915,0.13729977116704806,0.13729977116704806,30,4.135,0.592,4200.599999999999,0.0,519.0,0.0,0.0,4719.599999999999,5757.599999999999,1.0,1.2,0.369076923076923,5757.599999999999,0.0,1.0,84.01199999999999,3910.7585999999997,0.0,493.04999999999995,0.0,0.0,4483.619999999999,0.19146287691689096,0.9573143845844547,,0.13253785449413244,0.13259007057926317,120.8590099803204,604.2950499016019,68.26706779442604,74.07121869202506,0.5608652884029909,1.782068694573968,1.9335823884730803,-0.15151369389911218,0.026231720311819407,518.323554288477,3598.2644457115225,0.0,0.0,518.323554288477,4117.264445711522,12351.793337134566,518.323554288477,0.287957530160265,1554.970662865431,3420.9354583039485,5155.264445711522,15465.793337134566,34024.74534169605,5673.587999999999,17020.763999999996,37445.680799999995,0.4727989999999999,0.4212183292171601,2.1060916460858006,0.19146287691689096,218.32738153129227,218.32738153129227,0.0,654.9821445938768,654.9821445938768,0.0,1554.970662865431,0.0,1554.970662865431,3420.9354583039485,0.0,14158.8,-0.07835905767571671,166.8040630694286
31,31,2025,2SB,2,SB,PM-Late,3,OP,PM,2.2,70,12000,1.6,5.0,75,1800,1,4,0.05,0.01,6368.0,0.0,787.0,0.0,0.0,1.0,1.0,1.0,1.83,0.915,0.13729977116704806,0.13729977116704806,30,4.135,0.592,3820.7999999999997,0.0,472.2,0.0,0.0,4293.0,5237.4,1.0,1.2,0.3357307692307692,5237.4,0.0,1.0,76.416,3557.1647999999996,0.0,448.59,0.0,0.0,4078.35,0.1637819572070653,0.8189097860353265,,0.1372626844139165,0.13729402680697753,119.31677640665183,596.5838820332592,68.92924673311325,74.2805496429934,0.2888123083935538,1.7770466243776784,1.9150071450960438,-0.1379605207183654,0.016052486941203405,488.2659893506924,3256.118010649307,0.0,0.0,488.2659893506924,3728.318010649307,11184.95403194792,488.2659893506924,0.27125888297260686,1464.797968052077,3222.5555297145697,4672.718010649307,14018.15403194792,30839.938870285427,5160.9839999999995,15482.951999999997,34062.494399999996,0.43008199999999996,0.36032030585554364,1.8016015292777183,0.1637819572070653,175.9321506217011,175.9321506217011,0.0,527.7964518651033,527.7964518651033,0.0,1464.797968052077,0.0,1464.797968052077,3222.5555297145697,0.0,12879.0,-0.0720417785759469,156.7058332250456
32,32,2025,3NB,3,NB,Night,8,OP,NT,3.4,70,12000,1.6,6.5,75,1800,1,4,0.05,0.01,3349.0,0.0,414.0,0.0,0.0,1.0,1.0,1.0,1.83,0.915,0.13729977116704806,0.13729977116704806,30,4.103,0.708,2259.457276720329,0.0,279.3118281762366,0.0,0.0,2538.7691048965658,3097.392761249039,1.0,1.2,0.19855081802878455,3097.392761249039,0.0,1.0,45.18914553440658,2103.554724626626,0.0,265.3462367674247,0.0,0.0,2411.8306496517375,0.1449602011335166,0.724801005667583,,0.1372989747187764,0.13729926006607024,131.1665389499639,655.8326947498196,69.99109475851206,74.91118858017416,0.0,2.7232247127098748,2.914656510286836,-0.19143179757696105,0.00020319620861445942,288.8159069560738,1925.4522242298485,0.0,0.0,288.8159069560738,2204.7640524060853,17638.112419248682,288.8159069560738,0.16045328164226322,2310.52725564859,7855.792669205206,2763.3877087585583,22107.101670068467,75164.14567823279,3052.203615714632,24417.628925717057,83019.938347438,0.25435030130955266,0.49286468385395643,2.4643234192697823,0.1449602011335166,142.347160673899,142.347160673899,0.0,1138.777285391192,1138.777285391192,0.0,2310.52725564859,0.0,2310.52725564859,7855.792669205206,0.0,20310.152839172526,-0.06567902492157539,154.47737212700332
33,33,2025,3NB,3,NB,AM-Early,1,OP,AM,3.4,70,12000,1.6,6.5,75,1800,1,4,0.05,0.01,3209.0,0.0,397.0,0.0,0.0,1.0,1.0,1.0,1.83,0.915,0.13729977116704806,0.13729977116704806,30,4.155,0.715,2258.9848570109466,0.0,279.46930141269735,0.0,0.0,2538.454158423644,3097.392761249039,1.0,1.2,0.19855081802878455,3097.392761249039,0.0,1.0,45.179697140218934,2103.114901877191,0.0,265.4958363420625,0.0,0.0,2411.5314505024617,0.15387287328504115,0.7693643664252058,,0.1372972158544301,0.13729642983556825,139.22900297346595,696.1450148673297,69.99109343779443,74.91126667289407,0.0,2.7232218738308354,2.9146565652858083,-0.19143469145497294,0.0002032263480516639,288.7518206497013,1925.0533392210264,0.0,0.0,288.7518206497013,2204.5226406337238,2204.5226406337238,288.7518206497013,0.16041767813872296,288.7518206497013,981.7561902089844,2763.461243459118,2763.461243459118,9395.768227761002,3052.2130641088193,3052.2130641088193,10377.524417969986,0.2543510886757349,0.5231677691691399,2.6158388458456994,0.15387287328504115,151.0656458528318,151.0656458528318,0.0,151.0656458528318,151.0656458528318,0.0,288.7518206497013,0.0,288.7518206497013,981.7561902089844,0.0,2538.454158423644,-0.06568001655323705,163.9727152459804
34,34,2025,3NB,3,NB,AM-Peak,2,Peak,AM,3.4,70,12000,1.6,6.5,75,1800,1,4,0.05,0.01,6617.0,0.0,818.0,0.0,0.0,1.0,1.0,1.0,1.83,0.915,0.13729977116704806,0.13729977116704806,30,4.155,0.715,3970.2,0.0,490.79999999999995,0.0,0.0,4461.0,5442.599999999999,1.0,1.2,0.34888461538461535,5442.599999999999,0.0,1.0,79.404,3696.2562,0.0,466.25999999999993,0.0,0.0,4237.95,0.15584715566175403,0.7792357783087701,,0.13177038892073226,0.13182511650852408,141.77349564678013,708.8674782339007,69.64484013637144,74.27152817863178,0.8352209339354842,2.746678370604627,2.9291473654121103,-0.18246899480748313,0.008144184817264994,487.0571170246679,3403.7388829753318,0.0,0.0,487.0571170246679,3894.538882975332,7789.077765950664,487.0571170246679,0.2705872872359266,974.1142340493358,3311.9883957677416,4876.138882975331,9752.277765950663,33157.74440423225,5363.195999999999,10726.391999999998,36469.7328,0.4469329999999999,0.5298803292499636,2.649401646249818,0.15584715566175403,258.0819855325691,258.0819855325691,0.0,516.1639710651382,516.1639710651382,0.0,974.1142340493358,0.0,974.1142340493358,3311.9883957677416,0.0,8922.0,-0.062294235162801734,174.23683288517785
35,35,2025,3NB,3,NB,AM-Shoulder,1,OP,AM,3.4,70,12000,1.6,6.5,75,1800,1,4,0.05,0.01,7565.0,0.0,935.0,0.0,0.0,1.0,1.0,1.0,1.83,0.915,0.13729977116704806,0.13729977116704806,30,4.155,0.715,4539.0,0.0,561.0,0.0,0.0,5100.0,6222.0,1.0,1.2,0.39884615384615385,6222.0,0.0,1.0,90.78,4225.809,0.0,532.9499999999999,0.0,0.0,4845.0,0.19511838962397457,0.9755919481198728,,0.11505655217232598,0.11513732945473316,150.31767691389157,751.5883845694577,69.08860663384209,74.21643643898469,0.8564431791252909,2.7487172624855662,2.9527299787816745,-0.2040127162961083,0.021067456943786145,486.2070136787847,3962.012986321215,0.0,0.0,486.2070136787847,4523.012986321215,4523.012986321215,486.2070136787847,0.27011500759932483,486.2070136787847,1653.103846507868,5645.012986321215,5645.012986321215,19193.04415349213,6131.219999999999,6131.219999999999,20846.147999999997,0.5109349999999999,0.6634025247215135,3.3170126236075674,0.19511838962397457,322.5509604118132,322.5509604118132,0.0,322.5509604118132,322.5509604118132,0.0,486.2070136787847,0.0,486.2070136787847,1653.103846507868,0.0,5100.0,-0.06909291325727182,195.10622771924784
36,36,2025,3NB,3,NB,MD,5,OP,MD,3.4,70,12000,1.6,6.5,75,1800,1,4,0.05,0.01,7925.0,0.0,980.0,0.0,0.0,1.0,1.0,1.0,1.83,0.915,0.13729977116704806,0.13729977116704806,30,4.136,0.708,6421.98024983041,0.0,794.1376207992179,0.0,0.0,7216.117870629628,8804.393112228063,1.0,1.2,0.5643841738607732,8804.393112228063,0.0,1.0,128.4396049966082,5978.863612592111,0.0,754.430739759257,0.0,0.0,6855.311977098146,0.705571035041678,3.5278551752083898,,0.09303839743063273,0.09347135437601638,159.22712598186817,796.1356299093409,61.41002978352916,73.46190783920997,1.6698257994379926,2.7769493877902787,3.321932927228689,-0.5449835394384102,0.22339067269275018,556.2638889718934,5737.276755861908,0.0,0.0,556.2638889718934,6531.414376661126,32657.07188330563,556.2638889718934,0.3090354938732741,2781.319444859467,9456.486112522187,8119.689618259561,40598.4480912978,138034.72351041253,8675.953507231454,43379.76753615727,147491.20962293472,0.7229961256026212,2.398941519141705,11.994707595708524,0.705571035041678,1334.4445388539066,1334.4445388539066,0.0,6672.222694269532,6672.222694269532,0.0,2781.319444859467,0.0,2781.319444859467,9456.486112522187,0.0,36080.58935314814,-0.16405615386493091,264.1116304114886
37,37,2025,3NB,3,NB,PM-Shoulder,1,OP,PM,3.4,70,12000,1.6,6.5,75,1800,1,4,0.05,0.01,8604.0,0.0,1063.0,0.0,0.0,1.0,1.0,1.0,1.83,0.915,0.13729977116704806,0.13729977116704806,30,4.135,0.592,8341.204328434646,0.0,1030.532333929106,0.0,0.0,9371.736662363752,11432.801330221962,1.0,1.2,0.7328718801424335,11432.801330221962,0.0,1.0,166.8240865686929,7765.661229772654,0.0,979.0057172326507,0.0,0.0,8903.149829245564,0.9149999963630496,4.574999981815248,,0.13729977022366924,0.13729970079351475,66.55650778336401,332.78253891682,43.260107418913684,61.46502659076483,0.9729714572200131,3.3189605750638553,4.71566096737914,-1.3967003923152848,0.9871536386951973,1066.223502482642,7108.15673938331,0.0,0.0,1066.223502482642,8138.689073312416,8138.689073312416,1066.223502482642,0.5923463902681345,1066.223502482642,3625.1599084409827,10199.753741170629,10199.753741170629,34679.16271998014,11265.977243653271,11265.977243653271,38304.32262842112,0.9388314369711059,3.1109999876343686,15.554999938171843,0.9149999963630496,3317.0213030389727,3317.0213030389727,0.0,3317.0213030389727,3317.0213030389727,0.0,1066.223502482642,0.0,1066.223502482642,3625.1599084409827,0.0,9371.736662363752,-0.2961833774686181,133.64355038852625
38,38,2025,3NB,3,NB,PM-Peak,3,Peak,PM,3.4,70,12000,1.6,6.5,75,1800,1,4,0.05,0.01,7495.0,0.0,926.0,0.0,0.0,1.0,1.0,1.0,1.83,0.915,0.13729977116704806,0.13729977116704806,30,4.135,0.592,8650.057730999113,0.0,1068.7062653642665,0.0,0.0,9718.76399636338,11856.176527091913,1.0,1.2,0.7600113158392252,11856.176527091913,0.0,1.0,173.00115461998226,8053.203747560174,0.0,1015.2709520960532,0.0,0.0,9232.82579654521,0.9149999785430162,4.574999892715081,,0.1372997704175315,0.13729975512869094,52.301348753954095,261.5067437697705,39.26128343045058,59.77632424716673,1.5765934343838555,3.412722387487203,5.195958516266436,-1.783236128779233,1.2503566954854355,1105.7030256656162,7371.353550713515,0.0,0.0,1105.7030256656162,8440.05981607778,25320.179448233343,1105.7030256656162,0.6142794587031202,3317.1090769968487,11278.170861789285,10577.472346806315,31732.417040418943,107890.2179374244,11683.175372471931,35049.52611741579,119168.38879921369,0.9735979477059943,3.110999927046255,15.554999635231274,0.9149999785430162,3439.8420321805556,3439.8420321805556,0.0,10319.526096541667,10319.526096541667,0.0,3317.1090769968487,0.0,3317.1090769968487,11278.170861789285,0.0,29156.29198909014,-0.34319676017363204,104.67486196040618
39,39,2025,3NB,3,NB,PM-Late,3,OP,PM,3.4,70,12000,1.6,6.5,75,1800,1,4,0.05,0.01,7734.0,0.0,956.0,0.0,0.0,1.0,1.0,1.0,1.83,0.915,0.13729977116704806,0.13729977116704806,30,4.135,0.592,6774.237453435951,0.0,837.3637193541206,0.0,0.0,7611.601172790071,9286.328611498313,1.0,1.2,0.5952774750960457,9286.328611498313,0.0,1.0,135.48474906871903,6306.81506914887,0.0,795.4955333864145,0.0,0.0,7231.021114150568,0.77314900500234,3.8657450250117,,0.09630794912165687,0.09685964292613554,134.88137452244325,674.4068726122163,58.58976570650423,72.88540140258476,1.689297265835803,2.7989144063733655,3.4818367600564297,-0.6829223536830642,0.3110179730823521,607.3964247992882,6031.356279567944,0.0,0.0,607.3964247992882,6868.719998922064,20606.159996766193,607.3964247992882,0.3374424582218268,1822.1892743978647,6195.44353295274,8543.447437630304,25630.342312890913,87143.1638638291,9150.843862429592,27452.531587288777,93338.60739678184,0.7625703218691327,2.6287066170079556,13.14353308503978,0.77314900500234,1596.6670010168639,1596.6670010168639,0.0,4790.001003050592,4790.001003050592,0.0,1822.1892743978647,0.0,1822.1892743978647,6195.44353295274,0.0,22834.803518370216,-0.1961385328334566,230.9521663332086
40,40,2025,3SB,3,SB,Night,8,OP,NT,3.4,70,12000,1.6,5.0,75,1800,1,4,0.05,0.01,2688.0,0.0,332.0,0.0,0.0,1.0,1.0,1.0,1.83,0.915,0.13729977116704806,0.13729977116704806,30,4.103,0.708,1612.8,0.0,199.2,0.0,0.0,1812.0,2210.3999999999996,1.0,1.2,0.14169230769230767,2210.3999999999996,0.0,1.0,32.256,1501.5167999999999,0.0,189.23999999999998,0.0,0.0,1721.3999999999999,0.14704524914730074,0.7352262457365037,,0.13729452347688734,0.1372971395513012,131.1696180196605,655.8480900983026,69.98544604886906,74.97692686620753,0.0,2.720837043161658,2.9148917598889343,-0.19405471672727614,0.00033211299056451124,206.15003354854073,1374.3939664514592,0.0,0.0,206.15003354854073,1573.5939664514592,12588.751731611674,206.15003354854073,0.11452779641585596,1649.2002683883259,5607.2809125203075,1971.993966451459,15775.951731611673,53638.235887479685,2178.144,17425.152,59245.51679999999,0.18151199999999998,0.4999538471008225,2.499769235504113,0.14704524914730074,103.06550235255656,103.06550235255656,0.0,824.5240188204525,824.5240188204525,0.0,1649.2002683883259,0.0,1649.2002683883259,5607.2809125203075,0.0,14496.0,-0.06657355837277133,154.58130228397056
41,41,2025,3SB,3,SB,AM-Early,1,OP,AM,3.4,70,12000,1.6,5.0,75,1800,1,4,0.05,0.01,7250.0,0.0,896.0,0.0,0.0,1.0,1.0,1.0,1.83,0.915,0.13729977116704806,0.13729977116704806,30,4.155,0.715,6732.042089488811,0.0,831.9875465078586,0.0,0.0,7564.02963599667,9228.004729012388,1.0,1.2,0.5915387646802812,9228.004729012388,0.0,1.0,134.64084178977623,6267.531185314083,0.0,790.3881691824656,0.0,0.0,7185.828154196835,0.9149819917864714,4.574909958932357,,0.13646140777698743,0.13716886903455602,139.28925687200854,696.4462843600427,55.354565307526975,68.71431942186229,0.8038878986396705,2.968813512472845,3.6853328874802056,-0.7165193750073606,0.4225338509105811,855.2761288341304,5742.125118864904,0.0,0.0,855.2761288341304,6574.112665372762,6574.112665372762,855.2761288341304,0.47515340490785024,855.2761288341304,2907.9388380360433,8238.08775838848,8238.08775838848,28009.498378520828,9093.36388722261,9093.36388722261,30917.43721655687,0.7577803239352174,3.110938772074003,15.554693860370016,0.9149819917864713,2660.7116700194565,2660.7116700194565,0.0,2660.7116700194565,2660.7116700194565,0.0,855.2761288341304,0.0,855.2761288341304,2907.9388380360433,0.0,7564.02963599667,-0.19442460067624193,260.50422756889543
42,42,2025,3SB,3,SB,AM-Peak,2,Peak,AM,3.4,70,12000,1.6,5.0,75,1800,1,4,0.05,0.01,9681.0,0.0,1197.0,0.0,0.0,1.0,1.0,1.0,1.83,0.915,0.13729977116704806,0.13729977116704806,30,4.155,0.715,8190.1868182379985,0.0,1012.6695198255226,0.0,0.0,9202.85633806352,11228.195377714566,1.0,1.2,0.719756113956062,11228.195377714566,0.0,1.0,163.80373636475997,7625.063927779576,0.0,962.0360438342464,0.0,0.0,8742.713521160344,0.9149999955028142,4.574999977514071,,0.1372997701228628,0.13729976423595308,56.4437009899182,282.21850494959097,41.09340635419391,62.256853104439344,1.4944327755142126,3.2767476964789504,4.964300069010467,-1.687552372531517,1.123407866389165,1046.919524456269,6979.46355741697,0.0,0.0,1046.919524456269,7992.133077242493,15984.266154484985,1046.919524456269,0.5816219580312606,2093.839048912538,7119.05276630263,10017.472116893538,20034.944233787075,68118.81039487605,11064.391641349806,22128.783282699613,75237.86316117868,0.9220326367791505,3.110999984709568,15.55499992354784,0.9149999955028142,3256.9666245756016,3256.9666245756016,0.0,6513.933249151203,6513.933249151203,0.0,2093.839048912538,0.0,2093.839048912538,7119.05276630263,0.0,18405.71267612704,-0.33993762445304726,110.6098999479129
43,43,2025,3SB,3,SB,AM-Shoulder,1,OP,AM,3.4,70,12000,1.6,5.0,75,1800,1,4,0.05,0.01,8605.0,0.0,1064.0,0.0,0.0,1.0,1.0,1.0,1.83,0.915,0.13729977116704806,0.13729977116704806,30,4.155,0.715,7785.225297680508,0.0,962.6356440130228,0.0,0.0,8747.86094169353,10673.132229719577,1.0,1.2,0.6841751429307421,10673.132229719577,0.0,1.0,155.70450595361018,7248.044752140553,0.0,914.5038618123716,0.0,0.0,8310.467894608853,0.9149998249888825,4.574999124944413,,0.13729974110030993,0.13729976363855195,72.0331209398721,360.16560469936053,45.28019298570112,64.26137388503574,0.9091976579742131,3.174535302730348,4.5052811516156845,-1.3307458488853365,0.8718654996568241,995.154667952358,6634.36612377454,0.0,0.0,995.154667952358,7597.001767787563,7597.001767787563,995.154667952358,0.5528637044179766,995.154667952358,3383.525871038017,9522.273055813608,9522.273055813608,32375.728389766267,10517.427723765966,10517.427723765966,35759.254260804286,0.8764523103138305,3.1109994049622007,15.554997024811003,0.9149998249888825,3095.9255798451422,3095.9255798451422,0.0,3095.9255798451422,3095.9255798451422,0.0,995.154667952358,0.0,995.154667952358,3383.525871038017,0.0,8747.86094169353,-0.2953746512374936,140.26717757871103
44,44,2025,3SB,3,SB,MD,5,OP,MD,3.4,70,12000,1.6,5.0,75,1800,1,4,0.05,0.01,8002.0,0.0,989.0,0.0,0.0,1.0,1.0,1.0,1.83,0.915,0.13729977116704806,0.13729977116704806,30,4.136,0.708,6014.866928953372,0.0,743.4020735734672,0.0,0.0,6758.269002526839,8245.073149673774,1.0,1.2,0.5285303301072932,8245.073149673774,0.0,1.0,120.29733857906744,5599.841110855589,0.0,706.2319698947938,0.0,0.0,6420.355552400497,0.7723110022271653,3.8615550111358266,,0.10617836548266944,0.10661172235633698,151.0005360531966,755.002680265983,59.9046599581098,73.17933779066482,1.3076985142771407,2.787672123838533,3.4054112007755886,-0.6177390769370557,0.26913676659645125,594.5819761133024,5299.987614261002,0.0,0.0,594.5819761133024,6043.389687834469,30216.948439172345,594.5819761133024,0.3303233200629458,2972.909880566512,10107.893593926141,7530.193834981404,37650.96917490702,128013.29519468386,8124.775811094706,40623.87905547353,138121.18878861,0.6770646509245588,2.625857407572362,13.12928703786181,0.7723110022271653,1561.2874863861282,1561.2874863861282,0.0,7806.437431930641,7806.437431930641,0.0,2972.909880566512,0.0,2972.909880566512,10107.893593926141,0.0,33791.3450126342,-0.1813992615036811,255.0452939379054
45,45,2025,3SB,3,SB,PM-Shoulder,1,OP,PM,3.4,70,12000,1.6,5.0,75,1800,1,4,0.05,0.01,5331.0,0.0,659.0,0.0,0.0,1.0,1.0,1.0,1.83,0.915,0.13729977116704806,0.13729977116704806,30,4.135,0.592,5610.539192624803,0.0,693.5556795985266,0.0,0.0,6304.09487222333,7691.206231420383,1.0,1.2,0.49302604047566556,7691.206231420383,0.0,1.0,112.21078385249606,5223.411988333692,0.0,658.8778956186002,0.0,0.0,5988.890128612163,0.48473088418291077,2.423654420914554,,0.11257227221130221,0.11285254380078973,128.0225013669556,640.112506834778,62.70862133034516,73.3208827683524,1.103888097863123,2.7822905603102313,3.2531412056619864,-0.47085064535175514,0.18569280927419718,588.0113562224797,4910.317052549827,0.0,0.0,588.0113562224797,5603.872732148354,5603.872732148354,588.0113562224797,0.3266729756791554,588.0113562224797,1999.2386111564308,6990.984091345406,6990.984091345406,23769.345910574382,7578.995447567886,7578.995447567886,25768.584521730812,0.6315829539639904,1.6480850062218966,8.240425031109483,0.4847308841829108,969.0926996784713,969.0926996784713,0.0,969.0926996784713,969.0926996784713,0.0,588.0113562224797,0.0,588.0113562224797,1999.2386111564308,0.0,6304.09487222333,-0.14473722952211693,210.01373014884666
46,46,2025,3SB,3,SB,PM-Peak,3,Peak,PM,3.4,70,12000,1.6,5.0,75,1800,1,4,0.05,0.01,7281.0,0.0,900.0,0.0,0.0,1.0,1.0,1.0,1.83,0.915,0.13729977116704806,0.13729977116704806,30,4.135,0.592,5314.091922287379,0.0,656.8716838426922,0.0,0.0,5970.963606130072,7284.706973815455,1.0,1.2,0.46696839575740096,7284.706973815455,0.0,1.0,106.28183844574758,4947.41957964955,0.0,624.0280996505576,0.0,0.0,5672.415425823568,0.3940696486434781,1.9703482432173904,,0.11479893568675564,0.1150140707295579,127.17567980000415,635.8783990000206,64.34390622712284,73.55201688055588,1.573784114673008,2.7735473295216897,3.1704634045672537,-0.39691607504556403,0.14038537427428366,567.9585021395843,4639.851581702047,0.0,0.0,567.9585021395843,5296.723265544739,15890.169796634216,567.9585021395843,0.31553250118865794,1703.875506418753,5793.17672182376,6610.466633230124,19831.399899690372,67426.75965894727,7178.425135369708,21535.275406109125,73219.93638077103,0.5982020946141423,1.3398368053878256,6.699184026939127,0.3940696486434781,760.9717050995552,760.9717050995552,0.0,2282.9151152986656,2282.9151152986656,0.0,1703.875506418753,0.0,1703.875506418753,5793.17672182376,0.0,17912.890818390217,-0.12519181721945796,202.53704341413012
47,47,2025,3SB,3,SB,PM-Late,3,OP,PM,3.4,70,12000,1.6,5.0,75,1800,1,4,0.05,0.01,6623.0,0.0,819.0,0.0,0.0,1.0,1.0,1.0,1.83,0.915,0.13729977116704806,0.13729977116704806,30,4.135,0.592,3973.7999999999997,0.0,491.4,0.0,0.0,4465.2,5448.0,1.0,1.2,0.34923076923076923,5448.0,0.0,1.0,79.476,3699.6077999999993,0.0,466.83,0.0,0.0,4241.94,0.17123020432120908,0.8561510216060454,,0.13723561412477542,0.13729827753784826,119.31602779753663,596.5801389876832,68.7000415410153,74.16014017675994,0.46496393026276067,2.750803861936723,2.969430518876876,-0.21862665694015293,0.030219352915956735,507.71794845380924,3386.6060515461904,0.0,0.0,507.71794845380924,3878.0060515461905,11634.018154638572,507.71794845380924,0.2820655269187829,1523.1538453614278,5178.723074228855,4860.80605154619,14582.41815463857,49580.22172577114,5368.523999999999,16105.571999999998,54758.94479999999,0.44737699999999997,0.5821826946921109,2.910913473460554,0.17123020432120908,295.58460337438896,295.58460337438896,0.0,886.7538101231669,886.7538101231669,0.0,1523.1538453614278,0.0,1523.1538453614278,5178.723074228855,0.0,13395.599999999999,-0.07362578634196965,159.77448573935195
48,48,2025,4NB,4,NB,Night,8,OP,NT,4.4,70,12000,1.6,6.5,75,1800,1,4,0.05,0.01,3091.0,0.0,382.0,0.0,0.0,1.0,1.0,1.0,1.83,0.915,0.13729977116704806,0.13729977116704806,30,4.103,0.708,2259.6273365637903,0.0,279.25514156174955,0.0,0.0,2538.88247812554,3097.392761249039,1.0,1.2,0.19855081802878455,3097.392761249039,0.0,1.0,45.192546731275804,2103.713050340889,0.0,265.2923844836621,0.0,0.0,2411.9383542192627,0.14495715587322103,0.7247857793661051,,0.13729965783287643,0.13729968877787777,131.1645070939796,655.822535469898,69.99109523607216,74.91116034397378,0.0,3.5241744859881545,3.7719083993407656,-0.24773391335261108,0.0002629456958825266,288.8390819903608,1925.5957078421538,0.0,0.0,288.8390819903608,2204.8508494039033,17638.806795231227,288.8390819903608,0.16046615666131156,2310.7126559228864,10167.135686060701,2763.3611325274023,22106.88906021922,97270.31186496458,3052.200214517763,24417.601716142104,107437.44755102528,0.25435001787648026,0.6378114858421726,3.189057429210863,0.14495715587322103,184.22488405356114,184.22488405356114,0.0,1473.7990724284891,1473.7990724284891,0.0,2310.7126559228864,0.0,2310.7126559228864,10167.135686060701,0.0,20311.05982500432,-0.06567866637374034,154.4749712812261
49,49,2025,4NB,4,NB,AM-Early,1,OP,AM,4.4,70,12000,1.6,6.5,75,1800,1,4,0.05,0.01,2962.0,0.0,366.0,0.0,0.0,1.0,1.0,1.0,1.83,0.915,0.13729977116704806,0.13729977116704806,30,4.155,0.715,2259.7234873940033,0.0,279.22309128501183,0.0,0.0,2538.946578679015,3097.392761249039,1.0,1.2,0.19855081802878455,3097.392761249039,0.0,1.0,45.19446974788007,2103.8025667638167,0.0,265.26193672076124,0.0,0.0,2411.9992497450644,0.1538902478167777,0.7694512390838886,,0.13725720720523568,0.1372549772147888,139.24543548614787,696.2271774307394,69.99109364892186,74.91124011122653,0.0,3.5241707333641616,3.7719084848742988,-0.2477377515101371,0.0002629925682586369,288.76206482520786,1925.7669528209155,0.0,0.0,288.76206482520786,2204.990044105927,2204.990044105927,288.76206482520786,0.1604233693473377,288.76206482520786,1270.5530852309146,2763.436226675951,2763.436226675951,12159.119397374185,3052.1982915011586,3052.1982915011586,13429.6724826051,0.25434985762509654,0.677117090393822,3.38558545196911,0.1538902478167777,195.52572915055694,195.52572915055694,0.0,195.52572915055694,195.52572915055694,0.0,288.76206482520786,0.0,288.76206482520786,1270.5530852309146,0.0,2538.946578679015,-0.06567968244817932,163.992064899188
50,50,2025,4NB,4,NB,AM-Peak,2,Peak,AM,4.4,70,12000,1.6,6.5,75,1800,1,4,0.05,0.01,6108.0,0.0,755.0,0.0,0.0,1.0,1.0,1.0,1.83,0.915,0.13729977116704806,0.13729977116704806,30,4.155,0.715,3664.7999999999997,0.0,453.0,0.0,0.0,4117.799999999999,5023.799999999999,1.0,1.2,0.3220384615384615,5023.799999999999,0.0,1.0,73.29599999999999,3411.9287999999997,0.0,430.34999999999997,0.0,0.0,3911.909999999999,0.14879007958184987,0.7439503979092493,,0.13725233228620234,0.1372996608453006,139.23133848692436,696.1566924346218,69.79405671297397,74.39030495107289,0.8661555026444646,3.5488495466396452,3.78255703183571,-0.23370748519606455,0.006098396303111912,468.2951853944636,3123.208814605536,0.0,0.0,468.2951853944636,3576.208814605536,7152.417629211072,468.2951853944636,0.26016399188581313,936.5903707889272,4120.99763147128,4482.208814605536,8964.417629211071,39443.437568528716,4950.503999999999,9901.007999999998,43564.43519999999,0.4125419999999999,0.6546763501601395,3.2733817508006973,0.14879007958184987,306.5817827716133,306.5817827716133,0.0,613.1635655432266,613.1635655432266,0.0,936.5903707889272,0.0,936.5903707889272,4120.99763147128,0.0,8235.599999999999,-0.06178558134856308,168.07583623885495
51,51,2025,4NB,4,NB,AM-Shoulder,1,OP,AM,4.4,70,12000,1.6,6.5,75,1800,1,4,0.05,0.01,6983.0,0.0,863.0,0.0,0.0,1.0,1.0,1.0,1.83,0.915,0.13729977116704806,0.13729977116704806,30,4.155,0.715,4189.8,0.0,517.8,0.0,0.0,4707.6,5743.2,1.0,1.2,0.36815384615384616,5743.2,0.0,1.0,83.796,3900.7038,0.0,491.9099999999999,0.0,0.0,4472.22,0.16816719318324483,0.8408359659162241,,0.12461100972257828,0.12469269479642538,145.2662171072745,726.3310855363725,69.47980426892963,74.2540273124023,0.8553708141490732,3.5553627130458056,3.799665280836967,-0.24430256779116144,0.01547371675580085,486.07063914669806,3619.9333608533025,0.0,0.0,486.07063914669806,4137.733360853303,4137.733360853303,486.07063914669806,0.2700392439703878,486.07063914669806,2138.7108122454715,5173.333360853302,5173.333360853302,22762.66678775453,5659.404,5659.404,24901.3776,0.47161700000000006,0.7399356500062773,3.6996782500313863,0.16816719318324483,359.66099432597866,359.66099432597866,0.0,359.66099432597866,359.66099432597866,0.0,486.07063914669806,0.0,486.07063914669806,2138.7108122454715,0.0,4707.6,-0.06429581285048033,181.72604324948415
52,52,2025,4NB,4,NB,MD,5,OP,MD,4.4,70,12000,1.6,6.5,75,1800,1,4,0.05,0.01,7316.0,0.0,904.0,0.0,0.0,1.0,1.0,1.0,1.83,0.915,0.13729977116704806,0.13729977116704806,30,4.136,0.708,4811.04790260831,0.0,594.4761213720493,0.0,0.0,5405.52402398036,6594.476266724458,1.0,1.2,0.42272283761054213,6594.476266724458,0.0,1.0,96.22095805216621,4479.085597328337,0.0,564.7523153034468,0.0,0.0,5135.247822781342,0.21813956695418324,1.0906978347709162,,0.10922869274586704,0.10935476871955711,149.42826818945963,747.1413409472982,68.64139895990874,74.16987569904092,1.2919147717990704,3.559396554353586,3.846075458837807,-0.28667890448422106,0.040906494300261345,489.24466449301525,4225.5822800631295,0.0,0.0,489.24466449301525,4820.058401435179,24100.292007175893,489.24466449301525,0.27180259138500845,2446.2233224650763,10763.382618846337,6009.010644179278,30045.05322089639,132198.23417194412,6498.255308672293,32491.276543361466,142961.61679079046,0.541521275722691,0.9598140945984063,4.799070472992032,0.21813956695418324,469.5839246874645,469.5839246874645,0.0,2347.9196234373226,2347.9196234373226,0.0,2446.2233224650763,0.0,2446.2233224650763,10763.382618846337,0.0,27027.6201199018,-0.07453803430337497,200.88274642850146
53,53,2025,4NB,4,NB,PM-Shoulder,1,OP,PM,4.4,70,12000,1.6,6.5,75,1800,1,4,0.05,0.01,7941.0,0.0,982.0,0.0,0.0,1.0,1.0,1.0,1.83,0.915,0.13729977116704806,0.13729977116704806,30,4.135,0.592,6887.834743723296,0.0,851.7634703861323,0.0,0.0,7739.598214109428,9443.125154881693,1.0,1.2,0.6053285355693393,9443.125154881693,0.0,1.0,137.75669487446592,6412.5741464063885,0.0,809.1752968668256,0.0,0.0,7352.618303403957,0.8479809154628049,4.239904577314024,,0.0961760976940154,0.09697216037588129,134.8289923080642,674.1449615403209,57.50497444178762,72.7541099462774,2.227241933729139,3.628660981420034,4.59090717912148,-0.9622461977014458,0.4490742770157139,616.7363575748983,6133.341691273931,0.0,0.0,616.7363575748983,6985.1051616600635,6985.1051616600635,616.7363575748983,0.3426313097638324,616.7363575748983,2713.639973329553,8688.632102432328,8688.632102432328,38229.98125070224,9305.368460007227,9305.368460007227,40943.6212240318,0.7754473716672688,3.731116028036342,18.65558014018171,0.8479809154628049,2301.1149088204556,2301.1149088204556,0.0,2301.1149088204556,2301.1149088204556,0.0,616.7363575748983,0.0,616.7363575748983,2713.639973329553,0.0,7739.598214109428,-0.20959826896033695,232.6503988448487
54,54,2025,4NB,4,NB,PM-Peak,3,Peak,PM,4.4,70,12000,1.6,6.5,75,1800,1,4,0.05,0.01,6919.0,0.0,855.0,0.0,0.0,1.0,1.0,1.0,1.83,0.915,0.13729977116704806,0.13729977116704806,30,4.135,0.592,7075.625486013744,0.0,874.3546452582383,0.0,0.0,7949.980131271983,9698.689421788458,1.0,1.2,0.621710860371055,9698.689421788458,0.0,1.0,141.5125097202749,6587.407327478796,0.0,830.6369129953264,0.0,0.0,7552.4811247083835,0.9149883801590789,4.574941900795395,,0.1031084485915607,0.10403411095145156,131.66566457492831,658.3283228746416,55.99537952704992,71.8926140972266,3.252278035749255,3.6721435618263927,4.714674714767643,-1.0425311529412502,0.5168988865498114,679.2173497770177,6254.8956265164525,0.0,0.0,679.2173497770177,7129.250271774691,21387.750815324074,679.2173497770177,0.37734297209834317,2037.6520493310531,8965.669017056634,8877.959562291167,26633.878686873504,117189.06622224343,9557.176912068186,28671.530736204557,126154.73523930006,0.7964314093390155,4.0259488726999475,20.12974436349974,0.914988380159079,2734.4943236530303,2734.4943236530303,0.0,8203.48297095909,8203.48297095909,0.0,2037.6520493310531,0.0,2037.6520493310531,8965.669017056634,0.0,23849.94039381595,-0.22112472567317512,231.70236369484232
55,55,2025,4NB,4,NB,PM-Late,3,OP,PM,4.4,70,12000,1.6,6.5,75,1800,1,4,0.05,0.01,7138.0,0.0,882.0,0.0,0.0,1.0,1.0,1.0,1.83,0.915,0.13729977116704806,0.13729977116704806,30,4.135,0.592,4762.437002652254,0.0,588.4658778844617,0.0,0.0,5350.902880536715,6527.834636305639,1.0,1.2,0.41845093822472046,6527.834636305639,0.0,1.0,95.24874005304508,4433.828849469248,0.0,559.0425839902387,0.0,0.0,5083.357736509879,0.1784329815583861,0.8921649077919305,,0.11382711140386684,0.11394029025763773,127.59422668025765,637.9711334012882,68.7537935887606,74.0857351990571,1.18715142749653,3.56343902494417,3.839788122515423,-0.27634909757125303,0.0374610339955947,504.6899303942148,4162.498332204994,0.0,0.0,504.6899303942148,4750.964210089455,14252.892630268365,504.6899303942148,0.2803832946634527,1514.0697911826444,6661.907081203636,5927.895965858379,17783.68789757514,78248.22674933061,6432.585896252594,19297.75768875778,84910.13383053425,0.5360488246877161,0.7851051188568989,3.9255255942844944,0.1784329815583861,396.23464778803003,396.23464778803003,0.0,1188.70394336409,1188.70394336409,0.0,1514.0697911826444,0.0,1514.0697911826444,6661.907081203636,0.0,16052.708641610145,-0.07196988186687195,170.45942087532305
56,56,2025,4SB,4,SB,Night,8,OP,NT,4.4,70,12000,1.6,5.0,75,1800,1,4,0.05,0.01,2482.0,0.0,307.0,0.0,0.0,1.0,1.0,1.0,1.83,0.915,0.13729977116704806,0.13729977116704806,30,4.103,0.708,1489.2,0.0,184.2,0.0,0.0,1673.4,2041.8,1.0,1.2,0.13088461538461538,2041.8,0.0,1.0,29.784000000000002,1386.4451999999999,0.0,174.98999999999998,0.0,0.0,1589.73,0.14698325272397533,0.7349162636198767,,0.1372990897448385,0.13729921007877713,131.1673508289537,655.8367541447685,69.99020956478707,74.98322420658481,0.0,3.520787520054603,3.771956129887367,-0.2511686098327641,0.0002891020354200552,190.35766394110055,1269.0583360588994,0.0,0.0,190.35766394110055,1453.2583360588994,11626.066688471195,190.35766394110055,0.10575425774505587,1522.8613115288044,6700.58977072674,1821.6583360588993,14573.266688471194,64122.37342927326,2012.0159999999998,16096.127999999999,70822.9632,0.16766799999999998,0.6467263119854915,3.2336315599274577,0.14698325272397533,123.10930995880153,123.10930995880153,0.0,984.8744796704123,984.8744796704123,0.0,1522.8613115288044,0.0,1522.8613115288044,6700.58977072674,0.0,13387.2,-0.06658842287231591,154.4921506909885
57,57,2025,4SB,4,SB,AM-Early,1,OP,AM,4.4,70,12000,1.6,5.0,75,1800,1,4,0.05,0.01,6693.0,0.0,827.0,0.0,0.0,1.0,1.0,1.0,1.83,0.915,0.13729977116704806,0.13729977116704806,30,4.155,0.715,8031.599999999999,0.0,992.4,0.0,0.0,9024.0,11008.8,1.0,1.2,0.7056923076923076,11008.8,0.0,1.0,160.632,7477.419599999999,0.0,942.78,0.0,0.0,8572.8,0.9149999995452922,4.5749999977264615,,0.13729977040989755,0.1372997689995986,62.112285884183244,310.5614294209162,42.753668646129796,63.062953484449444,1.2126118654643137,4.186292988404027,6.174908688775137,-1.9886157003711098,1.317107104305918,1026.647994338468,6844.3200056615315,0.0,0.0,1026.647994338468,7836.720005661531,7836.720005661531,1026.647994338468,0.5703599968547044,1026.647994338468,4517.251175089259,9821.520005661532,9821.520005661532,43214.68802491074,10848.168,10848.168,47731.9392,0.904014,4.025999997999286,20.12999998999643,0.9149999995452922,4133.284823152643,4133.284823152643,0.0,4133.284823152643,4133.284823152643,0.0,1026.647994338468,0.0,1026.647994338468,4517.251175089259,0.0,9024.0,-0.3220477905990824,121.47143353785142
58,58,2025,4SB,4,SB,AM-Peak,2,Peak,AM,4.4,70,12000,1.6,5.0,75,1800,1,4,0.05,0.01,8936.0,0.0,1104.0,0.0,0.0,1.0,1.0,1.0,1.83,0.915,0.13729977116704806,0.13729977116704806,30,4.155,0.715,10157.470189192063,0.0,1254.90679150269,0.0,0.0,11412.376980694753,13922.190563700133,1.0,1.2,0.8924481130577008,13922.190563700133,0.0,1.0,203.14940378384128,9456.60474613781,0.0,1192.1614519275556,0.0,0.0,10841.758131660015,1.8299999998581093,9.149999999290547,,0.13729977105613259,0.1372997685811513,38.80743584509604,194.03717922548014,22.865279080903743,50.53106832541623,2.3957453921265426,5.224508579550705,11.54589012738022,-6.321381547829515,4.260404932661504,1298.3896666130581,8655.931118795163,0.0,0.0,1298.3896666130581,9910.837910297852,19821.675820595705,1298.3896666130581,0.7213275925628101,2596.7793332261163,11425.829066194912,12420.651493303234,24841.302986606468,109301.73314106847,13719.041159916293,27438.082319832585,120727.56220726339,1.1432534299930244,8.051999999375681,40.259999996878406,1.8299999998581091,10454.633594757735,10454.633594757735,0.0,20909.26718951547,20909.26718951547,0.0,2596.7793332261163,0.0,2596.7793332261163,11425.829066194912,0.0,22824.753961389506,-0.5475005805605951,76.42633122318381
59,59,2025,4SB,4,SB,AM-Shoulder,1,OP,AM,4.4,70,12000,1.6,5.0,75,1800,1,4,0.05,0.01,7943.0,0.0,982.0,0.0,0.0,1.0,1.0,1.0,1.83,0.915,0.13729977116704806,0.13729977116704806,30,4.155,0.715,9531.6,0.0,1178.3999999999999,0.0,0.0,10710.0,13066.8,1.0,1.2,0.8376153846153845,13066.8,0.0,1.0,190.632,8873.919600000001,0.0,1119.4799999999998,0.0,0.0,10174.5,1.8299999816544914,9.149999908272457,,0.13729977010972869,0.13729976031972757,53.36215685194767,266.8107842597383,27.983623379933228,54.52673801425491,1.440238548867367,4.841661350271541,9.434089231965283,-4.592427881693742,3.1031380419741192,1218.3871210522157,8122.580878947785,0.0,0.0,1218.3871210522157,9300.980878947785,9300.980878947785,1218.3871210522157,0.6768817339178976,1218.3871210522157,5360.9033326297495,11657.780878947786,11657.780878947786,51294.23586737026,12876.168000000001,12876.168000000001,56655.13920000001,1.0730140000000001,8.051999919279762,40.25999959639881,1.8299999816544914,9810.453000363943,9810.453000363943,0.0,9810.453000363943,9810.453000363943,0.0,1218.3871210522157,0.0,1218.3871210522157,5360.9033326297495,0.0,10710.0,-0.4867908039425084,105.19925573193875
60,60,2025,4SB,4,SB,MD,5,OP,MD,4.4,70,12000,1.6,5.0,75,1800,1,4,0.05,0.01,7386.0,0.0,913.0,0.0,0.0,1.0,1.0,1.0,1.83,0.915,0.13729977116704806,0.13729977116704806,30,4.136,0.708,6453.970024246335,0.0,797.7896875354595,0.0,0.0,7251.759711781795,8847.339086852713,1.0,1.2,0.567137120952097,8847.339086852713,0.0,1.0,129.0794004849267,6008.646092573337,0.0,757.9002031586865,0.0,0.0,6889.171726192705,0.914998668001769,4.574993340008845,,0.11824767736780532,0.11904254380913427,144.21264365040287,721.0632182520144,56.940870251507505,71.61038361707705,1.4898859605823258,3.686616195378731,4.636388570001011,-0.9497723746222801,0.4739980792176969,710.5084445719361,5614.3821791894725,0.0,0.0,710.5084445719361,6412.1718667249315,32060.859333624656,710.5084445719361,0.39472691365107565,3552.542222859681,15631.185780582597,8007.7512417958515,40038.756208979255,176170.52731950875,8718.259686367788,43591.298431838935,191801.71310009135,0.726521640530649,4.025994139207784,20.12997069603892,0.914998668001769,2860.5028337042536,2860.5028337042536,0.0,14302.514168521267,14302.514168521267,0.0,3552.542222859681,0.0,3552.542222859681,15631.185780582597,0.0,36258.79855890897,-0.20485176345391454,254.33425398220717
61,61,2025,4SB,4,SB,PM-Shoulder,1,OP,PM,4.4,70,12000,1.6,5.0,75,1800,1,4,0.05,0.01,4922.0,0.0,608.0,0.0,0.0,1.0,1.0,1.0,1.83,0.915,0.13729977116704806,0.13729977116704806,30,4.135,0.592,5305.814603962553,0.0,655.4114748494985,0.0,0.0,5961.226078812051,7272.049028511048,1.0,1.2,0.4661569890071185,7272.049028511048,0.0,1.0,106.11629207925105,4939.713396289136,0.0,622.6409011070235,0.0,0.0,5663.164774871449,0.3915718456901417,1.9578592284507086,,0.11483681966697333,0.1151130564212549,127.13731540266767,635.6865770133384,64.39006434311162,73.55927456340727,1.2998223400870015,3.588942408240241,4.100011433336026,-0.511069025095785,0.1800634083252851,567.2609764961878,4632.437335387113,0.0,0.0,567.2609764961878,5287.848810236612,5287.848810236612,567.2609764961878,0.31514498694232657,567.2609764961878,2495.9482965832267,6598.671759935609,6598.671759935609,29034.15574371668,7165.932736431797,7165.932736431797,31530.104040299906,0.5971610613693165,1.7229161210366235,8.614580605183118,0.3915718456901417,977.3430812402592,977.3430812402592,0.0,977.3430812402592,977.3430812402592,0.0,567.2609764961878,0.0,567.2609764961878,2495.9482965832267,0.0,5961.226078812051,-0.12465063412760956,202.27202625481513
62,62,2025,4SB,4,SB,PM-Peak,3,Peak,PM,4.4,70,12000,1.6,5.0,75,1800,1,4,0.05,0.01,6721.0,0.0,831.0,0.0,0.0,1.0,1.0,1.0,1.83,0.915,0.13729977116704806,0.13729977116704806,30,4.135,0.592,5887.543226323275,0.0,727.9494749404317,0.0,0.0,6615.492701263707,8071.3916511445705,1.0,1.2,0.5173969007143956,8071.3916511445705,0.0,1.0,117.7508645264655,5481.3027437069695,0.0,691.5520011934101,0.0,0.0,6284.718066200521,0.5884230781327123,2.9421153906635618,,0.11103090009343364,0.11149378653926471,128.56368579436784,642.8184289718392,60.93098193597601,73.06278584340288,2.4021238341776443,3.613330602611255,4.332771138948677,-0.7194405363374217,0.3076157270010178,608.5939773183923,5161.198384478418,0.0,0.0,608.5939773183923,5889.14785941885,17667.44357825655,608.5939773183923,0.33810776517688457,1825.7819319551768,8033.440500602778,7345.0468092997135,22035.14042789914,96954.61788275623,7953.640786618105,23860.922359854318,104988.058383359,0.6628033988848421,2.5890615437839344,12.945307718919672,0.5884230781327123,1575.6872624535615,1575.6872624535615,0.0,4727.061787360684,4727.061787360684,0.0,1825.7819319551768,0.0,1825.7819319551768,8033.440500602778,0.0,19846.478103791123,-0.16604628152872852,215.9229078442961
63,63,2025,4SB,4,SB,PM-Late,3,OP,PM,4.4,70,12000,1.6,5.0,75,1800,1,4,0.05,0.01,6114.0,0.0,756.0,0.0,0.0,1.0,1.0,1.0,1.83,0.915,0.13729977116704806,0.13729977116704806,30,4.135,0.592,3668.4,0.0,453.59999999999997,0.0,0.0,4122.0,5029.2,1.0,1.2,0.3223846153846154,5029.2,0.0,1.0,73.36800000000001,3415.2804,0.0,430.91999999999996,0.0,0.0,3915.8999999999996,0.15766003357915453,0.7883001678957726,,0.13724686478890177,0.13729763924625013,119.31323338946261,596.5661669473129,69.12323597537257,74.38800897766,0.5552408639898391,3.5489590812853153,3.819265638750748,-0.27030655746543264,0.02621471289255302,468.7365272749864,3126.295472725014,0.0,0.0,468.7365272749864,3579.895472725014,10739.686418175042,468.7365272749864,0.2604091818194369,1406.209581824959,6187.32216002982,4487.095472725014,13461.286418175041,59229.66023997019,4955.832,14867.496,65416.98240000001,0.412986,0.69370414774828,3.4685207387414,0.15766003357915453,325.16447317178284,325.16447317178284,0.0,975.4934195153485,975.4934195153485,0.0,1406.209581824959,0.0,1406.209581824959,6187.32216002982,0.0,12366.0,-0.07077448468702162,153.98164682046064
64,64,2025,5NB,5,NB,Night,8,OP,NT,3.0,70,8000,1.6,6.5,75,1800,1,4,0.05,0.01,1592.0,0.0,197.0,0.0,0.0,1.0,1.0,1.0,1.83,0.915,0.1933404940923738,0.1933404940923738,30,4.103,0.708,1563.8128011267568,0.0,193.51201119470545,0.0,0.0,1757.324812321462,2144.3488347108732,1.0,1.2,0.18485765816473046,2144.3488347108732,0.0,1.0,31.276256022535136,1455.9097178490106,0.0,183.83641063497018,0.0,0.0,1669.458571705389,0.12392280032195056,0.6196140016097528,,0.1933338558356143,0.1933340511688995,111.7071814882207,558.5359074411035,69.99138471702591,74.93170625035748,0.0,2.402187391791059,2.571745090166986,-0.16955769837592705,0.0001734522686512666,281.4766395002905,1251.0599056039312,0.0,0.0,281.4766395002905,1444.5719167986367,11556.575334389094,281.4766395002905,0.15637591083349472,2251.813116002324,6755.439348006972,1831.5959391880474,14652.76751350438,43958.302540513134,2113.0725786883377,16904.5806295067,50713.741888520104,0.2641340723360422,0.3717684009658517,1.8588420048292584,0.12392280032195058,104.64412017626448,104.64412017626448,0.0,837.1529614101158,837.1529614101158,0.0,2251.813116002324,0.0,2251.813116002324,6755.439348006972,0.0,14058.598498571697,-0.06593098943757195,131.55465231956705
65,65,2025,5NB,5,NB,AM-Early,1,OP,AM,3.0,70,8000,1.6,6.5,75,1800,1,4,0.05,0.01,2313.0,0.0,286.0,0.0,0.0,1.0,1.0,1.0,1.83,0.915,0.1933404940923738,0.1933404940923738,30,4.155,0.715,1564.137134874251,0.0,193.40389994554076,0.0,0.0,1757.5410348197918,2144.3488347108732,1.0,1.2,0.18485765816473046,2144.3488347108732,0.0,1.0,31.28274269748502,1456.2116725679275,0.0,183.73370494826372,0.0,0.0,1669.6639830788022,0.13132897297274895,0.6566448648637447,,0.1933339619725378,0.1933345272060968,118.3846338185913,591.9231690929565,69.99138647619222,74.93164949310331,0.0,2.402189211336755,2.571745025528642,-0.1695558141918867,0.00017341684683872595,281.5351721282134,1251.3192200485526,0.0,0.0,281.5351721282134,1444.7231199940934,1444.7231199940934,281.5351721282134,0.15640842896011856,281.5351721282134,844.6055163846402,1831.5309198851749,1831.5309198851749,5494.592759655525,2113.0660920133882,2113.0660920133882,6339.198276040165,0.26413326150167354,0.3939869189182469,1.9699345945912343,0.13132897297274895,110.92117503391309,110.92117503391309,0.0,110.92117503391309,110.92117503391309,0.0,281.5351721282134,0.0,281.5351721282134,844.6055163846402,0.0,1757.5410348197918,-0.0659302584466099,139.4184873444815
66,66,2025,5NB,5,NB,AM-Peak,2,Peak,AM,3.0,70,8000,1.6,6.5,75,1800,1,4,0.05,0.01,4412.0,0.0,545.0,0.0,0.0,1.0,1.0,1.0,1.83,0.915,0.1933404940923738,0.1933404940923738,30,4.155,0.715,2647.2,0.0,327.0,0.0,0.0,2974.2,3628.2,1.0,1.2,0.3127758620689655,3628.2,0.0,1.0,52.943999999999996,2464.5431999999996,0.0,310.65,0.0,0.0,2825.49,0.13031911807742674,0.6515955903871338,,0.19331402678231213,0.19333556763273577,118.38605680931882,591.9302840465941,69.73811600881221,74.44308705793901,0.7490554439190321,2.4179545356562944,2.5810849260289013,-0.1631303903726069,0.00529168232098075,476.43077017096516,2117.825229829035,0.0,0.0,476.43077017096516,2444.825229829035,4889.65045965807,476.43077017096516,0.26468376120609177,952.8615403419303,2858.584621025791,3098.825229829035,6197.65045965807,18592.95137897421,3575.2560000000003,7150.512000000001,21451.536,0.44690700000000005,0.39095735423228023,1.9547867711614013,0.13031911807742674,186.26411338088812,186.26411338088812,0.0,372.52822676177624,372.52822676177624,0.0,952.8615403419303,0.0,952.8615403419303,2858.584621025791,0.0,5948.4,-0.06320225604648713,143.7956545089947
67,67,2025,5NB,5,NB,AM-Shoulder,1,OP,AM,3.0,70,8000,1.6,6.5,75,1800,1,4,0.05,0.01,4147.0,0.0,512.0,0.0,0.0,1.0,1.0,1.0,1.83,0.915,0.1933404940923738,0.1933404940923738,30,4.155,0.715,2488.2,0.0,307.2,0.0,0.0,2795.3999999999996,3409.7999999999997,1.0,1.2,0.29394827586206895,3409.7999999999997,0.0,1.0,49.763999999999996,2316.5141999999996,0.0,291.84,0.0,0.0,2655.6299999999997,0.12952150340311006,0.6476075170155503,,0.1933252238565328,0.1933388794590089,118.3840615442328,591.920307721164,69.82489059818181,74.5645084064562,0.4502299541459991,2.414017122178393,2.57787729358343,-0.16386017140503695,0.0035338997408624726,447.84062628183693,1990.595373718163,0.0,0.0,447.84062628183693,2297.795373718163,2297.795373718163,447.84062628183693,0.24880034793435385,447.84062628183693,1343.5218788455109,2912.195373718163,2912.195373718163,8736.586121154489,3360.036,3360.036,10080.108,0.4200045,0.38856451020933014,1.942822551046651,0.12952150340311006,174.01497360304162,174.01497360304162,0.0,174.01497360304162,174.01497360304162,0.0,447.84062628183693,0.0,447.84062628183693,1343.5218788455109,0.0,2795.3999999999996,-0.06356399189864458,142.2790566655245
68,68,2025,5NB,5,NB,MD,5,OP,MD,3.0,70,8000,1.6,6.5,75,1800,1,4,0.05,0.01,4546.0,0.0,562.0,0.0,0.0,1.0,1.0,1.0,1.83,0.915,0.1933404940923738,0.1933404940923738,30,4.136,0.708,2727.6,0.0,337.2,0.0,0.0,3064.7999999999997,3739.2,1.0,1.2,0.32234482758620686,3739.2,0.0,1.0,54.552,2539.3956,0.0,320.34,0.0,0.0,2911.5599999999995,0.1300800727926596,0.650400363963298,,0.19000262871373083,0.1900275959551474,116.45193055988531,582.2596527994267,69.67627037909632,74.4103661913735,0.5219079914759999,2.419017795680028,2.5833759330206925,-0.16435813734066462,0.006547154152482405,482.4918393440817,2190.556160655918,0.0,0.0,482.4918393440817,2527.756160655918,12638.78080327959,482.4918393440817,0.26805102185782315,2412.4591967204087,7237.377590161226,3202.156160655918,16010.780803279591,48032.34240983878,3684.6479999999997,18423.239999999998,55269.72,0.46058099999999996,0.3902402183779788,1.951201091889894,0.1300800727926596,188.2877207512271,188.2877207512271,0.0,941.4386037561355,941.4386037561355,0.0,2412.4591967204087,0.0,2412.4591967204087,7237.377590161226,0.0,15323.999999999998,-0.06362145564640442,142.4597131698307
69,69,2025,5NB,5,NB,PM-Shoulder,1,OP,PM,3.0,70,8000,1.6,6.5,75,1800,1,4,0.05,0.01,5076.0,0.0,627.0,0.0,0.0,1.0,1.0,1.0,1.83,0.915,0.1933404940923738,0.1933404940923738,30,4.135,0.592,3045.6,0.0,376.2,0.0,0.0,3421.7999999999997,4174.2,1.0,1.2,0.3598448275862069,4174.2,0.0,1.0,60.912,2835.4536,0.0,357.39,0.0,0.0,3250.7099999999996,0.13523315059085206,0.6761657529542603,,0.17478256116511,0.17481697353313583,108.71146760695034,543.5573380347516,69.28936327170918,74.32098151326585,0.7231677152420842,2.42192711041997,2.597801329103769,-0.17587421868379893,0.01445227120600852,495.5878422728313,2489.1001577271686,0.0,0.0,495.5878422728313,2865.3001577271684,2865.3001577271684,495.5878422728313,0.27532657904046187,495.5878422728313,1486.763526818494,3617.7001577271685,3617.7001577271685,10853.100473181505,4113.288,4113.288,12339.863999999998,0.514161,0.4056994517725562,2.0284972588627808,0.13523315059085206,201.05971591523172,201.05971591523172,0.0,201.05971591523172,201.05971591523172,0.0,495.5878422728313,0.0,495.5878422728313,1486.763526818494,0.0,3421.7999999999997,-0.0677011812694987,138.40554510219232
70,70,2025,5NB,5,NB,PM-Peak,3,Peak,PM,3.0,70,8000,1.6,6.5,75,1800,1,4,0.05,0.01,5606.0,0.0,693.0,0.0,0.0,1.0,1.0,1.0,1.83,0.915,0.1933404940923738,0.1933404940923738,30,4.135,0.592,4721.811271969173,0.0,583.6987533847015,0.0,0.0,5305.510025353874,6472.907532123278,1.0,1.2,0.5580092700106274,6472.907532123278,0.0,1.0,94.43622543938345,4396.006294203299,0.0,554.5138157154664,0.0,0.0,5040.23452408618,0.8463390070261866,4.231695035130933,,0.12326069028924375,0.12361883745529265,123.9643817190049,619.8219085950246,56.96771702828034,73.84690421821993,2.9091494817609975,2.437475232111211,3.159684280671508,-0.722209048560297,0.3223641286651294,541.854770339359,4085.52027619043,0.0,0.0,541.854770339359,4669.219029575132,14007.657088725395,541.854770339359,0.3010304279663106,1625.564311018077,4876.692933054231,5836.616536344534,17509.849609033605,52529.548827100814,6378.471306683893,19135.41392005168,57406.24176015505,0.7973089133354866,2.5390170210785596,12.695085105392799,0.8463390070261866,1375.7784848442463,1375.7784848442463,0.0,4127.335454532739,4127.335454532739,0.0,1625.564311018077,0.0,1625.564311018077,4876.692933054231,0.0,15916.530076061623,-0.2285700039647032,210.9375693483778
71,71,2025,5NB,5,NB,PM-Late,3,OP,PM,3.0,70,8000,1.6,6.5,75,1800,1,4,0.05,0.01,4570.0,0.0,565.0,0.0,0.0,1.0,1.0,1.0,1.83,0.915,0.1933404940923738,0.1933404940923738,30,4.135,0.592,2742.0,0.0,339.0,0.0,0.0,3081.0,3759.0,1.0,1.2,0.32405172413793104,3759.0,0.0,1.0,54.84,2552.8019999999997,0.0,322.05,0.0,0.0,2926.95,0.11575762989662512,0.5787881494831256,,0.19308785115364785,0.1931118674002804,104.37160934380313,521.8580467190155,69.67019239059081,74.36231172613788,0.4989708281709343,2.420581015056464,2.58360130528805,-0.16302029023158626,0.006670658154994302,492.9150526007345,2194.2449473992656,0.0,0.0,492.9150526007345,2533.2449473992656,7599.734842197797,492.9150526007345,0.27384169588929697,1478.7451578022035,4436.23547340661,3211.2449473992656,9633.734842197797,28901.204526593392,3704.16,11112.48,33337.44,0.46302,0.34727288968987535,1.7363644484493768,0.11575762989662512,171.17603468829398,171.17603468829398,0.0,513.528104064882,513.528104064882,0.0,1478.7451578022035,0.0,1478.7451578022035,4436.23547340661,0.0,9243.0,-0.06309808324446982,127.81460118732716
72,72,2025,5SB,5,SB,Night,8,OP,NT,3.0,70,8000,1.6,5.0,75,1800,1,4,0.05,0.01,1472.0,0.0,182.0,0.0,0.0,1.0,1.0,1.0,1.83,0.915,0.1933404940923738,0.1933404940923738,30,4.103,0.708,1017.1803510987656,0.0,125.76550536683108,0.0,0.0,1142.9458564655968,1394.4768671992588,1.0,1.2,0.12021352303441886,1394.4768671992588,0.0,1.0,20.343607021975313,946.9949068729508,0.0,119.47723009848951,0.0,0.0,1085.7985636423168,0.12524798037306764,0.6262399018653382,,0.19333050305384022,0.19333259749772452,111.7085447489939,558.5427237449695,69.99108462486956,74.98776704331515,0.0,2.4003915184729623,2.57175611672178,-0.17136459824881767,0.0001794948206781655,183.08300173517216,813.7537423416181,0.0,0.0,183.08300173517216,939.5192477084493,7516.153981667594,183.08300173517216,0.10171277874176231,1464.6640138813773,4393.992041644132,1191.0502584421115,9528.402067536892,28585.206202610676,1374.1332601772838,10993.06608141827,32979.19824425481,0.17176665752216047,0.37574394111920295,1.8787197055960145,0.12524798037306764,68.79232862390747,68.79232862390747,0.0,550.3386289912597,550.3386289912597,0.0,1464.6640138813773,0.0,1464.6640138813773,4393.992041644132,0.0,9143.566851724774,-0.06663330054299872,131.5594743461415
73,73,2025,5SB,5,SB,AM-Early,1,OP,AM,3.0,70,8000,1.6,5.0,75,1800,1,4,0.05,0.01,3483.0,0.0,430.0,0.0,0.0,1.0,1.0,1.0,1.83,0.915,0.1933404940923738,0.1933404940923738,30,4.155,0.715,4179.599999999999,0.0,516.0,0.0,0.0,4695.599999999999,5727.599999999999,1.0,1.2,0.49375862068965515,5727.599999999999,0.0,1.0,83.59199999999998,3891.2075999999997,0.0,490.2,0.0,0.0,4460.82,0.8023352319287083,4.0116761596435415,,0.13574579824433158,0.13600542060238616,139.82437466395555,699.1218733197778,59.04498631471309,74.01219490397945,1.4881453994650617,2.432031643346411,3.048523020067951,-0.6164913767215401,0.2614477578543801,528.2150817964097,3567.7929182035896,0.0,0.0,528.2150817964097,4083.7929182035896,4083.7929182035896,528.2150817964097,0.2934528232202276,528.2150817964097,1584.6452453892289,5115.79291820359,5115.79291820359,15347.378754610769,5644.007999999999,5644.007999999999,16932.023999999998,0.7055009999999998,2.4070056957861246,12.035028478930624,0.8023352319287083,1271.4167104840917,1271.4167104840917,0.0,1271.4167104840917,1271.4167104840917,0.0,528.2150817964097,0.0,528.2150817964097,1584.6452453892289,0.0,4695.599999999999,-0.2022262494536776,234.26173860725387
74,74,2025,5SB,5,SB,AM-Peak,2,Peak,AM,3.0,70,8000,1.6,5.0,75,1800,1,4,0.05,0.01,4270.0,0.0,528.0,0.0,0.0,1.0,1.0,1.0,1.83,0.915,0.1933404940923738,0.1933404940923738,30,4.155,0.715,5124.0,0.0,633.6,0.0,0.0,5757.6,7024.8,1.0,1.2,0.6055862068965517,7024.8,0.0,1.0,102.48,4770.444,0.0,601.92,0.0,0.0,5469.72,0.9149999656920422,4.574999828460211,,0.1933404887262072,0.19334045361782864,89.49957699592099,447.4978849796049,49.531588590439654,67.86918696409164,1.451075130661548,2.652160841343727,3.634044558682754,-0.9818837173390271,0.5823135610152922,922.3199744010029,4099.200025598998,0.0,0.0,922.3199744010029,4732.800025598998,9465.600051197996,922.3199744010029,0.512399985778335,1844.6399488020058,5533.919846406017,6000.000025598998,12000.000051197996,36000.00015359399,6922.320000000001,13844.640000000001,41533.920000000006,0.8652900000000001,2.7449998970761267,13.724999485380632,0.9149999656920422,2531.768234802009,2531.768234802009,0.0,5063.536469604018,5063.536469604018,0.0,1844.6399488020058,0.0,1844.6399488020058,5533.919846406017,0.0,11515.2,-0.27019033517160124,167.73879728947537
75,75,2025,5SB,5,SB,AM-Shoulder,1,OP,AM,3.0,70,8000,1.6,5.0,75,1800,1,4,0.05,0.01,3240.0,0.0,400.0,0.0,0.0,1.0,1.0,1.0,1.83,0.915,0.1933404940923738,0.1933404940923738,30,4.155,0.715,3888.0,0.0,480.0,0.0,0.0,4368.0,5328.0,1.0,1.2,0.4593103448275862,5328.0,0.0,1.0,77.76,3619.7279999999996,0.0,456.0,0.0,0.0,4149.599999999999,0.5877689440068317,2.938844720034158,,0.13981305271045297,0.1399886576205896,138.02912917737265,690.1456458868631,62.0962519521902,74.17892760554702,1.3362282759057589,2.4265651420193866,2.898725677333754,-0.47216053531436764,0.17935881403604034,506.08522166150243,3304.154778338497,0.0,0.0,506.08522166150243,3784.154778338497,3784.154778338497,506.08522166150243,0.2811584564786125,506.08522166150243,1518.2556649845073,4744.154778338498,4744.154778338498,14232.464335015493,5250.24,5250.24,15750.720000000001,0.65628,1.763306832020495,8.816534160102474,0.5877689440068317,892.3835289403338,892.3835289403338,0.0,892.3835289403338,892.3835289403338,0.0,506.08522166150243,0.0,506.08522166150243,1518.2556649845073,0.0,4368.0,-0.1628855531264554,224.07296249524205
76,76,2025,5SB,5,SB,MD,5,OP,MD,3.0,70,8000,1.6,5.0,75,1800,1,4,0.05,0.01,4470.0,0.0,552.0,0.0,0.0,1.0,1.0,1.0,1.83,0.915,0.1933404940923738,0.1933404940923738,30,4.136,0.708,2682.0,0.0,331.2,0.0,0.0,3013.2,3675.6,1.0,1.2,0.3168620689655172,3675.6,0.0,1.0,53.64,2496.942,0.0,314.64,0.0,0.0,2862.5399999999995,0.16755608321236923,0.8377804160618462,,0.18900702399947497,0.1890387327411472,116.7532136320613,583.7660681603066,68.86524391898857,74.45877259983304,0.5206507167036296,2.4174451675074162,2.6138003694831564,-0.1963552019757402,0.02321974533391256,471.939576519297,2156.420423480703,0.0,0.0,471.939576519297,2487.620423480703,12438.102117403514,471.939576519297,0.2621886536218317,2359.697882596485,7079.093647789456,3150.020423480703,15750.102117403514,47250.306352210544,3621.96,18109.8,54329.4,0.452745,0.5026682496371077,2.5133412481855384,0.16755608321236923,237.22904086343286,237.22904086343286,0.0,1186.1452043171644,1186.1452043171644,0.0,2359.697882596485,0.0,2359.697882596485,7079.093647789456,0.0,15066.0,-0.07512249377123119,153.5996738296384
77,77,2025,5SB,5,SB,PM-Shoulder,1,OP,PM,3.0,70,8000,1.6,5.0,75,1800,1,4,0.05,0.01,4630.0,0.0,572.0,0.0,0.0,1.0,1.0,1.0,1.83,0.915,0.1933404940923738,0.1933404940923738,30,4.135,0.592,2778.0,0.0,343.2,0.0,0.0,3121.2,3807.6,1.0,1.2,0.3282413793103448,3807.6,0.0,1.0,55.56,2586.3179999999998,0.0,326.03999999999996,0.0,0.0,2965.14,0.15651382103906952,0.7825691051953476,,0.1908476531738201,0.1908828700333794,104.8772863685079,524.3864318425394,68.6598900205721,74.35583431084684,0.5239971125067204,2.420791880937069,2.621617948209177,-0.20082606727210806,0.027503778475771873,493.59272066120803,2228.847279338792,0.0,0.0,493.59272066120803,2572.0472793387917,2572.0472793387917,493.59272066120803,0.27421817814511557,493.59272066120803,1480.7781619836242,3258.4472793387918,3258.4472793387918,9775.341838016375,3752.04,3752.04,11256.119999999999,0.469005,0.46954146311720857,2.347707315586043,0.15651382103906952,231.76224824326724,231.76224824326724,0.0,231.76224824326724,231.76224824326724,0.0,493.59272066120803,0.0,493.59272066120803,1480.7781619836242,0.0,3121.2,-0.07660386495648308,140.28302286505652
78,78,2025,5SB,5,SB,PM-Peak,3,Peak,PM,3.0,70,8000,1.6,5.0,75,1800,1,4,0.05,0.01,4957.0,0.0,613.0,0.0,0.0,1.0,1.0,1.0,1.83,0.915,0.1933404940923738,0.1933404940923738,30,4.135,0.592,2974.2,0.0,367.8,0.0,0.0,3342.0,4077.6,1.0,1.2,0.35151724137931034,4077.6,0.0,1.0,59.483999999999995,2768.9802,0.0,349.40999999999997,0.0,0.0,3174.8999999999996,0.1858807556560443,0.9294037782802216,,0.1791228530316608,0.17916875365528784,107.6380477412816,538.190238706408,68.04188020310941,74.32594095996458,1.0432964544586707,2.421765505760047,2.645429542256745,-0.22366403649669797,0.040552532013838995,495.98763341217875,2418.7283665878213,0.0,0.0,495.98763341217875,2786.5283665878214,8359.585099763464,495.98763341217875,0.2755486852289882,1487.9629002365364,4463.888700709609,3522.1283665878213,10566.385099763464,31699.15529929039,4018.116,12054.348,36163.043999999994,0.5022645,0.5576422669681329,2.788211334840665,0.1858807556560443,276.58366828412665,276.58366828412665,0.0,829.75100485238,829.75100485238,0.0,1487.9629002365364,0.0,1487.9629002365364,4463.888700709609,0.0,10026.0,-0.08454734209473452,149.59282923690745
79,79,2025,5SB,5,SB,PM-Late,3,OP,PM,3.0,70,8000,1.6,5.0,75,1800,1,4,0.05,0.01,4118.0,0.0,509.0,0.0,0.0,1.0,1.0,1.0,1.83,0.915,0.1933404940923738,0.1933404940923738,30,4.135,0.592,2470.7999999999997,0.0,305.4,0.0,0.0,2776.2,3386.9999999999995,1.0,1.2,0.2919827586206896,3386.9999999999995,0.0,1.0,49.416,2300.3147999999997,0.0,290.12999999999994,0.0,0.0,2637.39,0.13681437865065718,0.6840718932532859,,0.19332464186877327,0.19333732301847054,104.31934540261881,521.5967270130941,69.25433083759414,74.57649930104887,0.44771271934156653,2.413628980805062,2.5991154318148215,-0.18548645100975936,0.015172399491665108,444.70753489543876,1976.676465104561,0.0,0.0,444.70753489543876,2282.076465104561,6846.229395313683,444.70753489543876,0.24705974160857708,1334.1226046863162,4002.3678140589486,2892.876465104561,8678.629395313683,26035.888185941047,3337.5839999999994,10012.751999999999,30038.255999999994,0.4171979999999999,0.41044313595197157,2.0522156797598576,0.13681437865065718,182.52715520395472,182.52715520395472,0.0,547.5814656118641,547.5814656118641,0.0,1334.1226046863162,0.0,1334.1226046863162,4002.3678140589486,0.0,8328.599999999999,-0.07136522246733928,132.7675850341358
80,80,2025,6NB,6,NB,Night,8,OP,NT,4.4,70,8000,1.6,6.5,75,1800,1,4,0.05,0.01,1554.0,0.0,192.0,0.0,0.0,1.0,1.0,1.0,1.83,0.915,0.1933404940923738,0.1933404940923738,30,4.103,0.708,1554.0,0.0,192.0,0.0,0.0,1746.0,2130.0,1.0,1.2,0.18362068965517242,2130.0,0.0,1.0,31.080000000000002,1446.7740000000001,0.0,182.39999999999998,0.0,0.0,1658.6999999999998,0.12398399681067193,0.6199199840533597,,0.19322486704409977,0.1932271363641375,111.7374231883453,558.6871159417266,69.99175139334776,74.93353775915146,0.0,3.523122061159568,3.7718730385291006,-0.24875097736953267,0.00024356797108995601,279.5527137928604,1243.3672862071396,0.0,0.0,279.5527137928604,1435.3672862071396,11482.938289657117,279.5527137928604,0.15530706321825577,2236.421710342883,9840.255525508686,1819.3672862071396,14554.938289657117,64041.72847449132,2098.92,16791.36,73881.98400000001,0.262365,0.5455295859669566,2.7276479298347827,0.12398399681067193,152.50427621135825,152.50427621135825,0.0,1220.034209690866,1220.034209690866,0.0,2236.421710342883,0.0,2236.421710342883,9840.255525508686,0.0,13968.0,-0.06594892638977501,131.58450874905554
81,81,2025,6NB,6,NB,AM-Early,1,OP,AM,4.4,70,8000,1.6,6.5,75,1800,1,4,0.05,0.01,2259.0,0.0,279.0,0.0,0.0,1.0,1.0,1.0,1.83,0.915,0.1933404940923738,0.1933404940923738,30,4.155,0.715,1564.6266206756663,0.0,193.24073801173566,0.0,0.0,1757.867358687402,2144.3488347108732,1.0,1.2,0.18485765816473046,2144.3488347108732,0.0,1.0,31.292532413513328,1456.6673838490453,0.0,183.57870111114886,0.0,0.0,1669.9739907530318,0.13132491016298997,0.6566245508149499,,0.19333408504253333,0.19333840126720844,118.38299247167251,591.9149623583625,69.99138912893714,74.93156381509603,0.0,3.5232148717922986,3.7718925611501,-0.24867768935780132,0.0002542663673977102,281.62345586775587,1251.7106323943972,0.0,0.0,281.62345586775587,1444.9513704061328,1444.9513704061328,281.62345586775587,0.1564574754820866,281.62345586775587,1239.1432058181258,1831.432846429604,1831.432846429604,8058.304524290259,2113.05630229736,2113.05630229736,9297.447730108384,0.26413203778717004,0.5778296047171559,2.8891480235857796,0.13132491016298997,162.73037018314477,162.73037018314477,0.0,162.73037018314477,162.73037018314477,0.0,281.62345586775587,0.0,281.62345586775587,1239.1432058181258,0.0,1757.867358687402,-0.06592915501335918,139.41651288687154
82,82,2025,6NB,6,NB,AM-Peak,2,Peak,AM,4.4,70,8000,1.6,6.5,75,1800,1,4,0.05,0.01,4308.0,0.0,532.0,0.0,0.0,1.0,1.0,1.0,1.83,0.915,0.1933404940923738,0.1933404940923738,30,4.155,0.715,1564.6773001243973,0.0,193.22384486215861,0.0,0.0,1757.901144986556,2144.3488347108732,1.0,1.2,0.18485765816473046,2144.3488347108732,0.0,1.0,31.293546002487947,1456.7145664158138,0.0,183.56265261905068,0.0,0.0,1670.006087737228,0.1313230771132896,0.656615385566448,,0.19334038542425147,0.1933402104622876,118.38173936350306,591.9086968175153,69.99138967872372,74.93154693319218,0.0,3.523215665564443,3.771892531521657,-0.24867686595721405,0.00025425013101104254,281.6417557239548,1251.7419983979546,0.0,0.0,281.6417557239548,1444.9658432601132,2889.9316865202263,281.6417557239548,0.1564676420688638,563.2835114479096,2478.4474503708025,1831.4135329844305,3662.827065968861,16116.43909026299,2113.0552887083854,4226.110577416771,18594.886540633794,0.26413191108854817,0.5778215392984744,2.889107696492372,0.1313230771132896,162.73867282314046,162.73867282314046,0.0,325.4773456462809,325.4773456462809,0.0,563.2835114479096,0.0,563.2835114479096,2478.4474503708025,0.0,3515.802289973112,-0.06592893723217846,139.4150285128391
83,83,2025,6NB,6,NB,AM-Shoulder,1,OP,AM,4.4,70,8000,1.6,6.5,75,1800,1,4,0.05,0.01,4049.0,0.0,500.0,0.0,0.0,1.0,1.0,1.0,1.83,0.915,0.1933404940923738,0.1933404940923738,30,4.155,0.715,1564.690652684146,0.0,193.21939400890912,0.0,0.0,1757.9100466930552,2144.3488347108732,1.0,1.2,0.18485765816473046,2144.3488347108732,0.0,1.0,31.29381305368292,1456.72699764894,0.0,183.55842430846366,0.0,0.0,1670.0145443584024,0.13136326917458266,0.6568163458729133,,0.1932324832993986,0.1932341171614752,118.41476720355584,592.0738360177792,69.9913850276832,74.93168190626089,0.0,3.5232093192604763,3.771892782170005,-0.2486834629095287,0.00025438748630576585,281.48697524498186,1251.9098643854811,0.0,0.0,281.48697524498186,1445.1292583943903,1445.1292583943903,281.48697524498186,0.15638165291387882,281.48697524498186,1238.5426910779204,1831.5680464122083,1831.5680464122083,8058.899404213717,2113.05502165719,2113.05502165719,9297.442095291637,0.26413187770714874,0.5779983843681638,2.8899919218408185,0.13136326917458266,162.69901691228083,162.69901691228083,0.0,162.69901691228083,162.69901691228083,0.0,281.48697524498186,0.0,281.48697524498186,1238.5426910779204,0.0,1757.9100466930552,-0.0659306818277212,139.45399768985203
84,84,2025,6NB,6,NB,MD,5,OP,MD,4.4,70,8000,1.6,6.5,75,1800,1,4,0.05,0.01,4439.0,0.0,549.0,0.0,0.0,1.0,1.0,1.0,1.83,0.915,0.1933404940923738,0.1933404940923738,30,4.136,0.708,3015.9640830728504,0.0,373.0038931306589,0.0,0.0,3388.9679762035094,4134.975762464827,1.0,1.2,0.356463427798692,4134.975762464827,0.0,1.0,60.31928166145701,2807.8625613408235,0.0,354.35369847412596,0.0,0.0,3219.5195773933337,0.15429222713857146,0.7714611356928573,,0.16963438950173082,0.16968440368396337,123.03052279243296,615.1526139621648,69.31379717013525,74.41217022082225,1.1208088786626982,3.5478067528008568,3.808765509585267,-0.2609587567844103,0.020460642109869254,476.3100513978168,2479.3347500135765,0.0,0.0,476.3100513978168,2852.3386431442354,14261.693215721178,476.3100513978168,0.26461669522100933,2381.550256989084,10478.82113075197,3598.346429405553,17991.732147027764,79163.62144692217,4074.65648080337,20373.28240401685,89642.44257767414,0.5093320601004212,0.6788857994097145,3.3944289970485726,0.15429222713857146,323.36013001008905,323.36013001008905,0.0,1616.8006500504453,1616.8006500504453,0.0,2381.550256989084,0.0,2381.550256989084,10478.82113075197,0.0,16944.839881017546,-0.0685153118845654,156.09036641079015
85,85,2025,6NB,6,NB,PM-Shoulder,1,OP,PM,4.4,70,8000,1.6,6.5,75,1800,1,4,0.05,0.01,4956.0,0.0,613.0,0.0,0.0,1.0,1.0,1.0,1.83,0.915,0.1933404940923738,0.1933404940923738,30,4.135,0.592,4956.0,0.0,613.0,0.0,0.0,5569.0,6795.0,1.0,1.2,0.5857758620689655,6795.0,0.0,1.0,99.12,4614.036,0.0,582.35,0.0,0.0,5290.55,0.9149698145642203,4.5748490728211015,,0.14651866854118561,0.14717426699472153,116.2553216565414,581.2766082827071,54.679774385642325,72.50623151024264,2.3529363582038076,3.6410663538996073,4.828110630780518,-1.1870442768809109,0.5790617685248672,676.0424113210979,4180.837588678903,0.0,0.0,676.0424113210979,4793.837588678903,4793.837588678903,676.0424113210979,0.37557911740060995,676.0424113210979,2974.5866098128313,6019.837588678903,6019.837588678903,26487.285390187175,6695.880000000001,6695.880000000001,29461.872000000007,0.8369850000000001,4.0258671840825695,20.12933592041285,0.9149698145642202,2721.656958785659,2721.656958785659,0.0,2721.656958785659,2721.656958785659,0.0,676.0424113210979,0.0,676.0424113210979,2974.5866098128313,0.0,5569.0,-0.2458610350212733,203.49032950957704
86,86,2025,6NB,6,NB,PM-Peak,3,Peak,PM,4.4,70,8000,1.6,6.5,75,1800,1,4,0.05,0.01,5474.0,0.0,677.0,0.0,0.0,1.0,1.0,1.0,1.83,0.915,0.1933404940923738,0.1933404940923738,30,4.135,0.592,5474.0,0.0,677.0,0.0,0.0,6151.0,7505.0,1.0,1.2,0.6469827586206897,7505.0,0.0,1.0,109.48,5096.294,0.0,643.15,0.0,0.0,5843.45,0.9149999357976702,4.574999678988351,,0.19334048738702286,0.19334041392660922,91.65521065814238,458.27605329071184,49.1862741800995,65.97168584734628,2.2741158113742355,4.001716745739634,5.367351042555953,-1.365634296816319,0.8745655141778051,985.3199658275603,4379.20003417244,0.0,0.0,985.3199658275603,5056.20003417244,15168.60010251732,985.3199658275603,0.5473999810153113,2955.959897482681,13006.223548923797,6410.20003417244,19230.600102517317,84614.64045107621,7395.52,22186.559999999998,97620.864,0.92444,4.025999717509749,20.129998587548744,0.9149999357976702,3966.8979040784734,3966.8979040784734,0.0,11900.693712235421,11900.693712235421,0.0,2955.959897482681,0.0,2955.959897482681,13006.223548923797,0.0,18453.0,-0.25443357179149567,176.88482459303327
87,87,2025,6NB,6,NB,PM-Late,3,OP,PM,4.4,70,8000,1.6,6.5,75,1800,1,4,0.05,0.01,4463.0,0.0,552.0,0.0,0.0,1.0,1.0,1.0,1.83,0.915,0.1933404940923738,0.1933404940923738,30,4.135,0.592,1564.0184424439658,0.0,193.4434640889691,0.0,0.0,1757.4619065329348,2144.3488347108732,1.0,1.2,0.18485765816473046,2144.3488347108732,0.0,1.0,31.280368848879316,1456.101169915332,0.0,183.77129088452065,0.0,0.0,1669.588811206288,0.11572467660345963,0.5786233830172981,,0.1933391502612137,0.19334003769574515,104.31806999312215,521.5903499656107,69.99138606119034,74.93166362309809,0.0,3.5232101789158805,3.7718927264734634,-0.2486825475575829,0.0002543569646009305,281.5213628857895,1251.2167107092969,0.0,0.0,281.5213628857895,1444.6601747982659,4333.980524394798,281.5213628857895,0.15640075715877194,844.5640886573684,3716.081990092421,1831.5471029762043,5494.6413089286125,24176.4217592859,2113.068465861994,6339.205397585981,27892.50374937832,0.26413355823274925,0.5091885770552224,2.5459428852761117,0.11572467660345963,143.34746217846202,143.34746217846202,0.0,430.0423865353861,430.0423865353861,0.0,844.5640886573684,0.0,844.5640886573684,3716.081990092421,0.0,5272.385719598804,-0.06593044012417845,122.85266868692959
88,88,2025,6SB,6,SB,Night,8,OP,NT,4.4,70,8000,1.6,5.0,75,1800,1,4,0.05,0.01,1437.0,0.0,178.0,0.0,0.0,1.0,1.0,1.0,1.83,0.915,0.1933404940923738,0.1933404940923738,30,4.103,0.708,1016.6733932853045,0.0,125.9344913046515,0.0,0.0,1142.607884589956,1394.476867199259,1.0,1.2,0.12021352303441887,1394.476867199259,0.0,1.0,20.33346786570609,946.5229291486185,0.0,119.63776673941892,0.0,0.0,1085.4774903604582,0.12529745732588843,0.6264872866294422,,0.19318137023887508,0.19318224908334936,111.75114200979968,558.7557100489984,69.99107607062643,74.98782527076442,0.0,3.5205714933958214,3.771909432191091,-0.25133793879526944,0.00026351169786065866,182.8505964154438,813.4893290041547,0.0,0.0,182.8505964154438,939.4238203088062,7515.390562470449,182.8505964154438,0.10158366467524654,1462.8047713235503,6436.340993823622,1191.2928029181091,9530.342423344873,41933.506662717446,1374.143399333553,10993.147194668423,48369.84765654107,0.17176792491669413,0.5513088122339092,2.7565440611695458,0.12529745732588843,100.8071451260602,100.8071451260602,0.0,806.4571610084816,806.4571610084816,0.0,1462.8047713235503,0.0,1462.8047713235503,6436.340993823622,0.0,9140.863076719648,-0.0666341393699021,131.60977165878282
89,89,2025,6SB,6,SB,AM-Early,1,OP,AM,4.4,70,8000,1.6,5.0,75,1800,1,4,0.05,0.01,3401.0,0.0,420.0,0.0,0.0,1.0,1.0,1.0,1.83,0.915,0.1933404940923738,0.1933404940923738,30,4.155,0.715,1017.5103680207421,0.0,125.65549972617222,0.0,0.0,1143.1658677469143,1394.4768671992588,1.0,1.2,0.12021352303441886,1394.4768671992588,0.0,1.0,20.350207360414842,947.3021526273109,0.0,119.37272473986361,0.0,0.0,1086.0075743595685,0.13273268773825048,0.6636634386912523,,0.19333389071166046,0.1933352821879701,118.38460584109092,591.9230292054546,69.99108692822841,74.98775039003617,0.0,3.5205750089427728,3.7719088470609963,-0.2513338381182235,0.00026319104656891715,183.14561084696922,814.014549813358,0.0,0.0,183.14561084696922,939.6700495395303,939.6700495395303,183.14561084696922,0.10174756158164956,183.14561084696922,805.8406877266647,1190.9810489918746,1190.9810489918746,5240.316615564248,1374.1266598388438,1374.1266598388438,6046.157303290913,0.17176583247985547,0.5840238260483022,2.9201191302415106,0.13273268773825048,106.96140037080039,106.96140037080039,0.0,106.96140037080039,106.96140037080039,0.0,183.14561084696922,0.0,183.14561084696922,805.8406877266647,0.0,1143.1658677469143,-0.06663306254446164,139.4218535206357
90,90,2025,6SB,6,SB,AM-Peak,2,Peak,AM,4.4,70,8000,1.6,5.0,75,1800,1,4,0.05,0.01,4170.0,0.0,515.0,0.0,0.0,1.0,1.0,1.0,1.83,0.915,0.1933404940923738,0.1933404940923738,30,4.155,0.715,3888.0679870021613,0.0,480.18105834678965,0.0,0.0,4368.249045348951,5328.611162042531,1.0,1.2,0.459363031210563,5328.611162042531,0.0,1.0,77.76135974004323,3619.791295899012,0.0,456.17200542945017,0.0,0.0,4149.836593081503,0.5880567017117203,2.9402835085586014,,0.13977521418735314,0.1400328823312864,138.00952200809084,690.0476100404541,62.09087599949509,74.17963262619217,3.063980942548289,3.558928383082662,4.251832427072648,-0.6929040439899858,0.2632613128929535,505.95710369780096,3304.349523564317,0.0,0.0,505.95710369780096,3784.5305819111068,7569.0611638222135,505.95710369780096,0.2810872798321116,1011.9142073956019,4452.422512540649,4744.892698604686,9489.785397209373,41755.05574772124,5250.849802302488,10501.699604604975,46207.478260261894,0.656356225287811,2.5874494875315697,12.937247437657847,0.5880567017117203,1309.1384486758323,1309.1384486758323,0.0,2618.2768973516645,2618.2768973516645,0.0,1011.9142073956019,0.0,1011.9142073956019,4452.422512540649,0.0,8736.498090697902,-0.1629659813444352,224.0526240226964
91,91,2025,6SB,6,SB,AM-Shoulder,1,OP,AM,4.4,70,8000,1.6,5.0,75,1800,1,4,0.05,0.01,3163.0,0.0,391.0,0.0,0.0,1.0,1.0,1.0,1.83,0.915,0.1933404940923738,0.1933404940923738,30,4.155,0.715,1017.2348549241825,0.0,125.7473374250254,0.0,0.0,1142.982192349208,1394.4768671992588,1.0,1.2,0.12021352303441886,1394.4768671992588,0.0,1.0,20.34469709848365,947.045649934414,0.0,119.45997055377413,0.0,0.0,1085.8330827317475,0.13273202031025055,0.6636601015512528,,0.19333801442647097,0.19333721303105422,118.38367242167357,591.9183621083679,69.9910852475347,74.98776271042641,0.0,3.520574430516955,3.771908937635724,-0.25133450711876915,0.0002632406815195926,183.0999255295463,813.7902322961526,0.0,0.0,183.0999255295463,939.537569721178,939.537569721178,183.0999255295463,0.10172218084974795,183.0999255295463,805.6396723300038,1191.0322445712288,1191.0322445712288,5240.541876113407,1374.132170100775,1374.132170100775,6046.181548443411,0.1717665212625969,0.5840208893651024,2.9201044468255124,0.13273202031025055,106.93418135044966,106.93418135044966,0.0,106.93418135044966,106.93418135044966,0.0,183.0999255295463,0.0,183.0999255295463,805.6396723300038,0.0,1142.982192349208,-0.06663323830832155,139.42078134677806
92,92,2025,6SB,6,SB,MD,5,OP,MD,4.4,70,8000,1.6,5.0,75,1800,1,4,0.05,0.01,4365.0,0.0,539.0,0.0,0.0,1.0,1.0,1.0,1.83,0.915,0.1933404940923738,0.1933404940923738,30,4.136,0.708,1017.5345244608434,0.0,125.64744757947184,0.0,0.0,1143.1819720403153,1394.4768671992588,1.0,1.2,0.12021352303441886,1394.4768671992588,0.0,1.0,20.35069048921687,947.3246422730451,0.0,119.36507520049825,0.0,0.0,1086.0228734382995,0.1294458606794591,0.6472293033972955,,0.19334023923221405,0.19334026178163824,115.45314766835013,577.2657383417505,69.99108730939989,74.98774777889666,0.0,3.5205751315322993,3.77190882651918,-0.25133369498688074,0.0002631797896536817,183.15597296764213,814.0278610039844,0.0,0.0,183.15597296764213,939.6753085834563,4698.376542917282,183.15597296764213,0.10175331831535674,915.7798648382106,4029.4314052881273,1190.9702037424,5954.851018711999,26201.3444823328,1374.126176710042,6870.63088355021,30230.775887620926,0.17176577208875526,0.5695617869896201,2.8478089349481004,0.1294458606794591,104.31864326127281,104.31864326127281,0.0,521.5932163063641,521.5932163063641,0.0,915.7798648382106,0.0,915.7798648382106,4029.4314052881273,0.0,5715.9098602015765,-0.06663302496068504,135.96946171965132
93,93,2025,6SB,6,SB,PM-Shoulder,1,OP,PM,4.4,70,8000,1.6,5.0,75,1800,1,4,0.05,0.01,4521.0,0.0,559.0,0.0,0.0,1.0,1.0,1.0,1.83,0.915,0.1933404940923738,0.1933404940923738,30,4.135,0.592,1017.171654825403,0.0,125.76840412461851,0.0,0.0,1142.9400589500215,1394.4768671992585,1.0,1.2,0.12021352303441885,1394.4768671992585,0.0,1.0,20.34343309650806,946.9868106424502,0.0,119.47998391838759,0.0,0.0,1085.7930560025204,0.11699963993254543,0.5849981996627271,,0.19319654093170735,0.19319681905674307,104.3510932110573,521.7554660552865,69.9910798986637,74.98779794204086,0.0,3.5205727764409,3.771909225893233,-0.2513364494523329,0.0002633986466344036,182.95457612407114,813.8736456048239,0.0,0.0,182.95457612407114,939.6420497294424,939.6420497294424,182.95457612407114,0.10164143118003952,182.95457612407114,805.000134945913,1191.1788579786794,1191.1788579786794,5241.1869751061895,1374.1334341027505,1374.1334341027505,6046.187110052102,0.1717666792628438,0.5147984157032,2.5739920785159995,0.11699963993254543,94.18472593432232,94.18472593432232,0.0,94.18472593432232,94.18472593432232,0.0,182.95457612407114,0.0,182.95457612407114,805.000134945913,0.0,1142.9400589500215,-0.0666337481631238,122.89464981898706
94,94,2025,6SB,6,SB,PM-Peak,3,Peak,PM,4.4,70,8000,1.6,5.0,75,1800,1,4,0.05,0.01,4840.0,0.0,598.0,0.0,0.0,1.0,1.0,1.0,1.83,0.915,0.1933404940923738,0.1933404940923738,30,4.135,0.592,1017.3753447760645,0.0,125.70050747439805,0.0,0.0,1143.0758522504625,1394.4768671992588,1.0,1.2,0.12021352303441886,1394.4768671992588,0.0,1.0,20.34750689552129,947.176445986516,0.0,119.41548210067815,0.0,0.0,1085.9220596379394,0.11696362055833759,0.5848181027916879,,0.19333416341563625,0.19333545148200865,104.31998069796649,521.5999034898324,69.9910860436788,74.98775682759616,0.0,3.520574706707931,3.7719088947305024,-0.25133418802257124,0.00026321716945814174,183.12156579179864,813.9062720887446,0.0,0.0,183.12156579179864,939.6067795631426,2818.820338689428,183.12156579179864,0.10173420321766591,549.364697375396,2417.2046684517422,1191.0077945119388,3573.0233835358163,15721.302887557593,1374.1293603037375,4122.3880809112125,18138.507556009336,0.17176617003796718,0.5146399304566854,2.573199652283427,0.11696362055833759,94.2416698842106,94.2416698842106,0.0,282.7250096526318,282.7250096526318,0.0,549.364697375396,0.0,549.364697375396,2417.2046684517422,0.0,3429.2275567513875,-0.06663315446820428,122.85792104267196
95,95,2025,6SB,6,SB,PM-Late,3,OP,PM,4.4,70,8000,1.6,5.0,75,1800,1,4,0.05,0.01,4021.0,0.0,497.0,0.0,0.0,1.0,1.0,1.0,1.83,0.915,0.1933404940923738,0.1933404940923738,30,4.135,0.592,1017.2698626647713,0.0,125.73566817816248,0.0,0.0,1143.0055308429337,1394.4768671992588,1.0,1.2,0.12021352303441886,1394.4768671992588,0.0,1.0,20.345397253295427,947.0782421409019,0.0,119.44888476925435,0.0,0.0,1085.855254300787,0.11699997716527422,0.5849998858263711,,0.19319508500719443,0.19319466257461462,104.35150003884657,521.7575001942329,69.99108049809459,74.98779356077648,0.0,3.5205729821351786,3.7719091935891322,-0.2513362114539537,0.0002633809439874101,182.97086149887582,813.9536039126,0.0,0.0,182.97086149887582,939.6892720907624,2819.067816272287,182.97086149887582,0.10165047861048657,548.9125844966275,2415.215371785161,1191.1606084470875,3573.4818253412623,15723.320031501555,1374.1314699459633,4122.39440983789,18138.535403286714,0.1717664337432454,0.5147998995272066,2.573999497636033,0.11699997716527422,94.19338111602771,94.19338111602771,0.0,282.58014334808314,282.58014334808314,0.0,548.9125844966275,0.0,548.9125844966275,2415.215371785161,0.0,3429.016592528801,-0.06663368563621135,122.895120416388
96,96,2025,7NB,7,NB,Night,8,OP,NT,5.6,70,6000,1.6,6.5,75,1800,1,4,0.05,0.01,769.0,0.0,95.0,0.0,0.0,1.0,1.0,1.0,1.83,0.915,0.24291497975708504,0.24291497975708504,30,4.103,0.708,769.0,0.0,95.0,0.0,0.0,864.0,1054.0,1.0,1.2,0.10979166666666666,1054.0,0.0,1.0,15.38,715.939,0.0,90.25,0.0,0.0,820.8,0.11094814401258624,0.5547407200629312,,0.24270860202920153,0.2427090272741227,99.17643465886562,495.8821732943281,69.9995723142431,74.99085689601165,0.0,4.480546214666204,4.800029327202513,-0.3194831125363091,1.6071306977657465e-05,173.7645538281845,579.8554461718155,0.0,0.0,173.7645538281845,674.8554461718155,5398.843569374524,173.7645538281845,0.09653586323788027,1390.116430625476,7784.652011502664,864.8554461718155,6918.843569374524,38745.523988497334,1038.62,8308.96,46530.176,0.1731033333333333,0.6213096064704828,3.1065480323524146,0.11094814401258625,107.96158655750834,107.96158655750834,0.0,863.6926924600667,863.6926924600667,0.0,1390.116430625476,0.0,1390.116430625476,7784.652011502664,0.0,6912.0,-0.06655857511656202,116.68402781067898
97,97,2025,7NB,7,NB,AM-Early,1,OP,AM,5.6,70,6000,1.6,6.5,75,1800,1,4,0.05,0.01,930.0,0.0,115.0,0.0,0.0,1.0,1.0,1.0,1.83,0.915,0.24291497975708504,0.24291497975708504,30,4.155,0.715,930.0,0.0,115.0,0.0,0.0,1045.0,1275.0,1.0,1.2,0.1328125,1275.0,0.0,1.0,18.6,865.8299999999999,0.0,109.25,0.0,0.0,992.75,0.11719910934293255,0.5859955467146628,,0.24290882353219914,0.24290814839865477,104.93323629195233,524.6661814597617,69.99852715903384,74.98038557874393,0.0,4.481171941255688,4.800100996934143,-0.31892905567845453,5.534631991030592e-05,210.31774667888396,701.082253321116,0.0,0.0,210.31774667888396,816.082253321116,816.082253321116,210.31774667888396,0.11684319259937997,210.31774667888396,1177.77938140175,1046.082253321116,1046.082253321116,5858.06061859825,1256.4,1256.4,7035.84,0.2094,0.6563150123204222,3.2815750616021115,0.11719910934293255,138.03469450275517,138.03469450275517,0.0,138.03469450275517,138.03469450275517,0.0,210.31774667888396,0.0,210.31774667888396,1177.77938140175,0.0,1045.0,-0.06644215525509915,123.47228964590575
98,98,2025,7NB,7,NB,AM-Peak,2,Peak,AM,5.6,70,6000,1.6,6.5,75,1800,1,4,0.05,0.01,1497.0,0.0,185.0,0.0,0.0,1.0,1.0,1.0,1.83,0.915,0.24291497975708504,0.24291497975708504,30,4.155,0.715,1216.7333462711306,0.0,150.3645083902199,0.0,0.0,1367.0978546613505,1667.8268714417902,1.0,1.2,0.1737319657751865,1667.8268714417902,0.0,1.0,24.334666925422614,1132.7787453784224,0.0,142.8462829707089,0.0,0.0,1298.742961928283,0.11663746944481063,0.5831873472240532,,0.2429146975355277,0.24291479498751165,104.93127661975377,524.6563830987689,69.99156330798645,74.94255598683958,0.0,4.483433952519632,4.800578585757355,-0.31714463323772346,0.00031706499503057295,275.16860630827404,917.2300730374338,0.0,0.0,275.16860630827404,1067.5945814276538,2135.1891628553076,275.16860630827404,0.15287144794904114,550.3372126165481,3081.888390652669,1368.3235982080935,2736.647196416187,15325.224299930645,1643.4922045163676,3286.984409032735,18407.112690583315,0.2739153674193946,0.6531698288909394,3.2658491444546978,0.11663746944481061,179.73183149853364,179.73183149853364,0.0,359.4636629970673,359.4636629970673,0.0,550.3372126165481,0.0,550.3372126165481,3081.888390652669,0.0,2734.195709322701,-0.0660638353423996,123.57197829067601
99,99,2025,7NB,7,NB,AM-Shoulder,1,OP,AM,5.6,70,6000,1.6,6.5,75,1800,1,4,0.05,0.01,1769.0,0.0,219.0,0.0,0.0,1.0,1.0,1.0,1.83,0.915,0.24291497975708504,0.24291497975708504,30,4.155,0.715,1216.1524054330284,0.0,150.55815533625395,0.0,0.0,1366.7105607692824,1667.8268714417902,1.0,1.2,0.1737319657751865,1667.8268714417902,0.0,1.0,24.32304810866057,1132.2378894581495,0.0,143.03024756944123,0.0,0.0,1298.3750327308182,0.11664157541142156,0.5832078770571079,,0.2429087706419468,0.2429104251607465,104.93251185807914,524.6625592903957,69.99155786951133,74.94267067011644,0.0,4.483427091609917,4.800578958771302,-0.3171518671613853,0.0003172694066736551,275.03051380251156,916.7988435218563,0.0,0.0,275.03051380251156,1067.3569988581103,1067.3569988581103,275.03051380251156,0.1527947298902842,275.03051380251156,1540.1708772940647,1368.473309530618,1368.473309530618,7663.450533371461,1643.5038233331297,1643.5038233331297,9203.621410665524,0.27391730388885493,0.6531928223039607,3.265964111519804,0.11664157541142156,179.64795753037095,179.64795753037095,0.0,179.64795753037095,179.64795753037095,0.0,275.03051380251156,0.0,275.03051380251156,1540.1708772940647,0.0,1366.7105607692824,-0.06606533709479068,123.57350971638672
100,100,2025,7NB,7,NB,MD,5,OP,MD,5.6,70,6000,1.6,6.5,75,1800,1,4,0.05,0.01,2550.0,0.0,315.0,0.0,0.0,1.0,1.0,1.0,1.83,0.915,0.24291497975708504,0.24291497975708504,30,4.136,0.708,1216.8693911807052,0.0,150.31916008702828,0.0,0.0,1367.1885512677334,1667.82687144179,1.0,1.2,0.17373196577518646,1667.82687144179,0.0,1.0,24.337387823614105,1132.9054031892365,0.0,142.80320208267685,0.0,0.0,1298.8291237043466,0.11392423800478416,0.5696211900239208,,0.242772239707036,0.24277336640626257,102.48828685952323,512.4414342976162,69.99155816371027,74.94265397521175,0.0,4.483428090378762,4.8005789385927935,-0.3171508482140313,0.00031725834885079775,275.0379821084536,917.4940212486374,0.0,0.0,275.0379821084536,1067.8131813356656,5339.065906678328,275.0379821084536,0.1527988789491409,1375.189910542268,7701.063499036701,1368.4515015097222,6842.257507548611,38316.64204227222,1643.4894836181759,8217.44741809088,46017.705541308926,0.27391491393636264,0.6379757328267912,3.189878664133956,0.11392423800478416,175.46755819084257,175.46755819084257,0.0,877.3377909542128,877.3377909542128,0.0,1375.189910542268,0.0,1375.189910542268,7701.063499036701,0.0,6835.942756338667,-0.06606512511738814,120.69507045358729
101,101,2025,7NB,7,NB,PM-Shoulder,1,OP,PM,5.6,70,6000,1.6,6.5,75,1800,1,4,0.05,0.01,3265.0,0.0,404.0,0.0,0.0,1.0,1.0,1.0,1.83,0.915,0.24291497975708504,0.24291497975708504,30,4.135,0.592,1216.3177876384734,0.0,150.50302793443896,0.0,0.0,1366.8208155729124,1667.8268714417904,1.0,1.2,0.17373196577518651,1667.8268714417904,0.0,1.0,24.32635575276947,1132.3918602914189,0.0,142.977876537717,0.0,0.0,1298.4797747942666,0.10494244916280993,0.5247122458140496,,0.24289078124940958,0.24289092117915448,94.40810046038172,472.0405023019086,69.99155854035446,74.9426551010926,0.0,4.483428023023185,4.800578912759533,-0.31715088973634753,0.0003172441922241182,275.047543626655,916.943888259049,0.0,0.0,275.047543626655,1067.446916193488,1067.446916193488,275.047543626655,0.15280419090369723,275.047543626655,1540.266244309268,1368.452972062366,1368.452972062366,7663.336643549249,1643.5005156890209,1643.5005156890209,9203.602887858517,0.27391675261483683,0.5876777153117355,2.938388576558678,0.10494244916280993,161.6393120406175,161.6393120406175,0.0,161.6393120406175,161.6393120406175,0.0,275.047543626655,0.0,275.047543626655,1540.266244309268,0.0,1366.8208155729124,-0.06606513412234247,111.17945451143736
102,102,2025,7NB,7,NB,PM-Peak,3,Peak,PM,5.6,70,6000,1.6,6.5,75,1800,1,4,0.05,0.01,3772.0,0.0,466.0,0.0,0.0,1.0,1.0,1.0,1.83,0.915,0.24291497975708504,0.24291497975708504,30,4.135,0.592,2932.5413302551465,0.0,362.2916913835891,0.0,0.0,3294.8330216387358,4019.416404405914,1.0,1.2,0.4186892087922827,4019.416404405914,0.0,1.0,58.65082660510293,2730.1959784675414,0.0,344.1771068144096,0.0,0.0,3130.0913705567987,0.27565327517484683,1.3782663758742342,,0.16257025600646954,0.16269846423472697,111.85341845163687,559.2670922581843,66.33061364900048,74.54722343671067,4.434662071771391,4.5072101214508455,5.065534321422083,-0.5583241999712376,0.14551280813930137,443.84865916730183,2430.041844482742,0.0,0.0,443.84865916730183,2792.333535866331,8377.000607598993,443.84865916730183,0.2465825884262788,1331.5459775019056,7456.657474010671,3516.9169186335093,10550.750755900528,59084.204233042954,3960.765577800811,11882.296733402434,66540.86170705363,0.6601275963001352,1.5436583409791422,7.7182917048957105,0.27565327517484683,685.1506848560139,685.1506848560139,0.0,2055.4520545680416,2055.4520545680416,0.0,1331.5459775019056,0.0,1331.5459775019056,7456.657474010671,0.0,9884.499064916206,-0.11022019880708168,165.88838610885912
103,103,2025,7NB,7,NB,PM-Late,3,OP,PM,5.6,70,6000,1.6,6.5,75,1800,1,4,0.05,0.01,2896.0,0.0,358.0,0.0,0.0,1.0,1.0,1.0,1.83,0.915,0.24291497975708504,0.24291497975708504,30,4.135,0.592,1216.6313903514922,0.0,150.39849369676594,0.0,0.0,1367.029884048258,1667.82687144179,1.0,1.2,0.17373196577518646,1667.82687144179,0.0,1.0,24.332627807029844,1132.683824417239,0.0,142.87856901192762,0.0,0.0,1298.678389845845,0.10493700137230204,0.5246850068615102,,0.2429092695920298,0.24291104628093704,94.40465094161333,472.02325470806664,69.99156215802472,74.94257993557373,0.0,4.4834325197884946,4.800578664630886,-0.31714614484239156,0.0003171082177259934,275.13940046789844,917.1593620765639,0.0,0.0,275.13940046789844,1067.5578557733297,3202.673567319989,275.13940046789844,0.1528552224821658,825.4182014036953,4622.341927860693,1368.3548431668617,4105.064529500585,22988.361365203276,1643.49424363476,4930.48273090428,27610.70329306397,0.27391570727246,0.5876472076848914,2.938236038424457,0.10493700137230204,161.68490040905562,161.68490040905562,0.0,485.05470122716685,485.05470122716685,0.0,825.4182014036953,0.0,825.4182014036953,4622.341927860693,0.0,4101.089652144774,-0.06606414913664929,111.17534623861077
104,104,2025,7SB,7,SB,Night,8,OP,NT,5.6,70,6000,1.6,5.0,75,1800,1,4,0.05,0.01,729.0,0.0,90.0,0.0,0.0,1.0,1.0,1.0,1.83,0.915,0.24291497975708504,0.24291497975708504,30,4.103,0.708,729.0,0.0,90.0,0.0,0.0,819.0,999.0,1.0,1.2,0.1040625,999.0,0.0,1.0,14.58,678.699,0.0,85.5,0.0,0.0,778.05,0.11113313700929218,0.555665685046461,,0.24290594471119983,0.24290710815964758,99.13212596606792,495.66062983033964,69.99418405397223,74.99259362654976,0.0,4.480442451066866,4.800398840865289,-0.3199563897984232,0.0002185647941782757,164.8600217695466,549.5599782304533,0.0,0.0,164.8600217695466,639.5599782304533,5116.479825843627,164.8600217695466,0.09158890098308144,1318.8801741563727,7385.728975275687,819.5599782304533,6556.479825843627,36716.287024724305,984.42,7875.36,44102.01599999999,0.16407,0.6223455672520362,3.1117278362601812,0.1111331370092922,102.5999037653515,102.5999037653515,0.0,820.799230122812,820.799230122812,0.0,1318.8801741563727,0.0,1318.8801741563727,7385.728975275687,0.0,6552.0,-0.06665204296665274,116.70569873177821
105,105,2025,7SB,7,SB,AM-Early,1,OP,AM,5.6,70,6000,1.6,5.0,75,1800,1,4,0.05,0.01,2298.0,0.0,284.0,0.0,0.0,1.0,1.0,1.0,1.83,0.915,0.24291497975708504,0.24291497975708504,30,4.155,0.715,791.2365039071351,0.0,97.78553834187396,0.0,0.0,889.022042249009,1084.593118932757,1.0,1.2,0.11297844988882887,1084.593118932757,0.0,1.0,15.824730078142702,736.6411851375427,0.0,92.89626142478026,0.0,0.0,844.5709401365585,0.1177398798829316,0.588699399414658,,0.242723649392056,0.24272276347420776,104.97789801286926,524.8894900643463,69.9912188417202,74.98975041942325,0.0,4.4806123252941505,4.800602212112327,-0.31998988681817675,0.0003300122375556978,178.80023674907355,596.6115370799189,0.0,0.0,178.80023674907355,694.3970754217928,694.3970754217928,178.80023674907355,0.09933346486059641,178.80023674907355,1001.2813257948118,889.9681521055408,889.9681521055408,4983.821651791028,1068.7683888546144,1068.7683888546144,5985.10297758584,0.1781280648091024,0.6593433273444169,3.2967166367220844,0.11773987988293158,117.89074302810364,117.89074302810364,0.0,117.89074302810364,117.89074302810364,0.0,178.80023674907355,0.0,178.80023674907355,1001.2813257948118,0.0,889.022042249009,-0.06665619701020324,123.63078106635278
106,106,2025,7SB,7,SB,AM-Peak,2,Peak,AM,5.6,70,6000,1.6,5.0,75,1800,1,4,0.05,0.01,3435.0,0.0,425.0,0.0,0.0,1.0,1.0,1.0,1.83,0.915,0.24291497975708504,0.24291497975708504,30,4.155,0.715,790.9930708140168,0.0,97.86668270624662,0.0,0.0,888.8597535202634,1084.5931189327566,1.0,1.2,0.11297844988882881,1084.5931189327566,0.0,1.0,15.819861416280338,736.4145489278496,0.0,92.97334857093429,0.0,0.0,844.4167658442502,0.11768982047499986,0.5884491023749993,,0.2429074352812299,0.24290741169220023,104.93371129848784,524.6685564924392,69.99122273444252,74.98973451564417,0.0,4.4806132755397945,4.8006019451158295,-0.319988669576035,0.00032986592347447765,178.88056938384776,596.2926400138888,0.0,0.0,178.88056938384776,694.1593227201354,1388.3186454402708,178.88056938384776,0.09937809410213765,357.7611387676955,2003.4623770990947,889.8926881326287,1779.7853762652574,9966.79810708544,1068.7732575164764,2137.546515032953,11970.260484184535,0.17812887625274607,0.6590629946599992,3.2953149732999956,0.11768982047499986,117.89356374460446,117.89356374460446,0.0,235.78712748920893,235.78712748920893,0.0,357.7611387676955,0.0,357.7611387676955,2003.4623770990947,0.0,1777.7195070405269,-0.06665594715712558,123.57868712036894
107,107,2025,7SB,7,SB,AM-Shoulder,1,OP,AM,5.6,70,6000,1.6,5.0,75,1800,1,4,0.05,0.01,3333.0,0.0,412.0,0.0,0.0,1.0,1.0,1.0,1.83,0.915,0.24291497975708504,0.24291497975708504,30,4.155,0.715,791.190384198485,0.0,97.80091157809055,0.0,0.0,888.9912957765756,1084.5931189327566,1.0,1.2,0.11297844988882881,1084.5931189327566,0.0,1.0,15.8238076839697,736.5982476887896,0.0,92.91086599918602,0.0,0.0,844.5417309877467,0.11768949855085666,0.5884474927542833,,0.2429068430243912,0.24290811801560785,104.93369745443397,524.6684872721698,69.99122487497685,74.98972436236737,0.0,4.480613882195002,4.80060179829952,-0.3199879161045178,0.00032978546813726786,178.92475492338244,596.4418215911329,0.0,0.0,178.92475492338244,694.2427331692235,694.2427331692235,178.92475492338244,0.09940264162410135,178.92475492338244,1001.9786275709416,889.8445563254045,889.8445563254045,4983.129515422264,1068.7693112487868,1068.7693112487868,5985.108142993206,0.17812821854146446,0.6590611918847973,3.2953059594239864,0.11768949855085666,117.92236223749968,117.92236223749968,0.0,117.92236223749968,117.92236223749968,0.0,178.92475492338244,0.0,178.92475492338244,1001.9786275709416,0.0,888.9912957765756,-0.06665579224210279,123.57864007643235
108,108,2025,7SB,7,SB,MD,5,OP,MD,5.6,70,6000,1.6,5.0,75,1800,1,4,0.05,0.01,2635.0,0.0,326.0,0.0,0.0,1.0,1.0,1.0,1.83,0.915,0.24291497975708504,0.24291497975708504,30,4.136,0.708,791.0054991386147,0.0,97.86253993138081,0.0,0.0,888.8680390699956,1084.593118932757,1.0,1.2,0.11297844988882887,1084.593118932757,0.0,1.0,15.820109982772294,736.4261196980502,0.0,92.96941293481176,0.0,0.0,844.4246371164958,0.11491123256943644,0.5745561628471823,,0.24291405734556068,0.24291279967575524,102.4563323100165,512.2816615500826,69.99122310687721,74.98973284211505,0.0,4.4806133755326405,4.8006019195710445,-0.31998854403840404,0.0003298519249323685,178.88825667110092,596.2971324847415,0.0,0.0,178.88825667110092,694.1596724161222,3470.7983620806112,178.88825667110092,0.09938236481727829,894.4412833555045,5008.871186790825,889.884752278884,4449.42376139442,24916.77306380875,1068.7730089499848,5343.865044749924,29925.644250599573,0.17812883482499747,0.643502902388844,3.2175145119442203,0.11491123256943644,115.11511237113393,115.11511237113393,0.0,575.5755618556697,575.5755618556697,0.0,894.4412833555045,0.0,894.4412833555045,5008.871186790825,0.0,4444.340195349978,-0.06665592136141887,120.66111385130328
109,109,2025,7SB,7,SB,PM-Shoulder,1,OP,PM,5.6,70,6000,1.6,5.0,75,1800,1,4,0.05,0.01,2723.0,0.0,336.0,0.0,0.0,1.0,1.0,1.0,1.83,0.915,0.24291497975708504,0.24291497975708504,30,4.135,0.592,791.5698372698732,0.0,97.67442722096122,0.0,0.0,889.2442644908344,1084.5931189327569,1.0,1.2,0.11297844988882884,1084.5931189327569,0.0,1.0,15.831396745397464,736.951518498252,0.0,92.79070585991316,0.0,0.0,844.7820512662927,0.10591566054528687,0.5295783027264344,,0.24273920220971973,0.24273859804322012,94.43580012465665,472.17900062328323,69.99122304714133,74.98973072166397,0.0,4.48061350222894,4.800601923668246,-0.31998842143930606,0.00032985417019928953,178.8870236675072,596.8514168569685,0.0,0.0,178.8870236675072,694.5258440779297,694.5258440779297,178.8870236675072,0.09938167981528179,178.8870236675072,1001.7673325380403,889.8746985198522,889.8746985198522,4983.298311711173,1068.7617221873595,1068.7617221873595,5985.065644249213,0.17812695369789325,0.5931276990536064,2.965638495268032,0.10591566054528687,106.10284873845659,106.10284873845659,0.0,106.10284873845659,106.10284873845659,0.0,178.8870236675072,0.0,178.8870236675072,1001.7673325380403,0.0,889.2442644908344,-0.06665589576625337,111.21546768205954
110,110,2025,7SB,7,SB,PM-Peak,3,Peak,PM,5.6,70,6000,1.6,5.0,75,1800,1,4,0.05,0.01,2613.0,0.0,323.0,0.0,0.0,1.0,1.0,1.0,1.83,0.915,0.24291497975708504,0.24291497975708504,30,4.135,0.592,791.1897877641803,0.0,97.80111038952553,0.0,0.0,888.9908981537059,1084.5931189327569,1.0,1.2,0.11297844988882884,1084.5931189327569,0.0,1.0,15.823795755283607,736.5976924084518,0.0,92.91105487004926,0.0,0.0,844.5413532460205,0.10588155770173528,0.5294077885086764,,0.24290765253106206,0.24290861094784685,94.4055651317262,472.02782565863106,69.99122489732677,74.98972426751725,0.0,4.480613887862269,4.80060179676657,-0.3199879089043014,0.00032978462808047604,178.92521632273434,596.4407756861623,0.0,0.0,178.92521632273434,694.2418860756878,2082.7256582270634,178.92521632273434,0.09940289795707463,536.7756489682031,3005.943634221937,889.8441068547388,2669.532320564216,14949.38099515961,1068.769323177473,3206.3079695324195,17955.324629381546,0.17812822052957886,0.5929367231297176,2.9646836156485876,0.10588155770173527,106.09133145167796,106.09133145167796,0.0,318.2739943550339,318.2739943550339,0.0,536.7756489682031,0.0,536.7756489682031,3005.943634221937,0.0,2666.9726944611175,-0.06665579076353056,111.1798364807053
111,111,2025,7SB,7,SB,PM-Late,3,OP,PM,5.6,70,6000,1.6,5.0,75,1800,1,4,0.05,0.01,2089.0,0.0,258.0,0.0,0.0,1.0,1.0,1.0,1.83,0.915,0.24291497975708504,0.24291497975708504,30,4.135,0.592,791.3779341426928,0.0,97.73839493002141,0.0,0.0,889.1163290727142,1084.593118932757,1.0,1.2,0.11297844988882887,1084.593118932757,0.0,1.0,15.827558682853855,736.7728566868469,0.0,92.85147518352034,0.0,0.0,844.6605126190784,0.10588129327965733,0.5294064663982866,,0.24290774524770417,0.24290850151058824,94.40556637687705,472.0278318843852,69.9912269614773,74.98971447659342,0.0,4.4806144728671535,4.800601655189331,-0.31998718232217715,0.00032970704375326733,178.96783337751188,596.5825420823271,0.0,0.0,178.96783337751188,694.3209370123485,2082.9628110370454,178.96783337751188,0.09942657409861771,536.9035001325357,3006.6596007421995,889.7977268723914,2669.393180617174,14948.601811456174,1068.7655602499033,3206.2966807497096,17955.26141219837,0.17812759337498388,0.592935242366081,2.9646762118304046,0.10588129327965733,106.1163356594274,106.1163356594274,0.0,318.3490069782822,318.3490069782822,0.0,536.9035001325357,0.0,536.9035001325357,3006.6596007421995,0.0,2667.3489872181426,-0.06665564137700927,111.17981127801947
