,index,Year,SegDir,Segment,Direction,Period,Hours/Day,Peak,4Periods,Length,Speed GP,Capacity GP,Alpha GP,Beta GP,Speed ML,Capacity ML,Alpha ML,Beta ML,MinToll,MinCapture,AADT Lights,AADT MediumA,AADT MediumB,AADT HeavyA,AADT HeavyB,GrowthFactor,GrowthFactor_medium,GrowthFactor_heavy,MaxToll,Soft Cap,MaxCapture,MaxCap_aux,Min Speed,B1,B2,TotalLights,TotalMediumA,TotalMediumB,TotalHeavyA,TotalHeavyB,TotalVeh,Corridor PCE pre-fix,Suppressed ratio ref,Max VC,Suppressed ratio,Corridor PCE,Suppressed Demand,PCE ratio,HOV3,InScopeLights,InScopeMediumA,InScopeMediumB,InScopeHeavyA,InScopeHeavyB,InScopeVeh,TollLights,TollMediumA,TollMediumB,CaptureRateLights,CaptureRateMediumA,VOT Lights,VOT MediumA,Speed GP Real,Speed ML Real,Bounus Seg,Time ML,Time GP,Time Savings,BonusRel,MLVeh_Lights,GPVeh_Lights,MLVeh_MediumA,GPVeh_MediumA,MLVeh,GPVeh,GPVehDay,ML PCE,ML V/C,ML Volume,ML PCE Total,GP PCE,GP Volume,GP PCE Total,Highway PCE,Highway Volume,Highway PCE Total,Highway V/C,TollLightsPerSeg,TollMediumAPerSeg,TollBlend,RevenuePerHour,RevenuePerHourLights,RevenuePerHourMediumA,RevenuePerDay,RevenuePerDayLights,RevenuePerDayMediumA,TransactionsDay_Lights,TransactionsDay_MediumA,TransactionsDay,TransactionsLightsLength,TransactionsMediumALength,TotalVeh_hours,Difference in Travel Time,Implied Min VOT
0,0,2025,1NB,1,NB,Night,8,OP,NT,3.0,70,12000,1,8,75,1800,1,4,0.05,0.01,2238.0,0.0,277.0,0.0,0.0,1.0,1.0,1.0,3.66,1.83,0.17391304347826086,0.17391304347826086,30,4.103,0.708,2238.0,0.0,277.0,0.0,0.0,2515.0,3069.0,1.0,1.2,0.19673076923076924,3069.0,0.0,1.0,67.14,1628.145,0.0,207.75,0.0,0.0,1886.25,0.107070561,0.5353528049999999,,0.17391299471543323,0.17391297796953656,97.50611630368888,487.5305815184444,69.99940939205153,74.89257945227622,0.0,2.4034423879698434,2.5714502674138147,-0.16800787944397122,2.9723499783423925e-05,283.155572780959,1887.7044272190408,0.0,0.0,283.155572780959,2164.7044272190406,17317.635417752324,283.155572780959,0.15730865154497722,2265.244582247672,6795.733746743016,2718.7044272190406,21749.635417752324,65248.90625325697,3001.8599999999997,24014.879999999997,72044.63999999998,0.25015499999999996,0.32121168299999997,1.6060584149999997,0.107070561,90.95287808380083,90.95287808380083,0.0,727.6230246704066,727.6230246704066,0.0,2265.244582247672,0.0,2265.244582247672,6795.733746743016,0.0,20120.0,-0.06533584630160545,38.23769266811329
1,1,2025,1NB,1,NB,AM-Early,1,OP,AM,3.0,70,12000,1,8,75,1800,1,4,0.05,0.01,1841.0,0.0,228.0,0.0,0.0,1.0,1.0,1.0,3.66,1.83,0.17391304347826086,0.17391304347826086,30,4.155,0.715,2209.2,0.0,273.59999999999997,0.0,0.0,2482.7999999999997,3030.0,1.0,1.2,0.19423076923076923,3030.0,0.0,1.0,66.276,1607.193,0.0,205.2,0.0,0.0,1862.1,0.154130142,0.77065071,,0.13821040169035873,0.13821040172542076,138.8233612334181,694.1168061670904,69.99937098765999,74.95060226561267,0.0,2.4015817693113317,2.571451678211962,-0.16986990890063014,3.1656293245318005e-05,222.1307901239327,1920.793209876067,0.0,0.0,222.1307901239327,2194.393209876067,2194.393209876067,222.1307901239327,0.12340599451329595,222.1307901239327,666.3923703717982,2741.593209876067,2741.593209876067,8224.7796296282,2963.7239999999997,2963.7239999999997,8891.171999999997,0.24697699999999997,0.462390426,2.31195213,0.154130142,102.71115067312185,102.71115067312185,0.0,102.71115067312185,102.71115067312185,0.0,222.1307901239327,0.0,222.1307901239327,666.3923703717982,0.0,2482.7999999999997,-0.06605992651541787,54.4405338170267
2,2,2025,1NB,1,NB,AM-Peak,2,Peak,AM,3.0,70,12000,1,8,75,1800,1,4,0.05,0.01,4183.0,0.0,517.0,0.0,0.0,1.0,1.0,1.0,3.66,1.83,0.17391304347826086,0.17391304347826086,30,4.155,0.715,4183.0,0.0,517.0,0.0,0.0,4700.0,5734.0,1.0,1.2,0.36756410256410255,5734.0,0.0,1.0,125.49,3043.1325,0.0,387.75,0.0,0.0,3525.0,0.152579241,0.762896205,,0.12459061457132149,0.12459061822758863,145.31783844549804,726.5891922274902,69.89011282444204,74.53952226576463,1.2441349555978907,2.4148263166783464,2.5754715899821843,-0.16064527330383793,0.005538935418449884,379.145748396962,3678.364251603038,0.0,0.0,379.145748396962,4195.364251603038,8390.728503206075,379.145748396962,0.2106365268872011,758.291496793924,2274.874490381772,5229.364251603038,10458.728503206075,31376.185509618226,5608.509999999999,11217.019999999999,33651.06,0.46737583333333327,0.45773772300000004,2.288688615,0.152579241,173.54931155635632,173.54931155635632,0.0,347.09862311271263,347.09862311271263,0.0,758.291496793924,0.0,758.291496793924,2274.874490381772,0.0,9400.0,-0.06237509042176978,56.9873876256855
3,3,2025,1NB,1,NB,AM-Shoulder,1,OP,AM,3.0,70,12000,1,8,75,1800,1,4,0.05,0.01,4812.0,0.0,595.0,0.0,0.0,1.0,1.0,1.0,3.66,1.83,0.17391304347826086,0.17391304347826086,30,4.155,0.715,4812.0,0.0,595.0,0.0,0.0,5407.0,6597.0,1.0,1.2,0.42288461538461536,6597.0,0.0,1.0,144.35999999999999,3500.7300000000005,0.0,446.25,0.0,0.0,4055.25,0.158785562,0.79392781,,0.11701988564121991,0.11701989162746491,149.28571041198333,746.4285520599167,69.65204861258869,74.33292087875226,0.9975645922669172,2.4215381001051473,2.58427431188962,-0.16273621178447284,0.017598664431637052,409.65502426078785,4257.984975739212,0.0,0.0,409.65502426078785,4852.984975739212,4852.984975739212,409.65502426078785,0.2275861245893266,409.65502426078785,1228.9650727823637,6042.984975739212,6042.984975739212,18128.954927217637,6452.64,6452.64,19357.920000000002,0.53772,0.476356686,2.38178343,0.158785562,195.1419097601185,195.1419097601185,0.0,195.1419097601185,195.1419097601185,0.0,409.65502426078785,0.0,409.65502426078785,1228.9650727823637,0.0,5407.0,-0.06297172519022573,58.5434158478366
4,4,2025,1NB,1,NB,MD,5,OP,MD,3.0,70,12000,1,8,75,1800,1,4,0.05,0.01,5111.0,0.0,632.0,0.0,0.0,1.0,1.0,1.0,3.66,1.83,0.17391304347826086,0.17391304347826086,30,4.136,0.708,5111.0,0.0,632.0,0.0,0.0,5743.0,7007.0,1.0,1.2,0.44916666666666666,7007.0,0.0,1.0,153.32999999999998,3718.2525,0.0,474.0,0.0,0.0,4307.25,0.37750232,1.8875116,,0.01629911926628039,0.01629912282426141,284.00555117720734,1420.0277558860366,69.12846837821836,74.98503744380517,2.208066994390421,2.4004788973386124,2.6038476509442825,-0.20336875360567008,0.04441413893652453,60.60424095964523,4897.065759040355,0.0,0.0,60.60424095964523,5529.065759040355,27645.328795201778,60.60424095964523,0.03366902275535846,303.02120479822617,909.0636143946786,6793.065759040355,33965.32879520178,101895.98638560533,6853.67,34268.350000000006,102805.05,0.5711391666666666,1.13250696,5.6625348,0.37750232,68.6347246923153,68.6347246923153,0.0,343.17362346157654,343.17362346157654,0.0,303.02120479822617,0.0,303.02120479822617,909.0636143946786,0.0,28715.0,-0.07810316918192914,111.37472595184602
5,5,2025,1NB,1,NB,PM-Shoulder,1,OP,PM,3.0,70,12000,1,8,75,1800,1,4,0.05,0.01,6757.0,0.0,835.0,0.0,0.0,1.0,1.0,1.0,3.66,1.83,0.17391304347826086,0.17391304347826086,30,4.135,0.592,8108.4,0.0,1002.0,0.0,0.0,9110.4,11114.4,1.0,1.2,0.7124615384615385,11114.4,0.0,1.0,243.25199999999998,5898.860999999999,0.0,751.5,0.0,0.0,6832.799999999999,1.290270372,6.45135186,,0.05662039475997429,0.05662039759287812,159.58959804589975,797.9479902294988,49.14838736506166,74.21503348921792,2.772834095407069,2.4253846092537397,3.6623785570624325,-1.2369939478086929,1.4946014803183898,333.99583845421665,7531.152161545782,0.0,0.0,333.99583845421665,8533.152161545782,8533.152161545782,333.99583845421665,0.18555324358567593,333.99583845421665,1001.9875153626499,10537.152161545782,10537.152161545782,31611.456484637347,10871.148,10871.148,32613.443999999996,0.905929,3.8708111159999996,19.35405558,1.290270372,1292.834804186322,1292.834804186322,0.0,1292.834804186322,1292.834804186322,0.0,333.99583845421665,0.0,333.99583845421665,1001.9875153626499,0.0,9110.4,-0.337756987306325,62.58415609643128
6,6,2025,1NB,1,NB,PM-Peak,3,Peak,PM,3.0,70,12000,1,8,75,1800,1,4,0.05,0.01,6670.0,0.0,824.0,0.0,0.0,1.0,1.0,1.0,3.66,1.83,0.17391304347826086,0.17391304347826086,30,4.135,0.592,8004.0,0.0,988.8,0.0,0.0,8992.8,10970.4,1.0,1.2,0.7032307692307692,10970.4,0.0,1.0,240.12,5822.91,0.0,741.5999999999999,0.0,0.0,6744.599999999999,1.093046422,5.4652321100000005,,0.06436052792609886,0.06436053862667106,153.59901386991294,767.9950693495648,51.1150908971459,73.99243177792343,4.060248350349648,2.4326812306999384,3.5214649302335608,-1.0887836995336224,1.3015498115628357,374.76556166616035,7389.11443833384,0.0,0.0,374.76556166616035,8377.914438333839,25133.743315001517,374.76556166616035,0.20820308981453353,1124.296684998481,3372.890054995443,10355.51443833384,31066.543315001516,93199.62994500455,10730.279999999999,32190.839999999997,96572.51999999999,0.8941899999999999,3.279139266,16.39569633,1.093046422,1228.9084688040507,1228.9084688040507,0.0,3686.725406412152,3686.725406412152,0.0,1124.296684998481,0.0,1124.296684998481,3372.890054995443,0.0,26978.399999999998,-0.30918487649439946,60.23490739996586
7,7,2025,1NB,1,NB,PM-Late,3,OP,PM,3.0,70,12000,1,8,75,1800,1,4,0.05,0.01,6393.0,0.0,790.0,0.0,0.0,1.0,1.0,1.0,3.66,1.83,0.17391304347826086,0.17391304347826086,30,4.135,0.592,7112.911659659985,0.0,878.9613970172671,0.0,0.0,7991.873056677252,9749.795850711787,1.0,1.2,0.6249869135071658,9749.795850711787,0.0,1.0,213.38734978979954,5174.643232402639,0.0,659.2210477629503,0.0,0.0,5993.904792507939,0.170362894,0.8518144699999999,,0.14642117685835668,0.14642125629026068,116.48105980335968,582.4052990167983,63.67030036653097,69.14330279325148,1.0073415283196392,2.6032890059970977,2.82706377956117,-0.2237747735640725,0.3502202351416602,757.6773519105253,6141.84695795966,0.0,0.0,757.6773519105253,7020.808354976927,21062.42506493078,757.6773519105253,0.42093186217251405,2273.032055731576,6819.096167194728,8778.731149011463,26336.193447034388,79008.58034110317,9536.408500921987,28609.225502765963,85827.6765082979,0.7947007084101656,0.511088682,2.5554434099999996,0.170362894,387.2403191692006,387.2403191692006,0.0,1161.7209575076017,1161.7209575076017,0.0,2273.032055731576,0.0,2273.032055731576,6819.096167194728,0.0,23975.619170031758,-0.07915448359598305,45.678846981709675
8,8,2025,1SB,1,SB,Night,8,OP,NT,3.0,70,12000,1,8,75,1800,1,4,0.05,0.01,1637.0,0.0,202.0,0.0,0.0,1.0,1.0,1.0,3.66,1.83,0.17391304347826086,0.17391304347826086,30,4.103,0.708,1637.0,0.0,202.0,0.0,0.0,1839.0,2243.0,1.0,1.2,0.1437820512820513,2243.0,0.0,1.0,49.11,1190.9175,0.0,151.5,0.0,0.0,1379.25,0.134223639,0.671118195,,0.16569298190188692,0.16569298019105477,120.38546210838166,601.9273105419085,69.99995007270647,74.97365852906192,0.0,2.4008432232265533,2.5714304054937234,-0.17058718226717007,2.512669258583622e-06,197.3266717741404,1390.5633282258598,0.0,0.0,197.3266717741404,1592.5633282258598,12740.506625806878,197.3266717741404,0.10962592876341133,1578.6133741931233,4735.84012257937,1996.5633282258598,15972.506625806878,47917.51987742064,2193.8900000000003,17551.120000000003,52653.36000000001,0.1828241666666667,0.402670917,2.013354585,0.134223639,79.45771187185113,79.45771187185113,0.0,635.661694974809,635.661694974809,0.0,1578.6133741931233,0.0,1578.6133741931233,4735.84012257937,0.0,14712.0,-0.06633941245414213,47.20998514054183
9,9,2025,1SB,1,SB,AM-Early,1,OP,AM,3.0,70,12000,1,8,75,1800,1,4,0.05,0.01,4573.0,0.0,565.0,0.0,0.0,1.0,1.0,1.0,3.66,1.83,0.17391304347826086,0.17391304347826086,30,4.155,0.715,4573.0,0.0,565.0,0.0,0.0,5138.0,6268.0,1.0,1.2,0.4017948717948718,6268.0,0.0,1.0,137.19,3326.8575,0.0,423.75,0.0,0.0,3853.5,0.723063505,3.615317525,,0.010000549452560747,0.010000559200451632,598.3497384844417,2991.748692422208,69.63026627262711,74.9939684301985,2.0393307642855243,2.4001930257569586,2.5850827468508646,-0.184889721093906,0.018706220328541464,33.27040295037261,4402.539597049627,0.0,0.0,33.27040295037261,4967.539597049627,4967.539597049627,33.27040295037261,0.018483557194651452,33.27040295037261,99.81120885111784,6097.539597049627,6097.539597049627,18292.61879114888,6130.81,6130.81,18392.43,0.5109008333333334,2.1691905150000004,10.845952575,0.723063505,72.1698425101763,72.1698425101763,0.0,72.1698425101763,72.1698425101763,0.0,33.27040295037261,0.0,33.27040295037261,99.81120885111784,0.0,5138.0,-0.0715217806157802,234.64695626840847
10,10,2025,1SB,1,SB,AM-Peak,2,Peak,AM,3.0,70,12000,1,8,75,1800,1,4,0.05,0.01,7757.0,0.0,959.0,0.0,0.0,1.0,1.0,1.0,3.66,1.83,0.17391304347826086,0.17391304347826086,30,4.155,0.715,7757.0,0.0,959.0,0.0,0.0,8716.0,10634.0,1.0,1.2,0.6816666666666666,10634.0,0.0,1.0,232.70999999999998,5643.2175,0.0,719.25,0.0,0.0,6537.0,1.121625976,5.60812988,,0.061703689207782686,0.061703696680995714,191.8183555377661,959.0917776888305,54.20579205435001,74.19509883893004,4.008131501813715,2.4260362586855173,3.3206783477957686,-0.8946420891102513,1.0264721936230605,348.20733875192036,7176.08266124808,0.0,0.0,348.20733875192036,8135.08266124808,16270.16532249616,348.20733875192036,0.19344852152884465,696.4146775038407,2089.244032511522,10053.08266124808,20106.16532249616,60318.495967488474,10401.29,20802.58,62407.74,0.8667741666666667,3.3648779280000003,16.82438964,1.121625976,1171.675188533956,1171.675188533956,0.0,2343.350377067912,2343.350377067912,0.0,696.4146775038407,0.0,696.4146775038407,2089.244032511522,0.0,17432.0,-0.26941546136321975,75.22288452461414
11,11,2025,1SB,1,SB,AM-Shoulder,1,OP,AM,3.0,70,12000,1,8,75,1800,1,4,0.05,0.01,7826.0,0.0,967.0,0.0,0.0,1.0,1.0,1.0,3.66,1.83,0.17391304347826086,0.17391304347826086,30,4.155,0.715,7826.0,0.0,967.0,0.0,0.0,8793.0,10727.0,1.0,1.2,0.6876282051282051,10727.0,0.0,1.0,234.78,5693.415,0.0,725.25,0.0,0.0,6594.75,0.621465242,3.10732621,,0.11830199951756773,0.1183020278362486,148.59360849388352,742.9680424694177,56.328863156149296,70.43284977501534,1.5991900390111735,2.555625685670487,3.1955198439035035,-0.6398941582330164,0.855005043290657,673.5423785833128,6917.6776214166875,0.0,0.0,673.5423785833128,7884.6776214166875,7884.6776214166875,673.5423785833128,0.3741902103240627,673.5423785833128,2020.6271357499386,9818.677621416688,9818.677621416688,29456.03286425006,10492.220000000001,10492.220000000001,31476.66,0.8743516666666667,1.864395726,9.32197863,0.621465242,1255.7495319106024,1255.7495319106024,0.0,1255.7495319106024,1255.7495319106024,0.0,673.5423785833128,0.0,673.5423785833128,2020.6271357499386,0.0,8793.0,-0.20024728040848291,58.272003330934716
12,12,2025,1SB,1,SB,MD,5,OP,MD,3.0,70,12000,1,8,75,1800,1,4,0.05,0.01,5968.0,0.0,738.0,0.0,0.0,1.0,1.0,1.0,3.66,1.83,0.17391304347826086,0.17391304347826086,30,4.136,0.708,5968.0,0.0,738.0,0.0,0.0,6706.0,8182.0,1.0,1.2,0.5244871794871795,8182.0,0.0,1.0,179.04,4341.72,0.0,553.5,0.0,0.0,5029.5,0.171338014,0.8566900700000001,,0.12215931384236003,0.1221592925339245,142.63602857822778,713.1801428911391,68.13805763882861,73.23300902292385,1.1688566226400026,2.4579080171846455,2.6416954964302746,-0.1837874792456291,0.096265687252333,530.3815360956514,5258.578463904349,0.0,0.0,530.3815360956514,5996.578463904349,29982.892319521743,530.3815360956514,0.29465640894202855,2651.907680478257,7955.723041434771,7472.578463904349,37362.89231952174,112088.67695856522,8002.96,40014.8,120044.4,0.6669133333333334,0.514014042,2.5700702100000004,0.171338014,272.6235571706947,272.6235571706947,0.0,1363.1177858534736,1363.1177858534736,0.0,2651.907680478257,0.0,2651.907680478257,7955.723041434771,0.0,33530.0,-0.06957178807852052,55.93569748165797
13,13,2025,1SB,1,SB,PM-Shoulder,1,OP,PM,3.0,70,12000,1,8,75,1800,1,4,0.05,0.01,4858.0,0.0,600.0,0.0,0.0,1.0,1.0,1.0,3.66,1.83,0.17391304347826086,0.17391304347826086,30,4.135,0.592,4858.0,0.0,600.0,0.0,0.0,5458.0,6658.0,1.0,1.2,0.4267948717948718,6658.0,0.0,1.0,145.73999999999998,3534.195,0.0,450.0,0.0,0.0,4093.5,0.169862832,0.8493141599999999,,0.07906238602098023,0.07906238405645927,144.10650712167416,720.5325356083706,69.55671795720022,74.7672772402399,1.417666205952184,2.407470308456326,2.5878161777379716,-0.18034586928164575,0.022451020643878397,279.42188936341825,4432.838110636582,0.0,0.0,279.42188936341825,5032.838110636582,5032.838110636582,279.42188936341825,0.15523438297967682,279.42188936341825,838.2656680902547,6232.838110636582,6232.838110636582,18698.514331909748,6512.26,6512.26,19536.780000000002,0.5426883333333333,0.509588496,2.5479424799999997,0.169862832,142.3901803501827,142.3901803501827,0.0,142.3901803501827,142.3901803501827,0.0,279.42188936341825,0.0,279.42188936341825,838.2656680902547,0.0,5458.0,-0.06969037091316407,56.51235573398986
14,14,2025,1SB,1,SB,PM-Peak,3,Peak,PM,3.0,70,12000,1,8,75,1800,1,4,0.05,0.01,6246.0,0.0,772.0,0.0,0.0,1.0,1.0,1.0,3.66,1.83,0.17391304347826086,0.17391304347826086,30,4.135,0.592,6246.0,0.0,772.0,0.0,0.0,7018.0,8562.0,1.0,1.2,0.5488461538461539,8562.0,0.0,1.0,187.38,4543.965,0.0,579.0,0.0,0.0,5263.5,0.193009261,0.965046305,,0.10943288180124303,0.10943290685804971,129.3980531639637,646.9902658198185,67.20318831113413,73.46247376060184,2.1877997397204867,2.4502305842106638,2.678444349494916,-0.2282137652842522,0.14661161595089223,497.25918475398527,5561.360815246015,0.0,0.0,497.25918475398527,6333.360815246015,19000.082445738044,497.25918475398527,0.2762551026411029,1491.7775542619559,4475.332662785868,7877.360815246015,23632.082445738044,70896.24733721412,8374.62,25123.86,75371.57999999999,0.6978850000000001,0.5790277829999999,2.895138915,0.193009261,287.92688332448745,287.92688332448745,0.0,863.7806499734623,863.7806499734623,0.0,1491.7775542619559,0.0,1491.7775542619559,4475.332662785868,0.0,21054.0,-0.08520384801994758,50.74433457410341
15,15,2025,1SB,1,SB,PM-Late,3,OP,PM,3.0,70,12000,1,8,75,1800,1,4,0.05,0.01,4575.0,0.0,566.0,0.0,0.0,1.0,1.0,1.0,3.66,1.83,0.17391304347826086,0.17391304347826086,30,4.135,0.592,4575.0,0.0,566.0,0.0,0.0,5141.0,6273.0,1.0,1.2,0.4021153846153846,6273.0,0.0,1.0,137.25,3328.3125,0.0,424.5,0.0,0.0,3855.75,0.148833149,0.744165745,,0.09880806489183722,0.098808068218608,133.98352145506215,669.9176072753107,69.74719444941415,74.66426870714866,1.1346833730603736,2.4107917095659714,2.5807489666204333,-0.16995725705446185,0.012768941412850895,328.8641174803129,4108.885882519687,0.0,0.0,328.8641174803129,4674.885882519687,14024.65764755906,328.8641174803129,0.18270228748906273,986.5923524409388,2959.7770573228163,5806.885882519687,17420.65764755906,52261.97294267718,6135.75,18407.249999999996,55221.75,0.5113125,0.446499447,2.232497235,0.148833149,146.83764659310276,146.83764659310276,0.0,440.5129397793083,440.5129397793083,0.0,986.5923524409388,0.0,986.5923524409388,2959.7770573228163,0.0,15423.0,-0.06585578808814786,52.54255743335769
16,16,2025,2NB,2,NB,Night,8,OP,NT,2.2,70,12000,1,8,75,1800,1,4,0.05,0.01,3220.0,0.0,398.0,0.0,0.0,1.0,1.0,1.0,3.66,1.83,0.17391304347826086,0.17391304347826086,30,4.103,0.708,3220.0,0.0,398.0,0.0,0.0,3618.0,4414.0,1.0,1.2,0.28294871794871795,4414.0,0.0,1.0,96.6,2342.55,0.0,298.5,0.0,0.0,2713.5,0.107070561,0.5353528049999999,,0.17391300010025795,0.1739129370868023,104.29351167538498,521.4675583769249,69.98919091365013,74.54182457226176,0.18966956185449413,1.7708179368756607,1.8860055142351384,-0.11518757735947771,0.00039898307356819743,407.3998983848593,2716.000101615141,0.0,0.0,407.3998983848593,3114.000101615141,24912.000812921127,407.3998983848593,0.22633327688047739,3259.1991870788743,7170.238211573524,3910.000101615141,31280.000812921127,68816.00178842648,4317.400000000001,34539.200000000004,75986.24,0.3597833333333334,0.23555523420000002,1.1777761709999999,0.107070561,95.96517847710174,95.96517847710174,0.0,767.721427816814,767.721427816814,0.0,3259.1991870788743,0.0,3259.1991870788743,7170.238211573524,0.0,28944.0,-0.06107488895979795,55.77193137721122
17,17,2025,2NB,2,NB,AM-Early,1,OP,AM,2.2,70,12000,1,8,75,1800,1,4,0.05,0.01,3086.0,0.0,381.0,0.0,0.0,1.0,1.0,1.0,3.66,1.83,0.17391304347826086,0.17391304347826086,30,4.155,0.715,3136.6935414180252,0.0,387.2586647052066,0.0,0.0,3523.952206123232,4298.469535533645,1.0,1.2,0.2755429189444644,4298.469535533645,0.0,1.0,94.10080624254076,2281.9445513816136,0.0,290.44399852890496,0.0,0.0,2642.964154592424,0.154130142,0.77065071,,0.13171240057068534,0.1317124011865031,141.82700813415568,709.1350406707783,69.98937704068695,74.82707154497342,0.4009381102830163,1.7640674327427588,1.8860004986651675,-0.12193306592240871,0.0003921117427080251,300.56039483166796,2742.0323403438165,0.0,0.0,300.56039483166796,3129.291005049023,3129.291005049023,300.56039483166796,0.16697799712870443,300.56039483166796,661.2328686296696,3903.808334459436,3903.808334459436,8588.37833581076,4204.368729291104,4204.368729291104,9249.611204440429,0.35036406077425863,0.33908631240000003,1.695431562,0.154130142,101.91591593695831,101.91591593695831,0.0,101.91591593695831,101.91591593695831,0.0,300.56039483166796,0.0,300.56039483166796,661.2328686296696,0.0,3523.952206123232,-0.06465166154977575,75.84331985783726
18,18,2025,2NB,2,NB,AM-Peak,2,Peak,AM,2.2,70,12000,1,8,75,1800,1,4,0.05,0.01,6362.0,0.0,786.0,0.0,0.0,1.0,1.0,1.0,3.66,1.83,0.17391304347826086,0.17391304347826086,30,4.155,0.715,6362.0,0.0,786.0,0.0,0.0,7148.0,8720.0,1.0,1.2,0.558974358974359,8720.0,0.0,1.0,190.85999999999999,4628.3550000000005,0.0,589.5,0.0,0.0,5361.0,0.152579241,0.762896205,,0.13911739298313525,0.13911742573819783,138.4168345802272,692.084172901136,67.17275599738745,71.68449379645236,1.1509441056344982,1.8414024150719837,1.9650823915150044,-0.12367997644302076,0.10873430494698481,643.884681400459,5527.255318599541,0.0,0.0,643.884681400459,6313.255318599541,12626.510637199082,643.884681400459,0.3577137118891439,1287.769362800918,2833.09259816202,7885.255318599541,15770.510637199082,34695.123401837984,8529.14,17058.28,37528.216,0.7107616666666666,0.33567433020000004,1.6783716510000002,0.152579241,216.1355591551395,216.1355591551395,0.0,432.271118310279,432.271118310279,0.0,1287.769362800918,0.0,1287.769362800918,2833.09259816202,0.0,14296.0,-0.06293882484370956,74.01969763648512
19,19,2025,2NB,2,NB,AM-Shoulder,1,OP,AM,2.2,70,12000,1,8,75,1800,1,4,0.05,0.01,7274.0,0.0,899.0,0.0,0.0,1.0,1.0,1.0,3.66,1.83,0.17391304347826086,0.17391304347826086,30,4.155,0.715,7274.0,0.0,899.0,0.0,0.0,8173.0,9971.0,1.0,1.2,0.6391666666666667,9971.0,0.0,1.0,218.22,5291.835,0.0,674.25,0.0,0.0,6129.75,0.158785562,0.79392781,,0.1570482816922527,0.15704843594839346,130.94323620328635,654.7161810164317,62.878171277671306,67.23576910347407,0.6290931625024241,1.9632407238006826,2.099297694538304,-0.13605697073762157,0.29260927008890564,831.0735937489221,6224.706406251077,0.0,0.0,831.0735937489221,7123.706406251077,7123.706406251077,831.0735937489221,0.4617075520827345,831.0735937489221,1828.361906247629,8921.706406251076,8921.706406251076,19627.75409375237,9752.779999999999,9752.779999999999,21456.115999999998,0.8127316666666665,0.3493282364,1.746641182,0.158785562,290.31747282292105,290.31747282292105,0.0,290.31747282292105,290.31747282292105,0.0,831.0735937489221,0.0,831.0735937489221,1828.361906247629,0.0,8173.0,-0.06481070840576729,70.02312096432425
20,20,2025,2NB,2,NB,MD,5,OP,MD,2.2,70,12000,1,8,75,1800,1,4,0.05,0.01,7621.0,0.0,942.0,0.0,0.0,1.0,1.0,1.0,3.66,1.83,0.17391304347826086,0.17391304347826086,30,4.136,0.708,7621.0,0.0,942.0,0.0,0.0,8563.0,10447.0,1.0,1.2,0.6696794871794872,10447.0,0.0,1.0,228.63,5544.2775,0.0,706.5,0.0,0.0,6422.25,0.37750232,1.8875116,,0.1360021624673617,0.1360022190422495,136.1433598242818,680.7167991214089,59.26081626379603,68.88166411224121,0.9216165909534055,1.9163300088817365,2.2274414751968616,-0.3111114663151251,0.4681662495911292,754.0337293191379,6638.336270680862,0.0,0.0,754.0337293191379,7580.336270680862,37901.68135340431,754.0337293191379,0.4189076273995211,3770.1686465956896,8294.371022510517,9464.336270680862,47321.68135340431,104107.69897748949,10218.37,51091.85,112402.07,0.8515308333333333,0.8305051040000001,4.15252552,0.37750231999999995,626.2288607876985,626.2288607876985,0.0,3131.1443039384926,3131.1443039384926,0.0,3770.1686465956896,0.0,3770.1686465956896,8294.371022510517,0.0,42815.0,-0.13967211699136967,72.80393573491006
21,21,2025,2NB,2,NB,PM-Shoulder,1,OP,PM,2.2,70,12000,1,8,75,1800,1,4,0.05,0.01,8273.0,0.0,1022.0,0.0,0.0,1.0,1.0,1.0,3.66,1.83,0.17391304347826086,0.17391304347826086,30,4.135,0.592,9625.664732077877,0.0,1189.1006111668792,0.0,0.0,10814.765343244757,13192.966565578514,1.0,1.2,0.8457029849729817,13192.966565578514,0.0,1.0,288.7699419623363,7002.6710925866555,0.0,891.8254583751593,0.0,0.0,8111.074007433568,1.290270372,6.45135186,,0.16607583955304872,0.1660758957831957,110.95390853483687,554.7695426741843,34.65054049976545,52.70085160061856,0.689830806987848,2.504703358502288,3.80946438630282,-1.3047610278005322,2.635537637806293,1162.9744808151938,8173.920309300348,0.0,0.0,1162.9744808151938,9363.020920467226,9363.020920467226,1162.9744808151938,0.6460969337862188,1162.9744808151938,2558.5438577934265,11741.222142800985,11741.222142800985,25830.68871416217,12904.196623616179,12904.196623616179,28389.232571955596,1.0753497186346817,2.8385948184000003,14.192974092000002,1.290270372,3301.2133351734396,3301.2133351734396,0.0,3301.2133351734396,3301.2133351734396,0.0,1162.9744808151938,0.0,1162.9744808151938,2558.5438577934265,0.0,10814.765343244757,-0.34250511239634795,59.33364092772025
22,22,2025,2NB,2,NB,PM-Peak,3,Peak,PM,2.2,70,12000,1,8,75,1800,1,4,0.05,0.01,7207.0,0.0,891.0,0.0,0.0,1.0,1.0,1.0,3.66,1.83,0.17391304347826086,0.17391304347826086,30,4.135,0.592,8648.4,0.0,1069.2,0.0,0.0,9717.6,11856.0,1.0,1.2,0.76,11856.0,0.0,1.0,259.452,6291.711,0.0,801.9000000000001,0.0,0.0,7288.200000000001,1.093046422,5.4652321100000005,,0.11836691867781819,0.11836693989690629,125.89502800924464,629.4751400462233,45.44479189512214,68.37678080994611,2.024329966622534,1.930479885663164,2.904623269144475,-0.9741433834813111,1.3959053072993595,744.7304442813343,7644.217555718665,0.0,0.0,744.7304442813343,8713.417555718665,26140.252667155994,744.7304442813343,0.4137391357118524,2234.1913328440028,4915.220932256807,10851.817555718666,32555.452667155998,71621.9958677432,11596.548,34789.644,76537.21680000001,0.9663790000000001,2.4047021284000003,12.023510642000002,1.093046422,1790.8548844476022,1790.8548844476022,0.0,5372.564653342806,5372.564653342806,0.0,2234.1913328440028,0.0,2234.1913328440028,4915.220932256807,0.0,29152.800000000003,-0.33537684347210867,67.3235443899704
23,23,2025,2NB,2,NB,PM-Late,3,OP,PM,2.2,70,12000,1,8,75,1800,1,4,0.05,0.01,7436.0,0.0,919.0,0.0,0.0,1.0,1.0,1.0,3.66,1.83,0.17391304347826086,0.17391304347826086,30,4.135,0.592,8278.728251191676,0.0,1023.1510574025217,0.0,0.0,9301.879308594198,11348.18142339924,1.0,1.2,0.7274475271409769,11348.18142339924,0.0,1.0,248.3618475357503,6022.774802741944,0.0,767.3632930518913,0.0,0.0,6976.409481445648,0.170362894,0.8518144699999999,,0.17391304236284863,0.1739124803979329,91.5034767359348,457.51738367967397,54.063232677886525,59.121525680642385,0.48754036349588614,2.232689337433989,2.441585407710774,-0.20889607027678503,0.7615434371351888,1047.439089411157,6982.927314244769,0.0,0.0,1047.439089411157,8006.078371647291,24018.235114941872,1047.439089411157,0.5819106052284206,3142.317268233471,6913.097990113637,10052.380486452334,30157.141459357,66345.7112105854,11099.81957586349,33299.45872759047,73258.80920069903,0.9249849646552909,0.3747983668,1.873991834,0.170362894,392.57846003378086,392.57846003378086,0.0,1177.7353801013426,1177.7353801013426,0.0,3142.317268233471,0.0,3142.317268233471,6913.097990113637,0.0,27905.637925782594,-0.08555755191568154,48.93234050049988
24,24,2025,2SB,2,SB,Night,8,OP,NT,2.2,70,12000,1,8,75,1800,1,4,0.05,0.01,2585.0,0.0,319.0,0.0,0.0,1.0,1.0,1.0,3.66,1.83,0.17391304347826086,0.17391304347826086,30,4.103,0.708,2585.0,0.0,319.0,0.0,0.0,2904.0,3542.0,1.0,1.2,0.22705128205128206,3542.0,0.0,1.0,77.55,1880.5874999999999,0.0,239.25,0.0,0.0,2178.0,0.134223639,0.671118195,,0.1582719972147593,0.15827199758370733,122.99236317642777,614.9618158821388,69.99800168783244,74.85868856556438,0.0,1.7633223681762586,1.8857681193339721,-0.1224457511577135,7.375205897068521e-05,297.6443395621111,2209.805660437889,0.0,0.0,297.6443395621111,2528.805660437889,20230.44528350311,297.6443395621111,0.16535796642339506,2381.154716496889,5238.5403762931555,3166.805660437889,25334.44528350311,55735.77962370685,3464.45,27715.6,60974.32,0.28870416666666665,0.29529200580000003,1.4764600290000003,0.134223639,87.89199404431209,87.89199404431209,0.0,703.1359523544967,703.1359523544967,0.0,2381.154716496889,0.0,2381.154716496889,5238.5403762931555,0.0,23232.0,-0.06493149921367834,65.77131720664588
25,25,2025,2SB,2,SB,AM-Early,1,OP,AM,2.2,70,12000,1,8,75,1800,1,4,0.05,0.01,6971.0,0.0,862.0,0.0,0.0,1.0,1.0,1.0,3.66,1.83,0.17391304347826086,0.17391304347826086,30,4.155,0.715,7565.311826069724,0.0,935.4897136812655,0.0,0.0,8500.80153975099,10371.78096711352,1.0,1.2,0.6648577543021488,10371.78096711352,0.0,1.0,226.9593547820917,5503.7643534657245,0.0,701.6172852609491,0.0,0.0,6375.601154813243,0.723063505,3.615317525,,0.08795982760382698,0.08795984103707652,167.78767381978773,838.9383690989386,57.73328463311984,73.21692459041789,1.5098474884075013,1.8028618483830066,2.28637606259242,-0.4835142142094133,0.5489066343230443,484.1101637029334,6854.242307584699,0.0,0.0,484.1101637029334,7789.732021265964,7789.732021265964,484.1101637029334,0.2689500909460741,484.1101637029334,1065.0423601464536,9660.711448628495,9660.711448628495,21253.56518698269,10144.821612331429,10144.821612331429,22318.607547129144,0.8454018010276191,1.5907397110000003,7.953698555000001,0.723063505,770.0932619009671,770.0932619009671,0.0,770.0932619009671,770.0932619009671,0.0,484.1101637029334,0.0,484.1101637029334,1065.0423601464536,0.0,8500.80153975099,-0.21147624055387376,89.72602878063513
26,26,2025,2SB,2,SB,AM-Peak,2,Peak,AM,2.2,70,12000,1,8,75,1800,1,4,0.05,0.01,9309.0,0.0,1150.0,0.0,0.0,1.0,1.0,1.0,3.66,1.83,0.17391304347826086,0.17391304347826086,30,4.155,0.715,9309.0,0.0,1150.0,0.0,0.0,10459.0,12759.0,1.0,1.2,0.8178846153846154,12759.0,0.0,1.0,279.27,6772.2975,0.0,862.5,0.0,0.0,7844.25,1.121625976,5.60812988,,0.16425136321960346,0.1642514296889111,128.20758790963168,641.0379395481584,39.1646150024802,55.25773219402631,1.085843730341122,2.3888059599787552,3.37038931677589,-0.9815833567971346,2.0340047925543985,1112.3590965037124,7917.370903496287,0.0,0.0,1112.3590965037124,9067.370903496287,18134.741806992573,1112.3590965037124,0.6179772758353957,2224.718193007425,4894.380024616335,11367.370903496287,22734.741806992573,50016.43197538367,12479.73,24959.46,54910.812000000005,1.0399775,2.4675771472,12.337885736,1.121625976,2744.8318860126,2744.8318860126,0.0,5489.6637720252,5489.6637720252,0.0,2224.718193007425,0.0,2224.718193007425,4894.380024616335,0.0,20918.0,-0.29123738077122674,68.56020743830571
27,27,2025,2SB,2,SB,AM-Shoulder,1,OP,AM,2.2,70,12000,1,8,75,1800,1,4,0.05,0.01,8274.0,0.0,1023.0,0.0,0.0,1.0,1.0,1.0,3.66,1.83,0.17391304347826086,0.17391304347826086,30,4.155,0.715,8523.542053644886,0.0,1053.8534591344837,0.0,0.0,9577.395512779369,11685.102431048337,1.0,1.2,0.7490450276313037,11685.102431048337,0.0,1.0,255.70626160934657,6200.876844026654,0.0,790.3900943508628,0.0,0.0,7183.046634584527,0.621465242,3.10732621,,0.15468279973330795,0.15468288666570115,131.87256093864391,659.3628046932197,49.73677939848643,62.111343612342296,0.7705177594538851,2.125215658251675,2.653971600019139,-0.5287559417674643,1.0525125205976498,959.1689910354816,7308.666801000058,0.0,0.0,959.1689910354816,8362.52026013454,8362.52026013454,959.1689910354816,0.5328716616863787,959.1689910354816,2110.1717802780595,10470.22717840351,10470.22717840351,23034.49979248772,11429.396169438991,11429.396169438991,25144.67157276578,0.9524496807865825,1.3672235324,6.836117662,0.621465242,1311.398416092075,1311.398416092075,0.0,1311.398416092075,1311.398416092075,0.0,959.1689910354816,0.0,959.1689910354816,2110.1717802780595,0.0,9577.395512779369,-0.19923195175247965,70.52008606344596
28,28,2025,2SB,2,SB,MD,5,OP,MD,2.2,70,12000,1,8,75,1800,1,4,0.05,0.01,7694.0,0.0,951.0,0.0,0.0,1.0,1.0,1.0,3.66,1.83,0.17391304347826086,0.17391304347826086,30,4.136,0.708,7694.0,0.0,951.0,0.0,0.0,8645.0,10547.0,1.0,1.2,0.6760897435897436,10547.0,0.0,1.0,230.82,5597.385,0.0,713.25,0.0,0.0,6483.75,0.171338014,0.8566900700000001,,0.16452969316010263,0.16452988651630482,124.8377369992208,624.188684996104,59.75495439090098,64.23267170914254,0.5713225133610031,2.0550289515858924,2.2090218517529308,-0.15399290016703837,0.4429313654729441,920.936036548961,6542.243963451039,0.0,0.0,920.936036548961,7493.243963451039,37466.219817255194,920.936036548961,0.5116311314160895,4604.680182744805,10130.296402038572,9395.24396345104,46976.219817255194,103347.68359796144,10316.18,51580.9,113477.98000000001,0.8596816666666667,0.37694363080000004,1.8847181540000004,0.171338014,347.1409733513269,347.1409733513269,0.0,1735.7048667566346,1735.7048667566346,0.0,4604.680182744805,0.0,4604.680182744805,10130.296402038572,0.0,43225.0,-0.06971089943942382,66.75814812792557
29,29,2025,2SB,2,SB,PM-Shoulder,1,OP,PM,2.2,70,12000,1,8,75,1800,1,4,0.05,0.01,5126.0,0.0,634.0,0.0,0.0,1.0,1.0,1.0,3.66,1.83,0.17391304347826086,0.17391304347826086,30,4.135,0.592,6151.2,0.0,760.8,0.0,0.0,6912.0,8433.599999999999,1.0,1.2,0.5406153846153845,8433.599999999999,0.0,1.0,184.536,4474.998,0.0,570.5999999999999,0.0,0.0,5184.0,0.169862832,0.8493141599999999,,0.11700460078700954,0.11700462222857651,126.41067813789364,632.0533906894682,67.59091423831619,73.24552819844436,0.935477824962626,1.802157800574145,1.9529252043342145,-0.15076740376006947,0.09207895850930231,523.5953545126661,5443.068645487334,0.0,0.0,523.5953545126661,6203.868645487334,6203.868645487334,523.5953545126661,0.29088630806259225,523.5953545126661,1151.9097799278654,7725.468645487334,7725.468645487334,16996.031020072136,8249.064,8249.064,18147.9408,0.687422,0.3736982304,1.868491152,0.169862832,195.66665742704396,195.66665742704396,0.0,195.66665742704396,195.66665742704396,0.0,523.5953545126661,0.0,523.5953545126661,1151.9097799278654,0.0,6912.0,-0.0772008080112155,67.59929312186826
30,30,2025,2SB,2,SB,PM-Peak,3,Peak,PM,2.2,70,12000,1,8,75,1800,1,4,0.05,0.01,7001.0,0.0,865.0,0.0,0.0,1.0,1.0,1.0,3.66,1.83,0.17391304347826086,0.17391304347826086,30,4.135,0.592,7001.0,0.0,865.0,0.0,0.0,7866.0,9596.0,1.0,1.2,0.6151282051282051,9596.0,0.0,1.0,210.03,5093.2275,0.0,648.75,0.0,0.0,5899.5,0.193009261,0.965046305,,0.13774469458433453,0.13774477412420458,119.17352604988314,595.8676302494157,64.15570397341781,70.37075611612867,1.2911866415511601,1.8757791913187383,2.057494374228871,-0.1817151829101329,0.23533872126498248,701.5650664360337,6089.404933563967,0.0,0.0,701.5650664360337,6954.404933563967,20863.2148006919,701.5650664360337,0.38975837024224097,2104.695199308101,4630.329438477823,8684.404933563967,26053.2148006919,57317.07256152219,9385.970000000001,28157.910000000003,61947.40200000001,0.7821641666666668,0.4246203742,2.1231018710000003,0.19300926100000002,297.8988210357165,297.8988210357165,0.0,893.6964631071494,893.6964631071494,0.0,2104.695199308101,0.0,2104.695199308101,4630.329438477823,0.0,23598.0,-0.08831867789589362,63.729158315445524
31,31,2025,2SB,2,SB,PM-Late,3,OP,PM,2.2,70,12000,1,8,75,1800,1,4,0.05,0.01,6368.0,0.0,787.0,0.0,0.0,1.0,1.0,1.0,3.66,1.83,0.17391304347826086,0.17391304347826086,30,4.135,0.592,6368.0,0.0,787.0,0.0,0.0,7155.0,8729.0,1.0,1.2,0.559551282051282,8729.0,0.0,1.0,191.04,4632.72,0.0,590.25,0.0,0.0,5366.25,0.148833149,0.744165745,,0.13237692625276878,0.13237696327601103,120.93018265216809,604.6509132608404,67.06460749747892,72.12473556464512,0.8077519631217694,1.8301626892162248,1.9682512867157558,-0.13808859749953095,0.11307569137201402,613.2652337897271,5563.694766210273,0.0,0.0,613.2652337897271,6350.694766210273,19052.08429863082,613.2652337897271,0.34070290766095945,1839.7957013691812,4047.550543012199,7924.694766210273,23774.08429863082,52302.98545698781,8537.96,25613.88,56350.53600000001,0.7114966666666666,0.3274329278,1.637164639,0.148833149,200.80323101772183,200.80323101772183,0.0,602.4096930531655,602.4096930531655,0.0,1839.7957013691812,0.0,1839.7957013691812,4047.550543012199,0.0,21465.0,-0.07015801205441964,64.66854687281716
32,32,2025,3NB,3,NB,Night,8,OP,NT,3.4,70,12000,1,8,75,1800,1,4,0.05,0.01,3349.0,0.0,414.0,0.0,0.0,1.0,1.0,1.0,3.66,1.83,0.17391304347826086,0.17391304347826086,30,4.103,0.708,3349.0,0.0,414.0,0.0,0.0,3763.0,4591.0,1.0,1.2,0.2942948717948718,4591.0,0.0,1.0,100.47,2436.3975,0.0,310.5,0.0,0.0,2822.25,0.107070561,0.5353528049999999,,0.17391299850005038,0.17391292074240589,105.88647252901617,529.4323626450807,69.98519608192296,74.46442817188755,0.30494411420139217,2.7395631042664186,2.9149021710420384,-0.17533906677561983,0.0008445457561637916,423.7211947630265,2824.8088052369735,0.0,0.0,423.7211947630265,3238.8088052369735,25910.470441895788,423.7211947630265,0.23540066375723695,3389.769558104212,11525.21649755432,4066.8088052369735,32534.470441895788,110617.19950244567,4490.53,35924.24,122142.416,0.3742108333333333,0.3640399074,1.8201995369999997,0.107070561,154.25142450494954,154.25142450494954,0.0,1234.0113960395963,1234.0113960395963,0.0,3389.769558104212,0.0,3389.769558104212,11525.21649755432,0.0,30104.0,-0.06015264200545656,36.6389178301094
33,33,2025,3NB,3,NB,AM-Early,1,OP,AM,3.4,70,12000,1,8,75,1800,1,4,0.05,0.01,3209.0,0.0,397.0,0.0,0.0,1.0,1.0,1.0,3.66,1.83,0.17391304347826086,0.17391304347826086,30,4.155,0.715,3209.0,0.0,397.0,0.0,0.0,3606.0,4400.0,1.0,1.2,0.28205128205128205,4400.0,0.0,1.0,96.27,2334.5475,0.0,297.75,0.0,0.0,2704.5,0.154130142,0.77065071,,0.13107007694864511,0.13107007771655746,142.1329849040123,710.6649245200614,69.9871542301649,74.81339905925306,0.640234450649605,2.726784273475259,2.9148206159248966,-0.1880363424496374,0.000732815245680105,305.9893204652671,2806.740679534733,0.0,0.0,305.9893204652671,3203.740679534733,3203.740679534733,305.9893204652671,0.1699940669251484,305.9893204652671,1040.3636895819081,3997.740679534733,3997.740679534733,13592.318310418092,4303.73,4303.73,14632.682,0.35864416666666665,0.5240424828,2.6202124139999996,0.154130142,160.35140320690343,160.35140320690343,0.0,160.35140320690343,160.35140320690343,0.0,305.9893204652671,0.0,305.9893204652671,1040.3636895819081,0.0,3606.0,-0.06451043382303372,49.18096363460633
34,34,2025,3NB,3,NB,AM-Peak,2,Peak,AM,3.4,70,12000,1,8,75,1800,1,4,0.05,0.01,6617.0,0.0,818.0,0.0,0.0,1.0,1.0,1.0,3.66,1.83,0.17391304347826086,0.17391304347826086,30,4.155,0.715,6617.0,0.0,818.0,0.0,0.0,7435.0,9071.0,1.0,1.2,0.581474358974359,9071.0,0.0,1.0,198.51,4813.8675,0.0,613.5,0.0,0.0,5576.25,0.152579241,0.762896205,,0.14416467478597628,0.14416475503986145,136.20788897735642,681.039444886782,66.26291490152168,70.72519474073674,1.7191340242123638,2.8844035106275756,3.078645126058517,-0.1942416154309412,0.2251723941287398,693.9896426002807,5724.500357399719,0.0,0.0,693.9896426002807,6542.500357399719,13085.000714799438,693.9896426002807,0.3855498014446004,1387.9792852005614,4719.129569681909,8178.500357399719,16357.000714799438,55613.80243031809,8872.49,17744.98,60332.93199999999,0.7393741666666667,0.5187694194,2.593847097,0.152579241,360.02060396136113,360.02060396136113,0.0,720.0412079227223,720.0412079227223,0.0,1387.9792852005614,0.0,1387.9792852005614,4719.129569681909,0.0,14870.0,-0.06309321389036548,47.130757431611215
35,35,2025,3NB,3,NB,AM-Shoulder,1,OP,AM,3.4,70,12000,1,8,75,1800,1,4,0.05,0.01,7565.0,0.0,935.0,0.0,0.0,1.0,1.0,1.0,3.66,1.83,0.17391304347826086,0.17391304347826086,30,4.155,0.715,7565.0,0.0,935.0,0.0,0.0,8500.0,10370.0,1.0,1.2,0.6647435897435897,10370.0,0.0,1.0,226.95,5503.5375,0.0,701.25,0.0,0.0,6375.0,0.158785562,0.79392781,,0.16357399956678512,0.16357406037819544,128.45901620431917,642.2950810215958,60.84811526968449,65.00388820166312,0.8863543511951361,3.138273811669941,3.3526100043666607,-0.21433619269671977,0.6005042774108972,900.2356406407857,6437.814359359215,0.0,0.0,900.2356406407857,7372.814359359215,7372.814359359215,900.2356406407857,0.5001309114671032,900.2356406407857,3060.8011781786713,9242.814359359214,9242.814359359214,31425.568821821325,10143.05,10143.05,34486.369999999995,0.8452541666666666,0.5398709107999999,2.699354554,0.158785562,486.01103524736243,486.01103524736243,0.0,486.01103524736243,486.01103524736243,0.0,900.2356406407857,0.0,900.2356406407857,3060.8011781786713,0.0,8500.0,-0.06393114391997702,44.44948657588898
36,36,2025,3NB,3,NB,MD,5,OP,MD,3.4,70,12000,1,8,75,1800,1,4,0.05,0.01,7925.0,0.0,980.0,0.0,0.0,1.0,1.0,1.0,3.66,1.83,0.17391304347826086,0.17391304347826086,30,4.136,0.708,7925.0,0.0,980.0,0.0,0.0,8905.0,10865.0,1.0,1.2,0.6964743589743589,10865.0,0.0,1.0,237.75,5765.4375,0.0,735.0,0.0,0.0,6678.75,0.37750232,1.8875116,,0.14895683140491306,0.1489567915023254,130.70853155767176,653.5426577883588,56.73879172705099,65.9207874159068,1.222121698219931,3.094623228829552,3.5954237619540326,-0.5008005331244805,0.9331591253055965,858.8013016630634,6828.448698336937,0.0,0.0,858.8013016630634,7808.448698336937,39042.24349168468,858.8013016630634,0.47711183425725745,4294.006508315317,14599.622128272076,9768.448698336937,48842.24349168468,166063.62787172792,10627.25,53136.25,180663.25,0.8856041666666666,1.283507888,6.41753944,0.37750232,1102.2782449092094,1102.2782449092094,0.0,5511.391224546047,5511.391224546047,0.0,4294.006508315317,0.0,4294.006508315317,14599.622128272076,0.0,44525.0,-0.13928831934189215,45.227865590889884
37,37,2025,3NB,3,NB,PM-Shoulder,1,OP,PM,3.4,70,12000,1,8,75,1800,1,4,0.05,0.01,8604.0,0.0,1063.0,0.0,0.0,1.0,1.0,1.0,3.66,1.83,0.17391304347826086,0.17391304347826086,30,4.135,0.592,9061.592189553876,0.0,1119.5342279748688,0.0,0.0,10181.126417528745,12420.194873478482,1.0,1.2,0.7961663380434925,12420.194873478482,0.0,1.0,271.84776568661624,6592.308317900444,0.0,839.6506709811516,0.0,0.0,7635.844813146559,1.290270372,6.45135186,,0.13405798561212456,0.1340580275131028,120.37208011331222,601.8604005665611,40.47018569113918,64.10920656145983,1.7373762926571055,3.182070266373216,5.040747812646314,-1.8586775462730984,2.913253074754023,883.7515736317869,7905.992850235472,0.0,0.0,883.7515736317869,9025.527078210342,9025.527078210342,883.7515736317869,0.4909730964621038,883.7515736317869,3004.7553503480754,11264.595534160078,11264.595534160078,38299.62481614426,12148.347107791866,12148.347107791866,41304.38016649234,1.0123622589826555,4.3869192647999995,21.934596323999997,1.290270372,3876.9468036626013,3876.9468036626013,0.0,3876.9468036626013,3876.9468036626013,0.0,883.7515736317869,0.0,883.7515736317869,3004.7553503480754,0.0,10181.126417528745,-0.36873051685109426,41.65123879353364
38,38,2025,3NB,3,NB,PM-Peak,3,Peak,PM,3.4,70,12000,1,8,75,1800,1,4,0.05,0.01,7495.0,0.0,926.0,0.0,0.0,1.0,1.0,1.0,3.66,1.83,0.17391304347826086,0.17391304347826086,30,4.135,0.592,8994.0,0.0,1111.2,0.0,0.0,10105.2,12327.6,1.0,1.2,0.7902307692307693,12327.6,0.0,1.0,269.82,6543.135,0.0,833.4000000000001,0.0,0.0,7578.900000000001,1.093046422,5.4652321100000005,,0.14126016313483564,0.14126021232062874,118.06170652625548,590.3085326312774,42.042909495800735,62.83104378231039,2.4385226646155296,3.246802658679286,4.852185599105019,-1.6053829404257334,2.6549228422024482,924.2843175132529,7799.895682486747,0.0,0.0,924.2843175132529,8911.095682486748,26733.287047460246,924.2843175132529,0.5134912875073627,2772.8529525397585,9427.70003863518,11133.495682486748,33400.48704746024,113561.65596136483,12057.78,36173.340000000004,122989.356,1.004815,3.7163578348,18.581789174,1.093046422,3434.971264973148,3434.971264973148,0.0,10304.913794919445,10304.913794919445,0.0,2772.8529525397585,0.0,2772.8529525397585,9427.70003863518,0.0,30315.600000000002,-0.33085769446285085,40.85180156617836
39,39,2025,3NB,3,NB,PM-Late,3,OP,PM,3.4,70,12000,1,8,75,1800,1,4,0.05,0.01,7734.0,0.0,956.0,0.0,0.0,1.0,1.0,1.0,3.66,1.83,0.17391304347826086,0.17391304347826086,30,4.135,0.592,7734.0,0.0,956.0,0.0,0.0,8690.0,10602.0,1.0,1.2,0.6796153846153846,10602.0,0.0,1.0,232.01999999999998,5626.485,0.0,717.0,0.0,0.0,6517.5,0.170362894,0.8518144699999999,,0.163232926132916,0.16323241371819472,111.70985352134288,558.5492676067145,59.331149656701626,64.27453122443346,0.9129778163231348,3.1738854584201306,3.438328789857818,-0.2644433314376875,0.7179390135337828,918.4276103929599,6583.552389607041,0.0,0.0,918.4276103929599,7539.552389607041,22618.657168821122,918.4276103929599,0.5102375613294221,2755.28283117888,9367.961626008191,9451.55238960704,28354.657168821122,96405.83437399182,10369.980000000001,31109.940000000002,105773.79600000002,0.8641650000000001,0.5792338396,2.8961691979999995,0.170362894,531.984351162567,531.984351162567,0.0,1595.953053487701,1595.953053487701,0.0,2755.28283117888,0.0,2755.28283117888,9367.961626008191,0.0,26070.0,-0.07691042584924601,38.65392855409788
40,40,2025,3SB,3,SB,Night,8,OP,NT,3.4,70,12000,1,8,75,1800,1,4,0.05,0.01,2688.0,0.0,332.0,0.0,0.0,1.0,1.0,1.0,3.66,1.83,0.17391304347826086,0.17391304347826086,30,4.103,0.708,2688.0,0.0,332.0,0.0,0.0,3020.0,3684.0,1.0,1.2,0.23615384615384616,3684.0,0.0,1.0,80.64,1955.52,0.0,249.0,0.0,0.0,2265.0,0.134223639,0.671118195,,0.15703035891056463,0.1570303594184366,123.44188124727036,617.2094062363517,69.99724703128011,74.83890119843895,0.0,2.725855093183212,2.914400332185025,-0.18854523900181297,0.00015702652205572517,307.07600745678735,2300.2839925432127,0.0,0.0,307.07600745678735,2632.2839925432127,21058.2719403457,307.07600745678735,0.17059778192043742,2456.608059654299,8352.467402824615,3296.2839925432127,26370.2719403457,89658.92459717538,3603.36,28826.88,98011.39199999999,0.30028,0.4563603726,2.281801863,0.134223639,140.13732117949985,140.13732117949985,0.0,1121.0985694359988,1121.0985694359988,0.0,2456.608059654299,0.0,2456.608059654299,8352.467402824615,0.0,24160.0,-0.06469435132834143,42.713453718778666
41,41,2025,3SB,3,SB,AM-Early,1,OP,AM,3.4,70,12000,1,8,75,1800,1,4,0.05,0.01,7250.0,0.0,896.0,0.0,0.0,1.0,1.0,1.0,3.66,1.83,0.17391304347826086,0.17391304347826086,30,4.155,0.715,8118.48793047419,0.0,1003.3331290627414,0.0,0.0,9121.821059536931,11128.487317662413,1.0,1.2,0.7133645716450265,11128.487317662413,0.0,1.0,243.55463791422568,5906.199969419973,0.0,752.4998467970561,0.0,0.0,6841.365794652698,0.723063505,3.615317525,,0.1257758212454693,0.1257758410461823,144.72144058458966,723.6072029229483,53.24067830161896,68.79554928357408,1.72699671143809,2.9653081067659697,3.8316566675634687,-0.866348560797499,1.2567982059905236,742.8571515937628,7132.076140966201,0.0,0.0,742.8571515937628,8135.409270028942,8135.409270028942,742.8571515937628,0.4126984175520904,742.8571515937628,2525.7143154187934,10142.075528154426,10142.075528154426,34483.056795725046,10884.932679748188,10884.932679748188,37008.77111114384,0.907077723312349,2.458415917,12.292079585,0.7230635050000002,1826.2518455353882,1826.2518455353882,0.0,1826.2518455353882,1826.2518455353882,0.0,742.8571515937628,0.0,742.8571515937628,2525.7143154187934,0.0,9121.821059536931,-0.226102867757305,50.07662303965039
42,42,2025,3SB,3,SB,AM-Peak,2,Peak,AM,3.4,70,12000,1,8,75,1800,1,4,0.05,0.01,9681.0,0.0,1197.0,0.0,0.0,1.0,1.0,1.0,3.66,1.83,0.17391304347826086,0.17391304347826086,30,4.155,0.715,9681.0,0.0,1197.0,0.0,0.0,10878.0,13272.0,1.0,1.2,0.8507692307692307,13272.0,0.0,1.0,290.43,7042.9275,0.0,897.75,0.0,0.0,8158.5,1.121625976,5.60812988,,0.17391285649918176,0.1739124484653222,105.9650447520888,529.825223760444,34.45110507347453,49.92633973822135,1.3778784013905334,4.086019545386917,5.921435598797928,-1.835416053411011,4.1197953417817335,1224.855639641641,8165.714360358359,0.0,0.0,1224.855639641641,9362.714360358359,18725.428720716718,1224.855639641641,0.6804753553564672,2449.711279283282,8329.018349563157,11756.714360358359,23513.428720716718,79945.65765043684,12981.57,25963.14,88274.676,1.0817975,3.8135283184,19.067641591999998,1.121625976,4671.021667725343,4671.021667725343,0.0,9342.043335450686,9342.043335450686,0.0,2449.711279283282,0.0,2449.711279283282,8329.018349563157,0.0,21756.0,-0.3099613299490426,36.66610545054976
43,43,2025,3SB,3,SB,AM-Shoulder,1,OP,AM,3.4,70,12000,1,8,75,1800,1,4,0.05,0.01,8605.0,0.0,1064.0,0.0,0.0,1.0,1.0,1.0,3.66,1.83,0.17391304347826086,0.17391304347826086,30,4.155,0.715,8890.076157656133,0.0,1099.249393578864,0.0,0.0,9989.325551234997,12187.824338392726,1.0,1.2,0.7812707909226106,12187.824338392726,0.0,1.0,266.702284729684,6467.530404694836,0.0,824.437045184148,0.0,0.0,7491.994163426248,0.621465242,3.10732621,,0.16947803124360614,0.1694780872888329,126.30556919587617,631.5278459793809,45.6688990361005,56.45106311549496,0.9095420029472137,3.613749480370815,4.466934923014926,-0.853185442644111,2.1271294159590197,1096.104319995844,7527.269552930605,0.0,0.0,1096.104319995844,8626.518946509468,8626.518946509468,1096.104319995844,0.6089468444421355,1096.104319995844,3726.7546879858696,10825.017733667197,10825.017733667197,36805.060294468465,11921.12205366304,11921.12205366304,40531.814982454336,0.9934268378052534,2.1129818227999997,10.564909114,0.621465242,2316.0485040437725,2316.0485040437725,0.0,2316.0485040437725,2316.0485040437725,0.0,1096.104319995844,0.0,1096.104319995844,3726.7546879858696,0.0,9989.325551234997,-0.19100019529012066,43.70434920272532
44,44,2025,3SB,3,SB,MD,5,OP,MD,3.4,70,12000,1,8,75,1800,1,4,0.05,0.01,8002.0,0.0,989.0,0.0,0.0,1.0,1.0,1.0,3.66,1.83,0.17391304347826086,0.17391304347826086,30,4.136,0.708,8002.0,0.0,989.0,0.0,0.0,8991.0,10969.0,1.0,1.2,0.7031410256410257,10969.0,0.0,1.0,240.06,5821.455,0.0,741.75,0.0,0.0,6743.25,0.171338014,0.8566900700000001,,0.17176694160936234,0.17176636315367166,122.31773648494917,611.5886824247459,57.05554362547353,61.21399666848972,0.7717741623376587,3.332571161866486,3.5754632597860363,-0.24289209791955013,0.905813237335441,999.9335210665305,6762.006478933469,0.0,0.0,999.9335210665305,7751.006478933469,38755.032394667345,999.9335210665305,0.5555186228147392,4999.667605332653,16998.86985813102,9729.006478933468,48645.032394667345,165393.11014186897,10728.939999999999,53644.7,182391.97999999998,0.8940783333333332,0.5825492476,2.912746238,0.171338014,582.5105203473262,582.5105203473262,0.0,2912.552601736631,2912.552601736631,0.0,4999.667605332653,0.0,4999.667605332653,16998.86985813102,0.0,44955.0,-0.06793304259378276,42.32447629236996
45,45,2025,3SB,3,SB,PM-Shoulder,1,OP,PM,3.4,70,12000,1,8,75,1800,1,4,0.05,0.01,5331.0,0.0,659.0,0.0,0.0,1.0,1.0,1.0,3.66,1.83,0.17391304347826086,0.17391304347826086,30,4.135,0.592,6397.2,0.0,790.8,0.0,0.0,7188.0,8769.599999999999,1.0,1.2,0.5621538461538461,8769.599999999999,0.0,1.0,191.916,4653.963,0.0,593.0999999999999,0.0,0.0,5391.0,0.169862832,0.8493141599999999,,0.1249485752875407,0.12494860120929706,123.48931788070833,617.4465894035417,66.8582779755114,72.5278161219205,1.3744826302244157,2.812713947667644,3.0512302466826973,-0.23851629901505333,0.18761400938386721,581.5060462909288,5623.777953709071,0.0,0.0,581.5060462909288,6414.577953709071,6414.577953709071,581.5060462909288,0.32305891460607156,581.5060462909288,1977.1205573891577,7996.177953709071,7996.177953709071,27187.00504261084,8577.684,8577.684,29164.125599999996,0.714807,0.5775336287999999,2.8876681439999996,0.169862832,335.8392970835408,335.8392970835408,0.0,335.8392970835408,335.8392970835408,0.0,581.5060462909288,0.0,581.5060462909288,1977.1205573891577,0.0,7188.0,-0.07817053441783643,42.72986777879181
46,46,2025,3SB,3,SB,PM-Peak,3,Peak,PM,3.4,70,12000,1,8,75,1800,1,4,0.05,0.01,7281.0,0.0,900.0,0.0,0.0,1.0,1.0,1.0,3.66,1.83,0.17391304347826086,0.17391304347826086,30,4.135,0.592,7281.0,0.0,900.0,0.0,0.0,8181.0,9981.0,1.0,1.2,0.6398076923076923,9981.0,0.0,1.0,218.42999999999998,5296.9275,0.0,675.0,0.0,0.0,6135.75,0.193009261,0.965046305,,0.14687111062887961,0.14687116105155076,116.34602943419848,581.7301471709925,62.518219138968995,68.56241015878791,1.8136144539631815,2.975391319055789,3.263048800966921,-0.28765748191113216,0.47780542875325394,777.9656248456547,6284.604375154345,0.0,0.0,777.9656248456547,7184.604375154345,21553.813125463035,777.9656248456547,0.4322031249142526,2333.896874536964,7935.249373425677,8984.604375154344,26953.81312546303,91642.9646265743,9762.569999999998,29287.709999999995,99578.21399999998,0.8135474999999999,0.6562314873999999,3.281157437,0.193009261,510.5255391385343,510.5255391385343,0.0,1531.5766174156029,1531.5766174156029,0.0,2333.896874536964,0.0,2333.896874536964,7935.249373425677,0.0,24543.0,-0.0881560465249224,40.25814167273304
47,47,2025,3SB,3,SB,PM-Late,3,OP,PM,3.4,70,12000,1,8,75,1800,1,4,0.05,0.01,6623.0,0.0,819.0,0.0,0.0,1.0,1.0,1.0,3.66,1.83,0.17391304347826086,0.17391304347826086,30,4.135,0.592,6623.0,0.0,819.0,0.0,0.0,7442.0,9080.0,1.0,1.2,0.5820512820512821,9080.0,0.0,1.0,198.69,4818.2325,0.0,614.25,0.0,0.0,5581.5,0.148833149,0.744165745,,0.13884506289631685,0.1388451391293959,118.82233351422822,594.1116675711411,66.1466036047133,71.15791367408649,1.1906770875197596,2.866863142367403,3.084058574179973,-0.21719543181256995,0.23258881805513512,668.9877945115779,5755.322205488423,0.0,0.0,668.9877945115779,6574.322205488423,19722.966616465266,668.9877945115779,0.3716598858397655,2006.9633835347338,6823.675504018095,8212.322205488423,24636.966616465266,83765.6864959819,8881.310000000001,26643.93,90589.36200000001,0.7401091666666668,0.5060327066,2.530163533,0.148833149,338.5297043390584,338.5297043390584,0.0,1015.5891130171752,1015.5891130171752,0.0,2006.9633835347338,0.0,2006.9633835347338,6823.675504018095,0.0,22326.0,-0.07042519672970884,41.11499429558069
48,48,2025,4NB,4,NB,Night,8,OP,NT,4.4,70,12000,1,8,75,1800,1,4,0.05,0.01,3091.0,0.0,382.0,0.0,0.0,1.0,1.0,1.0,3.66,1.83,0.17391304347826086,0.17391304347826086,30,4.103,0.708,3091.0,0.0,382.0,0.0,0.0,3473.0,4237.0,1.0,1.2,0.2716025641025641,4237.0,0.0,1.0,92.72999999999999,2248.7025,0.0,286.5,0.0,0.0,2604.75,0.107070561,0.5353528049999999,,0.17391280761958827,0.1739120674303349,102.90799052346739,514.5399526173369,69.99220881785999,74.61059345308749,0.3640466521799938,3.5383715338760022,3.7718483879685025,-0.2334768540925003,0.0005751486597057446,391.0781652761872,2607.191834723813,0.0,0.0,391.0781652761872,2989.191834723813,23913.534677790503,391.0781652761872,0.21726564737565954,3128.6253222094974,13765.95141772179,3753.191834723813,30025.534677790503,132112.35258227822,4144.27,33154.16,145878.304,0.34535583333333336,0.47111046840000004,2.3555523419999997,0.107070561,184.24101762427716,184.24101762427716,0.0,1473.9281409942173,1473.9281409942173,0.0,3128.6253222094974,0.0,3128.6253222094974,13765.95141772179,0.0,27784.0,-0.06189985123401253,27.515505487558126
49,49,2025,4NB,4,NB,AM-Early,1,OP,AM,4.4,70,12000,1,8,75,1800,1,4,0.05,0.01,2962.0,0.0,366.0,0.0,0.0,1.0,1.0,1.0,3.66,1.83,0.17391304347826086,0.17391304347826086,30,4.155,0.715,3135.9770355297183,0.0,387.4975000013089,0.0,0.0,3523.474535531027,4298.469535533644,1.0,1.2,0.27554291894446437,4298.469535533644,0.0,1.0,94.07931106589155,2281.42329334787,0.0,290.62312500098164,0.0,0.0,2642.6059016482704,0.154130142,0.77065071,,0.13171985431225058,0.13171985492480928,141.82346738963426,709.1173369481712,69.98937594285694,74.82719941571432,0.802192605343146,3.528128836324694,3.7720010564966846,-0.2438722201719905,0.0007843045433151319,300.5087438243564,2741.3889806394704,0.0,0.0,300.5087438243564,3128.886480640779,3128.886480640779,300.5087438243564,0.16694930212464243,300.5087438243564,1322.2384728271682,3903.881480643397,3903.881480643397,17177.078514830948,4204.390224467754,4204.390224467754,18499.316987658116,0.35036585203897946,0.6781726248000001,3.390863124,0.154130142,203.79680357471457,203.79680357471457,0.0,203.79680357471457,203.79680357471457,0.0,300.5087438243564,0.0,300.5087438243564,1322.2384728271682,0.0,3523.474535531027,-0.0646532746198357,37.92071320578456
50,50,2025,4NB,4,NB,AM-Peak,2,Peak,AM,4.4,70,12000,1,8,75,1800,1,4,0.05,0.01,6108.0,0.0,755.0,0.0,0.0,1.0,1.0,1.0,3.66,1.83,0.17391304347826086,0.17391304347826086,30,4.155,0.715,6108.0,0.0,755.0,0.0,0.0,6863.0,8373.0,1.0,1.2,0.5367307692307692,8373.0,0.0,1.0,183.23999999999998,4443.57,0.0,566.25,0.0,0.0,5147.25,0.152579241,0.762896205,,0.13455878067158533,0.13455881229256403,140.49111017512962,702.4555508756481,67.89135801395999,72.43080935834173,2.3533915461029,3.644857793786279,3.8885656101578596,-0.24370781637158068,0.16047774305912454,597.9213610288364,5326.838638971164,0.0,0.0,597.9213610288364,6081.838638971164,12163.677277942328,597.9213610288364,0.3321785339049091,1195.8427220576727,5261.70797705376,7591.838638971164,15183.677277942328,66808.18002294625,8189.76,16379.52,72069.888,0.68248,0.6713486604000001,3.3567433020000004,0.152579241,401.4137047512541,401.4137047512541,0.0,802.8274095025082,802.8274095025082,0.0,1195.8427220576727,0.0,1195.8427220576727,5261.70797705376,0.0,13726.0,-0.06267293413667956,37.564467961264604
51,51,2025,4NB,4,NB,AM-Shoulder,1,OP,AM,4.4,70,12000,1,8,75,1800,1,4,0.05,0.01,6983.0,0.0,863.0,0.0,0.0,1.0,1.0,1.0,3.66,1.83,0.17391304347826086,0.17391304347826086,30,4.155,0.715,6983.0,0.0,863.0,0.0,0.0,7846.0,9572.0,1.0,1.2,0.6135897435897436,9572.0,0.0,1.0,209.48999999999998,5080.1325,0.0,647.25,0.0,0.0,5884.5,0.158785562,0.79392781,,0.15054393493859172,0.15054405758076864,133.5376748860622,667.688374430311,64.56434016350192,69.0716639985692,1.3564100702304966,3.822117272366113,4.088944444122711,-0.26682717175659754,0.43499674559097123,764.7831365594253,6008.726863440575,0.0,0.0,764.7831365594253,6871.726863440575,6871.726863440575,764.7831365594253,0.42487952031079185,764.7831365594253,3365.0458008614714,8597.726863440574,8597.726863440574,37829.99819913853,9362.509999999998,9362.509999999998,41195.044,0.7802091666666665,0.6986564728,3.493282364,0.158785562,534.3206886455288,534.3206886455288,0.0,534.3206886455288,534.3206886455288,0.0,764.7831365594253,0.0,764.7831365594253,3365.0458008614714,0.0,7846.0,-0.06525575864453832,35.705260664722516
52,52,2025,4NB,4,NB,MD,5,OP,MD,4.4,70,12000,1,8,75,1800,1,4,0.05,0.01,7316.0,0.0,904.0,0.0,0.0,1.0,1.0,1.0,3.66,1.83,0.17391304347826086,0.17391304347826086,30,4.136,0.708,7316.0,0.0,904.0,0.0,0.0,8220.0,10028.0,1.0,1.2,0.6428205128205128,10028.0,0.0,1.0,219.48,5322.39,0.0,678.0,0.0,0.0,6165.0,0.37750232,1.8875116,,0.1211039669946501,0.12110400110494086,143.16472294440277,715.8236147220139,61.41534863602494,71.21867195256205,2.1255835848561437,3.706893048719687,4.298599712664388,-0.5917066639447013,0.7222244634930683,644.5625428926559,6451.957457107344,0.0,0.0,644.5625428926559,7355.957457107344,36779.787285536724,644.5625428926559,0.35809030160703104,3222.8127144632795,14180.375943638432,9163.957457107344,45819.787285536724,201607.0640563616,9808.52,49042.600000000006,215787.44000000003,0.8173766666666668,1.6610102080000002,8.30505104,0.37750232,1070.6249634391395,1070.6249634391395,0.0,5353.124817195698,5353.124817195698,0.0,3222.8127144632795,0.0,3222.8127144632795,14180.375943638432,0.0,41100.0,-0.13765102672887528,38.2793376856692
53,53,2025,4NB,4,NB,PM-Shoulder,1,OP,PM,4.4,70,12000,1,8,75,1800,1,4,0.05,0.01,7941.0,0.0,982.0,0.0,0.0,1.0,1.0,1.0,3.66,1.83,0.17391304347826086,0.17391304347826086,30,4.135,0.592,7941.0,0.0,982.0,0.0,0.0,8923.0,10887.0,1.0,1.2,0.6978846153846154,10887.0,0.0,1.0,238.23,5777.0775,0.0,736.5,0.0,0.0,6692.25,1.290270372,6.45135186,,0.04272512256708021,0.04272513006450484,172.98103339635827,864.9051669817914,50.64876715895843,74.60658050924812,4.345125953785664,3.538561856045325,5.212367739800067,-1.673805883754742,1.97408666066895,246.82634426702137,7455.943655732979,0.0,0.0,246.82634426702137,8437.94365573298,8437.94365573298,246.82634426702137,0.13712574681501188,246.82634426702137,1086.035914774894,10401.94365573298,10401.94365573298,45768.552085225114,10648.77,10648.77,46854.58800000001,0.8873975000000001,5.6771896368000005,28.385948184000004,1.290270372,1401.279963761963,1401.279963761963,0.0,1401.279963761963,1401.279963761963,0.0,246.82634426702137,0.0,246.82634426702137,1086.035914774894,0.0,8923.0,-0.32112198664995667,46.25161320758242
54,54,2025,4NB,4,NB,PM-Peak,3,Peak,PM,4.4,70,12000,1,8,75,1800,1,4,0.05,0.01,6919.0,0.0,855.0,0.0,0.0,1.0,1.0,1.0,3.66,1.83,0.17391304347826086,0.17391304347826086,30,4.135,0.592,7927.486601017082,0.0,979.6214834325199,0.0,0.0,8907.108084449601,10866.351051314641,1.0,1.2,0.6965609648278616,10866.351051314641,0.0,1.0,237.82459803051245,5767.2465022399265,0.0,734.7161125743899,0.0,0.0,6680.3310633372,1.093046422,5.4652321100000005,,0.05768556427363476,0.057685573277041186,158.7143284111852,793.571642055926,51.75517931677855,74.25067897218014,6.16939987009988,3.5555230424076547,5.100938755986759,-1.545415713579104,1.8214289528447163,332.68686878685656,7356.975134199713,0.0,0.0,332.68686878685656,8336.596617632233,25009.789852896698,332.68686878685656,0.1848260382149203,998.0606063605696,4391.466667986507,10295.839584497273,30887.51875349182,135905.08251536402,10628.52645328413,31885.57935985239,140296.54918335052,0.8857105377736775,4.809404256800001,24.047021284000003,1.093046422,1600.0256429249712,1600.0256429249712,0.0,4800.0769287749135,4800.0769287749135,0.0,998.0606063605696,0.0,998.0606063605696,4391.466667986507,0.0,26721.3242533488,-0.3029669218759614,42.436986206199244
55,55,2025,4NB,4,NB,PM-Late,3,OP,PM,4.4,70,12000,1,8,75,1800,1,4,0.05,0.01,7138.0,0.0,882.0,0.0,0.0,1.0,1.0,1.0,3.66,1.83,0.17391304347826086,0.17391304347826086,30,4.135,0.592,7138.0,0.0,882.0,0.0,0.0,8020.0,9784.0,1.0,1.2,0.6271794871794871,9784.0,0.0,1.0,214.14,5192.8949999999995,0.0,661.5,0.0,0.0,6015.0,0.170362894,0.8518144699999999,,0.1471264982313409,0.14712652408474886,116.26960688784065,581.3480344392033,63.52631995106045,68.98429653486602,1.4660630821447314,3.826957920293776,4.155757805636796,-0.32879988534301985,0.5265310508652686,764.012457033039,6159.847542966961,0.0,0.0,764.012457033039,7041.847542966961,21125.542628900883,764.012457033039,0.424451365018355,2292.037371099117,10084.964432836116,8805.84754296696,26417.54262890088,116237.18756716388,9569.859999999999,28709.579999999994,126322.152,0.7974883333333332,0.7495967336,3.747983668,0.17036289399999996,572.7012422216764,572.7012422216764,0.0,1718.1037266650292,1718.1037266650292,0.0,2292.037371099117,0.0,2292.037371099117,10084.964432836116,0.0,24060.0,-0.0791191163491389,31.08813018391461
56,56,2025,4SB,4,SB,Night,8,OP,NT,4.4,70,12000,1,8,75,1800,1,4,0.05,0.01,2482.0,0.0,307.0,0.0,0.0,1.0,1.0,1.0,3.66,1.83,0.17391304347826086,0.17391304347826086,30,4.103,0.708,2482.0,0.0,307.0,0.0,0.0,2789.0,3403.0,1.0,1.2,0.21814102564102564,3403.0,0.0,1.0,74.46,1805.655,0.0,230.25,0.0,0.0,2091.75,0.134223639,0.671118195,,0.1594357234142868,0.15943572299266376,122.57462278527156,612.8731139263577,69.9985564535216,74.87704332047686,0.0,3.5257802430855745,3.7715063477815227,-0.24572610469594824,0.00010655360354348305,287.88591116162405,2119.654088838376,0.0,0.0,287.88591116162405,2426.654088838376,19413.23271070701,287.88591116162405,0.15993661731201336,2303.0872892929924,10133.584072889167,3040.654088838376,24325.23271070701,107031.02392711084,3328.54,26628.32,117164.60800000001,0.27737833333333334,0.5905840116000001,2.9529200580000006,0.134223639,170.02081629695317,170.02081629695317,0.0,1360.1665303756254,1360.1665303756254,0.0,2303.0872892929924,0.0,2303.0872892929924,10133.584072889167,0.0,22312.0,-0.06515330534720945,32.773963311569936
57,57,2025,4SB,4,SB,AM-Early,1,OP,AM,4.4,70,12000,1,8,75,1800,1,4,0.05,0.01,6693.0,0.0,827.0,0.0,0.0,1.0,1.0,1.0,3.66,1.83,0.17391304347826086,0.17391304347826086,30,4.155,0.715,8031.599999999999,0.0,992.4,0.0,0.0,9024.0,11008.8,1.0,1.2,0.7056923076923076,11008.8,0.0,1.0,240.94799999999998,5842.989,0.0,744.3,0.0,0.0,6768.0,0.723063505,3.615317525,,0.12040907272817701,0.12040910478897499,147.47446415667397,737.3723207833698,54.020100304193654,69.71507529100468,2.351715048442891,3.7868423565206113,4.887069785383299,-1.1002274288626879,1.5284284631179783,703.5488874509382,7087.103112549061,0.0,0.0,703.5488874509382,8079.5031125490605,8079.5031125490605,703.5488874509382,0.390860493028299,703.5488874509382,3095.615104784128,10064.30311254906,10064.30311254906,44282.93369521586,10767.851999999997,10767.851999999997,47378.54879999999,0.8973209999999998,3.1814794220000007,15.907397110000002,0.723063505,2238.326307796154,2238.326307796154,0.0,2238.326307796154,2238.326307796154,0.0,703.5488874509382,0.0,703.5488874509382,3095.615104784128,0.0,9024.0,-0.22513028812343747,39.43167490820159
58,58,2025,4SB,4,SB,AM-Peak,2,Peak,AM,4.4,70,12000,1,8,75,1800,1,4,0.05,0.01,8936.0,0.0,1104.0,0.0,0.0,1.0,1.0,1.0,3.66,1.83,0.17391304347826086,0.17391304347826086,30,4.155,0.715,10498.783284104047,0.0,1297.0743896207327,0.0,0.0,11795.85767372478,14390.006452966245,1.0,1.2,0.9224363110875798,14390.006452966245,0.0,1.0,314.9634985231214,7637.864839185695,0.0,972.8057922155496,0.0,0.0,8846.893255293586,1.121625976,5.60812988,,0.17391304285821693,0.1739130330454897,48.05779367437602,240.28896837188012,23.566262968939895,44.25698978745783,1.9308942096330317,5.965159430585946,11.202454981850513,-5.237295551264567,10.180506182278062,1328.32431512257,8855.495470458354,0.0,0.0,1328.32431512257,10152.569860079087,20305.139720158175,1328.32431512257,0.7379579528458722,2656.64863024514,11689.253973078616,12746.718639320552,25493.437278641104,112171.12402602087,14075.042954443123,28150.085908886245,123860.3779990995,1.1729202462035935,4.9351542944,24.675771472,1.121625976,6555.48544813309,6555.48544813309,0.0,13110.97089626618,13110.97089626618,0.0,2656.64863024514,0.0,2656.64863024514,11689.253973078616,0.0,23591.71534744956,-0.46751319775439326,12.849677453041718
59,59,2025,4SB,4,SB,AM-Shoulder,1,OP,AM,4.4,70,12000,1,8,75,1800,1,4,0.05,0.01,7943.0,0.0,982.0,0.0,0.0,1.0,1.0,1.0,3.66,1.83,0.17391304347826086,0.17391304347826086,30,4.155,0.715,9531.6,0.0,1178.3999999999999,0.0,0.0,10710.0,13066.8,1.0,1.2,0.8376153846153845,13066.8,0.0,1.0,285.948,6934.239,0.0,883.8,0.0,0.0,8032.5,0.621465242,3.10732621,,0.17391304281762165,0.17391302582774038,68.84421183684809,344.22105918424046,36.6317730196197,50.953725114208915,1.1233657806044564,5.181171728038803,7.206858370153244,-2.02568664211444,4.706538824252802,1205.9546041146218,8039.697395885378,0.0,0.0,1205.9546041146218,9218.097395885377,9218.097395885377,1205.9546041146218,0.6699747800636788,1205.9546041146218,5306.200258104336,11574.897395885379,11574.897395885379,50929.54854189567,12780.852,12780.852,56235.7488,1.065071,2.7344470648,13.672235324,0.621465242,3297.6190275032736,3297.6190275032736,0.0,3297.6190275032736,3297.6190275032736,0.0,1205.9546041146218,0.0,1205.9546041146218,5306.200258104336,0.0,10710.0,-0.28107762607125675,18.407543271884517
60,60,2025,4SB,4,SB,MD,5,OP,MD,4.4,70,12000,1,8,75,1800,1,4,0.05,0.01,7386.0,0.0,913.0,0.0,0.0,1.0,1.0,1.0,3.66,1.83,0.17391304347826086,0.17391304347826086,30,4.136,0.708,7386.0,0.0,913.0,0.0,0.0,8299.0,10125.0,1.0,1.2,0.6490384615384616,10125.0,0.0,1.0,221.57999999999998,5373.3150000000005,0.0,684.75,0.0,0.0,6224.25,0.171338014,0.8566900700000001,,0.15712093466313162,0.15712108535387473,127.54936492270382,637.7468246135192,62.05672449310162,66.78921253820687,1.2760808962671188,3.952734131263764,4.254172326310051,-0.30143819504628677,0.6613589441876263,844.2602750394252,6320.159724960575,0.0,0.0,844.2602750394252,7233.159724960575,36165.798624802876,844.2602750394252,0.469033486133014,4221.301375197126,18573.726050867353,9059.159724960575,45295.798624802876,199301.51394913267,9903.42,49517.1,217875.24000000002,0.825285,0.7538872616000001,3.769436308000001,0.17133801400000004,636.4770668271352,636.4770668271352,0.0,3182.385334135676,3182.385334135676,0.0,4221.301375197126,0.0,4221.301375197126,18573.726050867353,0.0,41495.0,-0.07085707205183805,34.10410826810263
61,61,2025,4SB,4,SB,PM-Shoulder,1,OP,PM,4.4,70,12000,1,8,75,1800,1,4,0.05,0.01,4922.0,0.0,608.0,0.0,0.0,1.0,1.0,1.0,3.66,1.83,0.17391304347826086,0.17391304347826086,30,4.135,0.592,5906.4,0.0,729.6,0.0,0.0,6636.0,8095.2,1.0,1.2,0.5189230769230769,8095.2,0.0,1.0,177.19199999999998,4296.906,0.0,547.2,0.0,0.0,4977.0,0.169862832,0.8493141599999999,,0.10880953293080939,0.10880955564033046,129.6537202269372,648.268601134686,68.18300062718897,73.7854667941005,1.9532558803267404,3.57794036509515,3.8719328508802255,-0.29399248578507553,0.13769086284876597,467.54433490759243,5261.663665092407,0.0,0.0,467.54433490759243,5991.263665092408,5991.263665092408,467.54433490759243,0.2597468527264402,467.54433490759243,2057.195073593407,7450.463665092408,7450.463665092408,32782.040126406595,7918.008,7918.008,34839.2352,0.659834,0.7473964608,3.736982304,0.169862832,349.44098117702447,349.44098117702447,0.0,349.44098117702447,349.44098117702447,0.0,467.54433490759243,0.0,467.54433490759243,2057.195073593407,0.0,6636.0,-0.07592912819194185,34.66677011415433
62,62,2025,4SB,4,SB,PM-Peak,3,Peak,PM,4.4,70,12000,1,8,75,1800,1,4,0.05,0.01,6721.0,0.0,831.0,0.0,0.0,1.0,1.0,1.0,3.66,1.83,0.17391304347826086,0.17391304347826086,30,4.135,0.592,7465.728731499671,0.0,923.0799845076963,0.0,0.0,8388.808716007366,10234.968685022759,1.0,1.2,0.6560877362194076,10234.968685022759,0.0,1.0,223.97186194499014,5431.317652166011,0.0,692.3099883807722,0.0,0.0,6291.606537005525,0.193009261,0.965046305,,0.15253650607220576,0.1525366188540894,114.68210512123709,573.4105256061854,61.266373046937716,67.1518486132507,2.1910049948983152,3.9313884197062348,4.309052207117646,-0.37766378741141127,0.7365443808940315,828.474218029699,6413.282651524982,0.0,0.0,828.474218029699,7336.362636032678,22009.087908098034,828.474218029699,0.4602634544609439,2485.4226540890973,10935.859677992028,9182.52260504807,27547.56781514421,121209.29838663455,10010.99682307777,30032.990469233308,132145.15806462656,0.8342497352564808,0.8492407484,4.2462037420000005,0.193009261,703.5740649496464,703.5740649496464,0.0,2110.722194848939,2110.722194848939,0.0,2485.4226540890973,0.0,2485.4226540890973,10935.859677992028,0.0,25166.4261480221,-0.08764428214343523,30.663664470919006
63,63,2025,4SB,4,SB,PM-Late,3,OP,PM,4.4,70,12000,1,8,75,1800,1,4,0.05,0.01,6114.0,0.0,756.0,0.0,0.0,1.0,1.0,1.0,3.66,1.83,0.17391304347826086,0.17391304347826086,30,4.135,0.592,6114.0,0.0,756.0,0.0,0.0,6870.0,8382.0,1.0,1.2,0.5373076923076923,8382.0,0.0,1.0,183.42,4447.9349999999995,0.0,567.0,0.0,0.0,5152.5,0.148833149,0.744165745,,0.12609283666476717,0.1260928788968943,123.08478638069371,615.4239319034685,67.79252622321665,72.86996378551972,1.677473002898191,3.6228918787038085,3.8942345817109985,-0.27134270300719,0.1682442340869252,560.8527414505011,5369.727258549499,0.0,0.0,560.8527414505011,6125.727258549499,18377.181775648496,560.8527414505011,0.3115848563613895,1682.5582243515032,7403.256187146615,7637.727258549499,22913.181775648496,100817.99981285339,8198.58,24595.739999999998,108221.25600000001,0.683215,0.6548658556,3.274329278,0.148833149,367.283310395588,367.283310395588,0.0,1101.849931186764,1101.849931186764,0.0,1682.5582243515032,0.0,1682.5582243515032,7403.256187146615,0.0,20610.0,-0.06967805798899021,32.910370690025054
64,64,2025,5NB,5,NB,Night,8,OP,NT,3.0,70,8000,1,8,75,1800,1,4,0.05,0.01,1592.0,0.0,197.0,0.0,0.0,1.0,1.0,1.0,3.66,1.83,0.2448979591836735,0.2448979591836735,30,4.103,0.708,1592.0,0.0,197.0,0.0,0.0,1789.0,2183.0,1.0,1.2,0.1881896551724138,2183.0,0.0,1.0,47.76,1158.18,0.0,147.75,0.0,0.0,1341.75,0.107070561,0.5353528049999999,,0.24489736508991408,0.2448972597017025,97.10775507198277,485.53877535991387,69.99929329073422,74.91392885755788,0.0,2.402757441039488,2.571454532439209,-0.168697091399721,3.5566584573350214e-05,283.63523029983673,1260.6047697001634,0.0,0.0,283.63523029983673,1457.6047697001634,11660.838157601307,283.63523029983673,0.15757512794435374,2269.081842398694,6807.245527196082,1851.6047697001634,14812.838157601307,44438.51447280392,2135.2400000000002,17081.920000000002,51245.76,0.266905,0.32121168299999997,1.6060584149999997,0.107070561,91.10694968270315,91.10694968270315,0.0,728.8555974616252,728.8555974616252,0.0,2269.081842398694,0.0,2269.081842398694,6807.245527196082,0.0,14312.0,-0.06560376210101593,38.08147257724815
65,65,2025,5NB,5,NB,AM-Early,1,OP,AM,3.0,70,8000,1,8,75,1800,1,4,0.05,0.01,2313.0,0.0,286.0,0.0,0.0,1.0,1.0,1.0,3.66,1.83,0.2448979591836735,0.2448979591836735,30,4.155,0.715,2313.0,0.0,286.0,0.0,0.0,2599.0,3171.0,1.0,1.2,0.27336206896551724,3171.0,0.0,1.0,69.39,1682.7075,0.0,214.5,0.0,0.0,1949.25,0.154130142,0.77065071,,0.1390649659945171,0.13906496608314214,138.44025078674247,692.2012539337122,69.97690809678265,74.9395135198818,0.9531415065303519,2.401937129632489,2.5722771253489536,-0.17033999571646463,0.0011625188709237988,234.00566126621888,2009.604338733781,0.0,0.0,234.00566126621888,2295.6043387337813,2295.6043387337813,234.00566126621888,0.13000314514789937,234.00566126621888,702.0169837986566,2867.6043387337813,2867.6043387337813,8602.813016201344,3101.61,3101.61,9304.83,0.38770125,0.462390426,2.31195213,0.154130142,108.20197739929866,108.20197739929866,0.0,108.20197739929866,108.20197739929866,0.0,234.00566126621888,0.0,234.00566126621888,702.0169837986566,0.0,2599.0,-0.06622147903031887,54.29029442617351
66,66,2025,5NB,5,NB,AM-Peak,2,Peak,AM,3.0,70,8000,1,8,75,1800,1,4,0.05,0.01,4412.0,0.0,545.0,0.0,0.0,1.0,1.0,1.0,3.66,1.83,0.2448979591836735,0.2448979591836735,30,4.155,0.715,4412.0,0.0,545.0,0.0,0.0,4957.0,6047.0,1.0,1.2,0.5212931034482758,6047.0,0.0,1.0,132.35999999999999,3209.7300000000005,0.0,408.75,0.0,0.0,3717.75,0.152579241,0.762896205,,0.20011905931851093,0.20011909501187347,116.33280528887818,581.664026444391,67.08871821367632,72.51212664184233,1.8390125765568959,2.4823434139377865,2.683014444048601,-0.20067103011081455,0.15287264548944055,642.3281482664041,3637.3118517335956,0.0,0.0,642.3281482664041,4182.311851733595,8364.62370346719,642.3281482664041,0.3568489712591134,1284.6562965328083,3853.9688895984245,5272.311851733595,10544.62370346719,31633.87111040157,5914.639999999999,11829.279999999999,35487.84,0.7393299999999999,0.45773772300000004,2.288688615,0.152579241,294.01782400627025,294.01782400627025,0.0,588.0356480125405,588.0356480125405,0.0,1284.6562965328083,0.0,1284.6562965328083,3853.9688895984245,0.0,9914.0,-0.07479312329306996,45.62070795642281
67,67,2025,5NB,5,NB,AM-Shoulder,1,OP,AM,3.0,70,8000,1,8,75,1800,1,4,0.05,0.01,4147.0,0.0,512.0,0.0,0.0,1.0,1.0,1.0,3.66,1.83,0.2448979591836735,0.2448979591836735,30,4.155,0.715,4147.0,0.0,512.0,0.0,0.0,4659.0,5683.0,1.0,1.2,0.4899137931034483,5683.0,0.0,1.0,124.41,3016.9425,0.0,384.0,0.0,0.0,3494.25,0.158785562,0.79392781,,0.18155547898131466,0.18155549878907104,122.15111783335615,610.7555891667807,68.03874421396918,73.56952894437642,1.2887480272211558,2.4466651150654,2.645551473347796,-0.19888635828239565,0.10154837562933784,547.7424406465849,3474.8475593534154,0.0,0.0,547.7424406465849,3986.8475593534154,3986.8475593534154,547.7424406465849,0.30430135591476937,547.7424406465849,1643.2273219397548,5010.847559353415,5010.847559353415,15032.542678060245,5558.59,5558.59,16675.77,0.6948237500000001,0.476356686,2.38178343,0.158785562,260.9207738079589,260.9207738079589,0.0,260.9207738079589,260.9207738079589,0.0,547.7424406465849,0.0,547.7424406465849,1643.2273219397548,0.0,4659.0,-0.07517765588235416,47.90239915033575
68,68,2025,5NB,5,NB,MD,5,OP,MD,3.0,70,8000,1,8,75,1800,1,4,0.05,0.01,4546.0,0.0,562.0,0.0,0.0,1.0,1.0,1.0,3.66,1.83,0.2448979591836735,0.2448979591836735,30,4.136,0.708,4546.0,0.0,562.0,0.0,0.0,5108.0,6232.0,1.0,1.2,0.5372413793103449,6232.0,0.0,1.0,136.38,3307.215,0.0,421.5,0.0,0.0,3831.0,0.37750232,1.8875116,,0.10472656117895714,0.10472656787434763,152.1078716734087,760.5393583670434,64.46687758126015,74.6140248759101,2.2440993701704155,2.412415096214905,2.7921315061848775,-0.37971640996997236,0.3023630206161391,346.3532540294647,4063.2667459705353,0.0,0.0,346.3532540294647,4625.266745970535,23126.333729852675,346.3532540294647,0.19241847446081373,1731.7662701473237,5195.298810441971,5749.266745970535,28746.333729852675,86239.00118955802,6095.62,30478.1,91434.29999999999,0.7619525,1.13250696,5.6625348,0.37750232,392.24747080701684,392.24747080701684,0.0,1961.237354035084,1961.237354035084,0.0,1731.7662701473237,0.0,1731.7662701473237,5195.298810441971,0.0,25540.0,-0.13599517398405442,59.65014575427792
69,69,2025,5NB,5,NB,PM-Shoulder,1,OP,PM,3.0,70,8000,1,8,75,1800,1,4,0.05,0.01,5076.0,0.0,627.0,0.0,0.0,1.0,1.0,1.0,3.66,1.83,0.2448979591836735,0.2448979591836735,30,4.135,0.592,5076.0,0.0,627.0,0.0,0.0,5703.0,6957.0,1.0,1.2,0.5997413793103449,6957.0,0.0,1.0,152.28,3692.79,0.0,470.25,0.0,0.0,4277.25,1.290270372,6.45135186,,0.02044098799381451,0.02044099735284791,209.65791502448323,1048.2895751224162,53.856689189924936,74.980777832751,3.5215380315579847,2.400615267042181,3.34220321945956,-0.9415879524173789,1.0559612678024546,75.48427605367829,4848.235723946322,0.0,0.0,75.48427605367829,5475.235723946322,5475.235723946322,75.48427605367829,0.04193570891871016,75.48427605367829,226.45282816103486,6729.235723946322,6729.235723946322,20187.707171838963,6804.72,6804.72,20414.16,0.8505900000000001,3.8708111159999996,19.35405558,1.290270372,292.1853748317905,292.1853748317905,0.0,292.1853748317905,292.1853748317905,0.0,75.48427605367829,0.0,75.48427605367829,226.45282816103486,0.0,5703.0,-0.2817267205462256,82.21879020567971
70,70,2025,5NB,5,NB,PM-Peak,3,Peak,PM,3.0,70,8000,1,8,75,1800,1,4,0.05,0.01,5606.0,0.0,693.0,0.0,0.0,1.0,1.0,1.0,3.66,1.83,0.2448979591836735,0.2448979591836735,30,4.135,0.592,5606.0,0.0,693.0,0.0,0.0,6299.0,7685.0,1.0,1.2,0.6625,7685.0,0.0,1.0,168.18,4078.365,0.0,519.75,0.0,0.0,4724.25,1.093046422,5.4652321100000005,,0.10961258687109773,0.10961261598285002,129.3246413840071,646.6232069200356,48.31044970474942,73.99026655325315,4.222170129700762,2.4327524198125206,3.7259019756610567,-1.2931495558485362,1.5816285637985057,447.04013785454447,4990.779862145455,0.0,0.0,447.04013785454447,5683.779862145455,17051.339586436363,447.04013785454447,0.2483556321414136,1341.1204135636335,4023.3612406909006,7069.779862145455,21209.339586436363,63628.01875930909,7516.82,22550.459999999995,67651.37999999999,0.9396025,3.279139266,16.39569633,1.093046422,1465.9068695168899,1465.9068695168899,0.0,4397.72060855067,4397.72060855067,0.0,1341.1204135636335,0.0,1341.1204135636335,4023.3612406909006,0.0,18897.0,-0.3470702032141098,50.7155456407871
71,71,2025,5NB,5,NB,PM-Late,3,OP,PM,3.0,70,8000,1,8,75,1800,1,4,0.05,0.01,4570.0,0.0,565.0,0.0,0.0,1.0,1.0,1.0,3.66,1.83,0.2448979591836735,0.2448979591836735,30,4.135,0.592,4570.0,0.0,565.0,0.0,0.0,5135.0,6265.0,1.0,1.2,0.5400862068965517,6265.0,0.0,1.0,137.1,3324.6749999999997,0.0,423.75,0.0,0.0,3851.25,0.170362894,0.8518144699999999,,0.1896042967841203,0.18960432306699052,105.17002327162956,525.8501163581477,66.00272912091273,72.6006042747376,1.3341826263248995,2.4793182067581427,2.727159958344323,-0.24784175158618016,0.21335200007457977,630.3726654107451,3802.527334589255,0.0,0.0,630.3726654107451,4367.527334589255,13102.582003767764,630.3726654107451,0.35020703633930284,1891.1179962322353,5673.353988696706,5497.527334589255,16492.582003767762,49477.74601130329,6127.9,18383.699999999997,55151.09999999999,0.7659874999999999,0.511088682,2.5554434099999996,0.170362894,322.1763347336047,322.1763347336047,0.0,966.529004200814,966.529004200814,0.0,1891.1179962322353,0.0,1891.1179962322353,5673.353988696706,0.0,15405.0,-0.09087906663775107,41.243146381031195
72,72,2025,5SB,5,SB,Night,8,OP,NT,3.0,70,8000,1,8,75,1800,1,4,0.05,0.01,1472.0,0.0,182.0,0.0,0.0,1.0,1.0,1.0,3.66,1.83,0.2448979591836735,0.2448979591836735,30,4.103,0.708,1472.0,0.0,182.0,0.0,0.0,1654.0,2018.0,1.0,1.2,0.17396551724137932,2018.0,0.0,1.0,44.16,1070.8799999999999,0.0,136.5,0.0,0.0,1240.5,0.134223639,0.671118195,,0.16631873663846608,0.16631873663286137,120.17163808546849,600.8581904273425,69.99945208333502,74.98256694787362,0.0,2.4005579873670153,2.5714486991370773,-0.170890711770062,2.7574960652999515e-05,178.10740869140054,1249.7325913085995,0.0,0.0,178.10740869140054,1431.7325913085995,11453.860730468796,178.10740869140054,0.09894856038411141,1424.8592695312043,4274.577808593613,1795.7325913085995,14365.860730468796,43097.582191406385,1973.84,15790.72,47372.159999999996,0.24672999999999998,0.402670917,2.013354585,0.134223639,71.71867358226002,71.71867358226002,0.0,573.7493886580802,573.7493886580802,0.0,1424.8592695312043,0.0,1424.8592695312043,4274.577808593613,0.0,13232.0,-0.06645697883353038,47.12613258253666
73,73,2025,5SB,5,SB,AM-Early,1,OP,AM,3.0,70,8000,1,8,75,1800,1,4,0.05,0.01,3483.0,0.0,430.0,0.0,0.0,1.0,1.0,1.0,3.66,1.83,0.2448979591836735,0.2448979591836735,30,4.155,0.715,4179.599999999999,0.0,516.0,0.0,0.0,4695.599999999999,5727.599999999999,1.0,1.2,0.49375862068965515,5727.599999999999,0.0,1.0,125.38799999999998,3040.6589999999997,0.0,387.0,0.0,0.0,3521.7,0.723063505,3.615317525,,0.011362314347378248,0.011362345375272292,324.9896802748868,1624.9484013744338,65.68009199692445,74.99532545738143,2.9893321836214626,2.4001495946876177,2.7405564536728835,-0.3404068589852658,0.23170519867470757,34.54892338118479,4019.6630766188146,0.0,0.0,34.54892338118479,4535.663076618815,4535.663076618815,34.54892338118479,0.01919384632288044,34.54892338118479,103.64677014355438,5567.663076618815,5567.663076618815,16702.989229856445,5602.2119999999995,5602.2119999999995,16806.636,0.7002765,2.1691905150000004,10.845952575,0.723063505,74.94319690192779,74.94319690192779,0.0,74.94319690192779,74.94319690192779,0.0,34.54892338118479,0.0,34.54892338118479,103.64677014355438,0.0,4695.599999999999,-0.12421085452520192,127.44693344113207
74,74,2025,5SB,5,SB,AM-Peak,2,Peak,AM,3.0,70,8000,1,8,75,1800,1,4,0.05,0.01,4270.0,0.0,528.0,0.0,0.0,1.0,1.0,1.0,3.66,1.83,0.2448979591836735,0.2448979591836735,30,4.155,0.715,5124.0,0.0,633.6,0.0,0.0,5757.6,7024.8,1.0,1.2,0.6055862068965517,7024.8,0.0,1.0,153.72,3727.71,0.0,475.20000000000005,0.0,0.0,4318.200000000001,1.121625976,5.60812988,,0.05800240859715238,0.0580024245080361,196.1368598584666,980.6842992923331,54.89100426091502,74.86643144049975,4.841646690725744,2.404281819456766,3.279225848089802,-0.8749440286330361,0.9696822690258864,216.2161585516909,4754.063841448309,0.0,0.0,216.2161585516909,5387.6638414483095,10775.327682896619,216.2161585516909,0.12012008808427273,432.4323171033818,1297.2969513101455,6654.863841448309,13309.727682896619,39929.183048689854,6871.08,13742.16,41226.48,0.858885,3.3648779280000003,16.82438964,1.121625976,727.5409795875332,727.5409795875332,0.0,1455.0819591750665,1455.0819591750665,0.0,432.4323171033818,0.0,432.4323171033818,1297.2969513101455,0.0,11515.2,-0.26681420224310076,76.91641563077121
75,75,2025,5SB,5,SB,AM-Shoulder,1,OP,AM,3.0,70,8000,1,8,75,1800,1,4,0.05,0.01,3240.0,0.0,400.0,0.0,0.0,1.0,1.0,1.0,3.66,1.83,0.2448979591836735,0.2448979591836735,30,4.155,0.715,3888.0,0.0,480.0,0.0,0.0,4368.0,5328.0,1.0,1.2,0.4593103448275862,5328.0,0.0,1.0,116.64,2828.52,0.0,360.0,0.0,0.0,3276.0,0.621465242,3.10732621,,0.010002377389153733,0.01000260874503273,356.5070594776084,1782.5352973880422,67.49633688322983,74.99684783294308,2.793339713323621,2.400100873585427,2.666811390244837,-0.26671051665941015,0.1306744617782836,28.291924492769116,3743.068075507231,0.0,0.0,28.291924492769116,4223.068075507231,4223.068075507231,28.291924492769116,0.015717735829316175,28.291924492769116,84.87577347830735,5183.068075507231,5183.068075507231,15549.204226521691,5211.36,5211.36,15634.079999999998,0.65142,1.864395726,9.32197863,0.621465242,52.74734310463346,52.74734310463346,0.0,52.74734310463346,52.74734310463346,0.0,28.291924492769116,0.0,28.291924492769116,84.87577347830735,0.0,4368.0,-0.1000110160152435,139.80668999121897
76,76,2025,5SB,5,SB,MD,5,OP,MD,3.0,70,8000,1,8,75,1800,1,4,0.05,0.01,4470.0,0.0,552.0,0.0,0.0,1.0,1.0,1.0,3.66,1.83,0.2448979591836735,0.2448979591836735,30,4.136,0.708,4470.0,0.0,552.0,0.0,0.0,5022.0,6126.0,1.0,1.2,0.5281034482758621,6126.0,0.0,1.0,134.1,3251.9249999999997,0.0,414.0,0.0,0.0,3766.5,0.171338014,0.8566900700000001,,0.19125245094837365,0.1912524676061147,116.08114397527292,580.4057198763646,66.65365864807556,72.73620773383048,1.28633381993572,2.474695967910351,2.7005269275671937,-0.22583095965684263,0.17686474790991247,621.9386265502899,3713.96137344971,0.0,0.0,621.9386265502899,4265.961373449711,21329.806867248553,621.9386265502899,0.3455214591946055,3109.6931327514494,9329.079398254347,5369.961373449711,26849.806867248553,80549.42060174566,5991.900000000001,29959.500000000004,89878.5,0.7489875,0.514014042,2.5700702100000004,0.171338014,319.68518730904304,319.68518730904304,0.0,1598.4259365452153,1598.4259365452153,0.0,3109.6931327514494,0.0,3109.6931327514494,9329.079398254347,0.0,25110.0,-0.08362477609519173,45.52201724520507
77,77,2025,5SB,5,SB,PM-Shoulder,1,OP,PM,3.0,70,8000,1,8,75,1800,1,4,0.05,0.01,4630.0,0.0,572.0,0.0,0.0,1.0,1.0,1.0,3.66,1.83,0.2448979591836735,0.2448979591836735,30,4.135,0.592,4630.0,0.0,572.0,0.0,0.0,5202.0,6346.0,1.0,1.2,0.5470689655172414,6346.0,0.0,1.0,138.9,3368.3250000000003,0.0,429.0,0.0,0.0,3901.5,0.169862832,0.8493141599999999,,0.19429209479788603,0.1942920589668716,104.10658188951547,520.5329094475773,65.68857205313105,72.27278236116601,1.2993661939803742,2.49056413935322,2.740202661954809,-0.24963852260158914,0.23122050402094577,654.4389202100896,3836.66107978991,0.0,0.0,654.4389202100896,4408.66107978991,4408.66107978991,654.4389202100896,0.36357717789449423,654.4389202100896,1963.3167606302686,5552.66107978991,5552.66107978991,16657.98323936973,6207.099999999999,6207.099999999999,18621.299999999996,0.7758875,0.509588496,2.5479424799999997,0.169862832,333.49454507372354,333.49454507372354,0.0,333.49454507372354,333.49454507372354,0.0,654.4389202100896,0.0,654.4389202100896,1963.3167606302686,0.0,5202.0,-0.09110221155084262,40.826110544908026
78,78,2025,5SB,5,SB,PM-Peak,3,Peak,PM,3.0,70,8000,1,8,75,1800,1,4,0.05,0.01,4957.0,0.0,613.0,0.0,0.0,1.0,1.0,1.0,3.66,1.83,0.2448979591836735,0.2448979591836735,30,4.135,0.592,4957.0,0.0,613.0,0.0,0.0,5570.0,6796.0,1.0,1.2,0.5858620689655173,6796.0,0.0,1.0,148.71,3606.2174999999997,0.0,459.75,0.0,0.0,4177.5,0.193009261,0.965046305,,0.2088977467273105,0.20889778674666876,100.95439682717014,504.7719841358507,63.29386445068745,70.5504670692642,1.9064995012530055,2.5513651075234094,2.843877547408072,-0.2925124398846628,0.373255097091916,753.3307099585949,4054.9592900414054,0.0,0.0,753.3307099585949,4667.959290041405,14003.877870124215,753.3307099585949,0.41851706108810827,2259.9921298757845,6779.9763896273535,5893.959290041405,17681.877870124215,53045.63361037265,6647.29,19941.87,59825.61,0.83091125,0.5790277829999999,2.895138915,0.193009261,436.19941085314116,436.19941085314116,0.0,1308.5982325594234,1308.5982325594234,0.0,2259.9921298757845,0.0,2259.9921298757845,6779.9763896273535,0.0,16710.0,-0.1028569040011095,39.58995954006672
79,79,2025,5SB,5,SB,PM-Late,3,OP,PM,3.0,70,8000,1,8,75,1800,1,4,0.05,0.01,4118.0,0.0,509.0,0.0,0.0,1.0,1.0,1.0,3.66,1.83,0.2448979591836735,0.2448979591836735,30,4.135,0.592,4118.0,0.0,509.0,0.0,0.0,4627.0,5645.0,1.0,1.2,0.4866379310344828,5645.0,0.0,1.0,123.53999999999999,2995.8450000000003,0.0,381.75,0.0,0.0,3470.25,0.148833149,0.744165745,,0.1711736763866946,0.17117369652326556,109.63164681977096,548.1582340988548,68.04783571282061,73.84648443450388,1.3823813117199901,2.4374890880505773,2.6451980156965806,-0.20770892764600335,0.10106413864717267,512.809802534697,3481.650197465303,0.0,0.0,512.809802534697,3990.650197465303,11971.950592395908,512.809802534697,0.28489433474149833,1538.429407604091,4615.288222812273,5008.650197465303,15025.950592395908,45077.85177718772,5521.46,16564.379999999997,49693.14,0.6901825,0.446499447,2.232497235,0.148833149,228.96929324792143,228.96929324792143,0.0,686.9078797437643,686.9078797437643,0.0,1538.429407604091,0.0,1538.429407604091,4615.288222812273,0.0,13881.0,-0.07852301658078543,42.992802674419984
80,80,2025,6NB,6,NB,Night,8,OP,NT,4.4,70,8000,1,8,75,1800,1,4,0.05,0.01,1554.0,0.0,192.0,0.0,0.0,1.0,1.0,1.0,3.66,1.83,0.282574568288854,0.282574568288854,30,4.103,0.708,1554.0,0.0,192.0,0.0,0.0,1746.0,2130.0,1.0,1.2,0.18362068965517242,2130.0,0.0,1.0,46.62,979.7970000000001,0.0,124.80000000000001,0.0,0.0,1134.9,0.107070561,0.5353528049999999,,0.2547792469673012,0.25477924698812365,96.53869458810014,482.6934729405006,69.99934789576608,74.94500825333081,0.0,3.522582839775282,3.7714637055350066,-0.24888086575972457,4.813372581660439e-05,249.63194184082084,1257.7480581591792,0.0,0.0,249.63194184082084,1449.7480581591792,11597.984465273434,249.63194184082084,0.13868441213378935,1997.0555347265667,8787.044352796895,1833.7480581591792,14669.984465273434,64547.93164720311,2083.38,16667.04,73334.97600000001,0.2604225,0.47111046840000004,2.3555523419999997,0.107070561,117.60422104823067,117.60422104823067,0.0,940.8337683858454,940.8337683858454,0.0,1997.0555347265667,0.0,1997.0555347265667,8787.044352796895,0.0,13968.0,-0.06599052388982733,25.812485183983995
81,81,2025,6NB,6,NB,AM-Early,1,OP,AM,4.4,70,8000,1,8,75,1800,1,4,0.05,0.01,2259.0,0.0,279.0,0.0,0.0,1.0,1.0,1.0,3.66,1.83,0.282574568288854,0.282574568288854,30,4.155,0.715,2259.0,0.0,279.0,0.0,0.0,2538.0,3096.0,1.0,1.2,0.26689655172413795,3096.0,0.0,1.0,67.77,1424.2995,0.0,181.35,0.0,0.0,1649.7,0.154130142,0.77065071,,0.14029423983932263,0.14029424036955887,137.8937925763194,689.4689628815969,69.97935317814397,74.9633861593458,1.5020593116569005,3.521719248898773,3.7725412998308876,-0.2508220509321144,0.0015244379111736337,199.8210156560273,1991.4089843439729,0.0,0.0,199.8210156560273,2270.408984343973,2270.408984343973,199.8210156560273,0.1110116753644596,199.8210156560273,879.2124688865202,2828.408984343973,2828.408984343973,12444.99953111348,3028.23,3028.23,13324.212000000001,0.37852875,0.6781726248000001,3.390863124,0.154130142,135.51314267764994,135.51314267764994,0.0,135.51314267764994,135.51314267764994,0.0,199.8210156560273,0.0,199.8210156560273,879.2124688865202,0.0,2538.0,-0.06648623063274564,36.869998015058655
82,82,2025,6NB,6,NB,AM-Peak,2,Peak,AM,4.4,70,8000,1,8,75,1800,1,4,0.05,0.01,4308.0,0.0,532.0,0.0,0.0,1.0,1.0,1.0,3.66,1.83,0.282574568288854,0.282574568288854,30,4.155,0.715,4308.0,0.0,532.0,0.0,0.0,4840.0,5904.0,1.0,1.2,0.5089655172413793,5904.0,0.0,1.0,129.24,2716.1940000000004,0.0,345.8,0.0,0.0,3146.0,0.152579241,0.762896205,,0.21628883541061256,0.21628885974565223,111.7342849923789,558.6714249618946,67.43445305075936,73.16095090911993,2.9302412007220937,3.608482349114613,3.9149127494410245,-0.30643040032641133,0.19657332387706083,587.4824370092934,3591.2775629907064,0.0,0.0,587.4824370092934,4123.277562990706,8246.555125981413,587.4824370092934,0.3263791316718297,1174.964874018587,5169.845445681783,5187.277562990706,10374.555125981413,45648.04255431822,5774.76,11549.52,50817.888000000006,0.7218450000000001,0.6713486604000001,3.3567433020000004,0.152579241,394.4055470947166,394.4055470947166,0.0,788.8110941894332,788.8110941894332,0.0,1174.964874018587,0.0,1174.964874018587,5169.845445681783,0.0,9680.0,-0.07827260016718478,29.875477270689544
83,83,2025,6NB,6,NB,AM-Shoulder,1,OP,AM,4.4,70,8000,1,8,75,1800,1,4,0.05,0.01,4049.0,0.0,500.0,0.0,0.0,1.0,1.0,1.0,3.66,1.83,0.282574568288854,0.282574568288854,30,4.155,0.715,4049.0,0.0,500.0,0.0,0.0,4549.0,5549.0,1.0,1.2,0.47836206896551725,5549.0,0.0,1.0,121.47,2552.8945000000003,0.0,325.0,0.0,0.0,2956.85,0.158785562,0.79392781,,0.19251186157097022,0.19251187470498882,118.64123812287407,593.2061906143704,68.25839724795453,74.00500342783374,2.0533860202166405,3.5673263667562773,3.8676560048868005,-0.30032963813052316,0.13183158383777402,491.4624725892913,3436.067527410709,0.0,0.0,491.4624725892913,3936.067527410709,3936.067527410709,491.4624725892913,0.2730347069940507,491.4624725892913,2162.4348793928816,4936.067527410709,4936.067527410709,21718.69712060712,5427.53,5427.53,23881.132,0.67844125,0.6986564728,3.493282364,0.158785562,343.3634376128009,343.3634376128009,0.0,343.3634376128009,343.3634376128009,0.0,491.4624725892913,0.0,491.4624725892913,2162.4348793928816,0.0,4549.0,-0.07765158994260486,31.72225618258665
84,84,2025,6NB,6,NB,MD,5,OP,MD,4.4,70,8000,1,8,75,1800,1,4,0.05,0.01,4439.0,0.0,549.0,0.0,0.0,1.0,1.0,1.0,3.66,1.83,0.282574568288854,0.282574568288854,30,4.136,0.708,4439.0,0.0,549.0,0.0,0.0,4988.0,6086.0,1.0,1.2,0.5246551724137931,6086.0,0.0,1.0,133.17,2798.7895,0.0,356.85,0.0,0.0,3242.2000000000003,0.37750232,1.8875116,,0.09594944617075285,0.09594945484104835,157.579074536717,787.895372683585,64.92367877706313,74.81440949181207,3.5482213241491003,3.5287319888409066,4.066313015110112,-0.5375810262692058,0.40399168784371176,268.54230247351825,4037.2876975264817,0.0,0.0,268.54230247351825,4586.287697526482,22931.438487632407,268.54230247351825,0.14919016804084348,1342.7115123675912,5907.930654417402,5684.287697526482,28421.438487632407,125054.3293455826,5952.83,29764.149999999998,130962.26000000001,0.74410375,1.6610102080000002,8.30505104,0.37750232,446.0515056883375,446.0515056883375,0.0,2230.2575284416876,2230.2575284416876,0.0,1342.7115123675912,0.0,1342.7115123675912,5907.930654417402,0.0,24940.0,-0.13220355252327975,42.13344238949653
85,85,2025,6NB,6,NB,PM-Shoulder,1,OP,PM,4.4,70,8000,1,8,75,1800,1,4,0.05,0.01,4956.0,0.0,613.0,0.0,0.0,1.0,1.0,1.0,3.66,1.83,0.282574568288854,0.282574568288854,30,4.135,0.592,5861.197470758405,0.0,724.9624797366631,0.0,0.0,6586.159950495068,8036.084909968395,1.0,1.2,0.6927659405145168,8036.084909968395,0.0,1.0,175.83592412275215,3695.4850053131745,0.0,471.22561182883106,0.0,0.0,4281.0039678217945,1.290270372,6.45135186,,0.14148983395977005,0.14148984925581973,117.99008817757775,589.9504408878887,43.608801904185235,73.33502402593425,3.8788955621268344,3.599917004276686,6.053823734484742,-2.4539067302080557,3.1268813733869547,522.873559802581,5162.487986833072,0.0,0.0,522.873559802581,5887.450466569735,5887.450466569735,522.873559802581,0.2904853110014339,522.873559802581,2300.6436631313563,7337.375426043061,7337.375426043061,32284.451874589475,7860.248985845643,7860.248985845643,34585.09553772083,0.9825311232307053,5.6771896368000005,28.385948184000004,1.290270372,2968.4523550679382,2968.4523550679382,0.0,2968.4523550679382,2968.4523550679382,0.0,522.873559802581,0.0,522.873559802581,2300.6436631313563,0.0,6586.159950495068,-0.40534822912496227,31.548151919138437
86,86,2025,6NB,6,NB,PM-Peak,3,Peak,PM,4.4,70,8000,1,8,75,1800,1,4,0.05,0.01,5474.0,0.0,677.0,0.0,0.0,1.0,1.0,1.0,3.66,1.83,0.282574568288854,0.282574568288854,30,4.135,0.592,6409.8673445893555,0.0,792.7439152880879,0.0,0.0,7202.611259877443,8788.09909045362,1.0,1.2,0.7575947491770362,8788.09909045362,0.0,1.0,192.29602033768066,4041.421360763589,0.0,515.2835449372571,0.0,0.0,4681.697318920338,1.093046422,5.4652321100000005,,0.2472875347619891,0.24728755714697598,93.6313941120523,468.1569705602615,38.73309968926149,62.91337850645816,3.426925923655889,4.196245794889237,6.815875881815685,-2.6196300869264473,4.170892815230346,999.3931252376713,5218.178199014003,0.0,0.0,999.3931252376713,6010.922114302091,18032.766342906274,999.3931252376713,0.5552184029098174,2998.1793757130135,13191.98925313726,7596.409944878267,22789.229834634803,100272.61127239314,8595.803070115939,25787.409210347818,113464.6005255304,1.0744753837644923,4.809404256800001,24.047021284000003,1.093046422,4806.485550734712,4806.485550734712,0.0,14419.456652204135,14419.456652204135,0.0,2998.1793757130135,0.0,2998.1793757130135,13191.98925313726,0.0,21607.833779632332,-0.3843423988860259,25.035132115522003
87,87,2025,6NB,6,NB,PM-Late,3,OP,PM,4.4,70,8000,1,8,75,1800,1,4,0.05,0.01,4463.0,0.0,552.0,0.0,0.0,1.0,1.0,1.0,3.66,1.83,0.282574568288854,0.282574568288854,30,4.135,0.592,4463.0,0.0,552.0,0.0,0.0,5015.0,6119.0,1.0,1.2,0.5275,6119.0,0.0,1.0,133.89,2813.9215,0.0,358.8,0.0,0.0,3259.75,0.170362894,0.8518144699999999,,0.20169286131293895,0.20169288698118146,102.48014545114249,512.4007272557125,66.42821370333229,73.30945464170213,2.141876384911525,3.6011726085031253,3.9742149499762442,-0.373042341473119,0.27781733861031216,567.5478788449972,3761.562121155003,0.0,0.0,567.5478788449972,4313.562121155002,12940.686363465007,567.5478788449972,0.31530437713610954,1702.6436365349914,7491.6320007539625,5417.562121155002,16252.686363465007,71511.81999924604,5985.11,17955.329999999998,79003.452,0.74813875,0.7495967336,3.747983668,0.170362894,425.43203614381844,425.43203614381844,0.0,1276.2961084314552,1276.2961084314552,0.0,1702.6436365349914,0.0,1702.6436365349914,7491.6320007539625,0.0,15045.0,-0.09386566810518109,27.401108409396386
88,88,2025,6SB,6,SB,Night,8,OP,NT,4.4,70,8000,1,8,75,1800,1,4,0.05,0.01,1437.0,0.0,178.0,0.0,0.0,1.0,1.0,1.0,3.66,1.83,0.282574568288854,0.282574568288854,30,4.103,0.708,1437.0,0.0,178.0,0.0,0.0,1615.0,1971.0,1.0,1.2,0.16991379310344829,1971.0,0.0,1.0,43.11,906.0285000000001,0.0,115.7,0.0,0.0,1049.75,0.134223639,0.671118195,,0.1667950659790232,0.1667950659744091,120.00947455110109,600.0473727555054,69.99949798698229,74.98983312936429,0.0,3.5204772298209543,3.7714556188545196,-0.2509783890335653,3.705497354897101e-05,151.12108343637544,1242.7689165636245,0.0,0.0,151.12108343637544,1420.7689165636245,11366.151332508996,151.12108343637544,0.08395615746465303,1208.9686674910035,5319.462136960416,1776.7689165636245,14214.151332508996,62542.26586303959,1927.8899999999999,15423.119999999999,67861.728,0.24098624999999999,0.5905840116000001,2.9529200580000006,0.134223639,89.24969569319293,89.24969569319293,0.0,713.9975655455435,713.9975655455435,0.0,1208.9686674910035,0.0,1208.9686674910035,5319.462136960416,0.0,12920.0,-0.06654682287095118,32.08809479975965
89,89,2025,6SB,6,SB,AM-Early,1,OP,AM,4.4,70,8000,1,8,75,1800,1,4,0.05,0.01,3401.0,0.0,420.0,0.0,0.0,1.0,1.0,1.0,3.66,1.83,0.282574568288854,0.282574568288854,30,4.155,0.715,3401.0,0.0,420.0,0.0,0.0,3821.0,4661.0,1.0,1.2,0.4018103448275862,4661.0,0.0,1.0,102.03,2144.3305,0.0,273.0,0.0,0.0,2483.65,0.723063505,3.615317525,,0.01000058707278074,0.010000921084785414,541.5524511196676,2707.7622555983376,69.11556300469115,74.9983393747759,3.599886045064183,3.520077940402915,3.819689640408214,-0.2996117000052987,0.06611766450211048,21.44456387806946,3277.5254361219304,0.0,0.0,21.44456387806946,3697.5254361219304,3697.5254361219304,21.44456387806946,0.011913646598927477,21.44456387806946,94.35608106350563,4537.52543612193,4537.52543612193,19965.111918936494,4558.97,4558.97,20059.468,0.56987125,3.1814794220000007,15.907397110000002,0.723063505,68.22543869184251,68.22543869184251,0.0,68.22543869184251,68.22543869184251,0.0,21.44456387806946,0.0,21.44456387806946,94.35608106350563,0.0,3821.0,-0.07843875503279867,144.80012062023195
90,90,2025,6SB,6,SB,AM-Peak,2,Peak,AM,4.4,70,8000,1,8,75,1800,1,4,0.05,0.01,4170.0,0.0,515.0,0.0,0.0,1.0,1.0,1.0,3.66,1.83,0.282574568288854,0.282574568288854,30,4.155,0.715,5004.0,0.0,618.0,0.0,0.0,5622.0,6858.0,1.0,1.2,0.5912068965517241,6858.0,0.0,1.0,150.12,3155.0220000000004,0.0,401.7,0.0,0.0,3654.3,1.121625976,5.60812988,,0.045380320431617015,0.04538032500201937,213.652350734258,1068.2617536712899,56.16387985118956,74.94716895084257,7.440519234330225,3.522481285092385,4.700529961596099,-1.1780486765037144,1.2728689045295136,143.1759093288012,4710.704090671199,0.0,0.0,143.1759093288012,5328.704090671199,10657.408181342398,143.1759093288012,0.079542171849334,286.3518186576024,1259.9480020934507,6564.704090671199,13129.408181342398,57769.395997906555,6707.88,13415.76,59029.344000000005,0.838485,4.9351542944,24.675771472,1.121625976,706.5952037786583,706.5952037786583,0.0,1413.1904075573166,1413.1904075573166,0.0,286.3518186576024,0.0,286.3518186576024,1259.9480020934507,0.0,11244.0,-0.2506203951742708,57.126296987769514
91,91,2025,6SB,6,SB,AM-Shoulder,1,OP,AM,4.4,70,8000,1,8,75,1800,1,4,0.05,0.01,3163.0,0.0,391.0,0.0,0.0,1.0,1.0,1.0,3.66,1.83,0.282574568288854,0.282574568288854,30,4.155,0.715,3163.0,0.0,391.0,0.0,0.0,3554.0,4336.0,1.0,1.2,0.3737931034482759,4336.0,0.0,1.0,94.89,1994.2715,0.0,254.15,0.0,0.0,2310.1,0.621465242,3.10732621,,0.010000632724373513,0.01000085740444796,500.85061793448097,2504.2530896724047,69.50115147763803,74.99875764512176,3.34900085770457,3.520058308821489,3.7984982174711437,-0.27843990864965473,0.03708541507832415,19.94397682418545,3048.1660231758146,0.0,0.0,19.94397682418545,3439.1660231758146,3439.1660231758146,19.94397682418545,0.011079987124547473,19.94397682418545,87.753498026416,4221.166023175814,4221.166023175814,18573.130501973585,4241.11,4241.11,18660.884000000002,0.53013875,2.7344470648,13.672235324,0.621465242,54.535748887333135,54.535748887333135,0.0,54.535748887333135,54.535748887333135,0.0,19.94397682418545,0.0,19.94397682418545,87.753498026416,0.0,3554.0,-0.07330262980484602,133.9172775225885
92,92,2025,6SB,6,SB,MD,5,OP,MD,4.4,70,8000,1,8,75,1800,1,4,0.05,0.01,4365.0,0.0,539.0,0.0,0.0,1.0,1.0,1.0,3.66,1.83,0.282574568288854,0.282574568288854,30,4.136,0.708,4365.0,0.0,539.0,0.0,0.0,4904.0,5982.0,1.0,1.2,0.5156896551724138,5982.0,0.0,1.0,130.95,2752.1325,0.0,350.35,0.0,0.0,3187.6,0.171338014,0.8566900700000001,,0.20391407753671323,0.20391409705674457,112.39583425355511,561.9791712677757,67.02146952774805,73.39536632977833,2.063235343662132,3.5969573176295824,3.939036279869981,-0.3420789622403988,0.22962256056473151,561.1985599963084,3672.851440003692,0.0,0.0,561.1985599963084,4211.851440003692,21059.25720001846,561.1985599963084,0.3117769777757269,2805.992799981542,12346.368319918785,5289.851440003692,26449.25720001846,116376.73168008123,5851.05,29255.25,128723.1,0.73138125,0.7538872616000001,3.769436308000001,0.171338014,423.0804456094803,423.0804456094803,0.0,2115.4022280474014,2115.4022280474014,0.0,2805.992799981542,0.0,2805.992799981542,12346.368319918785,0.0,24520.0,-0.08684331342378245,30.052362099881048
93,93,2025,6SB,6,SB,PM-Shoulder,1,OP,PM,4.4,70,8000,1,8,75,1800,1,4,0.05,0.01,4521.0,0.0,559.0,0.0,0.0,1.0,1.0,1.0,3.66,1.83,0.282574568288854,0.282574568288854,30,4.135,0.592,4521.0,0.0,559.0,0.0,0.0,5080.0,6198.0,1.0,1.2,0.5343103448275862,6198.0,0.0,1.0,135.63,2850.4905,0.0,363.35,0.0,0.0,3302.0,0.169862832,0.8493141599999999,,0.20771472172939567,0.20771475204863973,101.2012058844789,506.0060294223944,66.15402828572216,73.04846847503238,2.0870125751210256,3.614038808907184,3.9906866874345486,-0.37664787852736437,0.30038361892818893,592.0888409997859,3793.281159000214,0.0,0.0,592.0888409997859,4352.281159000214,4352.281159000214,592.0888409997859,0.32893824499988106,592.0888409997859,2605.190900399058,5470.281159000214,5470.281159000214,24069.23709960094,6062.37,6062.37,26674.428,0.75779625,0.7473964608,3.736982304,0.169862832,442.52510424241393,442.52510424241393,0.0,442.52510424241393,442.52510424241393,0.0,592.0888409997859,0.0,592.0888409997859,2605.190900399058,0.0,5080.0,-0.09438172124945647,27.059145958416813
94,94,2025,6SB,6,SB,PM-Peak,3,Peak,PM,4.4,70,8000,1,8,75,1800,1,4,0.05,0.01,4840.0,0.0,598.0,0.0,0.0,1.0,1.0,1.0,3.66,1.83,0.282574568288854,0.282574568288854,30,4.135,0.592,4840.0,0.0,598.0,0.0,0.0,5438.0,6634.0,1.0,1.2,0.5718965517241379,6634.0,0.0,1.0,145.2,3051.6200000000003,0.0,388.7,0.0,0.0,3534.7000000000003,0.193009261,0.965046305,,0.22491520464853101,0.2249152560860711,97.74606883546576,488.7303441773288,64.02434989148783,71.7326740896129,3.0962813591618397,3.6803312207515764,4.123431170288218,-0.4430999495366419,0.48224356043771566,686.3557368095503,4008.4442631904503,0.0,0.0,686.3557368095503,4606.44426319045,13819.332789571352,686.3557368095503,0.3813087426719724,2059.067210428651,9059.895725886065,5802.44426319045,17407.332789571352,76592.26427411396,6488.800000000001,19466.4,85652.16000000002,0.8111000000000002,0.8492407484,4.2462037420000005,0.193009261,582.8812595967759,582.8812595967759,0.0,1748.6437787903276,1748.6437787903276,0.0,2059.067210428651,0.0,2059.067210428651,9059.895725886065,0.0,16314.0,-0.10745903865922181,26.135312522851805
95,95,2025,6SB,6,SB,PM-Late,3,OP,PM,4.4,70,8000,1,8,75,1800,1,4,0.05,0.01,4021.0,0.0,497.0,0.0,0.0,1.0,1.0,1.0,3.66,1.83,0.282574568288854,0.282574568288854,30,4.135,0.592,4021.0,0.0,497.0,0.0,0.0,4518.0,5512.0,1.0,1.2,0.47517241379310343,5512.0,0.0,1.0,120.63,2535.2405,0.0,323.05,0.0,0.0,2936.7000000000003,0.148833149,0.744165745,,0.1796230104172459,0.1796230226106187,107.52755831910122,537.6377915955061,68.26088075185542,74.22163499668896,2.196950408268542,3.5569143688599296,3.8675152897558256,-0.31060092089589597,0.13163880410833848,455.3875307417237,3444.982469258276,0.0,0.0,455.3875307417237,3941.982469258276,11825.947407774827,455.3875307417237,0.25299307263429094,1366.162592225171,6011.115405790753,4935.982469258276,14807.947407774827,65154.96859420925,5391.37,16174.109999999999,71166.084,0.67392125,0.6548658556,3.274329278,0.148833149,298.2177449487502,298.2177449487502,0.0,894.6532348462506,894.6532348462506,0.0,1366.162592225171,0.0,1366.162592225171,6011.115405790753,0.0,13554.0,-0.08031019857080013,28.75068404254043
96,96,2025,7NB,7,NB,Night,8,OP,NT,5.6,70,6000,1,8,75,1800,1,4,0.05,0.01,769.0,0.0,95.0,0.0,0.0,1.0,1.0,1.0,3.66,1.83,0.35502958579881655,0.35502958579881655,30,4.103,0.708,769.0,0.0,95.0,0.0,0.0,864.0,1054.0,1.0,1.2,0.10979166666666666,1054.0,0.0,1.0,23.07,484.8545,0.0,61.75,0.0,0.0,561.6,0.107070561,0.5353528049999999,,0.2591219490274389,0.25912194901737295,95.62236602707058,478.1118301353529,69.99997700504494,74.99650642432186,0.0,4.480208692641621,4.800001576797436,-0.31979288415581575,2.1602124880551466e-06,125.63644303472437,620.2935569652756,0.0,0.0,125.63644303472437,715.2935569652756,5722.348455722205,125.63644303472437,0.0697980239081802,1005.0915442777949,5628.512647955651,905.2935569652756,7242.348455722205,40557.15135204434,1030.9299999999998,8247.439999999999,46185.66399999999,0.17182166666666665,0.5995951415999999,2.9979757079999994,0.107070561,75.33100085152589,75.33100085152589,0.0,602.6480068122071,602.6480068122071,0.0,1005.0915442777949,0.0,1005.0915442777949,5628.512647955651,0.0,6912.0,-0.06662349564667888,20.088732358628278
97,97,2025,7NB,7,NB,AM-Early,1,OP,AM,5.6,70,6000,1,8,75,1800,1,4,0.05,0.01,930.0,0.0,115.0,0.0,0.0,1.0,1.0,1.0,3.66,1.83,0.35502958579881655,0.35502958579881655,30,4.155,0.715,1116.0,0.0,138.0,0.0,0.0,1254.0,1530.0,1.0,1.2,0.159375,1530.0,0.0,1.0,33.48,703.638,0.0,89.7,0.0,0.0,815.1,0.154130142,0.77065071,,0.140968342893322,0.1409683429827625,137.5964191143823,687.9820955719114,69.99926795534944,74.99778660826571,0.0,4.48013221716824,4.800050197872426,-0.31991798070418564,6.877108522273773e-05,99.1906828567713,983.3293171432286,0.0,0.0,99.1906828567713,1121.3293171432288,1121.3293171432288,99.1906828567713,0.0551059349204285,99.1906828567713,555.4678239979193,1397.3293171432288,1397.3293171432288,7825.04417600208,1496.52,1496.52,8380.511999999999,0.24942,0.8631287952,4.315643976,0.154130142,85.61433458923031,85.61433458923031,0.0,85.61433458923031,85.61433458923031,0.0,99.1906828567713,0.0,99.1906828567713,555.4678239979193,0.0,1254.0,-0.06664888230668631,28.90681073831561
98,98,2025,7NB,7,NB,AM-Peak,2,Peak,AM,5.6,70,6000,1,8,75,1800,1,4,0.05,0.01,1497.0,0.0,185.0,0.0,0.0,1.0,1.0,1.0,3.66,1.83,0.35502958579881655,0.35502958579881655,30,4.155,0.715,1688.5463436368675,0.0,208.6713918322114,0.0,0.0,1897.217735469079,2314.5605191335017,1.0,1.2,0.24110005407640642,2314.5605191335017,0.0,1.0,50.65639030910602,1064.628469663045,0.0,135.6364046909374,0.0,0.0,1233.1915280549013,0.152579241,0.762896205,,0.14483702912040997,0.144837029880759,135.92025747577696,679.6012873788848,69.98023125745455,74.98742012537836,3.4475377484258614,4.4807515639051285,4.801355953853154,-0.3206043899480253,0.001857656778821682,154.19762466300395,1483.6923286647575,0.0,0.0,154.19762466300395,1692.3637204969689,3384.7274409939378,154.19762466300395,0.0856653470350022,308.3952493260079,1727.013396225644,2109.706504161392,4219.413008322784,23628.71284660759,2263.9041288243957,4527.808257648791,25355.726242833232,0.377317354804066,0.8544437496,4.272218747999999,0.152579241,131.75319659647053,131.75319659647053,0.0,263.50639319294106,263.50639319294106,0.0,308.3952493260079,0.0,308.3952493260079,1727.013396225644,0.0,3794.435470938158,-0.06677371830570818,28.554675940289275
99,99,2025,7NB,7,NB,AM-Shoulder,1,OP,AM,5.6,70,6000,1,8,75,1800,1,4,0.05,0.01,1769.0,0.0,219.0,0.0,0.0,1.0,1.0,1.0,3.66,1.83,0.35502958579881655,0.35502958579881655,30,4.155,0.715,1769.0,0.0,219.0,0.0,0.0,1988.0,2426.0,1.0,1.2,0.2527083333333333,2426.0,0.0,1.0,53.07,1115.3545000000001,0.0,142.35,0.0,0.0,1292.2,0.158785562,0.79392781,,0.1332201749387831,0.13322017607262618,141.11534982630732,705.5767491315366,69.96985368555387,74.98818694414709,2.3971283437228754,4.480705744362915,4.802068066484628,-0.321362322121713,0.002833251083940376,148.58772160875898,1567.342278391241,0.0,0.0,148.58772160875898,1786.342278391241,1786.342278391241,148.58772160875898,0.08254873422708832,148.58772160875898,832.0912410090502,2224.342278391241,2224.342278391241,12456.31675899095,2372.93,2372.93,13288.408,0.39548833333333333,0.8891991471999999,4.4459957359999995,0.158785562,132.1240753388995,132.1240753388995,0.0,132.1240753388995,132.1240753388995,0.0,148.58772160875898,0.0,148.58772160875898,832.0912410090502,0.0,1988.0,-0.06692165077055384,29.646081896283057
100,100,2025,7NB,7,NB,MD,5,OP,MD,5.6,70,6000,1,8,75,1800,1,4,0.05,0.01,2550.0,0.0,315.0,0.0,0.0,1.0,1.0,1.0,3.66,1.83,0.35502958579881655,0.35502958579881655,30,4.136,0.708,2550.0,0.0,315.0,0.0,0.0,2865.0,3495.0,1.0,1.2,0.3640625,3495.0,0.0,1.0,76.5,1607.775,0.0,204.75,0.0,0.0,1862.25,0.37750232,1.8875116,,0.016333587871368148,0.01633359040972022,283.8353359080786,1419.176679540393,69.13726887066098,74.9992033355743,4.6684638708743185,4.480047587927183,4.859896919396315,-0.37984933146913136,0.08205877957295132,26.260734239888926,2447.2392657601113,0.0,0.0,26.260734239888926,2762.2392657601113,13811.196328800557,26.260734239888926,0.014589296799938293,131.30367119944464,735.3005587168899,3392.2392657601113,16961.196328800557,94982.69944128311,3418.5,17092.500000000004,95718.0,0.56975,2.1140129919999997,10.57006496,0.37750232,55.51553336258443,55.51553336258443,0.0,277.57766681292213,277.57766681292213,0.0,131.30367119944464,0.0,131.30367119944464,735.3005587168899,0.0,14325.0,-0.078159956428935,59.629272249596355
101,101,2025,7NB,7,NB,PM-Shoulder,1,OP,PM,5.6,70,6000,1,8,75,1800,1,4,0.05,0.01,3265.0,0.0,404.0,0.0,0.0,1.0,1.0,1.0,3.66,1.83,0.35502958579881655,0.35502958579881655,30,4.135,0.592,3265.0,0.0,404.0,0.0,0.0,3669.0,4477.0,1.0,1.2,0.4663541666666667,4477.0,0.0,1.0,97.95,2058.5825,0.0,262.6,0.0,0.0,2384.85,1.290270372,6.45135186,,0.010001042309839284,0.010000463054569737,482.0418932981377,2410.2094664906886,64.06659063124971,74.99858943524872,6.064852954172279,4.480084259319186,5.244543165000411,-0.7644589056812245,0.6090241360505622,20.58797068079473,3146.4620293192056,0.0,0.0,20.58797068079473,3550.4620293192056,3550.4620293192056,20.58797068079473,0.011437761489330405,20.58797068079473,115.29263581245047,4358.462029319206,4358.462029319206,24407.38736418755,4379.05,4379.05,24522.68,0.7298416666666667,7.225514083199999,36.127570416,1.290270372,148.758672098591,148.758672098591,0.0,148.758672098591,148.758672098591,0.0,20.58797068079473,0.0,20.58797068079473,115.29263581245047,0.0,3669.0,-0.14576272549015518,101.26930531473482
102,102,2025,7NB,7,NB,PM-Peak,3,Peak,PM,5.6,70,6000,1,8,75,1800,1,4,0.05,0.01,3772.0,0.0,466.0,0.0,0.0,1.0,1.0,1.0,3.66,1.83,0.35502958579881655,0.35502958579881655,30,4.135,0.592,3772.0,0.0,466.0,0.0,0.0,4238.0,5170.0,1.0,1.2,0.5385416666666667,5170.0,0.0,1.0,113.16,2378.246,0.0,302.90000000000003,0.0,0.0,2754.7000000000003,1.093046422,5.4652321100000005,,0.029169815095329652,0.02916982134095333,191.66272185588693,958.3136092794346,54.99864432406768,74.99206967750897,10.481761928613349,4.480473754690498,6.109241493666503,-1.6287677389760056,1.7936608463231092,69.37299607120737,3589.4670039287926,0.0,0.0,69.37299607120737,4055.4670039287926,12166.401011786378,69.37299607120737,0.03854055337289298,208.11898821362212,1165.4663339962838,4987.467003928792,14962.401011786376,83789.4456660037,5056.839999999999,15170.519999999999,84954.91199999998,0.8428066666666666,6.1210599632,30.605299816000002,1.093046422,424.6362687786983,424.6362687786983,0.0,1273.908806336095,1273.908806336095,0.0,208.11898821362212,0.0,208.11898821362212,1165.4663339962838,0.0,12714.0,-0.26660719512636083,40.26527770081658
103,103,2025,7NB,7,NB,PM-Late,3,OP,PM,5.6,70,6000,1,8,75,1800,1,4,0.05,0.01,2896.0,0.0,358.0,0.0,0.0,1.0,1.0,1.0,3.66,1.83,0.35502958579881655,0.35502958579881655,30,4.135,0.592,2896.0,0.0,358.0,0.0,0.0,3254.0,3970.0,1.0,1.2,0.41354166666666664,3970.0,0.0,1.0,86.88,1825.9279999999999,0.0,232.70000000000002,0.0,0.0,2115.1,0.170362894,0.8518144699999999,,0.14426957950566155,0.14426959022774857,117.13280599482523,585.6640299741262,68.54603529495479,74.89256684537031,3.7914059595482428,4.486426546091479,4.901815233429419,-0.41538868733793954,0.13948686979830358,263.4258647676136,2545.6941352323865,0.0,0.0,263.4258647676136,2903.6941352323865,8711.08240569716,263.4258647676136,0.14634770264867422,790.2775943028407,4425.554528095908,3619.6941352323865,10859.08240569716,60810.86147190409,3883.12,11649.36,65236.416,0.6471866666666667,0.9540322063999999,4.770161031999999,0.170362894,251.31675898707437,251.31675898707437,0.0,753.9502769612232,753.9502769612232,0.0,790.2775943028407,0.0,790.2775943028407,4425.554528095908,0.0,9762.0,-0.08474180840295042,24.607732351854043
104,104,2025,7SB,7,SB,Night,8,OP,NT,5.6,70,6000,1,8,75,1800,1,4,0.05,0.01,729.0,0.0,90.0,0.0,0.0,1.0,1.0,1.0,3.66,1.83,0.35502958579881655,0.35502958579881655,30,4.103,0.708,729.0,0.0,90.0,0.0,0.0,819.0,999.0,1.0,1.2,0.1040625,999.0,0.0,1.0,21.869999999999997,459.6345,0.0,58.5,0.0,0.0,532.35,0.134223639,0.671118195,,0.16738525354744724,0.16738525352323624,119.8092674287212,599.046337143606,69.99997822409108,74.99931907194504,0.0,4.480040674471768,4.800001493205648,-0.3199608187338798,2.045691737137811e-06,76.93603732165414,630.1939626783459,0.0,0.0,76.93603732165414,720.1939626783459,5761.551701426767,76.93603732165414,0.042742242956474524,615.4882985732331,3446.7344720101055,900.1939626783459,7201.551701426767,40328.689527989896,977.13,7817.04,43775.424,0.162855,0.7516523784,3.7582618919999997,0.134223639,57.8291554374925,57.8291554374925,0.0,462.63324349994,462.63324349994,0.0,615.4882985732331,0.0,615.4882985732331,3446.7344720101055,0.0,6552.0,-0.06665848316647006,25.170014165697733
105,105,2025,7SB,7,SB,AM-Early,1,OP,AM,5.6,70,6000,1,8,75,1800,1,4,0.05,0.01,2298.0,0.0,284.0,0.0,0.0,1.0,1.0,1.0,3.66,1.83,0.35502958579881655,0.35502958579881655,30,4.155,0.715,2298.0,0.0,284.0,0.0,0.0,2582.0,3150.0,1.0,1.2,0.328125,3150.0,0.0,1.0,68.94,1448.8890000000001,0.0,184.6,0.0,0.0,1678.3,0.723063505,3.615317525,,0.010001278227709217,0.010002049301237534,595.6729599288562,2978.3647996442814,69.61279250773724,74.99965384256596,4.267060798370408,4.480020677232828,4.826699057686196,-0.3466783804533682,0.03657770903008816,14.49074201006738,2214.5692579899323,0.0,0.0,14.49074201006738,2498.5692579899323,2498.5692579899323,14.49074201006738,0.008050412227815211,14.49074201006738,81.14815525637732,3066.5692579899323,3066.5692579899323,17172.78784474362,3081.06,3081.06,17253.935999999998,0.51351,4.049155628,20.24577814,0.723063505,58.67526956396037,58.67526956396037,0.0,58.67526956396037,58.67526956396037,0.0,14.49074201006738,0.0,14.49074201006738,81.14815525637732,0.0,2582.0,-0.07182514930184139,125.14137813631436
106,106,2025,7SB,7,SB,AM-Peak,2,Peak,AM,5.6,70,6000,1,8,75,1800,1,4,0.05,0.01,3435.0,0.0,425.0,0.0,0.0,1.0,1.0,1.0,3.66,1.83,0.35502958579881655,0.35502958579881655,30,4.155,0.715,3435.0,0.0,425.0,0.0,0.0,3860.0,4710.0,1.0,1.2,0.490625,4710.0,0.0,1.0,103.05,2165.7675,0.0,276.25,0.0,0.0,2509.0,1.121625976,5.60812988,,0.011283817333094704,0.0112838580584587,325.6043739918334,1628.0218699591671,61.49415862506982,74.9981127073529,9.94140340423425,4.480112737117692,5.463933607882882,-0.9838208707651894,0.9095890427995489,24.438124855953184,3307.511875144047,0.0,0.0,24.438124855953184,3732.511875144047,7465.023750288094,24.438124855953184,0.013576736031085102,48.87624971190637,273.70699838667565,4582.511875144047,9165.023750288094,51324.13300161332,4606.95,9213.9,51597.84,0.767825,6.2811054656,31.405527327999998,1.121625976,153.49843960174275,153.49843960174275,0.0,306.9968792034855,306.9968792034855,0.0,48.87624971190637,0.0,48.87624971190637,273.70699838667565,0.0,7720.0,-0.18005725204014547,68.40428025038518
107,107,2025,7SB,7,SB,AM-Shoulder,1,OP,AM,5.6,70,6000,1,8,75,1800,1,4,0.05,0.01,3333.0,0.0,412.0,0.0,0.0,1.0,1.0,1.0,3.66,1.83,0.35502958579881655,0.35502958579881655,30,4.155,0.715,3333.0,0.0,412.0,0.0,0.0,3745.0,4569.0,1.0,1.2,0.4759375,4569.0,0.0,1.0,99.99,2101.4565000000002,0.0,267.8,0.0,0.0,2434.25,0.621465242,3.10732621,,0.038940807969722276,0.03894081421579466,224.89305452038093,1124.4652726019049,63.76088943550854,74.99219243320735,5.795765356365267,4.480466420544541,5.269688095236655,-0.7892216746921141,0.6434726904742183,81.83241402322469,3151.1775859767754,0.0,0.0,81.83241402322469,3563.1775859767754,3563.1775859767754,81.83241402322469,0.04546245223512482,81.83241402322469,458.2615185300582,4387.177585976775,4387.177585976775,24568.19448146994,4469.009999999999,4469.009999999999,25026.455999999995,0.7448349999999999,3.4802053552,17.401026776,0.621465242,284.79360551257014,284.79360551257014,0.0,284.79360551257014,284.79360551257014,0.0,81.83241402322469,0.0,81.83241402322469,458.2615185300582,0.0,3745.0,-0.14976629744092493,47.24644002529012
108,108,2025,7SB,7,SB,MD,5,OP,MD,5.6,70,6000,1,8,75,1800,1,4,0.05,0.01,2635.0,0.0,326.0,0.0,0.0,1.0,1.0,1.0,3.66,1.83,0.35502958579881655,0.35502958579881655,30,4.136,0.708,2635.0,0.0,326.0,0.0,0.0,2961.0,3613.0,1.0,1.2,0.37635416666666666,3613.0,0.0,1.0,79.05,1661.3674999999998,0.0,211.9,0.0,0.0,1924.65,0.171338014,0.8566900700000001,,0.14043660853219858,0.14043660856800882,134.219800801871,671.099004009355,69.29770948586814,74.93204254275638,3.4921009516422274,4.484063006934286,4.848645106639785,-0.3645820997054994,0.06664379609650593,233.3168172256174,2322.6331827743825,0.0,0.0,233.3168172256174,2648.6331827743825,13243.165913871911,233.3168172256174,0.1296204540142319,1166.584086128087,6532.8708823172865,3300.6331827743825,16503.16591387191,92417.7291176827,3533.95,17669.75,98950.59999999999,0.5889916666666667,0.9594928784,4.797464392,0.171338014,223.86582453893433,223.86582453893433,0.0,1119.3291226946717,1119.3291226946717,0.0,1166.584086128087,0.0,1166.584086128087,6532.8708823172865,0.0,14805.0,-0.07519257270577234,28.197437143250216
109,109,2025,7SB,7,SB,PM-Shoulder,1,OP,PM,5.6,70,6000,1,8,75,1800,1,4,0.05,0.01,2723.0,0.0,336.0,0.0,0.0,1.0,1.0,1.0,3.66,1.83,0.35502958579881655,0.35502958579881655,30,4.135,0.592,2723.0,0.0,336.0,0.0,0.0,3059.0,3731.0,1.0,1.2,0.38864583333333336,3731.0,0.0,1.0,81.69,1716.8515,0.0,218.4,0.0,0.0,1988.3500000000001,0.169862832,0.8493141599999999,,0.11863647024998224,0.11863648106754933,125.79375025018061,628.968751250903,69.01532427232075,74.95264808599953,3.846948311238524,4.482830274581876,4.868483971388887,-0.3856536968070108,0.09382304080277527,203.68120190338738,2437.6287980966126,0.0,0.0,203.68120190338738,2773.6287980966126,2773.6287980966126,203.68120190338738,0.11315622327965966,203.68120190338738,1140.6147306589692,3445.6287980966126,3445.6287980966126,19295.52126934103,3649.31,3649.31,20436.136,0.6082183333333333,0.9512318591999999,4.756159295999999,0.16986283200000002,193.7480483706497,193.7480483706497,0.0,193.7480483706497,193.7480483706497,0.0,203.68120190338738,0.0,203.68120190338738,1140.6147306589692,0.0,3059.0,-0.07921433018439024,26.4272584559203
110,110,2025,7SB,7,SB,PM-Peak,3,Peak,PM,5.6,70,6000,1,8,75,1800,1,4,0.05,0.01,2613.0,0.0,323.0,0.0,0.0,1.0,1.0,1.0,3.66,1.83,0.35502958579881655,0.35502958579881655,30,4.135,0.592,2613.0,0.0,323.0,0.0,0.0,2936.0,3582.0,1.0,1.2,0.373125,3582.0,0.0,1.0,78.39,1647.4965000000002,0.0,209.95000000000002,0.0,0.0,1908.4,0.193009261,0.965046305,,0.07586826157794918,0.0758682666045067,145.99719119791706,729.9859559895854,69.16006100895375,74.98777760100242,6.484484968624579,4.480730203631324,4.858295309434444,-0.37756510580312064,0.07986457392518888,124.99269541075577,2409.617304589244,0.0,0.0,124.99269541075577,2732.617304589244,8197.851913767732,124.99269541075577,0.06944038633930877,374.9780862322673,2099.8772829006966,3378.617304589244,10135.851913767732,56760.770717099294,3503.61,10510.83,58860.647999999994,0.583935,1.0808518615999998,5.404259307999999,0.193009261,135.09858752111714,135.09858752111714,0.0,405.29576256335145,405.29576256335145,0.0,374.9780862322673,0.0,374.9780862322673,2099.8772829006966,0.0,8808.0,-0.07771555283391637,30.671678823091828
111,111,2025,7SB,7,SB,PM-Late,3,OP,PM,5.6,70,6000,1,8,75,1800,1,4,0.05,0.01,2089.0,0.0,258.0,0.0,0.0,1.0,1.0,1.0,3.66,1.83,0.35502958579881655,0.35502958579881655,30,4.135,0.592,2089.0,0.0,258.0,0.0,0.0,2347.0,2863.0,1.0,1.2,0.29822916666666666,2863.0,0.0,1.0,62.669999999999995,1317.1145,0.0,167.70000000000002,0.0,0.0,1525.55,0.148833149,0.744165745,,0.10875253077605265,0.10875253708625668,129.67718660143478,648.3859330071739,69.87544538097423,74.98715888569102,3.0365370522373683,4.480767173912962,4.808556112495084,-0.3277889385821213,0.011721874118265163,143.2395351968352,1883.0904648031647,0.0,0.0,143.2395351968352,2141.0904648031647,6423.271394409494,143.2395351968352,0.07957751955379733,429.7186055905056,2406.4241913068313,2657.0904648031647,7971.271394409494,44639.11980869316,2800.33,8400.99,47045.543999999994,0.46672166666666665,0.8334656344,4.1673281719999995,0.148833149,119.38523007399137,119.38523007399137,0.0,358.1556902219741,358.1556902219741,0.0,429.7186055905056,0.0,429.7186055905056,2406.4241913068313,0.0,7041.0,-0.06816785141185279,27.243106428872856
